family	n_genomes	n_members	is_core	is_single_copy_core	genomes	members
GCF_016899425.1|KEDGBJ_00003	6	6	1	1	GCF_016899425.1;GCF_053038975.1;GCF_053209605.1;GCF_905400185.1;MF6;MF7	GCF_016899425.1|KEDGBJ_00003;GCF_053038975.1|AHCKDM_03244;GCF_053209605.1|GFFINM_03250;GCF_905400185.1|DKPOPA_03281;MF6|CFFIHE_03319;MF7|EFEKAH_00665
GCF_016899425.1|KEDGBJ_00004	6	6	1	1	GCF_016899425.1;GCF_053038975.1;GCF_053209605.1;GCF_905400185.1;MF6;MF7	GCF_016899425.1|KEDGBJ_00004;GCF_053038975.1|AHCKDM_03245;GCF_053209605.1|GFFINM_03251;GCF_905400185.1|DKPOPA_03282;MF6|CFFIHE_03320;MF7|EFEKAH_00664
GCF_016899425.1|KEDGBJ_00005	6	6	1	1	GCF_016899425.1;GCF_053038975.1;GCF_053209605.1;GCF_905400185.1;MF6;MF7	GCF_016899425.1|KEDGBJ_00005;GCF_053038975.1|AHCKDM_03246;GCF_053209605.1|GFFINM_03252;GCF_905400185.1|DKPOPA_03283;MF6|CFFIHE_03321;MF7|EFEKAH_00663
GCF_016899425.1|KEDGBJ_00007	6	6	1	1	GCF_016899425.1;GCF_053038975.1;GCF_053209605.1;GCF_905400185.1;MF6;MF7	GCF_016899425.1|KEDGBJ_00007;GCF_053038975.1|AHCKDM_03248;GCF_053209605.1|GFFINM_03254;GCF_905400185.1|DKPOPA_03285;MF6|CFFIHE_03323;MF7|EFEKAH_00661
GCF_016899425.1|KEDGBJ_00008	6	6	1	1	GCF_016899425.1;GCF_053038975.1;GCF_053209605.1;GCF_905400185.1;MF6;MF7	GCF_016899425.1|KEDGBJ_00008;GCF_053038975.1|AHCKDM_03249;GCF_053209605.1|GFFINM_03255;GCF_905400185.1|DKPOPA_03286;MF6|CFFIHE_03324;MF7|EFEKAH_00660
GCF_016899425.1|KEDGBJ_00009	6	6	1	1	GCF_016899425.1;GCF_053038975.1;GCF_053209605.1;GCF_905400185.1;MF6;MF7	GCF_016899425.1|KEDGBJ_00009;GCF_053038975.1|AHCKDM_03250;GCF_053209605.1|GFFINM_03256;GCF_905400185.1|DKPOPA_03287;MF6|CFFIHE_03325;MF7|EFEKAH_00659
GCF_016899425.1|KEDGBJ_00010	6	6	1	1	GCF_016899425.1;GCF_053038975.1;GCF_053209605.1;GCF_905400185.1;MF6;MF7	GCF_016899425.1|KEDGBJ_00010;GCF_053038975.1|AHCKDM_03251;GCF_053209605.1|GFFINM_03257;GCF_905400185.1|DKPOPA_03288;MF6|CFFIHE_03326;MF7|EFEKAH_00658
GCF_016899425.1|KEDGBJ_00011	6	6	1	1	GCF_016899425.1;GCF_053038975.1;GCF_053209605.1;GCF_905400185.1;MF6;MF7	GCF_016899425.1|KEDGBJ_00011;GCF_053038975.1|AHCKDM_03252;GCF_053209605.1|GFFINM_03258;GCF_905400185.1|DKPOPA_03289;MF6|CFFIHE_03327;MF7|EFEKAH_00657
GCF_016899425.1|KEDGBJ_00012	6	6	1	1	GCF_016899425.1;GCF_053038975.1;GCF_053209605.1;GCF_905400185.1;MF6;MF7	GCF_016899425.1|KEDGBJ_00012;GCF_053038975.1|AHCKDM_03253;GCF_053209605.1|GFFINM_03259;GCF_905400185.1|DKPOPA_03290;MF6|CFFIHE_03328;MF7|EFEKAH_00656
GCF_016899425.1|KEDGBJ_00013	6	6	1	1	GCF_016899425.1;GCF_053038975.1;GCF_053209605.1;GCF_905400185.1;MF6;MF7	GCF_016899425.1|KEDGBJ_00013;GCF_053038975.1|AHCKDM_03254;GCF_053209605.1|GFFINM_03260;GCF_905400185.1|DKPOPA_03291;MF6|CFFIHE_03329;MF7|EFEKAH_00655
GCF_016899425.1|KEDGBJ_00014	6	6	1	1	GCF_016899425.1;GCF_053038975.1;GCF_053209605.1;GCF_905400185.1;MF6;MF7	GCF_016899425.1|KEDGBJ_00014;GCF_053038975.1|AHCKDM_03255;GCF_053209605.1|GFFINM_03261;GCF_905400185.1|DKPOPA_03292;MF6|CFFIHE_03330;MF7|EFEKAH_00654
GCF_016899425.1|KEDGBJ_00016	6	6	1	1	GCF_016899425.1;GCF_053038975.1;GCF_053209605.1;GCF_905400185.1;MF6;MF7	GCF_016899425.1|KEDGBJ_00016;GCF_053038975.1|AHCKDM_03256;GCF_053209605.1|GFFINM_03262;GCF_905400185.1|DKPOPA_03294;MF6|CFFIHE_03332;MF7|EFEKAH_00652
GCF_016899425.1|KEDGBJ_00017	6	6	1	1	GCF_016899425.1;GCF_053038975.1;GCF_053209605.1;GCF_905400185.1;MF6;MF7	GCF_016899425.1|KEDGBJ_00017;GCF_053038975.1|AHCKDM_03258;GCF_053209605.1|GFFINM_03264;GCF_905400185.1|DKPOPA_03295;MF6|CFFIHE_03333;MF7|EFEKAH_00651
GCF_016899425.1|KEDGBJ_00018	6	6	1	1	GCF_016899425.1;GCF_053038975.1;GCF_053209605.1;GCF_905400185.1;MF6;MF7	GCF_016899425.1|KEDGBJ_00018;GCF_053038975.1|AHCKDM_03259;GCF_053209605.1|GFFINM_03265;GCF_905400185.1|DKPOPA_03296;MF6|CFFIHE_03334;MF7|EFEKAH_00650
GCF_016899425.1|KEDGBJ_00019	6	6	1	1	GCF_016899425.1;GCF_053038975.1;GCF_053209605.1;GCF_905400185.1;MF6;MF7	GCF_016899425.1|KEDGBJ_00019;GCF_053038975.1|AHCKDM_03260;GCF_053209605.1|GFFINM_03266;GCF_905400185.1|DKPOPA_03297;MF6|CFFIHE_03335;MF7|EFEKAH_00649
GCF_016899425.1|KEDGBJ_00020	6	6	1	1	GCF_016899425.1;GCF_053038975.1;GCF_053209605.1;GCF_905400185.1;MF6;MF7	GCF_016899425.1|KEDGBJ_00020;GCF_053038975.1|AHCKDM_03261;GCF_053209605.1|GFFINM_03267;GCF_905400185.1|DKPOPA_03298;MF6|CFFIHE_03336;MF7|EFEKAH_00648
GCF_016899425.1|KEDGBJ_00021	6	6	1	1	GCF_016899425.1;GCF_053038975.1;GCF_053209605.1;GCF_905400185.1;MF6;MF7	GCF_016899425.1|KEDGBJ_00021;GCF_053038975.1|AHCKDM_03262;GCF_053209605.1|GFFINM_03268;GCF_905400185.1|DKPOPA_03299;MF6|CFFIHE_03337;MF7|EFEKAH_00647
GCF_016899425.1|KEDGBJ_00022	6	6	1	1	GCF_016899425.1;GCF_053038975.1;GCF_053209605.1;GCF_905400185.1;MF6;MF7	GCF_016899425.1|KEDGBJ_00022;GCF_053038975.1|AHCKDM_03263;GCF_053209605.1|GFFINM_03269;GCF_905400185.1|DKPOPA_03300;MF6|CFFIHE_03338;MF7|EFEKAH_00646
GCF_016899425.1|KEDGBJ_00023	6	6	1	1	GCF_016899425.1;GCF_053038975.1;GCF_053209605.1;GCF_905400185.1;MF6;MF7	GCF_016899425.1|KEDGBJ_00023;GCF_053038975.1|AHCKDM_03264;GCF_053209605.1|GFFINM_03270;GCF_905400185.1|DKPOPA_03301;MF6|CFFIHE_03339;MF7|EFEKAH_00645
GCF_016899425.1|KEDGBJ_00024	6	6	1	1	GCF_016899425.1;GCF_053038975.1;GCF_053209605.1;GCF_905400185.1;MF6;MF7	GCF_016899425.1|KEDGBJ_00024;GCF_053038975.1|AHCKDM_03265;GCF_053209605.1|GFFINM_03271;GCF_905400185.1|DKPOPA_03302;MF6|CFFIHE_03340;MF7|EFEKAH_00644
GCF_016899425.1|KEDGBJ_00025	6	6	1	1	GCF_016899425.1;GCF_053038975.1;GCF_053209605.1;GCF_905400185.1;MF6;MF7	GCF_016899425.1|KEDGBJ_00025;GCF_053038975.1|AHCKDM_03266;GCF_053209605.1|GFFINM_03272;GCF_905400185.1|DKPOPA_03303;MF6|CFFIHE_03341;MF7|EFEKAH_00643
GCF_016899425.1|KEDGBJ_00027	6	6	1	1	GCF_016899425.1;GCF_053038975.1;GCF_053209605.1;GCF_905400185.1;MF6;MF7	GCF_016899425.1|KEDGBJ_00027;GCF_053038975.1|AHCKDM_03268;GCF_053209605.1|GFFINM_03274;GCF_905400185.1|DKPOPA_03305;MF6|CFFIHE_03343;MF7|EFEKAH_00641
GCF_016899425.1|KEDGBJ_00028	6	6	1	1	GCF_016899425.1;GCF_053038975.1;GCF_053209605.1;GCF_905400185.1;MF6;MF7	GCF_016899425.1|KEDGBJ_00028;GCF_053038975.1|AHCKDM_03269;GCF_053209605.1|GFFINM_03275;GCF_905400185.1|DKPOPA_03306;MF6|CFFIHE_03344;MF7|EFEKAH_00640
GCF_016899425.1|KEDGBJ_00029	6	6	1	1	GCF_016899425.1;GCF_053038975.1;GCF_053209605.1;GCF_905400185.1;MF6;MF7	GCF_016899425.1|KEDGBJ_00029;GCF_053038975.1|AHCKDM_03270;GCF_053209605.1|GFFINM_03276;GCF_905400185.1|DKPOPA_03307;MF6|CFFIHE_03345;MF7|EFEKAH_00639
GCF_016899425.1|KEDGBJ_00030	6	6	1	1	GCF_016899425.1;GCF_053038975.1;GCF_053209605.1;GCF_905400185.1;MF6;MF7	GCF_016899425.1|KEDGBJ_00030;GCF_053038975.1|AHCKDM_03271;GCF_053209605.1|GFFINM_03277;GCF_905400185.1|DKPOPA_03308;MF6|CFFIHE_03346;MF7|EFEKAH_00638
GCF_016899425.1|KEDGBJ_00031	6	6	1	1	GCF_016899425.1;GCF_053038975.1;GCF_053209605.1;GCF_905400185.1;MF6;MF7	GCF_016899425.1|KEDGBJ_00031;GCF_053038975.1|AHCKDM_03272;GCF_053209605.1|GFFINM_03278;GCF_905400185.1|DKPOPA_03309;MF6|CFFIHE_03347;MF7|EFEKAH_00637
GCF_016899425.1|KEDGBJ_00033	6	6	1	1	GCF_016899425.1;GCF_053038975.1;GCF_053209605.1;GCF_905400185.1;MF6;MF7	GCF_016899425.1|KEDGBJ_00033;GCF_053038975.1|AHCKDM_03274;GCF_053209605.1|GFFINM_03280;GCF_905400185.1|DKPOPA_03311;MF6|CFFIHE_03349;MF7|EFEKAH_00635
GCF_016899425.1|KEDGBJ_00034	6	6	1	1	GCF_016899425.1;GCF_053038975.1;GCF_053209605.1;GCF_905400185.1;MF6;MF7	GCF_016899425.1|KEDGBJ_00034;GCF_053038975.1|AHCKDM_03275;GCF_053209605.1|GFFINM_03281;GCF_905400185.1|DKPOPA_03312;MF6|CFFIHE_03350;MF7|EFEKAH_00634
GCF_016899425.1|KEDGBJ_00035	4	4	0	0	GCF_016899425.1;GCF_905400185.1;MF6;MF7	GCF_016899425.1|KEDGBJ_00035;GCF_905400185.1|DKPOPA_03313;MF6|CFFIHE_03351;MF7|EFEKAH_00633
GCF_016899425.1|KEDGBJ_00036	6	6	1	1	GCF_016899425.1;GCF_053038975.1;GCF_053209605.1;GCF_905400185.1;MF6;MF7	GCF_016899425.1|KEDGBJ_00036;GCF_053038975.1|AHCKDM_03278;GCF_053209605.1|GFFINM_03284;GCF_905400185.1|DKPOPA_03314;MF6|CFFIHE_03352;MF7|EFEKAH_00632
GCF_016899425.1|KEDGBJ_00037	6	6	1	1	GCF_016899425.1;GCF_053038975.1;GCF_053209605.1;GCF_905400185.1;MF6;MF7	GCF_016899425.1|KEDGBJ_00037;GCF_053038975.1|AHCKDM_03279;GCF_053209605.1|GFFINM_03285;GCF_905400185.1|DKPOPA_03315;MF6|CFFIHE_03353;MF7|EFEKAH_00631
GCF_016899425.1|KEDGBJ_00038	6	6	1	1	GCF_016899425.1;GCF_053038975.1;GCF_053209605.1;GCF_905400185.1;MF6;MF7	GCF_016899425.1|KEDGBJ_00038;GCF_053038975.1|AHCKDM_03280;GCF_053209605.1|GFFINM_03286;GCF_905400185.1|DKPOPA_03316;MF6|CFFIHE_03354;MF7|EFEKAH_00630
GCF_016899425.1|KEDGBJ_00039	6	6	1	1	GCF_016899425.1;GCF_053038975.1;GCF_053209605.1;GCF_905400185.1;MF6;MF7	GCF_016899425.1|KEDGBJ_00039;GCF_053038975.1|AHCKDM_03281;GCF_053209605.1|GFFINM_03287;GCF_905400185.1|DKPOPA_03317;MF6|CFFIHE_03355;MF7|EFEKAH_00629
GCF_016899425.1|KEDGBJ_00040	6	6	1	1	GCF_016899425.1;GCF_053038975.1;GCF_053209605.1;GCF_905400185.1;MF6;MF7	GCF_016899425.1|KEDGBJ_00040;GCF_053038975.1|AHCKDM_03282;GCF_053209605.1|GFFINM_03288;GCF_905400185.1|DKPOPA_03318;MF6|CFFIHE_03356;MF7|EFEKAH_00628
GCF_016899425.1|KEDGBJ_00041	6	6	1	1	GCF_016899425.1;GCF_053038975.1;GCF_053209605.1;GCF_905400185.1;MF6;MF7	GCF_016899425.1|KEDGBJ_00041;GCF_053038975.1|AHCKDM_03283;GCF_053209605.1|GFFINM_03289;GCF_905400185.1|DKPOPA_03319;MF6|CFFIHE_03357;MF7|EFEKAH_00627
GCF_016899425.1|KEDGBJ_00042	6	6	1	1	GCF_016899425.1;GCF_053038975.1;GCF_053209605.1;GCF_905400185.1;MF6;MF7	GCF_016899425.1|KEDGBJ_00042;GCF_053038975.1|AHCKDM_00001;GCF_053209605.1|GFFINM_00001;GCF_905400185.1|DKPOPA_00001;MF6|CFFIHE_00001;MF7|EFEKAH_00626
GCF_016899425.1|KEDGBJ_00043	6	6	1	1	GCF_016899425.1;GCF_053038975.1;GCF_053209605.1;GCF_905400185.1;MF6;MF7	GCF_016899425.1|KEDGBJ_00043;GCF_053038975.1|AHCKDM_00002;GCF_053209605.1|GFFINM_00002;GCF_905400185.1|DKPOPA_00002;MF6|CFFIHE_00002;MF7|EFEKAH_00625
GCF_016899425.1|KEDGBJ_00044	6	6	1	1	GCF_016899425.1;GCF_053038975.1;GCF_053209605.1;GCF_905400185.1;MF6;MF7	GCF_016899425.1|KEDGBJ_00044;GCF_053038975.1|AHCKDM_00003;GCF_053209605.1|GFFINM_00003;GCF_905400185.1|DKPOPA_00003;MF6|CFFIHE_00003;MF7|EFEKAH_00624
GCF_016899425.1|KEDGBJ_00045	1	1	0	0	GCF_016899425.1	GCF_016899425.1|KEDGBJ_00045
GCF_016899425.1|KEDGBJ_00046	1	1	0	0	GCF_016899425.1	GCF_016899425.1|KEDGBJ_00046
GCF_016899425.1|KEDGBJ_00047	1	1	0	0	GCF_016899425.1	GCF_016899425.1|KEDGBJ_00047
GCF_016899425.1|KEDGBJ_00048	1	1	0	0	GCF_016899425.1	GCF_016899425.1|KEDGBJ_00048
GCF_016899425.1|KEDGBJ_00049	1	1	0	0	GCF_016899425.1	GCF_016899425.1|KEDGBJ_00049
GCF_016899425.1|KEDGBJ_00050	1	1	0	0	GCF_016899425.1	GCF_016899425.1|KEDGBJ_00050
GCF_016899425.1|KEDGBJ_00051	1	1	0	0	GCF_016899425.1	GCF_016899425.1|KEDGBJ_00051
GCF_016899425.1|KEDGBJ_00052	1	1	0	0	GCF_016899425.1	GCF_016899425.1|KEDGBJ_00052
GCF_016899425.1|KEDGBJ_00053	1	1	0	0	GCF_016899425.1	GCF_016899425.1|KEDGBJ_00053
GCF_016899425.1|KEDGBJ_00054	1	1	0	0	GCF_016899425.1	GCF_016899425.1|KEDGBJ_00054
GCF_016899425.1|KEDGBJ_00055	1	1	0	0	GCF_016899425.1	GCF_016899425.1|KEDGBJ_00055
GCF_016899425.1|KEDGBJ_00056	1	1	0	0	GCF_016899425.1	GCF_016899425.1|KEDGBJ_00056
GCF_016899425.1|KEDGBJ_00057	1	1	0	0	GCF_016899425.1	GCF_016899425.1|KEDGBJ_00057
GCF_016899425.1|KEDGBJ_00058	4	4	0	0	GCF_016899425.1;GCF_905400185.1;MF6;MF7	GCF_016899425.1|KEDGBJ_00058;GCF_905400185.1|DKPOPA_00012;MF6|CFFIHE_00011;MF7|EFEKAH_00616
GCF_016899425.1|KEDGBJ_00062	6	6	1	1	GCF_016899425.1;GCF_053038975.1;GCF_053209605.1;GCF_905400185.1;MF6;MF7	GCF_016899425.1|KEDGBJ_00062;GCF_053038975.1|AHCKDM_00032;GCF_053209605.1|GFFINM_00032;GCF_905400185.1|DKPOPA_00016;MF6|CFFIHE_00015;MF7|EFEKAH_01674
GCF_016899425.1|KEDGBJ_00063	6	6	1	1	GCF_016899425.1;GCF_053038975.1;GCF_053209605.1;GCF_905400185.1;MF6;MF7	GCF_016899425.1|KEDGBJ_00063;GCF_053038975.1|AHCKDM_00033;GCF_053209605.1|GFFINM_00033;GCF_905400185.1|DKPOPA_00017;MF6|CFFIHE_00016;MF7|EFEKAH_01675
GCF_016899425.1|KEDGBJ_00064	6	6	1	1	GCF_016899425.1;GCF_053038975.1;GCF_053209605.1;GCF_905400185.1;MF6;MF7	GCF_016899425.1|KEDGBJ_00064;GCF_053038975.1|AHCKDM_00034;GCF_053209605.1|GFFINM_00034;GCF_905400185.1|DKPOPA_00018;MF6|CFFIHE_00017;MF7|EFEKAH_01676
GCF_016899425.1|KEDGBJ_00065	6	6	1	1	GCF_016899425.1;GCF_053038975.1;GCF_053209605.1;GCF_905400185.1;MF6;MF7	GCF_016899425.1|KEDGBJ_00065;GCF_053038975.1|AHCKDM_00035;GCF_053209605.1|GFFINM_00035;GCF_905400185.1|DKPOPA_00019;MF6|CFFIHE_00018;MF7|EFEKAH_01677
GCF_016899425.1|KEDGBJ_00066	4	4	0	0	GCF_016899425.1;GCF_905400185.1;MF6;MF7	GCF_016899425.1|KEDGBJ_00066;GCF_905400185.1|DKPOPA_00020;MF6|CFFIHE_00019;MF7|EFEKAH_01678
GCF_016899425.1|KEDGBJ_00067	4	4	0	0	GCF_016899425.1;GCF_905400185.1;MF6;MF7	GCF_016899425.1|KEDGBJ_00067;GCF_905400185.1|DKPOPA_00021;MF6|CFFIHE_00020;MF7|EFEKAH_01679
GCF_016899425.1|KEDGBJ_00068	4	4	0	0	GCF_016899425.1;GCF_905400185.1;MF6;MF7	GCF_016899425.1|KEDGBJ_00068;GCF_905400185.1|DKPOPA_00022;MF6|CFFIHE_00021;MF7|EFEKAH_01680
GCF_016899425.1|KEDGBJ_00070	6	6	1	1	GCF_016899425.1;GCF_053038975.1;GCF_053209605.1;GCF_905400185.1;MF6;MF7	GCF_016899425.1|KEDGBJ_00070;GCF_053038975.1|AHCKDM_00039;GCF_053209605.1|GFFINM_00039;GCF_905400185.1|DKPOPA_00024;MF6|CFFIHE_00023;MF7|EFEKAH_01682
GCF_016899425.1|KEDGBJ_00071	6	6	1	1	GCF_016899425.1;GCF_053038975.1;GCF_053209605.1;GCF_905400185.1;MF6;MF7	GCF_016899425.1|KEDGBJ_00071;GCF_053038975.1|AHCKDM_00040;GCF_053209605.1|GFFINM_00040;GCF_905400185.1|DKPOPA_00025;MF6|CFFIHE_00024;MF7|EFEKAH_01683
GCF_016899425.1|KEDGBJ_00072	6	6	1	1	GCF_016899425.1;GCF_053038975.1;GCF_053209605.1;GCF_905400185.1;MF6;MF7	GCF_016899425.1|KEDGBJ_00072;GCF_053038975.1|AHCKDM_00041;GCF_053209605.1|GFFINM_00041;GCF_905400185.1|DKPOPA_00026;MF6|CFFIHE_00025;MF7|EFEKAH_01684
GCF_016899425.1|KEDGBJ_00073	6	6	1	1	GCF_016899425.1;GCF_053038975.1;GCF_053209605.1;GCF_905400185.1;MF6;MF7	GCF_016899425.1|KEDGBJ_00073;GCF_053038975.1|AHCKDM_00042;GCF_053209605.1|GFFINM_00042;GCF_905400185.1|DKPOPA_00027;MF6|CFFIHE_00026;MF7|EFEKAH_01685
GCF_016899425.1|KEDGBJ_00074	6	6	1	1	GCF_016899425.1;GCF_053038975.1;GCF_053209605.1;GCF_905400185.1;MF6;MF7	GCF_016899425.1|KEDGBJ_00074;GCF_053038975.1|AHCKDM_00043;GCF_053209605.1|GFFINM_00043;GCF_905400185.1|DKPOPA_00028;MF6|CFFIHE_00027;MF7|EFEKAH_01686
GCF_016899425.1|KEDGBJ_00075	6	6	1	1	GCF_016899425.1;GCF_053038975.1;GCF_053209605.1;GCF_905400185.1;MF6;MF7	GCF_016899425.1|KEDGBJ_00075;GCF_053038975.1|AHCKDM_00044;GCF_053209605.1|GFFINM_00044;GCF_905400185.1|DKPOPA_00029;MF6|CFFIHE_00028;MF7|EFEKAH_01687
GCF_016899425.1|KEDGBJ_00076	6	6	1	1	GCF_016899425.1;GCF_053038975.1;GCF_053209605.1;GCF_905400185.1;MF6;MF7	GCF_016899425.1|KEDGBJ_00076;GCF_053038975.1|AHCKDM_00045;GCF_053209605.1|GFFINM_00045;GCF_905400185.1|DKPOPA_00030;MF6|CFFIHE_00029;MF7|EFEKAH_01688
GCF_016899425.1|KEDGBJ_00078	6	6	1	1	GCF_016899425.1;GCF_053038975.1;GCF_053209605.1;GCF_905400185.1;MF6;MF7	GCF_016899425.1|KEDGBJ_00078;GCF_053038975.1|AHCKDM_00047;GCF_053209605.1|GFFINM_00047;GCF_905400185.1|DKPOPA_00032;MF6|CFFIHE_00031;MF7|EFEKAH_01690
GCF_016899425.1|KEDGBJ_00079	6	6	1	1	GCF_016899425.1;GCF_053038975.1;GCF_053209605.1;GCF_905400185.1;MF6;MF7	GCF_016899425.1|KEDGBJ_00079;GCF_053038975.1|AHCKDM_00048;GCF_053209605.1|GFFINM_00048;GCF_905400185.1|DKPOPA_00033;MF6|CFFIHE_00032;MF7|EFEKAH_01691
GCF_016899425.1|KEDGBJ_00080	3	3	0	0	GCF_016899425.1;MF6;MF7	GCF_016899425.1|KEDGBJ_00080;MF6|CFFIHE_00033;MF7|EFEKAH_01692
GCF_016899425.1|KEDGBJ_00081	3	3	0	0	GCF_016899425.1;MF6;MF7	GCF_016899425.1|KEDGBJ_00081;MF6|CFFIHE_00034;MF7|EFEKAH_01693
GCF_016899425.1|KEDGBJ_00082	3	3	0	0	GCF_016899425.1;MF6;MF7	GCF_016899425.1|KEDGBJ_00082;MF6|CFFIHE_00035;MF7|EFEKAH_01694
GCF_016899425.1|KEDGBJ_00083	3	3	0	0	GCF_016899425.1;MF6;MF7	GCF_016899425.1|KEDGBJ_00083;MF6|CFFIHE_00036;MF7|EFEKAH_01695
GCF_016899425.1|KEDGBJ_00084	3	3	0	0	GCF_016899425.1;MF6;MF7	GCF_016899425.1|KEDGBJ_00084;MF6|CFFIHE_00037;MF7|EFEKAH_01696
GCF_016899425.1|KEDGBJ_00085	3	3	0	0	GCF_016899425.1;MF6;MF7	GCF_016899425.1|KEDGBJ_00085;MF6|CFFIHE_00038;MF7|EFEKAH_01697
GCF_016899425.1|KEDGBJ_00086	6	6	1	1	GCF_016899425.1;GCF_053038975.1;GCF_053209605.1;GCF_905400185.1;MF6;MF7	GCF_016899425.1|KEDGBJ_00086;GCF_053038975.1|AHCKDM_00049;GCF_053209605.1|GFFINM_00049;GCF_905400185.1|DKPOPA_00034;MF6|CFFIHE_00039;MF7|EFEKAH_01698
GCF_016899425.1|KEDGBJ_00087	6	6	1	1	GCF_016899425.1;GCF_053038975.1;GCF_053209605.1;GCF_905400185.1;MF6;MF7	GCF_016899425.1|KEDGBJ_00087;GCF_053038975.1|AHCKDM_00050;GCF_053209605.1|GFFINM_00050;GCF_905400185.1|DKPOPA_00035;MF6|CFFIHE_00040;MF7|EFEKAH_01699
GCF_016899425.1|KEDGBJ_00088	6	6	1	1	GCF_016899425.1;GCF_053038975.1;GCF_053209605.1;GCF_905400185.1;MF6;MF7	GCF_016899425.1|KEDGBJ_00088;GCF_053038975.1|AHCKDM_00051;GCF_053209605.1|GFFINM_00051;GCF_905400185.1|DKPOPA_00036;MF6|CFFIHE_00041;MF7|EFEKAH_01700
GCF_016899425.1|KEDGBJ_00089	6	6	1	1	GCF_016899425.1;GCF_053038975.1;GCF_053209605.1;GCF_905400185.1;MF6;MF7	GCF_016899425.1|KEDGBJ_00089;GCF_053038975.1|AHCKDM_00052;GCF_053209605.1|GFFINM_00052;GCF_905400185.1|DKPOPA_00037;MF6|CFFIHE_00042;MF7|EFEKAH_01701
GCF_016899425.1|KEDGBJ_00090	6	6	1	1	GCF_016899425.1;GCF_053038975.1;GCF_053209605.1;GCF_905400185.1;MF6;MF7	GCF_016899425.1|KEDGBJ_00090;GCF_053038975.1|AHCKDM_00053;GCF_053209605.1|GFFINM_00053;GCF_905400185.1|DKPOPA_00038;MF6|CFFIHE_00043;MF7|EFEKAH_01702
GCF_016899425.1|KEDGBJ_00091	6	6	1	1	GCF_016899425.1;GCF_053038975.1;GCF_053209605.1;GCF_905400185.1;MF6;MF7	GCF_016899425.1|KEDGBJ_00091;GCF_053038975.1|AHCKDM_00054;GCF_053209605.1|GFFINM_00054;GCF_905400185.1|DKPOPA_00039;MF6|CFFIHE_00044;MF7|EFEKAH_01703
GCF_016899425.1|KEDGBJ_00092	6	6	1	1	GCF_016899425.1;GCF_053038975.1;GCF_053209605.1;GCF_905400185.1;MF6;MF7	GCF_016899425.1|KEDGBJ_00092;GCF_053038975.1|AHCKDM_00055;GCF_053209605.1|GFFINM_00055;GCF_905400185.1|DKPOPA_00040;MF6|CFFIHE_00045;MF7|EFEKAH_01704
GCF_016899425.1|KEDGBJ_00093	6	6	1	1	GCF_016899425.1;GCF_053038975.1;GCF_053209605.1;GCF_905400185.1;MF6;MF7	GCF_016899425.1|KEDGBJ_00093;GCF_053038975.1|AHCKDM_00056;GCF_053209605.1|GFFINM_00056;GCF_905400185.1|DKPOPA_00041;MF6|CFFIHE_00046;MF7|EFEKAH_01705
GCF_016899425.1|KEDGBJ_00094	6	6	1	1	GCF_016899425.1;GCF_053038975.1;GCF_053209605.1;GCF_905400185.1;MF6;MF7	GCF_016899425.1|KEDGBJ_00094;GCF_053038975.1|AHCKDM_00057;GCF_053209605.1|GFFINM_00057;GCF_905400185.1|DKPOPA_00042;MF6|CFFIHE_00047;MF7|EFEKAH_01706
GCF_016899425.1|KEDGBJ_00095	6	6	1	1	GCF_016899425.1;GCF_053038975.1;GCF_053209605.1;GCF_905400185.1;MF6;MF7	GCF_016899425.1|KEDGBJ_00095;GCF_053038975.1|AHCKDM_00058;GCF_053209605.1|GFFINM_00058;GCF_905400185.1|DKPOPA_00043;MF6|CFFIHE_00048;MF7|EFEKAH_01707
GCF_016899425.1|KEDGBJ_00096	4	4	0	0	GCF_016899425.1;GCF_905400185.1;MF6;MF7	GCF_016899425.1|KEDGBJ_00096;GCF_905400185.1|DKPOPA_00044;MF6|CFFIHE_00049;MF7|EFEKAH_01708
GCF_016899425.1|KEDGBJ_00097	4	4	0	0	GCF_016899425.1;GCF_905400185.1;MF6;MF7	GCF_016899425.1|KEDGBJ_00097;GCF_905400185.1|DKPOPA_00045;MF6|CFFIHE_00050;MF7|EFEKAH_01709
GCF_016899425.1|KEDGBJ_00099	6	6	1	1	GCF_016899425.1;GCF_053038975.1;GCF_053209605.1;GCF_905400185.1;MF6;MF7	GCF_016899425.1|KEDGBJ_00099;GCF_053038975.1|AHCKDM_00061;GCF_053209605.1|GFFINM_00061;GCF_905400185.1|DKPOPA_00047;MF6|CFFIHE_00052;MF7|EFEKAH_01711
GCF_016899425.1|KEDGBJ_00102	6	6	1	1	GCF_016899425.1;GCF_053038975.1;GCF_053209605.1;GCF_905400185.1;MF6;MF7	GCF_016899425.1|KEDGBJ_00102;GCF_053038975.1|AHCKDM_00064;GCF_053209605.1|GFFINM_00064;GCF_905400185.1|DKPOPA_00050;MF6|CFFIHE_00055;MF7|EFEKAH_01714
GCF_016899425.1|KEDGBJ_00103	6	6	1	1	GCF_016899425.1;GCF_053038975.1;GCF_053209605.1;GCF_905400185.1;MF6;MF7	GCF_016899425.1|KEDGBJ_00103;GCF_053038975.1|AHCKDM_00065;GCF_053209605.1|GFFINM_00065;GCF_905400185.1|DKPOPA_00051;MF6|CFFIHE_00056;MF7|EFEKAH_01715
GCF_016899425.1|KEDGBJ_00104	6	6	1	1	GCF_016899425.1;GCF_053038975.1;GCF_053209605.1;GCF_905400185.1;MF6;MF7	GCF_016899425.1|KEDGBJ_00104;GCF_053038975.1|AHCKDM_00066;GCF_053209605.1|GFFINM_00066;GCF_905400185.1|DKPOPA_00052;MF6|CFFIHE_00057;MF7|EFEKAH_01716
GCF_016899425.1|KEDGBJ_00105	6	6	1	1	GCF_016899425.1;GCF_053038975.1;GCF_053209605.1;GCF_905400185.1;MF6;MF7	GCF_016899425.1|KEDGBJ_00105;GCF_053038975.1|AHCKDM_00067;GCF_053209605.1|GFFINM_00067;GCF_905400185.1|DKPOPA_00053;MF6|CFFIHE_00058;MF7|EFEKAH_01717
GCF_016899425.1|KEDGBJ_00106	6	6	1	1	GCF_016899425.1;GCF_053038975.1;GCF_053209605.1;GCF_905400185.1;MF6;MF7	GCF_016899425.1|KEDGBJ_00106;GCF_053038975.1|AHCKDM_00068;GCF_053209605.1|GFFINM_00068;GCF_905400185.1|DKPOPA_00054;MF6|CFFIHE_00059;MF7|EFEKAH_01718
GCF_016899425.1|KEDGBJ_00107	6	6	1	1	GCF_016899425.1;GCF_053038975.1;GCF_053209605.1;GCF_905400185.1;MF6;MF7	GCF_016899425.1|KEDGBJ_00107;GCF_053038975.1|AHCKDM_00069;GCF_053209605.1|GFFINM_00069;GCF_905400185.1|DKPOPA_00055;MF6|CFFIHE_00060;MF7|EFEKAH_01719
GCF_016899425.1|KEDGBJ_00109	6	6	1	1	GCF_016899425.1;GCF_053038975.1;GCF_053209605.1;GCF_905400185.1;MF6;MF7	GCF_016899425.1|KEDGBJ_00109;GCF_053038975.1|AHCKDM_00071;GCF_053209605.1|GFFINM_00071;GCF_905400185.1|DKPOPA_00057;MF6|CFFIHE_00062;MF7|EFEKAH_01721
GCF_016899425.1|KEDGBJ_00110	6	6	1	1	GCF_016899425.1;GCF_053038975.1;GCF_053209605.1;GCF_905400185.1;MF6;MF7	GCF_016899425.1|KEDGBJ_00110;GCF_053038975.1|AHCKDM_00072;GCF_053209605.1|GFFINM_00072;GCF_905400185.1|DKPOPA_00058;MF6|CFFIHE_00063;MF7|EFEKAH_01722
GCF_016899425.1|KEDGBJ_00111	6	6	1	1	GCF_016899425.1;GCF_053038975.1;GCF_053209605.1;GCF_905400185.1;MF6;MF7	GCF_016899425.1|KEDGBJ_00111;GCF_053038975.1|AHCKDM_00073;GCF_053209605.1|GFFINM_00073;GCF_905400185.1|DKPOPA_00059;MF6|CFFIHE_00064;MF7|EFEKAH_01723
GCF_016899425.1|KEDGBJ_00112	6	6	1	1	GCF_016899425.1;GCF_053038975.1;GCF_053209605.1;GCF_905400185.1;MF6;MF7	GCF_016899425.1|KEDGBJ_00112;GCF_053038975.1|AHCKDM_00074;GCF_053209605.1|GFFINM_00074;GCF_905400185.1|DKPOPA_00060;MF6|CFFIHE_00065;MF7|EFEKAH_01724
GCF_016899425.1|KEDGBJ_00113	6	6	1	1	GCF_016899425.1;GCF_053038975.1;GCF_053209605.1;GCF_905400185.1;MF6;MF7	GCF_016899425.1|KEDGBJ_00113;GCF_053038975.1|AHCKDM_00075;GCF_053209605.1|GFFINM_00075;GCF_905400185.1|DKPOPA_00061;MF6|CFFIHE_00066;MF7|EFEKAH_01725
GCF_016899425.1|KEDGBJ_00115	6	6	1	1	GCF_016899425.1;GCF_053038975.1;GCF_053209605.1;GCF_905400185.1;MF6;MF7	GCF_016899425.1|KEDGBJ_00115;GCF_053038975.1|AHCKDM_00077;GCF_053209605.1|GFFINM_00077;GCF_905400185.1|DKPOPA_00063;MF6|CFFIHE_00068;MF7|EFEKAH_01727
GCF_016899425.1|KEDGBJ_00116	6	6	1	1	GCF_016899425.1;GCF_053038975.1;GCF_053209605.1;GCF_905400185.1;MF6;MF7	GCF_016899425.1|KEDGBJ_00116;GCF_053038975.1|AHCKDM_00078;GCF_053209605.1|GFFINM_00078;GCF_905400185.1|DKPOPA_00064;MF6|CFFIHE_00069;MF7|EFEKAH_01728
GCF_016899425.1|KEDGBJ_00117	6	6	1	1	GCF_016899425.1;GCF_053038975.1;GCF_053209605.1;GCF_905400185.1;MF6;MF7	GCF_016899425.1|KEDGBJ_00117;GCF_053038975.1|AHCKDM_00079;GCF_053209605.1|GFFINM_00079;GCF_905400185.1|DKPOPA_00065;MF6|CFFIHE_00070;MF7|EFEKAH_01729
GCF_016899425.1|KEDGBJ_00118	6	6	1	1	GCF_016899425.1;GCF_053038975.1;GCF_053209605.1;GCF_905400185.1;MF6;MF7	GCF_016899425.1|KEDGBJ_00118;GCF_053038975.1|AHCKDM_00080;GCF_053209605.1|GFFINM_00080;GCF_905400185.1|DKPOPA_00066;MF6|CFFIHE_00071;MF7|EFEKAH_01730
GCF_016899425.1|KEDGBJ_00119	6	6	1	1	GCF_016899425.1;GCF_053038975.1;GCF_053209605.1;GCF_905400185.1;MF6;MF7	GCF_016899425.1|KEDGBJ_00119;GCF_053038975.1|AHCKDM_00081;GCF_053209605.1|GFFINM_00081;GCF_905400185.1|DKPOPA_00067;MF6|CFFIHE_00072;MF7|EFEKAH_01731
GCF_016899425.1|KEDGBJ_00121	6	6	1	1	GCF_016899425.1;GCF_053038975.1;GCF_053209605.1;GCF_905400185.1;MF6;MF7	GCF_016899425.1|KEDGBJ_00121;GCF_053038975.1|AHCKDM_00083;GCF_053209605.1|GFFINM_00083;GCF_905400185.1|DKPOPA_00069;MF6|CFFIHE_00074;MF7|EFEKAH_01733
GCF_016899425.1|KEDGBJ_00122	6	6	1	1	GCF_016899425.1;GCF_053038975.1;GCF_053209605.1;GCF_905400185.1;MF6;MF7	GCF_016899425.1|KEDGBJ_00122;GCF_053038975.1|AHCKDM_00084;GCF_053209605.1|GFFINM_00084;GCF_905400185.1|DKPOPA_00070;MF6|CFFIHE_00075;MF7|EFEKAH_01734
GCF_016899425.1|KEDGBJ_00123	6	6	1	1	GCF_016899425.1;GCF_053038975.1;GCF_053209605.1;GCF_905400185.1;MF6;MF7	GCF_016899425.1|KEDGBJ_00123;GCF_053038975.1|AHCKDM_00085;GCF_053209605.1|GFFINM_00085;GCF_905400185.1|DKPOPA_00071;MF6|CFFIHE_00076;MF7|EFEKAH_01735
GCF_016899425.1|KEDGBJ_00124	6	6	1	1	GCF_016899425.1;GCF_053038975.1;GCF_053209605.1;GCF_905400185.1;MF6;MF7	GCF_016899425.1|KEDGBJ_00124;GCF_053038975.1|AHCKDM_00086;GCF_053209605.1|GFFINM_00086;GCF_905400185.1|DKPOPA_00072;MF6|CFFIHE_00077;MF7|EFEKAH_01736
GCF_016899425.1|KEDGBJ_00125	6	6	1	1	GCF_016899425.1;GCF_053038975.1;GCF_053209605.1;GCF_905400185.1;MF6;MF7	GCF_016899425.1|KEDGBJ_00125;GCF_053038975.1|AHCKDM_00087;GCF_053209605.1|GFFINM_00087;GCF_905400185.1|DKPOPA_00073;MF6|CFFIHE_00078;MF7|EFEKAH_01737
GCF_016899425.1|KEDGBJ_00126	6	6	1	1	GCF_016899425.1;GCF_053038975.1;GCF_053209605.1;GCF_905400185.1;MF6;MF7	GCF_016899425.1|KEDGBJ_00126;GCF_053038975.1|AHCKDM_00088;GCF_053209605.1|GFFINM_00088;GCF_905400185.1|DKPOPA_00074;MF6|CFFIHE_00079;MF7|EFEKAH_01738
GCF_016899425.1|KEDGBJ_00127	6	6	1	1	GCF_016899425.1;GCF_053038975.1;GCF_053209605.1;GCF_905400185.1;MF6;MF7	GCF_016899425.1|KEDGBJ_00127;GCF_053038975.1|AHCKDM_00089;GCF_053209605.1|GFFINM_00089;GCF_905400185.1|DKPOPA_00075;MF6|CFFIHE_00080;MF7|EFEKAH_01739
GCF_016899425.1|KEDGBJ_00128	6	6	1	1	GCF_016899425.1;GCF_053038975.1;GCF_053209605.1;GCF_905400185.1;MF6;MF7	GCF_016899425.1|KEDGBJ_00128;GCF_053038975.1|AHCKDM_00090;GCF_053209605.1|GFFINM_00090;GCF_905400185.1|DKPOPA_00076;MF6|CFFIHE_00081;MF7|EFEKAH_01740
GCF_016899425.1|KEDGBJ_00129	6	6	1	1	GCF_016899425.1;GCF_053038975.1;GCF_053209605.1;GCF_905400185.1;MF6;MF7	GCF_016899425.1|KEDGBJ_00129;GCF_053038975.1|AHCKDM_00091;GCF_053209605.1|GFFINM_00091;GCF_905400185.1|DKPOPA_00077;MF6|CFFIHE_00082;MF7|EFEKAH_01741
GCF_016899425.1|KEDGBJ_00130	6	6	1	1	GCF_016899425.1;GCF_053038975.1;GCF_053209605.1;GCF_905400185.1;MF6;MF7	GCF_016899425.1|KEDGBJ_00130;GCF_053038975.1|AHCKDM_00092;GCF_053209605.1|GFFINM_00092;GCF_905400185.1|DKPOPA_00078;MF6|CFFIHE_00083;MF7|EFEKAH_01742
GCF_016899425.1|KEDGBJ_00131	6	6	1	1	GCF_016899425.1;GCF_053038975.1;GCF_053209605.1;GCF_905400185.1;MF6;MF7	GCF_016899425.1|KEDGBJ_00131;GCF_053038975.1|AHCKDM_00093;GCF_053209605.1|GFFINM_00093;GCF_905400185.1|DKPOPA_00079;MF6|CFFIHE_00084;MF7|EFEKAH_01743
GCF_016899425.1|KEDGBJ_00132	6	6	1	1	GCF_016899425.1;GCF_053038975.1;GCF_053209605.1;GCF_905400185.1;MF6;MF7	GCF_016899425.1|KEDGBJ_00132;GCF_053038975.1|AHCKDM_00094;GCF_053209605.1|GFFINM_00094;GCF_905400185.1|DKPOPA_00080;MF6|CFFIHE_00085;MF7|EFEKAH_01744
GCF_016899425.1|KEDGBJ_00133	6	6	1	1	GCF_016899425.1;GCF_053038975.1;GCF_053209605.1;GCF_905400185.1;MF6;MF7	GCF_016899425.1|KEDGBJ_00133;GCF_053038975.1|AHCKDM_00095;GCF_053209605.1|GFFINM_00095;GCF_905400185.1|DKPOPA_00081;MF6|CFFIHE_00086;MF7|EFEKAH_01745
GCF_016899425.1|KEDGBJ_00134	6	6	1	1	GCF_016899425.1;GCF_053038975.1;GCF_053209605.1;GCF_905400185.1;MF6;MF7	GCF_016899425.1|KEDGBJ_00134;GCF_053038975.1|AHCKDM_00096;GCF_053209605.1|GFFINM_00096;GCF_905400185.1|DKPOPA_00082;MF6|CFFIHE_00087;MF7|EFEKAH_01746
GCF_016899425.1|KEDGBJ_00135	6	6	1	1	GCF_016899425.1;GCF_053038975.1;GCF_053209605.1;GCF_905400185.1;MF6;MF7	GCF_016899425.1|KEDGBJ_00135;GCF_053038975.1|AHCKDM_00097;GCF_053209605.1|GFFINM_00097;GCF_905400185.1|DKPOPA_00083;MF6|CFFIHE_00088;MF7|EFEKAH_01747
GCF_016899425.1|KEDGBJ_00136	6	6	1	1	GCF_016899425.1;GCF_053038975.1;GCF_053209605.1;GCF_905400185.1;MF6;MF7	GCF_016899425.1|KEDGBJ_00136;GCF_053038975.1|AHCKDM_00098;GCF_053209605.1|GFFINM_00098;GCF_905400185.1|DKPOPA_00084;MF6|CFFIHE_00089;MF7|EFEKAH_01748
GCF_016899425.1|KEDGBJ_00137	6	6	1	1	GCF_016899425.1;GCF_053038975.1;GCF_053209605.1;GCF_905400185.1;MF6;MF7	GCF_016899425.1|KEDGBJ_00137;GCF_053038975.1|AHCKDM_00099;GCF_053209605.1|GFFINM_00099;GCF_905400185.1|DKPOPA_00085;MF6|CFFIHE_00090;MF7|EFEKAH_01749
GCF_016899425.1|KEDGBJ_00139	6	6	1	1	GCF_016899425.1;GCF_053038975.1;GCF_053209605.1;GCF_905400185.1;MF6;MF7	GCF_016899425.1|KEDGBJ_00139;GCF_053038975.1|AHCKDM_00101;GCF_053209605.1|GFFINM_00101;GCF_905400185.1|DKPOPA_00087;MF6|CFFIHE_00092;MF7|EFEKAH_01751
GCF_016899425.1|KEDGBJ_00140	6	6	1	1	GCF_016899425.1;GCF_053038975.1;GCF_053209605.1;GCF_905400185.1;MF6;MF7	GCF_016899425.1|KEDGBJ_00140;GCF_053038975.1|AHCKDM_00102;GCF_053209605.1|GFFINM_00102;GCF_905400185.1|DKPOPA_00088;MF6|CFFIHE_00093;MF7|EFEKAH_01752
GCF_016899425.1|KEDGBJ_00141	6	6	1	1	GCF_016899425.1;GCF_053038975.1;GCF_053209605.1;GCF_905400185.1;MF6;MF7	GCF_016899425.1|KEDGBJ_00141;GCF_053038975.1|AHCKDM_00103;GCF_053209605.1|GFFINM_00103;GCF_905400185.1|DKPOPA_00089;MF6|CFFIHE_00094;MF7|EFEKAH_01753
GCF_016899425.1|KEDGBJ_00142	6	6	1	1	GCF_016899425.1;GCF_053038975.1;GCF_053209605.1;GCF_905400185.1;MF6;MF7	GCF_016899425.1|KEDGBJ_00142;GCF_053038975.1|AHCKDM_00104;GCF_053209605.1|GFFINM_00104;GCF_905400185.1|DKPOPA_00090;MF6|CFFIHE_00095;MF7|EFEKAH_01754
GCF_016899425.1|KEDGBJ_00143	6	6	1	1	GCF_016899425.1;GCF_053038975.1;GCF_053209605.1;GCF_905400185.1;MF6;MF7	GCF_016899425.1|KEDGBJ_00143;GCF_053038975.1|AHCKDM_00105;GCF_053209605.1|GFFINM_00105;GCF_905400185.1|DKPOPA_00091;MF6|CFFIHE_00096;MF7|EFEKAH_01755
GCF_016899425.1|KEDGBJ_00144	6	6	1	1	GCF_016899425.1;GCF_053038975.1;GCF_053209605.1;GCF_905400185.1;MF6;MF7	GCF_016899425.1|KEDGBJ_00144;GCF_053038975.1|AHCKDM_00106;GCF_053209605.1|GFFINM_00106;GCF_905400185.1|DKPOPA_00092;MF6|CFFIHE_00097;MF7|EFEKAH_01756
GCF_016899425.1|KEDGBJ_00145	6	6	1	1	GCF_016899425.1;GCF_053038975.1;GCF_053209605.1;GCF_905400185.1;MF6;MF7	GCF_016899425.1|KEDGBJ_00145;GCF_053038975.1|AHCKDM_00107;GCF_053209605.1|GFFINM_00107;GCF_905400185.1|DKPOPA_00093;MF6|CFFIHE_00098;MF7|EFEKAH_01757
GCF_016899425.1|KEDGBJ_00146	6	6	1	1	GCF_016899425.1;GCF_053038975.1;GCF_053209605.1;GCF_905400185.1;MF6;MF7	GCF_016899425.1|KEDGBJ_00146;GCF_053038975.1|AHCKDM_00108;GCF_053209605.1|GFFINM_00108;GCF_905400185.1|DKPOPA_00094;MF6|CFFIHE_00099;MF7|EFEKAH_01758
GCF_016899425.1|KEDGBJ_00147	6	6	1	1	GCF_016899425.1;GCF_053038975.1;GCF_053209605.1;GCF_905400185.1;MF6;MF7	GCF_016899425.1|KEDGBJ_00147;GCF_053038975.1|AHCKDM_00109;GCF_053209605.1|GFFINM_00109;GCF_905400185.1|DKPOPA_00095;MF6|CFFIHE_00100;MF7|EFEKAH_01759
GCF_016899425.1|KEDGBJ_00148	6	6	1	1	GCF_016899425.1;GCF_053038975.1;GCF_053209605.1;GCF_905400185.1;MF6;MF7	GCF_016899425.1|KEDGBJ_00148;GCF_053038975.1|AHCKDM_00110;GCF_053209605.1|GFFINM_00110;GCF_905400185.1|DKPOPA_00096;MF6|CFFIHE_00101;MF7|EFEKAH_01760
GCF_016899425.1|KEDGBJ_00149	6	6	1	1	GCF_016899425.1;GCF_053038975.1;GCF_053209605.1;GCF_905400185.1;MF6;MF7	GCF_016899425.1|KEDGBJ_00149;GCF_053038975.1|AHCKDM_00111;GCF_053209605.1|GFFINM_00111;GCF_905400185.1|DKPOPA_00097;MF6|CFFIHE_00102;MF7|EFEKAH_01761
GCF_016899425.1|KEDGBJ_00150	6	6	1	1	GCF_016899425.1;GCF_053038975.1;GCF_053209605.1;GCF_905400185.1;MF6;MF7	GCF_016899425.1|KEDGBJ_00150;GCF_053038975.1|AHCKDM_00112;GCF_053209605.1|GFFINM_00112;GCF_905400185.1|DKPOPA_00098;MF6|CFFIHE_00103;MF7|EFEKAH_01762
GCF_016899425.1|KEDGBJ_00151	6	6	1	1	GCF_016899425.1;GCF_053038975.1;GCF_053209605.1;GCF_905400185.1;MF6;MF7	GCF_016899425.1|KEDGBJ_00151;GCF_053038975.1|AHCKDM_00113;GCF_053209605.1|GFFINM_00113;GCF_905400185.1|DKPOPA_00099;MF6|CFFIHE_00104;MF7|EFEKAH_01763
GCF_016899425.1|KEDGBJ_00152	6	6	1	1	GCF_016899425.1;GCF_053038975.1;GCF_053209605.1;GCF_905400185.1;MF6;MF7	GCF_016899425.1|KEDGBJ_00152;GCF_053038975.1|AHCKDM_00114;GCF_053209605.1|GFFINM_00114;GCF_905400185.1|DKPOPA_00100;MF6|CFFIHE_00105;MF7|EFEKAH_01764
GCF_016899425.1|KEDGBJ_00153	6	6	1	1	GCF_016899425.1;GCF_053038975.1;GCF_053209605.1;GCF_905400185.1;MF6;MF7	GCF_016899425.1|KEDGBJ_00153;GCF_053038975.1|AHCKDM_00115;GCF_053209605.1|GFFINM_00115;GCF_905400185.1|DKPOPA_00101;MF6|CFFIHE_00106;MF7|EFEKAH_01765
GCF_016899425.1|KEDGBJ_00154	6	6	1	1	GCF_016899425.1;GCF_053038975.1;GCF_053209605.1;GCF_905400185.1;MF6;MF7	GCF_016899425.1|KEDGBJ_00154;GCF_053038975.1|AHCKDM_00116;GCF_053209605.1|GFFINM_00116;GCF_905400185.1|DKPOPA_00102;MF6|CFFIHE_00107;MF7|EFEKAH_01766
GCF_016899425.1|KEDGBJ_00155	6	6	1	1	GCF_016899425.1;GCF_053038975.1;GCF_053209605.1;GCF_905400185.1;MF6;MF7	GCF_016899425.1|KEDGBJ_00155;GCF_053038975.1|AHCKDM_00117;GCF_053209605.1|GFFINM_00117;GCF_905400185.1|DKPOPA_00103;MF6|CFFIHE_00108;MF7|EFEKAH_01767
GCF_016899425.1|KEDGBJ_00156	6	6	1	1	GCF_016899425.1;GCF_053038975.1;GCF_053209605.1;GCF_905400185.1;MF6;MF7	GCF_016899425.1|KEDGBJ_00156;GCF_053038975.1|AHCKDM_00118;GCF_053209605.1|GFFINM_00118;GCF_905400185.1|DKPOPA_00104;MF6|CFFIHE_00109;MF7|EFEKAH_01768
GCF_016899425.1|KEDGBJ_00157	6	6	1	1	GCF_016899425.1;GCF_053038975.1;GCF_053209605.1;GCF_905400185.1;MF6;MF7	GCF_016899425.1|KEDGBJ_00157;GCF_053038975.1|AHCKDM_00119;GCF_053209605.1|GFFINM_00119;GCF_905400185.1|DKPOPA_00105;MF6|CFFIHE_00110;MF7|EFEKAH_01769
GCF_016899425.1|KEDGBJ_00158	6	6	1	1	GCF_016899425.1;GCF_053038975.1;GCF_053209605.1;GCF_905400185.1;MF6;MF7	GCF_016899425.1|KEDGBJ_00158;GCF_053038975.1|AHCKDM_00120;GCF_053209605.1|GFFINM_00120;GCF_905400185.1|DKPOPA_00106;MF6|CFFIHE_00111;MF7|EFEKAH_01770
GCF_016899425.1|KEDGBJ_00160	6	6	1	1	GCF_016899425.1;GCF_053038975.1;GCF_053209605.1;GCF_905400185.1;MF6;MF7	GCF_016899425.1|KEDGBJ_00160;GCF_053038975.1|AHCKDM_00123;GCF_053209605.1|GFFINM_00123;GCF_905400185.1|DKPOPA_00108;MF6|CFFIHE_00113;MF7|EFEKAH_01772
GCF_016899425.1|KEDGBJ_00161	6	6	1	1	GCF_016899425.1;GCF_053038975.1;GCF_053209605.1;GCF_905400185.1;MF6;MF7	GCF_016899425.1|KEDGBJ_00161;GCF_053038975.1|AHCKDM_00124;GCF_053209605.1|GFFINM_00124;GCF_905400185.1|DKPOPA_00109;MF6|CFFIHE_00114;MF7|EFEKAH_01773
GCF_016899425.1|KEDGBJ_00162	6	6	1	1	GCF_016899425.1;GCF_053038975.1;GCF_053209605.1;GCF_905400185.1;MF6;MF7	GCF_016899425.1|KEDGBJ_00162;GCF_053038975.1|AHCKDM_00125;GCF_053209605.1|GFFINM_00125;GCF_905400185.1|DKPOPA_00110;MF6|CFFIHE_00115;MF7|EFEKAH_01774
GCF_016899425.1|KEDGBJ_00163	6	6	1	1	GCF_016899425.1;GCF_053038975.1;GCF_053209605.1;GCF_905400185.1;MF6;MF7	GCF_016899425.1|KEDGBJ_00163;GCF_053038975.1|AHCKDM_00126;GCF_053209605.1|GFFINM_00126;GCF_905400185.1|DKPOPA_00111;MF6|CFFIHE_00116;MF7|EFEKAH_01775
GCF_016899425.1|KEDGBJ_00164	6	6	1	1	GCF_016899425.1;GCF_053038975.1;GCF_053209605.1;GCF_905400185.1;MF6;MF7	GCF_016899425.1|KEDGBJ_00164;GCF_053038975.1|AHCKDM_00127;GCF_053209605.1|GFFINM_00127;GCF_905400185.1|DKPOPA_00112;MF6|CFFIHE_00117;MF7|EFEKAH_01776
GCF_016899425.1|KEDGBJ_00165	4	4	0	0	GCF_016899425.1;GCF_905400185.1;MF6;MF7	GCF_016899425.1|KEDGBJ_00165;GCF_905400185.1|DKPOPA_00113;MF6|CFFIHE_00118;MF7|EFEKAH_01777
GCF_016899425.1|KEDGBJ_00166	4	4	0	0	GCF_016899425.1;GCF_905400185.1;MF6;MF7	GCF_016899425.1|KEDGBJ_00166;GCF_905400185.1|DKPOPA_00114;MF6|CFFIHE_00119;MF7|EFEKAH_01778
GCF_016899425.1|KEDGBJ_00167	4	4	0	0	GCF_016899425.1;GCF_905400185.1;MF6;MF7	GCF_016899425.1|KEDGBJ_00167;GCF_905400185.1|DKPOPA_00115;MF6|CFFIHE_00120;MF7|EFEKAH_01779
GCF_016899425.1|KEDGBJ_00168	6	6	1	1	GCF_016899425.1;GCF_053038975.1;GCF_053209605.1;GCF_905400185.1;MF6;MF7	GCF_016899425.1|KEDGBJ_00168;GCF_053038975.1|AHCKDM_00128;GCF_053209605.1|GFFINM_00128;GCF_905400185.1|DKPOPA_00116;MF6|CFFIHE_00121;MF7|EFEKAH_01780
GCF_016899425.1|KEDGBJ_00169	6	6	1	1	GCF_016899425.1;GCF_053038975.1;GCF_053209605.1;GCF_905400185.1;MF6;MF7	GCF_016899425.1|KEDGBJ_00169;GCF_053038975.1|AHCKDM_00129;GCF_053209605.1|GFFINM_00129;GCF_905400185.1|DKPOPA_00117;MF6|CFFIHE_00122;MF7|EFEKAH_01781
GCF_016899425.1|KEDGBJ_00170	6	6	1	1	GCF_016899425.1;GCF_053038975.1;GCF_053209605.1;GCF_905400185.1;MF6;MF7	GCF_016899425.1|KEDGBJ_00170;GCF_053038975.1|AHCKDM_00130;GCF_053209605.1|GFFINM_00130;GCF_905400185.1|DKPOPA_00118;MF6|CFFIHE_00123;MF7|EFEKAH_01782
GCF_016899425.1|KEDGBJ_00171	6	6	1	1	GCF_016899425.1;GCF_053038975.1;GCF_053209605.1;GCF_905400185.1;MF6;MF7	GCF_016899425.1|KEDGBJ_00171;GCF_053038975.1|AHCKDM_00131;GCF_053209605.1|GFFINM_00131;GCF_905400185.1|DKPOPA_00119;MF6|CFFIHE_00124;MF7|EFEKAH_01783
GCF_016899425.1|KEDGBJ_00172	6	6	1	1	GCF_016899425.1;GCF_053038975.1;GCF_053209605.1;GCF_905400185.1;MF6;MF7	GCF_016899425.1|KEDGBJ_00172;GCF_053038975.1|AHCKDM_00132;GCF_053209605.1|GFFINM_00132;GCF_905400185.1|DKPOPA_00120;MF6|CFFIHE_00125;MF7|EFEKAH_01784
GCF_016899425.1|KEDGBJ_00173	6	6	1	1	GCF_016899425.1;GCF_053038975.1;GCF_053209605.1;GCF_905400185.1;MF6;MF7	GCF_016899425.1|KEDGBJ_00173;GCF_053038975.1|AHCKDM_00133;GCF_053209605.1|GFFINM_00133;GCF_905400185.1|DKPOPA_00121;MF6|CFFIHE_00126;MF7|EFEKAH_01785
GCF_016899425.1|KEDGBJ_00175	6	6	1	1	GCF_016899425.1;GCF_053038975.1;GCF_053209605.1;GCF_905400185.1;MF6;MF7	GCF_016899425.1|KEDGBJ_00175;GCF_053038975.1|AHCKDM_00135;GCF_053209605.1|GFFINM_00135;GCF_905400185.1|DKPOPA_00123;MF6|CFFIHE_00128;MF7|EFEKAH_01787
GCF_016899425.1|KEDGBJ_00176	6	6	1	1	GCF_016899425.1;GCF_053038975.1;GCF_053209605.1;GCF_905400185.1;MF6;MF7	GCF_016899425.1|KEDGBJ_00176;GCF_053038975.1|AHCKDM_00136;GCF_053209605.1|GFFINM_00136;GCF_905400185.1|DKPOPA_00124;MF6|CFFIHE_00129;MF7|EFEKAH_01788
GCF_016899425.1|KEDGBJ_00177	6	6	1	1	GCF_016899425.1;GCF_053038975.1;GCF_053209605.1;GCF_905400185.1;MF6;MF7	GCF_016899425.1|KEDGBJ_00177;GCF_053038975.1|AHCKDM_00137;GCF_053209605.1|GFFINM_00137;GCF_905400185.1|DKPOPA_00125;MF6|CFFIHE_00130;MF7|EFEKAH_01789
GCF_016899425.1|KEDGBJ_00178	6	6	1	1	GCF_016899425.1;GCF_053038975.1;GCF_053209605.1;GCF_905400185.1;MF6;MF7	GCF_016899425.1|KEDGBJ_00178;GCF_053038975.1|AHCKDM_00138;GCF_053209605.1|GFFINM_00138;GCF_905400185.1|DKPOPA_00126;MF6|CFFIHE_00131;MF7|EFEKAH_01790
GCF_016899425.1|KEDGBJ_00179	6	6	1	1	GCF_016899425.1;GCF_053038975.1;GCF_053209605.1;GCF_905400185.1;MF6;MF7	GCF_016899425.1|KEDGBJ_00179;GCF_053038975.1|AHCKDM_00139;GCF_053209605.1|GFFINM_00139;GCF_905400185.1|DKPOPA_00127;MF6|CFFIHE_00132;MF7|EFEKAH_01791
GCF_016899425.1|KEDGBJ_00180	6	6	1	1	GCF_016899425.1;GCF_053038975.1;GCF_053209605.1;GCF_905400185.1;MF6;MF7	GCF_016899425.1|KEDGBJ_00180;GCF_053038975.1|AHCKDM_00140;GCF_053209605.1|GFFINM_00140;GCF_905400185.1|DKPOPA_00128;MF6|CFFIHE_00133;MF7|EFEKAH_01792
GCF_016899425.1|KEDGBJ_00181	6	6	1	1	GCF_016899425.1;GCF_053038975.1;GCF_053209605.1;GCF_905400185.1;MF6;MF7	GCF_016899425.1|KEDGBJ_00181;GCF_053038975.1|AHCKDM_00141;GCF_053209605.1|GFFINM_00141;GCF_905400185.1|DKPOPA_00129;MF6|CFFIHE_00134;MF7|EFEKAH_01793
GCF_016899425.1|KEDGBJ_00183	4	4	0	0	GCF_016899425.1;GCF_905400185.1;MF6;MF7	GCF_016899425.1|KEDGBJ_00183;GCF_905400185.1|DKPOPA_00131;MF6|CFFIHE_00136;MF7|EFEKAH_01795
GCF_016899425.1|KEDGBJ_00184	4	4	0	0	GCF_016899425.1;GCF_905400185.1;MF6;MF7	GCF_016899425.1|KEDGBJ_00184;GCF_905400185.1|DKPOPA_00132;MF6|CFFIHE_00137;MF7|EFEKAH_01796
GCF_016899425.1|KEDGBJ_00185	4	4	0	0	GCF_016899425.1;GCF_905400185.1;MF6;MF7	GCF_016899425.1|KEDGBJ_00185;GCF_905400185.1|DKPOPA_00133;MF6|CFFIHE_00138;MF7|EFEKAH_01797
GCF_016899425.1|KEDGBJ_00186	4	4	0	0	GCF_016899425.1;GCF_905400185.1;MF6;MF7	GCF_016899425.1|KEDGBJ_00186;GCF_905400185.1|DKPOPA_00134;MF6|CFFIHE_00139;MF7|EFEKAH_01798
GCF_016899425.1|KEDGBJ_00187	6	6	1	1	GCF_016899425.1;GCF_053038975.1;GCF_053209605.1;GCF_905400185.1;MF6;MF7	GCF_016899425.1|KEDGBJ_00187;GCF_053038975.1|AHCKDM_00143;GCF_053209605.1|GFFINM_00143;GCF_905400185.1|DKPOPA_00135;MF6|CFFIHE_00140;MF7|EFEKAH_01799
GCF_016899425.1|KEDGBJ_00189	6	6	1	1	GCF_016899425.1;GCF_053038975.1;GCF_053209605.1;GCF_905400185.1;MF6;MF7	GCF_016899425.1|KEDGBJ_00189;GCF_053038975.1|AHCKDM_00145;GCF_053209605.1|GFFINM_00145;GCF_905400185.1|DKPOPA_00137;MF6|CFFIHE_00142;MF7|EFEKAH_01801
GCF_016899425.1|KEDGBJ_00190	6	6	1	1	GCF_016899425.1;GCF_053038975.1;GCF_053209605.1;GCF_905400185.1;MF6;MF7	GCF_016899425.1|KEDGBJ_00190;GCF_053038975.1|AHCKDM_00146;GCF_053209605.1|GFFINM_00146;GCF_905400185.1|DKPOPA_00138;MF6|CFFIHE_00143;MF7|EFEKAH_01802
GCF_016899425.1|KEDGBJ_00192	6	6	1	1	GCF_016899425.1;GCF_053038975.1;GCF_053209605.1;GCF_905400185.1;MF6;MF7	GCF_016899425.1|KEDGBJ_00192;GCF_053038975.1|AHCKDM_00148;GCF_053209605.1|GFFINM_00148;GCF_905400185.1|DKPOPA_00140;MF6|CFFIHE_00145;MF7|EFEKAH_01804
GCF_016899425.1|KEDGBJ_00193	6	6	1	1	GCF_016899425.1;GCF_053038975.1;GCF_053209605.1;GCF_905400185.1;MF6;MF7	GCF_016899425.1|KEDGBJ_00193;GCF_053038975.1|AHCKDM_00149;GCF_053209605.1|GFFINM_00149;GCF_905400185.1|DKPOPA_00141;MF6|CFFIHE_00146;MF7|EFEKAH_01805
GCF_016899425.1|KEDGBJ_00194	6	6	1	1	GCF_016899425.1;GCF_053038975.1;GCF_053209605.1;GCF_905400185.1;MF6;MF7	GCF_016899425.1|KEDGBJ_00194;GCF_053038975.1|AHCKDM_00150;GCF_053209605.1|GFFINM_00150;GCF_905400185.1|DKPOPA_00142;MF6|CFFIHE_00147;MF7|EFEKAH_01806
GCF_016899425.1|KEDGBJ_00195	6	6	1	1	GCF_016899425.1;GCF_053038975.1;GCF_053209605.1;GCF_905400185.1;MF6;MF7	GCF_016899425.1|KEDGBJ_00195;GCF_053038975.1|AHCKDM_00152;GCF_053209605.1|GFFINM_00152;GCF_905400185.1|DKPOPA_00143;MF6|CFFIHE_00148;MF7|EFEKAH_01807
GCF_016899425.1|KEDGBJ_00196	6	6	1	1	GCF_016899425.1;GCF_053038975.1;GCF_053209605.1;GCF_905400185.1;MF6;MF7	GCF_016899425.1|KEDGBJ_00196;GCF_053038975.1|AHCKDM_00153;GCF_053209605.1|GFFINM_00153;GCF_905400185.1|DKPOPA_00144;MF6|CFFIHE_00149;MF7|EFEKAH_01808
GCF_016899425.1|KEDGBJ_00197	6	6	1	1	GCF_016899425.1;GCF_053038975.1;GCF_053209605.1;GCF_905400185.1;MF6;MF7	GCF_016899425.1|KEDGBJ_00197;GCF_053038975.1|AHCKDM_00155;GCF_053209605.1|GFFINM_00155;GCF_905400185.1|DKPOPA_00145;MF6|CFFIHE_00150;MF7|EFEKAH_01809
GCF_016899425.1|KEDGBJ_00199	6	6	1	1	GCF_016899425.1;GCF_053038975.1;GCF_053209605.1;GCF_905400185.1;MF6;MF7	GCF_016899425.1|KEDGBJ_00199;GCF_053038975.1|AHCKDM_00157;GCF_053209605.1|GFFINM_00157;GCF_905400185.1|DKPOPA_00147;MF6|CFFIHE_00152;MF7|EFEKAH_01811
GCF_016899425.1|KEDGBJ_00200	6	6	1	1	GCF_016899425.1;GCF_053038975.1;GCF_053209605.1;GCF_905400185.1;MF6;MF7	GCF_016899425.1|KEDGBJ_00200;GCF_053038975.1|AHCKDM_00158;GCF_053209605.1|GFFINM_00158;GCF_905400185.1|DKPOPA_00148;MF6|CFFIHE_00153;MF7|EFEKAH_01812
GCF_016899425.1|KEDGBJ_00201	6	6	1	1	GCF_016899425.1;GCF_053038975.1;GCF_053209605.1;GCF_905400185.1;MF6;MF7	GCF_016899425.1|KEDGBJ_00201;GCF_053038975.1|AHCKDM_00159;GCF_053209605.1|GFFINM_00159;GCF_905400185.1|DKPOPA_00149;MF6|CFFIHE_00154;MF7|EFEKAH_01813
GCF_016899425.1|KEDGBJ_00202	6	6	1	1	GCF_016899425.1;GCF_053038975.1;GCF_053209605.1;GCF_905400185.1;MF6;MF7	GCF_016899425.1|KEDGBJ_00202;GCF_053038975.1|AHCKDM_00160;GCF_053209605.1|GFFINM_00160;GCF_905400185.1|DKPOPA_00150;MF6|CFFIHE_00155;MF7|EFEKAH_01814
GCF_016899425.1|KEDGBJ_00203	6	6	1	1	GCF_016899425.1;GCF_053038975.1;GCF_053209605.1;GCF_905400185.1;MF6;MF7	GCF_016899425.1|KEDGBJ_00203;GCF_053038975.1|AHCKDM_00161;GCF_053209605.1|GFFINM_00161;GCF_905400185.1|DKPOPA_00151;MF6|CFFIHE_00156;MF7|EFEKAH_01815
GCF_016899425.1|KEDGBJ_00204	4	4	0	0	GCF_016899425.1;GCF_905400185.1;MF6;MF7	GCF_016899425.1|KEDGBJ_00204;GCF_905400185.1|DKPOPA_00152;MF6|CFFIHE_00157;MF7|EFEKAH_01816
GCF_016899425.1|KEDGBJ_00205	6	6	1	1	GCF_016899425.1;GCF_053038975.1;GCF_053209605.1;GCF_905400185.1;MF6;MF7	GCF_016899425.1|KEDGBJ_00205;GCF_053038975.1|AHCKDM_00162;GCF_053209605.1|GFFINM_00162;GCF_905400185.1|DKPOPA_00153;MF6|CFFIHE_00158;MF7|EFEKAH_01817
GCF_016899425.1|KEDGBJ_00206	6	6	1	1	GCF_016899425.1;GCF_053038975.1;GCF_053209605.1;GCF_905400185.1;MF6;MF7	GCF_016899425.1|KEDGBJ_00206;GCF_053038975.1|AHCKDM_00163;GCF_053209605.1|GFFINM_00163;GCF_905400185.1|DKPOPA_00154;MF6|CFFIHE_00159;MF7|EFEKAH_01818
GCF_016899425.1|KEDGBJ_00208	4	4	0	0	GCF_016899425.1;GCF_905400185.1;MF6;MF7	GCF_016899425.1|KEDGBJ_00208;GCF_905400185.1|DKPOPA_00156;MF6|CFFIHE_00161;MF7|EFEKAH_01820
GCF_016899425.1|KEDGBJ_00210	6	6	1	1	GCF_016899425.1;GCF_053038975.1;GCF_053209605.1;GCF_905400185.1;MF6;MF7	GCF_016899425.1|KEDGBJ_00210;GCF_053038975.1|AHCKDM_00193;GCF_053209605.1|GFFINM_00193;GCF_905400185.1|DKPOPA_00158;MF6|CFFIHE_00163;MF7|EFEKAH_01822
GCF_016899425.1|KEDGBJ_00211	6	6	1	1	GCF_016899425.1;GCF_053038975.1;GCF_053209605.1;GCF_905400185.1;MF6;MF7	GCF_016899425.1|KEDGBJ_00211;GCF_053038975.1|AHCKDM_00194;GCF_053209605.1|GFFINM_00194;GCF_905400185.1|DKPOPA_00159;MF6|CFFIHE_00164;MF7|EFEKAH_01823
GCF_016899425.1|KEDGBJ_00212	6	6	1	1	GCF_016899425.1;GCF_053038975.1;GCF_053209605.1;GCF_905400185.1;MF6;MF7	GCF_016899425.1|KEDGBJ_00212;GCF_053038975.1|AHCKDM_00195;GCF_053209605.1|GFFINM_00195;GCF_905400185.1|DKPOPA_00160;MF6|CFFIHE_00165;MF7|EFEKAH_01824
GCF_016899425.1|KEDGBJ_00213	6	6	1	1	GCF_016899425.1;GCF_053038975.1;GCF_053209605.1;GCF_905400185.1;MF6;MF7	GCF_016899425.1|KEDGBJ_00213;GCF_053038975.1|AHCKDM_00196;GCF_053209605.1|GFFINM_00196;GCF_905400185.1|DKPOPA_00161;MF6|CFFIHE_00166;MF7|EFEKAH_01825
GCF_016899425.1|KEDGBJ_00214	6	6	1	1	GCF_016899425.1;GCF_053038975.1;GCF_053209605.1;GCF_905400185.1;MF6;MF7	GCF_016899425.1|KEDGBJ_00214;GCF_053038975.1|AHCKDM_00197;GCF_053209605.1|GFFINM_00197;GCF_905400185.1|DKPOPA_00162;MF6|CFFIHE_00167;MF7|EFEKAH_01826
GCF_016899425.1|KEDGBJ_00215	6	6	1	1	GCF_016899425.1;GCF_053038975.1;GCF_053209605.1;GCF_905400185.1;MF6;MF7	GCF_016899425.1|KEDGBJ_00215;GCF_053038975.1|AHCKDM_00198;GCF_053209605.1|GFFINM_00198;GCF_905400185.1|DKPOPA_00163;MF6|CFFIHE_00168;MF7|EFEKAH_01827
GCF_016899425.1|KEDGBJ_00216	6	6	1	1	GCF_016899425.1;GCF_053038975.1;GCF_053209605.1;GCF_905400185.1;MF6;MF7	GCF_016899425.1|KEDGBJ_00216;GCF_053038975.1|AHCKDM_00199;GCF_053209605.1|GFFINM_00199;GCF_905400185.1|DKPOPA_00164;MF6|CFFIHE_00169;MF7|EFEKAH_01828
GCF_016899425.1|KEDGBJ_00218	6	6	1	1	GCF_016899425.1;GCF_053038975.1;GCF_053209605.1;GCF_905400185.1;MF6;MF7	GCF_016899425.1|KEDGBJ_00218;GCF_053038975.1|AHCKDM_00201;GCF_053209605.1|GFFINM_00201;GCF_905400185.1|DKPOPA_00166;MF6|CFFIHE_00171;MF7|EFEKAH_01830
GCF_016899425.1|KEDGBJ_00219	6	6	1	1	GCF_016899425.1;GCF_053038975.1;GCF_053209605.1;GCF_905400185.1;MF6;MF7	GCF_016899425.1|KEDGBJ_00219;GCF_053038975.1|AHCKDM_00202;GCF_053209605.1|GFFINM_00202;GCF_905400185.1|DKPOPA_00167;MF6|CFFIHE_00172;MF7|EFEKAH_01831
GCF_016899425.1|KEDGBJ_00221	6	6	1	1	GCF_016899425.1;GCF_053038975.1;GCF_053209605.1;GCF_905400185.1;MF6;MF7	GCF_016899425.1|KEDGBJ_00221;GCF_053038975.1|AHCKDM_00204;GCF_053209605.1|GFFINM_00204;GCF_905400185.1|DKPOPA_00169;MF6|CFFIHE_00174;MF7|EFEKAH_01833
GCF_016899425.1|KEDGBJ_00222	6	6	1	1	GCF_016899425.1;GCF_053038975.1;GCF_053209605.1;GCF_905400185.1;MF6;MF7	GCF_016899425.1|KEDGBJ_00222;GCF_053038975.1|AHCKDM_00205;GCF_053209605.1|GFFINM_00205;GCF_905400185.1|DKPOPA_00170;MF6|CFFIHE_00175;MF7|EFEKAH_01834
GCF_016899425.1|KEDGBJ_00223	6	6	1	1	GCF_016899425.1;GCF_053038975.1;GCF_053209605.1;GCF_905400185.1;MF6;MF7	GCF_016899425.1|KEDGBJ_00223;GCF_053038975.1|AHCKDM_00207;GCF_053209605.1|GFFINM_00207;GCF_905400185.1|DKPOPA_00171;MF6|CFFIHE_00176;MF7|EFEKAH_01835
GCF_016899425.1|KEDGBJ_00224	6	6	1	1	GCF_016899425.1;GCF_053038975.1;GCF_053209605.1;GCF_905400185.1;MF6;MF7	GCF_016899425.1|KEDGBJ_00224;GCF_053038975.1|AHCKDM_00208;GCF_053209605.1|GFFINM_00208;GCF_905400185.1|DKPOPA_00172;MF6|CFFIHE_00177;MF7|EFEKAH_01836
GCF_016899425.1|KEDGBJ_00225	6	6	1	1	GCF_016899425.1;GCF_053038975.1;GCF_053209605.1;GCF_905400185.1;MF6;MF7	GCF_016899425.1|KEDGBJ_00225;GCF_053038975.1|AHCKDM_00209;GCF_053209605.1|GFFINM_00209;GCF_905400185.1|DKPOPA_00173;MF6|CFFIHE_00178;MF7|EFEKAH_01837
GCF_016899425.1|KEDGBJ_00226	6	6	1	1	GCF_016899425.1;GCF_053038975.1;GCF_053209605.1;GCF_905400185.1;MF6;MF7	GCF_016899425.1|KEDGBJ_00226;GCF_053038975.1|AHCKDM_00210;GCF_053209605.1|GFFINM_00210;GCF_905400185.1|DKPOPA_00174;MF6|CFFIHE_00179;MF7|EFEKAH_01838
GCF_016899425.1|KEDGBJ_00228	6	6	1	1	GCF_016899425.1;GCF_053038975.1;GCF_053209605.1;GCF_905400185.1;MF6;MF7	GCF_016899425.1|KEDGBJ_00228;GCF_053038975.1|AHCKDM_00212;GCF_053209605.1|GFFINM_00212;GCF_905400185.1|DKPOPA_00176;MF6|CFFIHE_00181;MF7|EFEKAH_01840
GCF_016899425.1|KEDGBJ_00229	6	6	1	1	GCF_016899425.1;GCF_053038975.1;GCF_053209605.1;GCF_905400185.1;MF6;MF7	GCF_016899425.1|KEDGBJ_00229;GCF_053038975.1|AHCKDM_00213;GCF_053209605.1|GFFINM_00213;GCF_905400185.1|DKPOPA_00177;MF6|CFFIHE_00182;MF7|EFEKAH_01841
GCF_016899425.1|KEDGBJ_00230	6	6	1	1	GCF_016899425.1;GCF_053038975.1;GCF_053209605.1;GCF_905400185.1;MF6;MF7	GCF_016899425.1|KEDGBJ_00230;GCF_053038975.1|AHCKDM_00214;GCF_053209605.1|GFFINM_00214;GCF_905400185.1|DKPOPA_00178;MF6|CFFIHE_00183;MF7|EFEKAH_01842
GCF_016899425.1|KEDGBJ_00231	6	6	1	1	GCF_016899425.1;GCF_053038975.1;GCF_053209605.1;GCF_905400185.1;MF6;MF7	GCF_016899425.1|KEDGBJ_00231;GCF_053038975.1|AHCKDM_00215;GCF_053209605.1|GFFINM_00215;GCF_905400185.1|DKPOPA_00179;MF6|CFFIHE_00184;MF7|EFEKAH_01843
GCF_016899425.1|KEDGBJ_00232	6	6	1	1	GCF_016899425.1;GCF_053038975.1;GCF_053209605.1;GCF_905400185.1;MF6;MF7	GCF_016899425.1|KEDGBJ_00232;GCF_053038975.1|AHCKDM_00216;GCF_053209605.1|GFFINM_00216;GCF_905400185.1|DKPOPA_00180;MF6|CFFIHE_00185;MF7|EFEKAH_01844
GCF_016899425.1|KEDGBJ_00233	6	6	1	1	GCF_016899425.1;GCF_053038975.1;GCF_053209605.1;GCF_905400185.1;MF6;MF7	GCF_016899425.1|KEDGBJ_00233;GCF_053038975.1|AHCKDM_00217;GCF_053209605.1|GFFINM_00217;GCF_905400185.1|DKPOPA_00181;MF6|CFFIHE_00186;MF7|EFEKAH_01845
GCF_016899425.1|KEDGBJ_00234	6	6	1	1	GCF_016899425.1;GCF_053038975.1;GCF_053209605.1;GCF_905400185.1;MF6;MF7	GCF_016899425.1|KEDGBJ_00234;GCF_053038975.1|AHCKDM_00218;GCF_053209605.1|GFFINM_00218;GCF_905400185.1|DKPOPA_00182;MF6|CFFIHE_00187;MF7|EFEKAH_01846
GCF_016899425.1|KEDGBJ_00235	6	6	1	1	GCF_016899425.1;GCF_053038975.1;GCF_053209605.1;GCF_905400185.1;MF6;MF7	GCF_016899425.1|KEDGBJ_00235;GCF_053038975.1|AHCKDM_00219;GCF_053209605.1|GFFINM_00219;GCF_905400185.1|DKPOPA_00183;MF6|CFFIHE_00188;MF7|EFEKAH_01847
GCF_016899425.1|KEDGBJ_00236	6	6	1	1	GCF_016899425.1;GCF_053038975.1;GCF_053209605.1;GCF_905400185.1;MF6;MF7	GCF_016899425.1|KEDGBJ_00236;GCF_053038975.1|AHCKDM_00220;GCF_053209605.1|GFFINM_00220;GCF_905400185.1|DKPOPA_00184;MF6|CFFIHE_00189;MF7|EFEKAH_01848
GCF_016899425.1|KEDGBJ_00238	6	7	1	0	GCF_016899425.1;GCF_053038975.1;GCF_053209605.1;GCF_905400185.1;MF6;MF7	GCF_016899425.1|KEDGBJ_00238;GCF_053038975.1|AHCKDM_00222;GCF_053038975.1|AHCKDM_00223;GCF_053209605.1|GFFINM_00222;GCF_905400185.1|DKPOPA_00186;MF6|CFFIHE_00191;MF7|EFEKAH_01850
GCF_016899425.1|KEDGBJ_00239	6	6	1	1	GCF_016899425.1;GCF_053038975.1;GCF_053209605.1;GCF_905400185.1;MF6;MF7	GCF_016899425.1|KEDGBJ_00239;GCF_053038975.1|AHCKDM_00224;GCF_053209605.1|GFFINM_00223;GCF_905400185.1|DKPOPA_00187;MF6|CFFIHE_00192;MF7|EFEKAH_01851
GCF_016899425.1|KEDGBJ_00240	6	6	1	1	GCF_016899425.1;GCF_053038975.1;GCF_053209605.1;GCF_905400185.1;MF6;MF7	GCF_016899425.1|KEDGBJ_00240;GCF_053038975.1|AHCKDM_00225;GCF_053209605.1|GFFINM_00224;GCF_905400185.1|DKPOPA_00188;MF6|CFFIHE_00193;MF7|EFEKAH_01852
GCF_016899425.1|KEDGBJ_00241	6	6	1	1	GCF_016899425.1;GCF_053038975.1;GCF_053209605.1;GCF_905400185.1;MF6;MF7	GCF_016899425.1|KEDGBJ_00241;GCF_053038975.1|AHCKDM_00226;GCF_053209605.1|GFFINM_00225;GCF_905400185.1|DKPOPA_00189;MF6|CFFIHE_00194;MF7|EFEKAH_01853
GCF_016899425.1|KEDGBJ_00242	6	6	1	1	GCF_016899425.1;GCF_053038975.1;GCF_053209605.1;GCF_905400185.1;MF6;MF7	GCF_016899425.1|KEDGBJ_00242;GCF_053038975.1|AHCKDM_00227;GCF_053209605.1|GFFINM_00226;GCF_905400185.1|DKPOPA_00190;MF6|CFFIHE_00195;MF7|EFEKAH_01854
GCF_016899425.1|KEDGBJ_00243	6	6	1	1	GCF_016899425.1;GCF_053038975.1;GCF_053209605.1;GCF_905400185.1;MF6;MF7	GCF_016899425.1|KEDGBJ_00243;GCF_053038975.1|AHCKDM_00228;GCF_053209605.1|GFFINM_00227;GCF_905400185.1|DKPOPA_00191;MF6|CFFIHE_00196;MF7|EFEKAH_01855
GCF_016899425.1|KEDGBJ_00244	6	6	1	1	GCF_016899425.1;GCF_053038975.1;GCF_053209605.1;GCF_905400185.1;MF6;MF7	GCF_016899425.1|KEDGBJ_00244;GCF_053038975.1|AHCKDM_00229;GCF_053209605.1|GFFINM_00228;GCF_905400185.1|DKPOPA_00192;MF6|CFFIHE_00197;MF7|EFEKAH_01856
GCF_016899425.1|KEDGBJ_00245	6	6	1	1	GCF_016899425.1;GCF_053038975.1;GCF_053209605.1;GCF_905400185.1;MF6;MF7	GCF_016899425.1|KEDGBJ_00245;GCF_053038975.1|AHCKDM_00230;GCF_053209605.1|GFFINM_00229;GCF_905400185.1|DKPOPA_00193;MF6|CFFIHE_00198;MF7|EFEKAH_01857
GCF_016899425.1|KEDGBJ_00246	6	6	1	1	GCF_016899425.1;GCF_053038975.1;GCF_053209605.1;GCF_905400185.1;MF6;MF7	GCF_016899425.1|KEDGBJ_00246;GCF_053038975.1|AHCKDM_00231;GCF_053209605.1|GFFINM_00230;GCF_905400185.1|DKPOPA_00194;MF6|CFFIHE_00199;MF7|EFEKAH_01858
GCF_016899425.1|KEDGBJ_00247	6	6	1	1	GCF_016899425.1;GCF_053038975.1;GCF_053209605.1;GCF_905400185.1;MF6;MF7	GCF_016899425.1|KEDGBJ_00247;GCF_053038975.1|AHCKDM_00232;GCF_053209605.1|GFFINM_00231;GCF_905400185.1|DKPOPA_00195;MF6|CFFIHE_00200;MF7|EFEKAH_01859
GCF_016899425.1|KEDGBJ_00248	6	6	1	1	GCF_016899425.1;GCF_053038975.1;GCF_053209605.1;GCF_905400185.1;MF6;MF7	GCF_016899425.1|KEDGBJ_00248;GCF_053038975.1|AHCKDM_00233;GCF_053209605.1|GFFINM_00232;GCF_905400185.1|DKPOPA_00196;MF6|CFFIHE_00201;MF7|EFEKAH_01860
GCF_016899425.1|KEDGBJ_00250	6	6	1	1	GCF_016899425.1;GCF_053038975.1;GCF_053209605.1;GCF_905400185.1;MF6;MF7	GCF_016899425.1|KEDGBJ_00250;GCF_053038975.1|AHCKDM_00235;GCF_053209605.1|GFFINM_00234;GCF_905400185.1|DKPOPA_00198;MF6|CFFIHE_00203;MF7|EFEKAH_01862
GCF_016899425.1|KEDGBJ_00251	6	6	1	1	GCF_016899425.1;GCF_053038975.1;GCF_053209605.1;GCF_905400185.1;MF6;MF7	GCF_016899425.1|KEDGBJ_00251;GCF_053038975.1|AHCKDM_00236;GCF_053209605.1|GFFINM_00235;GCF_905400185.1|DKPOPA_00199;MF6|CFFIHE_00204;MF7|EFEKAH_01863
GCF_016899425.1|KEDGBJ_00252	6	6	1	1	GCF_016899425.1;GCF_053038975.1;GCF_053209605.1;GCF_905400185.1;MF6;MF7	GCF_016899425.1|KEDGBJ_00252;GCF_053038975.1|AHCKDM_00237;GCF_053209605.1|GFFINM_00236;GCF_905400185.1|DKPOPA_00200;MF6|CFFIHE_00205;MF7|EFEKAH_01864
GCF_016899425.1|KEDGBJ_00253	6	6	1	1	GCF_016899425.1;GCF_053038975.1;GCF_053209605.1;GCF_905400185.1;MF6;MF7	GCF_016899425.1|KEDGBJ_00253;GCF_053038975.1|AHCKDM_00238;GCF_053209605.1|GFFINM_00237;GCF_905400185.1|DKPOPA_00201;MF6|CFFIHE_00206;MF7|EFEKAH_01865
GCF_016899425.1|KEDGBJ_00254	6	6	1	1	GCF_016899425.1;GCF_053038975.1;GCF_053209605.1;GCF_905400185.1;MF6;MF7	GCF_016899425.1|KEDGBJ_00254;GCF_053038975.1|AHCKDM_00239;GCF_053209605.1|GFFINM_00238;GCF_905400185.1|DKPOPA_00202;MF6|CFFIHE_00207;MF7|EFEKAH_01866
GCF_016899425.1|KEDGBJ_00255	6	6	1	1	GCF_016899425.1;GCF_053038975.1;GCF_053209605.1;GCF_905400185.1;MF6;MF7	GCF_016899425.1|KEDGBJ_00255;GCF_053038975.1|AHCKDM_00240;GCF_053209605.1|GFFINM_00239;GCF_905400185.1|DKPOPA_00203;MF6|CFFIHE_00208;MF7|EFEKAH_01867
GCF_016899425.1|KEDGBJ_00256	6	6	1	1	GCF_016899425.1;GCF_053038975.1;GCF_053209605.1;GCF_905400185.1;MF6;MF7	GCF_016899425.1|KEDGBJ_00256;GCF_053038975.1|AHCKDM_00241;GCF_053209605.1|GFFINM_00240;GCF_905400185.1|DKPOPA_00204;MF6|CFFIHE_00209;MF7|EFEKAH_01868
GCF_016899425.1|KEDGBJ_00257	6	6	1	1	GCF_016899425.1;GCF_053038975.1;GCF_053209605.1;GCF_905400185.1;MF6;MF7	GCF_016899425.1|KEDGBJ_00257;GCF_053038975.1|AHCKDM_00242;GCF_053209605.1|GFFINM_00241;GCF_905400185.1|DKPOPA_00205;MF6|CFFIHE_00210;MF7|EFEKAH_01869
GCF_016899425.1|KEDGBJ_00258	6	6	1	1	GCF_016899425.1;GCF_053038975.1;GCF_053209605.1;GCF_905400185.1;MF6;MF7	GCF_016899425.1|KEDGBJ_00258;GCF_053038975.1|AHCKDM_00243;GCF_053209605.1|GFFINM_00242;GCF_905400185.1|DKPOPA_00206;MF6|CFFIHE_00211;MF7|EFEKAH_01870
GCF_016899425.1|KEDGBJ_00259	6	6	1	1	GCF_016899425.1;GCF_053038975.1;GCF_053209605.1;GCF_905400185.1;MF6;MF7	GCF_016899425.1|KEDGBJ_00259;GCF_053038975.1|AHCKDM_00244;GCF_053209605.1|GFFINM_00243;GCF_905400185.1|DKPOPA_00207;MF6|CFFIHE_00212;MF7|EFEKAH_01871
GCF_016899425.1|KEDGBJ_00260	6	6	1	1	GCF_016899425.1;GCF_053038975.1;GCF_053209605.1;GCF_905400185.1;MF6;MF7	GCF_016899425.1|KEDGBJ_00260;GCF_053038975.1|AHCKDM_00245;GCF_053209605.1|GFFINM_00244;GCF_905400185.1|DKPOPA_00208;MF6|CFFIHE_00213;MF7|EFEKAH_01872
GCF_016899425.1|KEDGBJ_00261	6	6	1	1	GCF_016899425.1;GCF_053038975.1;GCF_053209605.1;GCF_905400185.1;MF6;MF7	GCF_016899425.1|KEDGBJ_00261;GCF_053038975.1|AHCKDM_00246;GCF_053209605.1|GFFINM_00245;GCF_905400185.1|DKPOPA_00209;MF6|CFFIHE_00214;MF7|EFEKAH_01873
GCF_016899425.1|KEDGBJ_00262	6	6	1	1	GCF_016899425.1;GCF_053038975.1;GCF_053209605.1;GCF_905400185.1;MF6;MF7	GCF_016899425.1|KEDGBJ_00262;GCF_053038975.1|AHCKDM_00247;GCF_053209605.1|GFFINM_00246;GCF_905400185.1|DKPOPA_00210;MF6|CFFIHE_00215;MF7|EFEKAH_01874
GCF_016899425.1|KEDGBJ_00263	6	6	1	1	GCF_016899425.1;GCF_053038975.1;GCF_053209605.1;GCF_905400185.1;MF6;MF7	GCF_016899425.1|KEDGBJ_00263;GCF_053038975.1|AHCKDM_00248;GCF_053209605.1|GFFINM_00247;GCF_905400185.1|DKPOPA_00211;MF6|CFFIHE_00216;MF7|EFEKAH_01875
GCF_016899425.1|KEDGBJ_00264	6	6	1	1	GCF_016899425.1;GCF_053038975.1;GCF_053209605.1;GCF_905400185.1;MF6;MF7	GCF_016899425.1|KEDGBJ_00264;GCF_053038975.1|AHCKDM_00249;GCF_053209605.1|GFFINM_00248;GCF_905400185.1|DKPOPA_00212;MF6|CFFIHE_00217;MF7|EFEKAH_01876
GCF_016899425.1|KEDGBJ_00265	6	6	1	1	GCF_016899425.1;GCF_053038975.1;GCF_053209605.1;GCF_905400185.1;MF6;MF7	GCF_016899425.1|KEDGBJ_00265;GCF_053038975.1|AHCKDM_00250;GCF_053209605.1|GFFINM_00249;GCF_905400185.1|DKPOPA_00213;MF6|CFFIHE_00218;MF7|EFEKAH_01877
GCF_016899425.1|KEDGBJ_00266	6	6	1	1	GCF_016899425.1;GCF_053038975.1;GCF_053209605.1;GCF_905400185.1;MF6;MF7	GCF_016899425.1|KEDGBJ_00266;GCF_053038975.1|AHCKDM_00251;GCF_053209605.1|GFFINM_00250;GCF_905400185.1|DKPOPA_00214;MF6|CFFIHE_00219;MF7|EFEKAH_01878
GCF_016899425.1|KEDGBJ_00267	6	6	1	1	GCF_016899425.1;GCF_053038975.1;GCF_053209605.1;GCF_905400185.1;MF6;MF7	GCF_016899425.1|KEDGBJ_00267;GCF_053038975.1|AHCKDM_00252;GCF_053209605.1|GFFINM_00251;GCF_905400185.1|DKPOPA_00215;MF6|CFFIHE_00220;MF7|EFEKAH_01879
GCF_016899425.1|KEDGBJ_00268	6	6	1	1	GCF_016899425.1;GCF_053038975.1;GCF_053209605.1;GCF_905400185.1;MF6;MF7	GCF_016899425.1|KEDGBJ_00268;GCF_053038975.1|AHCKDM_00253;GCF_053209605.1|GFFINM_00252;GCF_905400185.1|DKPOPA_00216;MF6|CFFIHE_00221;MF7|EFEKAH_01880
GCF_016899425.1|KEDGBJ_00269	6	6	1	1	GCF_016899425.1;GCF_053038975.1;GCF_053209605.1;GCF_905400185.1;MF6;MF7	GCF_016899425.1|KEDGBJ_00269;GCF_053038975.1|AHCKDM_00254;GCF_053209605.1|GFFINM_00253;GCF_905400185.1|DKPOPA_00217;MF6|CFFIHE_00222;MF7|EFEKAH_01881
GCF_016899425.1|KEDGBJ_00270	6	6	1	1	GCF_016899425.1;GCF_053038975.1;GCF_053209605.1;GCF_905400185.1;MF6;MF7	GCF_016899425.1|KEDGBJ_00270;GCF_053038975.1|AHCKDM_00255;GCF_053209605.1|GFFINM_00254;GCF_905400185.1|DKPOPA_00218;MF6|CFFIHE_00223;MF7|EFEKAH_01882
GCF_016899425.1|KEDGBJ_00271	6	6	1	1	GCF_016899425.1;GCF_053038975.1;GCF_053209605.1;GCF_905400185.1;MF6;MF7	GCF_016899425.1|KEDGBJ_00271;GCF_053038975.1|AHCKDM_00256;GCF_053209605.1|GFFINM_00255;GCF_905400185.1|DKPOPA_00219;MF6|CFFIHE_00224;MF7|EFEKAH_01883
GCF_016899425.1|KEDGBJ_00273	6	6	1	1	GCF_016899425.1;GCF_053038975.1;GCF_053209605.1;GCF_905400185.1;MF6;MF7	GCF_016899425.1|KEDGBJ_00273;GCF_053038975.1|AHCKDM_00258;GCF_053209605.1|GFFINM_00257;GCF_905400185.1|DKPOPA_00221;MF6|CFFIHE_00226;MF7|EFEKAH_01885
GCF_016899425.1|KEDGBJ_00274	6	6	1	1	GCF_016899425.1;GCF_053038975.1;GCF_053209605.1;GCF_905400185.1;MF6;MF7	GCF_016899425.1|KEDGBJ_00274;GCF_053038975.1|AHCKDM_00259;GCF_053209605.1|GFFINM_00258;GCF_905400185.1|DKPOPA_00222;MF6|CFFIHE_00227;MF7|EFEKAH_01886
GCF_016899425.1|KEDGBJ_00275	6	6	1	1	GCF_016899425.1;GCF_053038975.1;GCF_053209605.1;GCF_905400185.1;MF6;MF7	GCF_016899425.1|KEDGBJ_00275;GCF_053038975.1|AHCKDM_00260;GCF_053209605.1|GFFINM_00259;GCF_905400185.1|DKPOPA_00223;MF6|CFFIHE_00228;MF7|EFEKAH_01887
GCF_016899425.1|KEDGBJ_00276	6	6	1	1	GCF_016899425.1;GCF_053038975.1;GCF_053209605.1;GCF_905400185.1;MF6;MF7	GCF_016899425.1|KEDGBJ_00276;GCF_053038975.1|AHCKDM_00261;GCF_053209605.1|GFFINM_00260;GCF_905400185.1|DKPOPA_00224;MF6|CFFIHE_00229;MF7|EFEKAH_01888
GCF_016899425.1|KEDGBJ_00277	6	6	1	1	GCF_016899425.1;GCF_053038975.1;GCF_053209605.1;GCF_905400185.1;MF6;MF7	GCF_016899425.1|KEDGBJ_00277;GCF_053038975.1|AHCKDM_00262;GCF_053209605.1|GFFINM_00261;GCF_905400185.1|DKPOPA_00225;MF6|CFFIHE_00230;MF7|EFEKAH_01889
GCF_016899425.1|KEDGBJ_00278	6	6	1	1	GCF_016899425.1;GCF_053038975.1;GCF_053209605.1;GCF_905400185.1;MF6;MF7	GCF_016899425.1|KEDGBJ_00278;GCF_053038975.1|AHCKDM_00263;GCF_053209605.1|GFFINM_00262;GCF_905400185.1|DKPOPA_00226;MF6|CFFIHE_00231;MF7|EFEKAH_01890
GCF_016899425.1|KEDGBJ_00279	6	6	1	1	GCF_016899425.1;GCF_053038975.1;GCF_053209605.1;GCF_905400185.1;MF6;MF7	GCF_016899425.1|KEDGBJ_00279;GCF_053038975.1|AHCKDM_00264;GCF_053209605.1|GFFINM_00263;GCF_905400185.1|DKPOPA_00227;MF6|CFFIHE_00232;MF7|EFEKAH_01891
GCF_016899425.1|KEDGBJ_00280	6	6	1	1	GCF_016899425.1;GCF_053038975.1;GCF_053209605.1;GCF_905400185.1;MF6;MF7	GCF_016899425.1|KEDGBJ_00280;GCF_053038975.1|AHCKDM_00265;GCF_053209605.1|GFFINM_00264;GCF_905400185.1|DKPOPA_00228;MF6|CFFIHE_00233;MF7|EFEKAH_01892
GCF_016899425.1|KEDGBJ_00281	6	6	1	1	GCF_016899425.1;GCF_053038975.1;GCF_053209605.1;GCF_905400185.1;MF6;MF7	GCF_016899425.1|KEDGBJ_00281;GCF_053038975.1|AHCKDM_00266;GCF_053209605.1|GFFINM_00265;GCF_905400185.1|DKPOPA_00229;MF6|CFFIHE_00234;MF7|EFEKAH_01893
GCF_016899425.1|KEDGBJ_00282	6	6	1	1	GCF_016899425.1;GCF_053038975.1;GCF_053209605.1;GCF_905400185.1;MF6;MF7	GCF_016899425.1|KEDGBJ_00282;GCF_053038975.1|AHCKDM_00267;GCF_053209605.1|GFFINM_00266;GCF_905400185.1|DKPOPA_00230;MF6|CFFIHE_00235;MF7|EFEKAH_01894
GCF_016899425.1|KEDGBJ_00283	6	6	1	1	GCF_016899425.1;GCF_053038975.1;GCF_053209605.1;GCF_905400185.1;MF6;MF7	GCF_016899425.1|KEDGBJ_00283;GCF_053038975.1|AHCKDM_00268;GCF_053209605.1|GFFINM_00267;GCF_905400185.1|DKPOPA_00231;MF6|CFFIHE_00236;MF7|EFEKAH_01895
GCF_016899425.1|KEDGBJ_00284	6	6	1	1	GCF_016899425.1;GCF_053038975.1;GCF_053209605.1;GCF_905400185.1;MF6;MF7	GCF_016899425.1|KEDGBJ_00284;GCF_053038975.1|AHCKDM_00269;GCF_053209605.1|GFFINM_00268;GCF_905400185.1|DKPOPA_00232;MF6|CFFIHE_00237;MF7|EFEKAH_01896
GCF_016899425.1|KEDGBJ_00285	6	6	1	1	GCF_016899425.1;GCF_053038975.1;GCF_053209605.1;GCF_905400185.1;MF6;MF7	GCF_016899425.1|KEDGBJ_00285;GCF_053038975.1|AHCKDM_00270;GCF_053209605.1|GFFINM_00269;GCF_905400185.1|DKPOPA_00233;MF6|CFFIHE_00238;MF7|EFEKAH_01897
GCF_016899425.1|KEDGBJ_00287	6	6	1	1	GCF_016899425.1;GCF_053038975.1;GCF_053209605.1;GCF_905400185.1;MF6;MF7	GCF_016899425.1|KEDGBJ_00287;GCF_053038975.1|AHCKDM_00272;GCF_053209605.1|GFFINM_00271;GCF_905400185.1|DKPOPA_00235;MF6|CFFIHE_00240;MF7|EFEKAH_01899
GCF_016899425.1|KEDGBJ_00288	6	6	1	1	GCF_016899425.1;GCF_053038975.1;GCF_053209605.1;GCF_905400185.1;MF6;MF7	GCF_016899425.1|KEDGBJ_00288;GCF_053038975.1|AHCKDM_00273;GCF_053209605.1|GFFINM_00272;GCF_905400185.1|DKPOPA_00236;MF6|CFFIHE_00241;MF7|EFEKAH_01900
GCF_016899425.1|KEDGBJ_00290	6	6	1	1	GCF_016899425.1;GCF_053038975.1;GCF_053209605.1;GCF_905400185.1;MF6;MF7	GCF_016899425.1|KEDGBJ_00290;GCF_053038975.1|AHCKDM_00275;GCF_053209605.1|GFFINM_00274;GCF_905400185.1|DKPOPA_00238;MF6|CFFIHE_00243;MF7|EFEKAH_01902
GCF_016899425.1|KEDGBJ_00291	6	6	1	1	GCF_016899425.1;GCF_053038975.1;GCF_053209605.1;GCF_905400185.1;MF6;MF7	GCF_016899425.1|KEDGBJ_00291;GCF_053038975.1|AHCKDM_00276;GCF_053209605.1|GFFINM_00275;GCF_905400185.1|DKPOPA_00239;MF6|CFFIHE_00244;MF7|EFEKAH_01903
GCF_016899425.1|KEDGBJ_00292	6	6	1	1	GCF_016899425.1;GCF_053038975.1;GCF_053209605.1;GCF_905400185.1;MF6;MF7	GCF_016899425.1|KEDGBJ_00292;GCF_053038975.1|AHCKDM_00277;GCF_053209605.1|GFFINM_00276;GCF_905400185.1|DKPOPA_00240;MF6|CFFIHE_00245;MF7|EFEKAH_01904
GCF_016899425.1|KEDGBJ_00293	6	6	1	1	GCF_016899425.1;GCF_053038975.1;GCF_053209605.1;GCF_905400185.1;MF6;MF7	GCF_016899425.1|KEDGBJ_00293;GCF_053038975.1|AHCKDM_00278;GCF_053209605.1|GFFINM_00277;GCF_905400185.1|DKPOPA_00241;MF6|CFFIHE_00246;MF7|EFEKAH_01905
GCF_016899425.1|KEDGBJ_00294	6	6	1	1	GCF_016899425.1;GCF_053038975.1;GCF_053209605.1;GCF_905400185.1;MF6;MF7	GCF_016899425.1|KEDGBJ_00294;GCF_053038975.1|AHCKDM_00279;GCF_053209605.1|GFFINM_00278;GCF_905400185.1|DKPOPA_00242;MF6|CFFIHE_00247;MF7|EFEKAH_01906
GCF_016899425.1|KEDGBJ_00295	6	6	1	1	GCF_016899425.1;GCF_053038975.1;GCF_053209605.1;GCF_905400185.1;MF6;MF7	GCF_016899425.1|KEDGBJ_00295;GCF_053038975.1|AHCKDM_00280;GCF_053209605.1|GFFINM_00279;GCF_905400185.1|DKPOPA_00243;MF6|CFFIHE_00248;MF7|EFEKAH_01907
GCF_016899425.1|KEDGBJ_00296	6	6	1	1	GCF_016899425.1;GCF_053038975.1;GCF_053209605.1;GCF_905400185.1;MF6;MF7	GCF_016899425.1|KEDGBJ_00296;GCF_053038975.1|AHCKDM_00281;GCF_053209605.1|GFFINM_00280;GCF_905400185.1|DKPOPA_00244;MF6|CFFIHE_00249;MF7|EFEKAH_01908
GCF_016899425.1|KEDGBJ_00297	6	6	1	1	GCF_016899425.1;GCF_053038975.1;GCF_053209605.1;GCF_905400185.1;MF6;MF7	GCF_016899425.1|KEDGBJ_00297;GCF_053038975.1|AHCKDM_00282;GCF_053209605.1|GFFINM_00281;GCF_905400185.1|DKPOPA_00245;MF6|CFFIHE_00250;MF7|EFEKAH_01909
GCF_016899425.1|KEDGBJ_00298	6	6	1	1	GCF_016899425.1;GCF_053038975.1;GCF_053209605.1;GCF_905400185.1;MF6;MF7	GCF_016899425.1|KEDGBJ_00298;GCF_053038975.1|AHCKDM_00283;GCF_053209605.1|GFFINM_00282;GCF_905400185.1|DKPOPA_00246;MF6|CFFIHE_00251;MF7|EFEKAH_01910
GCF_016899425.1|KEDGBJ_00299	6	6	1	1	GCF_016899425.1;GCF_053038975.1;GCF_053209605.1;GCF_905400185.1;MF6;MF7	GCF_016899425.1|KEDGBJ_00299;GCF_053038975.1|AHCKDM_00284;GCF_053209605.1|GFFINM_00283;GCF_905400185.1|DKPOPA_00247;MF6|CFFIHE_00252;MF7|EFEKAH_01911
GCF_016899425.1|KEDGBJ_00300	6	6	1	1	GCF_016899425.1;GCF_053038975.1;GCF_053209605.1;GCF_905400185.1;MF6;MF7	GCF_016899425.1|KEDGBJ_00300;GCF_053038975.1|AHCKDM_00285;GCF_053209605.1|GFFINM_00284;GCF_905400185.1|DKPOPA_00248;MF6|CFFIHE_00253;MF7|EFEKAH_01912
GCF_016899425.1|KEDGBJ_00301	6	6	1	1	GCF_016899425.1;GCF_053038975.1;GCF_053209605.1;GCF_905400185.1;MF6;MF7	GCF_016899425.1|KEDGBJ_00301;GCF_053038975.1|AHCKDM_00286;GCF_053209605.1|GFFINM_00285;GCF_905400185.1|DKPOPA_00249;MF6|CFFIHE_00254;MF7|EFEKAH_01913
GCF_016899425.1|KEDGBJ_00302	6	6	1	1	GCF_016899425.1;GCF_053038975.1;GCF_053209605.1;GCF_905400185.1;MF6;MF7	GCF_016899425.1|KEDGBJ_00302;GCF_053038975.1|AHCKDM_00287;GCF_053209605.1|GFFINM_00286;GCF_905400185.1|DKPOPA_00250;MF6|CFFIHE_00255;MF7|EFEKAH_01914
GCF_016899425.1|KEDGBJ_00303	6	6	1	1	GCF_016899425.1;GCF_053038975.1;GCF_053209605.1;GCF_905400185.1;MF6;MF7	GCF_016899425.1|KEDGBJ_00303;GCF_053038975.1|AHCKDM_00288;GCF_053209605.1|GFFINM_00287;GCF_905400185.1|DKPOPA_00251;MF6|CFFIHE_00256;MF7|EFEKAH_01915
GCF_016899425.1|KEDGBJ_00304	6	6	1	1	GCF_016899425.1;GCF_053038975.1;GCF_053209605.1;GCF_905400185.1;MF6;MF7	GCF_016899425.1|KEDGBJ_00304;GCF_053038975.1|AHCKDM_00289;GCF_053209605.1|GFFINM_00288;GCF_905400185.1|DKPOPA_00252;MF6|CFFIHE_00257;MF7|EFEKAH_01916
GCF_016899425.1|KEDGBJ_00305	6	6	1	1	GCF_016899425.1;GCF_053038975.1;GCF_053209605.1;GCF_905400185.1;MF6;MF7	GCF_016899425.1|KEDGBJ_00305;GCF_053038975.1|AHCKDM_00290;GCF_053209605.1|GFFINM_00289;GCF_905400185.1|DKPOPA_00253;MF6|CFFIHE_00258;MF7|EFEKAH_01917
GCF_016899425.1|KEDGBJ_00307	6	6	1	1	GCF_016899425.1;GCF_053038975.1;GCF_053209605.1;GCF_905400185.1;MF6;MF7	GCF_016899425.1|KEDGBJ_00307;GCF_053038975.1|AHCKDM_00292;GCF_053209605.1|GFFINM_00291;GCF_905400185.1|DKPOPA_00255;MF6|CFFIHE_00260;MF7|EFEKAH_01919
GCF_016899425.1|KEDGBJ_00308	6	6	1	1	GCF_016899425.1;GCF_053038975.1;GCF_053209605.1;GCF_905400185.1;MF6;MF7	GCF_016899425.1|KEDGBJ_00308;GCF_053038975.1|AHCKDM_00293;GCF_053209605.1|GFFINM_00292;GCF_905400185.1|DKPOPA_00256;MF6|CFFIHE_00261;MF7|EFEKAH_01920
GCF_016899425.1|KEDGBJ_00309	6	6	1	1	GCF_016899425.1;GCF_053038975.1;GCF_053209605.1;GCF_905400185.1;MF6;MF7	GCF_016899425.1|KEDGBJ_00309;GCF_053038975.1|AHCKDM_00294;GCF_053209605.1|GFFINM_00293;GCF_905400185.1|DKPOPA_00257;MF6|CFFIHE_00262;MF7|EFEKAH_01921
GCF_016899425.1|KEDGBJ_00310	6	6	1	1	GCF_016899425.1;GCF_053038975.1;GCF_053209605.1;GCF_905400185.1;MF6;MF7	GCF_016899425.1|KEDGBJ_00310;GCF_053038975.1|AHCKDM_00295;GCF_053209605.1|GFFINM_00294;GCF_905400185.1|DKPOPA_00258;MF6|CFFIHE_00263;MF7|EFEKAH_01922
GCF_016899425.1|KEDGBJ_00319	6	12	1	0	GCF_016899425.1;GCF_053038975.1;GCF_053209605.1;GCF_905400185.1;MF6;MF7	GCF_016899425.1|KEDGBJ_00319;GCF_016899425.1|KEDGBJ_00333;GCF_053038975.1|AHCKDM_00305;GCF_053038975.1|AHCKDM_00319;GCF_053209605.1|GFFINM_00304;GCF_053209605.1|GFFINM_00318;GCF_905400185.1|DKPOPA_00267;GCF_905400185.1|DKPOPA_00281;MF6|CFFIHE_00274;MF6|CFFIHE_00288;MF7|EFEKAH_00594;MF7|EFEKAH_00608
GCF_016899425.1|KEDGBJ_00321	6	6	1	1	GCF_016899425.1;GCF_053038975.1;GCF_053209605.1;GCF_905400185.1;MF6;MF7	GCF_016899425.1|KEDGBJ_00321;GCF_053038975.1|AHCKDM_00307;GCF_053209605.1|GFFINM_00306;GCF_905400185.1|DKPOPA_00269;MF6|CFFIHE_00276;MF7|EFEKAH_00606
GCF_016899425.1|KEDGBJ_00322	6	6	1	1	GCF_016899425.1;GCF_053038975.1;GCF_053209605.1;GCF_905400185.1;MF6;MF7	GCF_016899425.1|KEDGBJ_00322;GCF_053038975.1|AHCKDM_00308;GCF_053209605.1|GFFINM_00307;GCF_905400185.1|DKPOPA_00270;MF6|CFFIHE_00277;MF7|EFEKAH_00605
GCF_016899425.1|KEDGBJ_00323	6	6	1	1	GCF_016899425.1;GCF_053038975.1;GCF_053209605.1;GCF_905400185.1;MF6;MF7	GCF_016899425.1|KEDGBJ_00323;GCF_053038975.1|AHCKDM_00309;GCF_053209605.1|GFFINM_00308;GCF_905400185.1|DKPOPA_00271;MF6|CFFIHE_00278;MF7|EFEKAH_00604
GCF_016899425.1|KEDGBJ_00324	6	6	1	1	GCF_016899425.1;GCF_053038975.1;GCF_053209605.1;GCF_905400185.1;MF6;MF7	GCF_016899425.1|KEDGBJ_00324;GCF_053038975.1|AHCKDM_00310;GCF_053209605.1|GFFINM_00309;GCF_905400185.1|DKPOPA_00272;MF6|CFFIHE_00279;MF7|EFEKAH_00603
GCF_016899425.1|KEDGBJ_00325	6	6	1	1	GCF_016899425.1;GCF_053038975.1;GCF_053209605.1;GCF_905400185.1;MF6;MF7	GCF_016899425.1|KEDGBJ_00325;GCF_053038975.1|AHCKDM_00311;GCF_053209605.1|GFFINM_00310;GCF_905400185.1|DKPOPA_00273;MF6|CFFIHE_00280;MF7|EFEKAH_00602
GCF_016899425.1|KEDGBJ_00326	6	6	1	1	GCF_016899425.1;GCF_053038975.1;GCF_053209605.1;GCF_905400185.1;MF6;MF7	GCF_016899425.1|KEDGBJ_00326;GCF_053038975.1|AHCKDM_00312;GCF_053209605.1|GFFINM_00311;GCF_905400185.1|DKPOPA_00274;MF6|CFFIHE_00281;MF7|EFEKAH_00601
GCF_016899425.1|KEDGBJ_00327	6	6	1	1	GCF_016899425.1;GCF_053038975.1;GCF_053209605.1;GCF_905400185.1;MF6;MF7	GCF_016899425.1|KEDGBJ_00327;GCF_053038975.1|AHCKDM_00313;GCF_053209605.1|GFFINM_00312;GCF_905400185.1|DKPOPA_00275;MF6|CFFIHE_00282;MF7|EFEKAH_00600
GCF_016899425.1|KEDGBJ_00328	6	6	1	1	GCF_016899425.1;GCF_053038975.1;GCF_053209605.1;GCF_905400185.1;MF6;MF7	GCF_016899425.1|KEDGBJ_00328;GCF_053038975.1|AHCKDM_00314;GCF_053209605.1|GFFINM_00313;GCF_905400185.1|DKPOPA_00276;MF6|CFFIHE_00283;MF7|EFEKAH_00599
GCF_016899425.1|KEDGBJ_00329	6	6	1	1	GCF_016899425.1;GCF_053038975.1;GCF_053209605.1;GCF_905400185.1;MF6;MF7	GCF_016899425.1|KEDGBJ_00329;GCF_053038975.1|AHCKDM_00315;GCF_053209605.1|GFFINM_00314;GCF_905400185.1|DKPOPA_00277;MF6|CFFIHE_00284;MF7|EFEKAH_00598
GCF_016899425.1|KEDGBJ_00330	6	6	1	1	GCF_016899425.1;GCF_053038975.1;GCF_053209605.1;GCF_905400185.1;MF6;MF7	GCF_016899425.1|KEDGBJ_00330;GCF_053038975.1|AHCKDM_00316;GCF_053209605.1|GFFINM_00315;GCF_905400185.1|DKPOPA_00278;MF6|CFFIHE_00285;MF7|EFEKAH_00597
GCF_016899425.1|KEDGBJ_00331	6	6	1	1	GCF_016899425.1;GCF_053038975.1;GCF_053209605.1;GCF_905400185.1;MF6;MF7	GCF_016899425.1|KEDGBJ_00331;GCF_053038975.1|AHCKDM_00317;GCF_053209605.1|GFFINM_00316;GCF_905400185.1|DKPOPA_00279;MF6|CFFIHE_00286;MF7|EFEKAH_00596
GCF_016899425.1|KEDGBJ_00334	6	6	1	1	GCF_016899425.1;GCF_053038975.1;GCF_053209605.1;GCF_905400185.1;MF6;MF7	GCF_016899425.1|KEDGBJ_00334;GCF_053038975.1|AHCKDM_00320;GCF_053209605.1|GFFINM_00319;GCF_905400185.1|DKPOPA_00282;MF6|CFFIHE_00289;MF7|EFEKAH_00593
GCF_016899425.1|KEDGBJ_00335	6	6	1	1	GCF_016899425.1;GCF_053038975.1;GCF_053209605.1;GCF_905400185.1;MF6;MF7	GCF_016899425.1|KEDGBJ_00335;GCF_053038975.1|AHCKDM_00321;GCF_053209605.1|GFFINM_00320;GCF_905400185.1|DKPOPA_00283;MF6|CFFIHE_00290;MF7|EFEKAH_00592
GCF_016899425.1|KEDGBJ_00336	6	6	1	1	GCF_016899425.1;GCF_053038975.1;GCF_053209605.1;GCF_905400185.1;MF6;MF7	GCF_016899425.1|KEDGBJ_00336;GCF_053038975.1|AHCKDM_00322;GCF_053209605.1|GFFINM_00321;GCF_905400185.1|DKPOPA_00284;MF6|CFFIHE_00291;MF7|EFEKAH_00591
GCF_016899425.1|KEDGBJ_00337	6	6	1	1	GCF_016899425.1;GCF_053038975.1;GCF_053209605.1;GCF_905400185.1;MF6;MF7	GCF_016899425.1|KEDGBJ_00337;GCF_053038975.1|AHCKDM_00323;GCF_053209605.1|GFFINM_00322;GCF_905400185.1|DKPOPA_00285;MF6|CFFIHE_00292;MF7|EFEKAH_00590
GCF_016899425.1|KEDGBJ_00338	6	6	1	1	GCF_016899425.1;GCF_053038975.1;GCF_053209605.1;GCF_905400185.1;MF6;MF7	GCF_016899425.1|KEDGBJ_00338;GCF_053038975.1|AHCKDM_00324;GCF_053209605.1|GFFINM_00323;GCF_905400185.1|DKPOPA_00286;MF6|CFFIHE_00293;MF7|EFEKAH_00589
GCF_016899425.1|KEDGBJ_00339	6	6	1	1	GCF_016899425.1;GCF_053038975.1;GCF_053209605.1;GCF_905400185.1;MF6;MF7	GCF_016899425.1|KEDGBJ_00339;GCF_053038975.1|AHCKDM_00325;GCF_053209605.1|GFFINM_00324;GCF_905400185.1|DKPOPA_00287;MF6|CFFIHE_00294;MF7|EFEKAH_00588
GCF_016899425.1|KEDGBJ_00340	6	6	1	1	GCF_016899425.1;GCF_053038975.1;GCF_053209605.1;GCF_905400185.1;MF6;MF7	GCF_016899425.1|KEDGBJ_00340;GCF_053038975.1|AHCKDM_00326;GCF_053209605.1|GFFINM_00325;GCF_905400185.1|DKPOPA_00288;MF6|CFFIHE_00295;MF7|EFEKAH_00587
GCF_016899425.1|KEDGBJ_00341	6	6	1	1	GCF_016899425.1;GCF_053038975.1;GCF_053209605.1;GCF_905400185.1;MF6;MF7	GCF_016899425.1|KEDGBJ_00341;GCF_053038975.1|AHCKDM_00327;GCF_053209605.1|GFFINM_00326;GCF_905400185.1|DKPOPA_00289;MF6|CFFIHE_00296;MF7|EFEKAH_00586
GCF_016899425.1|KEDGBJ_00342	6	6	1	1	GCF_016899425.1;GCF_053038975.1;GCF_053209605.1;GCF_905400185.1;MF6;MF7	GCF_016899425.1|KEDGBJ_00342;GCF_053038975.1|AHCKDM_00328;GCF_053209605.1|GFFINM_00327;GCF_905400185.1|DKPOPA_00290;MF6|CFFIHE_00297;MF7|EFEKAH_00585
GCF_016899425.1|KEDGBJ_00343	6	6	1	1	GCF_016899425.1;GCF_053038975.1;GCF_053209605.1;GCF_905400185.1;MF6;MF7	GCF_016899425.1|KEDGBJ_00343;GCF_053038975.1|AHCKDM_00329;GCF_053209605.1|GFFINM_00328;GCF_905400185.1|DKPOPA_00291;MF6|CFFIHE_00298;MF7|EFEKAH_00584
GCF_016899425.1|KEDGBJ_00344	6	6	1	1	GCF_016899425.1;GCF_053038975.1;GCF_053209605.1;GCF_905400185.1;MF6;MF7	GCF_016899425.1|KEDGBJ_00344;GCF_053038975.1|AHCKDM_00330;GCF_053209605.1|GFFINM_00329;GCF_905400185.1|DKPOPA_00292;MF6|CFFIHE_00299;MF7|EFEKAH_00583
GCF_016899425.1|KEDGBJ_00345	6	6	1	1	GCF_016899425.1;GCF_053038975.1;GCF_053209605.1;GCF_905400185.1;MF6;MF7	GCF_016899425.1|KEDGBJ_00345;GCF_053038975.1|AHCKDM_00331;GCF_053209605.1|GFFINM_00330;GCF_905400185.1|DKPOPA_00293;MF6|CFFIHE_00300;MF7|EFEKAH_00582
GCF_016899425.1|KEDGBJ_00346	6	6	1	1	GCF_016899425.1;GCF_053038975.1;GCF_053209605.1;GCF_905400185.1;MF6;MF7	GCF_016899425.1|KEDGBJ_00346;GCF_053038975.1|AHCKDM_00332;GCF_053209605.1|GFFINM_00331;GCF_905400185.1|DKPOPA_00294;MF6|CFFIHE_00301;MF7|EFEKAH_00581
GCF_016899425.1|KEDGBJ_00347	6	6	1	1	GCF_016899425.1;GCF_053038975.1;GCF_053209605.1;GCF_905400185.1;MF6;MF7	GCF_016899425.1|KEDGBJ_00347;GCF_053038975.1|AHCKDM_00333;GCF_053209605.1|GFFINM_00332;GCF_905400185.1|DKPOPA_00295;MF6|CFFIHE_00302;MF7|EFEKAH_00580
GCF_016899425.1|KEDGBJ_00348	6	6	1	1	GCF_016899425.1;GCF_053038975.1;GCF_053209605.1;GCF_905400185.1;MF6;MF7	GCF_016899425.1|KEDGBJ_00348;GCF_053038975.1|AHCKDM_00334;GCF_053209605.1|GFFINM_00333;GCF_905400185.1|DKPOPA_00296;MF6|CFFIHE_00303;MF7|EFEKAH_00579
GCF_016899425.1|KEDGBJ_00349	6	6	1	1	GCF_016899425.1;GCF_053038975.1;GCF_053209605.1;GCF_905400185.1;MF6;MF7	GCF_016899425.1|KEDGBJ_00349;GCF_053038975.1|AHCKDM_00335;GCF_053209605.1|GFFINM_00334;GCF_905400185.1|DKPOPA_00297;MF6|CFFIHE_00304;MF7|EFEKAH_00578
GCF_016899425.1|KEDGBJ_00350	6	6	1	1	GCF_016899425.1;GCF_053038975.1;GCF_053209605.1;GCF_905400185.1;MF6;MF7	GCF_016899425.1|KEDGBJ_00350;GCF_053038975.1|AHCKDM_00336;GCF_053209605.1|GFFINM_00335;GCF_905400185.1|DKPOPA_00298;MF6|CFFIHE_00305;MF7|EFEKAH_00577
GCF_016899425.1|KEDGBJ_00351	6	6	1	1	GCF_016899425.1;GCF_053038975.1;GCF_053209605.1;GCF_905400185.1;MF6;MF7	GCF_016899425.1|KEDGBJ_00351;GCF_053038975.1|AHCKDM_00337;GCF_053209605.1|GFFINM_00336;GCF_905400185.1|DKPOPA_00299;MF6|CFFIHE_00306;MF7|EFEKAH_00576
GCF_016899425.1|KEDGBJ_00352	6	6	1	1	GCF_016899425.1;GCF_053038975.1;GCF_053209605.1;GCF_905400185.1;MF6;MF7	GCF_016899425.1|KEDGBJ_00352;GCF_053038975.1|AHCKDM_00338;GCF_053209605.1|GFFINM_00337;GCF_905400185.1|DKPOPA_00300;MF6|CFFIHE_00307;MF7|EFEKAH_00575
GCF_016899425.1|KEDGBJ_00353	6	6	1	1	GCF_016899425.1;GCF_053038975.1;GCF_053209605.1;GCF_905400185.1;MF6;MF7	GCF_016899425.1|KEDGBJ_00353;GCF_053038975.1|AHCKDM_00339;GCF_053209605.1|GFFINM_00338;GCF_905400185.1|DKPOPA_00301;MF6|CFFIHE_00308;MF7|EFEKAH_00574
GCF_016899425.1|KEDGBJ_00354	6	6	1	1	GCF_016899425.1;GCF_053038975.1;GCF_053209605.1;GCF_905400185.1;MF6;MF7	GCF_016899425.1|KEDGBJ_00354;GCF_053038975.1|AHCKDM_00340;GCF_053209605.1|GFFINM_00339;GCF_905400185.1|DKPOPA_00302;MF6|CFFIHE_00309;MF7|EFEKAH_00573
GCF_016899425.1|KEDGBJ_00355	6	6	1	1	GCF_016899425.1;GCF_053038975.1;GCF_053209605.1;GCF_905400185.1;MF6;MF7	GCF_016899425.1|KEDGBJ_00355;GCF_053038975.1|AHCKDM_00341;GCF_053209605.1|GFFINM_00340;GCF_905400185.1|DKPOPA_00303;MF6|CFFIHE_00310;MF7|EFEKAH_00572
GCF_016899425.1|KEDGBJ_00356	6	6	1	1	GCF_016899425.1;GCF_053038975.1;GCF_053209605.1;GCF_905400185.1;MF6;MF7	GCF_016899425.1|KEDGBJ_00356;GCF_053038975.1|AHCKDM_00342;GCF_053209605.1|GFFINM_00341;GCF_905400185.1|DKPOPA_00304;MF6|CFFIHE_00311;MF7|EFEKAH_00571
GCF_016899425.1|KEDGBJ_00357	6	6	1	1	GCF_016899425.1;GCF_053038975.1;GCF_053209605.1;GCF_905400185.1;MF6;MF7	GCF_016899425.1|KEDGBJ_00357;GCF_053038975.1|AHCKDM_00343;GCF_053209605.1|GFFINM_00342;GCF_905400185.1|DKPOPA_00305;MF6|CFFIHE_00312;MF7|EFEKAH_00570
GCF_016899425.1|KEDGBJ_00358	6	6	1	1	GCF_016899425.1;GCF_053038975.1;GCF_053209605.1;GCF_905400185.1;MF6;MF7	GCF_016899425.1|KEDGBJ_00358;GCF_053038975.1|AHCKDM_00344;GCF_053209605.1|GFFINM_00343;GCF_905400185.1|DKPOPA_00306;MF6|CFFIHE_00313;MF7|EFEKAH_00569
GCF_016899425.1|KEDGBJ_00359	6	6	1	1	GCF_016899425.1;GCF_053038975.1;GCF_053209605.1;GCF_905400185.1;MF6;MF7	GCF_016899425.1|KEDGBJ_00359;GCF_053038975.1|AHCKDM_00345;GCF_053209605.1|GFFINM_00344;GCF_905400185.1|DKPOPA_00307;MF6|CFFIHE_00314;MF7|EFEKAH_00568
GCF_016899425.1|KEDGBJ_00360	6	6	1	1	GCF_016899425.1;GCF_053038975.1;GCF_053209605.1;GCF_905400185.1;MF6;MF7	GCF_016899425.1|KEDGBJ_00360;GCF_053038975.1|AHCKDM_00346;GCF_053209605.1|GFFINM_00345;GCF_905400185.1|DKPOPA_00308;MF6|CFFIHE_00315;MF7|EFEKAH_00567
GCF_016899425.1|KEDGBJ_00361	6	6	1	1	GCF_016899425.1;GCF_053038975.1;GCF_053209605.1;GCF_905400185.1;MF6;MF7	GCF_016899425.1|KEDGBJ_00361;GCF_053038975.1|AHCKDM_00347;GCF_053209605.1|GFFINM_00346;GCF_905400185.1|DKPOPA_00309;MF6|CFFIHE_00316;MF7|EFEKAH_00566
GCF_016899425.1|KEDGBJ_00362	6	6	1	1	GCF_016899425.1;GCF_053038975.1;GCF_053209605.1;GCF_905400185.1;MF6;MF7	GCF_016899425.1|KEDGBJ_00362;GCF_053038975.1|AHCKDM_00348;GCF_053209605.1|GFFINM_00347;GCF_905400185.1|DKPOPA_00310;MF6|CFFIHE_00317;MF7|EFEKAH_00565
GCF_016899425.1|KEDGBJ_00363	6	6	1	1	GCF_016899425.1;GCF_053038975.1;GCF_053209605.1;GCF_905400185.1;MF6;MF7	GCF_016899425.1|KEDGBJ_00363;GCF_053038975.1|AHCKDM_00349;GCF_053209605.1|GFFINM_00348;GCF_905400185.1|DKPOPA_00311;MF6|CFFIHE_00318;MF7|EFEKAH_00564
GCF_016899425.1|KEDGBJ_00364	6	6	1	1	GCF_016899425.1;GCF_053038975.1;GCF_053209605.1;GCF_905400185.1;MF6;MF7	GCF_016899425.1|KEDGBJ_00364;GCF_053038975.1|AHCKDM_00350;GCF_053209605.1|GFFINM_00349;GCF_905400185.1|DKPOPA_00312;MF6|CFFIHE_00319;MF7|EFEKAH_00563
GCF_016899425.1|KEDGBJ_00365	6	6	1	1	GCF_016899425.1;GCF_053038975.1;GCF_053209605.1;GCF_905400185.1;MF6;MF7	GCF_016899425.1|KEDGBJ_00365;GCF_053038975.1|AHCKDM_00351;GCF_053209605.1|GFFINM_00350;GCF_905400185.1|DKPOPA_00313;MF6|CFFIHE_00320;MF7|EFEKAH_00562
GCF_016899425.1|KEDGBJ_00367	6	6	1	1	GCF_016899425.1;GCF_053038975.1;GCF_053209605.1;GCF_905400185.1;MF6;MF7	GCF_016899425.1|KEDGBJ_00367;GCF_053038975.1|AHCKDM_00353;GCF_053209605.1|GFFINM_00352;GCF_905400185.1|DKPOPA_00315;MF6|CFFIHE_00322;MF7|EFEKAH_00560
GCF_016899425.1|KEDGBJ_00368	6	6	1	1	GCF_016899425.1;GCF_053038975.1;GCF_053209605.1;GCF_905400185.1;MF6;MF7	GCF_016899425.1|KEDGBJ_00368;GCF_053038975.1|AHCKDM_00354;GCF_053209605.1|GFFINM_00353;GCF_905400185.1|DKPOPA_00316;MF6|CFFIHE_00323;MF7|EFEKAH_00559
GCF_016899425.1|KEDGBJ_00369	6	6	1	1	GCF_016899425.1;GCF_053038975.1;GCF_053209605.1;GCF_905400185.1;MF6;MF7	GCF_016899425.1|KEDGBJ_00369;GCF_053038975.1|AHCKDM_00355;GCF_053209605.1|GFFINM_00354;GCF_905400185.1|DKPOPA_00317;MF6|CFFIHE_00324;MF7|EFEKAH_00558
GCF_016899425.1|KEDGBJ_00370	6	6	1	1	GCF_016899425.1;GCF_053038975.1;GCF_053209605.1;GCF_905400185.1;MF6;MF7	GCF_016899425.1|KEDGBJ_00370;GCF_053038975.1|AHCKDM_00356;GCF_053209605.1|GFFINM_00355;GCF_905400185.1|DKPOPA_00318;MF6|CFFIHE_00325;MF7|EFEKAH_00557
GCF_016899425.1|KEDGBJ_00371	6	6	1	1	GCF_016899425.1;GCF_053038975.1;GCF_053209605.1;GCF_905400185.1;MF6;MF7	GCF_016899425.1|KEDGBJ_00371;GCF_053038975.1|AHCKDM_00357;GCF_053209605.1|GFFINM_00356;GCF_905400185.1|DKPOPA_00319;MF6|CFFIHE_00326;MF7|EFEKAH_00556
GCF_016899425.1|KEDGBJ_00372	6	6	1	1	GCF_016899425.1;GCF_053038975.1;GCF_053209605.1;GCF_905400185.1;MF6;MF7	GCF_016899425.1|KEDGBJ_00372;GCF_053038975.1|AHCKDM_00358;GCF_053209605.1|GFFINM_00357;GCF_905400185.1|DKPOPA_00320;MF6|CFFIHE_00327;MF7|EFEKAH_00555
GCF_016899425.1|KEDGBJ_00373	6	6	1	1	GCF_016899425.1;GCF_053038975.1;GCF_053209605.1;GCF_905400185.1;MF6;MF7	GCF_016899425.1|KEDGBJ_00373;GCF_053038975.1|AHCKDM_00359;GCF_053209605.1|GFFINM_00358;GCF_905400185.1|DKPOPA_00321;MF6|CFFIHE_00328;MF7|EFEKAH_00554
GCF_016899425.1|KEDGBJ_00374	6	6	1	1	GCF_016899425.1;GCF_053038975.1;GCF_053209605.1;GCF_905400185.1;MF6;MF7	GCF_016899425.1|KEDGBJ_00374;GCF_053038975.1|AHCKDM_00360;GCF_053209605.1|GFFINM_00359;GCF_905400185.1|DKPOPA_00322;MF6|CFFIHE_00329;MF7|EFEKAH_00553
GCF_016899425.1|KEDGBJ_00375	6	6	1	1	GCF_016899425.1;GCF_053038975.1;GCF_053209605.1;GCF_905400185.1;MF6;MF7	GCF_016899425.1|KEDGBJ_00375;GCF_053038975.1|AHCKDM_00361;GCF_053209605.1|GFFINM_00360;GCF_905400185.1|DKPOPA_00323;MF6|CFFIHE_00330;MF7|EFEKAH_00552
GCF_016899425.1|KEDGBJ_00376	6	6	1	1	GCF_016899425.1;GCF_053038975.1;GCF_053209605.1;GCF_905400185.1;MF6;MF7	GCF_016899425.1|KEDGBJ_00376;GCF_053038975.1|AHCKDM_00362;GCF_053209605.1|GFFINM_00361;GCF_905400185.1|DKPOPA_00324;MF6|CFFIHE_00331;MF7|EFEKAH_00551
GCF_016899425.1|KEDGBJ_00378	6	6	1	1	GCF_016899425.1;GCF_053038975.1;GCF_053209605.1;GCF_905400185.1;MF6;MF7	GCF_016899425.1|KEDGBJ_00378;GCF_053038975.1|AHCKDM_00364;GCF_053209605.1|GFFINM_00363;GCF_905400185.1|DKPOPA_00326;MF6|CFFIHE_00333;MF7|EFEKAH_00549
GCF_016899425.1|KEDGBJ_00379	6	6	1	1	GCF_016899425.1;GCF_053038975.1;GCF_053209605.1;GCF_905400185.1;MF6;MF7	GCF_016899425.1|KEDGBJ_00379;GCF_053038975.1|AHCKDM_00365;GCF_053209605.1|GFFINM_00364;GCF_905400185.1|DKPOPA_00327;MF6|CFFIHE_00334;MF7|EFEKAH_00548
GCF_016899425.1|KEDGBJ_00380	6	6	1	1	GCF_016899425.1;GCF_053038975.1;GCF_053209605.1;GCF_905400185.1;MF6;MF7	GCF_016899425.1|KEDGBJ_00380;GCF_053038975.1|AHCKDM_00366;GCF_053209605.1|GFFINM_00365;GCF_905400185.1|DKPOPA_00328;MF6|CFFIHE_00335;MF7|EFEKAH_00547
GCF_016899425.1|KEDGBJ_00381	6	6	1	1	GCF_016899425.1;GCF_053038975.1;GCF_053209605.1;GCF_905400185.1;MF6;MF7	GCF_016899425.1|KEDGBJ_00381;GCF_053038975.1|AHCKDM_00367;GCF_053209605.1|GFFINM_00366;GCF_905400185.1|DKPOPA_00329;MF6|CFFIHE_00336;MF7|EFEKAH_00546
GCF_016899425.1|KEDGBJ_00382	6	6	1	1	GCF_016899425.1;GCF_053038975.1;GCF_053209605.1;GCF_905400185.1;MF6;MF7	GCF_016899425.1|KEDGBJ_00382;GCF_053038975.1|AHCKDM_00368;GCF_053209605.1|GFFINM_00367;GCF_905400185.1|DKPOPA_00330;MF6|CFFIHE_00337;MF7|EFEKAH_00545
GCF_016899425.1|KEDGBJ_00383	6	6	1	1	GCF_016899425.1;GCF_053038975.1;GCF_053209605.1;GCF_905400185.1;MF6;MF7	GCF_016899425.1|KEDGBJ_00383;GCF_053038975.1|AHCKDM_00369;GCF_053209605.1|GFFINM_00368;GCF_905400185.1|DKPOPA_00331;MF6|CFFIHE_00338;MF7|EFEKAH_00544
GCF_016899425.1|KEDGBJ_00384	6	6	1	1	GCF_016899425.1;GCF_053038975.1;GCF_053209605.1;GCF_905400185.1;MF6;MF7	GCF_016899425.1|KEDGBJ_00384;GCF_053038975.1|AHCKDM_00370;GCF_053209605.1|GFFINM_00369;GCF_905400185.1|DKPOPA_00332;MF6|CFFIHE_00339;MF7|EFEKAH_00543
GCF_016899425.1|KEDGBJ_00385	6	6	1	1	GCF_016899425.1;GCF_053038975.1;GCF_053209605.1;GCF_905400185.1;MF6;MF7	GCF_016899425.1|KEDGBJ_00385;GCF_053038975.1|AHCKDM_00371;GCF_053209605.1|GFFINM_00370;GCF_905400185.1|DKPOPA_00333;MF6|CFFIHE_00340;MF7|EFEKAH_00542
GCF_016899425.1|KEDGBJ_00386	6	6	1	1	GCF_016899425.1;GCF_053038975.1;GCF_053209605.1;GCF_905400185.1;MF6;MF7	GCF_016899425.1|KEDGBJ_00386;GCF_053038975.1|AHCKDM_00372;GCF_053209605.1|GFFINM_00371;GCF_905400185.1|DKPOPA_00334;MF6|CFFIHE_00341;MF7|EFEKAH_00541
GCF_016899425.1|KEDGBJ_00387	6	6	1	1	GCF_016899425.1;GCF_053038975.1;GCF_053209605.1;GCF_905400185.1;MF6;MF7	GCF_016899425.1|KEDGBJ_00387;GCF_053038975.1|AHCKDM_00373;GCF_053209605.1|GFFINM_00372;GCF_905400185.1|DKPOPA_00335;MF6|CFFIHE_00342;MF7|EFEKAH_00540
GCF_016899425.1|KEDGBJ_00388	6	6	1	1	GCF_016899425.1;GCF_053038975.1;GCF_053209605.1;GCF_905400185.1;MF6;MF7	GCF_016899425.1|KEDGBJ_00388;GCF_053038975.1|AHCKDM_00374;GCF_053209605.1|GFFINM_00373;GCF_905400185.1|DKPOPA_00336;MF6|CFFIHE_00343;MF7|EFEKAH_00539
GCF_016899425.1|KEDGBJ_00389	6	6	1	1	GCF_016899425.1;GCF_053038975.1;GCF_053209605.1;GCF_905400185.1;MF6;MF7	GCF_016899425.1|KEDGBJ_00389;GCF_053038975.1|AHCKDM_00375;GCF_053209605.1|GFFINM_00374;GCF_905400185.1|DKPOPA_00337;MF6|CFFIHE_00344;MF7|EFEKAH_00538
GCF_016899425.1|KEDGBJ_00390	6	6	1	1	GCF_016899425.1;GCF_053038975.1;GCF_053209605.1;GCF_905400185.1;MF6;MF7	GCF_016899425.1|KEDGBJ_00390;GCF_053038975.1|AHCKDM_00376;GCF_053209605.1|GFFINM_00375;GCF_905400185.1|DKPOPA_00338;MF6|CFFIHE_00345;MF7|EFEKAH_00537
GCF_016899425.1|KEDGBJ_00391	6	6	1	1	GCF_016899425.1;GCF_053038975.1;GCF_053209605.1;GCF_905400185.1;MF6;MF7	GCF_016899425.1|KEDGBJ_00391;GCF_053038975.1|AHCKDM_00377;GCF_053209605.1|GFFINM_00376;GCF_905400185.1|DKPOPA_00339;MF6|CFFIHE_00346;MF7|EFEKAH_00536
GCF_016899425.1|KEDGBJ_00392	4	4	0	0	GCF_016899425.1;GCF_905400185.1;MF6;MF7	GCF_016899425.1|KEDGBJ_00392;GCF_905400185.1|DKPOPA_00340;MF6|CFFIHE_00347;MF7|EFEKAH_00535
GCF_016899425.1|KEDGBJ_00393	6	6	1	1	GCF_016899425.1;GCF_053038975.1;GCF_053209605.1;GCF_905400185.1;MF6;MF7	GCF_016899425.1|KEDGBJ_00393;GCF_053038975.1|AHCKDM_00378;GCF_053209605.1|GFFINM_00377;GCF_905400185.1|DKPOPA_00341;MF6|CFFIHE_00348;MF7|EFEKAH_00534
GCF_016899425.1|KEDGBJ_00394	6	6	1	1	GCF_016899425.1;GCF_053038975.1;GCF_053209605.1;GCF_905400185.1;MF6;MF7	GCF_016899425.1|KEDGBJ_00394;GCF_053038975.1|AHCKDM_00379;GCF_053209605.1|GFFINM_00378;GCF_905400185.1|DKPOPA_00342;MF6|CFFIHE_00349;MF7|EFEKAH_00533
GCF_016899425.1|KEDGBJ_00395	6	6	1	1	GCF_016899425.1;GCF_053038975.1;GCF_053209605.1;GCF_905400185.1;MF6;MF7	GCF_016899425.1|KEDGBJ_00395;GCF_053038975.1|AHCKDM_00380;GCF_053209605.1|GFFINM_00379;GCF_905400185.1|DKPOPA_00343;MF6|CFFIHE_00350;MF7|EFEKAH_00532
GCF_016899425.1|KEDGBJ_00396	6	6	1	1	GCF_016899425.1;GCF_053038975.1;GCF_053209605.1;GCF_905400185.1;MF6;MF7	GCF_016899425.1|KEDGBJ_00396;GCF_053038975.1|AHCKDM_00381;GCF_053209605.1|GFFINM_00380;GCF_905400185.1|DKPOPA_00344;MF6|CFFIHE_00351;MF7|EFEKAH_00531
GCF_016899425.1|KEDGBJ_00397	6	6	1	1	GCF_016899425.1;GCF_053038975.1;GCF_053209605.1;GCF_905400185.1;MF6;MF7	GCF_016899425.1|KEDGBJ_00397;GCF_053038975.1|AHCKDM_00382;GCF_053209605.1|GFFINM_00381;GCF_905400185.1|DKPOPA_00345;MF6|CFFIHE_00352;MF7|EFEKAH_00530
GCF_016899425.1|KEDGBJ_00398	6	6	1	1	GCF_016899425.1;GCF_053038975.1;GCF_053209605.1;GCF_905400185.1;MF6;MF7	GCF_016899425.1|KEDGBJ_00398;GCF_053038975.1|AHCKDM_00383;GCF_053209605.1|GFFINM_00382;GCF_905400185.1|DKPOPA_00346;MF6|CFFIHE_00353;MF7|EFEKAH_00529
GCF_016899425.1|KEDGBJ_00399	6	6	1	1	GCF_016899425.1;GCF_053038975.1;GCF_053209605.1;GCF_905400185.1;MF6;MF7	GCF_016899425.1|KEDGBJ_00399;GCF_053038975.1|AHCKDM_00384;GCF_053209605.1|GFFINM_00383;GCF_905400185.1|DKPOPA_00347;MF6|CFFIHE_00354;MF7|EFEKAH_00528
GCF_016899425.1|KEDGBJ_00400	6	6	1	1	GCF_016899425.1;GCF_053038975.1;GCF_053209605.1;GCF_905400185.1;MF6;MF7	GCF_016899425.1|KEDGBJ_00400;GCF_053038975.1|AHCKDM_00385;GCF_053209605.1|GFFINM_00384;GCF_905400185.1|DKPOPA_00348;MF6|CFFIHE_00355;MF7|EFEKAH_00527
GCF_016899425.1|KEDGBJ_00401	6	6	1	1	GCF_016899425.1;GCF_053038975.1;GCF_053209605.1;GCF_905400185.1;MF6;MF7	GCF_016899425.1|KEDGBJ_00401;GCF_053038975.1|AHCKDM_00386;GCF_053209605.1|GFFINM_00385;GCF_905400185.1|DKPOPA_00349;MF6|CFFIHE_00356;MF7|EFEKAH_00526
GCF_016899425.1|KEDGBJ_00402	6	6	1	1	GCF_016899425.1;GCF_053038975.1;GCF_053209605.1;GCF_905400185.1;MF6;MF7	GCF_016899425.1|KEDGBJ_00402;GCF_053038975.1|AHCKDM_00387;GCF_053209605.1|GFFINM_00386;GCF_905400185.1|DKPOPA_00350;MF6|CFFIHE_00357;MF7|EFEKAH_00525
GCF_016899425.1|KEDGBJ_00403	6	6	1	1	GCF_016899425.1;GCF_053038975.1;GCF_053209605.1;GCF_905400185.1;MF6;MF7	GCF_016899425.1|KEDGBJ_00403;GCF_053038975.1|AHCKDM_00388;GCF_053209605.1|GFFINM_00387;GCF_905400185.1|DKPOPA_00351;MF6|CFFIHE_00358;MF7|EFEKAH_00524
GCF_016899425.1|KEDGBJ_00404	6	6	1	1	GCF_016899425.1;GCF_053038975.1;GCF_053209605.1;GCF_905400185.1;MF6;MF7	GCF_016899425.1|KEDGBJ_00404;GCF_053038975.1|AHCKDM_00389;GCF_053209605.1|GFFINM_00388;GCF_905400185.1|DKPOPA_00352;MF6|CFFIHE_00359;MF7|EFEKAH_00523
GCF_016899425.1|KEDGBJ_00405	6	6	1	1	GCF_016899425.1;GCF_053038975.1;GCF_053209605.1;GCF_905400185.1;MF6;MF7	GCF_016899425.1|KEDGBJ_00405;GCF_053038975.1|AHCKDM_00390;GCF_053209605.1|GFFINM_00389;GCF_905400185.1|DKPOPA_00353;MF6|CFFIHE_00360;MF7|EFEKAH_00522
GCF_016899425.1|KEDGBJ_00406	6	6	1	1	GCF_016899425.1;GCF_053038975.1;GCF_053209605.1;GCF_905400185.1;MF6;MF7	GCF_016899425.1|KEDGBJ_00406;GCF_053038975.1|AHCKDM_00391;GCF_053209605.1|GFFINM_00390;GCF_905400185.1|DKPOPA_00354;MF6|CFFIHE_00361;MF7|EFEKAH_00521
GCF_016899425.1|KEDGBJ_00407	6	6	1	1	GCF_016899425.1;GCF_053038975.1;GCF_053209605.1;GCF_905400185.1;MF6;MF7	GCF_016899425.1|KEDGBJ_00407;GCF_053038975.1|AHCKDM_00392;GCF_053209605.1|GFFINM_00391;GCF_905400185.1|DKPOPA_00355;MF6|CFFIHE_00362;MF7|EFEKAH_00520
GCF_016899425.1|KEDGBJ_00408	6	6	1	1	GCF_016899425.1;GCF_053038975.1;GCF_053209605.1;GCF_905400185.1;MF6;MF7	GCF_016899425.1|KEDGBJ_00408;GCF_053038975.1|AHCKDM_00393;GCF_053209605.1|GFFINM_00392;GCF_905400185.1|DKPOPA_00356;MF6|CFFIHE_00363;MF7|EFEKAH_00519
GCF_016899425.1|KEDGBJ_00409	6	6	1	1	GCF_016899425.1;GCF_053038975.1;GCF_053209605.1;GCF_905400185.1;MF6;MF7	GCF_016899425.1|KEDGBJ_00409;GCF_053038975.1|AHCKDM_00394;GCF_053209605.1|GFFINM_00393;GCF_905400185.1|DKPOPA_00357;MF6|CFFIHE_00364;MF7|EFEKAH_00518
GCF_016899425.1|KEDGBJ_00410	6	6	1	1	GCF_016899425.1;GCF_053038975.1;GCF_053209605.1;GCF_905400185.1;MF6;MF7	GCF_016899425.1|KEDGBJ_00410;GCF_053038975.1|AHCKDM_00395;GCF_053209605.1|GFFINM_00394;GCF_905400185.1|DKPOPA_00358;MF6|CFFIHE_00365;MF7|EFEKAH_00517
GCF_016899425.1|KEDGBJ_00411	6	6	1	1	GCF_016899425.1;GCF_053038975.1;GCF_053209605.1;GCF_905400185.1;MF6;MF7	GCF_016899425.1|KEDGBJ_00411;GCF_053038975.1|AHCKDM_00396;GCF_053209605.1|GFFINM_00395;GCF_905400185.1|DKPOPA_00359;MF6|CFFIHE_00366;MF7|EFEKAH_00516
GCF_016899425.1|KEDGBJ_00412	6	6	1	1	GCF_016899425.1;GCF_053038975.1;GCF_053209605.1;GCF_905400185.1;MF6;MF7	GCF_016899425.1|KEDGBJ_00412;GCF_053038975.1|AHCKDM_00397;GCF_053209605.1|GFFINM_00396;GCF_905400185.1|DKPOPA_00360;MF6|CFFIHE_00367;MF7|EFEKAH_00515
GCF_016899425.1|KEDGBJ_00413	6	6	1	1	GCF_016899425.1;GCF_053038975.1;GCF_053209605.1;GCF_905400185.1;MF6;MF7	GCF_016899425.1|KEDGBJ_00413;GCF_053038975.1|AHCKDM_00398;GCF_053209605.1|GFFINM_00397;GCF_905400185.1|DKPOPA_00361;MF6|CFFIHE_00368;MF7|EFEKAH_00514
GCF_016899425.1|KEDGBJ_00414	6	6	1	1	GCF_016899425.1;GCF_053038975.1;GCF_053209605.1;GCF_905400185.1;MF6;MF7	GCF_016899425.1|KEDGBJ_00414;GCF_053038975.1|AHCKDM_00399;GCF_053209605.1|GFFINM_00398;GCF_905400185.1|DKPOPA_00362;MF6|CFFIHE_00369;MF7|EFEKAH_00513
GCF_016899425.1|KEDGBJ_00415	6	6	1	1	GCF_016899425.1;GCF_053038975.1;GCF_053209605.1;GCF_905400185.1;MF6;MF7	GCF_016899425.1|KEDGBJ_00415;GCF_053038975.1|AHCKDM_00400;GCF_053209605.1|GFFINM_00399;GCF_905400185.1|DKPOPA_00363;MF6|CFFIHE_00370;MF7|EFEKAH_00512
GCF_016899425.1|KEDGBJ_00416	6	6	1	1	GCF_016899425.1;GCF_053038975.1;GCF_053209605.1;GCF_905400185.1;MF6;MF7	GCF_016899425.1|KEDGBJ_00416;GCF_053038975.1|AHCKDM_00401;GCF_053209605.1|GFFINM_00400;GCF_905400185.1|DKPOPA_00364;MF6|CFFIHE_00371;MF7|EFEKAH_00511
GCF_016899425.1|KEDGBJ_00417	6	6	1	1	GCF_016899425.1;GCF_053038975.1;GCF_053209605.1;GCF_905400185.1;MF6;MF7	GCF_016899425.1|KEDGBJ_00417;GCF_053038975.1|AHCKDM_00402;GCF_053209605.1|GFFINM_00401;GCF_905400185.1|DKPOPA_00365;MF6|CFFIHE_00372;MF7|EFEKAH_00510
GCF_016899425.1|KEDGBJ_00418	6	6	1	1	GCF_016899425.1;GCF_053038975.1;GCF_053209605.1;GCF_905400185.1;MF6;MF7	GCF_016899425.1|KEDGBJ_00418;GCF_053038975.1|AHCKDM_00403;GCF_053209605.1|GFFINM_00402;GCF_905400185.1|DKPOPA_00366;MF6|CFFIHE_00373;MF7|EFEKAH_00509
GCF_016899425.1|KEDGBJ_00419	6	6	1	1	GCF_016899425.1;GCF_053038975.1;GCF_053209605.1;GCF_905400185.1;MF6;MF7	GCF_016899425.1|KEDGBJ_00419;GCF_053038975.1|AHCKDM_00404;GCF_053209605.1|GFFINM_00403;GCF_905400185.1|DKPOPA_00367;MF6|CFFIHE_00374;MF7|EFEKAH_00508
GCF_016899425.1|KEDGBJ_00420	6	6	1	1	GCF_016899425.1;GCF_053038975.1;GCF_053209605.1;GCF_905400185.1;MF6;MF7	GCF_016899425.1|KEDGBJ_00420;GCF_053038975.1|AHCKDM_00405;GCF_053209605.1|GFFINM_00404;GCF_905400185.1|DKPOPA_00368;MF6|CFFIHE_00375;MF7|EFEKAH_00507
GCF_016899425.1|KEDGBJ_00421	6	6	1	1	GCF_016899425.1;GCF_053038975.1;GCF_053209605.1;GCF_905400185.1;MF6;MF7	GCF_016899425.1|KEDGBJ_00421;GCF_053038975.1|AHCKDM_00406;GCF_053209605.1|GFFINM_00405;GCF_905400185.1|DKPOPA_00369;MF6|CFFIHE_00376;MF7|EFEKAH_00506
GCF_016899425.1|KEDGBJ_00422	6	6	1	1	GCF_016899425.1;GCF_053038975.1;GCF_053209605.1;GCF_905400185.1;MF6;MF7	GCF_016899425.1|KEDGBJ_00422;GCF_053038975.1|AHCKDM_00407;GCF_053209605.1|GFFINM_00406;GCF_905400185.1|DKPOPA_00370;MF6|CFFIHE_00377;MF7|EFEKAH_00505
GCF_016899425.1|KEDGBJ_00423	6	6	1	1	GCF_016899425.1;GCF_053038975.1;GCF_053209605.1;GCF_905400185.1;MF6;MF7	GCF_016899425.1|KEDGBJ_00423;GCF_053038975.1|AHCKDM_00408;GCF_053209605.1|GFFINM_00407;GCF_905400185.1|DKPOPA_00371;MF6|CFFIHE_00378;MF7|EFEKAH_00504
GCF_016899425.1|KEDGBJ_00424	6	6	1	1	GCF_016899425.1;GCF_053038975.1;GCF_053209605.1;GCF_905400185.1;MF6;MF7	GCF_016899425.1|KEDGBJ_00424;GCF_053038975.1|AHCKDM_00409;GCF_053209605.1|GFFINM_00408;GCF_905400185.1|DKPOPA_00372;MF6|CFFIHE_00379;MF7|EFEKAH_00503
GCF_016899425.1|KEDGBJ_00425	6	6	1	1	GCF_016899425.1;GCF_053038975.1;GCF_053209605.1;GCF_905400185.1;MF6;MF7	GCF_016899425.1|KEDGBJ_00425;GCF_053038975.1|AHCKDM_00410;GCF_053209605.1|GFFINM_00409;GCF_905400185.1|DKPOPA_00373;MF6|CFFIHE_00380;MF7|EFEKAH_00502
GCF_016899425.1|KEDGBJ_00426	6	6	1	1	GCF_016899425.1;GCF_053038975.1;GCF_053209605.1;GCF_905400185.1;MF6;MF7	GCF_016899425.1|KEDGBJ_00426;GCF_053038975.1|AHCKDM_00411;GCF_053209605.1|GFFINM_00410;GCF_905400185.1|DKPOPA_00374;MF6|CFFIHE_00381;MF7|EFEKAH_00501
GCF_016899425.1|KEDGBJ_00427	6	6	1	1	GCF_016899425.1;GCF_053038975.1;GCF_053209605.1;GCF_905400185.1;MF6;MF7	GCF_016899425.1|KEDGBJ_00427;GCF_053038975.1|AHCKDM_00412;GCF_053209605.1|GFFINM_00411;GCF_905400185.1|DKPOPA_00375;MF6|CFFIHE_00382;MF7|EFEKAH_00500
GCF_016899425.1|KEDGBJ_00428	6	6	1	1	GCF_016899425.1;GCF_053038975.1;GCF_053209605.1;GCF_905400185.1;MF6;MF7	GCF_016899425.1|KEDGBJ_00428;GCF_053038975.1|AHCKDM_00413;GCF_053209605.1|GFFINM_00412;GCF_905400185.1|DKPOPA_00376;MF6|CFFIHE_00383;MF7|EFEKAH_00499
GCF_016899425.1|KEDGBJ_00429	6	6	1	1	GCF_016899425.1;GCF_053038975.1;GCF_053209605.1;GCF_905400185.1;MF6;MF7	GCF_016899425.1|KEDGBJ_00429;GCF_053038975.1|AHCKDM_00414;GCF_053209605.1|GFFINM_00413;GCF_905400185.1|DKPOPA_00377;MF6|CFFIHE_00384;MF7|EFEKAH_00498
GCF_016899425.1|KEDGBJ_00430	6	6	1	1	GCF_016899425.1;GCF_053038975.1;GCF_053209605.1;GCF_905400185.1;MF6;MF7	GCF_016899425.1|KEDGBJ_00430;GCF_053038975.1|AHCKDM_00415;GCF_053209605.1|GFFINM_00414;GCF_905400185.1|DKPOPA_00378;MF6|CFFIHE_00385;MF7|EFEKAH_00497
GCF_016899425.1|KEDGBJ_00431	6	6	1	1	GCF_016899425.1;GCF_053038975.1;GCF_053209605.1;GCF_905400185.1;MF6;MF7	GCF_016899425.1|KEDGBJ_00431;GCF_053038975.1|AHCKDM_00416;GCF_053209605.1|GFFINM_00415;GCF_905400185.1|DKPOPA_00379;MF6|CFFIHE_00386;MF7|EFEKAH_00496
GCF_016899425.1|KEDGBJ_00432	6	6	1	1	GCF_016899425.1;GCF_053038975.1;GCF_053209605.1;GCF_905400185.1;MF6;MF7	GCF_016899425.1|KEDGBJ_00432;GCF_053038975.1|AHCKDM_00417;GCF_053209605.1|GFFINM_00416;GCF_905400185.1|DKPOPA_00380;MF6|CFFIHE_00387;MF7|EFEKAH_00495
GCF_016899425.1|KEDGBJ_00433	6	6	1	1	GCF_016899425.1;GCF_053038975.1;GCF_053209605.1;GCF_905400185.1;MF6;MF7	GCF_016899425.1|KEDGBJ_00433;GCF_053038975.1|AHCKDM_00418;GCF_053209605.1|GFFINM_00417;GCF_905400185.1|DKPOPA_00381;MF6|CFFIHE_00388;MF7|EFEKAH_00494
GCF_016899425.1|KEDGBJ_00435	1	1	0	0	GCF_016899425.1	GCF_016899425.1|KEDGBJ_00435
GCF_016899425.1|KEDGBJ_00436	1	1	0	0	GCF_016899425.1	GCF_016899425.1|KEDGBJ_00436
GCF_016899425.1|KEDGBJ_00437	1	1	0	0	GCF_016899425.1	GCF_016899425.1|KEDGBJ_00437
GCF_016899425.1|KEDGBJ_00438	1	1	0	0	GCF_016899425.1	GCF_016899425.1|KEDGBJ_00438
GCF_016899425.1|KEDGBJ_00439	1	1	0	0	GCF_016899425.1	GCF_016899425.1|KEDGBJ_00439
GCF_016899425.1|KEDGBJ_00440	1	1	0	0	GCF_016899425.1	GCF_016899425.1|KEDGBJ_00440
GCF_016899425.1|KEDGBJ_00441	1	1	0	0	GCF_016899425.1	GCF_016899425.1|KEDGBJ_00441
GCF_016899425.1|KEDGBJ_00442	1	1	0	0	GCF_016899425.1	GCF_016899425.1|KEDGBJ_00442
GCF_016899425.1|KEDGBJ_00443	1	1	0	0	GCF_016899425.1	GCF_016899425.1|KEDGBJ_00443
GCF_016899425.1|KEDGBJ_00444	1	1	0	0	GCF_016899425.1	GCF_016899425.1|KEDGBJ_00444
GCF_016899425.1|KEDGBJ_00445	1	1	0	0	GCF_016899425.1	GCF_016899425.1|KEDGBJ_00445
GCF_016899425.1|KEDGBJ_00446	4	4	0	0	GCF_016899425.1;GCF_905400185.1;MF6;MF7	GCF_016899425.1|KEDGBJ_00446;GCF_905400185.1|DKPOPA_01279;MF6|CFFIHE_02794;MF7|EFEKAH_05565
GCF_016899425.1|KEDGBJ_00447	1	1	0	0	GCF_016899425.1	GCF_016899425.1|KEDGBJ_00447
GCF_016899425.1|KEDGBJ_00448	4	4	0	0	GCF_016899425.1;GCF_905400185.1;MF6;MF7	GCF_016899425.1|KEDGBJ_00448;GCF_905400185.1|DKPOPA_01282;MF6|CFFIHE_02791;MF7|EFEKAH_05562
GCF_016899425.1|KEDGBJ_00449	2	2	0	0	GCF_016899425.1;GCF_905400185.1	GCF_016899425.1|KEDGBJ_00449;GCF_905400185.1|DKPOPA_01283
GCF_016899425.1|KEDGBJ_00450	1	1	0	0	GCF_016899425.1	GCF_016899425.1|KEDGBJ_00450
GCF_016899425.1|KEDGBJ_00451	4	4	0	0	GCF_016899425.1;GCF_905400185.1;MF6;MF7	GCF_016899425.1|KEDGBJ_00451;GCF_905400185.1|DKPOPA_01285;MF6|CFFIHE_02788;MF7|EFEKAH_05559
GCF_016899425.1|KEDGBJ_00452	1	1	0	0	GCF_016899425.1	GCF_016899425.1|KEDGBJ_00452
GCF_016899425.1|KEDGBJ_00453	4	4	0	0	GCF_016899425.1;GCF_905400185.1;MF6;MF7	GCF_016899425.1|KEDGBJ_00453;GCF_905400185.1|DKPOPA_01287;MF6|CFFIHE_02786;MF7|EFEKAH_05557
GCF_016899425.1|KEDGBJ_00454	1	1	0	0	GCF_016899425.1	GCF_016899425.1|KEDGBJ_00454
GCF_016899425.1|KEDGBJ_00455	1	1	0	0	GCF_016899425.1	GCF_016899425.1|KEDGBJ_00455
GCF_016899425.1|KEDGBJ_00456	1	1	0	0	GCF_016899425.1	GCF_016899425.1|KEDGBJ_00456
GCF_016899425.1|KEDGBJ_00457	1	1	0	0	GCF_016899425.1	GCF_016899425.1|KEDGBJ_00457
GCF_016899425.1|KEDGBJ_00458	1	1	0	0	GCF_016899425.1	GCF_016899425.1|KEDGBJ_00458
GCF_016899425.1|KEDGBJ_00459	1	1	0	0	GCF_016899425.1	GCF_016899425.1|KEDGBJ_00459
GCF_016899425.1|KEDGBJ_00460	1	1	0	0	GCF_016899425.1	GCF_016899425.1|KEDGBJ_00460
GCF_016899425.1|KEDGBJ_00461	1	1	0	0	GCF_016899425.1	GCF_016899425.1|KEDGBJ_00461
GCF_016899425.1|KEDGBJ_00462	1	1	0	0	GCF_016899425.1	GCF_016899425.1|KEDGBJ_00462
GCF_016899425.1|KEDGBJ_00463	1	1	0	0	GCF_016899425.1	GCF_016899425.1|KEDGBJ_00463
GCF_016899425.1|KEDGBJ_00464	1	1	0	0	GCF_016899425.1	GCF_016899425.1|KEDGBJ_00464
GCF_016899425.1|KEDGBJ_00466	6	6	1	1	GCF_016899425.1;GCF_053038975.1;GCF_053209605.1;GCF_905400185.1;MF6;MF7	GCF_016899425.1|KEDGBJ_00466;GCF_053038975.1|AHCKDM_00441;GCF_053209605.1|GFFINM_00440;GCF_905400185.1|DKPOPA_00383;MF6|CFFIHE_00395;MF7|EFEKAH_00487
GCF_016899425.1|KEDGBJ_00467	6	6	1	1	GCF_016899425.1;GCF_053038975.1;GCF_053209605.1;GCF_905400185.1;MF6;MF7	GCF_016899425.1|KEDGBJ_00467;GCF_053038975.1|AHCKDM_00442;GCF_053209605.1|GFFINM_00441;GCF_905400185.1|DKPOPA_00384;MF6|CFFIHE_00396;MF7|EFEKAH_00486
GCF_016899425.1|KEDGBJ_00468	4	4	0	0	GCF_016899425.1;GCF_905400185.1;MF6;MF7	GCF_016899425.1|KEDGBJ_00468;GCF_905400185.1|DKPOPA_00385;MF6|CFFIHE_00397;MF7|EFEKAH_00485
GCF_016899425.1|KEDGBJ_00469	4	4	0	0	GCF_016899425.1;GCF_905400185.1;MF6;MF7	GCF_016899425.1|KEDGBJ_00469;GCF_905400185.1|DKPOPA_00386;MF6|CFFIHE_00398;MF7|EFEKAH_00484
GCF_016899425.1|KEDGBJ_00470	4	4	0	0	GCF_016899425.1;GCF_905400185.1;MF6;MF7	GCF_016899425.1|KEDGBJ_00470;GCF_905400185.1|DKPOPA_00387;MF6|CFFIHE_00399;MF7|EFEKAH_00483
GCF_016899425.1|KEDGBJ_00471	4	4	0	0	GCF_016899425.1;GCF_905400185.1;MF6;MF7	GCF_016899425.1|KEDGBJ_00471;GCF_905400185.1|DKPOPA_00388;MF6|CFFIHE_00400;MF7|EFEKAH_00482
GCF_016899425.1|KEDGBJ_00472	4	4	0	0	GCF_016899425.1;GCF_905400185.1;MF6;MF7	GCF_016899425.1|KEDGBJ_00472;GCF_905400185.1|DKPOPA_00389;MF6|CFFIHE_00401;MF7|EFEKAH_00481
GCF_016899425.1|KEDGBJ_00473	4	4	0	0	GCF_016899425.1;GCF_905400185.1;MF6;MF7	GCF_016899425.1|KEDGBJ_00473;GCF_905400185.1|DKPOPA_00390;MF6|CFFIHE_00402;MF7|EFEKAH_00480
GCF_016899425.1|KEDGBJ_00474	4	4	0	0	GCF_016899425.1;GCF_905400185.1;MF6;MF7	GCF_016899425.1|KEDGBJ_00474;GCF_905400185.1|DKPOPA_00391;MF6|CFFIHE_00403;MF7|EFEKAH_00479
GCF_016899425.1|KEDGBJ_00475	6	6	1	1	GCF_016899425.1;GCF_053038975.1;GCF_053209605.1;GCF_905400185.1;MF6;MF7	GCF_016899425.1|KEDGBJ_00475;GCF_053038975.1|AHCKDM_00446;GCF_053209605.1|GFFINM_00445;GCF_905400185.1|DKPOPA_00392;MF6|CFFIHE_00404;MF7|EFEKAH_00478
GCF_016899425.1|KEDGBJ_00476	6	6	1	1	GCF_016899425.1;GCF_053038975.1;GCF_053209605.1;GCF_905400185.1;MF6;MF7	GCF_016899425.1|KEDGBJ_00476;GCF_053038975.1|AHCKDM_00447;GCF_053209605.1|GFFINM_00446;GCF_905400185.1|DKPOPA_00393;MF6|CFFIHE_00405;MF7|EFEKAH_00477
GCF_016899425.1|KEDGBJ_00477	6	6	1	1	GCF_016899425.1;GCF_053038975.1;GCF_053209605.1;GCF_905400185.1;MF6;MF7	GCF_016899425.1|KEDGBJ_00477;GCF_053038975.1|AHCKDM_00448;GCF_053209605.1|GFFINM_00447;GCF_905400185.1|DKPOPA_00394;MF6|CFFIHE_00406;MF7|EFEKAH_00476
GCF_016899425.1|KEDGBJ_00478	6	6	1	1	GCF_016899425.1;GCF_053038975.1;GCF_053209605.1;GCF_905400185.1;MF6;MF7	GCF_016899425.1|KEDGBJ_00478;GCF_053038975.1|AHCKDM_00449;GCF_053209605.1|GFFINM_00448;GCF_905400185.1|DKPOPA_00395;MF6|CFFIHE_00407;MF7|EFEKAH_00475
GCF_016899425.1|KEDGBJ_00479	6	6	1	1	GCF_016899425.1;GCF_053038975.1;GCF_053209605.1;GCF_905400185.1;MF6;MF7	GCF_016899425.1|KEDGBJ_00479;GCF_053038975.1|AHCKDM_00450;GCF_053209605.1|GFFINM_00449;GCF_905400185.1|DKPOPA_00396;MF6|CFFIHE_00408;MF7|EFEKAH_00474
GCF_016899425.1|KEDGBJ_00480	6	6	1	1	GCF_016899425.1;GCF_053038975.1;GCF_053209605.1;GCF_905400185.1;MF6;MF7	GCF_016899425.1|KEDGBJ_00480;GCF_053038975.1|AHCKDM_00451;GCF_053209605.1|GFFINM_00450;GCF_905400185.1|DKPOPA_00397;MF6|CFFIHE_00409;MF7|EFEKAH_00473
GCF_016899425.1|KEDGBJ_00481	6	6	1	1	GCF_016899425.1;GCF_053038975.1;GCF_053209605.1;GCF_905400185.1;MF6;MF7	GCF_016899425.1|KEDGBJ_00481;GCF_053038975.1|AHCKDM_00452;GCF_053209605.1|GFFINM_00451;GCF_905400185.1|DKPOPA_00398;MF6|CFFIHE_00410;MF7|EFEKAH_00472
GCF_016899425.1|KEDGBJ_00482	6	6	1	1	GCF_016899425.1;GCF_053038975.1;GCF_053209605.1;GCF_905400185.1;MF6;MF7	GCF_016899425.1|KEDGBJ_00482;GCF_053038975.1|AHCKDM_00453;GCF_053209605.1|GFFINM_00452;GCF_905400185.1|DKPOPA_00399;MF6|CFFIHE_00411;MF7|EFEKAH_00471
GCF_016899425.1|KEDGBJ_00483	6	6	1	1	GCF_016899425.1;GCF_053038975.1;GCF_053209605.1;GCF_905400185.1;MF6;MF7	GCF_016899425.1|KEDGBJ_00483;GCF_053038975.1|AHCKDM_00454;GCF_053209605.1|GFFINM_00453;GCF_905400185.1|DKPOPA_00400;MF6|CFFIHE_00412;MF7|EFEKAH_00470
GCF_016899425.1|KEDGBJ_00484	6	6	1	1	GCF_016899425.1;GCF_053038975.1;GCF_053209605.1;GCF_905400185.1;MF6;MF7	GCF_016899425.1|KEDGBJ_00484;GCF_053038975.1|AHCKDM_00455;GCF_053209605.1|GFFINM_00454;GCF_905400185.1|DKPOPA_00401;MF6|CFFIHE_00413;MF7|EFEKAH_00469
GCF_016899425.1|KEDGBJ_00485	6	6	1	1	GCF_016899425.1;GCF_053038975.1;GCF_053209605.1;GCF_905400185.1;MF6;MF7	GCF_016899425.1|KEDGBJ_00485;GCF_053038975.1|AHCKDM_00456;GCF_053209605.1|GFFINM_00455;GCF_905400185.1|DKPOPA_00402;MF6|CFFIHE_00414;MF7|EFEKAH_00468
GCF_016899425.1|KEDGBJ_00486	6	6	1	1	GCF_016899425.1;GCF_053038975.1;GCF_053209605.1;GCF_905400185.1;MF6;MF7	GCF_016899425.1|KEDGBJ_00486;GCF_053038975.1|AHCKDM_00457;GCF_053209605.1|GFFINM_00456;GCF_905400185.1|DKPOPA_00403;MF6|CFFIHE_00415;MF7|EFEKAH_00467
GCF_016899425.1|KEDGBJ_00487	6	6	1	1	GCF_016899425.1;GCF_053038975.1;GCF_053209605.1;GCF_905400185.1;MF6;MF7	GCF_016899425.1|KEDGBJ_00487;GCF_053038975.1|AHCKDM_00458;GCF_053209605.1|GFFINM_00457;GCF_905400185.1|DKPOPA_00404;MF6|CFFIHE_00416;MF7|EFEKAH_00466
GCF_016899425.1|KEDGBJ_00488	6	6	1	1	GCF_016899425.1;GCF_053038975.1;GCF_053209605.1;GCF_905400185.1;MF6;MF7	GCF_016899425.1|KEDGBJ_00488;GCF_053038975.1|AHCKDM_00459;GCF_053209605.1|GFFINM_00458;GCF_905400185.1|DKPOPA_00405;MF6|CFFIHE_00417;MF7|EFEKAH_00465
GCF_016899425.1|KEDGBJ_00489	6	6	1	1	GCF_016899425.1;GCF_053038975.1;GCF_053209605.1;GCF_905400185.1;MF6;MF7	GCF_016899425.1|KEDGBJ_00489;GCF_053038975.1|AHCKDM_00460;GCF_053209605.1|GFFINM_00459;GCF_905400185.1|DKPOPA_00406;MF6|CFFIHE_00418;MF7|EFEKAH_00464
GCF_016899425.1|KEDGBJ_00490	6	6	1	1	GCF_016899425.1;GCF_053038975.1;GCF_053209605.1;GCF_905400185.1;MF6;MF7	GCF_016899425.1|KEDGBJ_00490;GCF_053038975.1|AHCKDM_00461;GCF_053209605.1|GFFINM_00460;GCF_905400185.1|DKPOPA_00407;MF6|CFFIHE_00419;MF7|EFEKAH_00463
GCF_016899425.1|KEDGBJ_00492	6	6	1	1	GCF_016899425.1;GCF_053038975.1;GCF_053209605.1;GCF_905400185.1;MF6;MF7	GCF_016899425.1|KEDGBJ_00492;GCF_053038975.1|AHCKDM_00463;GCF_053209605.1|GFFINM_00462;GCF_905400185.1|DKPOPA_00409;MF6|CFFIHE_00421;MF7|EFEKAH_00461
GCF_016899425.1|KEDGBJ_00493	6	6	1	1	GCF_016899425.1;GCF_053038975.1;GCF_053209605.1;GCF_905400185.1;MF6;MF7	GCF_016899425.1|KEDGBJ_00493;GCF_053038975.1|AHCKDM_00464;GCF_053209605.1|GFFINM_00463;GCF_905400185.1|DKPOPA_00410;MF6|CFFIHE_00422;MF7|EFEKAH_00460
GCF_016899425.1|KEDGBJ_00494	6	6	1	1	GCF_016899425.1;GCF_053038975.1;GCF_053209605.1;GCF_905400185.1;MF6;MF7	GCF_016899425.1|KEDGBJ_00494;GCF_053038975.1|AHCKDM_00465;GCF_053209605.1|GFFINM_00464;GCF_905400185.1|DKPOPA_00411;MF6|CFFIHE_00423;MF7|EFEKAH_00459
GCF_016899425.1|KEDGBJ_00495	6	6	1	1	GCF_016899425.1;GCF_053038975.1;GCF_053209605.1;GCF_905400185.1;MF6;MF7	GCF_016899425.1|KEDGBJ_00495;GCF_053038975.1|AHCKDM_00466;GCF_053209605.1|GFFINM_00465;GCF_905400185.1|DKPOPA_00412;MF6|CFFIHE_00424;MF7|EFEKAH_00458
GCF_016899425.1|KEDGBJ_00496	6	6	1	1	GCF_016899425.1;GCF_053038975.1;GCF_053209605.1;GCF_905400185.1;MF6;MF7	GCF_016899425.1|KEDGBJ_00496;GCF_053038975.1|AHCKDM_00467;GCF_053209605.1|GFFINM_00466;GCF_905400185.1|DKPOPA_00413;MF6|CFFIHE_00425;MF7|EFEKAH_00457
GCF_016899425.1|KEDGBJ_00497	6	6	1	1	GCF_016899425.1;GCF_053038975.1;GCF_053209605.1;GCF_905400185.1;MF6;MF7	GCF_016899425.1|KEDGBJ_00497;GCF_053038975.1|AHCKDM_00468;GCF_053209605.1|GFFINM_00467;GCF_905400185.1|DKPOPA_00414;MF6|CFFIHE_00426;MF7|EFEKAH_00456
GCF_016899425.1|KEDGBJ_00498	6	6	1	1	GCF_016899425.1;GCF_053038975.1;GCF_053209605.1;GCF_905400185.1;MF6;MF7	GCF_016899425.1|KEDGBJ_00498;GCF_053038975.1|AHCKDM_00469;GCF_053209605.1|GFFINM_00468;GCF_905400185.1|DKPOPA_00415;MF6|CFFIHE_00427;MF7|EFEKAH_00455
GCF_016899425.1|KEDGBJ_00499	6	6	1	1	GCF_016899425.1;GCF_053038975.1;GCF_053209605.1;GCF_905400185.1;MF6;MF7	GCF_016899425.1|KEDGBJ_00499;GCF_053038975.1|AHCKDM_00470;GCF_053209605.1|GFFINM_00469;GCF_905400185.1|DKPOPA_00416;MF6|CFFIHE_00428;MF7|EFEKAH_00454
GCF_016899425.1|KEDGBJ_00500	6	6	1	1	GCF_016899425.1;GCF_053038975.1;GCF_053209605.1;GCF_905400185.1;MF6;MF7	GCF_016899425.1|KEDGBJ_00500;GCF_053038975.1|AHCKDM_00471;GCF_053209605.1|GFFINM_00470;GCF_905400185.1|DKPOPA_00417;MF6|CFFIHE_00429;MF7|EFEKAH_00453
GCF_016899425.1|KEDGBJ_00501	6	6	1	1	GCF_016899425.1;GCF_053038975.1;GCF_053209605.1;GCF_905400185.1;MF6;MF7	GCF_016899425.1|KEDGBJ_00501;GCF_053038975.1|AHCKDM_00472;GCF_053209605.1|GFFINM_00471;GCF_905400185.1|DKPOPA_00418;MF6|CFFIHE_00430;MF7|EFEKAH_00452
GCF_016899425.1|KEDGBJ_00502	6	6	1	1	GCF_016899425.1;GCF_053038975.1;GCF_053209605.1;GCF_905400185.1;MF6;MF7	GCF_016899425.1|KEDGBJ_00502;GCF_053038975.1|AHCKDM_00473;GCF_053209605.1|GFFINM_00472;GCF_905400185.1|DKPOPA_00419;MF6|CFFIHE_00431;MF7|EFEKAH_00451
GCF_016899425.1|KEDGBJ_00503	6	6	1	1	GCF_016899425.1;GCF_053038975.1;GCF_053209605.1;GCF_905400185.1;MF6;MF7	GCF_016899425.1|KEDGBJ_00503;GCF_053038975.1|AHCKDM_00474;GCF_053209605.1|GFFINM_00473;GCF_905400185.1|DKPOPA_00420;MF6|CFFIHE_00432;MF7|EFEKAH_00450
GCF_016899425.1|KEDGBJ_00504	6	6	1	1	GCF_016899425.1;GCF_053038975.1;GCF_053209605.1;GCF_905400185.1;MF6;MF7	GCF_016899425.1|KEDGBJ_00504;GCF_053038975.1|AHCKDM_00475;GCF_053209605.1|GFFINM_00474;GCF_905400185.1|DKPOPA_00421;MF6|CFFIHE_00433;MF7|EFEKAH_00449
GCF_016899425.1|KEDGBJ_00505	6	6	1	1	GCF_016899425.1;GCF_053038975.1;GCF_053209605.1;GCF_905400185.1;MF6;MF7	GCF_016899425.1|KEDGBJ_00505;GCF_053038975.1|AHCKDM_00476;GCF_053209605.1|GFFINM_00475;GCF_905400185.1|DKPOPA_00422;MF6|CFFIHE_00434;MF7|EFEKAH_00448
GCF_016899425.1|KEDGBJ_00506	6	6	1	1	GCF_016899425.1;GCF_053038975.1;GCF_053209605.1;GCF_905400185.1;MF6;MF7	GCF_016899425.1|KEDGBJ_00506;GCF_053038975.1|AHCKDM_00477;GCF_053209605.1|GFFINM_00476;GCF_905400185.1|DKPOPA_00423;MF6|CFFIHE_00435;MF7|EFEKAH_00447
GCF_016899425.1|KEDGBJ_00507	6	6	1	1	GCF_016899425.1;GCF_053038975.1;GCF_053209605.1;GCF_905400185.1;MF6;MF7	GCF_016899425.1|KEDGBJ_00507;GCF_053038975.1|AHCKDM_00478;GCF_053209605.1|GFFINM_00477;GCF_905400185.1|DKPOPA_00424;MF6|CFFIHE_00436;MF7|EFEKAH_00446
GCF_016899425.1|KEDGBJ_00508	6	6	1	1	GCF_016899425.1;GCF_053038975.1;GCF_053209605.1;GCF_905400185.1;MF6;MF7	GCF_016899425.1|KEDGBJ_00508;GCF_053038975.1|AHCKDM_00479;GCF_053209605.1|GFFINM_00478;GCF_905400185.1|DKPOPA_00425;MF6|CFFIHE_00437;MF7|EFEKAH_00445
GCF_016899425.1|KEDGBJ_00509	6	6	1	1	GCF_016899425.1;GCF_053038975.1;GCF_053209605.1;GCF_905400185.1;MF6;MF7	GCF_016899425.1|KEDGBJ_00509;GCF_053038975.1|AHCKDM_00480;GCF_053209605.1|GFFINM_00479;GCF_905400185.1|DKPOPA_00426;MF6|CFFIHE_00438;MF7|EFEKAH_00444
GCF_016899425.1|KEDGBJ_00510	6	6	1	1	GCF_016899425.1;GCF_053038975.1;GCF_053209605.1;GCF_905400185.1;MF6;MF7	GCF_016899425.1|KEDGBJ_00510;GCF_053038975.1|AHCKDM_00481;GCF_053209605.1|GFFINM_00480;GCF_905400185.1|DKPOPA_00427;MF6|CFFIHE_00439;MF7|EFEKAH_00443
GCF_016899425.1|KEDGBJ_00511	6	6	1	1	GCF_016899425.1;GCF_053038975.1;GCF_053209605.1;GCF_905400185.1;MF6;MF7	GCF_016899425.1|KEDGBJ_00511;GCF_053038975.1|AHCKDM_00482;GCF_053209605.1|GFFINM_00481;GCF_905400185.1|DKPOPA_00428;MF6|CFFIHE_00440;MF7|EFEKAH_00442
GCF_016899425.1|KEDGBJ_00512	6	6	1	1	GCF_016899425.1;GCF_053038975.1;GCF_053209605.1;GCF_905400185.1;MF6;MF7	GCF_016899425.1|KEDGBJ_00512;GCF_053038975.1|AHCKDM_00483;GCF_053209605.1|GFFINM_00482;GCF_905400185.1|DKPOPA_00429;MF6|CFFIHE_00441;MF7|EFEKAH_00441
GCF_016899425.1|KEDGBJ_00513	6	6	1	1	GCF_016899425.1;GCF_053038975.1;GCF_053209605.1;GCF_905400185.1;MF6;MF7	GCF_016899425.1|KEDGBJ_00513;GCF_053038975.1|AHCKDM_00484;GCF_053209605.1|GFFINM_00483;GCF_905400185.1|DKPOPA_00430;MF6|CFFIHE_00442;MF7|EFEKAH_00440
GCF_016899425.1|KEDGBJ_00514	6	6	1	1	GCF_016899425.1;GCF_053038975.1;GCF_053209605.1;GCF_905400185.1;MF6;MF7	GCF_016899425.1|KEDGBJ_00514;GCF_053038975.1|AHCKDM_00485;GCF_053209605.1|GFFINM_00484;GCF_905400185.1|DKPOPA_00431;MF6|CFFIHE_00443;MF7|EFEKAH_00439
GCF_016899425.1|KEDGBJ_00515	6	6	1	1	GCF_016899425.1;GCF_053038975.1;GCF_053209605.1;GCF_905400185.1;MF6;MF7	GCF_016899425.1|KEDGBJ_00515;GCF_053038975.1|AHCKDM_00486;GCF_053209605.1|GFFINM_00485;GCF_905400185.1|DKPOPA_00432;MF6|CFFIHE_00444;MF7|EFEKAH_00438
GCF_016899425.1|KEDGBJ_00516	6	6	1	1	GCF_016899425.1;GCF_053038975.1;GCF_053209605.1;GCF_905400185.1;MF6;MF7	GCF_016899425.1|KEDGBJ_00516;GCF_053038975.1|AHCKDM_00487;GCF_053209605.1|GFFINM_00486;GCF_905400185.1|DKPOPA_00433;MF6|CFFIHE_00445;MF7|EFEKAH_00437
GCF_016899425.1|KEDGBJ_00517	6	6	1	1	GCF_016899425.1;GCF_053038975.1;GCF_053209605.1;GCF_905400185.1;MF6;MF7	GCF_016899425.1|KEDGBJ_00517;GCF_053038975.1|AHCKDM_00488;GCF_053209605.1|GFFINM_00487;GCF_905400185.1|DKPOPA_00434;MF6|CFFIHE_00446;MF7|EFEKAH_00436
GCF_016899425.1|KEDGBJ_00518	6	6	1	1	GCF_016899425.1;GCF_053038975.1;GCF_053209605.1;GCF_905400185.1;MF6;MF7	GCF_016899425.1|KEDGBJ_00518;GCF_053038975.1|AHCKDM_00489;GCF_053209605.1|GFFINM_00488;GCF_905400185.1|DKPOPA_00435;MF6|CFFIHE_00447;MF7|EFEKAH_00435
GCF_016899425.1|KEDGBJ_00519	6	6	1	1	GCF_016899425.1;GCF_053038975.1;GCF_053209605.1;GCF_905400185.1;MF6;MF7	GCF_016899425.1|KEDGBJ_00519;GCF_053038975.1|AHCKDM_00490;GCF_053209605.1|GFFINM_00489;GCF_905400185.1|DKPOPA_00436;MF6|CFFIHE_00448;MF7|EFEKAH_00434
GCF_016899425.1|KEDGBJ_00520	6	6	1	1	GCF_016899425.1;GCF_053038975.1;GCF_053209605.1;GCF_905400185.1;MF6;MF7	GCF_016899425.1|KEDGBJ_00520;GCF_053038975.1|AHCKDM_00491;GCF_053209605.1|GFFINM_00490;GCF_905400185.1|DKPOPA_00437;MF6|CFFIHE_00449;MF7|EFEKAH_00433
GCF_016899425.1|KEDGBJ_00521	4	4	0	0	GCF_016899425.1;GCF_905400185.1;MF6;MF7	GCF_016899425.1|KEDGBJ_00521;GCF_905400185.1|DKPOPA_00438;MF6|CFFIHE_00450;MF7|EFEKAH_00432
GCF_016899425.1|KEDGBJ_00523	6	6	1	1	GCF_016899425.1;GCF_053038975.1;GCF_053209605.1;GCF_905400185.1;MF6;MF7	GCF_016899425.1|KEDGBJ_00523;GCF_053038975.1|AHCKDM_00492;GCF_053209605.1|GFFINM_00491;GCF_905400185.1|DKPOPA_00440;MF6|CFFIHE_00452;MF7|EFEKAH_00430
GCF_016899425.1|KEDGBJ_00524	6	6	1	1	GCF_016899425.1;GCF_053038975.1;GCF_053209605.1;GCF_905400185.1;MF6;MF7	GCF_016899425.1|KEDGBJ_00524;GCF_053038975.1|AHCKDM_00493;GCF_053209605.1|GFFINM_00492;GCF_905400185.1|DKPOPA_00441;MF6|CFFIHE_00453;MF7|EFEKAH_00429
GCF_016899425.1|KEDGBJ_00525	6	6	1	1	GCF_016899425.1;GCF_053038975.1;GCF_053209605.1;GCF_905400185.1;MF6;MF7	GCF_016899425.1|KEDGBJ_00525;GCF_053038975.1|AHCKDM_00495;GCF_053209605.1|GFFINM_00494;GCF_905400185.1|DKPOPA_00442;MF6|CFFIHE_00454;MF7|EFEKAH_00428
GCF_016899425.1|KEDGBJ_00526	6	6	1	1	GCF_016899425.1;GCF_053038975.1;GCF_053209605.1;GCF_905400185.1;MF6;MF7	GCF_016899425.1|KEDGBJ_00526;GCF_053038975.1|AHCKDM_00496;GCF_053209605.1|GFFINM_00495;GCF_905400185.1|DKPOPA_00443;MF6|CFFIHE_00455;MF7|EFEKAH_00427
GCF_016899425.1|KEDGBJ_00527	6	6	1	1	GCF_016899425.1;GCF_053038975.1;GCF_053209605.1;GCF_905400185.1;MF6;MF7	GCF_016899425.1|KEDGBJ_00527;GCF_053038975.1|AHCKDM_00497;GCF_053209605.1|GFFINM_00496;GCF_905400185.1|DKPOPA_00457;MF6|CFFIHE_00456;MF7|EFEKAH_00426
GCF_016899425.1|KEDGBJ_00528	6	6	1	1	GCF_016899425.1;GCF_053038975.1;GCF_053209605.1;GCF_905400185.1;MF6;MF7	GCF_016899425.1|KEDGBJ_00528;GCF_053038975.1|AHCKDM_00498;GCF_053209605.1|GFFINM_00497;GCF_905400185.1|DKPOPA_00458;MF6|CFFIHE_00457;MF7|EFEKAH_00425
GCF_016899425.1|KEDGBJ_00529	6	6	1	1	GCF_016899425.1;GCF_053038975.1;GCF_053209605.1;GCF_905400185.1;MF6;MF7	GCF_016899425.1|KEDGBJ_00529;GCF_053038975.1|AHCKDM_00499;GCF_053209605.1|GFFINM_00498;GCF_905400185.1|DKPOPA_00459;MF6|CFFIHE_00458;MF7|EFEKAH_00424
GCF_016899425.1|KEDGBJ_00530	6	6	1	1	GCF_016899425.1;GCF_053038975.1;GCF_053209605.1;GCF_905400185.1;MF6;MF7	GCF_016899425.1|KEDGBJ_00530;GCF_053038975.1|AHCKDM_00500;GCF_053209605.1|GFFINM_00499;GCF_905400185.1|DKPOPA_00460;MF6|CFFIHE_00459;MF7|EFEKAH_00423
GCF_016899425.1|KEDGBJ_00531	6	6	1	1	GCF_016899425.1;GCF_053038975.1;GCF_053209605.1;GCF_905400185.1;MF6;MF7	GCF_016899425.1|KEDGBJ_00531;GCF_053038975.1|AHCKDM_00501;GCF_053209605.1|GFFINM_00500;GCF_905400185.1|DKPOPA_00461;MF6|CFFIHE_00460;MF7|EFEKAH_00422
GCF_016899425.1|KEDGBJ_00533	6	6	1	1	GCF_016899425.1;GCF_053038975.1;GCF_053209605.1;GCF_905400185.1;MF6;MF7	GCF_016899425.1|KEDGBJ_00533;GCF_053038975.1|AHCKDM_00503;GCF_053209605.1|GFFINM_00502;GCF_905400185.1|DKPOPA_00463;MF6|CFFIHE_00462;MF7|EFEKAH_00420
GCF_016899425.1|KEDGBJ_00534	6	6	1	1	GCF_016899425.1;GCF_053038975.1;GCF_053209605.1;GCF_905400185.1;MF6;MF7	GCF_016899425.1|KEDGBJ_00534;GCF_053038975.1|AHCKDM_00504;GCF_053209605.1|GFFINM_00503;GCF_905400185.1|DKPOPA_00464;MF6|CFFIHE_00463;MF7|EFEKAH_00419
GCF_016899425.1|KEDGBJ_00535	6	6	1	1	GCF_016899425.1;GCF_053038975.1;GCF_053209605.1;GCF_905400185.1;MF6;MF7	GCF_016899425.1|KEDGBJ_00535;GCF_053038975.1|AHCKDM_00505;GCF_053209605.1|GFFINM_00504;GCF_905400185.1|DKPOPA_00465;MF6|CFFIHE_00464;MF7|EFEKAH_00418
GCF_016899425.1|KEDGBJ_00536	6	6	1	1	GCF_016899425.1;GCF_053038975.1;GCF_053209605.1;GCF_905400185.1;MF6;MF7	GCF_016899425.1|KEDGBJ_00536;GCF_053038975.1|AHCKDM_00506;GCF_053209605.1|GFFINM_00505;GCF_905400185.1|DKPOPA_00466;MF6|CFFIHE_00465;MF7|EFEKAH_00417
GCF_016899425.1|KEDGBJ_00537	6	6	1	1	GCF_016899425.1;GCF_053038975.1;GCF_053209605.1;GCF_905400185.1;MF6;MF7	GCF_016899425.1|KEDGBJ_00537;GCF_053038975.1|AHCKDM_00507;GCF_053209605.1|GFFINM_00506;GCF_905400185.1|DKPOPA_00467;MF6|CFFIHE_00466;MF7|EFEKAH_00416
GCF_016899425.1|KEDGBJ_00538	6	6	1	1	GCF_016899425.1;GCF_053038975.1;GCF_053209605.1;GCF_905400185.1;MF6;MF7	GCF_016899425.1|KEDGBJ_00538;GCF_053038975.1|AHCKDM_00508;GCF_053209605.1|GFFINM_00507;GCF_905400185.1|DKPOPA_00468;MF6|CFFIHE_00467;MF7|EFEKAH_00415
GCF_016899425.1|KEDGBJ_00539	6	6	1	1	GCF_016899425.1;GCF_053038975.1;GCF_053209605.1;GCF_905400185.1;MF6;MF7	GCF_016899425.1|KEDGBJ_00539;GCF_053038975.1|AHCKDM_00509;GCF_053209605.1|GFFINM_00508;GCF_905400185.1|DKPOPA_00469;MF6|CFFIHE_00468;MF7|EFEKAH_00414
GCF_016899425.1|KEDGBJ_00540	6	6	1	1	GCF_016899425.1;GCF_053038975.1;GCF_053209605.1;GCF_905400185.1;MF6;MF7	GCF_016899425.1|KEDGBJ_00540;GCF_053038975.1|AHCKDM_00510;GCF_053209605.1|GFFINM_00509;GCF_905400185.1|DKPOPA_00470;MF6|CFFIHE_00469;MF7|EFEKAH_00413
GCF_016899425.1|KEDGBJ_00541	4	4	0	0	GCF_016899425.1;GCF_905400185.1;MF6;MF7	GCF_016899425.1|KEDGBJ_00541;GCF_905400185.1|DKPOPA_00471;MF6|CFFIHE_00470;MF7|EFEKAH_00412
GCF_016899425.1|KEDGBJ_00543	6	6	1	1	GCF_016899425.1;GCF_053038975.1;GCF_053209605.1;GCF_905400185.1;MF6;MF7	GCF_016899425.1|KEDGBJ_00543;GCF_053038975.1|AHCKDM_00512;GCF_053209605.1|GFFINM_00511;GCF_905400185.1|DKPOPA_00473;MF6|CFFIHE_00472;MF7|EFEKAH_00410
GCF_016899425.1|KEDGBJ_00544	6	6	1	1	GCF_016899425.1;GCF_053038975.1;GCF_053209605.1;GCF_905400185.1;MF6;MF7	GCF_016899425.1|KEDGBJ_00544;GCF_053038975.1|AHCKDM_00513;GCF_053209605.1|GFFINM_00512;GCF_905400185.1|DKPOPA_00474;MF6|CFFIHE_00473;MF7|EFEKAH_00409
GCF_016899425.1|KEDGBJ_00545	6	6	1	1	GCF_016899425.1;GCF_053038975.1;GCF_053209605.1;GCF_905400185.1;MF6;MF7	GCF_016899425.1|KEDGBJ_00545;GCF_053038975.1|AHCKDM_00514;GCF_053209605.1|GFFINM_00513;GCF_905400185.1|DKPOPA_00475;MF6|CFFIHE_00474;MF7|EFEKAH_00408
GCF_016899425.1|KEDGBJ_00546	6	6	1	1	GCF_016899425.1;GCF_053038975.1;GCF_053209605.1;GCF_905400185.1;MF6;MF7	GCF_016899425.1|KEDGBJ_00546;GCF_053038975.1|AHCKDM_00515;GCF_053209605.1|GFFINM_00514;GCF_905400185.1|DKPOPA_00476;MF6|CFFIHE_00475;MF7|EFEKAH_00407
GCF_016899425.1|KEDGBJ_00547	6	6	1	1	GCF_016899425.1;GCF_053038975.1;GCF_053209605.1;GCF_905400185.1;MF6;MF7	GCF_016899425.1|KEDGBJ_00547;GCF_053038975.1|AHCKDM_00516;GCF_053209605.1|GFFINM_00515;GCF_905400185.1|DKPOPA_00477;MF6|CFFIHE_00476;MF7|EFEKAH_00406
GCF_016899425.1|KEDGBJ_00548	6	6	1	1	GCF_016899425.1;GCF_053038975.1;GCF_053209605.1;GCF_905400185.1;MF6;MF7	GCF_016899425.1|KEDGBJ_00548;GCF_053038975.1|AHCKDM_00517;GCF_053209605.1|GFFINM_00516;GCF_905400185.1|DKPOPA_00478;MF6|CFFIHE_00477;MF7|EFEKAH_00405
GCF_016899425.1|KEDGBJ_00554	4	4	0	0	GCF_016899425.1;GCF_905400185.1;MF6;MF7	GCF_016899425.1|KEDGBJ_00554;GCF_905400185.1|DKPOPA_00484;MF6|CFFIHE_00483;MF7|EFEKAH_05418
GCF_016899425.1|KEDGBJ_00555	4	4	0	0	GCF_016899425.1;GCF_905400185.1;MF6;MF7	GCF_016899425.1|KEDGBJ_00555;GCF_905400185.1|DKPOPA_00485;MF6|CFFIHE_00484;MF7|EFEKAH_05417
GCF_016899425.1|KEDGBJ_00556	6	6	1	1	GCF_016899425.1;GCF_053038975.1;GCF_053209605.1;GCF_905400185.1;MF6;MF7	GCF_016899425.1|KEDGBJ_00556;GCF_053038975.1|AHCKDM_00523;GCF_053209605.1|GFFINM_00522;GCF_905400185.1|DKPOPA_00486;MF6|CFFIHE_00485;MF7|EFEKAH_05416
GCF_016899425.1|KEDGBJ_00557	6	6	1	1	GCF_016899425.1;GCF_053038975.1;GCF_053209605.1;GCF_905400185.1;MF6;MF7	GCF_016899425.1|KEDGBJ_00557;GCF_053038975.1|AHCKDM_00524;GCF_053209605.1|GFFINM_00523;GCF_905400185.1|DKPOPA_00487;MF6|CFFIHE_00486;MF7|EFEKAH_05415
GCF_016899425.1|KEDGBJ_00558	6	6	1	1	GCF_016899425.1;GCF_053038975.1;GCF_053209605.1;GCF_905400185.1;MF6;MF7	GCF_016899425.1|KEDGBJ_00558;GCF_053038975.1|AHCKDM_00525;GCF_053209605.1|GFFINM_00524;GCF_905400185.1|DKPOPA_00488;MF6|CFFIHE_00487;MF7|EFEKAH_05414
GCF_016899425.1|KEDGBJ_00559	6	6	1	1	GCF_016899425.1;GCF_053038975.1;GCF_053209605.1;GCF_905400185.1;MF6;MF7	GCF_016899425.1|KEDGBJ_00559;GCF_053038975.1|AHCKDM_00526;GCF_053209605.1|GFFINM_00525;GCF_905400185.1|DKPOPA_00489;MF6|CFFIHE_00488;MF7|EFEKAH_05413
GCF_016899425.1|KEDGBJ_00560	6	6	1	1	GCF_016899425.1;GCF_053038975.1;GCF_053209605.1;GCF_905400185.1;MF6;MF7	GCF_016899425.1|KEDGBJ_00560;GCF_053038975.1|AHCKDM_00527;GCF_053209605.1|GFFINM_00526;GCF_905400185.1|DKPOPA_00490;MF6|CFFIHE_00489;MF7|EFEKAH_05412
GCF_016899425.1|KEDGBJ_00561	6	6	1	1	GCF_016899425.1;GCF_053038975.1;GCF_053209605.1;GCF_905400185.1;MF6;MF7	GCF_016899425.1|KEDGBJ_00561;GCF_053038975.1|AHCKDM_00528;GCF_053209605.1|GFFINM_00527;GCF_905400185.1|DKPOPA_00491;MF6|CFFIHE_00490;MF7|EFEKAH_05411
GCF_016899425.1|KEDGBJ_00562	6	6	1	1	GCF_016899425.1;GCF_053038975.1;GCF_053209605.1;GCF_905400185.1;MF6;MF7	GCF_016899425.1|KEDGBJ_00562;GCF_053038975.1|AHCKDM_00529;GCF_053209605.1|GFFINM_00528;GCF_905400185.1|DKPOPA_00492;MF6|CFFIHE_00491;MF7|EFEKAH_05410
GCF_016899425.1|KEDGBJ_00563	6	6	1	1	GCF_016899425.1;GCF_053038975.1;GCF_053209605.1;GCF_905400185.1;MF6;MF7	GCF_016899425.1|KEDGBJ_00563;GCF_053038975.1|AHCKDM_00530;GCF_053209605.1|GFFINM_00529;GCF_905400185.1|DKPOPA_00493;MF6|CFFIHE_00492;MF7|EFEKAH_05409
GCF_016899425.1|KEDGBJ_00564	6	6	1	1	GCF_016899425.1;GCF_053038975.1;GCF_053209605.1;GCF_905400185.1;MF6;MF7	GCF_016899425.1|KEDGBJ_00564;GCF_053038975.1|AHCKDM_00531;GCF_053209605.1|GFFINM_00530;GCF_905400185.1|DKPOPA_00494;MF6|CFFIHE_00493;MF7|EFEKAH_05408
GCF_016899425.1|KEDGBJ_00565	6	6	1	1	GCF_016899425.1;GCF_053038975.1;GCF_053209605.1;GCF_905400185.1;MF6;MF7	GCF_016899425.1|KEDGBJ_00565;GCF_053038975.1|AHCKDM_00532;GCF_053209605.1|GFFINM_00531;GCF_905400185.1|DKPOPA_00495;MF6|CFFIHE_00494;MF7|EFEKAH_05407
GCF_016899425.1|KEDGBJ_00566	6	6	1	1	GCF_016899425.1;GCF_053038975.1;GCF_053209605.1;GCF_905400185.1;MF6;MF7	GCF_016899425.1|KEDGBJ_00566;GCF_053038975.1|AHCKDM_00533;GCF_053209605.1|GFFINM_00532;GCF_905400185.1|DKPOPA_00496;MF6|CFFIHE_00495;MF7|EFEKAH_05406
GCF_016899425.1|KEDGBJ_00568	6	6	1	1	GCF_016899425.1;GCF_053038975.1;GCF_053209605.1;GCF_905400185.1;MF6;MF7	GCF_016899425.1|KEDGBJ_00568;GCF_053038975.1|AHCKDM_00535;GCF_053209605.1|GFFINM_00534;GCF_905400185.1|DKPOPA_00498;MF6|CFFIHE_00497;MF7|EFEKAH_05404
GCF_016899425.1|KEDGBJ_00569	6	6	1	1	GCF_016899425.1;GCF_053038975.1;GCF_053209605.1;GCF_905400185.1;MF6;MF7	GCF_016899425.1|KEDGBJ_00569;GCF_053038975.1|AHCKDM_00536;GCF_053209605.1|GFFINM_00535;GCF_905400185.1|DKPOPA_00499;MF6|CFFIHE_00498;MF7|EFEKAH_05403
GCF_016899425.1|KEDGBJ_00570	6	6	1	1	GCF_016899425.1;GCF_053038975.1;GCF_053209605.1;GCF_905400185.1;MF6;MF7	GCF_016899425.1|KEDGBJ_00570;GCF_053038975.1|AHCKDM_00537;GCF_053209605.1|GFFINM_00536;GCF_905400185.1|DKPOPA_00500;MF6|CFFIHE_00499;MF7|EFEKAH_05402
GCF_016899425.1|KEDGBJ_00571	6	6	1	1	GCF_016899425.1;GCF_053038975.1;GCF_053209605.1;GCF_905400185.1;MF6;MF7	GCF_016899425.1|KEDGBJ_00571;GCF_053038975.1|AHCKDM_00538;GCF_053209605.1|GFFINM_00537;GCF_905400185.1|DKPOPA_00501;MF6|CFFIHE_00500;MF7|EFEKAH_05401
GCF_016899425.1|KEDGBJ_00572	6	6	1	1	GCF_016899425.1;GCF_053038975.1;GCF_053209605.1;GCF_905400185.1;MF6;MF7	GCF_016899425.1|KEDGBJ_00572;GCF_053038975.1|AHCKDM_00539;GCF_053209605.1|GFFINM_00538;GCF_905400185.1|DKPOPA_00502;MF6|CFFIHE_00501;MF7|EFEKAH_05400
GCF_016899425.1|KEDGBJ_00573	6	6	1	1	GCF_016899425.1;GCF_053038975.1;GCF_053209605.1;GCF_905400185.1;MF6;MF7	GCF_016899425.1|KEDGBJ_00573;GCF_053038975.1|AHCKDM_00540;GCF_053209605.1|GFFINM_00539;GCF_905400185.1|DKPOPA_00503;MF6|CFFIHE_00502;MF7|EFEKAH_05399
GCF_016899425.1|KEDGBJ_00574	6	6	1	1	GCF_016899425.1;GCF_053038975.1;GCF_053209605.1;GCF_905400185.1;MF6;MF7	GCF_016899425.1|KEDGBJ_00574;GCF_053038975.1|AHCKDM_00541;GCF_053209605.1|GFFINM_00540;GCF_905400185.1|DKPOPA_00504;MF6|CFFIHE_00503;MF7|EFEKAH_05398
GCF_016899425.1|KEDGBJ_00575	6	6	1	1	GCF_016899425.1;GCF_053038975.1;GCF_053209605.1;GCF_905400185.1;MF6;MF7	GCF_016899425.1|KEDGBJ_00575;GCF_053038975.1|AHCKDM_00542;GCF_053209605.1|GFFINM_00541;GCF_905400185.1|DKPOPA_00505;MF6|CFFIHE_00504;MF7|EFEKAH_05397
GCF_016899425.1|KEDGBJ_00576	6	6	1	1	GCF_016899425.1;GCF_053038975.1;GCF_053209605.1;GCF_905400185.1;MF6;MF7	GCF_016899425.1|KEDGBJ_00576;GCF_053038975.1|AHCKDM_00544;GCF_053209605.1|GFFINM_00542;GCF_905400185.1|DKPOPA_00507;MF6|CFFIHE_00506;MF7|EFEKAH_05395
GCF_016899425.1|KEDGBJ_00577	6	6	1	1	GCF_016899425.1;GCF_053038975.1;GCF_053209605.1;GCF_905400185.1;MF6;MF7	GCF_016899425.1|KEDGBJ_00577;GCF_053038975.1|AHCKDM_00545;GCF_053209605.1|GFFINM_00543;GCF_905400185.1|DKPOPA_00508;MF6|CFFIHE_00507;MF7|EFEKAH_05394
GCF_016899425.1|KEDGBJ_00578	6	6	1	1	GCF_016899425.1;GCF_053038975.1;GCF_053209605.1;GCF_905400185.1;MF6;MF7	GCF_016899425.1|KEDGBJ_00578;GCF_053038975.1|AHCKDM_00546;GCF_053209605.1|GFFINM_00544;GCF_905400185.1|DKPOPA_00509;MF6|CFFIHE_00508;MF7|EFEKAH_05393
GCF_016899425.1|KEDGBJ_00579	6	6	1	1	GCF_016899425.1;GCF_053038975.1;GCF_053209605.1;GCF_905400185.1;MF6;MF7	GCF_016899425.1|KEDGBJ_00579;GCF_053038975.1|AHCKDM_00547;GCF_053209605.1|GFFINM_00545;GCF_905400185.1|DKPOPA_00510;MF6|CFFIHE_00509;MF7|EFEKAH_05392
GCF_016899425.1|KEDGBJ_00580	6	6	1	1	GCF_016899425.1;GCF_053038975.1;GCF_053209605.1;GCF_905400185.1;MF6;MF7	GCF_016899425.1|KEDGBJ_00580;GCF_053038975.1|AHCKDM_00548;GCF_053209605.1|GFFINM_00546;GCF_905400185.1|DKPOPA_00511;MF6|CFFIHE_00510;MF7|EFEKAH_05391
GCF_016899425.1|KEDGBJ_00581	6	6	1	1	GCF_016899425.1;GCF_053038975.1;GCF_053209605.1;GCF_905400185.1;MF6;MF7	GCF_016899425.1|KEDGBJ_00581;GCF_053038975.1|AHCKDM_00549;GCF_053209605.1|GFFINM_00547;GCF_905400185.1|DKPOPA_00512;MF6|CFFIHE_00511;MF7|EFEKAH_05390
GCF_016899425.1|KEDGBJ_00582	4	4	0	0	GCF_016899425.1;GCF_905400185.1;MF6;MF7	GCF_016899425.1|KEDGBJ_00582;GCF_905400185.1|DKPOPA_00513;MF6|CFFIHE_00512;MF7|EFEKAH_05389
GCF_016899425.1|KEDGBJ_00583	6	6	1	1	GCF_016899425.1;GCF_053038975.1;GCF_053209605.1;GCF_905400185.1;MF6;MF7	GCF_016899425.1|KEDGBJ_00583;GCF_053038975.1|AHCKDM_00550;GCF_053209605.1|GFFINM_00548;GCF_905400185.1|DKPOPA_00514;MF6|CFFIHE_00513;MF7|EFEKAH_05388
GCF_016899425.1|KEDGBJ_00584	6	6	1	1	GCF_016899425.1;GCF_053038975.1;GCF_053209605.1;GCF_905400185.1;MF6;MF7	GCF_016899425.1|KEDGBJ_00584;GCF_053038975.1|AHCKDM_00551;GCF_053209605.1|GFFINM_00549;GCF_905400185.1|DKPOPA_00515;MF6|CFFIHE_00514;MF7|EFEKAH_05387
GCF_016899425.1|KEDGBJ_00585	6	6	1	1	GCF_016899425.1;GCF_053038975.1;GCF_053209605.1;GCF_905400185.1;MF6;MF7	GCF_016899425.1|KEDGBJ_00585;GCF_053038975.1|AHCKDM_00552;GCF_053209605.1|GFFINM_00550;GCF_905400185.1|DKPOPA_00516;MF6|CFFIHE_00515;MF7|EFEKAH_05386
GCF_016899425.1|KEDGBJ_00586	6	6	1	1	GCF_016899425.1;GCF_053038975.1;GCF_053209605.1;GCF_905400185.1;MF6;MF7	GCF_016899425.1|KEDGBJ_00586;GCF_053038975.1|AHCKDM_00553;GCF_053209605.1|GFFINM_00551;GCF_905400185.1|DKPOPA_00517;MF6|CFFIHE_00516;MF7|EFEKAH_05385
GCF_016899425.1|KEDGBJ_00587	6	6	1	1	GCF_016899425.1;GCF_053038975.1;GCF_053209605.1;GCF_905400185.1;MF6;MF7	GCF_016899425.1|KEDGBJ_00587;GCF_053038975.1|AHCKDM_00554;GCF_053209605.1|GFFINM_00552;GCF_905400185.1|DKPOPA_00518;MF6|CFFIHE_00517;MF7|EFEKAH_05384
GCF_016899425.1|KEDGBJ_00588	6	6	1	1	GCF_016899425.1;GCF_053038975.1;GCF_053209605.1;GCF_905400185.1;MF6;MF7	GCF_016899425.1|KEDGBJ_00588;GCF_053038975.1|AHCKDM_00555;GCF_053209605.1|GFFINM_00553;GCF_905400185.1|DKPOPA_00519;MF6|CFFIHE_00518;MF7|EFEKAH_05383
GCF_016899425.1|KEDGBJ_00590	6	6	1	1	GCF_016899425.1;GCF_053038975.1;GCF_053209605.1;GCF_905400185.1;MF6;MF7	GCF_016899425.1|KEDGBJ_00590;GCF_053038975.1|AHCKDM_00557;GCF_053209605.1|GFFINM_00555;GCF_905400185.1|DKPOPA_00521;MF6|CFFIHE_00520;MF7|EFEKAH_05381
GCF_016899425.1|KEDGBJ_00591	6	6	1	1	GCF_016899425.1;GCF_053038975.1;GCF_053209605.1;GCF_905400185.1;MF6;MF7	GCF_016899425.1|KEDGBJ_00591;GCF_053038975.1|AHCKDM_00558;GCF_053209605.1|GFFINM_00556;GCF_905400185.1|DKPOPA_00522;MF6|CFFIHE_00521;MF7|EFEKAH_05380
GCF_016899425.1|KEDGBJ_00592	6	6	1	1	GCF_016899425.1;GCF_053038975.1;GCF_053209605.1;GCF_905400185.1;MF6;MF7	GCF_016899425.1|KEDGBJ_00592;GCF_053038975.1|AHCKDM_00559;GCF_053209605.1|GFFINM_00557;GCF_905400185.1|DKPOPA_00523;MF6|CFFIHE_00522;MF7|EFEKAH_05379
GCF_016899425.1|KEDGBJ_00593	6	6	1	1	GCF_016899425.1;GCF_053038975.1;GCF_053209605.1;GCF_905400185.1;MF6;MF7	GCF_016899425.1|KEDGBJ_00593;GCF_053038975.1|AHCKDM_00560;GCF_053209605.1|GFFINM_00558;GCF_905400185.1|DKPOPA_00524;MF6|CFFIHE_00523;MF7|EFEKAH_05378
GCF_016899425.1|KEDGBJ_00594	6	6	1	1	GCF_016899425.1;GCF_053038975.1;GCF_053209605.1;GCF_905400185.1;MF6;MF7	GCF_016899425.1|KEDGBJ_00594;GCF_053038975.1|AHCKDM_00561;GCF_053209605.1|GFFINM_00559;GCF_905400185.1|DKPOPA_00525;MF6|CFFIHE_00524;MF7|EFEKAH_05377
GCF_016899425.1|KEDGBJ_00595	6	6	1	1	GCF_016899425.1;GCF_053038975.1;GCF_053209605.1;GCF_905400185.1;MF6;MF7	GCF_016899425.1|KEDGBJ_00595;GCF_053038975.1|AHCKDM_00562;GCF_053209605.1|GFFINM_00560;GCF_905400185.1|DKPOPA_00526;MF6|CFFIHE_00525;MF7|EFEKAH_05376
GCF_016899425.1|KEDGBJ_00596	6	6	1	1	GCF_016899425.1;GCF_053038975.1;GCF_053209605.1;GCF_905400185.1;MF6;MF7	GCF_016899425.1|KEDGBJ_00596;GCF_053038975.1|AHCKDM_00563;GCF_053209605.1|GFFINM_00561;GCF_905400185.1|DKPOPA_00527;MF6|CFFIHE_00526;MF7|EFEKAH_05375
GCF_016899425.1|KEDGBJ_00597	6	6	1	1	GCF_016899425.1;GCF_053038975.1;GCF_053209605.1;GCF_905400185.1;MF6;MF7	GCF_016899425.1|KEDGBJ_00597;GCF_053038975.1|AHCKDM_00564;GCF_053209605.1|GFFINM_00562;GCF_905400185.1|DKPOPA_00528;MF6|CFFIHE_00527;MF7|EFEKAH_05374
GCF_016899425.1|KEDGBJ_00598	6	6	1	1	GCF_016899425.1;GCF_053038975.1;GCF_053209605.1;GCF_905400185.1;MF6;MF7	GCF_016899425.1|KEDGBJ_00598;GCF_053038975.1|AHCKDM_00565;GCF_053209605.1|GFFINM_00563;GCF_905400185.1|DKPOPA_00529;MF6|CFFIHE_00528;MF7|EFEKAH_05373
GCF_016899425.1|KEDGBJ_00599	6	6	1	1	GCF_016899425.1;GCF_053038975.1;GCF_053209605.1;GCF_905400185.1;MF6;MF7	GCF_016899425.1|KEDGBJ_00599;GCF_053038975.1|AHCKDM_00566;GCF_053209605.1|GFFINM_00564;GCF_905400185.1|DKPOPA_00530;MF6|CFFIHE_00529;MF7|EFEKAH_05372
GCF_016899425.1|KEDGBJ_00600	6	6	1	1	GCF_016899425.1;GCF_053038975.1;GCF_053209605.1;GCF_905400185.1;MF6;MF7	GCF_016899425.1|KEDGBJ_00600;GCF_053038975.1|AHCKDM_00567;GCF_053209605.1|GFFINM_00565;GCF_905400185.1|DKPOPA_00531;MF6|CFFIHE_00530;MF7|EFEKAH_05371
GCF_016899425.1|KEDGBJ_00601	6	6	1	1	GCF_016899425.1;GCF_053038975.1;GCF_053209605.1;GCF_905400185.1;MF6;MF7	GCF_016899425.1|KEDGBJ_00601;GCF_053038975.1|AHCKDM_00568;GCF_053209605.1|GFFINM_00566;GCF_905400185.1|DKPOPA_00532;MF6|CFFIHE_00531;MF7|EFEKAH_05370
GCF_016899425.1|KEDGBJ_00602	6	6	1	1	GCF_016899425.1;GCF_053038975.1;GCF_053209605.1;GCF_905400185.1;MF6;MF7	GCF_016899425.1|KEDGBJ_00602;GCF_053038975.1|AHCKDM_00569;GCF_053209605.1|GFFINM_00567;GCF_905400185.1|DKPOPA_00533;MF6|CFFIHE_00532;MF7|EFEKAH_05369
GCF_016899425.1|KEDGBJ_00603	6	6	1	1	GCF_016899425.1;GCF_053038975.1;GCF_053209605.1;GCF_905400185.1;MF6;MF7	GCF_016899425.1|KEDGBJ_00603;GCF_053038975.1|AHCKDM_00570;GCF_053209605.1|GFFINM_00568;GCF_905400185.1|DKPOPA_00534;MF6|CFFIHE_00533;MF7|EFEKAH_05368
GCF_016899425.1|KEDGBJ_00604	6	6	1	1	GCF_016899425.1;GCF_053038975.1;GCF_053209605.1;GCF_905400185.1;MF6;MF7	GCF_016899425.1|KEDGBJ_00604;GCF_053038975.1|AHCKDM_00571;GCF_053209605.1|GFFINM_00569;GCF_905400185.1|DKPOPA_00535;MF6|CFFIHE_00534;MF7|EFEKAH_05367
GCF_016899425.1|KEDGBJ_00605	6	6	1	1	GCF_016899425.1;GCF_053038975.1;GCF_053209605.1;GCF_905400185.1;MF6;MF7	GCF_016899425.1|KEDGBJ_00605;GCF_053038975.1|AHCKDM_00572;GCF_053209605.1|GFFINM_00570;GCF_905400185.1|DKPOPA_00536;MF6|CFFIHE_00535;MF7|EFEKAH_05366
GCF_016899425.1|KEDGBJ_00606	6	6	1	1	GCF_016899425.1;GCF_053038975.1;GCF_053209605.1;GCF_905400185.1;MF6;MF7	GCF_016899425.1|KEDGBJ_00606;GCF_053038975.1|AHCKDM_00573;GCF_053209605.1|GFFINM_00571;GCF_905400185.1|DKPOPA_00537;MF6|CFFIHE_00536;MF7|EFEKAH_05365
GCF_016899425.1|KEDGBJ_00607	6	6	1	1	GCF_016899425.1;GCF_053038975.1;GCF_053209605.1;GCF_905400185.1;MF6;MF7	GCF_016899425.1|KEDGBJ_00607;GCF_053038975.1|AHCKDM_00574;GCF_053209605.1|GFFINM_00572;GCF_905400185.1|DKPOPA_00538;MF6|CFFIHE_00537;MF7|EFEKAH_05364
GCF_016899425.1|KEDGBJ_00608	6	6	1	1	GCF_016899425.1;GCF_053038975.1;GCF_053209605.1;GCF_905400185.1;MF6;MF7	GCF_016899425.1|KEDGBJ_00608;GCF_053038975.1|AHCKDM_00575;GCF_053209605.1|GFFINM_00573;GCF_905400185.1|DKPOPA_00539;MF6|CFFIHE_00538;MF7|EFEKAH_05363
GCF_016899425.1|KEDGBJ_00609	6	6	1	1	GCF_016899425.1;GCF_053038975.1;GCF_053209605.1;GCF_905400185.1;MF6;MF7	GCF_016899425.1|KEDGBJ_00609;GCF_053038975.1|AHCKDM_00576;GCF_053209605.1|GFFINM_00574;GCF_905400185.1|DKPOPA_00540;MF6|CFFIHE_00539;MF7|EFEKAH_05362
GCF_016899425.1|KEDGBJ_00611	6	6	1	1	GCF_016899425.1;GCF_053038975.1;GCF_053209605.1;GCF_905400185.1;MF6;MF7	GCF_016899425.1|KEDGBJ_00611;GCF_053038975.1|AHCKDM_00578;GCF_053209605.1|GFFINM_00576;GCF_905400185.1|DKPOPA_00542;MF6|CFFIHE_00541;MF7|EFEKAH_05360
GCF_016899425.1|KEDGBJ_00612	6	6	1	1	GCF_016899425.1;GCF_053038975.1;GCF_053209605.1;GCF_905400185.1;MF6;MF7	GCF_016899425.1|KEDGBJ_00612;GCF_053038975.1|AHCKDM_00579;GCF_053209605.1|GFFINM_00577;GCF_905400185.1|DKPOPA_00543;MF6|CFFIHE_00542;MF7|EFEKAH_05359
GCF_016899425.1|KEDGBJ_00614	6	6	1	1	GCF_016899425.1;GCF_053038975.1;GCF_053209605.1;GCF_905400185.1;MF6;MF7	GCF_016899425.1|KEDGBJ_00614;GCF_053038975.1|AHCKDM_00581;GCF_053209605.1|GFFINM_00579;GCF_905400185.1|DKPOPA_00545;MF6|CFFIHE_00544;MF7|EFEKAH_05357
GCF_016899425.1|KEDGBJ_00615	6	6	1	1	GCF_016899425.1;GCF_053038975.1;GCF_053209605.1;GCF_905400185.1;MF6;MF7	GCF_016899425.1|KEDGBJ_00615;GCF_053038975.1|AHCKDM_00582;GCF_053209605.1|GFFINM_00580;GCF_905400185.1|DKPOPA_00546;MF6|CFFIHE_00545;MF7|EFEKAH_05356
GCF_016899425.1|KEDGBJ_00616	6	6	1	1	GCF_016899425.1;GCF_053038975.1;GCF_053209605.1;GCF_905400185.1;MF6;MF7	GCF_016899425.1|KEDGBJ_00616;GCF_053038975.1|AHCKDM_00583;GCF_053209605.1|GFFINM_00581;GCF_905400185.1|DKPOPA_00547;MF6|CFFIHE_00546;MF7|EFEKAH_05355
GCF_016899425.1|KEDGBJ_00617	6	6	1	1	GCF_016899425.1;GCF_053038975.1;GCF_053209605.1;GCF_905400185.1;MF6;MF7	GCF_016899425.1|KEDGBJ_00617;GCF_053038975.1|AHCKDM_00584;GCF_053209605.1|GFFINM_00582;GCF_905400185.1|DKPOPA_00548;MF6|CFFIHE_00547;MF7|EFEKAH_05354
GCF_016899425.1|KEDGBJ_00618	6	6	1	1	GCF_016899425.1;GCF_053038975.1;GCF_053209605.1;GCF_905400185.1;MF6;MF7	GCF_016899425.1|KEDGBJ_00618;GCF_053038975.1|AHCKDM_00585;GCF_053209605.1|GFFINM_00583;GCF_905400185.1|DKPOPA_00549;MF6|CFFIHE_00548;MF7|EFEKAH_05353
GCF_016899425.1|KEDGBJ_00619	6	6	1	1	GCF_016899425.1;GCF_053038975.1;GCF_053209605.1;GCF_905400185.1;MF6;MF7	GCF_016899425.1|KEDGBJ_00619;GCF_053038975.1|AHCKDM_00586;GCF_053209605.1|GFFINM_00584;GCF_905400185.1|DKPOPA_00550;MF6|CFFIHE_00549;MF7|EFEKAH_05352
GCF_016899425.1|KEDGBJ_00620	6	6	1	1	GCF_016899425.1;GCF_053038975.1;GCF_053209605.1;GCF_905400185.1;MF6;MF7	GCF_016899425.1|KEDGBJ_00620;GCF_053038975.1|AHCKDM_00587;GCF_053209605.1|GFFINM_00585;GCF_905400185.1|DKPOPA_00551;MF6|CFFIHE_00550;MF7|EFEKAH_05351
GCF_016899425.1|KEDGBJ_00621	6	6	1	1	GCF_016899425.1;GCF_053038975.1;GCF_053209605.1;GCF_905400185.1;MF6;MF7	GCF_016899425.1|KEDGBJ_00621;GCF_053038975.1|AHCKDM_00588;GCF_053209605.1|GFFINM_00586;GCF_905400185.1|DKPOPA_00552;MF6|CFFIHE_00551;MF7|EFEKAH_05350
GCF_016899425.1|KEDGBJ_00622	6	6	1	1	GCF_016899425.1;GCF_053038975.1;GCF_053209605.1;GCF_905400185.1;MF6;MF7	GCF_016899425.1|KEDGBJ_00622;GCF_053038975.1|AHCKDM_00589;GCF_053209605.1|GFFINM_00587;GCF_905400185.1|DKPOPA_00553;MF6|CFFIHE_00552;MF7|EFEKAH_05349
GCF_016899425.1|KEDGBJ_00623	6	6	1	1	GCF_016899425.1;GCF_053038975.1;GCF_053209605.1;GCF_905400185.1;MF6;MF7	GCF_016899425.1|KEDGBJ_00623;GCF_053038975.1|AHCKDM_00590;GCF_053209605.1|GFFINM_00588;GCF_905400185.1|DKPOPA_00554;MF6|CFFIHE_00553;MF7|EFEKAH_05348
GCF_016899425.1|KEDGBJ_00624	6	6	1	1	GCF_016899425.1;GCF_053038975.1;GCF_053209605.1;GCF_905400185.1;MF6;MF7	GCF_016899425.1|KEDGBJ_00624;GCF_053038975.1|AHCKDM_00591;GCF_053209605.1|GFFINM_00589;GCF_905400185.1|DKPOPA_00555;MF6|CFFIHE_00554;MF7|EFEKAH_05347
GCF_016899425.1|KEDGBJ_00625	6	6	1	1	GCF_016899425.1;GCF_053038975.1;GCF_053209605.1;GCF_905400185.1;MF6;MF7	GCF_016899425.1|KEDGBJ_00625;GCF_053038975.1|AHCKDM_00592;GCF_053209605.1|GFFINM_00590;GCF_905400185.1|DKPOPA_00556;MF6|CFFIHE_00555;MF7|EFEKAH_05346
GCF_016899425.1|KEDGBJ_00626	6	6	1	1	GCF_016899425.1;GCF_053038975.1;GCF_053209605.1;GCF_905400185.1;MF6;MF7	GCF_016899425.1|KEDGBJ_00626;GCF_053038975.1|AHCKDM_00593;GCF_053209605.1|GFFINM_00591;GCF_905400185.1|DKPOPA_00557;MF6|CFFIHE_00556;MF7|EFEKAH_05345
GCF_016899425.1|KEDGBJ_00627	6	6	1	1	GCF_016899425.1;GCF_053038975.1;GCF_053209605.1;GCF_905400185.1;MF6;MF7	GCF_016899425.1|KEDGBJ_00627;GCF_053038975.1|AHCKDM_00594;GCF_053209605.1|GFFINM_00592;GCF_905400185.1|DKPOPA_00558;MF6|CFFIHE_00557;MF7|EFEKAH_05344
GCF_016899425.1|KEDGBJ_00628	6	6	1	1	GCF_016899425.1;GCF_053038975.1;GCF_053209605.1;GCF_905400185.1;MF6;MF7	GCF_016899425.1|KEDGBJ_00628;GCF_053038975.1|AHCKDM_00595;GCF_053209605.1|GFFINM_00593;GCF_905400185.1|DKPOPA_00559;MF6|CFFIHE_00558;MF7|EFEKAH_05343
GCF_016899425.1|KEDGBJ_00629	6	6	1	1	GCF_016899425.1;GCF_053038975.1;GCF_053209605.1;GCF_905400185.1;MF6;MF7	GCF_016899425.1|KEDGBJ_00629;GCF_053038975.1|AHCKDM_00596;GCF_053209605.1|GFFINM_00594;GCF_905400185.1|DKPOPA_00560;MF6|CFFIHE_00559;MF7|EFEKAH_05342
GCF_016899425.1|KEDGBJ_00630	6	6	1	1	GCF_016899425.1;GCF_053038975.1;GCF_053209605.1;GCF_905400185.1;MF6;MF7	GCF_016899425.1|KEDGBJ_00630;GCF_053038975.1|AHCKDM_00597;GCF_053209605.1|GFFINM_00595;GCF_905400185.1|DKPOPA_00561;MF6|CFFIHE_00560;MF7|EFEKAH_05341
GCF_016899425.1|KEDGBJ_00631	6	6	1	1	GCF_016899425.1;GCF_053038975.1;GCF_053209605.1;GCF_905400185.1;MF6;MF7	GCF_016899425.1|KEDGBJ_00631;GCF_053038975.1|AHCKDM_00598;GCF_053209605.1|GFFINM_00596;GCF_905400185.1|DKPOPA_00562;MF6|CFFIHE_00561;MF7|EFEKAH_05340
GCF_016899425.1|KEDGBJ_00632	6	6	1	1	GCF_016899425.1;GCF_053038975.1;GCF_053209605.1;GCF_905400185.1;MF6;MF7	GCF_016899425.1|KEDGBJ_00632;GCF_053038975.1|AHCKDM_00599;GCF_053209605.1|GFFINM_00597;GCF_905400185.1|DKPOPA_00563;MF6|CFFIHE_00562;MF7|EFEKAH_05339
GCF_016899425.1|KEDGBJ_00633	6	6	1	1	GCF_016899425.1;GCF_053038975.1;GCF_053209605.1;GCF_905400185.1;MF6;MF7	GCF_016899425.1|KEDGBJ_00633;GCF_053038975.1|AHCKDM_00600;GCF_053209605.1|GFFINM_00598;GCF_905400185.1|DKPOPA_00564;MF6|CFFIHE_00563;MF7|EFEKAH_05338
GCF_016899425.1|KEDGBJ_00634	6	6	1	1	GCF_016899425.1;GCF_053038975.1;GCF_053209605.1;GCF_905400185.1;MF6;MF7	GCF_016899425.1|KEDGBJ_00634;GCF_053038975.1|AHCKDM_00601;GCF_053209605.1|GFFINM_00599;GCF_905400185.1|DKPOPA_00565;MF6|CFFIHE_00564;MF7|EFEKAH_05337
GCF_016899425.1|KEDGBJ_00635	6	6	1	1	GCF_016899425.1;GCF_053038975.1;GCF_053209605.1;GCF_905400185.1;MF6;MF7	GCF_016899425.1|KEDGBJ_00635;GCF_053038975.1|AHCKDM_00602;GCF_053209605.1|GFFINM_00600;GCF_905400185.1|DKPOPA_00566;MF6|CFFIHE_00565;MF7|EFEKAH_05336
GCF_016899425.1|KEDGBJ_00636	6	6	1	1	GCF_016899425.1;GCF_053038975.1;GCF_053209605.1;GCF_905400185.1;MF6;MF7	GCF_016899425.1|KEDGBJ_00636;GCF_053038975.1|AHCKDM_00603;GCF_053209605.1|GFFINM_00601;GCF_905400185.1|DKPOPA_00567;MF6|CFFIHE_00566;MF7|EFEKAH_05335
GCF_016899425.1|KEDGBJ_00637	6	6	1	1	GCF_016899425.1;GCF_053038975.1;GCF_053209605.1;GCF_905400185.1;MF6;MF7	GCF_016899425.1|KEDGBJ_00637;GCF_053038975.1|AHCKDM_00604;GCF_053209605.1|GFFINM_00602;GCF_905400185.1|DKPOPA_00568;MF6|CFFIHE_00567;MF7|EFEKAH_05334
GCF_016899425.1|KEDGBJ_00638	6	6	1	1	GCF_016899425.1;GCF_053038975.1;GCF_053209605.1;GCF_905400185.1;MF6;MF7	GCF_016899425.1|KEDGBJ_00638;GCF_053038975.1|AHCKDM_00605;GCF_053209605.1|GFFINM_00603;GCF_905400185.1|DKPOPA_00569;MF6|CFFIHE_00568;MF7|EFEKAH_05333
GCF_016899425.1|KEDGBJ_00639	6	6	1	1	GCF_016899425.1;GCF_053038975.1;GCF_053209605.1;GCF_905400185.1;MF6;MF7	GCF_016899425.1|KEDGBJ_00639;GCF_053038975.1|AHCKDM_00606;GCF_053209605.1|GFFINM_00604;GCF_905400185.1|DKPOPA_00570;MF6|CFFIHE_00569;MF7|EFEKAH_05332
GCF_016899425.1|KEDGBJ_00640	6	6	1	1	GCF_016899425.1;GCF_053038975.1;GCF_053209605.1;GCF_905400185.1;MF6;MF7	GCF_016899425.1|KEDGBJ_00640;GCF_053038975.1|AHCKDM_00607;GCF_053209605.1|GFFINM_00605;GCF_905400185.1|DKPOPA_00571;MF6|CFFIHE_00570;MF7|EFEKAH_05331
GCF_016899425.1|KEDGBJ_00641	6	6	1	1	GCF_016899425.1;GCF_053038975.1;GCF_053209605.1;GCF_905400185.1;MF6;MF7	GCF_016899425.1|KEDGBJ_00641;GCF_053038975.1|AHCKDM_00608;GCF_053209605.1|GFFINM_00606;GCF_905400185.1|DKPOPA_00572;MF6|CFFIHE_00571;MF7|EFEKAH_05330
GCF_016899425.1|KEDGBJ_00642	6	6	1	1	GCF_016899425.1;GCF_053038975.1;GCF_053209605.1;GCF_905400185.1;MF6;MF7	GCF_016899425.1|KEDGBJ_00642;GCF_053038975.1|AHCKDM_00609;GCF_053209605.1|GFFINM_00607;GCF_905400185.1|DKPOPA_00573;MF6|CFFIHE_00572;MF7|EFEKAH_05329
GCF_016899425.1|KEDGBJ_00643	6	6	1	1	GCF_016899425.1;GCF_053038975.1;GCF_053209605.1;GCF_905400185.1;MF6;MF7	GCF_016899425.1|KEDGBJ_00643;GCF_053038975.1|AHCKDM_00610;GCF_053209605.1|GFFINM_00608;GCF_905400185.1|DKPOPA_00574;MF6|CFFIHE_00573;MF7|EFEKAH_05328
GCF_016899425.1|KEDGBJ_00644	6	6	1	1	GCF_016899425.1;GCF_053038975.1;GCF_053209605.1;GCF_905400185.1;MF6;MF7	GCF_016899425.1|KEDGBJ_00644;GCF_053038975.1|AHCKDM_00611;GCF_053209605.1|GFFINM_00609;GCF_905400185.1|DKPOPA_00575;MF6|CFFIHE_00574;MF7|EFEKAH_05327
GCF_016899425.1|KEDGBJ_00645	6	6	1	1	GCF_016899425.1;GCF_053038975.1;GCF_053209605.1;GCF_905400185.1;MF6;MF7	GCF_016899425.1|KEDGBJ_00645;GCF_053038975.1|AHCKDM_00612;GCF_053209605.1|GFFINM_00610;GCF_905400185.1|DKPOPA_00576;MF6|CFFIHE_00575;MF7|EFEKAH_05326
GCF_016899425.1|KEDGBJ_00646	6	6	1	1	GCF_016899425.1;GCF_053038975.1;GCF_053209605.1;GCF_905400185.1;MF6;MF7	GCF_016899425.1|KEDGBJ_00646;GCF_053038975.1|AHCKDM_00613;GCF_053209605.1|GFFINM_00611;GCF_905400185.1|DKPOPA_00577;MF6|CFFIHE_00576;MF7|EFEKAH_05325
GCF_016899425.1|KEDGBJ_00647	6	6	1	1	GCF_016899425.1;GCF_053038975.1;GCF_053209605.1;GCF_905400185.1;MF6;MF7	GCF_016899425.1|KEDGBJ_00647;GCF_053038975.1|AHCKDM_00614;GCF_053209605.1|GFFINM_00612;GCF_905400185.1|DKPOPA_00578;MF6|CFFIHE_00577;MF7|EFEKAH_05324
GCF_016899425.1|KEDGBJ_00649	6	6	1	1	GCF_016899425.1;GCF_053038975.1;GCF_053209605.1;GCF_905400185.1;MF6;MF7	GCF_016899425.1|KEDGBJ_00649;GCF_053038975.1|AHCKDM_00616;GCF_053209605.1|GFFINM_00614;GCF_905400185.1|DKPOPA_00580;MF6|CFFIHE_00579;MF7|EFEKAH_05322
GCF_016899425.1|KEDGBJ_00650	6	6	1	1	GCF_016899425.1;GCF_053038975.1;GCF_053209605.1;GCF_905400185.1;MF6;MF7	GCF_016899425.1|KEDGBJ_00650;GCF_053038975.1|AHCKDM_00617;GCF_053209605.1|GFFINM_00615;GCF_905400185.1|DKPOPA_00581;MF6|CFFIHE_00580;MF7|EFEKAH_05321
GCF_016899425.1|KEDGBJ_00651	6	6	1	1	GCF_016899425.1;GCF_053038975.1;GCF_053209605.1;GCF_905400185.1;MF6;MF7	GCF_016899425.1|KEDGBJ_00651;GCF_053038975.1|AHCKDM_00618;GCF_053209605.1|GFFINM_00616;GCF_905400185.1|DKPOPA_00582;MF6|CFFIHE_00581;MF7|EFEKAH_05320
GCF_016899425.1|KEDGBJ_00652	6	6	1	1	GCF_016899425.1;GCF_053038975.1;GCF_053209605.1;GCF_905400185.1;MF6;MF7	GCF_016899425.1|KEDGBJ_00652;GCF_053038975.1|AHCKDM_00619;GCF_053209605.1|GFFINM_00617;GCF_905400185.1|DKPOPA_00583;MF6|CFFIHE_00582;MF7|EFEKAH_05319
GCF_016899425.1|KEDGBJ_00653	6	6	1	1	GCF_016899425.1;GCF_053038975.1;GCF_053209605.1;GCF_905400185.1;MF6;MF7	GCF_016899425.1|KEDGBJ_00653;GCF_053038975.1|AHCKDM_00620;GCF_053209605.1|GFFINM_00618;GCF_905400185.1|DKPOPA_00584;MF6|CFFIHE_00583;MF7|EFEKAH_05318
GCF_016899425.1|KEDGBJ_00654	6	6	1	1	GCF_016899425.1;GCF_053038975.1;GCF_053209605.1;GCF_905400185.1;MF6;MF7	GCF_016899425.1|KEDGBJ_00654;GCF_053038975.1|AHCKDM_00621;GCF_053209605.1|GFFINM_00619;GCF_905400185.1|DKPOPA_00585;MF6|CFFIHE_00584;MF7|EFEKAH_05317
GCF_016899425.1|KEDGBJ_00655	6	6	1	1	GCF_016899425.1;GCF_053038975.1;GCF_053209605.1;GCF_905400185.1;MF6;MF7	GCF_016899425.1|KEDGBJ_00655;GCF_053038975.1|AHCKDM_00622;GCF_053209605.1|GFFINM_00620;GCF_905400185.1|DKPOPA_00586;MF6|CFFIHE_00585;MF7|EFEKAH_05316
GCF_016899425.1|KEDGBJ_00656	6	6	1	1	GCF_016899425.1;GCF_053038975.1;GCF_053209605.1;GCF_905400185.1;MF6;MF7	GCF_016899425.1|KEDGBJ_00656;GCF_053038975.1|AHCKDM_00623;GCF_053209605.1|GFFINM_00621;GCF_905400185.1|DKPOPA_00587;MF6|CFFIHE_00586;MF7|EFEKAH_05315
GCF_016899425.1|KEDGBJ_00657	6	6	1	1	GCF_016899425.1;GCF_053038975.1;GCF_053209605.1;GCF_905400185.1;MF6;MF7	GCF_016899425.1|KEDGBJ_00657;GCF_053038975.1|AHCKDM_00624;GCF_053209605.1|GFFINM_00622;GCF_905400185.1|DKPOPA_00588;MF6|CFFIHE_00587;MF7|EFEKAH_05314
GCF_016899425.1|KEDGBJ_00658	6	6	1	1	GCF_016899425.1;GCF_053038975.1;GCF_053209605.1;GCF_905400185.1;MF6;MF7	GCF_016899425.1|KEDGBJ_00658;GCF_053038975.1|AHCKDM_00625;GCF_053209605.1|GFFINM_00623;GCF_905400185.1|DKPOPA_00589;MF6|CFFIHE_00588;MF7|EFEKAH_05313
GCF_016899425.1|KEDGBJ_00659	6	6	1	1	GCF_016899425.1;GCF_053038975.1;GCF_053209605.1;GCF_905400185.1;MF6;MF7	GCF_016899425.1|KEDGBJ_00659;GCF_053038975.1|AHCKDM_00626;GCF_053209605.1|GFFINM_00624;GCF_905400185.1|DKPOPA_00590;MF6|CFFIHE_00589;MF7|EFEKAH_05312
GCF_016899425.1|KEDGBJ_00660	6	6	1	1	GCF_016899425.1;GCF_053038975.1;GCF_053209605.1;GCF_905400185.1;MF6;MF7	GCF_016899425.1|KEDGBJ_00660;GCF_053038975.1|AHCKDM_00627;GCF_053209605.1|GFFINM_00625;GCF_905400185.1|DKPOPA_00591;MF6|CFFIHE_00590;MF7|EFEKAH_05311
GCF_016899425.1|KEDGBJ_00661	6	6	1	1	GCF_016899425.1;GCF_053038975.1;GCF_053209605.1;GCF_905400185.1;MF6;MF7	GCF_016899425.1|KEDGBJ_00661;GCF_053038975.1|AHCKDM_00628;GCF_053209605.1|GFFINM_00626;GCF_905400185.1|DKPOPA_00592;MF6|CFFIHE_00591;MF7|EFEKAH_05310
GCF_016899425.1|KEDGBJ_00662	6	6	1	1	GCF_016899425.1;GCF_053038975.1;GCF_053209605.1;GCF_905400185.1;MF6;MF7	GCF_016899425.1|KEDGBJ_00662;GCF_053038975.1|AHCKDM_00629;GCF_053209605.1|GFFINM_00627;GCF_905400185.1|DKPOPA_00593;MF6|CFFIHE_00592;MF7|EFEKAH_05309
GCF_016899425.1|KEDGBJ_00663	6	6	1	1	GCF_016899425.1;GCF_053038975.1;GCF_053209605.1;GCF_905400185.1;MF6;MF7	GCF_016899425.1|KEDGBJ_00663;GCF_053038975.1|AHCKDM_00630;GCF_053209605.1|GFFINM_00628;GCF_905400185.1|DKPOPA_00594;MF6|CFFIHE_00593;MF7|EFEKAH_05308
GCF_016899425.1|KEDGBJ_00664	6	6	1	1	GCF_016899425.1;GCF_053038975.1;GCF_053209605.1;GCF_905400185.1;MF6;MF7	GCF_016899425.1|KEDGBJ_00664;GCF_053038975.1|AHCKDM_00631;GCF_053209605.1|GFFINM_00629;GCF_905400185.1|DKPOPA_00595;MF6|CFFIHE_00594;MF7|EFEKAH_05307
GCF_016899425.1|KEDGBJ_00665	6	6	1	1	GCF_016899425.1;GCF_053038975.1;GCF_053209605.1;GCF_905400185.1;MF6;MF7	GCF_016899425.1|KEDGBJ_00665;GCF_053038975.1|AHCKDM_00632;GCF_053209605.1|GFFINM_00630;GCF_905400185.1|DKPOPA_00596;MF6|CFFIHE_00595;MF7|EFEKAH_05306
GCF_016899425.1|KEDGBJ_00666	6	6	1	1	GCF_016899425.1;GCF_053038975.1;GCF_053209605.1;GCF_905400185.1;MF6;MF7	GCF_016899425.1|KEDGBJ_00666;GCF_053038975.1|AHCKDM_00633;GCF_053209605.1|GFFINM_00631;GCF_905400185.1|DKPOPA_00597;MF6|CFFIHE_00596;MF7|EFEKAH_05305
GCF_016899425.1|KEDGBJ_00667	6	6	1	1	GCF_016899425.1;GCF_053038975.1;GCF_053209605.1;GCF_905400185.1;MF6;MF7	GCF_016899425.1|KEDGBJ_00667;GCF_053038975.1|AHCKDM_00634;GCF_053209605.1|GFFINM_00632;GCF_905400185.1|DKPOPA_00598;MF6|CFFIHE_00597;MF7|EFEKAH_05304
GCF_016899425.1|KEDGBJ_00668	6	6	1	1	GCF_016899425.1;GCF_053038975.1;GCF_053209605.1;GCF_905400185.1;MF6;MF7	GCF_016899425.1|KEDGBJ_00668;GCF_053038975.1|AHCKDM_00635;GCF_053209605.1|GFFINM_00633;GCF_905400185.1|DKPOPA_00599;MF6|CFFIHE_00598;MF7|EFEKAH_05303
GCF_016899425.1|KEDGBJ_00669	6	6	1	1	GCF_016899425.1;GCF_053038975.1;GCF_053209605.1;GCF_905400185.1;MF6;MF7	GCF_016899425.1|KEDGBJ_00669;GCF_053038975.1|AHCKDM_00636;GCF_053209605.1|GFFINM_00634;GCF_905400185.1|DKPOPA_00600;MF6|CFFIHE_00599;MF7|EFEKAH_05302
GCF_016899425.1|KEDGBJ_00670	6	6	1	1	GCF_016899425.1;GCF_053038975.1;GCF_053209605.1;GCF_905400185.1;MF6;MF7	GCF_016899425.1|KEDGBJ_00670;GCF_053038975.1|AHCKDM_00637;GCF_053209605.1|GFFINM_00635;GCF_905400185.1|DKPOPA_00601;MF6|CFFIHE_00600;MF7|EFEKAH_05301
GCF_016899425.1|KEDGBJ_00671	6	6	1	1	GCF_016899425.1;GCF_053038975.1;GCF_053209605.1;GCF_905400185.1;MF6;MF7	GCF_016899425.1|KEDGBJ_00671;GCF_053038975.1|AHCKDM_00638;GCF_053209605.1|GFFINM_00636;GCF_905400185.1|DKPOPA_00602;MF6|CFFIHE_00601;MF7|EFEKAH_05300
GCF_016899425.1|KEDGBJ_00672	6	6	1	1	GCF_016899425.1;GCF_053038975.1;GCF_053209605.1;GCF_905400185.1;MF6;MF7	GCF_016899425.1|KEDGBJ_00672;GCF_053038975.1|AHCKDM_00639;GCF_053209605.1|GFFINM_00637;GCF_905400185.1|DKPOPA_00603;MF6|CFFIHE_00602;MF7|EFEKAH_05299
GCF_016899425.1|KEDGBJ_00673	6	6	1	1	GCF_016899425.1;GCF_053038975.1;GCF_053209605.1;GCF_905400185.1;MF6;MF7	GCF_016899425.1|KEDGBJ_00673;GCF_053038975.1|AHCKDM_00640;GCF_053209605.1|GFFINM_00638;GCF_905400185.1|DKPOPA_00604;MF6|CFFIHE_00603;MF7|EFEKAH_05298
GCF_016899425.1|KEDGBJ_00674	6	6	1	1	GCF_016899425.1;GCF_053038975.1;GCF_053209605.1;GCF_905400185.1;MF6;MF7	GCF_016899425.1|KEDGBJ_00674;GCF_053038975.1|AHCKDM_00641;GCF_053209605.1|GFFINM_00639;GCF_905400185.1|DKPOPA_00605;MF6|CFFIHE_00604;MF7|EFEKAH_05297
GCF_016899425.1|KEDGBJ_00675	6	6	1	1	GCF_016899425.1;GCF_053038975.1;GCF_053209605.1;GCF_905400185.1;MF6;MF7	GCF_016899425.1|KEDGBJ_00675;GCF_053038975.1|AHCKDM_00642;GCF_053209605.1|GFFINM_00640;GCF_905400185.1|DKPOPA_00606;MF6|CFFIHE_00605;MF7|EFEKAH_05296
GCF_016899425.1|KEDGBJ_00676	6	6	1	1	GCF_016899425.1;GCF_053038975.1;GCF_053209605.1;GCF_905400185.1;MF6;MF7	GCF_016899425.1|KEDGBJ_00676;GCF_053038975.1|AHCKDM_00643;GCF_053209605.1|GFFINM_00641;GCF_905400185.1|DKPOPA_00607;MF6|CFFIHE_00606;MF7|EFEKAH_05295
GCF_016899425.1|KEDGBJ_00677	6	6	1	1	GCF_016899425.1;GCF_053038975.1;GCF_053209605.1;GCF_905400185.1;MF6;MF7	GCF_016899425.1|KEDGBJ_00677;GCF_053038975.1|AHCKDM_00644;GCF_053209605.1|GFFINM_00642;GCF_905400185.1|DKPOPA_00608;MF6|CFFIHE_00607;MF7|EFEKAH_05294
GCF_016899425.1|KEDGBJ_00679	6	6	1	1	GCF_016899425.1;GCF_053038975.1;GCF_053209605.1;GCF_905400185.1;MF6;MF7	GCF_016899425.1|KEDGBJ_00679;GCF_053038975.1|AHCKDM_00646;GCF_053209605.1|GFFINM_00644;GCF_905400185.1|DKPOPA_00610;MF6|CFFIHE_00609;MF7|EFEKAH_05292
GCF_016899425.1|KEDGBJ_00681	6	6	1	1	GCF_016899425.1;GCF_053038975.1;GCF_053209605.1;GCF_905400185.1;MF6;MF7	GCF_016899425.1|KEDGBJ_00681;GCF_053038975.1|AHCKDM_00649;GCF_053209605.1|GFFINM_00647;GCF_905400185.1|DKPOPA_00612;MF6|CFFIHE_00611;MF7|EFEKAH_05290
GCF_016899425.1|KEDGBJ_00684	6	6	1	1	GCF_016899425.1;GCF_053038975.1;GCF_053209605.1;GCF_905400185.1;MF6;MF7	GCF_016899425.1|KEDGBJ_00684;GCF_053038975.1|AHCKDM_00652;GCF_053209605.1|GFFINM_00650;GCF_905400185.1|DKPOPA_00615;MF6|CFFIHE_00614;MF7|EFEKAH_05287
GCF_016899425.1|KEDGBJ_00685	6	6	1	1	GCF_016899425.1;GCF_053038975.1;GCF_053209605.1;GCF_905400185.1;MF6;MF7	GCF_016899425.1|KEDGBJ_00685;GCF_053038975.1|AHCKDM_00653;GCF_053209605.1|GFFINM_00651;GCF_905400185.1|DKPOPA_00616;MF6|CFFIHE_00615;MF7|EFEKAH_05286
GCF_016899425.1|KEDGBJ_00686	6	6	1	1	GCF_016899425.1;GCF_053038975.1;GCF_053209605.1;GCF_905400185.1;MF6;MF7	GCF_016899425.1|KEDGBJ_00686;GCF_053038975.1|AHCKDM_00654;GCF_053209605.1|GFFINM_00652;GCF_905400185.1|DKPOPA_00617;MF6|CFFIHE_00616;MF7|EFEKAH_05285
GCF_016899425.1|KEDGBJ_00687	6	6	1	1	GCF_016899425.1;GCF_053038975.1;GCF_053209605.1;GCF_905400185.1;MF6;MF7	GCF_016899425.1|KEDGBJ_00687;GCF_053038975.1|AHCKDM_00655;GCF_053209605.1|GFFINM_00653;GCF_905400185.1|DKPOPA_00618;MF6|CFFIHE_00617;MF7|EFEKAH_05284
GCF_016899425.1|KEDGBJ_00688	6	6	1	1	GCF_016899425.1;GCF_053038975.1;GCF_053209605.1;GCF_905400185.1;MF6;MF7	GCF_016899425.1|KEDGBJ_00688;GCF_053038975.1|AHCKDM_00656;GCF_053209605.1|GFFINM_00654;GCF_905400185.1|DKPOPA_00619;MF6|CFFIHE_00618;MF7|EFEKAH_05283
GCF_016899425.1|KEDGBJ_00689	6	6	1	1	GCF_016899425.1;GCF_053038975.1;GCF_053209605.1;GCF_905400185.1;MF6;MF7	GCF_016899425.1|KEDGBJ_00689;GCF_053038975.1|AHCKDM_00657;GCF_053209605.1|GFFINM_00655;GCF_905400185.1|DKPOPA_00620;MF6|CFFIHE_00619;MF7|EFEKAH_05282
GCF_016899425.1|KEDGBJ_00690	6	6	1	1	GCF_016899425.1;GCF_053038975.1;GCF_053209605.1;GCF_905400185.1;MF6;MF7	GCF_016899425.1|KEDGBJ_00690;GCF_053038975.1|AHCKDM_00658;GCF_053209605.1|GFFINM_00656;GCF_905400185.1|DKPOPA_00621;MF6|CFFIHE_00620;MF7|EFEKAH_05281
GCF_016899425.1|KEDGBJ_00692	6	6	1	1	GCF_016899425.1;GCF_053038975.1;GCF_053209605.1;GCF_905400185.1;MF6;MF7	GCF_016899425.1|KEDGBJ_00692;GCF_053038975.1|AHCKDM_00660;GCF_053209605.1|GFFINM_00658;GCF_905400185.1|DKPOPA_00623;MF6|CFFIHE_00622;MF7|EFEKAH_05279
GCF_016899425.1|KEDGBJ_00693	6	6	1	1	GCF_016899425.1;GCF_053038975.1;GCF_053209605.1;GCF_905400185.1;MF6;MF7	GCF_016899425.1|KEDGBJ_00693;GCF_053038975.1|AHCKDM_00661;GCF_053209605.1|GFFINM_00659;GCF_905400185.1|DKPOPA_00624;MF6|CFFIHE_00623;MF7|EFEKAH_05278
GCF_016899425.1|KEDGBJ_00694	6	6	1	1	GCF_016899425.1;GCF_053038975.1;GCF_053209605.1;GCF_905400185.1;MF6;MF7	GCF_016899425.1|KEDGBJ_00694;GCF_053038975.1|AHCKDM_00662;GCF_053209605.1|GFFINM_00660;GCF_905400185.1|DKPOPA_00625;MF6|CFFIHE_00624;MF7|EFEKAH_05277
GCF_016899425.1|KEDGBJ_00695	6	6	1	1	GCF_016899425.1;GCF_053038975.1;GCF_053209605.1;GCF_905400185.1;MF6;MF7	GCF_016899425.1|KEDGBJ_00695;GCF_053038975.1|AHCKDM_00663;GCF_053209605.1|GFFINM_00661;GCF_905400185.1|DKPOPA_00626;MF6|CFFIHE_00625;MF7|EFEKAH_05276
GCF_016899425.1|KEDGBJ_00696	6	6	1	1	GCF_016899425.1;GCF_053038975.1;GCF_053209605.1;GCF_905400185.1;MF6;MF7	GCF_016899425.1|KEDGBJ_00696;GCF_053038975.1|AHCKDM_00664;GCF_053209605.1|GFFINM_00662;GCF_905400185.1|DKPOPA_00627;MF6|CFFIHE_00626;MF7|EFEKAH_05275
GCF_016899425.1|KEDGBJ_00697	6	6	1	1	GCF_016899425.1;GCF_053038975.1;GCF_053209605.1;GCF_905400185.1;MF6;MF7	GCF_016899425.1|KEDGBJ_00697;GCF_053038975.1|AHCKDM_00665;GCF_053209605.1|GFFINM_00663;GCF_905400185.1|DKPOPA_00628;MF6|CFFIHE_00627;MF7|EFEKAH_05274
GCF_016899425.1|KEDGBJ_00698	6	6	1	1	GCF_016899425.1;GCF_053038975.1;GCF_053209605.1;GCF_905400185.1;MF6;MF7	GCF_016899425.1|KEDGBJ_00698;GCF_053038975.1|AHCKDM_00666;GCF_053209605.1|GFFINM_00664;GCF_905400185.1|DKPOPA_00629;MF6|CFFIHE_00628;MF7|EFEKAH_05273
GCF_016899425.1|KEDGBJ_00699	6	6	1	1	GCF_016899425.1;GCF_053038975.1;GCF_053209605.1;GCF_905400185.1;MF6;MF7	GCF_016899425.1|KEDGBJ_00699;GCF_053038975.1|AHCKDM_00667;GCF_053209605.1|GFFINM_00665;GCF_905400185.1|DKPOPA_00630;MF6|CFFIHE_00629;MF7|EFEKAH_05272
GCF_016899425.1|KEDGBJ_00700	6	6	1	1	GCF_016899425.1;GCF_053038975.1;GCF_053209605.1;GCF_905400185.1;MF6;MF7	GCF_016899425.1|KEDGBJ_00700;GCF_053038975.1|AHCKDM_00668;GCF_053209605.1|GFFINM_00666;GCF_905400185.1|DKPOPA_00631;MF6|CFFIHE_00630;MF7|EFEKAH_05271
GCF_016899425.1|KEDGBJ_00701	6	6	1	1	GCF_016899425.1;GCF_053038975.1;GCF_053209605.1;GCF_905400185.1;MF6;MF7	GCF_016899425.1|KEDGBJ_00701;GCF_053038975.1|AHCKDM_00669;GCF_053209605.1|GFFINM_00667;GCF_905400185.1|DKPOPA_00632;MF6|CFFIHE_00631;MF7|EFEKAH_05270
GCF_016899425.1|KEDGBJ_00702	6	6	1	1	GCF_016899425.1;GCF_053038975.1;GCF_053209605.1;GCF_905400185.1;MF6;MF7	GCF_016899425.1|KEDGBJ_00702;GCF_053038975.1|AHCKDM_00670;GCF_053209605.1|GFFINM_00668;GCF_905400185.1|DKPOPA_00633;MF6|CFFIHE_00632;MF7|EFEKAH_05269
GCF_016899425.1|KEDGBJ_00704	6	6	1	1	GCF_016899425.1;GCF_053038975.1;GCF_053209605.1;GCF_905400185.1;MF6;MF7	GCF_016899425.1|KEDGBJ_00704;GCF_053038975.1|AHCKDM_00672;GCF_053209605.1|GFFINM_00670;GCF_905400185.1|DKPOPA_00635;MF6|CFFIHE_00634;MF7|EFEKAH_05267
GCF_016899425.1|KEDGBJ_00705	6	6	1	1	GCF_016899425.1;GCF_053038975.1;GCF_053209605.1;GCF_905400185.1;MF6;MF7	GCF_016899425.1|KEDGBJ_00705;GCF_053038975.1|AHCKDM_00673;GCF_053209605.1|GFFINM_00671;GCF_905400185.1|DKPOPA_00636;MF6|CFFIHE_00635;MF7|EFEKAH_05266
GCF_016899425.1|KEDGBJ_00706	6	6	1	1	GCF_016899425.1;GCF_053038975.1;GCF_053209605.1;GCF_905400185.1;MF6;MF7	GCF_016899425.1|KEDGBJ_00706;GCF_053038975.1|AHCKDM_00674;GCF_053209605.1|GFFINM_00672;GCF_905400185.1|DKPOPA_00637;MF6|CFFIHE_00636;MF7|EFEKAH_05265
GCF_016899425.1|KEDGBJ_00707	6	6	1	1	GCF_016899425.1;GCF_053038975.1;GCF_053209605.1;GCF_905400185.1;MF6;MF7	GCF_016899425.1|KEDGBJ_00707;GCF_053038975.1|AHCKDM_00675;GCF_053209605.1|GFFINM_00673;GCF_905400185.1|DKPOPA_00638;MF6|CFFIHE_00637;MF7|EFEKAH_05264
GCF_016899425.1|KEDGBJ_00708	6	6	1	1	GCF_016899425.1;GCF_053038975.1;GCF_053209605.1;GCF_905400185.1;MF6;MF7	GCF_016899425.1|KEDGBJ_00708;GCF_053038975.1|AHCKDM_00676;GCF_053209605.1|GFFINM_00674;GCF_905400185.1|DKPOPA_00639;MF6|CFFIHE_00638;MF7|EFEKAH_05263
GCF_016899425.1|KEDGBJ_00709	6	6	1	1	GCF_016899425.1;GCF_053038975.1;GCF_053209605.1;GCF_905400185.1;MF6;MF7	GCF_016899425.1|KEDGBJ_00709;GCF_053038975.1|AHCKDM_00677;GCF_053209605.1|GFFINM_00675;GCF_905400185.1|DKPOPA_00640;MF6|CFFIHE_00639;MF7|EFEKAH_05262
GCF_016899425.1|KEDGBJ_00710	6	6	1	1	GCF_016899425.1;GCF_053038975.1;GCF_053209605.1;GCF_905400185.1;MF6;MF7	GCF_016899425.1|KEDGBJ_00710;GCF_053038975.1|AHCKDM_00678;GCF_053209605.1|GFFINM_00676;GCF_905400185.1|DKPOPA_00641;MF6|CFFIHE_00640;MF7|EFEKAH_05261
GCF_016899425.1|KEDGBJ_00711	6	6	1	1	GCF_016899425.1;GCF_053038975.1;GCF_053209605.1;GCF_905400185.1;MF6;MF7	GCF_016899425.1|KEDGBJ_00711;GCF_053038975.1|AHCKDM_00679;GCF_053209605.1|GFFINM_00677;GCF_905400185.1|DKPOPA_00642;MF6|CFFIHE_00641;MF7|EFEKAH_05260
GCF_016899425.1|KEDGBJ_00712	6	6	1	1	GCF_016899425.1;GCF_053038975.1;GCF_053209605.1;GCF_905400185.1;MF6;MF7	GCF_016899425.1|KEDGBJ_00712;GCF_053038975.1|AHCKDM_00680;GCF_053209605.1|GFFINM_00678;GCF_905400185.1|DKPOPA_00643;MF6|CFFIHE_00642;MF7|EFEKAH_05259
GCF_016899425.1|KEDGBJ_00713	6	6	1	1	GCF_016899425.1;GCF_053038975.1;GCF_053209605.1;GCF_905400185.1;MF6;MF7	GCF_016899425.1|KEDGBJ_00713;GCF_053038975.1|AHCKDM_00681;GCF_053209605.1|GFFINM_00679;GCF_905400185.1|DKPOPA_00644;MF6|CFFIHE_00643;MF7|EFEKAH_05258
GCF_016899425.1|KEDGBJ_00714	6	6	1	1	GCF_016899425.1;GCF_053038975.1;GCF_053209605.1;GCF_905400185.1;MF6;MF7	GCF_016899425.1|KEDGBJ_00714;GCF_053038975.1|AHCKDM_00682;GCF_053209605.1|GFFINM_00680;GCF_905400185.1|DKPOPA_00645;MF6|CFFIHE_00644;MF7|EFEKAH_05257
GCF_016899425.1|KEDGBJ_00715	6	6	1	1	GCF_016899425.1;GCF_053038975.1;GCF_053209605.1;GCF_905400185.1;MF6;MF7	GCF_016899425.1|KEDGBJ_00715;GCF_053038975.1|AHCKDM_00683;GCF_053209605.1|GFFINM_00681;GCF_905400185.1|DKPOPA_00646;MF6|CFFIHE_00645;MF7|EFEKAH_05256
GCF_016899425.1|KEDGBJ_00716	6	6	1	1	GCF_016899425.1;GCF_053038975.1;GCF_053209605.1;GCF_905400185.1;MF6;MF7	GCF_016899425.1|KEDGBJ_00716;GCF_053038975.1|AHCKDM_00684;GCF_053209605.1|GFFINM_00682;GCF_905400185.1|DKPOPA_00647;MF6|CFFIHE_00646;MF7|EFEKAH_05255
GCF_016899425.1|KEDGBJ_00717	6	6	1	1	GCF_016899425.1;GCF_053038975.1;GCF_053209605.1;GCF_905400185.1;MF6;MF7	GCF_016899425.1|KEDGBJ_00717;GCF_053038975.1|AHCKDM_00685;GCF_053209605.1|GFFINM_00683;GCF_905400185.1|DKPOPA_00648;MF6|CFFIHE_00647;MF7|EFEKAH_05254
GCF_016899425.1|KEDGBJ_00718	6	6	1	1	GCF_016899425.1;GCF_053038975.1;GCF_053209605.1;GCF_905400185.1;MF6;MF7	GCF_016899425.1|KEDGBJ_00718;GCF_053038975.1|AHCKDM_00686;GCF_053209605.1|GFFINM_00684;GCF_905400185.1|DKPOPA_00649;MF6|CFFIHE_00648;MF7|EFEKAH_05253
GCF_016899425.1|KEDGBJ_00719	6	6	1	1	GCF_016899425.1;GCF_053038975.1;GCF_053209605.1;GCF_905400185.1;MF6;MF7	GCF_016899425.1|KEDGBJ_00719;GCF_053038975.1|AHCKDM_00687;GCF_053209605.1|GFFINM_00685;GCF_905400185.1|DKPOPA_00650;MF6|CFFIHE_00649;MF7|EFEKAH_05252
GCF_016899425.1|KEDGBJ_00720	6	6	1	1	GCF_016899425.1;GCF_053038975.1;GCF_053209605.1;GCF_905400185.1;MF6;MF7	GCF_016899425.1|KEDGBJ_00720;GCF_053038975.1|AHCKDM_00688;GCF_053209605.1|GFFINM_00686;GCF_905400185.1|DKPOPA_00651;MF6|CFFIHE_00650;MF7|EFEKAH_05251
GCF_016899425.1|KEDGBJ_00721	6	6	1	1	GCF_016899425.1;GCF_053038975.1;GCF_053209605.1;GCF_905400185.1;MF6;MF7	GCF_016899425.1|KEDGBJ_00721;GCF_053038975.1|AHCKDM_00689;GCF_053209605.1|GFFINM_00687;GCF_905400185.1|DKPOPA_00652;MF6|CFFIHE_00651;MF7|EFEKAH_05250
GCF_016899425.1|KEDGBJ_00722	4	4	0	0	GCF_016899425.1;GCF_905400185.1;MF6;MF7	GCF_016899425.1|KEDGBJ_00722;GCF_905400185.1|DKPOPA_00653;MF6|CFFIHE_00652;MF7|EFEKAH_05249
GCF_016899425.1|KEDGBJ_00723	6	6	1	1	GCF_016899425.1;GCF_053038975.1;GCF_053209605.1;GCF_905400185.1;MF6;MF7	GCF_016899425.1|KEDGBJ_00723;GCF_053038975.1|AHCKDM_00692;GCF_053209605.1|GFFINM_00690;GCF_905400185.1|DKPOPA_00654;MF6|CFFIHE_00653;MF7|EFEKAH_05248
GCF_016899425.1|KEDGBJ_00724	6	6	1	1	GCF_016899425.1;GCF_053038975.1;GCF_053209605.1;GCF_905400185.1;MF6;MF7	GCF_016899425.1|KEDGBJ_00724;GCF_053038975.1|AHCKDM_00693;GCF_053209605.1|GFFINM_00691;GCF_905400185.1|DKPOPA_00655;MF6|CFFIHE_00654;MF7|EFEKAH_05247
GCF_016899425.1|KEDGBJ_00725	6	6	1	1	GCF_016899425.1;GCF_053038975.1;GCF_053209605.1;GCF_905400185.1;MF6;MF7	GCF_016899425.1|KEDGBJ_00725;GCF_053038975.1|AHCKDM_00694;GCF_053209605.1|GFFINM_00692;GCF_905400185.1|DKPOPA_00656;MF6|CFFIHE_00655;MF7|EFEKAH_05246
GCF_016899425.1|KEDGBJ_00726	6	6	1	1	GCF_016899425.1;GCF_053038975.1;GCF_053209605.1;GCF_905400185.1;MF6;MF7	GCF_016899425.1|KEDGBJ_00726;GCF_053038975.1|AHCKDM_00695;GCF_053209605.1|GFFINM_00693;GCF_905400185.1|DKPOPA_00657;MF6|CFFIHE_00656;MF7|EFEKAH_05245
GCF_016899425.1|KEDGBJ_00727	6	6	1	1	GCF_016899425.1;GCF_053038975.1;GCF_053209605.1;GCF_905400185.1;MF6;MF7	GCF_016899425.1|KEDGBJ_00727;GCF_053038975.1|AHCKDM_00696;GCF_053209605.1|GFFINM_00694;GCF_905400185.1|DKPOPA_00658;MF6|CFFIHE_00657;MF7|EFEKAH_05244
GCF_016899425.1|KEDGBJ_00729	6	6	1	1	GCF_016899425.1;GCF_053038975.1;GCF_053209605.1;GCF_905400185.1;MF6;MF7	GCF_016899425.1|KEDGBJ_00729;GCF_053038975.1|AHCKDM_00698;GCF_053209605.1|GFFINM_00696;GCF_905400185.1|DKPOPA_00660;MF6|CFFIHE_00659;MF7|EFEKAH_05242
GCF_016899425.1|KEDGBJ_00730	6	6	1	1	GCF_016899425.1;GCF_053038975.1;GCF_053209605.1;GCF_905400185.1;MF6;MF7	GCF_016899425.1|KEDGBJ_00730;GCF_053038975.1|AHCKDM_00699;GCF_053209605.1|GFFINM_00697;GCF_905400185.1|DKPOPA_00661;MF6|CFFIHE_00660;MF7|EFEKAH_05241
GCF_016899425.1|KEDGBJ_00731	4	4	0	0	GCF_016899425.1;GCF_905400185.1;MF6;MF7	GCF_016899425.1|KEDGBJ_00731;GCF_905400185.1|DKPOPA_00662;MF6|CFFIHE_00661;MF7|EFEKAH_05240
GCF_016899425.1|KEDGBJ_00732	6	6	1	1	GCF_016899425.1;GCF_053038975.1;GCF_053209605.1;GCF_905400185.1;MF6;MF7	GCF_016899425.1|KEDGBJ_00732;GCF_053038975.1|AHCKDM_00700;GCF_053209605.1|GFFINM_00698;GCF_905400185.1|DKPOPA_00663;MF6|CFFIHE_00662;MF7|EFEKAH_05239
GCF_016899425.1|KEDGBJ_00734	6	6	1	1	GCF_016899425.1;GCF_053038975.1;GCF_053209605.1;GCF_905400185.1;MF6;MF7	GCF_016899425.1|KEDGBJ_00734;GCF_053038975.1|AHCKDM_00702;GCF_053209605.1|GFFINM_00700;GCF_905400185.1|DKPOPA_00665;MF6|CFFIHE_00664;MF7|EFEKAH_05237
GCF_016899425.1|KEDGBJ_00735	6	6	1	1	GCF_016899425.1;GCF_053038975.1;GCF_053209605.1;GCF_905400185.1;MF6;MF7	GCF_016899425.1|KEDGBJ_00735;GCF_053038975.1|AHCKDM_00703;GCF_053209605.1|GFFINM_00701;GCF_905400185.1|DKPOPA_00666;MF6|CFFIHE_00665;MF7|EFEKAH_05236
GCF_016899425.1|KEDGBJ_00736	6	6	1	1	GCF_016899425.1;GCF_053038975.1;GCF_053209605.1;GCF_905400185.1;MF6;MF7	GCF_016899425.1|KEDGBJ_00736;GCF_053038975.1|AHCKDM_00704;GCF_053209605.1|GFFINM_00702;GCF_905400185.1|DKPOPA_00667;MF6|CFFIHE_00666;MF7|EFEKAH_05235
GCF_016899425.1|KEDGBJ_00737	6	6	1	1	GCF_016899425.1;GCF_053038975.1;GCF_053209605.1;GCF_905400185.1;MF6;MF7	GCF_016899425.1|KEDGBJ_00737;GCF_053038975.1|AHCKDM_00705;GCF_053209605.1|GFFINM_00703;GCF_905400185.1|DKPOPA_00668;MF6|CFFIHE_00667;MF7|EFEKAH_05234
GCF_016899425.1|KEDGBJ_00738	6	6	1	1	GCF_016899425.1;GCF_053038975.1;GCF_053209605.1;GCF_905400185.1;MF6;MF7	GCF_016899425.1|KEDGBJ_00738;GCF_053038975.1|AHCKDM_00706;GCF_053209605.1|GFFINM_00704;GCF_905400185.1|DKPOPA_00669;MF6|CFFIHE_00668;MF7|EFEKAH_05233
GCF_016899425.1|KEDGBJ_00739	6	6	1	1	GCF_016899425.1;GCF_053038975.1;GCF_053209605.1;GCF_905400185.1;MF6;MF7	GCF_016899425.1|KEDGBJ_00739;GCF_053038975.1|AHCKDM_00707;GCF_053209605.1|GFFINM_00705;GCF_905400185.1|DKPOPA_00670;MF6|CFFIHE_00669;MF7|EFEKAH_05232
GCF_016899425.1|KEDGBJ_00740	6	6	1	1	GCF_016899425.1;GCF_053038975.1;GCF_053209605.1;GCF_905400185.1;MF6;MF7	GCF_016899425.1|KEDGBJ_00740;GCF_053038975.1|AHCKDM_00708;GCF_053209605.1|GFFINM_00706;GCF_905400185.1|DKPOPA_00671;MF6|CFFIHE_00670;MF7|EFEKAH_05231
GCF_016899425.1|KEDGBJ_00741	6	6	1	1	GCF_016899425.1;GCF_053038975.1;GCF_053209605.1;GCF_905400185.1;MF6;MF7	GCF_016899425.1|KEDGBJ_00741;GCF_053038975.1|AHCKDM_00709;GCF_053209605.1|GFFINM_00707;GCF_905400185.1|DKPOPA_00672;MF6|CFFIHE_00671;MF7|EFEKAH_05230
GCF_016899425.1|KEDGBJ_00742	6	6	1	1	GCF_016899425.1;GCF_053038975.1;GCF_053209605.1;GCF_905400185.1;MF6;MF7	GCF_016899425.1|KEDGBJ_00742;GCF_053038975.1|AHCKDM_00710;GCF_053209605.1|GFFINM_00708;GCF_905400185.1|DKPOPA_00673;MF6|CFFIHE_00672;MF7|EFEKAH_05229
GCF_016899425.1|KEDGBJ_00743	6	6	1	1	GCF_016899425.1;GCF_053038975.1;GCF_053209605.1;GCF_905400185.1;MF6;MF7	GCF_016899425.1|KEDGBJ_00743;GCF_053038975.1|AHCKDM_00711;GCF_053209605.1|GFFINM_00709;GCF_905400185.1|DKPOPA_00674;MF6|CFFIHE_00673;MF7|EFEKAH_05228
GCF_016899425.1|KEDGBJ_00744	6	6	1	1	GCF_016899425.1;GCF_053038975.1;GCF_053209605.1;GCF_905400185.1;MF6;MF7	GCF_016899425.1|KEDGBJ_00744;GCF_053038975.1|AHCKDM_00713;GCF_053209605.1|GFFINM_00711;GCF_905400185.1|DKPOPA_00675;MF6|CFFIHE_00674;MF7|EFEKAH_05227
GCF_016899425.1|KEDGBJ_00745	6	6	1	1	GCF_016899425.1;GCF_053038975.1;GCF_053209605.1;GCF_905400185.1;MF6;MF7	GCF_016899425.1|KEDGBJ_00745;GCF_053038975.1|AHCKDM_00714;GCF_053209605.1|GFFINM_00712;GCF_905400185.1|DKPOPA_00676;MF6|CFFIHE_00675;MF7|EFEKAH_05226
GCF_016899425.1|KEDGBJ_00746	6	6	1	1	GCF_016899425.1;GCF_053038975.1;GCF_053209605.1;GCF_905400185.1;MF6;MF7	GCF_016899425.1|KEDGBJ_00746;GCF_053038975.1|AHCKDM_00715;GCF_053209605.1|GFFINM_00713;GCF_905400185.1|DKPOPA_00677;MF6|CFFIHE_00676;MF7|EFEKAH_05225
GCF_016899425.1|KEDGBJ_00747	6	6	1	1	GCF_016899425.1;GCF_053038975.1;GCF_053209605.1;GCF_905400185.1;MF6;MF7	GCF_016899425.1|KEDGBJ_00747;GCF_053038975.1|AHCKDM_00716;GCF_053209605.1|GFFINM_00714;GCF_905400185.1|DKPOPA_00678;MF6|CFFIHE_00677;MF7|EFEKAH_05224
GCF_016899425.1|KEDGBJ_00748	6	6	1	1	GCF_016899425.1;GCF_053038975.1;GCF_053209605.1;GCF_905400185.1;MF6;MF7	GCF_016899425.1|KEDGBJ_00748;GCF_053038975.1|AHCKDM_00717;GCF_053209605.1|GFFINM_00715;GCF_905400185.1|DKPOPA_00679;MF6|CFFIHE_00678;MF7|EFEKAH_05223
GCF_016899425.1|KEDGBJ_00750	4	4	0	0	GCF_016899425.1;GCF_905400185.1;MF6;MF7	GCF_016899425.1|KEDGBJ_00750;GCF_905400185.1|DKPOPA_00681;MF6|CFFIHE_00680;MF7|EFEKAH_05221
GCF_016899425.1|KEDGBJ_00751	6	6	1	1	GCF_016899425.1;GCF_053038975.1;GCF_053209605.1;GCF_905400185.1;MF6;MF7	GCF_016899425.1|KEDGBJ_00751;GCF_053038975.1|AHCKDM_00719;GCF_053209605.1|GFFINM_00717;GCF_905400185.1|DKPOPA_00682;MF6|CFFIHE_00681;MF7|EFEKAH_05220
GCF_016899425.1|KEDGBJ_00752	6	6	1	1	GCF_016899425.1;GCF_053038975.1;GCF_053209605.1;GCF_905400185.1;MF6;MF7	GCF_016899425.1|KEDGBJ_00752;GCF_053038975.1|AHCKDM_00720;GCF_053209605.1|GFFINM_00718;GCF_905400185.1|DKPOPA_00683;MF6|CFFIHE_00682;MF7|EFEKAH_05219
GCF_016899425.1|KEDGBJ_00753	6	6	1	1	GCF_016899425.1;GCF_053038975.1;GCF_053209605.1;GCF_905400185.1;MF6;MF7	GCF_016899425.1|KEDGBJ_00753;GCF_053038975.1|AHCKDM_00721;GCF_053209605.1|GFFINM_00719;GCF_905400185.1|DKPOPA_00684;MF6|CFFIHE_00683;MF7|EFEKAH_05218
GCF_016899425.1|KEDGBJ_00754	6	6	1	1	GCF_016899425.1;GCF_053038975.1;GCF_053209605.1;GCF_905400185.1;MF6;MF7	GCF_016899425.1|KEDGBJ_00754;GCF_053038975.1|AHCKDM_00722;GCF_053209605.1|GFFINM_00720;GCF_905400185.1|DKPOPA_00685;MF6|CFFIHE_00684;MF7|EFEKAH_05217
GCF_016899425.1|KEDGBJ_00755	6	6	1	1	GCF_016899425.1;GCF_053038975.1;GCF_053209605.1;GCF_905400185.1;MF6;MF7	GCF_016899425.1|KEDGBJ_00755;GCF_053038975.1|AHCKDM_00723;GCF_053209605.1|GFFINM_00721;GCF_905400185.1|DKPOPA_00686;MF6|CFFIHE_00685;MF7|EFEKAH_05216
GCF_016899425.1|KEDGBJ_00756	6	6	1	1	GCF_016899425.1;GCF_053038975.1;GCF_053209605.1;GCF_905400185.1;MF6;MF7	GCF_016899425.1|KEDGBJ_00756;GCF_053038975.1|AHCKDM_00725;GCF_053209605.1|GFFINM_00723;GCF_905400185.1|DKPOPA_00687;MF6|CFFIHE_00686;MF7|EFEKAH_05215
GCF_016899425.1|KEDGBJ_00757	6	6	1	1	GCF_016899425.1;GCF_053038975.1;GCF_053209605.1;GCF_905400185.1;MF6;MF7	GCF_016899425.1|KEDGBJ_00757;GCF_053038975.1|AHCKDM_00726;GCF_053209605.1|GFFINM_00724;GCF_905400185.1|DKPOPA_00688;MF6|CFFIHE_00687;MF7|EFEKAH_05214
GCF_016899425.1|KEDGBJ_00758	6	6	1	1	GCF_016899425.1;GCF_053038975.1;GCF_053209605.1;GCF_905400185.1;MF6;MF7	GCF_016899425.1|KEDGBJ_00758;GCF_053038975.1|AHCKDM_00727;GCF_053209605.1|GFFINM_00725;GCF_905400185.1|DKPOPA_00689;MF6|CFFIHE_00688;MF7|EFEKAH_05213
GCF_016899425.1|KEDGBJ_00759	6	6	1	1	GCF_016899425.1;GCF_053038975.1;GCF_053209605.1;GCF_905400185.1;MF6;MF7	GCF_016899425.1|KEDGBJ_00759;GCF_053038975.1|AHCKDM_00728;GCF_053209605.1|GFFINM_00726;GCF_905400185.1|DKPOPA_00690;MF6|CFFIHE_00689;MF7|EFEKAH_05212
GCF_016899425.1|KEDGBJ_00760	6	6	1	1	GCF_016899425.1;GCF_053038975.1;GCF_053209605.1;GCF_905400185.1;MF6;MF7	GCF_016899425.1|KEDGBJ_00760;GCF_053038975.1|AHCKDM_00729;GCF_053209605.1|GFFINM_00727;GCF_905400185.1|DKPOPA_00691;MF6|CFFIHE_00690;MF7|EFEKAH_05211
GCF_016899425.1|KEDGBJ_00761	6	6	1	1	GCF_016899425.1;GCF_053038975.1;GCF_053209605.1;GCF_905400185.1;MF6;MF7	GCF_016899425.1|KEDGBJ_00761;GCF_053038975.1|AHCKDM_00731;GCF_053209605.1|GFFINM_00729;GCF_905400185.1|DKPOPA_00693;MF6|CFFIHE_00691;MF7|EFEKAH_05210
GCF_016899425.1|KEDGBJ_00762	6	6	1	1	GCF_016899425.1;GCF_053038975.1;GCF_053209605.1;GCF_905400185.1;MF6;MF7	GCF_016899425.1|KEDGBJ_00762;GCF_053038975.1|AHCKDM_00732;GCF_053209605.1|GFFINM_00730;GCF_905400185.1|DKPOPA_00694;MF6|CFFIHE_00692;MF7|EFEKAH_05209
GCF_016899425.1|KEDGBJ_00763	6	6	1	1	GCF_016899425.1;GCF_053038975.1;GCF_053209605.1;GCF_905400185.1;MF6;MF7	GCF_016899425.1|KEDGBJ_00763;GCF_053038975.1|AHCKDM_00733;GCF_053209605.1|GFFINM_00731;GCF_905400185.1|DKPOPA_00695;MF6|CFFIHE_00693;MF7|EFEKAH_05208
GCF_016899425.1|KEDGBJ_00765	6	6	1	1	GCF_016899425.1;GCF_053038975.1;GCF_053209605.1;GCF_905400185.1;MF6;MF7	GCF_016899425.1|KEDGBJ_00765;GCF_053038975.1|AHCKDM_00735;GCF_053209605.1|GFFINM_00733;GCF_905400185.1|DKPOPA_00697;MF6|CFFIHE_00695;MF7|EFEKAH_05206
GCF_016899425.1|KEDGBJ_00766	6	6	1	1	GCF_016899425.1;GCF_053038975.1;GCF_053209605.1;GCF_905400185.1;MF6;MF7	GCF_016899425.1|KEDGBJ_00766;GCF_053038975.1|AHCKDM_00736;GCF_053209605.1|GFFINM_00734;GCF_905400185.1|DKPOPA_00698;MF6|CFFIHE_00696;MF7|EFEKAH_05205
GCF_016899425.1|KEDGBJ_00767	6	6	1	1	GCF_016899425.1;GCF_053038975.1;GCF_053209605.1;GCF_905400185.1;MF6;MF7	GCF_016899425.1|KEDGBJ_00767;GCF_053038975.1|AHCKDM_00737;GCF_053209605.1|GFFINM_00735;GCF_905400185.1|DKPOPA_00699;MF6|CFFIHE_00697;MF7|EFEKAH_05204
GCF_016899425.1|KEDGBJ_00768	6	6	1	1	GCF_016899425.1;GCF_053038975.1;GCF_053209605.1;GCF_905400185.1;MF6;MF7	GCF_016899425.1|KEDGBJ_00768;GCF_053038975.1|AHCKDM_00738;GCF_053209605.1|GFFINM_00736;GCF_905400185.1|DKPOPA_00700;MF6|CFFIHE_00698;MF7|EFEKAH_05203
GCF_016899425.1|KEDGBJ_00769	6	6	1	1	GCF_016899425.1;GCF_053038975.1;GCF_053209605.1;GCF_905400185.1;MF6;MF7	GCF_016899425.1|KEDGBJ_00769;GCF_053038975.1|AHCKDM_00739;GCF_053209605.1|GFFINM_00737;GCF_905400185.1|DKPOPA_00701;MF6|CFFIHE_00699;MF7|EFEKAH_05202
GCF_016899425.1|KEDGBJ_00770	6	6	1	1	GCF_016899425.1;GCF_053038975.1;GCF_053209605.1;GCF_905400185.1;MF6;MF7	GCF_016899425.1|KEDGBJ_00770;GCF_053038975.1|AHCKDM_00740;GCF_053209605.1|GFFINM_00738;GCF_905400185.1|DKPOPA_00702;MF6|CFFIHE_00700;MF7|EFEKAH_05201
GCF_016899425.1|KEDGBJ_00771	6	6	1	1	GCF_016899425.1;GCF_053038975.1;GCF_053209605.1;GCF_905400185.1;MF6;MF7	GCF_016899425.1|KEDGBJ_00771;GCF_053038975.1|AHCKDM_00741;GCF_053209605.1|GFFINM_00739;GCF_905400185.1|DKPOPA_00703;MF6|CFFIHE_00701;MF7|EFEKAH_05200
GCF_016899425.1|KEDGBJ_00772	6	6	1	1	GCF_016899425.1;GCF_053038975.1;GCF_053209605.1;GCF_905400185.1;MF6;MF7	GCF_016899425.1|KEDGBJ_00772;GCF_053038975.1|AHCKDM_00742;GCF_053209605.1|GFFINM_00740;GCF_905400185.1|DKPOPA_00704;MF6|CFFIHE_00702;MF7|EFEKAH_05199
GCF_016899425.1|KEDGBJ_00773	6	6	1	1	GCF_016899425.1;GCF_053038975.1;GCF_053209605.1;GCF_905400185.1;MF6;MF7	GCF_016899425.1|KEDGBJ_00773;GCF_053038975.1|AHCKDM_00743;GCF_053209605.1|GFFINM_00741;GCF_905400185.1|DKPOPA_00705;MF6|CFFIHE_00703;MF7|EFEKAH_05198
GCF_016899425.1|KEDGBJ_00774	4	4	0	0	GCF_016899425.1;GCF_905400185.1;MF6;MF7	GCF_016899425.1|KEDGBJ_00774;GCF_905400185.1|DKPOPA_00706;MF6|CFFIHE_00704;MF7|EFEKAH_05197
GCF_016899425.1|KEDGBJ_00775	6	6	1	1	GCF_016899425.1;GCF_053038975.1;GCF_053209605.1;GCF_905400185.1;MF6;MF7	GCF_016899425.1|KEDGBJ_00775;GCF_053038975.1|AHCKDM_00744;GCF_053209605.1|GFFINM_00742;GCF_905400185.1|DKPOPA_00707;MF6|CFFIHE_00705;MF7|EFEKAH_05196
GCF_016899425.1|KEDGBJ_00776	6	6	1	1	GCF_016899425.1;GCF_053038975.1;GCF_053209605.1;GCF_905400185.1;MF6;MF7	GCF_016899425.1|KEDGBJ_00776;GCF_053038975.1|AHCKDM_00745;GCF_053209605.1|GFFINM_00743;GCF_905400185.1|DKPOPA_00708;MF6|CFFIHE_00706;MF7|EFEKAH_05195
GCF_016899425.1|KEDGBJ_00777	6	6	1	1	GCF_016899425.1;GCF_053038975.1;GCF_053209605.1;GCF_905400185.1;MF6;MF7	GCF_016899425.1|KEDGBJ_00777;GCF_053038975.1|AHCKDM_00746;GCF_053209605.1|GFFINM_00744;GCF_905400185.1|DKPOPA_00709;MF6|CFFIHE_00707;MF7|EFEKAH_05194
GCF_016899425.1|KEDGBJ_00778	6	6	1	1	GCF_016899425.1;GCF_053038975.1;GCF_053209605.1;GCF_905400185.1;MF6;MF7	GCF_016899425.1|KEDGBJ_00778;GCF_053038975.1|AHCKDM_00747;GCF_053209605.1|GFFINM_00745;GCF_905400185.1|DKPOPA_00710;MF6|CFFIHE_00708;MF7|EFEKAH_05193
GCF_016899425.1|KEDGBJ_00779	6	6	1	1	GCF_016899425.1;GCF_053038975.1;GCF_053209605.1;GCF_905400185.1;MF6;MF7	GCF_016899425.1|KEDGBJ_00779;GCF_053038975.1|AHCKDM_00748;GCF_053209605.1|GFFINM_00746;GCF_905400185.1|DKPOPA_00711;MF6|CFFIHE_00709;MF7|EFEKAH_05192
GCF_016899425.1|KEDGBJ_00780	6	6	1	1	GCF_016899425.1;GCF_053038975.1;GCF_053209605.1;GCF_905400185.1;MF6;MF7	GCF_016899425.1|KEDGBJ_00780;GCF_053038975.1|AHCKDM_00749;GCF_053209605.1|GFFINM_00747;GCF_905400185.1|DKPOPA_00712;MF6|CFFIHE_00710;MF7|EFEKAH_05191
GCF_016899425.1|KEDGBJ_00781	6	6	1	1	GCF_016899425.1;GCF_053038975.1;GCF_053209605.1;GCF_905400185.1;MF6;MF7	GCF_016899425.1|KEDGBJ_00781;GCF_053038975.1|AHCKDM_00750;GCF_053209605.1|GFFINM_00748;GCF_905400185.1|DKPOPA_00713;MF6|CFFIHE_00711;MF7|EFEKAH_05190
GCF_016899425.1|KEDGBJ_00782	6	6	1	1	GCF_016899425.1;GCF_053038975.1;GCF_053209605.1;GCF_905400185.1;MF6;MF7	GCF_016899425.1|KEDGBJ_00782;GCF_053038975.1|AHCKDM_00751;GCF_053209605.1|GFFINM_00749;GCF_905400185.1|DKPOPA_00714;MF6|CFFIHE_00712;MF7|EFEKAH_05189
GCF_016899425.1|KEDGBJ_00783	6	6	1	1	GCF_016899425.1;GCF_053038975.1;GCF_053209605.1;GCF_905400185.1;MF6;MF7	GCF_016899425.1|KEDGBJ_00783;GCF_053038975.1|AHCKDM_00752;GCF_053209605.1|GFFINM_00750;GCF_905400185.1|DKPOPA_00715;MF6|CFFIHE_00713;MF7|EFEKAH_05188
GCF_016899425.1|KEDGBJ_00784	6	6	1	1	GCF_016899425.1;GCF_053038975.1;GCF_053209605.1;GCF_905400185.1;MF6;MF7	GCF_016899425.1|KEDGBJ_00784;GCF_053038975.1|AHCKDM_00753;GCF_053209605.1|GFFINM_00751;GCF_905400185.1|DKPOPA_00716;MF6|CFFIHE_00714;MF7|EFEKAH_05187
GCF_016899425.1|KEDGBJ_00786	6	6	1	1	GCF_016899425.1;GCF_053038975.1;GCF_053209605.1;GCF_905400185.1;MF6;MF7	GCF_016899425.1|KEDGBJ_00786;GCF_053038975.1|AHCKDM_00755;GCF_053209605.1|GFFINM_00753;GCF_905400185.1|DKPOPA_00718;MF6|CFFIHE_00716;MF7|EFEKAH_05185
GCF_016899425.1|KEDGBJ_00787	6	6	1	1	GCF_016899425.1;GCF_053038975.1;GCF_053209605.1;GCF_905400185.1;MF6;MF7	GCF_016899425.1|KEDGBJ_00787;GCF_053038975.1|AHCKDM_00756;GCF_053209605.1|GFFINM_00754;GCF_905400185.1|DKPOPA_00719;MF6|CFFIHE_00717;MF7|EFEKAH_05184
GCF_016899425.1|KEDGBJ_00788	6	6	1	1	GCF_016899425.1;GCF_053038975.1;GCF_053209605.1;GCF_905400185.1;MF6;MF7	GCF_016899425.1|KEDGBJ_00788;GCF_053038975.1|AHCKDM_00757;GCF_053209605.1|GFFINM_00755;GCF_905400185.1|DKPOPA_00720;MF6|CFFIHE_00718;MF7|EFEKAH_05183
GCF_016899425.1|KEDGBJ_00789	6	6	1	1	GCF_016899425.1;GCF_053038975.1;GCF_053209605.1;GCF_905400185.1;MF6;MF7	GCF_016899425.1|KEDGBJ_00789;GCF_053038975.1|AHCKDM_00758;GCF_053209605.1|GFFINM_00756;GCF_905400185.1|DKPOPA_00721;MF6|CFFIHE_00719;MF7|EFEKAH_05182
GCF_016899425.1|KEDGBJ_00790	6	6	1	1	GCF_016899425.1;GCF_053038975.1;GCF_053209605.1;GCF_905400185.1;MF6;MF7	GCF_016899425.1|KEDGBJ_00790;GCF_053038975.1|AHCKDM_00759;GCF_053209605.1|GFFINM_00757;GCF_905400185.1|DKPOPA_00722;MF6|CFFIHE_00720;MF7|EFEKAH_05181
GCF_016899425.1|KEDGBJ_00791	6	6	1	1	GCF_016899425.1;GCF_053038975.1;GCF_053209605.1;GCF_905400185.1;MF6;MF7	GCF_016899425.1|KEDGBJ_00791;GCF_053038975.1|AHCKDM_00760;GCF_053209605.1|GFFINM_00758;GCF_905400185.1|DKPOPA_00723;MF6|CFFIHE_00721;MF7|EFEKAH_05180
GCF_016899425.1|KEDGBJ_00792	6	6	1	1	GCF_016899425.1;GCF_053038975.1;GCF_053209605.1;GCF_905400185.1;MF6;MF7	GCF_016899425.1|KEDGBJ_00792;GCF_053038975.1|AHCKDM_00761;GCF_053209605.1|GFFINM_00759;GCF_905400185.1|DKPOPA_00724;MF6|CFFIHE_00722;MF7|EFEKAH_05179
GCF_016899425.1|KEDGBJ_00793	6	6	1	1	GCF_016899425.1;GCF_053038975.1;GCF_053209605.1;GCF_905400185.1;MF6;MF7	GCF_016899425.1|KEDGBJ_00793;GCF_053038975.1|AHCKDM_00762;GCF_053209605.1|GFFINM_00760;GCF_905400185.1|DKPOPA_00725;MF6|CFFIHE_00723;MF7|EFEKAH_05178
GCF_016899425.1|KEDGBJ_00794	6	6	1	1	GCF_016899425.1;GCF_053038975.1;GCF_053209605.1;GCF_905400185.1;MF6;MF7	GCF_016899425.1|KEDGBJ_00794;GCF_053038975.1|AHCKDM_00763;GCF_053209605.1|GFFINM_00761;GCF_905400185.1|DKPOPA_00726;MF6|CFFIHE_00724;MF7|EFEKAH_05177
GCF_016899425.1|KEDGBJ_00795	6	6	1	1	GCF_016899425.1;GCF_053038975.1;GCF_053209605.1;GCF_905400185.1;MF6;MF7	GCF_016899425.1|KEDGBJ_00795;GCF_053038975.1|AHCKDM_00764;GCF_053209605.1|GFFINM_00762;GCF_905400185.1|DKPOPA_00727;MF6|CFFIHE_00725;MF7|EFEKAH_05176
GCF_016899425.1|KEDGBJ_00796	6	6	1	1	GCF_016899425.1;GCF_053038975.1;GCF_053209605.1;GCF_905400185.1;MF6;MF7	GCF_016899425.1|KEDGBJ_00796;GCF_053038975.1|AHCKDM_00765;GCF_053209605.1|GFFINM_00763;GCF_905400185.1|DKPOPA_00728;MF6|CFFIHE_00726;MF7|EFEKAH_05175
GCF_016899425.1|KEDGBJ_00797	6	6	1	1	GCF_016899425.1;GCF_053038975.1;GCF_053209605.1;GCF_905400185.1;MF6;MF7	GCF_016899425.1|KEDGBJ_00797;GCF_053038975.1|AHCKDM_00766;GCF_053209605.1|GFFINM_00764;GCF_905400185.1|DKPOPA_00729;MF6|CFFIHE_00727;MF7|EFEKAH_05174
GCF_016899425.1|KEDGBJ_00798	6	6	1	1	GCF_016899425.1;GCF_053038975.1;GCF_053209605.1;GCF_905400185.1;MF6;MF7	GCF_016899425.1|KEDGBJ_00798;GCF_053038975.1|AHCKDM_00767;GCF_053209605.1|GFFINM_00765;GCF_905400185.1|DKPOPA_00730;MF6|CFFIHE_00728;MF7|EFEKAH_05173
GCF_016899425.1|KEDGBJ_00799	6	6	1	1	GCF_016899425.1;GCF_053038975.1;GCF_053209605.1;GCF_905400185.1;MF6;MF7	GCF_016899425.1|KEDGBJ_00799;GCF_053038975.1|AHCKDM_00768;GCF_053209605.1|GFFINM_00766;GCF_905400185.1|DKPOPA_00731;MF6|CFFIHE_00729;MF7|EFEKAH_05172
GCF_016899425.1|KEDGBJ_00800	6	6	1	1	GCF_016899425.1;GCF_053038975.1;GCF_053209605.1;GCF_905400185.1;MF6;MF7	GCF_016899425.1|KEDGBJ_00800;GCF_053038975.1|AHCKDM_00769;GCF_053209605.1|GFFINM_00767;GCF_905400185.1|DKPOPA_00732;MF6|CFFIHE_00730;MF7|EFEKAH_05171
GCF_016899425.1|KEDGBJ_00801	6	6	1	1	GCF_016899425.1;GCF_053038975.1;GCF_053209605.1;GCF_905400185.1;MF6;MF7	GCF_016899425.1|KEDGBJ_00801;GCF_053038975.1|AHCKDM_00770;GCF_053209605.1|GFFINM_00768;GCF_905400185.1|DKPOPA_00733;MF6|CFFIHE_00731;MF7|EFEKAH_05170
GCF_016899425.1|KEDGBJ_00802	6	6	1	1	GCF_016899425.1;GCF_053038975.1;GCF_053209605.1;GCF_905400185.1;MF6;MF7	GCF_016899425.1|KEDGBJ_00802;GCF_053038975.1|AHCKDM_00771;GCF_053209605.1|GFFINM_00769;GCF_905400185.1|DKPOPA_00734;MF6|CFFIHE_00732;MF7|EFEKAH_05169
GCF_016899425.1|KEDGBJ_00803	6	6	1	1	GCF_016899425.1;GCF_053038975.1;GCF_053209605.1;GCF_905400185.1;MF6;MF7	GCF_016899425.1|KEDGBJ_00803;GCF_053038975.1|AHCKDM_00772;GCF_053209605.1|GFFINM_00770;GCF_905400185.1|DKPOPA_00735;MF6|CFFIHE_00733;MF7|EFEKAH_05168
GCF_016899425.1|KEDGBJ_00804	6	6	1	1	GCF_016899425.1;GCF_053038975.1;GCF_053209605.1;GCF_905400185.1;MF6;MF7	GCF_016899425.1|KEDGBJ_00804;GCF_053038975.1|AHCKDM_00773;GCF_053209605.1|GFFINM_00771;GCF_905400185.1|DKPOPA_00736;MF6|CFFIHE_00734;MF7|EFEKAH_05167
GCF_016899425.1|KEDGBJ_00805	6	6	1	1	GCF_016899425.1;GCF_053038975.1;GCF_053209605.1;GCF_905400185.1;MF6;MF7	GCF_016899425.1|KEDGBJ_00805;GCF_053038975.1|AHCKDM_00774;GCF_053209605.1|GFFINM_00772;GCF_905400185.1|DKPOPA_00737;MF6|CFFIHE_00735;MF7|EFEKAH_05166
GCF_016899425.1|KEDGBJ_00806	6	6	1	1	GCF_016899425.1;GCF_053038975.1;GCF_053209605.1;GCF_905400185.1;MF6;MF7	GCF_016899425.1|KEDGBJ_00806;GCF_053038975.1|AHCKDM_00775;GCF_053209605.1|GFFINM_00773;GCF_905400185.1|DKPOPA_00738;MF6|CFFIHE_00736;MF7|EFEKAH_05165
GCF_016899425.1|KEDGBJ_00807	6	6	1	1	GCF_016899425.1;GCF_053038975.1;GCF_053209605.1;GCF_905400185.1;MF6;MF7	GCF_016899425.1|KEDGBJ_00807;GCF_053038975.1|AHCKDM_00776;GCF_053209605.1|GFFINM_00774;GCF_905400185.1|DKPOPA_00739;MF6|CFFIHE_00737;MF7|EFEKAH_05164
GCF_016899425.1|KEDGBJ_00808	6	6	1	1	GCF_016899425.1;GCF_053038975.1;GCF_053209605.1;GCF_905400185.1;MF6;MF7	GCF_016899425.1|KEDGBJ_00808;GCF_053038975.1|AHCKDM_00777;GCF_053209605.1|GFFINM_00775;GCF_905400185.1|DKPOPA_00740;MF6|CFFIHE_00738;MF7|EFEKAH_05163
GCF_016899425.1|KEDGBJ_00810	6	6	1	1	GCF_016899425.1;GCF_053038975.1;GCF_053209605.1;GCF_905400185.1;MF6;MF7	GCF_016899425.1|KEDGBJ_00810;GCF_053038975.1|AHCKDM_00779;GCF_053209605.1|GFFINM_00777;GCF_905400185.1|DKPOPA_00742;MF6|CFFIHE_00740;MF7|EFEKAH_05161
GCF_016899425.1|KEDGBJ_00811	6	6	1	1	GCF_016899425.1;GCF_053038975.1;GCF_053209605.1;GCF_905400185.1;MF6;MF7	GCF_016899425.1|KEDGBJ_00811;GCF_053038975.1|AHCKDM_00780;GCF_053209605.1|GFFINM_00778;GCF_905400185.1|DKPOPA_00743;MF6|CFFIHE_00741;MF7|EFEKAH_05160
GCF_016899425.1|KEDGBJ_00812	6	6	1	1	GCF_016899425.1;GCF_053038975.1;GCF_053209605.1;GCF_905400185.1;MF6;MF7	GCF_016899425.1|KEDGBJ_00812;GCF_053038975.1|AHCKDM_00781;GCF_053209605.1|GFFINM_00779;GCF_905400185.1|DKPOPA_00744;MF6|CFFIHE_00742;MF7|EFEKAH_05159
GCF_016899425.1|KEDGBJ_00813	6	6	1	1	GCF_016899425.1;GCF_053038975.1;GCF_053209605.1;GCF_905400185.1;MF6;MF7	GCF_016899425.1|KEDGBJ_00813;GCF_053038975.1|AHCKDM_00782;GCF_053209605.1|GFFINM_00780;GCF_905400185.1|DKPOPA_00745;MF6|CFFIHE_00743;MF7|EFEKAH_05158
GCF_016899425.1|KEDGBJ_00814	6	6	1	1	GCF_016899425.1;GCF_053038975.1;GCF_053209605.1;GCF_905400185.1;MF6;MF7	GCF_016899425.1|KEDGBJ_00814;GCF_053038975.1|AHCKDM_00783;GCF_053209605.1|GFFINM_00781;GCF_905400185.1|DKPOPA_00746;MF6|CFFIHE_00744;MF7|EFEKAH_05157
GCF_016899425.1|KEDGBJ_00815	6	6	1	1	GCF_016899425.1;GCF_053038975.1;GCF_053209605.1;GCF_905400185.1;MF6;MF7	GCF_016899425.1|KEDGBJ_00815;GCF_053038975.1|AHCKDM_00784;GCF_053209605.1|GFFINM_00782;GCF_905400185.1|DKPOPA_00747;MF6|CFFIHE_00745;MF7|EFEKAH_05156
GCF_016899425.1|KEDGBJ_00816	6	6	1	1	GCF_016899425.1;GCF_053038975.1;GCF_053209605.1;GCF_905400185.1;MF6;MF7	GCF_016899425.1|KEDGBJ_00816;GCF_053038975.1|AHCKDM_00785;GCF_053209605.1|GFFINM_00783;GCF_905400185.1|DKPOPA_00748;MF6|CFFIHE_00746;MF7|EFEKAH_05155
GCF_016899425.1|KEDGBJ_00817	6	6	1	1	GCF_016899425.1;GCF_053038975.1;GCF_053209605.1;GCF_905400185.1;MF6;MF7	GCF_016899425.1|KEDGBJ_00817;GCF_053038975.1|AHCKDM_00786;GCF_053209605.1|GFFINM_00784;GCF_905400185.1|DKPOPA_00749;MF6|CFFIHE_00747;MF7|EFEKAH_05154
GCF_016899425.1|KEDGBJ_00818	6	6	1	1	GCF_016899425.1;GCF_053038975.1;GCF_053209605.1;GCF_905400185.1;MF6;MF7	GCF_016899425.1|KEDGBJ_00818;GCF_053038975.1|AHCKDM_00787;GCF_053209605.1|GFFINM_00785;GCF_905400185.1|DKPOPA_00750;MF6|CFFIHE_00748;MF7|EFEKAH_05153
GCF_016899425.1|KEDGBJ_00819	6	6	1	1	GCF_016899425.1;GCF_053038975.1;GCF_053209605.1;GCF_905400185.1;MF6;MF7	GCF_016899425.1|KEDGBJ_00819;GCF_053038975.1|AHCKDM_00788;GCF_053209605.1|GFFINM_00786;GCF_905400185.1|DKPOPA_00751;MF6|CFFIHE_00749;MF7|EFEKAH_05152
GCF_016899425.1|KEDGBJ_00820	6	6	1	1	GCF_016899425.1;GCF_053038975.1;GCF_053209605.1;GCF_905400185.1;MF6;MF7	GCF_016899425.1|KEDGBJ_00820;GCF_053038975.1|AHCKDM_00789;GCF_053209605.1|GFFINM_00787;GCF_905400185.1|DKPOPA_00752;MF6|CFFIHE_00750;MF7|EFEKAH_05151
GCF_016899425.1|KEDGBJ_00821	6	6	1	1	GCF_016899425.1;GCF_053038975.1;GCF_053209605.1;GCF_905400185.1;MF6;MF7	GCF_016899425.1|KEDGBJ_00821;GCF_053038975.1|AHCKDM_00790;GCF_053209605.1|GFFINM_00788;GCF_905400185.1|DKPOPA_00753;MF6|CFFIHE_00751;MF7|EFEKAH_05150
GCF_016899425.1|KEDGBJ_00822	4	4	0	0	GCF_016899425.1;GCF_905400185.1;MF6;MF7	GCF_016899425.1|KEDGBJ_00822;GCF_905400185.1|DKPOPA_00754;MF6|CFFIHE_00752;MF7|EFEKAH_05149
GCF_016899425.1|KEDGBJ_00823	4	4	0	0	GCF_016899425.1;GCF_905400185.1;MF6;MF7	GCF_016899425.1|KEDGBJ_00823;GCF_905400185.1|DKPOPA_00755;MF6|CFFIHE_00753;MF7|EFEKAH_05148
GCF_016899425.1|KEDGBJ_00824	6	6	1	1	GCF_016899425.1;GCF_053038975.1;GCF_053209605.1;GCF_905400185.1;MF6;MF7	GCF_016899425.1|KEDGBJ_00824;GCF_053038975.1|AHCKDM_00791;GCF_053209605.1|GFFINM_00789;GCF_905400185.1|DKPOPA_00756;MF6|CFFIHE_00754;MF7|EFEKAH_05147
GCF_016899425.1|KEDGBJ_00826	6	6	1	1	GCF_016899425.1;GCF_053038975.1;GCF_053209605.1;GCF_905400185.1;MF6;MF7	GCF_016899425.1|KEDGBJ_00826;GCF_053038975.1|AHCKDM_00793;GCF_053209605.1|GFFINM_00791;GCF_905400185.1|DKPOPA_00758;MF6|CFFIHE_00756;MF7|EFEKAH_05145
GCF_016899425.1|KEDGBJ_00827	6	6	1	1	GCF_016899425.1;GCF_053038975.1;GCF_053209605.1;GCF_905400185.1;MF6;MF7	GCF_016899425.1|KEDGBJ_00827;GCF_053038975.1|AHCKDM_00794;GCF_053209605.1|GFFINM_00792;GCF_905400185.1|DKPOPA_00759;MF6|CFFIHE_00757;MF7|EFEKAH_05144
GCF_016899425.1|KEDGBJ_00828	6	6	1	1	GCF_016899425.1;GCF_053038975.1;GCF_053209605.1;GCF_905400185.1;MF6;MF7	GCF_016899425.1|KEDGBJ_00828;GCF_053038975.1|AHCKDM_00795;GCF_053209605.1|GFFINM_00793;GCF_905400185.1|DKPOPA_00760;MF6|CFFIHE_00758;MF7|EFEKAH_05143
GCF_016899425.1|KEDGBJ_00829	6	6	1	1	GCF_016899425.1;GCF_053038975.1;GCF_053209605.1;GCF_905400185.1;MF6;MF7	GCF_016899425.1|KEDGBJ_00829;GCF_053038975.1|AHCKDM_00796;GCF_053209605.1|GFFINM_00794;GCF_905400185.1|DKPOPA_00761;MF6|CFFIHE_00759;MF7|EFEKAH_05142
GCF_016899425.1|KEDGBJ_00830	6	6	1	1	GCF_016899425.1;GCF_053038975.1;GCF_053209605.1;GCF_905400185.1;MF6;MF7	GCF_016899425.1|KEDGBJ_00830;GCF_053038975.1|AHCKDM_00797;GCF_053209605.1|GFFINM_00795;GCF_905400185.1|DKPOPA_00762;MF6|CFFIHE_00760;MF7|EFEKAH_05141
GCF_016899425.1|KEDGBJ_00831	6	6	1	1	GCF_016899425.1;GCF_053038975.1;GCF_053209605.1;GCF_905400185.1;MF6;MF7	GCF_016899425.1|KEDGBJ_00831;GCF_053038975.1|AHCKDM_00798;GCF_053209605.1|GFFINM_00796;GCF_905400185.1|DKPOPA_00763;MF6|CFFIHE_00761;MF7|EFEKAH_05140
GCF_016899425.1|KEDGBJ_00832	6	6	1	1	GCF_016899425.1;GCF_053038975.1;GCF_053209605.1;GCF_905400185.1;MF6;MF7	GCF_016899425.1|KEDGBJ_00832;GCF_053038975.1|AHCKDM_00799;GCF_053209605.1|GFFINM_00797;GCF_905400185.1|DKPOPA_00764;MF6|CFFIHE_00762;MF7|EFEKAH_05139
GCF_016899425.1|KEDGBJ_00833	6	6	1	1	GCF_016899425.1;GCF_053038975.1;GCF_053209605.1;GCF_905400185.1;MF6;MF7	GCF_016899425.1|KEDGBJ_00833;GCF_053038975.1|AHCKDM_00800;GCF_053209605.1|GFFINM_00798;GCF_905400185.1|DKPOPA_00765;MF6|CFFIHE_00763;MF7|EFEKAH_05138
GCF_016899425.1|KEDGBJ_00834	6	6	1	1	GCF_016899425.1;GCF_053038975.1;GCF_053209605.1;GCF_905400185.1;MF6;MF7	GCF_016899425.1|KEDGBJ_00834;GCF_053038975.1|AHCKDM_00801;GCF_053209605.1|GFFINM_00799;GCF_905400185.1|DKPOPA_00766;MF6|CFFIHE_00764;MF7|EFEKAH_05137
GCF_016899425.1|KEDGBJ_00835	6	6	1	1	GCF_016899425.1;GCF_053038975.1;GCF_053209605.1;GCF_905400185.1;MF6;MF7	GCF_016899425.1|KEDGBJ_00835;GCF_053038975.1|AHCKDM_00802;GCF_053209605.1|GFFINM_00800;GCF_905400185.1|DKPOPA_00767;MF6|CFFIHE_00765;MF7|EFEKAH_05136
GCF_016899425.1|KEDGBJ_00836	6	6	1	1	GCF_016899425.1;GCF_053038975.1;GCF_053209605.1;GCF_905400185.1;MF6;MF7	GCF_016899425.1|KEDGBJ_00836;GCF_053038975.1|AHCKDM_00803;GCF_053209605.1|GFFINM_00801;GCF_905400185.1|DKPOPA_00768;MF6|CFFIHE_00766;MF7|EFEKAH_05135
GCF_016899425.1|KEDGBJ_00837	6	6	1	1	GCF_016899425.1;GCF_053038975.1;GCF_053209605.1;GCF_905400185.1;MF6;MF7	GCF_016899425.1|KEDGBJ_00837;GCF_053038975.1|AHCKDM_00804;GCF_053209605.1|GFFINM_00802;GCF_905400185.1|DKPOPA_00769;MF6|CFFIHE_00767;MF7|EFEKAH_05134
GCF_016899425.1|KEDGBJ_00839	6	6	1	1	GCF_016899425.1;GCF_053038975.1;GCF_053209605.1;GCF_905400185.1;MF6;MF7	GCF_016899425.1|KEDGBJ_00839;GCF_053038975.1|AHCKDM_00806;GCF_053209605.1|GFFINM_00804;GCF_905400185.1|DKPOPA_00771;MF6|CFFIHE_00769;MF7|EFEKAH_05132
GCF_016899425.1|KEDGBJ_00840	6	6	1	1	GCF_016899425.1;GCF_053038975.1;GCF_053209605.1;GCF_905400185.1;MF6;MF7	GCF_016899425.1|KEDGBJ_00840;GCF_053038975.1|AHCKDM_00807;GCF_053209605.1|GFFINM_00805;GCF_905400185.1|DKPOPA_00772;MF6|CFFIHE_00770;MF7|EFEKAH_05131
GCF_016899425.1|KEDGBJ_00841	6	6	1	1	GCF_016899425.1;GCF_053038975.1;GCF_053209605.1;GCF_905400185.1;MF6;MF7	GCF_016899425.1|KEDGBJ_00841;GCF_053038975.1|AHCKDM_00808;GCF_053209605.1|GFFINM_00806;GCF_905400185.1|DKPOPA_00773;MF6|CFFIHE_00771;MF7|EFEKAH_05130
GCF_016899425.1|KEDGBJ_00842	6	6	1	1	GCF_016899425.1;GCF_053038975.1;GCF_053209605.1;GCF_905400185.1;MF6;MF7	GCF_016899425.1|KEDGBJ_00842;GCF_053038975.1|AHCKDM_00809;GCF_053209605.1|GFFINM_00807;GCF_905400185.1|DKPOPA_00774;MF6|CFFIHE_00772;MF7|EFEKAH_05129
GCF_016899425.1|KEDGBJ_00843	6	6	1	1	GCF_016899425.1;GCF_053038975.1;GCF_053209605.1;GCF_905400185.1;MF6;MF7	GCF_016899425.1|KEDGBJ_00843;GCF_053038975.1|AHCKDM_00810;GCF_053209605.1|GFFINM_00808;GCF_905400185.1|DKPOPA_00775;MF6|CFFIHE_00773;MF7|EFEKAH_05128
GCF_016899425.1|KEDGBJ_00844	6	6	1	1	GCF_016899425.1;GCF_053038975.1;GCF_053209605.1;GCF_905400185.1;MF6;MF7	GCF_016899425.1|KEDGBJ_00844;GCF_053038975.1|AHCKDM_00811;GCF_053209605.1|GFFINM_00809;GCF_905400185.1|DKPOPA_00776;MF6|CFFIHE_00774;MF7|EFEKAH_05127
GCF_016899425.1|KEDGBJ_00846	6	6	1	1	GCF_016899425.1;GCF_053038975.1;GCF_053209605.1;GCF_905400185.1;MF6;MF7	GCF_016899425.1|KEDGBJ_00846;GCF_053038975.1|AHCKDM_00813;GCF_053209605.1|GFFINM_00811;GCF_905400185.1|DKPOPA_00778;MF6|CFFIHE_00776;MF7|EFEKAH_05125
GCF_016899425.1|KEDGBJ_00847	6	6	1	1	GCF_016899425.1;GCF_053038975.1;GCF_053209605.1;GCF_905400185.1;MF6;MF7	GCF_016899425.1|KEDGBJ_00847;GCF_053038975.1|AHCKDM_00814;GCF_053209605.1|GFFINM_00812;GCF_905400185.1|DKPOPA_00779;MF6|CFFIHE_00777;MF7|EFEKAH_05124
GCF_016899425.1|KEDGBJ_00848	6	6	1	1	GCF_016899425.1;GCF_053038975.1;GCF_053209605.1;GCF_905400185.1;MF6;MF7	GCF_016899425.1|KEDGBJ_00848;GCF_053038975.1|AHCKDM_00815;GCF_053209605.1|GFFINM_00813;GCF_905400185.1|DKPOPA_00780;MF6|CFFIHE_00778;MF7|EFEKAH_05123
GCF_016899425.1|KEDGBJ_00849	6	6	1	1	GCF_016899425.1;GCF_053038975.1;GCF_053209605.1;GCF_905400185.1;MF6;MF7	GCF_016899425.1|KEDGBJ_00849;GCF_053038975.1|AHCKDM_00816;GCF_053209605.1|GFFINM_00814;GCF_905400185.1|DKPOPA_00781;MF6|CFFIHE_00779;MF7|EFEKAH_05122
GCF_016899425.1|KEDGBJ_00850	4	4	0	0	GCF_016899425.1;GCF_905400185.1;MF6;MF7	GCF_016899425.1|KEDGBJ_00850;GCF_905400185.1|DKPOPA_00782;MF6|CFFIHE_00780;MF7|EFEKAH_05121
GCF_016899425.1|KEDGBJ_00851	4	4	0	0	GCF_016899425.1;GCF_905400185.1;MF6;MF7	GCF_016899425.1|KEDGBJ_00851;GCF_905400185.1|DKPOPA_00783;MF6|CFFIHE_00781;MF7|EFEKAH_05120
GCF_016899425.1|KEDGBJ_00852	2	2	0	0	GCF_016899425.1;GCF_905400185.1	GCF_016899425.1|KEDGBJ_00852;GCF_905400185.1|DKPOPA_00784
GCF_016899425.1|KEDGBJ_00853	4	4	0	0	GCF_016899425.1;GCF_905400185.1;MF6;MF7	GCF_016899425.1|KEDGBJ_00853;GCF_905400185.1|DKPOPA_00785;MF6|CFFIHE_00782;MF7|EFEKAH_05119
GCF_016899425.1|KEDGBJ_00854	6	6	1	1	GCF_016899425.1;GCF_053038975.1;GCF_053209605.1;GCF_905400185.1;MF6;MF7	GCF_016899425.1|KEDGBJ_00854;GCF_053038975.1|AHCKDM_00817;GCF_053209605.1|GFFINM_00815;GCF_905400185.1|DKPOPA_00786;MF6|CFFIHE_00783;MF7|EFEKAH_05118
GCF_016899425.1|KEDGBJ_00855	6	6	1	1	GCF_016899425.1;GCF_053038975.1;GCF_053209605.1;GCF_905400185.1;MF6;MF7	GCF_016899425.1|KEDGBJ_00855;GCF_053038975.1|AHCKDM_00818;GCF_053209605.1|GFFINM_00816;GCF_905400185.1|DKPOPA_00787;MF6|CFFIHE_00784;MF7|EFEKAH_05117
GCF_016899425.1|KEDGBJ_00856	6	6	1	1	GCF_016899425.1;GCF_053038975.1;GCF_053209605.1;GCF_905400185.1;MF6;MF7	GCF_016899425.1|KEDGBJ_00856;GCF_053038975.1|AHCKDM_00819;GCF_053209605.1|GFFINM_00817;GCF_905400185.1|DKPOPA_00788;MF6|CFFIHE_00785;MF7|EFEKAH_05116
GCF_016899425.1|KEDGBJ_00857	6	6	1	1	GCF_016899425.1;GCF_053038975.1;GCF_053209605.1;GCF_905400185.1;MF6;MF7	GCF_016899425.1|KEDGBJ_00857;GCF_053038975.1|AHCKDM_00820;GCF_053209605.1|GFFINM_00818;GCF_905400185.1|DKPOPA_00789;MF6|CFFIHE_00786;MF7|EFEKAH_05115
GCF_016899425.1|KEDGBJ_00858	6	6	1	1	GCF_016899425.1;GCF_053038975.1;GCF_053209605.1;GCF_905400185.1;MF6;MF7	GCF_016899425.1|KEDGBJ_00858;GCF_053038975.1|AHCKDM_00821;GCF_053209605.1|GFFINM_00819;GCF_905400185.1|DKPOPA_00790;MF6|CFFIHE_00787;MF7|EFEKAH_05114
GCF_016899425.1|KEDGBJ_00860	6	6	1	1	GCF_016899425.1;GCF_053038975.1;GCF_053209605.1;GCF_905400185.1;MF6;MF7	GCF_016899425.1|KEDGBJ_00860;GCF_053038975.1|AHCKDM_00823;GCF_053209605.1|GFFINM_00821;GCF_905400185.1|DKPOPA_00792;MF6|CFFIHE_00789;MF7|EFEKAH_05112
GCF_016899425.1|KEDGBJ_00861	6	6	1	1	GCF_016899425.1;GCF_053038975.1;GCF_053209605.1;GCF_905400185.1;MF6;MF7	GCF_016899425.1|KEDGBJ_00861;GCF_053038975.1|AHCKDM_00824;GCF_053209605.1|GFFINM_00822;GCF_905400185.1|DKPOPA_00793;MF6|CFFIHE_00790;MF7|EFEKAH_05111
GCF_016899425.1|KEDGBJ_00862	6	6	1	1	GCF_016899425.1;GCF_053038975.1;GCF_053209605.1;GCF_905400185.1;MF6;MF7	GCF_016899425.1|KEDGBJ_00862;GCF_053038975.1|AHCKDM_00825;GCF_053209605.1|GFFINM_00823;GCF_905400185.1|DKPOPA_00794;MF6|CFFIHE_00791;MF7|EFEKAH_05110
GCF_016899425.1|KEDGBJ_00863	6	6	1	1	GCF_016899425.1;GCF_053038975.1;GCF_053209605.1;GCF_905400185.1;MF6;MF7	GCF_016899425.1|KEDGBJ_00863;GCF_053038975.1|AHCKDM_00826;GCF_053209605.1|GFFINM_00824;GCF_905400185.1|DKPOPA_00795;MF6|CFFIHE_00792;MF7|EFEKAH_05109
GCF_016899425.1|KEDGBJ_00864	6	6	1	1	GCF_016899425.1;GCF_053038975.1;GCF_053209605.1;GCF_905400185.1;MF6;MF7	GCF_016899425.1|KEDGBJ_00864;GCF_053038975.1|AHCKDM_00834;GCF_053209605.1|GFFINM_00832;GCF_905400185.1|DKPOPA_00796;MF6|CFFIHE_00793;MF7|EFEKAH_05108
GCF_016899425.1|KEDGBJ_00865	6	6	1	1	GCF_016899425.1;GCF_053038975.1;GCF_053209605.1;GCF_905400185.1;MF6;MF7	GCF_016899425.1|KEDGBJ_00865;GCF_053038975.1|AHCKDM_00835;GCF_053209605.1|GFFINM_00833;GCF_905400185.1|DKPOPA_00797;MF6|CFFIHE_00794;MF7|EFEKAH_05107
GCF_016899425.1|KEDGBJ_00866	1	1	0	0	GCF_016899425.1	GCF_016899425.1|KEDGBJ_00866
GCF_016899425.1|KEDGBJ_00867	1	1	0	0	GCF_016899425.1	GCF_016899425.1|KEDGBJ_00867
GCF_016899425.1|KEDGBJ_00868	1	1	0	0	GCF_016899425.1	GCF_016899425.1|KEDGBJ_00868
GCF_016899425.1|KEDGBJ_00869	1	1	0	0	GCF_016899425.1	GCF_016899425.1|KEDGBJ_00869
GCF_016899425.1|KEDGBJ_00871	1	1	0	0	GCF_016899425.1	GCF_016899425.1|KEDGBJ_00871
GCF_016899425.1|KEDGBJ_00872	1	1	0	0	GCF_016899425.1	GCF_016899425.1|KEDGBJ_00872
GCF_016899425.1|KEDGBJ_00873	1	1	0	0	GCF_016899425.1	GCF_016899425.1|KEDGBJ_00873
GCF_016899425.1|KEDGBJ_00874	1	1	0	0	GCF_016899425.1	GCF_016899425.1|KEDGBJ_00874
GCF_016899425.1|KEDGBJ_00875	1	1	0	0	GCF_016899425.1	GCF_016899425.1|KEDGBJ_00875
GCF_016899425.1|KEDGBJ_00876	1	1	0	0	GCF_016899425.1	GCF_016899425.1|KEDGBJ_00876
GCF_016899425.1|KEDGBJ_00878	6	6	1	1	GCF_016899425.1;GCF_053038975.1;GCF_053209605.1;GCF_905400185.1;MF6;MF7	GCF_016899425.1|KEDGBJ_00878;GCF_053038975.1|AHCKDM_00847;GCF_053209605.1|GFFINM_00845;GCF_905400185.1|DKPOPA_00813;MF6|CFFIHE_00816;MF7|EFEKAH_05085
GCF_016899425.1|KEDGBJ_00881	2	2	0	0	GCF_016899425.1;GCF_905400185.1	GCF_016899425.1|KEDGBJ_00881;GCF_905400185.1|DKPOPA_00816
GCF_016899425.1|KEDGBJ_00882	2	2	0	0	GCF_016899425.1;GCF_905400185.1	GCF_016899425.1|KEDGBJ_00882;GCF_905400185.1|DKPOPA_00817
GCF_016899425.1|KEDGBJ_00883	2	2	0	0	GCF_016899425.1;GCF_905400185.1	GCF_016899425.1|KEDGBJ_00883;GCF_905400185.1|DKPOPA_00818
GCF_016899425.1|KEDGBJ_00884	6	6	1	1	GCF_016899425.1;GCF_053038975.1;GCF_053209605.1;GCF_905400185.1;MF6;MF7	GCF_016899425.1|KEDGBJ_00884;GCF_053038975.1|AHCKDM_00851;GCF_053209605.1|GFFINM_00849;GCF_905400185.1|DKPOPA_00819;MF6|CFFIHE_00820;MF7|EFEKAH_05081
GCF_016899425.1|KEDGBJ_00885	6	6	1	1	GCF_016899425.1;GCF_053038975.1;GCF_053209605.1;GCF_905400185.1;MF6;MF7	GCF_016899425.1|KEDGBJ_00885;GCF_053038975.1|AHCKDM_00852;GCF_053209605.1|GFFINM_00850;GCF_905400185.1|DKPOPA_00820;MF6|CFFIHE_00821;MF7|EFEKAH_05080
GCF_016899425.1|KEDGBJ_00886	6	6	1	1	GCF_016899425.1;GCF_053038975.1;GCF_053209605.1;GCF_905400185.1;MF6;MF7	GCF_016899425.1|KEDGBJ_00886;GCF_053038975.1|AHCKDM_00853;GCF_053209605.1|GFFINM_00851;GCF_905400185.1|DKPOPA_00821;MF6|CFFIHE_00822;MF7|EFEKAH_05079
GCF_016899425.1|KEDGBJ_00887	6	6	1	1	GCF_016899425.1;GCF_053038975.1;GCF_053209605.1;GCF_905400185.1;MF6;MF7	GCF_016899425.1|KEDGBJ_00887;GCF_053038975.1|AHCKDM_00854;GCF_053209605.1|GFFINM_00852;GCF_905400185.1|DKPOPA_00822;MF6|CFFIHE_00823;MF7|EFEKAH_05078
GCF_016899425.1|KEDGBJ_00888	6	6	1	1	GCF_016899425.1;GCF_053038975.1;GCF_053209605.1;GCF_905400185.1;MF6;MF7	GCF_016899425.1|KEDGBJ_00888;GCF_053038975.1|AHCKDM_00855;GCF_053209605.1|GFFINM_00853;GCF_905400185.1|DKPOPA_00823;MF6|CFFIHE_00824;MF7|EFEKAH_05077
GCF_016899425.1|KEDGBJ_00889	6	6	1	1	GCF_016899425.1;GCF_053038975.1;GCF_053209605.1;GCF_905400185.1;MF6;MF7	GCF_016899425.1|KEDGBJ_00889;GCF_053038975.1|AHCKDM_00856;GCF_053209605.1|GFFINM_00854;GCF_905400185.1|DKPOPA_00824;MF6|CFFIHE_00825;MF7|EFEKAH_05076
GCF_016899425.1|KEDGBJ_00890	6	6	1	1	GCF_016899425.1;GCF_053038975.1;GCF_053209605.1;GCF_905400185.1;MF6;MF7	GCF_016899425.1|KEDGBJ_00890;GCF_053038975.1|AHCKDM_00857;GCF_053209605.1|GFFINM_00855;GCF_905400185.1|DKPOPA_00825;MF6|CFFIHE_00826;MF7|EFEKAH_05075
GCF_016899425.1|KEDGBJ_00891	6	6	1	1	GCF_016899425.1;GCF_053038975.1;GCF_053209605.1;GCF_905400185.1;MF6;MF7	GCF_016899425.1|KEDGBJ_00891;GCF_053038975.1|AHCKDM_00858;GCF_053209605.1|GFFINM_00856;GCF_905400185.1|DKPOPA_00826;MF6|CFFIHE_00827;MF7|EFEKAH_05074
GCF_016899425.1|KEDGBJ_00892	6	6	1	1	GCF_016899425.1;GCF_053038975.1;GCF_053209605.1;GCF_905400185.1;MF6;MF7	GCF_016899425.1|KEDGBJ_00892;GCF_053038975.1|AHCKDM_00859;GCF_053209605.1|GFFINM_00857;GCF_905400185.1|DKPOPA_00827;MF6|CFFIHE_00828;MF7|EFEKAH_05073
GCF_016899425.1|KEDGBJ_00893	6	6	1	1	GCF_016899425.1;GCF_053038975.1;GCF_053209605.1;GCF_905400185.1;MF6;MF7	GCF_016899425.1|KEDGBJ_00893;GCF_053038975.1|AHCKDM_00860;GCF_053209605.1|GFFINM_00858;GCF_905400185.1|DKPOPA_00828;MF6|CFFIHE_00829;MF7|EFEKAH_05072
GCF_016899425.1|KEDGBJ_00894	6	6	1	1	GCF_016899425.1;GCF_053038975.1;GCF_053209605.1;GCF_905400185.1;MF6;MF7	GCF_016899425.1|KEDGBJ_00894;GCF_053038975.1|AHCKDM_00861;GCF_053209605.1|GFFINM_00859;GCF_905400185.1|DKPOPA_00829;MF6|CFFIHE_00830;MF7|EFEKAH_05071
GCF_016899425.1|KEDGBJ_00896	6	6	1	1	GCF_016899425.1;GCF_053038975.1;GCF_053209605.1;GCF_905400185.1;MF6;MF7	GCF_016899425.1|KEDGBJ_00896;GCF_053038975.1|AHCKDM_00863;GCF_053209605.1|GFFINM_00861;GCF_905400185.1|DKPOPA_00831;MF6|CFFIHE_00832;MF7|EFEKAH_05068
GCF_016899425.1|KEDGBJ_00898	6	6	1	1	GCF_016899425.1;GCF_053038975.1;GCF_053209605.1;GCF_905400185.1;MF6;MF7	GCF_016899425.1|KEDGBJ_00898;GCF_053038975.1|AHCKDM_00865;GCF_053209605.1|GFFINM_00863;GCF_905400185.1|DKPOPA_00833;MF6|CFFIHE_00834;MF7|EFEKAH_05067
GCF_016899425.1|KEDGBJ_00899	6	6	1	1	GCF_016899425.1;GCF_053038975.1;GCF_053209605.1;GCF_905400185.1;MF6;MF7	GCF_016899425.1|KEDGBJ_00899;GCF_053038975.1|AHCKDM_00866;GCF_053209605.1|GFFINM_00864;GCF_905400185.1|DKPOPA_00834;MF6|CFFIHE_00835;MF7|EFEKAH_05066
GCF_016899425.1|KEDGBJ_00900	6	6	1	1	GCF_016899425.1;GCF_053038975.1;GCF_053209605.1;GCF_905400185.1;MF6;MF7	GCF_016899425.1|KEDGBJ_00900;GCF_053038975.1|AHCKDM_00867;GCF_053209605.1|GFFINM_00865;GCF_905400185.1|DKPOPA_00835;MF6|CFFIHE_00836;MF7|EFEKAH_05065
GCF_016899425.1|KEDGBJ_00901	6	6	1	1	GCF_016899425.1;GCF_053038975.1;GCF_053209605.1;GCF_905400185.1;MF6;MF7	GCF_016899425.1|KEDGBJ_00901;GCF_053038975.1|AHCKDM_00868;GCF_053209605.1|GFFINM_00866;GCF_905400185.1|DKPOPA_00836;MF6|CFFIHE_00837;MF7|EFEKAH_05064
GCF_016899425.1|KEDGBJ_00903	6	6	1	1	GCF_016899425.1;GCF_053038975.1;GCF_053209605.1;GCF_905400185.1;MF6;MF7	GCF_016899425.1|KEDGBJ_00903;GCF_053038975.1|AHCKDM_00870;GCF_053209605.1|GFFINM_00868;GCF_905400185.1|DKPOPA_00838;MF6|CFFIHE_00839;MF7|EFEKAH_05062
GCF_016899425.1|KEDGBJ_00904	6	6	1	1	GCF_016899425.1;GCF_053038975.1;GCF_053209605.1;GCF_905400185.1;MF6;MF7	GCF_016899425.1|KEDGBJ_00904;GCF_053038975.1|AHCKDM_00871;GCF_053209605.1|GFFINM_00869;GCF_905400185.1|DKPOPA_00839;MF6|CFFIHE_00840;MF7|EFEKAH_05061
GCF_016899425.1|KEDGBJ_00905	6	6	1	1	GCF_016899425.1;GCF_053038975.1;GCF_053209605.1;GCF_905400185.1;MF6;MF7	GCF_016899425.1|KEDGBJ_00905;GCF_053038975.1|AHCKDM_00872;GCF_053209605.1|GFFINM_00870;GCF_905400185.1|DKPOPA_00840;MF6|CFFIHE_00841;MF7|EFEKAH_05060
GCF_016899425.1|KEDGBJ_00906	6	6	1	1	GCF_016899425.1;GCF_053038975.1;GCF_053209605.1;GCF_905400185.1;MF6;MF7	GCF_016899425.1|KEDGBJ_00906;GCF_053038975.1|AHCKDM_00873;GCF_053209605.1|GFFINM_00871;GCF_905400185.1|DKPOPA_00841;MF6|CFFIHE_00842;MF7|EFEKAH_05059
GCF_016899425.1|KEDGBJ_00907	6	6	1	1	GCF_016899425.1;GCF_053038975.1;GCF_053209605.1;GCF_905400185.1;MF6;MF7	GCF_016899425.1|KEDGBJ_00907;GCF_053038975.1|AHCKDM_00874;GCF_053209605.1|GFFINM_00872;GCF_905400185.1|DKPOPA_00842;MF6|CFFIHE_00843;MF7|EFEKAH_05058
GCF_016899425.1|KEDGBJ_00908	6	6	1	1	GCF_016899425.1;GCF_053038975.1;GCF_053209605.1;GCF_905400185.1;MF6;MF7	GCF_016899425.1|KEDGBJ_00908;GCF_053038975.1|AHCKDM_00875;GCF_053209605.1|GFFINM_00873;GCF_905400185.1|DKPOPA_00843;MF6|CFFIHE_00844;MF7|EFEKAH_05057
GCF_016899425.1|KEDGBJ_00909	6	6	1	1	GCF_016899425.1;GCF_053038975.1;GCF_053209605.1;GCF_905400185.1;MF6;MF7	GCF_016899425.1|KEDGBJ_00909;GCF_053038975.1|AHCKDM_00876;GCF_053209605.1|GFFINM_00874;GCF_905400185.1|DKPOPA_00844;MF6|CFFIHE_00845;MF7|EFEKAH_05056
GCF_016899425.1|KEDGBJ_00910	6	6	1	1	GCF_016899425.1;GCF_053038975.1;GCF_053209605.1;GCF_905400185.1;MF6;MF7	GCF_016899425.1|KEDGBJ_00910;GCF_053038975.1|AHCKDM_00877;GCF_053209605.1|GFFINM_00875;GCF_905400185.1|DKPOPA_00845;MF6|CFFIHE_00846;MF7|EFEKAH_05055
GCF_016899425.1|KEDGBJ_00911	6	6	1	1	GCF_016899425.1;GCF_053038975.1;GCF_053209605.1;GCF_905400185.1;MF6;MF7	GCF_016899425.1|KEDGBJ_00911;GCF_053038975.1|AHCKDM_00878;GCF_053209605.1|GFFINM_00876;GCF_905400185.1|DKPOPA_00846;MF6|CFFIHE_00847;MF7|EFEKAH_05054
GCF_016899425.1|KEDGBJ_00912	6	6	1	1	GCF_016899425.1;GCF_053038975.1;GCF_053209605.1;GCF_905400185.1;MF6;MF7	GCF_016899425.1|KEDGBJ_00912;GCF_053038975.1|AHCKDM_00879;GCF_053209605.1|GFFINM_00877;GCF_905400185.1|DKPOPA_00847;MF6|CFFIHE_00848;MF7|EFEKAH_05053
GCF_016899425.1|KEDGBJ_00913	6	6	1	1	GCF_016899425.1;GCF_053038975.1;GCF_053209605.1;GCF_905400185.1;MF6;MF7	GCF_016899425.1|KEDGBJ_00913;GCF_053038975.1|AHCKDM_00880;GCF_053209605.1|GFFINM_00878;GCF_905400185.1|DKPOPA_00848;MF6|CFFIHE_00849;MF7|EFEKAH_05052
GCF_016899425.1|KEDGBJ_00915	6	6	1	1	GCF_016899425.1;GCF_053038975.1;GCF_053209605.1;GCF_905400185.1;MF6;MF7	GCF_016899425.1|KEDGBJ_00915;GCF_053038975.1|AHCKDM_00882;GCF_053209605.1|GFFINM_00880;GCF_905400185.1|DKPOPA_00854;MF6|CFFIHE_00855;MF7|EFEKAH_05046
GCF_016899425.1|KEDGBJ_00916	6	6	1	1	GCF_016899425.1;GCF_053038975.1;GCF_053209605.1;GCF_905400185.1;MF6;MF7	GCF_016899425.1|KEDGBJ_00916;GCF_053038975.1|AHCKDM_00883;GCF_053209605.1|GFFINM_00881;GCF_905400185.1|DKPOPA_00855;MF6|CFFIHE_00856;MF7|EFEKAH_05045
GCF_016899425.1|KEDGBJ_00917	6	6	1	1	GCF_016899425.1;GCF_053038975.1;GCF_053209605.1;GCF_905400185.1;MF6;MF7	GCF_016899425.1|KEDGBJ_00917;GCF_053038975.1|AHCKDM_00884;GCF_053209605.1|GFFINM_00882;GCF_905400185.1|DKPOPA_00856;MF6|CFFIHE_00857;MF7|EFEKAH_05044
GCF_016899425.1|KEDGBJ_00918	6	6	1	1	GCF_016899425.1;GCF_053038975.1;GCF_053209605.1;GCF_905400185.1;MF6;MF7	GCF_016899425.1|KEDGBJ_00918;GCF_053038975.1|AHCKDM_00885;GCF_053209605.1|GFFINM_00883;GCF_905400185.1|DKPOPA_00857;MF6|CFFIHE_00858;MF7|EFEKAH_05043
GCF_016899425.1|KEDGBJ_00919	6	6	1	1	GCF_016899425.1;GCF_053038975.1;GCF_053209605.1;GCF_905400185.1;MF6;MF7	GCF_016899425.1|KEDGBJ_00919;GCF_053038975.1|AHCKDM_00886;GCF_053209605.1|GFFINM_00884;GCF_905400185.1|DKPOPA_00858;MF6|CFFIHE_00859;MF7|EFEKAH_05042
GCF_016899425.1|KEDGBJ_00921	6	6	1	1	GCF_016899425.1;GCF_053038975.1;GCF_053209605.1;GCF_905400185.1;MF6;MF7	GCF_016899425.1|KEDGBJ_00921;GCF_053038975.1|AHCKDM_00888;GCF_053209605.1|GFFINM_00886;GCF_905400185.1|DKPOPA_00860;MF6|CFFIHE_00861;MF7|EFEKAH_05040
GCF_016899425.1|KEDGBJ_00922	6	6	1	1	GCF_016899425.1;GCF_053038975.1;GCF_053209605.1;GCF_905400185.1;MF6;MF7	GCF_016899425.1|KEDGBJ_00922;GCF_053038975.1|AHCKDM_00889;GCF_053209605.1|GFFINM_00887;GCF_905400185.1|DKPOPA_00861;MF6|CFFIHE_00862;MF7|EFEKAH_05039
GCF_016899425.1|KEDGBJ_00923	6	6	1	1	GCF_016899425.1;GCF_053038975.1;GCF_053209605.1;GCF_905400185.1;MF6;MF7	GCF_016899425.1|KEDGBJ_00923;GCF_053038975.1|AHCKDM_00890;GCF_053209605.1|GFFINM_00888;GCF_905400185.1|DKPOPA_00862;MF6|CFFIHE_00863;MF7|EFEKAH_05038
GCF_016899425.1|KEDGBJ_00924	6	6	1	1	GCF_016899425.1;GCF_053038975.1;GCF_053209605.1;GCF_905400185.1;MF6;MF7	GCF_016899425.1|KEDGBJ_00924;GCF_053038975.1|AHCKDM_00891;GCF_053209605.1|GFFINM_00889;GCF_905400185.1|DKPOPA_00863;MF6|CFFIHE_00864;MF7|EFEKAH_05037
GCF_016899425.1|KEDGBJ_00925	6	6	1	1	GCF_016899425.1;GCF_053038975.1;GCF_053209605.1;GCF_905400185.1;MF6;MF7	GCF_016899425.1|KEDGBJ_00925;GCF_053038975.1|AHCKDM_00892;GCF_053209605.1|GFFINM_00890;GCF_905400185.1|DKPOPA_00864;MF6|CFFIHE_00865;MF7|EFEKAH_05036
GCF_016899425.1|KEDGBJ_00926	6	6	1	1	GCF_016899425.1;GCF_053038975.1;GCF_053209605.1;GCF_905400185.1;MF6;MF7	GCF_016899425.1|KEDGBJ_00926;GCF_053038975.1|AHCKDM_00893;GCF_053209605.1|GFFINM_00891;GCF_905400185.1|DKPOPA_00865;MF6|CFFIHE_00866;MF7|EFEKAH_05035
GCF_016899425.1|KEDGBJ_00927	6	6	1	1	GCF_016899425.1;GCF_053038975.1;GCF_053209605.1;GCF_905400185.1;MF6;MF7	GCF_016899425.1|KEDGBJ_00927;GCF_053038975.1|AHCKDM_00894;GCF_053209605.1|GFFINM_00892;GCF_905400185.1|DKPOPA_00866;MF6|CFFIHE_00867;MF7|EFEKAH_05034
GCF_016899425.1|KEDGBJ_00928	6	6	1	1	GCF_016899425.1;GCF_053038975.1;GCF_053209605.1;GCF_905400185.1;MF6;MF7	GCF_016899425.1|KEDGBJ_00928;GCF_053038975.1|AHCKDM_00895;GCF_053209605.1|GFFINM_00893;GCF_905400185.1|DKPOPA_00867;MF6|CFFIHE_00868;MF7|EFEKAH_05033
GCF_016899425.1|KEDGBJ_00929	6	6	1	1	GCF_016899425.1;GCF_053038975.1;GCF_053209605.1;GCF_905400185.1;MF6;MF7	GCF_016899425.1|KEDGBJ_00929;GCF_053038975.1|AHCKDM_00896;GCF_053209605.1|GFFINM_00894;GCF_905400185.1|DKPOPA_00868;MF6|CFFIHE_00869;MF7|EFEKAH_05032
GCF_016899425.1|KEDGBJ_00930	6	6	1	1	GCF_016899425.1;GCF_053038975.1;GCF_053209605.1;GCF_905400185.1;MF6;MF7	GCF_016899425.1|KEDGBJ_00930;GCF_053038975.1|AHCKDM_00897;GCF_053209605.1|GFFINM_00895;GCF_905400185.1|DKPOPA_00869;MF6|CFFIHE_00870;MF7|EFEKAH_05031
GCF_016899425.1|KEDGBJ_00933	6	6	1	1	GCF_016899425.1;GCF_053038975.1;GCF_053209605.1;GCF_905400185.1;MF6;MF7	GCF_016899425.1|KEDGBJ_00933;GCF_053038975.1|AHCKDM_00900;GCF_053209605.1|GFFINM_00898;GCF_905400185.1|DKPOPA_00872;MF6|CFFIHE_00873;MF7|EFEKAH_05028
GCF_016899425.1|KEDGBJ_00934	6	6	1	1	GCF_016899425.1;GCF_053038975.1;GCF_053209605.1;GCF_905400185.1;MF6;MF7	GCF_016899425.1|KEDGBJ_00934;GCF_053038975.1|AHCKDM_00901;GCF_053209605.1|GFFINM_00899;GCF_905400185.1|DKPOPA_00873;MF6|CFFIHE_00874;MF7|EFEKAH_05027
GCF_016899425.1|KEDGBJ_00935	6	6	1	1	GCF_016899425.1;GCF_053038975.1;GCF_053209605.1;GCF_905400185.1;MF6;MF7	GCF_016899425.1|KEDGBJ_00935;GCF_053038975.1|AHCKDM_00902;GCF_053209605.1|GFFINM_00900;GCF_905400185.1|DKPOPA_00874;MF6|CFFIHE_00875;MF7|EFEKAH_05026
GCF_016899425.1|KEDGBJ_00936	6	6	1	1	GCF_016899425.1;GCF_053038975.1;GCF_053209605.1;GCF_905400185.1;MF6;MF7	GCF_016899425.1|KEDGBJ_00936;GCF_053038975.1|AHCKDM_00903;GCF_053209605.1|GFFINM_00901;GCF_905400185.1|DKPOPA_00875;MF6|CFFIHE_00876;MF7|EFEKAH_05025
GCF_016899425.1|KEDGBJ_00937	6	6	1	1	GCF_016899425.1;GCF_053038975.1;GCF_053209605.1;GCF_905400185.1;MF6;MF7	GCF_016899425.1|KEDGBJ_00937;GCF_053038975.1|AHCKDM_00904;GCF_053209605.1|GFFINM_00902;GCF_905400185.1|DKPOPA_00876;MF6|CFFIHE_00877;MF7|EFEKAH_05024
GCF_016899425.1|KEDGBJ_00938	6	6	1	1	GCF_016899425.1;GCF_053038975.1;GCF_053209605.1;GCF_905400185.1;MF6;MF7	GCF_016899425.1|KEDGBJ_00938;GCF_053038975.1|AHCKDM_00905;GCF_053209605.1|GFFINM_00903;GCF_905400185.1|DKPOPA_00877;MF6|CFFIHE_00878;MF7|EFEKAH_05023
GCF_016899425.1|KEDGBJ_00939	6	6	1	1	GCF_016899425.1;GCF_053038975.1;GCF_053209605.1;GCF_905400185.1;MF6;MF7	GCF_016899425.1|KEDGBJ_00939;GCF_053038975.1|AHCKDM_00906;GCF_053209605.1|GFFINM_00904;GCF_905400185.1|DKPOPA_00878;MF6|CFFIHE_00879;MF7|EFEKAH_05022
GCF_016899425.1|KEDGBJ_00940	6	6	1	1	GCF_016899425.1;GCF_053038975.1;GCF_053209605.1;GCF_905400185.1;MF6;MF7	GCF_016899425.1|KEDGBJ_00940;GCF_053038975.1|AHCKDM_00907;GCF_053209605.1|GFFINM_00905;GCF_905400185.1|DKPOPA_00879;MF6|CFFIHE_00880;MF7|EFEKAH_05021
GCF_016899425.1|KEDGBJ_00941	6	6	1	1	GCF_016899425.1;GCF_053038975.1;GCF_053209605.1;GCF_905400185.1;MF6;MF7	GCF_016899425.1|KEDGBJ_00941;GCF_053038975.1|AHCKDM_00908;GCF_053209605.1|GFFINM_00906;GCF_905400185.1|DKPOPA_00880;MF6|CFFIHE_00881;MF7|EFEKAH_05020
GCF_016899425.1|KEDGBJ_00942	6	6	1	1	GCF_016899425.1;GCF_053038975.1;GCF_053209605.1;GCF_905400185.1;MF6;MF7	GCF_016899425.1|KEDGBJ_00942;GCF_053038975.1|AHCKDM_00909;GCF_053209605.1|GFFINM_00907;GCF_905400185.1|DKPOPA_00881;MF6|CFFIHE_00882;MF7|EFEKAH_05019
GCF_016899425.1|KEDGBJ_00943	4	4	0	0	GCF_016899425.1;GCF_905400185.1;MF6;MF7	GCF_016899425.1|KEDGBJ_00943;GCF_905400185.1|DKPOPA_00882;MF6|CFFIHE_00883;MF7|EFEKAH_05018
GCF_016899425.1|KEDGBJ_00944	6	6	1	1	GCF_016899425.1;GCF_053038975.1;GCF_053209605.1;GCF_905400185.1;MF6;MF7	GCF_016899425.1|KEDGBJ_00944;GCF_053038975.1|AHCKDM_00910;GCF_053209605.1|GFFINM_00908;GCF_905400185.1|DKPOPA_00883;MF6|CFFIHE_00884;MF7|EFEKAH_05017
GCF_016899425.1|KEDGBJ_00945	6	6	1	1	GCF_016899425.1;GCF_053038975.1;GCF_053209605.1;GCF_905400185.1;MF6;MF7	GCF_016899425.1|KEDGBJ_00945;GCF_053038975.1|AHCKDM_00911;GCF_053209605.1|GFFINM_00909;GCF_905400185.1|DKPOPA_00884;MF6|CFFIHE_00885;MF7|EFEKAH_05016
GCF_016899425.1|KEDGBJ_00946	6	6	1	1	GCF_016899425.1;GCF_053038975.1;GCF_053209605.1;GCF_905400185.1;MF6;MF7	GCF_016899425.1|KEDGBJ_00946;GCF_053038975.1|AHCKDM_00912;GCF_053209605.1|GFFINM_00910;GCF_905400185.1|DKPOPA_00885;MF6|CFFIHE_00886;MF7|EFEKAH_05015
GCF_016899425.1|KEDGBJ_00947	6	6	1	1	GCF_016899425.1;GCF_053038975.1;GCF_053209605.1;GCF_905400185.1;MF6;MF7	GCF_016899425.1|KEDGBJ_00947;GCF_053038975.1|AHCKDM_00913;GCF_053209605.1|GFFINM_00911;GCF_905400185.1|DKPOPA_00886;MF6|CFFIHE_00887;MF7|EFEKAH_05014
GCF_016899425.1|KEDGBJ_00948	6	6	1	1	GCF_016899425.1;GCF_053038975.1;GCF_053209605.1;GCF_905400185.1;MF6;MF7	GCF_016899425.1|KEDGBJ_00948;GCF_053038975.1|AHCKDM_00914;GCF_053209605.1|GFFINM_00912;GCF_905400185.1|DKPOPA_00887;MF6|CFFIHE_00888;MF7|EFEKAH_05013
GCF_016899425.1|KEDGBJ_00949	6	6	1	1	GCF_016899425.1;GCF_053038975.1;GCF_053209605.1;GCF_905400185.1;MF6;MF7	GCF_016899425.1|KEDGBJ_00949;GCF_053038975.1|AHCKDM_00915;GCF_053209605.1|GFFINM_00913;GCF_905400185.1|DKPOPA_00888;MF6|CFFIHE_00889;MF7|EFEKAH_05012
GCF_016899425.1|KEDGBJ_00950	6	6	1	1	GCF_016899425.1;GCF_053038975.1;GCF_053209605.1;GCF_905400185.1;MF6;MF7	GCF_016899425.1|KEDGBJ_00950;GCF_053038975.1|AHCKDM_00916;GCF_053209605.1|GFFINM_00914;GCF_905400185.1|DKPOPA_00889;MF6|CFFIHE_00890;MF7|EFEKAH_05011
GCF_016899425.1|KEDGBJ_00951	6	6	1	1	GCF_016899425.1;GCF_053038975.1;GCF_053209605.1;GCF_905400185.1;MF6;MF7	GCF_016899425.1|KEDGBJ_00951;GCF_053038975.1|AHCKDM_00917;GCF_053209605.1|GFFINM_00915;GCF_905400185.1|DKPOPA_00890;MF6|CFFIHE_00891;MF7|EFEKAH_05010
GCF_016899425.1|KEDGBJ_00952	6	6	1	1	GCF_016899425.1;GCF_053038975.1;GCF_053209605.1;GCF_905400185.1;MF6;MF7	GCF_016899425.1|KEDGBJ_00952;GCF_053038975.1|AHCKDM_00918;GCF_053209605.1|GFFINM_00916;GCF_905400185.1|DKPOPA_00891;MF6|CFFIHE_00892;MF7|EFEKAH_05009
GCF_016899425.1|KEDGBJ_00953	6	6	1	1	GCF_016899425.1;GCF_053038975.1;GCF_053209605.1;GCF_905400185.1;MF6;MF7	GCF_016899425.1|KEDGBJ_00953;GCF_053038975.1|AHCKDM_00919;GCF_053209605.1|GFFINM_00917;GCF_905400185.1|DKPOPA_00892;MF6|CFFIHE_00893;MF7|EFEKAH_05008
GCF_016899425.1|KEDGBJ_00954	6	6	1	1	GCF_016899425.1;GCF_053038975.1;GCF_053209605.1;GCF_905400185.1;MF6;MF7	GCF_016899425.1|KEDGBJ_00954;GCF_053038975.1|AHCKDM_00920;GCF_053209605.1|GFFINM_00918;GCF_905400185.1|DKPOPA_00893;MF6|CFFIHE_00894;MF7|EFEKAH_05007
GCF_016899425.1|KEDGBJ_00955	6	6	1	1	GCF_016899425.1;GCF_053038975.1;GCF_053209605.1;GCF_905400185.1;MF6;MF7	GCF_016899425.1|KEDGBJ_00955;GCF_053038975.1|AHCKDM_00921;GCF_053209605.1|GFFINM_00919;GCF_905400185.1|DKPOPA_00894;MF6|CFFIHE_00895;MF7|EFEKAH_05006
GCF_016899425.1|KEDGBJ_00956	6	6	1	1	GCF_016899425.1;GCF_053038975.1;GCF_053209605.1;GCF_905400185.1;MF6;MF7	GCF_016899425.1|KEDGBJ_00956;GCF_053038975.1|AHCKDM_00922;GCF_053209605.1|GFFINM_00920;GCF_905400185.1|DKPOPA_00895;MF6|CFFIHE_00896;MF7|EFEKAH_05005
GCF_016899425.1|KEDGBJ_00957	6	6	1	1	GCF_016899425.1;GCF_053038975.1;GCF_053209605.1;GCF_905400185.1;MF6;MF7	GCF_016899425.1|KEDGBJ_00957;GCF_053038975.1|AHCKDM_00923;GCF_053209605.1|GFFINM_00921;GCF_905400185.1|DKPOPA_00896;MF6|CFFIHE_00897;MF7|EFEKAH_05004
GCF_016899425.1|KEDGBJ_00958	6	6	1	1	GCF_016899425.1;GCF_053038975.1;GCF_053209605.1;GCF_905400185.1;MF6;MF7	GCF_016899425.1|KEDGBJ_00958;GCF_053038975.1|AHCKDM_00924;GCF_053209605.1|GFFINM_00922;GCF_905400185.1|DKPOPA_00897;MF6|CFFIHE_00898;MF7|EFEKAH_05003
GCF_016899425.1|KEDGBJ_00959	6	6	1	1	GCF_016899425.1;GCF_053038975.1;GCF_053209605.1;GCF_905400185.1;MF6;MF7	GCF_016899425.1|KEDGBJ_00959;GCF_053038975.1|AHCKDM_00925;GCF_053209605.1|GFFINM_00923;GCF_905400185.1|DKPOPA_00898;MF6|CFFIHE_00899;MF7|EFEKAH_05002
GCF_016899425.1|KEDGBJ_00960	6	6	1	1	GCF_016899425.1;GCF_053038975.1;GCF_053209605.1;GCF_905400185.1;MF6;MF7	GCF_016899425.1|KEDGBJ_00960;GCF_053038975.1|AHCKDM_00926;GCF_053209605.1|GFFINM_00924;GCF_905400185.1|DKPOPA_00899;MF6|CFFIHE_00900;MF7|EFEKAH_05001
GCF_016899425.1|KEDGBJ_00962	6	6	1	1	GCF_016899425.1;GCF_053038975.1;GCF_053209605.1;GCF_905400185.1;MF6;MF7	GCF_016899425.1|KEDGBJ_00962;GCF_053038975.1|AHCKDM_00928;GCF_053209605.1|GFFINM_00926;GCF_905400185.1|DKPOPA_00901;MF6|CFFIHE_00902;MF7|EFEKAH_04999
GCF_016899425.1|KEDGBJ_00963	6	6	1	1	GCF_016899425.1;GCF_053038975.1;GCF_053209605.1;GCF_905400185.1;MF6;MF7	GCF_016899425.1|KEDGBJ_00963;GCF_053038975.1|AHCKDM_00929;GCF_053209605.1|GFFINM_00927;GCF_905400185.1|DKPOPA_00902;MF6|CFFIHE_00903;MF7|EFEKAH_04998
GCF_016899425.1|KEDGBJ_00964	6	6	1	1	GCF_016899425.1;GCF_053038975.1;GCF_053209605.1;GCF_905400185.1;MF6;MF7	GCF_016899425.1|KEDGBJ_00964;GCF_053038975.1|AHCKDM_00930;GCF_053209605.1|GFFINM_00928;GCF_905400185.1|DKPOPA_00903;MF6|CFFIHE_00904;MF7|EFEKAH_04997
GCF_016899425.1|KEDGBJ_00965	6	6	1	1	GCF_016899425.1;GCF_053038975.1;GCF_053209605.1;GCF_905400185.1;MF6;MF7	GCF_016899425.1|KEDGBJ_00965;GCF_053038975.1|AHCKDM_00931;GCF_053209605.1|GFFINM_00929;GCF_905400185.1|DKPOPA_00904;MF6|CFFIHE_00905;MF7|EFEKAH_04996
GCF_016899425.1|KEDGBJ_00966	6	6	1	1	GCF_016899425.1;GCF_053038975.1;GCF_053209605.1;GCF_905400185.1;MF6;MF7	GCF_016899425.1|KEDGBJ_00966;GCF_053038975.1|AHCKDM_00932;GCF_053209605.1|GFFINM_00930;GCF_905400185.1|DKPOPA_00905;MF6|CFFIHE_00906;MF7|EFEKAH_04995
GCF_016899425.1|KEDGBJ_00967	6	6	1	1	GCF_016899425.1;GCF_053038975.1;GCF_053209605.1;GCF_905400185.1;MF6;MF7	GCF_016899425.1|KEDGBJ_00967;GCF_053038975.1|AHCKDM_00933;GCF_053209605.1|GFFINM_00931;GCF_905400185.1|DKPOPA_00906;MF6|CFFIHE_00907;MF7|EFEKAH_04994
GCF_016899425.1|KEDGBJ_00968	6	6	1	1	GCF_016899425.1;GCF_053038975.1;GCF_053209605.1;GCF_905400185.1;MF6;MF7	GCF_016899425.1|KEDGBJ_00968;GCF_053038975.1|AHCKDM_00934;GCF_053209605.1|GFFINM_00932;GCF_905400185.1|DKPOPA_00907;MF6|CFFIHE_00908;MF7|EFEKAH_04993
GCF_016899425.1|KEDGBJ_00969	6	6	1	1	GCF_016899425.1;GCF_053038975.1;GCF_053209605.1;GCF_905400185.1;MF6;MF7	GCF_016899425.1|KEDGBJ_00969;GCF_053038975.1|AHCKDM_00935;GCF_053209605.1|GFFINM_00933;GCF_905400185.1|DKPOPA_00908;MF6|CFFIHE_00909;MF7|EFEKAH_04992
GCF_016899425.1|KEDGBJ_00970	6	6	1	1	GCF_016899425.1;GCF_053038975.1;GCF_053209605.1;GCF_905400185.1;MF6;MF7	GCF_016899425.1|KEDGBJ_00970;GCF_053038975.1|AHCKDM_00936;GCF_053209605.1|GFFINM_00934;GCF_905400185.1|DKPOPA_00909;MF6|CFFIHE_00910;MF7|EFEKAH_04991
GCF_016899425.1|KEDGBJ_00971	6	6	1	1	GCF_016899425.1;GCF_053038975.1;GCF_053209605.1;GCF_905400185.1;MF6;MF7	GCF_016899425.1|KEDGBJ_00971;GCF_053038975.1|AHCKDM_00937;GCF_053209605.1|GFFINM_00935;GCF_905400185.1|DKPOPA_00910;MF6|CFFIHE_00911;MF7|EFEKAH_04990
GCF_016899425.1|KEDGBJ_00972	6	6	1	1	GCF_016899425.1;GCF_053038975.1;GCF_053209605.1;GCF_905400185.1;MF6;MF7	GCF_016899425.1|KEDGBJ_00972;GCF_053038975.1|AHCKDM_00938;GCF_053209605.1|GFFINM_00936;GCF_905400185.1|DKPOPA_00911;MF6|CFFIHE_00912;MF7|EFEKAH_04989
GCF_016899425.1|KEDGBJ_00974	6	6	1	1	GCF_016899425.1;GCF_053038975.1;GCF_053209605.1;GCF_905400185.1;MF6;MF7	GCF_016899425.1|KEDGBJ_00974;GCF_053038975.1|AHCKDM_00940;GCF_053209605.1|GFFINM_00938;GCF_905400185.1|DKPOPA_00913;MF6|CFFIHE_00914;MF7|EFEKAH_04987
GCF_016899425.1|KEDGBJ_00975	6	6	1	1	GCF_016899425.1;GCF_053038975.1;GCF_053209605.1;GCF_905400185.1;MF6;MF7	GCF_016899425.1|KEDGBJ_00975;GCF_053038975.1|AHCKDM_00941;GCF_053209605.1|GFFINM_00939;GCF_905400185.1|DKPOPA_00914;MF6|CFFIHE_00915;MF7|EFEKAH_04986
GCF_016899425.1|KEDGBJ_00977	6	6	1	1	GCF_016899425.1;GCF_053038975.1;GCF_053209605.1;GCF_905400185.1;MF6;MF7	GCF_016899425.1|KEDGBJ_00977;GCF_053038975.1|AHCKDM_00943;GCF_053209605.1|GFFINM_00941;GCF_905400185.1|DKPOPA_00916;MF6|CFFIHE_00917;MF7|EFEKAH_04984
GCF_016899425.1|KEDGBJ_00979	6	6	1	1	GCF_016899425.1;GCF_053038975.1;GCF_053209605.1;GCF_905400185.1;MF6;MF7	GCF_016899425.1|KEDGBJ_00979;GCF_053038975.1|AHCKDM_00945;GCF_053209605.1|GFFINM_00943;GCF_905400185.1|DKPOPA_00918;MF6|CFFIHE_00919;MF7|EFEKAH_04982
GCF_016899425.1|KEDGBJ_00980	6	6	1	1	GCF_016899425.1;GCF_053038975.1;GCF_053209605.1;GCF_905400185.1;MF6;MF7	GCF_016899425.1|KEDGBJ_00980;GCF_053038975.1|AHCKDM_00946;GCF_053209605.1|GFFINM_00944;GCF_905400185.1|DKPOPA_00919;MF6|CFFIHE_00920;MF7|EFEKAH_04981
GCF_016899425.1|KEDGBJ_00981	6	6	1	1	GCF_016899425.1;GCF_053038975.1;GCF_053209605.1;GCF_905400185.1;MF6;MF7	GCF_016899425.1|KEDGBJ_00981;GCF_053038975.1|AHCKDM_00947;GCF_053209605.1|GFFINM_00945;GCF_905400185.1|DKPOPA_00920;MF6|CFFIHE_00921;MF7|EFEKAH_04980
GCF_016899425.1|KEDGBJ_00982	6	6	1	1	GCF_016899425.1;GCF_053038975.1;GCF_053209605.1;GCF_905400185.1;MF6;MF7	GCF_016899425.1|KEDGBJ_00982;GCF_053038975.1|AHCKDM_00948;GCF_053209605.1|GFFINM_00946;GCF_905400185.1|DKPOPA_00921;MF6|CFFIHE_00922;MF7|EFEKAH_04979
GCF_016899425.1|KEDGBJ_00983	6	6	1	1	GCF_016899425.1;GCF_053038975.1;GCF_053209605.1;GCF_905400185.1;MF6;MF7	GCF_016899425.1|KEDGBJ_00983;GCF_053038975.1|AHCKDM_00949;GCF_053209605.1|GFFINM_00947;GCF_905400185.1|DKPOPA_00922;MF6|CFFIHE_00923;MF7|EFEKAH_04978
GCF_016899425.1|KEDGBJ_00987	6	6	1	1	GCF_016899425.1;GCF_053038975.1;GCF_053209605.1;GCF_905400185.1;MF6;MF7	GCF_016899425.1|KEDGBJ_00987;GCF_053038975.1|AHCKDM_00953;GCF_053209605.1|GFFINM_00951;GCF_905400185.1|DKPOPA_00926;MF6|CFFIHE_00927;MF7|EFEKAH_04974
GCF_016899425.1|KEDGBJ_00988	6	6	1	1	GCF_016899425.1;GCF_053038975.1;GCF_053209605.1;GCF_905400185.1;MF6;MF7	GCF_016899425.1|KEDGBJ_00988;GCF_053038975.1|AHCKDM_00954;GCF_053209605.1|GFFINM_00952;GCF_905400185.1|DKPOPA_00927;MF6|CFFIHE_00928;MF7|EFEKAH_04973
GCF_016899425.1|KEDGBJ_00990	6	6	1	1	GCF_016899425.1;GCF_053038975.1;GCF_053209605.1;GCF_905400185.1;MF6;MF7	GCF_016899425.1|KEDGBJ_00990;GCF_053038975.1|AHCKDM_00956;GCF_053209605.1|GFFINM_00954;GCF_905400185.1|DKPOPA_00930;MF6|CFFIHE_00931;MF7|EFEKAH_04970
GCF_016899425.1|KEDGBJ_00991	6	12	1	0	GCF_016899425.1;GCF_053038975.1;GCF_053209605.1;GCF_905400185.1;MF6;MF7	GCF_016899425.1|KEDGBJ_00991;GCF_016899425.1|KEDGBJ_02690;GCF_053038975.1|AHCKDM_00957;GCF_053038975.1|AHCKDM_02638;GCF_053209605.1|GFFINM_00955;GCF_053209605.1|GFFINM_02641;GCF_905400185.1|DKPOPA_00931;GCF_905400185.1|DKPOPA_02645;MF6|CFFIHE_00932;MF6|CFFIHE_02638;MF7|EFEKAH_04969;MF7|EFEKAH_06517
GCF_016899425.1|KEDGBJ_00992	6	6	1	1	GCF_016899425.1;GCF_053038975.1;GCF_053209605.1;GCF_905400185.1;MF6;MF7	GCF_016899425.1|KEDGBJ_00992;GCF_053038975.1|AHCKDM_00958;GCF_053209605.1|GFFINM_00956;GCF_905400185.1|DKPOPA_00932;MF6|CFFIHE_00933;MF7|EFEKAH_04968
GCF_016899425.1|KEDGBJ_00994	6	6	1	1	GCF_016899425.1;GCF_053038975.1;GCF_053209605.1;GCF_905400185.1;MF6;MF7	GCF_016899425.1|KEDGBJ_00994;GCF_053038975.1|AHCKDM_00960;GCF_053209605.1|GFFINM_00958;GCF_905400185.1|DKPOPA_00934;MF6|CFFIHE_00935;MF7|EFEKAH_04966
GCF_016899425.1|KEDGBJ_00995	6	6	1	1	GCF_016899425.1;GCF_053038975.1;GCF_053209605.1;GCF_905400185.1;MF6;MF7	GCF_016899425.1|KEDGBJ_00995;GCF_053038975.1|AHCKDM_00961;GCF_053209605.1|GFFINM_00959;GCF_905400185.1|DKPOPA_00935;MF6|CFFIHE_00936;MF7|EFEKAH_04965
GCF_016899425.1|KEDGBJ_00996	6	6	1	1	GCF_016899425.1;GCF_053038975.1;GCF_053209605.1;GCF_905400185.1;MF6;MF7	GCF_016899425.1|KEDGBJ_00996;GCF_053038975.1|AHCKDM_00962;GCF_053209605.1|GFFINM_00960;GCF_905400185.1|DKPOPA_00936;MF6|CFFIHE_00937;MF7|EFEKAH_04964
GCF_016899425.1|KEDGBJ_00997	4	4	0	0	GCF_016899425.1;GCF_905400185.1;MF6;MF7	GCF_016899425.1|KEDGBJ_00997;GCF_905400185.1|DKPOPA_00937;MF6|CFFIHE_00938;MF7|EFEKAH_04963
GCF_016899425.1|KEDGBJ_00998	6	6	1	1	GCF_016899425.1;GCF_053038975.1;GCF_053209605.1;GCF_905400185.1;MF6;MF7	GCF_016899425.1|KEDGBJ_00998;GCF_053038975.1|AHCKDM_00964;GCF_053209605.1|GFFINM_00962;GCF_905400185.1|DKPOPA_00938;MF6|CFFIHE_00939;MF7|EFEKAH_04962
GCF_016899425.1|KEDGBJ_00999	3	3	0	0	GCF_016899425.1;MF6;MF7	GCF_016899425.1|KEDGBJ_00999;MF6|CFFIHE_00940;MF7|EFEKAH_04961
GCF_016899425.1|KEDGBJ_01001	6	6	1	1	GCF_016899425.1;GCF_053038975.1;GCF_053209605.1;GCF_905400185.1;MF6;MF7	GCF_016899425.1|KEDGBJ_01001;GCF_053038975.1|AHCKDM_00966;GCF_053209605.1|GFFINM_00964;GCF_905400185.1|DKPOPA_00940;MF6|CFFIHE_00942;MF7|EFEKAH_04959
GCF_016899425.1|KEDGBJ_01002	6	6	1	1	GCF_016899425.1;GCF_053038975.1;GCF_053209605.1;GCF_905400185.1;MF6;MF7	GCF_016899425.1|KEDGBJ_01002;GCF_053038975.1|AHCKDM_00967;GCF_053209605.1|GFFINM_00965;GCF_905400185.1|DKPOPA_00941;MF6|CFFIHE_00943;MF7|EFEKAH_04958
GCF_016899425.1|KEDGBJ_01003	6	6	1	1	GCF_016899425.1;GCF_053038975.1;GCF_053209605.1;GCF_905400185.1;MF6;MF7	GCF_016899425.1|KEDGBJ_01003;GCF_053038975.1|AHCKDM_00968;GCF_053209605.1|GFFINM_00966;GCF_905400185.1|DKPOPA_00942;MF6|CFFIHE_00944;MF7|EFEKAH_04957
GCF_016899425.1|KEDGBJ_01004	6	6	1	1	GCF_016899425.1;GCF_053038975.1;GCF_053209605.1;GCF_905400185.1;MF6;MF7	GCF_016899425.1|KEDGBJ_01004;GCF_053038975.1|AHCKDM_00969;GCF_053209605.1|GFFINM_00967;GCF_905400185.1|DKPOPA_00943;MF6|CFFIHE_00945;MF7|EFEKAH_04956
GCF_016899425.1|KEDGBJ_01005	6	6	1	1	GCF_016899425.1;GCF_053038975.1;GCF_053209605.1;GCF_905400185.1;MF6;MF7	GCF_016899425.1|KEDGBJ_01005;GCF_053038975.1|AHCKDM_00970;GCF_053209605.1|GFFINM_00968;GCF_905400185.1|DKPOPA_00944;MF6|CFFIHE_00946;MF7|EFEKAH_04955
GCF_016899425.1|KEDGBJ_01006	6	6	1	1	GCF_016899425.1;GCF_053038975.1;GCF_053209605.1;GCF_905400185.1;MF6;MF7	GCF_016899425.1|KEDGBJ_01006;GCF_053038975.1|AHCKDM_00971;GCF_053209605.1|GFFINM_00969;GCF_905400185.1|DKPOPA_00945;MF6|CFFIHE_00947;MF7|EFEKAH_04954
GCF_016899425.1|KEDGBJ_01007	6	6	1	1	GCF_016899425.1;GCF_053038975.1;GCF_053209605.1;GCF_905400185.1;MF6;MF7	GCF_016899425.1|KEDGBJ_01007;GCF_053038975.1|AHCKDM_00972;GCF_053209605.1|GFFINM_00970;GCF_905400185.1|DKPOPA_00946;MF6|CFFIHE_00948;MF7|EFEKAH_04953
GCF_016899425.1|KEDGBJ_01008	6	6	1	1	GCF_016899425.1;GCF_053038975.1;GCF_053209605.1;GCF_905400185.1;MF6;MF7	GCF_016899425.1|KEDGBJ_01008;GCF_053038975.1|AHCKDM_00973;GCF_053209605.1|GFFINM_00971;GCF_905400185.1|DKPOPA_00947;MF6|CFFIHE_00949;MF7|EFEKAH_04952
GCF_016899425.1|KEDGBJ_01009	6	6	1	1	GCF_016899425.1;GCF_053038975.1;GCF_053209605.1;GCF_905400185.1;MF6;MF7	GCF_016899425.1|KEDGBJ_01009;GCF_053038975.1|AHCKDM_00974;GCF_053209605.1|GFFINM_00972;GCF_905400185.1|DKPOPA_00948;MF6|CFFIHE_00950;MF7|EFEKAH_04951
GCF_016899425.1|KEDGBJ_01012	6	6	1	1	GCF_016899425.1;GCF_053038975.1;GCF_053209605.1;GCF_905400185.1;MF6;MF7	GCF_016899425.1|KEDGBJ_01012;GCF_053038975.1|AHCKDM_00977;GCF_053209605.1|GFFINM_00975;GCF_905400185.1|DKPOPA_00951;MF6|CFFIHE_00953;MF7|EFEKAH_04948
GCF_016899425.1|KEDGBJ_01014	6	6	1	1	GCF_016899425.1;GCF_053038975.1;GCF_053209605.1;GCF_905400185.1;MF6;MF7	GCF_016899425.1|KEDGBJ_01014;GCF_053038975.1|AHCKDM_00979;GCF_053209605.1|GFFINM_00977;GCF_905400185.1|DKPOPA_00953;MF6|CFFIHE_00955;MF7|EFEKAH_04946
GCF_016899425.1|KEDGBJ_01015	6	6	1	1	GCF_016899425.1;GCF_053038975.1;GCF_053209605.1;GCF_905400185.1;MF6;MF7	GCF_016899425.1|KEDGBJ_01015;GCF_053038975.1|AHCKDM_00980;GCF_053209605.1|GFFINM_00978;GCF_905400185.1|DKPOPA_00954;MF6|CFFIHE_00956;MF7|EFEKAH_04945
GCF_016899425.1|KEDGBJ_01017	6	6	1	1	GCF_016899425.1;GCF_053038975.1;GCF_053209605.1;GCF_905400185.1;MF6;MF7	GCF_016899425.1|KEDGBJ_01017;GCF_053038975.1|AHCKDM_00982;GCF_053209605.1|GFFINM_00980;GCF_905400185.1|DKPOPA_00956;MF6|CFFIHE_00958;MF7|EFEKAH_04943
GCF_016899425.1|KEDGBJ_01018	6	6	1	1	GCF_016899425.1;GCF_053038975.1;GCF_053209605.1;GCF_905400185.1;MF6;MF7	GCF_016899425.1|KEDGBJ_01018;GCF_053038975.1|AHCKDM_00983;GCF_053209605.1|GFFINM_00981;GCF_905400185.1|DKPOPA_00957;MF6|CFFIHE_00959;MF7|EFEKAH_04942
GCF_016899425.1|KEDGBJ_01019	6	6	1	1	GCF_016899425.1;GCF_053038975.1;GCF_053209605.1;GCF_905400185.1;MF6;MF7	GCF_016899425.1|KEDGBJ_01019;GCF_053038975.1|AHCKDM_00984;GCF_053209605.1|GFFINM_00982;GCF_905400185.1|DKPOPA_00958;MF6|CFFIHE_00960;MF7|EFEKAH_04941
GCF_016899425.1|KEDGBJ_01020	6	6	1	1	GCF_016899425.1;GCF_053038975.1;GCF_053209605.1;GCF_905400185.1;MF6;MF7	GCF_016899425.1|KEDGBJ_01020;GCF_053038975.1|AHCKDM_00985;GCF_053209605.1|GFFINM_00983;GCF_905400185.1|DKPOPA_00959;MF6|CFFIHE_00961;MF7|EFEKAH_04940
GCF_016899425.1|KEDGBJ_01021	6	6	1	1	GCF_016899425.1;GCF_053038975.1;GCF_053209605.1;GCF_905400185.1;MF6;MF7	GCF_016899425.1|KEDGBJ_01021;GCF_053038975.1|AHCKDM_00986;GCF_053209605.1|GFFINM_00984;GCF_905400185.1|DKPOPA_00960;MF6|CFFIHE_00962;MF7|EFEKAH_04939
GCF_016899425.1|KEDGBJ_01022	6	6	1	1	GCF_016899425.1;GCF_053038975.1;GCF_053209605.1;GCF_905400185.1;MF6;MF7	GCF_016899425.1|KEDGBJ_01022;GCF_053038975.1|AHCKDM_00987;GCF_053209605.1|GFFINM_00985;GCF_905400185.1|DKPOPA_00961;MF6|CFFIHE_00963;MF7|EFEKAH_04938
GCF_016899425.1|KEDGBJ_01023	6	6	1	1	GCF_016899425.1;GCF_053038975.1;GCF_053209605.1;GCF_905400185.1;MF6;MF7	GCF_016899425.1|KEDGBJ_01023;GCF_053038975.1|AHCKDM_00988;GCF_053209605.1|GFFINM_00986;GCF_905400185.1|DKPOPA_00962;MF6|CFFIHE_00964;MF7|EFEKAH_04937
GCF_016899425.1|KEDGBJ_01025	6	6	1	1	GCF_016899425.1;GCF_053038975.1;GCF_053209605.1;GCF_905400185.1;MF6;MF7	GCF_016899425.1|KEDGBJ_01025;GCF_053038975.1|AHCKDM_00990;GCF_053209605.1|GFFINM_00988;GCF_905400185.1|DKPOPA_00964;MF6|CFFIHE_00966;MF7|EFEKAH_04935
GCF_016899425.1|KEDGBJ_01026	6	6	1	1	GCF_016899425.1;GCF_053038975.1;GCF_053209605.1;GCF_905400185.1;MF6;MF7	GCF_016899425.1|KEDGBJ_01026;GCF_053038975.1|AHCKDM_00991;GCF_053209605.1|GFFINM_00989;GCF_905400185.1|DKPOPA_00965;MF6|CFFIHE_00967;MF7|EFEKAH_04934
GCF_016899425.1|KEDGBJ_01027	6	6	1	1	GCF_016899425.1;GCF_053038975.1;GCF_053209605.1;GCF_905400185.1;MF6;MF7	GCF_016899425.1|KEDGBJ_01027;GCF_053038975.1|AHCKDM_00992;GCF_053209605.1|GFFINM_00990;GCF_905400185.1|DKPOPA_00966;MF6|CFFIHE_00968;MF7|EFEKAH_04933
GCF_016899425.1|KEDGBJ_01028	6	6	1	1	GCF_016899425.1;GCF_053038975.1;GCF_053209605.1;GCF_905400185.1;MF6;MF7	GCF_016899425.1|KEDGBJ_01028;GCF_053038975.1|AHCKDM_00993;GCF_053209605.1|GFFINM_00991;GCF_905400185.1|DKPOPA_00967;MF6|CFFIHE_00969;MF7|EFEKAH_04932
GCF_016899425.1|KEDGBJ_01029	6	6	1	1	GCF_016899425.1;GCF_053038975.1;GCF_053209605.1;GCF_905400185.1;MF6;MF7	GCF_016899425.1|KEDGBJ_01029;GCF_053038975.1|AHCKDM_00994;GCF_053209605.1|GFFINM_00992;GCF_905400185.1|DKPOPA_00968;MF6|CFFIHE_00970;MF7|EFEKAH_04931
GCF_016899425.1|KEDGBJ_01030	6	6	1	1	GCF_016899425.1;GCF_053038975.1;GCF_053209605.1;GCF_905400185.1;MF6;MF7	GCF_016899425.1|KEDGBJ_01030;GCF_053038975.1|AHCKDM_00995;GCF_053209605.1|GFFINM_00993;GCF_905400185.1|DKPOPA_00969;MF6|CFFIHE_00971;MF7|EFEKAH_04930
GCF_016899425.1|KEDGBJ_01031	6	6	1	1	GCF_016899425.1;GCF_053038975.1;GCF_053209605.1;GCF_905400185.1;MF6;MF7	GCF_016899425.1|KEDGBJ_01031;GCF_053038975.1|AHCKDM_00996;GCF_053209605.1|GFFINM_00994;GCF_905400185.1|DKPOPA_00970;MF6|CFFIHE_00972;MF7|EFEKAH_04929
GCF_016899425.1|KEDGBJ_01032	6	6	1	1	GCF_016899425.1;GCF_053038975.1;GCF_053209605.1;GCF_905400185.1;MF6;MF7	GCF_016899425.1|KEDGBJ_01032;GCF_053038975.1|AHCKDM_00997;GCF_053209605.1|GFFINM_00995;GCF_905400185.1|DKPOPA_00971;MF6|CFFIHE_00973;MF7|EFEKAH_04928
GCF_016899425.1|KEDGBJ_01033	6	6	1	1	GCF_016899425.1;GCF_053038975.1;GCF_053209605.1;GCF_905400185.1;MF6;MF7	GCF_016899425.1|KEDGBJ_01033;GCF_053038975.1|AHCKDM_00998;GCF_053209605.1|GFFINM_00996;GCF_905400185.1|DKPOPA_00972;MF6|CFFIHE_00974;MF7|EFEKAH_04927
GCF_016899425.1|KEDGBJ_01034	6	6	1	1	GCF_016899425.1;GCF_053038975.1;GCF_053209605.1;GCF_905400185.1;MF6;MF7	GCF_016899425.1|KEDGBJ_01034;GCF_053038975.1|AHCKDM_00999;GCF_053209605.1|GFFINM_00997;GCF_905400185.1|DKPOPA_00973;MF6|CFFIHE_00975;MF7|EFEKAH_04926
GCF_016899425.1|KEDGBJ_01035	6	6	1	1	GCF_016899425.1;GCF_053038975.1;GCF_053209605.1;GCF_905400185.1;MF6;MF7	GCF_016899425.1|KEDGBJ_01035;GCF_053038975.1|AHCKDM_01000;GCF_053209605.1|GFFINM_00998;GCF_905400185.1|DKPOPA_00974;MF6|CFFIHE_00976;MF7|EFEKAH_04925
GCF_016899425.1|KEDGBJ_01036	6	6	1	1	GCF_016899425.1;GCF_053038975.1;GCF_053209605.1;GCF_905400185.1;MF6;MF7	GCF_016899425.1|KEDGBJ_01036;GCF_053038975.1|AHCKDM_01001;GCF_053209605.1|GFFINM_00999;GCF_905400185.1|DKPOPA_00975;MF6|CFFIHE_00977;MF7|EFEKAH_04924
GCF_016899425.1|KEDGBJ_01037	6	6	1	1	GCF_016899425.1;GCF_053038975.1;GCF_053209605.1;GCF_905400185.1;MF6;MF7	GCF_016899425.1|KEDGBJ_01037;GCF_053038975.1|AHCKDM_01002;GCF_053209605.1|GFFINM_01000;GCF_905400185.1|DKPOPA_00976;MF6|CFFIHE_00978;MF7|EFEKAH_04923
GCF_016899425.1|KEDGBJ_01038	6	6	1	1	GCF_016899425.1;GCF_053038975.1;GCF_053209605.1;GCF_905400185.1;MF6;MF7	GCF_016899425.1|KEDGBJ_01038;GCF_053038975.1|AHCKDM_01003;GCF_053209605.1|GFFINM_01001;GCF_905400185.1|DKPOPA_00977;MF6|CFFIHE_00979;MF7|EFEKAH_04922
GCF_016899425.1|KEDGBJ_01039	6	6	1	1	GCF_016899425.1;GCF_053038975.1;GCF_053209605.1;GCF_905400185.1;MF6;MF7	GCF_016899425.1|KEDGBJ_01039;GCF_053038975.1|AHCKDM_01004;GCF_053209605.1|GFFINM_01002;GCF_905400185.1|DKPOPA_00978;MF6|CFFIHE_00980;MF7|EFEKAH_04921
GCF_016899425.1|KEDGBJ_01040	6	6	1	1	GCF_016899425.1;GCF_053038975.1;GCF_053209605.1;GCF_905400185.1;MF6;MF7	GCF_016899425.1|KEDGBJ_01040;GCF_053038975.1|AHCKDM_01005;GCF_053209605.1|GFFINM_01003;GCF_905400185.1|DKPOPA_00979;MF6|CFFIHE_00981;MF7|EFEKAH_04920
GCF_016899425.1|KEDGBJ_01041	6	6	1	1	GCF_016899425.1;GCF_053038975.1;GCF_053209605.1;GCF_905400185.1;MF6;MF7	GCF_016899425.1|KEDGBJ_01041;GCF_053038975.1|AHCKDM_01006;GCF_053209605.1|GFFINM_01004;GCF_905400185.1|DKPOPA_00980;MF6|CFFIHE_00982;MF7|EFEKAH_04919
GCF_016899425.1|KEDGBJ_01042	6	6	1	1	GCF_016899425.1;GCF_053038975.1;GCF_053209605.1;GCF_905400185.1;MF6;MF7	GCF_016899425.1|KEDGBJ_01042;GCF_053038975.1|AHCKDM_01007;GCF_053209605.1|GFFINM_01005;GCF_905400185.1|DKPOPA_00981;MF6|CFFIHE_00983;MF7|EFEKAH_04918
GCF_016899425.1|KEDGBJ_01043	6	6	1	1	GCF_016899425.1;GCF_053038975.1;GCF_053209605.1;GCF_905400185.1;MF6;MF7	GCF_016899425.1|KEDGBJ_01043;GCF_053038975.1|AHCKDM_01008;GCF_053209605.1|GFFINM_01006;GCF_905400185.1|DKPOPA_00982;MF6|CFFIHE_00984;MF7|EFEKAH_04917
GCF_016899425.1|KEDGBJ_01044	6	6	1	1	GCF_016899425.1;GCF_053038975.1;GCF_053209605.1;GCF_905400185.1;MF6;MF7	GCF_016899425.1|KEDGBJ_01044;GCF_053038975.1|AHCKDM_01009;GCF_053209605.1|GFFINM_01007;GCF_905400185.1|DKPOPA_00983;MF6|CFFIHE_00985;MF7|EFEKAH_04916
GCF_016899425.1|KEDGBJ_01045	6	6	1	1	GCF_016899425.1;GCF_053038975.1;GCF_053209605.1;GCF_905400185.1;MF6;MF7	GCF_016899425.1|KEDGBJ_01045;GCF_053038975.1|AHCKDM_01010;GCF_053209605.1|GFFINM_01008;GCF_905400185.1|DKPOPA_00984;MF6|CFFIHE_00986;MF7|EFEKAH_04915
GCF_016899425.1|KEDGBJ_01046	6	6	1	1	GCF_016899425.1;GCF_053038975.1;GCF_053209605.1;GCF_905400185.1;MF6;MF7	GCF_016899425.1|KEDGBJ_01046;GCF_053038975.1|AHCKDM_01011;GCF_053209605.1|GFFINM_01009;GCF_905400185.1|DKPOPA_00985;MF6|CFFIHE_00987;MF7|EFEKAH_04914
GCF_016899425.1|KEDGBJ_01047	6	6	1	1	GCF_016899425.1;GCF_053038975.1;GCF_053209605.1;GCF_905400185.1;MF6;MF7	GCF_016899425.1|KEDGBJ_01047;GCF_053038975.1|AHCKDM_01012;GCF_053209605.1|GFFINM_01010;GCF_905400185.1|DKPOPA_00986;MF6|CFFIHE_00988;MF7|EFEKAH_04913
GCF_016899425.1|KEDGBJ_01048	6	6	1	1	GCF_016899425.1;GCF_053038975.1;GCF_053209605.1;GCF_905400185.1;MF6;MF7	GCF_016899425.1|KEDGBJ_01048;GCF_053038975.1|AHCKDM_01013;GCF_053209605.1|GFFINM_01011;GCF_905400185.1|DKPOPA_00987;MF6|CFFIHE_00989;MF7|EFEKAH_04912
GCF_016899425.1|KEDGBJ_01049	6	6	1	1	GCF_016899425.1;GCF_053038975.1;GCF_053209605.1;GCF_905400185.1;MF6;MF7	GCF_016899425.1|KEDGBJ_01049;GCF_053038975.1|AHCKDM_01014;GCF_053209605.1|GFFINM_01012;GCF_905400185.1|DKPOPA_00988;MF6|CFFIHE_00990;MF7|EFEKAH_04911
GCF_016899425.1|KEDGBJ_01050	6	6	1	1	GCF_016899425.1;GCF_053038975.1;GCF_053209605.1;GCF_905400185.1;MF6;MF7	GCF_016899425.1|KEDGBJ_01050;GCF_053038975.1|AHCKDM_01015;GCF_053209605.1|GFFINM_01013;GCF_905400185.1|DKPOPA_00989;MF6|CFFIHE_00991;MF7|EFEKAH_04910
GCF_016899425.1|KEDGBJ_01051	6	6	1	1	GCF_016899425.1;GCF_053038975.1;GCF_053209605.1;GCF_905400185.1;MF6;MF7	GCF_016899425.1|KEDGBJ_01051;GCF_053038975.1|AHCKDM_01016;GCF_053209605.1|GFFINM_01014;GCF_905400185.1|DKPOPA_00990;MF6|CFFIHE_00992;MF7|EFEKAH_04909
GCF_016899425.1|KEDGBJ_01052	6	6	1	1	GCF_016899425.1;GCF_053038975.1;GCF_053209605.1;GCF_905400185.1;MF6;MF7	GCF_016899425.1|KEDGBJ_01052;GCF_053038975.1|AHCKDM_01017;GCF_053209605.1|GFFINM_01015;GCF_905400185.1|DKPOPA_00991;MF6|CFFIHE_00993;MF7|EFEKAH_04908
GCF_016899425.1|KEDGBJ_01054	6	6	1	1	GCF_016899425.1;GCF_053038975.1;GCF_053209605.1;GCF_905400185.1;MF6;MF7	GCF_016899425.1|KEDGBJ_01054;GCF_053038975.1|AHCKDM_01019;GCF_053209605.1|GFFINM_01017;GCF_905400185.1|DKPOPA_00993;MF6|CFFIHE_00995;MF7|EFEKAH_04906
GCF_016899425.1|KEDGBJ_01055	6	6	1	1	GCF_016899425.1;GCF_053038975.1;GCF_053209605.1;GCF_905400185.1;MF6;MF7	GCF_016899425.1|KEDGBJ_01055;GCF_053038975.1|AHCKDM_01020;GCF_053209605.1|GFFINM_01018;GCF_905400185.1|DKPOPA_00994;MF6|CFFIHE_00996;MF7|EFEKAH_04905
GCF_016899425.1|KEDGBJ_01057	6	6	1	1	GCF_016899425.1;GCF_053038975.1;GCF_053209605.1;GCF_905400185.1;MF6;MF7	GCF_016899425.1|KEDGBJ_01057;GCF_053038975.1|AHCKDM_01022;GCF_053209605.1|GFFINM_01020;GCF_905400185.1|DKPOPA_00996;MF6|CFFIHE_00998;MF7|EFEKAH_04903
GCF_016899425.1|KEDGBJ_01058	6	6	1	1	GCF_016899425.1;GCF_053038975.1;GCF_053209605.1;GCF_905400185.1;MF6;MF7	GCF_016899425.1|KEDGBJ_01058;GCF_053038975.1|AHCKDM_01023;GCF_053209605.1|GFFINM_01021;GCF_905400185.1|DKPOPA_00997;MF6|CFFIHE_00999;MF7|EFEKAH_04902
GCF_016899425.1|KEDGBJ_01059	6	6	1	1	GCF_016899425.1;GCF_053038975.1;GCF_053209605.1;GCF_905400185.1;MF6;MF7	GCF_016899425.1|KEDGBJ_01059;GCF_053038975.1|AHCKDM_01024;GCF_053209605.1|GFFINM_01022;GCF_905400185.1|DKPOPA_00998;MF6|CFFIHE_01000;MF7|EFEKAH_04901
GCF_016899425.1|KEDGBJ_01060	6	6	1	1	GCF_016899425.1;GCF_053038975.1;GCF_053209605.1;GCF_905400185.1;MF6;MF7	GCF_016899425.1|KEDGBJ_01060;GCF_053038975.1|AHCKDM_01025;GCF_053209605.1|GFFINM_01023;GCF_905400185.1|DKPOPA_00999;MF6|CFFIHE_01001;MF7|EFEKAH_04900
GCF_016899425.1|KEDGBJ_01061	6	6	1	1	GCF_016899425.1;GCF_053038975.1;GCF_053209605.1;GCF_905400185.1;MF6;MF7	GCF_016899425.1|KEDGBJ_01061;GCF_053038975.1|AHCKDM_01026;GCF_053209605.1|GFFINM_01024;GCF_905400185.1|DKPOPA_01000;MF6|CFFIHE_01002;MF7|EFEKAH_04899
GCF_016899425.1|KEDGBJ_01062	6	6	1	1	GCF_016899425.1;GCF_053038975.1;GCF_053209605.1;GCF_905400185.1;MF6;MF7	GCF_016899425.1|KEDGBJ_01062;GCF_053038975.1|AHCKDM_01027;GCF_053209605.1|GFFINM_01025;GCF_905400185.1|DKPOPA_01001;MF6|CFFIHE_01003;MF7|EFEKAH_04898
GCF_016899425.1|KEDGBJ_01063	6	6	1	1	GCF_016899425.1;GCF_053038975.1;GCF_053209605.1;GCF_905400185.1;MF6;MF7	GCF_016899425.1|KEDGBJ_01063;GCF_053038975.1|AHCKDM_01028;GCF_053209605.1|GFFINM_01026;GCF_905400185.1|DKPOPA_01002;MF6|CFFIHE_01004;MF7|EFEKAH_04897
GCF_016899425.1|KEDGBJ_01064	6	6	1	1	GCF_016899425.1;GCF_053038975.1;GCF_053209605.1;GCF_905400185.1;MF6;MF7	GCF_016899425.1|KEDGBJ_01064;GCF_053038975.1|AHCKDM_01029;GCF_053209605.1|GFFINM_01027;GCF_905400185.1|DKPOPA_01003;MF6|CFFIHE_01005;MF7|EFEKAH_04896
GCF_016899425.1|KEDGBJ_01065	6	6	1	1	GCF_016899425.1;GCF_053038975.1;GCF_053209605.1;GCF_905400185.1;MF6;MF7	GCF_016899425.1|KEDGBJ_01065;GCF_053038975.1|AHCKDM_01030;GCF_053209605.1|GFFINM_01028;GCF_905400185.1|DKPOPA_01004;MF6|CFFIHE_01006;MF7|EFEKAH_04895
GCF_016899425.1|KEDGBJ_01066	6	6	1	1	GCF_016899425.1;GCF_053038975.1;GCF_053209605.1;GCF_905400185.1;MF6;MF7	GCF_016899425.1|KEDGBJ_01066;GCF_053038975.1|AHCKDM_01031;GCF_053209605.1|GFFINM_01029;GCF_905400185.1|DKPOPA_01005;MF6|CFFIHE_01007;MF7|EFEKAH_04894
GCF_016899425.1|KEDGBJ_01067	6	6	1	1	GCF_016899425.1;GCF_053038975.1;GCF_053209605.1;GCF_905400185.1;MF6;MF7	GCF_016899425.1|KEDGBJ_01067;GCF_053038975.1|AHCKDM_01032;GCF_053209605.1|GFFINM_01030;GCF_905400185.1|DKPOPA_01006;MF6|CFFIHE_01008;MF7|EFEKAH_04893
GCF_016899425.1|KEDGBJ_01068	6	6	1	1	GCF_016899425.1;GCF_053038975.1;GCF_053209605.1;GCF_905400185.1;MF6;MF7	GCF_016899425.1|KEDGBJ_01068;GCF_053038975.1|AHCKDM_01033;GCF_053209605.1|GFFINM_01031;GCF_905400185.1|DKPOPA_01007;MF6|CFFIHE_01009;MF7|EFEKAH_04892
GCF_016899425.1|KEDGBJ_01069	6	6	1	1	GCF_016899425.1;GCF_053038975.1;GCF_053209605.1;GCF_905400185.1;MF6;MF7	GCF_016899425.1|KEDGBJ_01069;GCF_053038975.1|AHCKDM_01034;GCF_053209605.1|GFFINM_01032;GCF_905400185.1|DKPOPA_01008;MF6|CFFIHE_01010;MF7|EFEKAH_04891
GCF_016899425.1|KEDGBJ_01070	6	6	1	1	GCF_016899425.1;GCF_053038975.1;GCF_053209605.1;GCF_905400185.1;MF6;MF7	GCF_016899425.1|KEDGBJ_01070;GCF_053038975.1|AHCKDM_01035;GCF_053209605.1|GFFINM_01033;GCF_905400185.1|DKPOPA_01009;MF6|CFFIHE_01011;MF7|EFEKAH_04890
GCF_016899425.1|KEDGBJ_01072	6	6	1	1	GCF_016899425.1;GCF_053038975.1;GCF_053209605.1;GCF_905400185.1;MF6;MF7	GCF_016899425.1|KEDGBJ_01072;GCF_053038975.1|AHCKDM_01037;GCF_053209605.1|GFFINM_01035;GCF_905400185.1|DKPOPA_01011;MF6|CFFIHE_01013;MF7|EFEKAH_04888
GCF_016899425.1|KEDGBJ_01073	6	6	1	1	GCF_016899425.1;GCF_053038975.1;GCF_053209605.1;GCF_905400185.1;MF6;MF7	GCF_016899425.1|KEDGBJ_01073;GCF_053038975.1|AHCKDM_01038;GCF_053209605.1|GFFINM_01036;GCF_905400185.1|DKPOPA_01012;MF6|CFFIHE_01014;MF7|EFEKAH_04887
GCF_016899425.1|KEDGBJ_01074	6	6	1	1	GCF_016899425.1;GCF_053038975.1;GCF_053209605.1;GCF_905400185.1;MF6;MF7	GCF_016899425.1|KEDGBJ_01074;GCF_053038975.1|AHCKDM_01039;GCF_053209605.1|GFFINM_01037;GCF_905400185.1|DKPOPA_01013;MF6|CFFIHE_01015;MF7|EFEKAH_04886
GCF_016899425.1|KEDGBJ_01075	6	6	1	1	GCF_016899425.1;GCF_053038975.1;GCF_053209605.1;GCF_905400185.1;MF6;MF7	GCF_016899425.1|KEDGBJ_01075;GCF_053038975.1|AHCKDM_01040;GCF_053209605.1|GFFINM_01038;GCF_905400185.1|DKPOPA_01014;MF6|CFFIHE_01016;MF7|EFEKAH_04885
GCF_016899425.1|KEDGBJ_01076	6	6	1	1	GCF_016899425.1;GCF_053038975.1;GCF_053209605.1;GCF_905400185.1;MF6;MF7	GCF_016899425.1|KEDGBJ_01076;GCF_053038975.1|AHCKDM_01041;GCF_053209605.1|GFFINM_01039;GCF_905400185.1|DKPOPA_01015;MF6|CFFIHE_01017;MF7|EFEKAH_04884
GCF_016899425.1|KEDGBJ_01077	6	6	1	1	GCF_016899425.1;GCF_053038975.1;GCF_053209605.1;GCF_905400185.1;MF6;MF7	GCF_016899425.1|KEDGBJ_01077;GCF_053038975.1|AHCKDM_01042;GCF_053209605.1|GFFINM_01040;GCF_905400185.1|DKPOPA_01016;MF6|CFFIHE_01018;MF7|EFEKAH_04883
GCF_016899425.1|KEDGBJ_01078	6	6	1	1	GCF_016899425.1;GCF_053038975.1;GCF_053209605.1;GCF_905400185.1;MF6;MF7	GCF_016899425.1|KEDGBJ_01078;GCF_053038975.1|AHCKDM_01043;GCF_053209605.1|GFFINM_01041;GCF_905400185.1|DKPOPA_01017;MF6|CFFIHE_01019;MF7|EFEKAH_04882
GCF_016899425.1|KEDGBJ_01079	6	6	1	1	GCF_016899425.1;GCF_053038975.1;GCF_053209605.1;GCF_905400185.1;MF6;MF7	GCF_016899425.1|KEDGBJ_01079;GCF_053038975.1|AHCKDM_01044;GCF_053209605.1|GFFINM_01042;GCF_905400185.1|DKPOPA_01018;MF6|CFFIHE_01020;MF7|EFEKAH_04881
GCF_016899425.1|KEDGBJ_01080	6	6	1	1	GCF_016899425.1;GCF_053038975.1;GCF_053209605.1;GCF_905400185.1;MF6;MF7	GCF_016899425.1|KEDGBJ_01080;GCF_053038975.1|AHCKDM_01045;GCF_053209605.1|GFFINM_01043;GCF_905400185.1|DKPOPA_01019;MF6|CFFIHE_01021;MF7|EFEKAH_04880
GCF_016899425.1|KEDGBJ_01081	6	6	1	1	GCF_016899425.1;GCF_053038975.1;GCF_053209605.1;GCF_905400185.1;MF6;MF7	GCF_016899425.1|KEDGBJ_01081;GCF_053038975.1|AHCKDM_01046;GCF_053209605.1|GFFINM_01044;GCF_905400185.1|DKPOPA_01020;MF6|CFFIHE_01022;MF7|EFEKAH_04879
GCF_016899425.1|KEDGBJ_01082	6	6	1	1	GCF_016899425.1;GCF_053038975.1;GCF_053209605.1;GCF_905400185.1;MF6;MF7	GCF_016899425.1|KEDGBJ_01082;GCF_053038975.1|AHCKDM_01047;GCF_053209605.1|GFFINM_01045;GCF_905400185.1|DKPOPA_01021;MF6|CFFIHE_01023;MF7|EFEKAH_04878
GCF_016899425.1|KEDGBJ_01083	6	6	1	1	GCF_016899425.1;GCF_053038975.1;GCF_053209605.1;GCF_905400185.1;MF6;MF7	GCF_016899425.1|KEDGBJ_01083;GCF_053038975.1|AHCKDM_01048;GCF_053209605.1|GFFINM_01046;GCF_905400185.1|DKPOPA_01022;MF6|CFFIHE_01024;MF7|EFEKAH_04877
GCF_016899425.1|KEDGBJ_01084	6	6	1	1	GCF_016899425.1;GCF_053038975.1;GCF_053209605.1;GCF_905400185.1;MF6;MF7	GCF_016899425.1|KEDGBJ_01084;GCF_053038975.1|AHCKDM_01049;GCF_053209605.1|GFFINM_01047;GCF_905400185.1|DKPOPA_01023;MF6|CFFIHE_01025;MF7|EFEKAH_04876
GCF_016899425.1|KEDGBJ_01086	6	6	1	1	GCF_016899425.1;GCF_053038975.1;GCF_053209605.1;GCF_905400185.1;MF6;MF7	GCF_016899425.1|KEDGBJ_01086;GCF_053038975.1|AHCKDM_01051;GCF_053209605.1|GFFINM_01049;GCF_905400185.1|DKPOPA_01025;MF6|CFFIHE_01027;MF7|EFEKAH_04874
GCF_016899425.1|KEDGBJ_01089	6	6	1	1	GCF_016899425.1;GCF_053038975.1;GCF_053209605.1;GCF_905400185.1;MF6;MF7	GCF_016899425.1|KEDGBJ_01089;GCF_053038975.1|AHCKDM_01054;GCF_053209605.1|GFFINM_01052;GCF_905400185.1|DKPOPA_01028;MF6|CFFIHE_01030;MF7|EFEKAH_04870
GCF_016899425.1|KEDGBJ_01090	6	6	1	1	GCF_016899425.1;GCF_053038975.1;GCF_053209605.1;GCF_905400185.1;MF6;MF7	GCF_016899425.1|KEDGBJ_01090;GCF_053038975.1|AHCKDM_01055;GCF_053209605.1|GFFINM_01053;GCF_905400185.1|DKPOPA_01029;MF6|CFFIHE_01031;MF7|EFEKAH_04869
GCF_016899425.1|KEDGBJ_01091	6	6	1	1	GCF_016899425.1;GCF_053038975.1;GCF_053209605.1;GCF_905400185.1;MF6;MF7	GCF_016899425.1|KEDGBJ_01091;GCF_053038975.1|AHCKDM_01056;GCF_053209605.1|GFFINM_01054;GCF_905400185.1|DKPOPA_01030;MF6|CFFIHE_01032;MF7|EFEKAH_04868
GCF_016899425.1|KEDGBJ_01092	6	6	1	1	GCF_016899425.1;GCF_053038975.1;GCF_053209605.1;GCF_905400185.1;MF6;MF7	GCF_016899425.1|KEDGBJ_01092;GCF_053038975.1|AHCKDM_01057;GCF_053209605.1|GFFINM_01055;GCF_905400185.1|DKPOPA_01031;MF6|CFFIHE_01033;MF7|EFEKAH_04867
GCF_016899425.1|KEDGBJ_01093	6	6	1	1	GCF_016899425.1;GCF_053038975.1;GCF_053209605.1;GCF_905400185.1;MF6;MF7	GCF_016899425.1|KEDGBJ_01093;GCF_053038975.1|AHCKDM_01058;GCF_053209605.1|GFFINM_01056;GCF_905400185.1|DKPOPA_01032;MF6|CFFIHE_01034;MF7|EFEKAH_04866
GCF_016899425.1|KEDGBJ_01094	6	6	1	1	GCF_016899425.1;GCF_053038975.1;GCF_053209605.1;GCF_905400185.1;MF6;MF7	GCF_016899425.1|KEDGBJ_01094;GCF_053038975.1|AHCKDM_01059;GCF_053209605.1|GFFINM_01057;GCF_905400185.1|DKPOPA_01033;MF6|CFFIHE_01035;MF7|EFEKAH_04865
GCF_016899425.1|KEDGBJ_01095	6	6	1	1	GCF_016899425.1;GCF_053038975.1;GCF_053209605.1;GCF_905400185.1;MF6;MF7	GCF_016899425.1|KEDGBJ_01095;GCF_053038975.1|AHCKDM_01060;GCF_053209605.1|GFFINM_01058;GCF_905400185.1|DKPOPA_01034;MF6|CFFIHE_01036;MF7|EFEKAH_04864
GCF_016899425.1|KEDGBJ_01096	6	6	1	1	GCF_016899425.1;GCF_053038975.1;GCF_053209605.1;GCF_905400185.1;MF6;MF7	GCF_016899425.1|KEDGBJ_01096;GCF_053038975.1|AHCKDM_01061;GCF_053209605.1|GFFINM_01059;GCF_905400185.1|DKPOPA_01035;MF6|CFFIHE_01037;MF7|EFEKAH_04863
GCF_016899425.1|KEDGBJ_01097	6	6	1	1	GCF_016899425.1;GCF_053038975.1;GCF_053209605.1;GCF_905400185.1;MF6;MF7	GCF_016899425.1|KEDGBJ_01097;GCF_053038975.1|AHCKDM_01062;GCF_053209605.1|GFFINM_01060;GCF_905400185.1|DKPOPA_01036;MF6|CFFIHE_01038;MF7|EFEKAH_04862
GCF_016899425.1|KEDGBJ_01098	6	6	1	1	GCF_016899425.1;GCF_053038975.1;GCF_053209605.1;GCF_905400185.1;MF6;MF7	GCF_016899425.1|KEDGBJ_01098;GCF_053038975.1|AHCKDM_01063;GCF_053209605.1|GFFINM_01061;GCF_905400185.1|DKPOPA_01037;MF6|CFFIHE_01039;MF7|EFEKAH_04861
GCF_016899425.1|KEDGBJ_01099	6	6	1	1	GCF_016899425.1;GCF_053038975.1;GCF_053209605.1;GCF_905400185.1;MF6;MF7	GCF_016899425.1|KEDGBJ_01099;GCF_053038975.1|AHCKDM_01064;GCF_053209605.1|GFFINM_01062;GCF_905400185.1|DKPOPA_01038;MF6|CFFIHE_01040;MF7|EFEKAH_04860
GCF_016899425.1|KEDGBJ_01100	6	6	1	1	GCF_016899425.1;GCF_053038975.1;GCF_053209605.1;GCF_905400185.1;MF6;MF7	GCF_016899425.1|KEDGBJ_01100;GCF_053038975.1|AHCKDM_01065;GCF_053209605.1|GFFINM_01063;GCF_905400185.1|DKPOPA_01039;MF6|CFFIHE_01041;MF7|EFEKAH_04859
GCF_016899425.1|KEDGBJ_01101	6	6	1	1	GCF_016899425.1;GCF_053038975.1;GCF_053209605.1;GCF_905400185.1;MF6;MF7	GCF_016899425.1|KEDGBJ_01101;GCF_053038975.1|AHCKDM_01066;GCF_053209605.1|GFFINM_01064;GCF_905400185.1|DKPOPA_01040;MF6|CFFIHE_01042;MF7|EFEKAH_04858
GCF_016899425.1|KEDGBJ_01102	6	6	1	1	GCF_016899425.1;GCF_053038975.1;GCF_053209605.1;GCF_905400185.1;MF6;MF7	GCF_016899425.1|KEDGBJ_01102;GCF_053038975.1|AHCKDM_01067;GCF_053209605.1|GFFINM_01065;GCF_905400185.1|DKPOPA_01041;MF6|CFFIHE_01043;MF7|EFEKAH_04857
GCF_016899425.1|KEDGBJ_01103	6	6	1	1	GCF_016899425.1;GCF_053038975.1;GCF_053209605.1;GCF_905400185.1;MF6;MF7	GCF_016899425.1|KEDGBJ_01103;GCF_053038975.1|AHCKDM_01068;GCF_053209605.1|GFFINM_01066;GCF_905400185.1|DKPOPA_01042;MF6|CFFIHE_01044;MF7|EFEKAH_04856
GCF_016899425.1|KEDGBJ_01104	6	6	1	1	GCF_016899425.1;GCF_053038975.1;GCF_053209605.1;GCF_905400185.1;MF6;MF7	GCF_016899425.1|KEDGBJ_01104;GCF_053038975.1|AHCKDM_01069;GCF_053209605.1|GFFINM_01067;GCF_905400185.1|DKPOPA_01043;MF6|CFFIHE_01045;MF7|EFEKAH_04855
GCF_016899425.1|KEDGBJ_01105	6	6	1	1	GCF_016899425.1;GCF_053038975.1;GCF_053209605.1;GCF_905400185.1;MF6;MF7	GCF_016899425.1|KEDGBJ_01105;GCF_053038975.1|AHCKDM_01070;GCF_053209605.1|GFFINM_01068;GCF_905400185.1|DKPOPA_01044;MF6|CFFIHE_01046;MF7|EFEKAH_04854
GCF_016899425.1|KEDGBJ_01106	6	6	1	1	GCF_016899425.1;GCF_053038975.1;GCF_053209605.1;GCF_905400185.1;MF6;MF7	GCF_016899425.1|KEDGBJ_01106;GCF_053038975.1|AHCKDM_01071;GCF_053209605.1|GFFINM_01069;GCF_905400185.1|DKPOPA_01045;MF6|CFFIHE_01047;MF7|EFEKAH_04853
GCF_016899425.1|KEDGBJ_01107	6	6	1	1	GCF_016899425.1;GCF_053038975.1;GCF_053209605.1;GCF_905400185.1;MF6;MF7	GCF_016899425.1|KEDGBJ_01107;GCF_053038975.1|AHCKDM_01072;GCF_053209605.1|GFFINM_01070;GCF_905400185.1|DKPOPA_01046;MF6|CFFIHE_01048;MF7|EFEKAH_04852
GCF_016899425.1|KEDGBJ_01108	6	6	1	1	GCF_016899425.1;GCF_053038975.1;GCF_053209605.1;GCF_905400185.1;MF6;MF7	GCF_016899425.1|KEDGBJ_01108;GCF_053038975.1|AHCKDM_01073;GCF_053209605.1|GFFINM_01071;GCF_905400185.1|DKPOPA_01047;MF6|CFFIHE_01049;MF7|EFEKAH_04851
GCF_016899425.1|KEDGBJ_01109	6	6	1	1	GCF_016899425.1;GCF_053038975.1;GCF_053209605.1;GCF_905400185.1;MF6;MF7	GCF_016899425.1|KEDGBJ_01109;GCF_053038975.1|AHCKDM_01074;GCF_053209605.1|GFFINM_01072;GCF_905400185.1|DKPOPA_01048;MF6|CFFIHE_01050;MF7|EFEKAH_04850
GCF_016899425.1|KEDGBJ_01110	6	6	1	1	GCF_016899425.1;GCF_053038975.1;GCF_053209605.1;GCF_905400185.1;MF6;MF7	GCF_016899425.1|KEDGBJ_01110;GCF_053038975.1|AHCKDM_01075;GCF_053209605.1|GFFINM_01073;GCF_905400185.1|DKPOPA_01049;MF6|CFFIHE_01051;MF7|EFEKAH_04849
GCF_016899425.1|KEDGBJ_01111	6	6	1	1	GCF_016899425.1;GCF_053038975.1;GCF_053209605.1;GCF_905400185.1;MF6;MF7	GCF_016899425.1|KEDGBJ_01111;GCF_053038975.1|AHCKDM_01076;GCF_053209605.1|GFFINM_01074;GCF_905400185.1|DKPOPA_01050;MF6|CFFIHE_01052;MF7|EFEKAH_04848
GCF_016899425.1|KEDGBJ_01112	6	6	1	1	GCF_016899425.1;GCF_053038975.1;GCF_053209605.1;GCF_905400185.1;MF6;MF7	GCF_016899425.1|KEDGBJ_01112;GCF_053038975.1|AHCKDM_01077;GCF_053209605.1|GFFINM_01075;GCF_905400185.1|DKPOPA_01051;MF6|CFFIHE_01053;MF7|EFEKAH_04847
GCF_016899425.1|KEDGBJ_01113	6	6	1	1	GCF_016899425.1;GCF_053038975.1;GCF_053209605.1;GCF_905400185.1;MF6;MF7	GCF_016899425.1|KEDGBJ_01113;GCF_053038975.1|AHCKDM_01078;GCF_053209605.1|GFFINM_01076;GCF_905400185.1|DKPOPA_01052;MF6|CFFIHE_01054;MF7|EFEKAH_04846
GCF_016899425.1|KEDGBJ_01114	6	6	1	1	GCF_016899425.1;GCF_053038975.1;GCF_053209605.1;GCF_905400185.1;MF6;MF7	GCF_016899425.1|KEDGBJ_01114;GCF_053038975.1|AHCKDM_01079;GCF_053209605.1|GFFINM_01077;GCF_905400185.1|DKPOPA_01053;MF6|CFFIHE_01055;MF7|EFEKAH_04845
GCF_016899425.1|KEDGBJ_01115	6	6	1	1	GCF_016899425.1;GCF_053038975.1;GCF_053209605.1;GCF_905400185.1;MF6;MF7	GCF_016899425.1|KEDGBJ_01115;GCF_053038975.1|AHCKDM_01080;GCF_053209605.1|GFFINM_01078;GCF_905400185.1|DKPOPA_01054;MF6|CFFIHE_01056;MF7|EFEKAH_04844
GCF_016899425.1|KEDGBJ_01116	6	6	1	1	GCF_016899425.1;GCF_053038975.1;GCF_053209605.1;GCF_905400185.1;MF6;MF7	GCF_016899425.1|KEDGBJ_01116;GCF_053038975.1|AHCKDM_01081;GCF_053209605.1|GFFINM_01079;GCF_905400185.1|DKPOPA_01055;MF6|CFFIHE_01057;MF7|EFEKAH_04843
GCF_016899425.1|KEDGBJ_01117	6	6	1	1	GCF_016899425.1;GCF_053038975.1;GCF_053209605.1;GCF_905400185.1;MF6;MF7	GCF_016899425.1|KEDGBJ_01117;GCF_053038975.1|AHCKDM_01082;GCF_053209605.1|GFFINM_01080;GCF_905400185.1|DKPOPA_01056;MF6|CFFIHE_01058;MF7|EFEKAH_04842
GCF_016899425.1|KEDGBJ_01118	6	6	1	1	GCF_016899425.1;GCF_053038975.1;GCF_053209605.1;GCF_905400185.1;MF6;MF7	GCF_016899425.1|KEDGBJ_01118;GCF_053038975.1|AHCKDM_01083;GCF_053209605.1|GFFINM_01081;GCF_905400185.1|DKPOPA_01057;MF6|CFFIHE_01059;MF7|EFEKAH_04841
GCF_016899425.1|KEDGBJ_01119	6	6	1	1	GCF_016899425.1;GCF_053038975.1;GCF_053209605.1;GCF_905400185.1;MF6;MF7	GCF_016899425.1|KEDGBJ_01119;GCF_053038975.1|AHCKDM_01084;GCF_053209605.1|GFFINM_01082;GCF_905400185.1|DKPOPA_01058;MF6|CFFIHE_01060;MF7|EFEKAH_04840
GCF_016899425.1|KEDGBJ_01120	6	6	1	1	GCF_016899425.1;GCF_053038975.1;GCF_053209605.1;GCF_905400185.1;MF6;MF7	GCF_016899425.1|KEDGBJ_01120;GCF_053038975.1|AHCKDM_01085;GCF_053209605.1|GFFINM_01083;GCF_905400185.1|DKPOPA_01059;MF6|CFFIHE_01061;MF7|EFEKAH_04839
GCF_016899425.1|KEDGBJ_01121	6	6	1	1	GCF_016899425.1;GCF_053038975.1;GCF_053209605.1;GCF_905400185.1;MF6;MF7	GCF_016899425.1|KEDGBJ_01121;GCF_053038975.1|AHCKDM_01086;GCF_053209605.1|GFFINM_01084;GCF_905400185.1|DKPOPA_01060;MF6|CFFIHE_01062;MF7|EFEKAH_04838
GCF_016899425.1|KEDGBJ_01122	6	6	1	1	GCF_016899425.1;GCF_053038975.1;GCF_053209605.1;GCF_905400185.1;MF6;MF7	GCF_016899425.1|KEDGBJ_01122;GCF_053038975.1|AHCKDM_01087;GCF_053209605.1|GFFINM_01085;GCF_905400185.1|DKPOPA_01061;MF6|CFFIHE_01063;MF7|EFEKAH_04837
GCF_016899425.1|KEDGBJ_01123	6	6	1	1	GCF_016899425.1;GCF_053038975.1;GCF_053209605.1;GCF_905400185.1;MF6;MF7	GCF_016899425.1|KEDGBJ_01123;GCF_053038975.1|AHCKDM_01088;GCF_053209605.1|GFFINM_01086;GCF_905400185.1|DKPOPA_01062;MF6|CFFIHE_01064;MF7|EFEKAH_04836
GCF_016899425.1|KEDGBJ_01124	6	6	1	1	GCF_016899425.1;GCF_053038975.1;GCF_053209605.1;GCF_905400185.1;MF6;MF7	GCF_016899425.1|KEDGBJ_01124;GCF_053038975.1|AHCKDM_01089;GCF_053209605.1|GFFINM_01087;GCF_905400185.1|DKPOPA_01063;MF6|CFFIHE_01065;MF7|EFEKAH_04835
GCF_016899425.1|KEDGBJ_01125	6	6	1	1	GCF_016899425.1;GCF_053038975.1;GCF_053209605.1;GCF_905400185.1;MF6;MF7	GCF_016899425.1|KEDGBJ_01125;GCF_053038975.1|AHCKDM_01090;GCF_053209605.1|GFFINM_01088;GCF_905400185.1|DKPOPA_01064;MF6|CFFIHE_01066;MF7|EFEKAH_04834
GCF_016899425.1|KEDGBJ_01126	6	6	1	1	GCF_016899425.1;GCF_053038975.1;GCF_053209605.1;GCF_905400185.1;MF6;MF7	GCF_016899425.1|KEDGBJ_01126;GCF_053038975.1|AHCKDM_01091;GCF_053209605.1|GFFINM_01089;GCF_905400185.1|DKPOPA_01065;MF6|CFFIHE_01067;MF7|EFEKAH_04833
GCF_016899425.1|KEDGBJ_01128	6	6	1	1	GCF_016899425.1;GCF_053038975.1;GCF_053209605.1;GCF_905400185.1;MF6;MF7	GCF_016899425.1|KEDGBJ_01128;GCF_053038975.1|AHCKDM_01093;GCF_053209605.1|GFFINM_01091;GCF_905400185.1|DKPOPA_01067;MF6|CFFIHE_01069;MF7|EFEKAH_04831
GCF_016899425.1|KEDGBJ_01129	6	6	1	1	GCF_016899425.1;GCF_053038975.1;GCF_053209605.1;GCF_905400185.1;MF6;MF7	GCF_016899425.1|KEDGBJ_01129;GCF_053038975.1|AHCKDM_01094;GCF_053209605.1|GFFINM_01092;GCF_905400185.1|DKPOPA_01068;MF6|CFFIHE_01070;MF7|EFEKAH_04830
GCF_016899425.1|KEDGBJ_01130	6	6	1	1	GCF_016899425.1;GCF_053038975.1;GCF_053209605.1;GCF_905400185.1;MF6;MF7	GCF_016899425.1|KEDGBJ_01130;GCF_053038975.1|AHCKDM_01095;GCF_053209605.1|GFFINM_01093;GCF_905400185.1|DKPOPA_01069;MF6|CFFIHE_01071;MF7|EFEKAH_04829
GCF_016899425.1|KEDGBJ_01131	6	6	1	1	GCF_016899425.1;GCF_053038975.1;GCF_053209605.1;GCF_905400185.1;MF6;MF7	GCF_016899425.1|KEDGBJ_01131;GCF_053038975.1|AHCKDM_01096;GCF_053209605.1|GFFINM_01094;GCF_905400185.1|DKPOPA_01070;MF6|CFFIHE_01072;MF7|EFEKAH_04828
GCF_016899425.1|KEDGBJ_01132	6	6	1	1	GCF_016899425.1;GCF_053038975.1;GCF_053209605.1;GCF_905400185.1;MF6;MF7	GCF_016899425.1|KEDGBJ_01132;GCF_053038975.1|AHCKDM_01097;GCF_053209605.1|GFFINM_01095;GCF_905400185.1|DKPOPA_01071;MF6|CFFIHE_01073;MF7|EFEKAH_04827
GCF_016899425.1|KEDGBJ_01133	6	6	1	1	GCF_016899425.1;GCF_053038975.1;GCF_053209605.1;GCF_905400185.1;MF6;MF7	GCF_016899425.1|KEDGBJ_01133;GCF_053038975.1|AHCKDM_01098;GCF_053209605.1|GFFINM_01096;GCF_905400185.1|DKPOPA_01072;MF6|CFFIHE_01074;MF7|EFEKAH_04826
GCF_016899425.1|KEDGBJ_01138	4	4	0	0	GCF_016899425.1;GCF_905400185.1;MF6;MF7	GCF_016899425.1|KEDGBJ_01138;GCF_905400185.1|DKPOPA_01077;MF6|CFFIHE_01079;MF7|EFEKAH_04823
GCF_016899425.1|KEDGBJ_01139	6	6	1	1	GCF_016899425.1;GCF_053038975.1;GCF_053209605.1;GCF_905400185.1;MF6;MF7	GCF_016899425.1|KEDGBJ_01139;GCF_053038975.1|AHCKDM_01103;GCF_053209605.1|GFFINM_01101;GCF_905400185.1|DKPOPA_01078;MF6|CFFIHE_01080;MF7|EFEKAH_04822
GCF_016899425.1|KEDGBJ_01140	4	4	0	0	GCF_016899425.1;GCF_905400185.1;MF6;MF7	GCF_016899425.1|KEDGBJ_01140;GCF_905400185.1|DKPOPA_01079;MF6|CFFIHE_01081;MF7|EFEKAH_04821
GCF_016899425.1|KEDGBJ_01141	6	6	1	1	GCF_016899425.1;GCF_053038975.1;GCF_053209605.1;GCF_905400185.1;MF6;MF7	GCF_016899425.1|KEDGBJ_01141;GCF_053038975.1|AHCKDM_01104;GCF_053209605.1|GFFINM_01102;GCF_905400185.1|DKPOPA_01080;MF6|CFFIHE_01082;MF7|EFEKAH_04820
GCF_016899425.1|KEDGBJ_01142	6	6	1	1	GCF_016899425.1;GCF_053038975.1;GCF_053209605.1;GCF_905400185.1;MF6;MF7	GCF_016899425.1|KEDGBJ_01142;GCF_053038975.1|AHCKDM_01105;GCF_053209605.1|GFFINM_01103;GCF_905400185.1|DKPOPA_01081;MF6|CFFIHE_01083;MF7|EFEKAH_04819
GCF_016899425.1|KEDGBJ_01143	6	6	1	1	GCF_016899425.1;GCF_053038975.1;GCF_053209605.1;GCF_905400185.1;MF6;MF7	GCF_016899425.1|KEDGBJ_01143;GCF_053038975.1|AHCKDM_01106;GCF_053209605.1|GFFINM_01104;GCF_905400185.1|DKPOPA_01082;MF6|CFFIHE_01084;MF7|EFEKAH_04818
GCF_016899425.1|KEDGBJ_01144	6	6	1	1	GCF_016899425.1;GCF_053038975.1;GCF_053209605.1;GCF_905400185.1;MF6;MF7	GCF_016899425.1|KEDGBJ_01144;GCF_053038975.1|AHCKDM_01107;GCF_053209605.1|GFFINM_01105;GCF_905400185.1|DKPOPA_01083;MF6|CFFIHE_01085;MF7|EFEKAH_04817
GCF_016899425.1|KEDGBJ_01145	6	6	1	1	GCF_016899425.1;GCF_053038975.1;GCF_053209605.1;GCF_905400185.1;MF6;MF7	GCF_016899425.1|KEDGBJ_01145;GCF_053038975.1|AHCKDM_01108;GCF_053209605.1|GFFINM_01106;GCF_905400185.1|DKPOPA_01084;MF6|CFFIHE_01086;MF7|EFEKAH_04816
GCF_016899425.1|KEDGBJ_01146	6	6	1	1	GCF_016899425.1;GCF_053038975.1;GCF_053209605.1;GCF_905400185.1;MF6;MF7	GCF_016899425.1|KEDGBJ_01146;GCF_053038975.1|AHCKDM_01109;GCF_053209605.1|GFFINM_01107;GCF_905400185.1|DKPOPA_01085;MF6|CFFIHE_01087;MF7|EFEKAH_04815
GCF_016899425.1|KEDGBJ_01147	6	6	1	1	GCF_016899425.1;GCF_053038975.1;GCF_053209605.1;GCF_905400185.1;MF6;MF7	GCF_016899425.1|KEDGBJ_01147;GCF_053038975.1|AHCKDM_01110;GCF_053209605.1|GFFINM_01108;GCF_905400185.1|DKPOPA_01086;MF6|CFFIHE_01088;MF7|EFEKAH_04814
GCF_016899425.1|KEDGBJ_01148	6	6	1	1	GCF_016899425.1;GCF_053038975.1;GCF_053209605.1;GCF_905400185.1;MF6;MF7	GCF_016899425.1|KEDGBJ_01148;GCF_053038975.1|AHCKDM_01111;GCF_053209605.1|GFFINM_01109;GCF_905400185.1|DKPOPA_01087;MF6|CFFIHE_01089;MF7|EFEKAH_04813
GCF_016899425.1|KEDGBJ_01149	6	6	1	1	GCF_016899425.1;GCF_053038975.1;GCF_053209605.1;GCF_905400185.1;MF6;MF7	GCF_016899425.1|KEDGBJ_01149;GCF_053038975.1|AHCKDM_01112;GCF_053209605.1|GFFINM_01110;GCF_905400185.1|DKPOPA_01088;MF6|CFFIHE_01090;MF7|EFEKAH_04812
GCF_016899425.1|KEDGBJ_01150	6	6	1	1	GCF_016899425.1;GCF_053038975.1;GCF_053209605.1;GCF_905400185.1;MF6;MF7	GCF_016899425.1|KEDGBJ_01150;GCF_053038975.1|AHCKDM_01113;GCF_053209605.1|GFFINM_01111;GCF_905400185.1|DKPOPA_01089;MF6|CFFIHE_01091;MF7|EFEKAH_04811
GCF_016899425.1|KEDGBJ_01152	6	6	1	1	GCF_016899425.1;GCF_053038975.1;GCF_053209605.1;GCF_905400185.1;MF6;MF7	GCF_016899425.1|KEDGBJ_01152;GCF_053038975.1|AHCKDM_01115;GCF_053209605.1|GFFINM_01113;GCF_905400185.1|DKPOPA_01091;MF6|CFFIHE_01093;MF7|EFEKAH_04809
GCF_016899425.1|KEDGBJ_01153	6	6	1	1	GCF_016899425.1;GCF_053038975.1;GCF_053209605.1;GCF_905400185.1;MF6;MF7	GCF_016899425.1|KEDGBJ_01153;GCF_053038975.1|AHCKDM_01116;GCF_053209605.1|GFFINM_01114;GCF_905400185.1|DKPOPA_01092;MF6|CFFIHE_01094;MF7|EFEKAH_04808
GCF_016899425.1|KEDGBJ_01154	6	6	1	1	GCF_016899425.1;GCF_053038975.1;GCF_053209605.1;GCF_905400185.1;MF6;MF7	GCF_016899425.1|KEDGBJ_01154;GCF_053038975.1|AHCKDM_01117;GCF_053209605.1|GFFINM_01115;GCF_905400185.1|DKPOPA_01093;MF6|CFFIHE_01095;MF7|EFEKAH_04807
GCF_016899425.1|KEDGBJ_01155	6	6	1	1	GCF_016899425.1;GCF_053038975.1;GCF_053209605.1;GCF_905400185.1;MF6;MF7	GCF_016899425.1|KEDGBJ_01155;GCF_053038975.1|AHCKDM_01118;GCF_053209605.1|GFFINM_01116;GCF_905400185.1|DKPOPA_01094;MF6|CFFIHE_01096;MF7|EFEKAH_04806
GCF_016899425.1|KEDGBJ_01156	6	6	1	1	GCF_016899425.1;GCF_053038975.1;GCF_053209605.1;GCF_905400185.1;MF6;MF7	GCF_016899425.1|KEDGBJ_01156;GCF_053038975.1|AHCKDM_01119;GCF_053209605.1|GFFINM_01117;GCF_905400185.1|DKPOPA_01095;MF6|CFFIHE_01097;MF7|EFEKAH_04805
GCF_016899425.1|KEDGBJ_01157	6	6	1	1	GCF_016899425.1;GCF_053038975.1;GCF_053209605.1;GCF_905400185.1;MF6;MF7	GCF_016899425.1|KEDGBJ_01157;GCF_053038975.1|AHCKDM_01120;GCF_053209605.1|GFFINM_01118;GCF_905400185.1|DKPOPA_01096;MF6|CFFIHE_01098;MF7|EFEKAH_04804
GCF_016899425.1|KEDGBJ_01158	6	6	1	1	GCF_016899425.1;GCF_053038975.1;GCF_053209605.1;GCF_905400185.1;MF6;MF7	GCF_016899425.1|KEDGBJ_01158;GCF_053038975.1|AHCKDM_01121;GCF_053209605.1|GFFINM_01119;GCF_905400185.1|DKPOPA_01097;MF6|CFFIHE_01099;MF7|EFEKAH_04803
GCF_016899425.1|KEDGBJ_01159	6	6	1	1	GCF_016899425.1;GCF_053038975.1;GCF_053209605.1;GCF_905400185.1;MF6;MF7	GCF_016899425.1|KEDGBJ_01159;GCF_053038975.1|AHCKDM_01122;GCF_053209605.1|GFFINM_01120;GCF_905400185.1|DKPOPA_01098;MF6|CFFIHE_01100;MF7|EFEKAH_04802
GCF_016899425.1|KEDGBJ_01160	6	6	1	1	GCF_016899425.1;GCF_053038975.1;GCF_053209605.1;GCF_905400185.1;MF6;MF7	GCF_016899425.1|KEDGBJ_01160;GCF_053038975.1|AHCKDM_01123;GCF_053209605.1|GFFINM_01121;GCF_905400185.1|DKPOPA_01099;MF6|CFFIHE_01101;MF7|EFEKAH_04801
GCF_016899425.1|KEDGBJ_01161	6	6	1	1	GCF_016899425.1;GCF_053038975.1;GCF_053209605.1;GCF_905400185.1;MF6;MF7	GCF_016899425.1|KEDGBJ_01161;GCF_053038975.1|AHCKDM_01124;GCF_053209605.1|GFFINM_01122;GCF_905400185.1|DKPOPA_01100;MF6|CFFIHE_01102;MF7|EFEKAH_04800
GCF_016899425.1|KEDGBJ_01162	6	6	1	1	GCF_016899425.1;GCF_053038975.1;GCF_053209605.1;GCF_905400185.1;MF6;MF7	GCF_016899425.1|KEDGBJ_01162;GCF_053038975.1|AHCKDM_01125;GCF_053209605.1|GFFINM_01123;GCF_905400185.1|DKPOPA_01101;MF6|CFFIHE_01103;MF7|EFEKAH_04799
GCF_016899425.1|KEDGBJ_01163	6	6	1	1	GCF_016899425.1;GCF_053038975.1;GCF_053209605.1;GCF_905400185.1;MF6;MF7	GCF_016899425.1|KEDGBJ_01163;GCF_053038975.1|AHCKDM_01126;GCF_053209605.1|GFFINM_01124;GCF_905400185.1|DKPOPA_01102;MF6|CFFIHE_01104;MF7|EFEKAH_04798
GCF_016899425.1|KEDGBJ_01164	6	6	1	1	GCF_016899425.1;GCF_053038975.1;GCF_053209605.1;GCF_905400185.1;MF6;MF7	GCF_016899425.1|KEDGBJ_01164;GCF_053038975.1|AHCKDM_01127;GCF_053209605.1|GFFINM_01125;GCF_905400185.1|DKPOPA_01103;MF6|CFFIHE_01105;MF7|EFEKAH_04797
GCF_016899425.1|KEDGBJ_01165	6	6	1	1	GCF_016899425.1;GCF_053038975.1;GCF_053209605.1;GCF_905400185.1;MF6;MF7	GCF_016899425.1|KEDGBJ_01165;GCF_053038975.1|AHCKDM_01128;GCF_053209605.1|GFFINM_01126;GCF_905400185.1|DKPOPA_01104;MF6|CFFIHE_01106;MF7|EFEKAH_04796
GCF_016899425.1|KEDGBJ_01166	6	6	1	1	GCF_016899425.1;GCF_053038975.1;GCF_053209605.1;GCF_905400185.1;MF6;MF7	GCF_016899425.1|KEDGBJ_01166;GCF_053038975.1|AHCKDM_01129;GCF_053209605.1|GFFINM_01127;GCF_905400185.1|DKPOPA_01105;MF6|CFFIHE_01107;MF7|EFEKAH_04795
GCF_016899425.1|KEDGBJ_01167	6	6	1	1	GCF_016899425.1;GCF_053038975.1;GCF_053209605.1;GCF_905400185.1;MF6;MF7	GCF_016899425.1|KEDGBJ_01167;GCF_053038975.1|AHCKDM_01130;GCF_053209605.1|GFFINM_01128;GCF_905400185.1|DKPOPA_01106;MF6|CFFIHE_01108;MF7|EFEKAH_04794
GCF_016899425.1|KEDGBJ_01168	6	6	1	1	GCF_016899425.1;GCF_053038975.1;GCF_053209605.1;GCF_905400185.1;MF6;MF7	GCF_016899425.1|KEDGBJ_01168;GCF_053038975.1|AHCKDM_01131;GCF_053209605.1|GFFINM_01129;GCF_905400185.1|DKPOPA_01107;MF6|CFFIHE_01109;MF7|EFEKAH_04793
GCF_016899425.1|KEDGBJ_01169	6	6	1	1	GCF_016899425.1;GCF_053038975.1;GCF_053209605.1;GCF_905400185.1;MF6;MF7	GCF_016899425.1|KEDGBJ_01169;GCF_053038975.1|AHCKDM_01132;GCF_053209605.1|GFFINM_01130;GCF_905400185.1|DKPOPA_01108;MF6|CFFIHE_01110;MF7|EFEKAH_04792
GCF_016899425.1|KEDGBJ_01170	6	6	1	1	GCF_016899425.1;GCF_053038975.1;GCF_053209605.1;GCF_905400185.1;MF6;MF7	GCF_016899425.1|KEDGBJ_01170;GCF_053038975.1|AHCKDM_01135;GCF_053209605.1|GFFINM_01133;GCF_905400185.1|DKPOPA_01109;MF6|CFFIHE_01111;MF7|EFEKAH_04791
GCF_016899425.1|KEDGBJ_01171	6	6	1	1	GCF_016899425.1;GCF_053038975.1;GCF_053209605.1;GCF_905400185.1;MF6;MF7	GCF_016899425.1|KEDGBJ_01171;GCF_053038975.1|AHCKDM_01136;GCF_053209605.1|GFFINM_01134;GCF_905400185.1|DKPOPA_01110;MF6|CFFIHE_01112;MF7|EFEKAH_04790
GCF_016899425.1|KEDGBJ_01172	6	12	1	0	GCF_016899425.1;GCF_053038975.1;GCF_053209605.1;GCF_905400185.1;MF6;MF7	GCF_016899425.1|KEDGBJ_01172;GCF_016899425.1|KEDGBJ_02550;GCF_053038975.1|AHCKDM_01137;GCF_053038975.1|AHCKDM_02518;GCF_053209605.1|GFFINM_01135;GCF_053209605.1|GFFINM_02521;GCF_905400185.1|DKPOPA_01111;GCF_905400185.1|DKPOPA_02502;MF6|CFFIHE_01113;MF6|CFFIHE_02501;MF7|EFEKAH_04789;MF7|EFEKAH_06654
GCF_016899425.1|KEDGBJ_01173	6	6	1	1	GCF_016899425.1;GCF_053038975.1;GCF_053209605.1;GCF_905400185.1;MF6;MF7	GCF_016899425.1|KEDGBJ_01173;GCF_053038975.1|AHCKDM_01138;GCF_053209605.1|GFFINM_01136;GCF_905400185.1|DKPOPA_01112;MF6|CFFIHE_01114;MF7|EFEKAH_04788
GCF_016899425.1|KEDGBJ_01176	6	6	1	1	GCF_016899425.1;GCF_053038975.1;GCF_053209605.1;GCF_905400185.1;MF6;MF7	GCF_016899425.1|KEDGBJ_01176;GCF_053038975.1|AHCKDM_01141;GCF_053209605.1|GFFINM_01139;GCF_905400185.1|DKPOPA_01115;MF6|CFFIHE_01118;MF7|EFEKAH_04784
GCF_016899425.1|KEDGBJ_01177	6	6	1	1	GCF_016899425.1;GCF_053038975.1;GCF_053209605.1;GCF_905400185.1;MF6;MF7	GCF_016899425.1|KEDGBJ_01177;GCF_053038975.1|AHCKDM_01142;GCF_053209605.1|GFFINM_01140;GCF_905400185.1|DKPOPA_01116;MF6|CFFIHE_01119;MF7|EFEKAH_04783
GCF_016899425.1|KEDGBJ_01178	6	6	1	1	GCF_016899425.1;GCF_053038975.1;GCF_053209605.1;GCF_905400185.1;MF6;MF7	GCF_016899425.1|KEDGBJ_01178;GCF_053038975.1|AHCKDM_01143;GCF_053209605.1|GFFINM_01141;GCF_905400185.1|DKPOPA_01117;MF6|CFFIHE_01120;MF7|EFEKAH_04782
GCF_016899425.1|KEDGBJ_01179	6	6	1	1	GCF_016899425.1;GCF_053038975.1;GCF_053209605.1;GCF_905400185.1;MF6;MF7	GCF_016899425.1|KEDGBJ_01179;GCF_053038975.1|AHCKDM_01144;GCF_053209605.1|GFFINM_01142;GCF_905400185.1|DKPOPA_01118;MF6|CFFIHE_01121;MF7|EFEKAH_04781
GCF_016899425.1|KEDGBJ_01180	6	6	1	1	GCF_016899425.1;GCF_053038975.1;GCF_053209605.1;GCF_905400185.1;MF6;MF7	GCF_016899425.1|KEDGBJ_01180;GCF_053038975.1|AHCKDM_01145;GCF_053209605.1|GFFINM_01143;GCF_905400185.1|DKPOPA_01119;MF6|CFFIHE_01122;MF7|EFEKAH_04780
GCF_016899425.1|KEDGBJ_01182	6	6	1	1	GCF_016899425.1;GCF_053038975.1;GCF_053209605.1;GCF_905400185.1;MF6;MF7	GCF_016899425.1|KEDGBJ_01182;GCF_053038975.1|AHCKDM_01147;GCF_053209605.1|GFFINM_01145;GCF_905400185.1|DKPOPA_01121;MF6|CFFIHE_01124;MF7|EFEKAH_04778
GCF_016899425.1|KEDGBJ_01183	6	6	1	1	GCF_016899425.1;GCF_053038975.1;GCF_053209605.1;GCF_905400185.1;MF6;MF7	GCF_016899425.1|KEDGBJ_01183;GCF_053038975.1|AHCKDM_01148;GCF_053209605.1|GFFINM_01146;GCF_905400185.1|DKPOPA_01122;MF6|CFFIHE_01125;MF7|EFEKAH_04777
GCF_016899425.1|KEDGBJ_01184	6	6	1	1	GCF_016899425.1;GCF_053038975.1;GCF_053209605.1;GCF_905400185.1;MF6;MF7	GCF_016899425.1|KEDGBJ_01184;GCF_053038975.1|AHCKDM_01149;GCF_053209605.1|GFFINM_01147;GCF_905400185.1|DKPOPA_01123;MF6|CFFIHE_01126;MF7|EFEKAH_04776
GCF_016899425.1|KEDGBJ_01185	6	6	1	1	GCF_016899425.1;GCF_053038975.1;GCF_053209605.1;GCF_905400185.1;MF6;MF7	GCF_016899425.1|KEDGBJ_01185;GCF_053038975.1|AHCKDM_01150;GCF_053209605.1|GFFINM_01148;GCF_905400185.1|DKPOPA_01124;MF6|CFFIHE_01127;MF7|EFEKAH_04775
GCF_016899425.1|KEDGBJ_01186	6	6	1	1	GCF_016899425.1;GCF_053038975.1;GCF_053209605.1;GCF_905400185.1;MF6;MF7	GCF_016899425.1|KEDGBJ_01186;GCF_053038975.1|AHCKDM_01151;GCF_053209605.1|GFFINM_01149;GCF_905400185.1|DKPOPA_01125;MF6|CFFIHE_01128;MF7|EFEKAH_04774
GCF_016899425.1|KEDGBJ_01188	6	6	1	1	GCF_016899425.1;GCF_053038975.1;GCF_053209605.1;GCF_905400185.1;MF6;MF7	GCF_016899425.1|KEDGBJ_01188;GCF_053038975.1|AHCKDM_01153;GCF_053209605.1|GFFINM_01151;GCF_905400185.1|DKPOPA_01127;MF6|CFFIHE_01130;MF7|EFEKAH_04772
GCF_016899425.1|KEDGBJ_01189	6	6	1	1	GCF_016899425.1;GCF_053038975.1;GCF_053209605.1;GCF_905400185.1;MF6;MF7	GCF_016899425.1|KEDGBJ_01189;GCF_053038975.1|AHCKDM_01154;GCF_053209605.1|GFFINM_01152;GCF_905400185.1|DKPOPA_01128;MF6|CFFIHE_01131;MF7|EFEKAH_04771
GCF_016899425.1|KEDGBJ_01190	6	6	1	1	GCF_016899425.1;GCF_053038975.1;GCF_053209605.1;GCF_905400185.1;MF6;MF7	GCF_016899425.1|KEDGBJ_01190;GCF_053038975.1|AHCKDM_01155;GCF_053209605.1|GFFINM_01153;GCF_905400185.1|DKPOPA_01129;MF6|CFFIHE_01132;MF7|EFEKAH_04770
GCF_016899425.1|KEDGBJ_01191	6	6	1	1	GCF_016899425.1;GCF_053038975.1;GCF_053209605.1;GCF_905400185.1;MF6;MF7	GCF_016899425.1|KEDGBJ_01191;GCF_053038975.1|AHCKDM_01156;GCF_053209605.1|GFFINM_01154;GCF_905400185.1|DKPOPA_01130;MF6|CFFIHE_01133;MF7|EFEKAH_04769
GCF_016899425.1|KEDGBJ_01192	6	6	1	1	GCF_016899425.1;GCF_053038975.1;GCF_053209605.1;GCF_905400185.1;MF6;MF7	GCF_016899425.1|KEDGBJ_01192;GCF_053038975.1|AHCKDM_01157;GCF_053209605.1|GFFINM_01155;GCF_905400185.1|DKPOPA_01131;MF6|CFFIHE_01134;MF7|EFEKAH_04768
GCF_016899425.1|KEDGBJ_01195	6	6	1	1	GCF_016899425.1;GCF_053038975.1;GCF_053209605.1;GCF_905400185.1;MF6;MF7	GCF_016899425.1|KEDGBJ_01195;GCF_053038975.1|AHCKDM_01160;GCF_053209605.1|GFFINM_01158;GCF_905400185.1|DKPOPA_01134;MF6|CFFIHE_01137;MF7|EFEKAH_04765
GCF_016899425.1|KEDGBJ_01196	6	6	1	1	GCF_016899425.1;GCF_053038975.1;GCF_053209605.1;GCF_905400185.1;MF6;MF7	GCF_016899425.1|KEDGBJ_01196;GCF_053038975.1|AHCKDM_01161;GCF_053209605.1|GFFINM_01159;GCF_905400185.1|DKPOPA_01135;MF6|CFFIHE_01138;MF7|EFEKAH_04764
GCF_016899425.1|KEDGBJ_01197	6	6	1	1	GCF_016899425.1;GCF_053038975.1;GCF_053209605.1;GCF_905400185.1;MF6;MF7	GCF_016899425.1|KEDGBJ_01197;GCF_053038975.1|AHCKDM_01162;GCF_053209605.1|GFFINM_01160;GCF_905400185.1|DKPOPA_01136;MF6|CFFIHE_01139;MF7|EFEKAH_04763
GCF_016899425.1|KEDGBJ_01198	6	6	1	1	GCF_016899425.1;GCF_053038975.1;GCF_053209605.1;GCF_905400185.1;MF6;MF7	GCF_016899425.1|KEDGBJ_01198;GCF_053038975.1|AHCKDM_01163;GCF_053209605.1|GFFINM_01161;GCF_905400185.1|DKPOPA_01137;MF6|CFFIHE_01140;MF7|EFEKAH_04762
GCF_016899425.1|KEDGBJ_01199	6	6	1	1	GCF_016899425.1;GCF_053038975.1;GCF_053209605.1;GCF_905400185.1;MF6;MF7	GCF_016899425.1|KEDGBJ_01199;GCF_053038975.1|AHCKDM_01164;GCF_053209605.1|GFFINM_01162;GCF_905400185.1|DKPOPA_01138;MF6|CFFIHE_01141;MF7|EFEKAH_04761
GCF_016899425.1|KEDGBJ_01200	6	6	1	1	GCF_016899425.1;GCF_053038975.1;GCF_053209605.1;GCF_905400185.1;MF6;MF7	GCF_016899425.1|KEDGBJ_01200;GCF_053038975.1|AHCKDM_01165;GCF_053209605.1|GFFINM_01163;GCF_905400185.1|DKPOPA_01139;MF6|CFFIHE_01142;MF7|EFEKAH_04760
GCF_016899425.1|KEDGBJ_01201	6	7	1	0	GCF_016899425.1;GCF_053038975.1;GCF_053209605.1;GCF_905400185.1;MF6;MF7	GCF_016899425.1|KEDGBJ_01201;GCF_053038975.1|AHCKDM_01166;GCF_053209605.1|GFFINM_01164;GCF_053209605.1|GFFINM_01165;GCF_905400185.1|DKPOPA_01140;MF6|CFFIHE_01143;MF7|EFEKAH_04759
GCF_016899425.1|KEDGBJ_01202	6	6	1	1	GCF_016899425.1;GCF_053038975.1;GCF_053209605.1;GCF_905400185.1;MF6;MF7	GCF_016899425.1|KEDGBJ_01202;GCF_053038975.1|AHCKDM_01167;GCF_053209605.1|GFFINM_01166;GCF_905400185.1|DKPOPA_01141;MF6|CFFIHE_01144;MF7|EFEKAH_04758
GCF_016899425.1|KEDGBJ_01203	6	6	1	1	GCF_016899425.1;GCF_053038975.1;GCF_053209605.1;GCF_905400185.1;MF6;MF7	GCF_016899425.1|KEDGBJ_01203;GCF_053038975.1|AHCKDM_01168;GCF_053209605.1|GFFINM_01167;GCF_905400185.1|DKPOPA_01142;MF6|CFFIHE_01145;MF7|EFEKAH_04757
GCF_016899425.1|KEDGBJ_01204	6	6	1	1	GCF_016899425.1;GCF_053038975.1;GCF_053209605.1;GCF_905400185.1;MF6;MF7	GCF_016899425.1|KEDGBJ_01204;GCF_053038975.1|AHCKDM_01169;GCF_053209605.1|GFFINM_01168;GCF_905400185.1|DKPOPA_01143;MF6|CFFIHE_01146;MF7|EFEKAH_04756
GCF_016899425.1|KEDGBJ_01205	6	6	1	1	GCF_016899425.1;GCF_053038975.1;GCF_053209605.1;GCF_905400185.1;MF6;MF7	GCF_016899425.1|KEDGBJ_01205;GCF_053038975.1|AHCKDM_01170;GCF_053209605.1|GFFINM_01169;GCF_905400185.1|DKPOPA_01144;MF6|CFFIHE_01147;MF7|EFEKAH_04755
GCF_016899425.1|KEDGBJ_01207	6	6	1	1	GCF_016899425.1;GCF_053038975.1;GCF_053209605.1;GCF_905400185.1;MF6;MF7	GCF_016899425.1|KEDGBJ_01207;GCF_053038975.1|AHCKDM_01171;GCF_053209605.1|GFFINM_01170;GCF_905400185.1|DKPOPA_01146;MF6|CFFIHE_01149;MF7|EFEKAH_04753
GCF_016899425.1|KEDGBJ_01208	6	6	1	1	GCF_016899425.1;GCF_053038975.1;GCF_053209605.1;GCF_905400185.1;MF6;MF7	GCF_016899425.1|KEDGBJ_01208;GCF_053038975.1|AHCKDM_01172;GCF_053209605.1|GFFINM_01171;GCF_905400185.1|DKPOPA_01147;MF6|CFFIHE_01150;MF7|EFEKAH_04752
GCF_016899425.1|KEDGBJ_01209	6	6	1	1	GCF_016899425.1;GCF_053038975.1;GCF_053209605.1;GCF_905400185.1;MF6;MF7	GCF_016899425.1|KEDGBJ_01209;GCF_053038975.1|AHCKDM_01173;GCF_053209605.1|GFFINM_01172;GCF_905400185.1|DKPOPA_01148;MF6|CFFIHE_01151;MF7|EFEKAH_04751
GCF_016899425.1|KEDGBJ_01210	6	6	1	1	GCF_016899425.1;GCF_053038975.1;GCF_053209605.1;GCF_905400185.1;MF6;MF7	GCF_016899425.1|KEDGBJ_01210;GCF_053038975.1|AHCKDM_01174;GCF_053209605.1|GFFINM_01173;GCF_905400185.1|DKPOPA_01149;MF6|CFFIHE_01152;MF7|EFEKAH_04750
GCF_016899425.1|KEDGBJ_01211	6	6	1	1	GCF_016899425.1;GCF_053038975.1;GCF_053209605.1;GCF_905400185.1;MF6;MF7	GCF_016899425.1|KEDGBJ_01211;GCF_053038975.1|AHCKDM_01175;GCF_053209605.1|GFFINM_01174;GCF_905400185.1|DKPOPA_01150;MF6|CFFIHE_01153;MF7|EFEKAH_04749
GCF_016899425.1|KEDGBJ_01212	6	6	1	1	GCF_016899425.1;GCF_053038975.1;GCF_053209605.1;GCF_905400185.1;MF6;MF7	GCF_016899425.1|KEDGBJ_01212;GCF_053038975.1|AHCKDM_01176;GCF_053209605.1|GFFINM_01175;GCF_905400185.1|DKPOPA_01151;MF6|CFFIHE_01154;MF7|EFEKAH_04748
GCF_016899425.1|KEDGBJ_01213	6	6	1	1	GCF_016899425.1;GCF_053038975.1;GCF_053209605.1;GCF_905400185.1;MF6;MF7	GCF_016899425.1|KEDGBJ_01213;GCF_053038975.1|AHCKDM_01177;GCF_053209605.1|GFFINM_01176;GCF_905400185.1|DKPOPA_01152;MF6|CFFIHE_01155;MF7|EFEKAH_04747
GCF_016899425.1|KEDGBJ_01214	6	6	1	1	GCF_016899425.1;GCF_053038975.1;GCF_053209605.1;GCF_905400185.1;MF6;MF7	GCF_016899425.1|KEDGBJ_01214;GCF_053038975.1|AHCKDM_01178;GCF_053209605.1|GFFINM_01177;GCF_905400185.1|DKPOPA_01153;MF6|CFFIHE_01156;MF7|EFEKAH_04746
GCF_016899425.1|KEDGBJ_01215	6	6	1	1	GCF_016899425.1;GCF_053038975.1;GCF_053209605.1;GCF_905400185.1;MF6;MF7	GCF_016899425.1|KEDGBJ_01215;GCF_053038975.1|AHCKDM_01179;GCF_053209605.1|GFFINM_01178;GCF_905400185.1|DKPOPA_01154;MF6|CFFIHE_01157;MF7|EFEKAH_04745
GCF_016899425.1|KEDGBJ_01216	6	6	1	1	GCF_016899425.1;GCF_053038975.1;GCF_053209605.1;GCF_905400185.1;MF6;MF7	GCF_016899425.1|KEDGBJ_01216;GCF_053038975.1|AHCKDM_01180;GCF_053209605.1|GFFINM_01179;GCF_905400185.1|DKPOPA_01155;MF6|CFFIHE_01158;MF7|EFEKAH_04744
GCF_016899425.1|KEDGBJ_01218	6	6	1	1	GCF_016899425.1;GCF_053038975.1;GCF_053209605.1;GCF_905400185.1;MF6;MF7	GCF_016899425.1|KEDGBJ_01218;GCF_053038975.1|AHCKDM_01182;GCF_053209605.1|GFFINM_01181;GCF_905400185.1|DKPOPA_01157;MF6|CFFIHE_01160;MF7|EFEKAH_04742
GCF_016899425.1|KEDGBJ_01219	6	6	1	1	GCF_016899425.1;GCF_053038975.1;GCF_053209605.1;GCF_905400185.1;MF6;MF7	GCF_016899425.1|KEDGBJ_01219;GCF_053038975.1|AHCKDM_01183;GCF_053209605.1|GFFINM_01182;GCF_905400185.1|DKPOPA_01158;MF6|CFFIHE_01161;MF7|EFEKAH_04741
GCF_016899425.1|KEDGBJ_01220	4	4	0	0	GCF_016899425.1;GCF_905400185.1;MF6;MF7	GCF_016899425.1|KEDGBJ_01220;GCF_905400185.1|DKPOPA_01159;MF6|CFFIHE_01162;MF7|EFEKAH_04740
GCF_016899425.1|KEDGBJ_01221	4	4	0	0	GCF_016899425.1;GCF_905400185.1;MF6;MF7	GCF_016899425.1|KEDGBJ_01221;GCF_905400185.1|DKPOPA_01160;MF6|CFFIHE_01163;MF7|EFEKAH_04739
GCF_016899425.1|KEDGBJ_01222	6	6	1	1	GCF_016899425.1;GCF_053038975.1;GCF_053209605.1;GCF_905400185.1;MF6;MF7	GCF_016899425.1|KEDGBJ_01222;GCF_053038975.1|AHCKDM_01185;GCF_053209605.1|GFFINM_01184;GCF_905400185.1|DKPOPA_01161;MF6|CFFIHE_01164;MF7|EFEKAH_04738
GCF_016899425.1|KEDGBJ_01223	6	6	1	1	GCF_016899425.1;GCF_053038975.1;GCF_053209605.1;GCF_905400185.1;MF6;MF7	GCF_016899425.1|KEDGBJ_01223;GCF_053038975.1|AHCKDM_01186;GCF_053209605.1|GFFINM_01185;GCF_905400185.1|DKPOPA_01162;MF6|CFFIHE_01165;MF7|EFEKAH_04737
GCF_016899425.1|KEDGBJ_01224	6	6	1	1	GCF_016899425.1;GCF_053038975.1;GCF_053209605.1;GCF_905400185.1;MF6;MF7	GCF_016899425.1|KEDGBJ_01224;GCF_053038975.1|AHCKDM_01187;GCF_053209605.1|GFFINM_01186;GCF_905400185.1|DKPOPA_01163;MF6|CFFIHE_01166;MF7|EFEKAH_04736
GCF_016899425.1|KEDGBJ_01225	6	6	1	1	GCF_016899425.1;GCF_053038975.1;GCF_053209605.1;GCF_905400185.1;MF6;MF7	GCF_016899425.1|KEDGBJ_01225;GCF_053038975.1|AHCKDM_01188;GCF_053209605.1|GFFINM_01187;GCF_905400185.1|DKPOPA_01164;MF6|CFFIHE_01167;MF7|EFEKAH_04735
GCF_016899425.1|KEDGBJ_01227	6	6	1	1	GCF_016899425.1;GCF_053038975.1;GCF_053209605.1;GCF_905400185.1;MF6;MF7	GCF_016899425.1|KEDGBJ_01227;GCF_053038975.1|AHCKDM_01189;GCF_053209605.1|GFFINM_01188;GCF_905400185.1|DKPOPA_01166;MF6|CFFIHE_01169;MF7|EFEKAH_04733
GCF_016899425.1|KEDGBJ_01228	6	6	1	1	GCF_016899425.1;GCF_053038975.1;GCF_053209605.1;GCF_905400185.1;MF6;MF7	GCF_016899425.1|KEDGBJ_01228;GCF_053038975.1|AHCKDM_01190;GCF_053209605.1|GFFINM_01189;GCF_905400185.1|DKPOPA_01167;MF6|CFFIHE_01170;MF7|EFEKAH_04732
GCF_016899425.1|KEDGBJ_01229	6	6	1	1	GCF_016899425.1;GCF_053038975.1;GCF_053209605.1;GCF_905400185.1;MF6;MF7	GCF_016899425.1|KEDGBJ_01229;GCF_053038975.1|AHCKDM_01191;GCF_053209605.1|GFFINM_01190;GCF_905400185.1|DKPOPA_01168;MF6|CFFIHE_01171;MF7|EFEKAH_04731
GCF_016899425.1|KEDGBJ_01230	6	6	1	1	GCF_016899425.1;GCF_053038975.1;GCF_053209605.1;GCF_905400185.1;MF6;MF7	GCF_016899425.1|KEDGBJ_01230;GCF_053038975.1|AHCKDM_01192;GCF_053209605.1|GFFINM_01191;GCF_905400185.1|DKPOPA_01169;MF6|CFFIHE_01172;MF7|EFEKAH_04730
GCF_016899425.1|KEDGBJ_01231	4	4	0	0	GCF_016899425.1;GCF_905400185.1;MF6;MF7	GCF_016899425.1|KEDGBJ_01231;GCF_905400185.1|DKPOPA_01170;MF6|CFFIHE_01173;MF7|EFEKAH_04729
GCF_016899425.1|KEDGBJ_01232	6	6	1	1	GCF_016899425.1;GCF_053038975.1;GCF_053209605.1;GCF_905400185.1;MF6;MF7	GCF_016899425.1|KEDGBJ_01232;GCF_053038975.1|AHCKDM_01193;GCF_053209605.1|GFFINM_01192;GCF_905400185.1|DKPOPA_01171;MF6|CFFIHE_01225;MF7|EFEKAH_04677
GCF_016899425.1|KEDGBJ_01233	6	6	1	1	GCF_016899425.1;GCF_053038975.1;GCF_053209605.1;GCF_905400185.1;MF6;MF7	GCF_016899425.1|KEDGBJ_01233;GCF_053038975.1|AHCKDM_01194;GCF_053209605.1|GFFINM_01193;GCF_905400185.1|DKPOPA_01172;MF6|CFFIHE_01226;MF7|EFEKAH_04676
GCF_016899425.1|KEDGBJ_01234	6	6	1	1	GCF_016899425.1;GCF_053038975.1;GCF_053209605.1;GCF_905400185.1;MF6;MF7	GCF_016899425.1|KEDGBJ_01234;GCF_053038975.1|AHCKDM_01195;GCF_053209605.1|GFFINM_01194;GCF_905400185.1|DKPOPA_01173;MF6|CFFIHE_01227;MF7|EFEKAH_04675
GCF_016899425.1|KEDGBJ_01235	6	6	1	1	GCF_016899425.1;GCF_053038975.1;GCF_053209605.1;GCF_905400185.1;MF6;MF7	GCF_016899425.1|KEDGBJ_01235;GCF_053038975.1|AHCKDM_01196;GCF_053209605.1|GFFINM_01195;GCF_905400185.1|DKPOPA_01174;MF6|CFFIHE_01228;MF7|EFEKAH_04674
GCF_016899425.1|KEDGBJ_01236	6	6	1	1	GCF_016899425.1;GCF_053038975.1;GCF_053209605.1;GCF_905400185.1;MF6;MF7	GCF_016899425.1|KEDGBJ_01236;GCF_053038975.1|AHCKDM_01197;GCF_053209605.1|GFFINM_01196;GCF_905400185.1|DKPOPA_01175;MF6|CFFIHE_01229;MF7|EFEKAH_04673
GCF_016899425.1|KEDGBJ_01237	6	6	1	1	GCF_016899425.1;GCF_053038975.1;GCF_053209605.1;GCF_905400185.1;MF6;MF7	GCF_016899425.1|KEDGBJ_01237;GCF_053038975.1|AHCKDM_01198;GCF_053209605.1|GFFINM_01197;GCF_905400185.1|DKPOPA_01176;MF6|CFFIHE_01230;MF7|EFEKAH_04672
GCF_016899425.1|KEDGBJ_01238	6	6	1	1	GCF_016899425.1;GCF_053038975.1;GCF_053209605.1;GCF_905400185.1;MF6;MF7	GCF_016899425.1|KEDGBJ_01238;GCF_053038975.1|AHCKDM_01199;GCF_053209605.1|GFFINM_01198;GCF_905400185.1|DKPOPA_01177;MF6|CFFIHE_01231;MF7|EFEKAH_04671
GCF_016899425.1|KEDGBJ_01239	6	6	1	1	GCF_016899425.1;GCF_053038975.1;GCF_053209605.1;GCF_905400185.1;MF6;MF7	GCF_016899425.1|KEDGBJ_01239;GCF_053038975.1|AHCKDM_01200;GCF_053209605.1|GFFINM_01199;GCF_905400185.1|DKPOPA_01178;MF6|CFFIHE_01232;MF7|EFEKAH_04670
GCF_016899425.1|KEDGBJ_01240	6	6	1	1	GCF_016899425.1;GCF_053038975.1;GCF_053209605.1;GCF_905400185.1;MF6;MF7	GCF_016899425.1|KEDGBJ_01240;GCF_053038975.1|AHCKDM_01201;GCF_053209605.1|GFFINM_01200;GCF_905400185.1|DKPOPA_01179;MF6|CFFIHE_01233;MF7|EFEKAH_04669
GCF_016899425.1|KEDGBJ_01241	6	6	1	1	GCF_016899425.1;GCF_053038975.1;GCF_053209605.1;GCF_905400185.1;MF6;MF7	GCF_016899425.1|KEDGBJ_01241;GCF_053038975.1|AHCKDM_01202;GCF_053209605.1|GFFINM_01201;GCF_905400185.1|DKPOPA_01180;MF6|CFFIHE_01234;MF7|EFEKAH_04668
GCF_016899425.1|KEDGBJ_01242	6	6	1	1	GCF_016899425.1;GCF_053038975.1;GCF_053209605.1;GCF_905400185.1;MF6;MF7	GCF_016899425.1|KEDGBJ_01242;GCF_053038975.1|AHCKDM_01203;GCF_053209605.1|GFFINM_01202;GCF_905400185.1|DKPOPA_01181;MF6|CFFIHE_01235;MF7|EFEKAH_04667
GCF_016899425.1|KEDGBJ_01243	6	6	1	1	GCF_016899425.1;GCF_053038975.1;GCF_053209605.1;GCF_905400185.1;MF6;MF7	GCF_016899425.1|KEDGBJ_01243;GCF_053038975.1|AHCKDM_01204;GCF_053209605.1|GFFINM_01203;GCF_905400185.1|DKPOPA_01182;MF6|CFFIHE_01236;MF7|EFEKAH_04666
GCF_016899425.1|KEDGBJ_01244	6	6	1	1	GCF_016899425.1;GCF_053038975.1;GCF_053209605.1;GCF_905400185.1;MF6;MF7	GCF_016899425.1|KEDGBJ_01244;GCF_053038975.1|AHCKDM_01205;GCF_053209605.1|GFFINM_01204;GCF_905400185.1|DKPOPA_01183;MF6|CFFIHE_01237;MF7|EFEKAH_04665
GCF_016899425.1|KEDGBJ_01245	6	6	1	1	GCF_016899425.1;GCF_053038975.1;GCF_053209605.1;GCF_905400185.1;MF6;MF7	GCF_016899425.1|KEDGBJ_01245;GCF_053038975.1|AHCKDM_01206;GCF_053209605.1|GFFINM_01205;GCF_905400185.1|DKPOPA_01184;MF6|CFFIHE_01238;MF7|EFEKAH_04664
GCF_016899425.1|KEDGBJ_01246	6	6	1	1	GCF_016899425.1;GCF_053038975.1;GCF_053209605.1;GCF_905400185.1;MF6;MF7	GCF_016899425.1|KEDGBJ_01246;GCF_053038975.1|AHCKDM_01207;GCF_053209605.1|GFFINM_01206;GCF_905400185.1|DKPOPA_01185;MF6|CFFIHE_01239;MF7|EFEKAH_04663
GCF_016899425.1|KEDGBJ_01248	6	6	1	1	GCF_016899425.1;GCF_053038975.1;GCF_053209605.1;GCF_905400185.1;MF6;MF7	GCF_016899425.1|KEDGBJ_01248;GCF_053038975.1|AHCKDM_01209;GCF_053209605.1|GFFINM_01208;GCF_905400185.1|DKPOPA_01187;MF6|CFFIHE_01241;MF7|EFEKAH_04661
GCF_016899425.1|KEDGBJ_01249	6	6	1	1	GCF_016899425.1;GCF_053038975.1;GCF_053209605.1;GCF_905400185.1;MF6;MF7	GCF_016899425.1|KEDGBJ_01249;GCF_053038975.1|AHCKDM_01210;GCF_053209605.1|GFFINM_01209;GCF_905400185.1|DKPOPA_01188;MF6|CFFIHE_01242;MF7|EFEKAH_04660
GCF_016899425.1|KEDGBJ_01250	6	6	1	1	GCF_016899425.1;GCF_053038975.1;GCF_053209605.1;GCF_905400185.1;MF6;MF7	GCF_016899425.1|KEDGBJ_01250;GCF_053038975.1|AHCKDM_01211;GCF_053209605.1|GFFINM_01210;GCF_905400185.1|DKPOPA_01189;MF6|CFFIHE_01243;MF7|EFEKAH_04659
GCF_016899425.1|KEDGBJ_01251	6	6	1	1	GCF_016899425.1;GCF_053038975.1;GCF_053209605.1;GCF_905400185.1;MF6;MF7	GCF_016899425.1|KEDGBJ_01251;GCF_053038975.1|AHCKDM_01212;GCF_053209605.1|GFFINM_01211;GCF_905400185.1|DKPOPA_01190;MF6|CFFIHE_01244;MF7|EFEKAH_04658
GCF_016899425.1|KEDGBJ_01252	6	6	1	1	GCF_016899425.1;GCF_053038975.1;GCF_053209605.1;GCF_905400185.1;MF6;MF7	GCF_016899425.1|KEDGBJ_01252;GCF_053038975.1|AHCKDM_01213;GCF_053209605.1|GFFINM_01212;GCF_905400185.1|DKPOPA_01191;MF6|CFFIHE_01245;MF7|EFEKAH_04657
GCF_016899425.1|KEDGBJ_01253	6	6	1	1	GCF_016899425.1;GCF_053038975.1;GCF_053209605.1;GCF_905400185.1;MF6;MF7	GCF_016899425.1|KEDGBJ_01253;GCF_053038975.1|AHCKDM_01214;GCF_053209605.1|GFFINM_01213;GCF_905400185.1|DKPOPA_01192;MF6|CFFIHE_01246;MF7|EFEKAH_04656
GCF_016899425.1|KEDGBJ_01254	6	6	1	1	GCF_016899425.1;GCF_053038975.1;GCF_053209605.1;GCF_905400185.1;MF6;MF7	GCF_016899425.1|KEDGBJ_01254;GCF_053038975.1|AHCKDM_01215;GCF_053209605.1|GFFINM_01214;GCF_905400185.1|DKPOPA_01193;MF6|CFFIHE_01247;MF7|EFEKAH_04655
GCF_016899425.1|KEDGBJ_01255	6	6	1	1	GCF_016899425.1;GCF_053038975.1;GCF_053209605.1;GCF_905400185.1;MF6;MF7	GCF_016899425.1|KEDGBJ_01255;GCF_053038975.1|AHCKDM_01216;GCF_053209605.1|GFFINM_01215;GCF_905400185.1|DKPOPA_01194;MF6|CFFIHE_01248;MF7|EFEKAH_04654
GCF_016899425.1|KEDGBJ_01256	6	6	1	1	GCF_016899425.1;GCF_053038975.1;GCF_053209605.1;GCF_905400185.1;MF6;MF7	GCF_016899425.1|KEDGBJ_01256;GCF_053038975.1|AHCKDM_01217;GCF_053209605.1|GFFINM_01216;GCF_905400185.1|DKPOPA_01195;MF6|CFFIHE_01249;MF7|EFEKAH_04653
GCF_016899425.1|KEDGBJ_01257	6	6	1	1	GCF_016899425.1;GCF_053038975.1;GCF_053209605.1;GCF_905400185.1;MF6;MF7	GCF_016899425.1|KEDGBJ_01257;GCF_053038975.1|AHCKDM_01218;GCF_053209605.1|GFFINM_01217;GCF_905400185.1|DKPOPA_01196;MF6|CFFIHE_01250;MF7|EFEKAH_04652
GCF_016899425.1|KEDGBJ_01258	6	6	1	1	GCF_016899425.1;GCF_053038975.1;GCF_053209605.1;GCF_905400185.1;MF6;MF7	GCF_016899425.1|KEDGBJ_01258;GCF_053038975.1|AHCKDM_01219;GCF_053209605.1|GFFINM_01218;GCF_905400185.1|DKPOPA_01197;MF6|CFFIHE_01251;MF7|EFEKAH_04651
GCF_016899425.1|KEDGBJ_01259	6	6	1	1	GCF_016899425.1;GCF_053038975.1;GCF_053209605.1;GCF_905400185.1;MF6;MF7	GCF_016899425.1|KEDGBJ_01259;GCF_053038975.1|AHCKDM_01220;GCF_053209605.1|GFFINM_01219;GCF_905400185.1|DKPOPA_01198;MF6|CFFIHE_01252;MF7|EFEKAH_04650
GCF_016899425.1|KEDGBJ_01260	6	6	1	1	GCF_016899425.1;GCF_053038975.1;GCF_053209605.1;GCF_905400185.1;MF6;MF7	GCF_016899425.1|KEDGBJ_01260;GCF_053038975.1|AHCKDM_01221;GCF_053209605.1|GFFINM_01220;GCF_905400185.1|DKPOPA_01199;MF6|CFFIHE_01253;MF7|EFEKAH_04649
GCF_016899425.1|KEDGBJ_01261	6	6	1	1	GCF_016899425.1;GCF_053038975.1;GCF_053209605.1;GCF_905400185.1;MF6;MF7	GCF_016899425.1|KEDGBJ_01261;GCF_053038975.1|AHCKDM_01222;GCF_053209605.1|GFFINM_01221;GCF_905400185.1|DKPOPA_01200;MF6|CFFIHE_01254;MF7|EFEKAH_04648
GCF_016899425.1|KEDGBJ_01262	6	6	1	1	GCF_016899425.1;GCF_053038975.1;GCF_053209605.1;GCF_905400185.1;MF6;MF7	GCF_016899425.1|KEDGBJ_01262;GCF_053038975.1|AHCKDM_01223;GCF_053209605.1|GFFINM_01222;GCF_905400185.1|DKPOPA_01201;MF6|CFFIHE_01255;MF7|EFEKAH_04647
GCF_016899425.1|KEDGBJ_01263	6	6	1	1	GCF_016899425.1;GCF_053038975.1;GCF_053209605.1;GCF_905400185.1;MF6;MF7	GCF_016899425.1|KEDGBJ_01263;GCF_053038975.1|AHCKDM_01224;GCF_053209605.1|GFFINM_01223;GCF_905400185.1|DKPOPA_01202;MF6|CFFIHE_01256;MF7|EFEKAH_04646
GCF_016899425.1|KEDGBJ_01264	6	6	1	1	GCF_016899425.1;GCF_053038975.1;GCF_053209605.1;GCF_905400185.1;MF6;MF7	GCF_016899425.1|KEDGBJ_01264;GCF_053038975.1|AHCKDM_01225;GCF_053209605.1|GFFINM_01224;GCF_905400185.1|DKPOPA_01203;MF6|CFFIHE_01257;MF7|EFEKAH_04645
GCF_016899425.1|KEDGBJ_01265	6	6	1	1	GCF_016899425.1;GCF_053038975.1;GCF_053209605.1;GCF_905400185.1;MF6;MF7	GCF_016899425.1|KEDGBJ_01265;GCF_053038975.1|AHCKDM_01226;GCF_053209605.1|GFFINM_01225;GCF_905400185.1|DKPOPA_01204;MF6|CFFIHE_01258;MF7|EFEKAH_04644
GCF_016899425.1|KEDGBJ_01266	6	6	1	1	GCF_016899425.1;GCF_053038975.1;GCF_053209605.1;GCF_905400185.1;MF6;MF7	GCF_016899425.1|KEDGBJ_01266;GCF_053038975.1|AHCKDM_01227;GCF_053209605.1|GFFINM_01226;GCF_905400185.1|DKPOPA_01205;MF6|CFFIHE_01259;MF7|EFEKAH_04643
GCF_016899425.1|KEDGBJ_01267	6	6	1	1	GCF_016899425.1;GCF_053038975.1;GCF_053209605.1;GCF_905400185.1;MF6;MF7	GCF_016899425.1|KEDGBJ_01267;GCF_053038975.1|AHCKDM_01228;GCF_053209605.1|GFFINM_01227;GCF_905400185.1|DKPOPA_01206;MF6|CFFIHE_01260;MF7|EFEKAH_04642
GCF_016899425.1|KEDGBJ_01268	6	6	1	1	GCF_016899425.1;GCF_053038975.1;GCF_053209605.1;GCF_905400185.1;MF6;MF7	GCF_016899425.1|KEDGBJ_01268;GCF_053038975.1|AHCKDM_01229;GCF_053209605.1|GFFINM_01228;GCF_905400185.1|DKPOPA_01207;MF6|CFFIHE_01261;MF7|EFEKAH_04641
GCF_016899425.1|KEDGBJ_01269	6	6	1	1	GCF_016899425.1;GCF_053038975.1;GCF_053209605.1;GCF_905400185.1;MF6;MF7	GCF_016899425.1|KEDGBJ_01269;GCF_053038975.1|AHCKDM_01230;GCF_053209605.1|GFFINM_01229;GCF_905400185.1|DKPOPA_01208;MF6|CFFIHE_01262;MF7|EFEKAH_04640
GCF_016899425.1|KEDGBJ_01271	6	6	1	1	GCF_016899425.1;GCF_053038975.1;GCF_053209605.1;GCF_905400185.1;MF6;MF7	GCF_016899425.1|KEDGBJ_01271;GCF_053038975.1|AHCKDM_01232;GCF_053209605.1|GFFINM_01231;GCF_905400185.1|DKPOPA_01210;MF6|CFFIHE_01264;MF7|EFEKAH_04638
GCF_016899425.1|KEDGBJ_01272	6	6	1	1	GCF_016899425.1;GCF_053038975.1;GCF_053209605.1;GCF_905400185.1;MF6;MF7	GCF_016899425.1|KEDGBJ_01272;GCF_053038975.1|AHCKDM_01233;GCF_053209605.1|GFFINM_01232;GCF_905400185.1|DKPOPA_01211;MF6|CFFIHE_01265;MF7|EFEKAH_04637
GCF_016899425.1|KEDGBJ_01273	6	6	1	1	GCF_016899425.1;GCF_053038975.1;GCF_053209605.1;GCF_905400185.1;MF6;MF7	GCF_016899425.1|KEDGBJ_01273;GCF_053038975.1|AHCKDM_01234;GCF_053209605.1|GFFINM_01233;GCF_905400185.1|DKPOPA_01212;MF6|CFFIHE_01266;MF7|EFEKAH_04636
GCF_016899425.1|KEDGBJ_01274	6	6	1	1	GCF_016899425.1;GCF_053038975.1;GCF_053209605.1;GCF_905400185.1;MF6;MF7	GCF_016899425.1|KEDGBJ_01274;GCF_053038975.1|AHCKDM_01235;GCF_053209605.1|GFFINM_01234;GCF_905400185.1|DKPOPA_01213;MF6|CFFIHE_01267;MF7|EFEKAH_04635
GCF_016899425.1|KEDGBJ_01277	6	6	1	1	GCF_016899425.1;GCF_053038975.1;GCF_053209605.1;GCF_905400185.1;MF6;MF7	GCF_016899425.1|KEDGBJ_01277;GCF_053038975.1|AHCKDM_01238;GCF_053209605.1|GFFINM_01237;GCF_905400185.1|DKPOPA_01216;MF6|CFFIHE_01270;MF7|EFEKAH_04632
GCF_016899425.1|KEDGBJ_01278	6	6	1	1	GCF_016899425.1;GCF_053038975.1;GCF_053209605.1;GCF_905400185.1;MF6;MF7	GCF_016899425.1|KEDGBJ_01278;GCF_053038975.1|AHCKDM_01239;GCF_053209605.1|GFFINM_01238;GCF_905400185.1|DKPOPA_01217;MF6|CFFIHE_01271;MF7|EFEKAH_04631
GCF_016899425.1|KEDGBJ_01279	6	6	1	1	GCF_016899425.1;GCF_053038975.1;GCF_053209605.1;GCF_905400185.1;MF6;MF7	GCF_016899425.1|KEDGBJ_01279;GCF_053038975.1|AHCKDM_01240;GCF_053209605.1|GFFINM_01239;GCF_905400185.1|DKPOPA_01218;MF6|CFFIHE_01272;MF7|EFEKAH_04630
GCF_016899425.1|KEDGBJ_01280	6	6	1	1	GCF_016899425.1;GCF_053038975.1;GCF_053209605.1;GCF_905400185.1;MF6;MF7	GCF_016899425.1|KEDGBJ_01280;GCF_053038975.1|AHCKDM_01241;GCF_053209605.1|GFFINM_01240;GCF_905400185.1|DKPOPA_01219;MF6|CFFIHE_01273;MF7|EFEKAH_04629
GCF_016899425.1|KEDGBJ_01281	6	6	1	1	GCF_016899425.1;GCF_053038975.1;GCF_053209605.1;GCF_905400185.1;MF6;MF7	GCF_016899425.1|KEDGBJ_01281;GCF_053038975.1|AHCKDM_01242;GCF_053209605.1|GFFINM_01241;GCF_905400185.1|DKPOPA_01220;MF6|CFFIHE_01274;MF7|EFEKAH_04628
GCF_016899425.1|KEDGBJ_01282	6	6	1	1	GCF_016899425.1;GCF_053038975.1;GCF_053209605.1;GCF_905400185.1;MF6;MF7	GCF_016899425.1|KEDGBJ_01282;GCF_053038975.1|AHCKDM_01243;GCF_053209605.1|GFFINM_01242;GCF_905400185.1|DKPOPA_01221;MF6|CFFIHE_01275;MF7|EFEKAH_04627
GCF_016899425.1|KEDGBJ_01283	6	6	1	1	GCF_016899425.1;GCF_053038975.1;GCF_053209605.1;GCF_905400185.1;MF6;MF7	GCF_016899425.1|KEDGBJ_01283;GCF_053038975.1|AHCKDM_01244;GCF_053209605.1|GFFINM_01243;GCF_905400185.1|DKPOPA_01222;MF6|CFFIHE_01276;MF7|EFEKAH_04626
GCF_016899425.1|KEDGBJ_01284	6	6	1	1	GCF_016899425.1;GCF_053038975.1;GCF_053209605.1;GCF_905400185.1;MF6;MF7	GCF_016899425.1|KEDGBJ_01284;GCF_053038975.1|AHCKDM_01245;GCF_053209605.1|GFFINM_01244;GCF_905400185.1|DKPOPA_01223;MF6|CFFIHE_01277;MF7|EFEKAH_04625
GCF_016899425.1|KEDGBJ_01285	6	6	1	1	GCF_016899425.1;GCF_053038975.1;GCF_053209605.1;GCF_905400185.1;MF6;MF7	GCF_016899425.1|KEDGBJ_01285;GCF_053038975.1|AHCKDM_01246;GCF_053209605.1|GFFINM_01245;GCF_905400185.1|DKPOPA_01224;MF6|CFFIHE_01278;MF7|EFEKAH_04624
GCF_016899425.1|KEDGBJ_01286	6	6	1	1	GCF_016899425.1;GCF_053038975.1;GCF_053209605.1;GCF_905400185.1;MF6;MF7	GCF_016899425.1|KEDGBJ_01286;GCF_053038975.1|AHCKDM_01247;GCF_053209605.1|GFFINM_01246;GCF_905400185.1|DKPOPA_01225;MF6|CFFIHE_01279;MF7|EFEKAH_04623
GCF_016899425.1|KEDGBJ_01287	6	6	1	1	GCF_016899425.1;GCF_053038975.1;GCF_053209605.1;GCF_905400185.1;MF6;MF7	GCF_016899425.1|KEDGBJ_01287;GCF_053038975.1|AHCKDM_01248;GCF_053209605.1|GFFINM_01247;GCF_905400185.1|DKPOPA_01226;MF6|CFFIHE_01280;MF7|EFEKAH_04622
GCF_016899425.1|KEDGBJ_01288	6	6	1	1	GCF_016899425.1;GCF_053038975.1;GCF_053209605.1;GCF_905400185.1;MF6;MF7	GCF_016899425.1|KEDGBJ_01288;GCF_053038975.1|AHCKDM_01249;GCF_053209605.1|GFFINM_01248;GCF_905400185.1|DKPOPA_01227;MF6|CFFIHE_01281;MF7|EFEKAH_04621
GCF_016899425.1|KEDGBJ_01289	6	6	1	1	GCF_016899425.1;GCF_053038975.1;GCF_053209605.1;GCF_905400185.1;MF6;MF7	GCF_016899425.1|KEDGBJ_01289;GCF_053038975.1|AHCKDM_01250;GCF_053209605.1|GFFINM_01249;GCF_905400185.1|DKPOPA_01228;MF6|CFFIHE_01282;MF7|EFEKAH_04620
GCF_016899425.1|KEDGBJ_01290	6	6	1	1	GCF_016899425.1;GCF_053038975.1;GCF_053209605.1;GCF_905400185.1;MF6;MF7	GCF_016899425.1|KEDGBJ_01290;GCF_053038975.1|AHCKDM_01251;GCF_053209605.1|GFFINM_01250;GCF_905400185.1|DKPOPA_01229;MF6|CFFIHE_01283;MF7|EFEKAH_04619
GCF_016899425.1|KEDGBJ_01291	6	6	1	1	GCF_016899425.1;GCF_053038975.1;GCF_053209605.1;GCF_905400185.1;MF6;MF7	GCF_016899425.1|KEDGBJ_01291;GCF_053038975.1|AHCKDM_01252;GCF_053209605.1|GFFINM_01251;GCF_905400185.1|DKPOPA_01230;MF6|CFFIHE_01284;MF7|EFEKAH_04618
GCF_016899425.1|KEDGBJ_01292	6	6	1	1	GCF_016899425.1;GCF_053038975.1;GCF_053209605.1;GCF_905400185.1;MF6;MF7	GCF_016899425.1|KEDGBJ_01292;GCF_053038975.1|AHCKDM_01253;GCF_053209605.1|GFFINM_01252;GCF_905400185.1|DKPOPA_01231;MF6|CFFIHE_01285;MF7|EFEKAH_04617
GCF_016899425.1|KEDGBJ_01293	6	6	1	1	GCF_016899425.1;GCF_053038975.1;GCF_053209605.1;GCF_905400185.1;MF6;MF7	GCF_016899425.1|KEDGBJ_01293;GCF_053038975.1|AHCKDM_01254;GCF_053209605.1|GFFINM_01253;GCF_905400185.1|DKPOPA_01232;MF6|CFFIHE_01286;MF7|EFEKAH_04616
GCF_016899425.1|KEDGBJ_01294	6	6	1	1	GCF_016899425.1;GCF_053038975.1;GCF_053209605.1;GCF_905400185.1;MF6;MF7	GCF_016899425.1|KEDGBJ_01294;GCF_053038975.1|AHCKDM_01255;GCF_053209605.1|GFFINM_01254;GCF_905400185.1|DKPOPA_01233;MF6|CFFIHE_01287;MF7|EFEKAH_04615
GCF_016899425.1|KEDGBJ_01295	6	6	1	1	GCF_016899425.1;GCF_053038975.1;GCF_053209605.1;GCF_905400185.1;MF6;MF7	GCF_016899425.1|KEDGBJ_01295;GCF_053038975.1|AHCKDM_01256;GCF_053209605.1|GFFINM_01255;GCF_905400185.1|DKPOPA_01234;MF6|CFFIHE_01288;MF7|EFEKAH_04614
GCF_016899425.1|KEDGBJ_01296	6	6	1	1	GCF_016899425.1;GCF_053038975.1;GCF_053209605.1;GCF_905400185.1;MF6;MF7	GCF_016899425.1|KEDGBJ_01296;GCF_053038975.1|AHCKDM_01257;GCF_053209605.1|GFFINM_01256;GCF_905400185.1|DKPOPA_01235;MF6|CFFIHE_01289;MF7|EFEKAH_04613
GCF_016899425.1|KEDGBJ_01297	6	6	1	1	GCF_016899425.1;GCF_053038975.1;GCF_053209605.1;GCF_905400185.1;MF6;MF7	GCF_016899425.1|KEDGBJ_01297;GCF_053038975.1|AHCKDM_01258;GCF_053209605.1|GFFINM_01257;GCF_905400185.1|DKPOPA_01236;MF6|CFFIHE_01290;MF7|EFEKAH_04612
GCF_016899425.1|KEDGBJ_01298	4	4	0	0	GCF_016899425.1;GCF_905400185.1;MF6;MF7	GCF_016899425.1|KEDGBJ_01298;GCF_905400185.1|DKPOPA_01237;MF6|CFFIHE_01291;MF7|EFEKAH_04611
GCF_016899425.1|KEDGBJ_01299	4	4	0	0	GCF_016899425.1;GCF_905400185.1;MF6;MF7	GCF_016899425.1|KEDGBJ_01299;GCF_905400185.1|DKPOPA_01238;MF6|CFFIHE_01292;MF7|EFEKAH_04610
GCF_016899425.1|KEDGBJ_01300	4	4	0	0	GCF_016899425.1;GCF_905400185.1;MF6;MF7	GCF_016899425.1|KEDGBJ_01300;GCF_905400185.1|DKPOPA_01239;MF6|CFFIHE_01293;MF7|EFEKAH_04609
GCF_016899425.1|KEDGBJ_01301	4	4	0	0	GCF_016899425.1;GCF_905400185.1;MF6;MF7	GCF_016899425.1|KEDGBJ_01301;GCF_905400185.1|DKPOPA_01240;MF6|CFFIHE_01294;MF7|EFEKAH_04608
GCF_016899425.1|KEDGBJ_01302	4	4	0	0	GCF_016899425.1;GCF_905400185.1;MF6;MF7	GCF_016899425.1|KEDGBJ_01302;GCF_905400185.1|DKPOPA_01241;MF6|CFFIHE_01295;MF7|EFEKAH_04607
GCF_016899425.1|KEDGBJ_01303	4	6	0	0	GCF_016899425.1;GCF_905400185.1;MF6;MF7	GCF_016899425.1|KEDGBJ_01303;GCF_905400185.1|DKPOPA_01242;MF6|CFFIHE_01296;MF6|CFFIHE_01307;MF7|EFEKAH_04595;MF7|EFEKAH_04606
GCF_016899425.1|KEDGBJ_01304	4	4	0	0	GCF_016899425.1;GCF_905400185.1;MF6;MF7	GCF_016899425.1|KEDGBJ_01304;GCF_905400185.1|DKPOPA_01243;MF6|CFFIHE_01297;MF7|EFEKAH_04605
GCF_016899425.1|KEDGBJ_01305	4	4	0	0	GCF_016899425.1;GCF_905400185.1;MF6;MF7	GCF_016899425.1|KEDGBJ_01305;GCF_905400185.1|DKPOPA_01244;MF6|CFFIHE_01298;MF7|EFEKAH_04604
GCF_016899425.1|KEDGBJ_01307	6	6	1	1	GCF_016899425.1;GCF_053038975.1;GCF_053209605.1;GCF_905400185.1;MF6;MF7	GCF_016899425.1|KEDGBJ_01307;GCF_053038975.1|AHCKDM_01262;GCF_053209605.1|GFFINM_01261;GCF_905400185.1|DKPOPA_01246;MF6|CFFIHE_01322;MF7|EFEKAH_04580
GCF_016899425.1|KEDGBJ_01308	6	6	1	1	GCF_016899425.1;GCF_053038975.1;GCF_053209605.1;GCF_905400185.1;MF6;MF7	GCF_016899425.1|KEDGBJ_01308;GCF_053038975.1|AHCKDM_01263;GCF_053209605.1|GFFINM_01262;GCF_905400185.1|DKPOPA_01247;MF6|CFFIHE_01323;MF7|EFEKAH_04579
GCF_016899425.1|KEDGBJ_01309	6	6	1	1	GCF_016899425.1;GCF_053038975.1;GCF_053209605.1;GCF_905400185.1;MF6;MF7	GCF_016899425.1|KEDGBJ_01309;GCF_053038975.1|AHCKDM_01264;GCF_053209605.1|GFFINM_01263;GCF_905400185.1|DKPOPA_01248;MF6|CFFIHE_01324;MF7|EFEKAH_04578
GCF_016899425.1|KEDGBJ_01310	6	6	1	1	GCF_016899425.1;GCF_053038975.1;GCF_053209605.1;GCF_905400185.1;MF6;MF7	GCF_016899425.1|KEDGBJ_01310;GCF_053038975.1|AHCKDM_01265;GCF_053209605.1|GFFINM_01264;GCF_905400185.1|DKPOPA_01249;MF6|CFFIHE_01325;MF7|EFEKAH_04577
GCF_016899425.1|KEDGBJ_01311	6	6	1	1	GCF_016899425.1;GCF_053038975.1;GCF_053209605.1;GCF_905400185.1;MF6;MF7	GCF_016899425.1|KEDGBJ_01311;GCF_053038975.1|AHCKDM_01266;GCF_053209605.1|GFFINM_01265;GCF_905400185.1|DKPOPA_01250;MF6|CFFIHE_01326;MF7|EFEKAH_04576
GCF_016899425.1|KEDGBJ_01312	6	6	1	1	GCF_016899425.1;GCF_053038975.1;GCF_053209605.1;GCF_905400185.1;MF6;MF7	GCF_016899425.1|KEDGBJ_01312;GCF_053038975.1|AHCKDM_01267;GCF_053209605.1|GFFINM_01266;GCF_905400185.1|DKPOPA_01251;MF6|CFFIHE_01327;MF7|EFEKAH_04575
GCF_016899425.1|KEDGBJ_01314	6	6	1	1	GCF_016899425.1;GCF_053038975.1;GCF_053209605.1;GCF_905400185.1;MF6;MF7	GCF_016899425.1|KEDGBJ_01314;GCF_053038975.1|AHCKDM_01269;GCF_053209605.1|GFFINM_01268;GCF_905400185.1|DKPOPA_01253;MF6|CFFIHE_01329;MF7|EFEKAH_04573
GCF_016899425.1|KEDGBJ_01315	6	6	1	1	GCF_016899425.1;GCF_053038975.1;GCF_053209605.1;GCF_905400185.1;MF6;MF7	GCF_016899425.1|KEDGBJ_01315;GCF_053038975.1|AHCKDM_01270;GCF_053209605.1|GFFINM_01269;GCF_905400185.1|DKPOPA_01254;MF6|CFFIHE_01330;MF7|EFEKAH_04572
GCF_016899425.1|KEDGBJ_01316	6	6	1	1	GCF_016899425.1;GCF_053038975.1;GCF_053209605.1;GCF_905400185.1;MF6;MF7	GCF_016899425.1|KEDGBJ_01316;GCF_053038975.1|AHCKDM_01271;GCF_053209605.1|GFFINM_01270;GCF_905400185.1|DKPOPA_01255;MF6|CFFIHE_01331;MF7|EFEKAH_04571
GCF_016899425.1|KEDGBJ_01317	6	6	1	1	GCF_016899425.1;GCF_053038975.1;GCF_053209605.1;GCF_905400185.1;MF6;MF7	GCF_016899425.1|KEDGBJ_01317;GCF_053038975.1|AHCKDM_01272;GCF_053209605.1|GFFINM_01271;GCF_905400185.1|DKPOPA_01256;MF6|CFFIHE_01332;MF7|EFEKAH_04570
GCF_016899425.1|KEDGBJ_01319	6	6	1	1	GCF_016899425.1;GCF_053038975.1;GCF_053209605.1;GCF_905400185.1;MF6;MF7	GCF_016899425.1|KEDGBJ_01319;GCF_053038975.1|AHCKDM_01288;GCF_053209605.1|GFFINM_01287;GCF_905400185.1|DKPOPA_01306;MF6|CFFIHE_01334;MF7|EFEKAH_04568
GCF_016899425.1|KEDGBJ_01320	6	6	1	1	GCF_016899425.1;GCF_053038975.1;GCF_053209605.1;GCF_905400185.1;MF6;MF7	GCF_016899425.1|KEDGBJ_01320;GCF_053038975.1|AHCKDM_01289;GCF_053209605.1|GFFINM_01288;GCF_905400185.1|DKPOPA_01307;MF6|CFFIHE_01335;MF7|EFEKAH_04567
GCF_016899425.1|KEDGBJ_01321	6	6	1	1	GCF_016899425.1;GCF_053038975.1;GCF_053209605.1;GCF_905400185.1;MF6;MF7	GCF_016899425.1|KEDGBJ_01321;GCF_053038975.1|AHCKDM_01290;GCF_053209605.1|GFFINM_01289;GCF_905400185.1|DKPOPA_01308;MF6|CFFIHE_01336;MF7|EFEKAH_04566
GCF_016899425.1|KEDGBJ_01322	4	4	0	0	GCF_016899425.1;GCF_905400185.1;MF6;MF7	GCF_016899425.1|KEDGBJ_01322;GCF_905400185.1|DKPOPA_01309;MF6|CFFIHE_01337;MF7|EFEKAH_04565
GCF_016899425.1|KEDGBJ_01323	6	6	1	1	GCF_016899425.1;GCF_053038975.1;GCF_053209605.1;GCF_905400185.1;MF6;MF7	GCF_016899425.1|KEDGBJ_01323;GCF_053038975.1|AHCKDM_01291;GCF_053209605.1|GFFINM_01290;GCF_905400185.1|DKPOPA_01310;MF6|CFFIHE_01338;MF7|EFEKAH_04564
GCF_016899425.1|KEDGBJ_01324	6	6	1	1	GCF_016899425.1;GCF_053038975.1;GCF_053209605.1;GCF_905400185.1;MF6;MF7	GCF_016899425.1|KEDGBJ_01324;GCF_053038975.1|AHCKDM_01292;GCF_053209605.1|GFFINM_01291;GCF_905400185.1|DKPOPA_01311;MF6|CFFIHE_01339;MF7|EFEKAH_04563
GCF_016899425.1|KEDGBJ_01325	6	6	1	1	GCF_016899425.1;GCF_053038975.1;GCF_053209605.1;GCF_905400185.1;MF6;MF7	GCF_016899425.1|KEDGBJ_01325;GCF_053038975.1|AHCKDM_01293;GCF_053209605.1|GFFINM_01292;GCF_905400185.1|DKPOPA_01312;MF6|CFFIHE_01340;MF7|EFEKAH_04562
GCF_016899425.1|KEDGBJ_01326	6	6	1	1	GCF_016899425.1;GCF_053038975.1;GCF_053209605.1;GCF_905400185.1;MF6;MF7	GCF_016899425.1|KEDGBJ_01326;GCF_053038975.1|AHCKDM_01294;GCF_053209605.1|GFFINM_01293;GCF_905400185.1|DKPOPA_01313;MF6|CFFIHE_01341;MF7|EFEKAH_04561
GCF_016899425.1|KEDGBJ_01327	6	6	1	1	GCF_016899425.1;GCF_053038975.1;GCF_053209605.1;GCF_905400185.1;MF6;MF7	GCF_016899425.1|KEDGBJ_01327;GCF_053038975.1|AHCKDM_01295;GCF_053209605.1|GFFINM_01294;GCF_905400185.1|DKPOPA_01314;MF6|CFFIHE_01342;MF7|EFEKAH_04560
GCF_016899425.1|KEDGBJ_01328	6	6	1	1	GCF_016899425.1;GCF_053038975.1;GCF_053209605.1;GCF_905400185.1;MF6;MF7	GCF_016899425.1|KEDGBJ_01328;GCF_053038975.1|AHCKDM_01296;GCF_053209605.1|GFFINM_01295;GCF_905400185.1|DKPOPA_01315;MF6|CFFIHE_01343;MF7|EFEKAH_04559
GCF_016899425.1|KEDGBJ_01330	6	6	1	1	GCF_016899425.1;GCF_053038975.1;GCF_053209605.1;GCF_905400185.1;MF6;MF7	GCF_016899425.1|KEDGBJ_01330;GCF_053038975.1|AHCKDM_01298;GCF_053209605.1|GFFINM_01297;GCF_905400185.1|DKPOPA_01317;MF6|CFFIHE_01345;MF7|EFEKAH_04557
GCF_016899425.1|KEDGBJ_01331	6	6	1	1	GCF_016899425.1;GCF_053038975.1;GCF_053209605.1;GCF_905400185.1;MF6;MF7	GCF_016899425.1|KEDGBJ_01331;GCF_053038975.1|AHCKDM_01299;GCF_053209605.1|GFFINM_01298;GCF_905400185.1|DKPOPA_01318;MF6|CFFIHE_01346;MF7|EFEKAH_04556
GCF_016899425.1|KEDGBJ_01333	6	6	1	1	GCF_016899425.1;GCF_053038975.1;GCF_053209605.1;GCF_905400185.1;MF6;MF7	GCF_016899425.1|KEDGBJ_01333;GCF_053038975.1|AHCKDM_01301;GCF_053209605.1|GFFINM_01300;GCF_905400185.1|DKPOPA_01320;MF6|CFFIHE_01348;MF7|EFEKAH_04554
GCF_016899425.1|KEDGBJ_01334	6	6	1	1	GCF_016899425.1;GCF_053038975.1;GCF_053209605.1;GCF_905400185.1;MF6;MF7	GCF_016899425.1|KEDGBJ_01334;GCF_053038975.1|AHCKDM_01302;GCF_053209605.1|GFFINM_01301;GCF_905400185.1|DKPOPA_01321;MF6|CFFIHE_01349;MF7|EFEKAH_04553
GCF_016899425.1|KEDGBJ_01335	6	6	1	1	GCF_016899425.1;GCF_053038975.1;GCF_053209605.1;GCF_905400185.1;MF6;MF7	GCF_016899425.1|KEDGBJ_01335;GCF_053038975.1|AHCKDM_01303;GCF_053209605.1|GFFINM_01302;GCF_905400185.1|DKPOPA_01322;MF6|CFFIHE_01350;MF7|EFEKAH_04552
GCF_016899425.1|KEDGBJ_01337	4	4	0	0	GCF_016899425.1;GCF_905400185.1;MF6;MF7	GCF_016899425.1|KEDGBJ_01337;GCF_905400185.1|DKPOPA_01324;MF6|CFFIHE_01352;MF7|EFEKAH_04550
GCF_016899425.1|KEDGBJ_01338	6	6	1	1	GCF_016899425.1;GCF_053038975.1;GCF_053209605.1;GCF_905400185.1;MF6;MF7	GCF_016899425.1|KEDGBJ_01338;GCF_053038975.1|AHCKDM_01305;GCF_053209605.1|GFFINM_01304;GCF_905400185.1|DKPOPA_01325;MF6|CFFIHE_01353;MF7|EFEKAH_04549
GCF_016899425.1|KEDGBJ_01339	6	6	1	1	GCF_016899425.1;GCF_053038975.1;GCF_053209605.1;GCF_905400185.1;MF6;MF7	GCF_016899425.1|KEDGBJ_01339;GCF_053038975.1|AHCKDM_01306;GCF_053209605.1|GFFINM_01305;GCF_905400185.1|DKPOPA_01326;MF6|CFFIHE_01354;MF7|EFEKAH_04548
GCF_016899425.1|KEDGBJ_01340	6	6	1	1	GCF_016899425.1;GCF_053038975.1;GCF_053209605.1;GCF_905400185.1;MF6;MF7	GCF_016899425.1|KEDGBJ_01340;GCF_053038975.1|AHCKDM_01307;GCF_053209605.1|GFFINM_01306;GCF_905400185.1|DKPOPA_01327;MF6|CFFIHE_01355;MF7|EFEKAH_04547
GCF_016899425.1|KEDGBJ_01341	6	6	1	1	GCF_016899425.1;GCF_053038975.1;GCF_053209605.1;GCF_905400185.1;MF6;MF7	GCF_016899425.1|KEDGBJ_01341;GCF_053038975.1|AHCKDM_01308;GCF_053209605.1|GFFINM_01307;GCF_905400185.1|DKPOPA_01328;MF6|CFFIHE_01356;MF7|EFEKAH_04546
GCF_016899425.1|KEDGBJ_01342	6	6	1	1	GCF_016899425.1;GCF_053038975.1;GCF_053209605.1;GCF_905400185.1;MF6;MF7	GCF_016899425.1|KEDGBJ_01342;GCF_053038975.1|AHCKDM_01309;GCF_053209605.1|GFFINM_01308;GCF_905400185.1|DKPOPA_01329;MF6|CFFIHE_01357;MF7|EFEKAH_04545
GCF_016899425.1|KEDGBJ_01343	6	6	1	1	GCF_016899425.1;GCF_053038975.1;GCF_053209605.1;GCF_905400185.1;MF6;MF7	GCF_016899425.1|KEDGBJ_01343;GCF_053038975.1|AHCKDM_01310;GCF_053209605.1|GFFINM_01309;GCF_905400185.1|DKPOPA_01330;MF6|CFFIHE_01358;MF7|EFEKAH_04544
GCF_016899425.1|KEDGBJ_01345	6	6	1	1	GCF_016899425.1;GCF_053038975.1;GCF_053209605.1;GCF_905400185.1;MF6;MF7	GCF_016899425.1|KEDGBJ_01345;GCF_053038975.1|AHCKDM_01312;GCF_053209605.1|GFFINM_01311;GCF_905400185.1|DKPOPA_01332;MF6|CFFIHE_01360;MF7|EFEKAH_04542
GCF_016899425.1|KEDGBJ_01346	6	6	1	1	GCF_016899425.1;GCF_053038975.1;GCF_053209605.1;GCF_905400185.1;MF6;MF7	GCF_016899425.1|KEDGBJ_01346;GCF_053038975.1|AHCKDM_01313;GCF_053209605.1|GFFINM_01312;GCF_905400185.1|DKPOPA_01333;MF6|CFFIHE_01361;MF7|EFEKAH_04541
GCF_016899425.1|KEDGBJ_01347	6	6	1	1	GCF_016899425.1;GCF_053038975.1;GCF_053209605.1;GCF_905400185.1;MF6;MF7	GCF_016899425.1|KEDGBJ_01347;GCF_053038975.1|AHCKDM_01314;GCF_053209605.1|GFFINM_01313;GCF_905400185.1|DKPOPA_01334;MF6|CFFIHE_01362;MF7|EFEKAH_04540
GCF_016899425.1|KEDGBJ_01348	6	6	1	1	GCF_016899425.1;GCF_053038975.1;GCF_053209605.1;GCF_905400185.1;MF6;MF7	GCF_016899425.1|KEDGBJ_01348;GCF_053038975.1|AHCKDM_01316;GCF_053209605.1|GFFINM_01315;GCF_905400185.1|DKPOPA_01335;MF6|CFFIHE_01363;MF7|EFEKAH_04539
GCF_016899425.1|KEDGBJ_01350	6	6	1	1	GCF_016899425.1;GCF_053038975.1;GCF_053209605.1;GCF_905400185.1;MF6;MF7	GCF_016899425.1|KEDGBJ_01350;GCF_053038975.1|AHCKDM_01318;GCF_053209605.1|GFFINM_01317;GCF_905400185.1|DKPOPA_01337;MF6|CFFIHE_01365;MF7|EFEKAH_04537
GCF_016899425.1|KEDGBJ_01351	6	6	1	1	GCF_016899425.1;GCF_053038975.1;GCF_053209605.1;GCF_905400185.1;MF6;MF7	GCF_016899425.1|KEDGBJ_01351;GCF_053038975.1|AHCKDM_01319;GCF_053209605.1|GFFINM_01318;GCF_905400185.1|DKPOPA_01338;MF6|CFFIHE_01366;MF7|EFEKAH_04536
GCF_016899425.1|KEDGBJ_01352	6	6	1	1	GCF_016899425.1;GCF_053038975.1;GCF_053209605.1;GCF_905400185.1;MF6;MF7	GCF_016899425.1|KEDGBJ_01352;GCF_053038975.1|AHCKDM_01320;GCF_053209605.1|GFFINM_01319;GCF_905400185.1|DKPOPA_01339;MF6|CFFIHE_01367;MF7|EFEKAH_04535
GCF_016899425.1|KEDGBJ_01354	6	6	1	1	GCF_016899425.1;GCF_053038975.1;GCF_053209605.1;GCF_905400185.1;MF6;MF7	GCF_016899425.1|KEDGBJ_01354;GCF_053038975.1|AHCKDM_01322;GCF_053209605.1|GFFINM_01321;GCF_905400185.1|DKPOPA_01341;MF6|CFFIHE_01369;MF7|EFEKAH_04533
GCF_016899425.1|KEDGBJ_01355	6	6	1	1	GCF_016899425.1;GCF_053038975.1;GCF_053209605.1;GCF_905400185.1;MF6;MF7	GCF_016899425.1|KEDGBJ_01355;GCF_053038975.1|AHCKDM_01323;GCF_053209605.1|GFFINM_01322;GCF_905400185.1|DKPOPA_01342;MF6|CFFIHE_01370;MF7|EFEKAH_04532
GCF_016899425.1|KEDGBJ_01356	6	6	1	1	GCF_016899425.1;GCF_053038975.1;GCF_053209605.1;GCF_905400185.1;MF6;MF7	GCF_016899425.1|KEDGBJ_01356;GCF_053038975.1|AHCKDM_01324;GCF_053209605.1|GFFINM_01323;GCF_905400185.1|DKPOPA_01343;MF6|CFFIHE_01371;MF7|EFEKAH_04531
GCF_016899425.1|KEDGBJ_01357	6	6	1	1	GCF_016899425.1;GCF_053038975.1;GCF_053209605.1;GCF_905400185.1;MF6;MF7	GCF_016899425.1|KEDGBJ_01357;GCF_053038975.1|AHCKDM_01325;GCF_053209605.1|GFFINM_01324;GCF_905400185.1|DKPOPA_01344;MF6|CFFIHE_01372;MF7|EFEKAH_04530
GCF_016899425.1|KEDGBJ_01358	6	6	1	1	GCF_016899425.1;GCF_053038975.1;GCF_053209605.1;GCF_905400185.1;MF6;MF7	GCF_016899425.1|KEDGBJ_01358;GCF_053038975.1|AHCKDM_01326;GCF_053209605.1|GFFINM_01325;GCF_905400185.1|DKPOPA_01345;MF6|CFFIHE_01373;MF7|EFEKAH_04529
GCF_016899425.1|KEDGBJ_01361	6	6	1	1	GCF_016899425.1;GCF_053038975.1;GCF_053209605.1;GCF_905400185.1;MF6;MF7	GCF_016899425.1|KEDGBJ_01361;GCF_053038975.1|AHCKDM_01329;GCF_053209605.1|GFFINM_01328;GCF_905400185.1|DKPOPA_01348;MF6|CFFIHE_01376;MF7|EFEKAH_04526
GCF_016899425.1|KEDGBJ_01363	6	6	1	1	GCF_016899425.1;GCF_053038975.1;GCF_053209605.1;GCF_905400185.1;MF6;MF7	GCF_016899425.1|KEDGBJ_01363;GCF_053038975.1|AHCKDM_01331;GCF_053209605.1|GFFINM_01330;GCF_905400185.1|DKPOPA_01350;MF6|CFFIHE_01378;MF7|EFEKAH_04524
GCF_016899425.1|KEDGBJ_01364	6	6	1	1	GCF_016899425.1;GCF_053038975.1;GCF_053209605.1;GCF_905400185.1;MF6;MF7	GCF_016899425.1|KEDGBJ_01364;GCF_053038975.1|AHCKDM_01332;GCF_053209605.1|GFFINM_01331;GCF_905400185.1|DKPOPA_01351;MF6|CFFIHE_01379;MF7|EFEKAH_04523
GCF_016899425.1|KEDGBJ_01365	6	6	1	1	GCF_016899425.1;GCF_053038975.1;GCF_053209605.1;GCF_905400185.1;MF6;MF7	GCF_016899425.1|KEDGBJ_01365;GCF_053038975.1|AHCKDM_01333;GCF_053209605.1|GFFINM_01332;GCF_905400185.1|DKPOPA_01352;MF6|CFFIHE_01380;MF7|EFEKAH_04522
GCF_016899425.1|KEDGBJ_01366	6	6	1	1	GCF_016899425.1;GCF_053038975.1;GCF_053209605.1;GCF_905400185.1;MF6;MF7	GCF_016899425.1|KEDGBJ_01366;GCF_053038975.1|AHCKDM_01334;GCF_053209605.1|GFFINM_01333;GCF_905400185.1|DKPOPA_01353;MF6|CFFIHE_01381;MF7|EFEKAH_04521
GCF_016899425.1|KEDGBJ_01367	6	6	1	1	GCF_016899425.1;GCF_053038975.1;GCF_053209605.1;GCF_905400185.1;MF6;MF7	GCF_016899425.1|KEDGBJ_01367;GCF_053038975.1|AHCKDM_01335;GCF_053209605.1|GFFINM_01334;GCF_905400185.1|DKPOPA_01354;MF6|CFFIHE_01382;MF7|EFEKAH_04520
GCF_016899425.1|KEDGBJ_01368	6	6	1	1	GCF_016899425.1;GCF_053038975.1;GCF_053209605.1;GCF_905400185.1;MF6;MF7	GCF_016899425.1|KEDGBJ_01368;GCF_053038975.1|AHCKDM_01336;GCF_053209605.1|GFFINM_01335;GCF_905400185.1|DKPOPA_01355;MF6|CFFIHE_01383;MF7|EFEKAH_04519
GCF_016899425.1|KEDGBJ_01369	6	6	1	1	GCF_016899425.1;GCF_053038975.1;GCF_053209605.1;GCF_905400185.1;MF6;MF7	GCF_016899425.1|KEDGBJ_01369;GCF_053038975.1|AHCKDM_01337;GCF_053209605.1|GFFINM_01336;GCF_905400185.1|DKPOPA_01356;MF6|CFFIHE_01384;MF7|EFEKAH_04518
GCF_016899425.1|KEDGBJ_01370	4	4	0	0	GCF_016899425.1;GCF_905400185.1;MF6;MF7	GCF_016899425.1|KEDGBJ_01370;GCF_905400185.1|DKPOPA_01357;MF6|CFFIHE_01385;MF7|EFEKAH_04517
GCF_016899425.1|KEDGBJ_01372	6	6	1	1	GCF_016899425.1;GCF_053038975.1;GCF_053209605.1;GCF_905400185.1;MF6;MF7	GCF_016899425.1|KEDGBJ_01372;GCF_053038975.1|AHCKDM_01339;GCF_053209605.1|GFFINM_01338;GCF_905400185.1|DKPOPA_01359;MF6|CFFIHE_01387;MF7|EFEKAH_04515
GCF_016899425.1|KEDGBJ_01373	6	6	1	1	GCF_016899425.1;GCF_053038975.1;GCF_053209605.1;GCF_905400185.1;MF6;MF7	GCF_016899425.1|KEDGBJ_01373;GCF_053038975.1|AHCKDM_01340;GCF_053209605.1|GFFINM_01339;GCF_905400185.1|DKPOPA_01360;MF6|CFFIHE_01388;MF7|EFEKAH_04514
GCF_016899425.1|KEDGBJ_01374	6	6	1	1	GCF_016899425.1;GCF_053038975.1;GCF_053209605.1;GCF_905400185.1;MF6;MF7	GCF_016899425.1|KEDGBJ_01374;GCF_053038975.1|AHCKDM_01341;GCF_053209605.1|GFFINM_01340;GCF_905400185.1|DKPOPA_01361;MF6|CFFIHE_01389;MF7|EFEKAH_04513
GCF_016899425.1|KEDGBJ_01375	6	6	1	1	GCF_016899425.1;GCF_053038975.1;GCF_053209605.1;GCF_905400185.1;MF6;MF7	GCF_016899425.1|KEDGBJ_01375;GCF_053038975.1|AHCKDM_01342;GCF_053209605.1|GFFINM_01341;GCF_905400185.1|DKPOPA_01362;MF6|CFFIHE_01390;MF7|EFEKAH_04512
GCF_016899425.1|KEDGBJ_01376	6	6	1	1	GCF_016899425.1;GCF_053038975.1;GCF_053209605.1;GCF_905400185.1;MF6;MF7	GCF_016899425.1|KEDGBJ_01376;GCF_053038975.1|AHCKDM_01343;GCF_053209605.1|GFFINM_01342;GCF_905400185.1|DKPOPA_01363;MF6|CFFIHE_01391;MF7|EFEKAH_04511
GCF_016899425.1|KEDGBJ_01377	6	6	1	1	GCF_016899425.1;GCF_053038975.1;GCF_053209605.1;GCF_905400185.1;MF6;MF7	GCF_016899425.1|KEDGBJ_01377;GCF_053038975.1|AHCKDM_01344;GCF_053209605.1|GFFINM_01343;GCF_905400185.1|DKPOPA_01364;MF6|CFFIHE_01392;MF7|EFEKAH_04510
GCF_016899425.1|KEDGBJ_01378	4	4	0	0	GCF_016899425.1;GCF_905400185.1;MF6;MF7	GCF_016899425.1|KEDGBJ_01378;GCF_905400185.1|DKPOPA_01365;MF6|CFFIHE_01393;MF7|EFEKAH_04509
GCF_016899425.1|KEDGBJ_01379	6	6	1	1	GCF_016899425.1;GCF_053038975.1;GCF_053209605.1;GCF_905400185.1;MF6;MF7	GCF_016899425.1|KEDGBJ_01379;GCF_053038975.1|AHCKDM_01345;GCF_053209605.1|GFFINM_01344;GCF_905400185.1|DKPOPA_01366;MF6|CFFIHE_01394;MF7|EFEKAH_04508
GCF_016899425.1|KEDGBJ_01380	6	6	1	1	GCF_016899425.1;GCF_053038975.1;GCF_053209605.1;GCF_905400185.1;MF6;MF7	GCF_016899425.1|KEDGBJ_01380;GCF_053038975.1|AHCKDM_01346;GCF_053209605.1|GFFINM_01345;GCF_905400185.1|DKPOPA_01367;MF6|CFFIHE_01395;MF7|EFEKAH_04507
GCF_016899425.1|KEDGBJ_01381	6	6	1	1	GCF_016899425.1;GCF_053038975.1;GCF_053209605.1;GCF_905400185.1;MF6;MF7	GCF_016899425.1|KEDGBJ_01381;GCF_053038975.1|AHCKDM_01347;GCF_053209605.1|GFFINM_01346;GCF_905400185.1|DKPOPA_01368;MF6|CFFIHE_01396;MF7|EFEKAH_04506
GCF_016899425.1|KEDGBJ_01384	6	6	1	1	GCF_016899425.1;GCF_053038975.1;GCF_053209605.1;GCF_905400185.1;MF6;MF7	GCF_016899425.1|KEDGBJ_01384;GCF_053038975.1|AHCKDM_01350;GCF_053209605.1|GFFINM_01349;GCF_905400185.1|DKPOPA_01371;MF6|CFFIHE_01399;MF7|EFEKAH_04503
GCF_016899425.1|KEDGBJ_01385	6	6	1	1	GCF_016899425.1;GCF_053038975.1;GCF_053209605.1;GCF_905400185.1;MF6;MF7	GCF_016899425.1|KEDGBJ_01385;GCF_053038975.1|AHCKDM_01351;GCF_053209605.1|GFFINM_01350;GCF_905400185.1|DKPOPA_01372;MF6|CFFIHE_01400;MF7|EFEKAH_04502
GCF_016899425.1|KEDGBJ_01386	6	6	1	1	GCF_016899425.1;GCF_053038975.1;GCF_053209605.1;GCF_905400185.1;MF6;MF7	GCF_016899425.1|KEDGBJ_01386;GCF_053038975.1|AHCKDM_01352;GCF_053209605.1|GFFINM_01351;GCF_905400185.1|DKPOPA_01373;MF6|CFFIHE_01401;MF7|EFEKAH_04501
GCF_016899425.1|KEDGBJ_01387	6	6	1	1	GCF_016899425.1;GCF_053038975.1;GCF_053209605.1;GCF_905400185.1;MF6;MF7	GCF_016899425.1|KEDGBJ_01387;GCF_053038975.1|AHCKDM_01353;GCF_053209605.1|GFFINM_01352;GCF_905400185.1|DKPOPA_01374;MF6|CFFIHE_01402;MF7|EFEKAH_04500
GCF_016899425.1|KEDGBJ_01388	4	4	0	0	GCF_016899425.1;GCF_905400185.1;MF6;MF7	GCF_016899425.1|KEDGBJ_01388;GCF_905400185.1|DKPOPA_01375;MF6|CFFIHE_01403;MF7|EFEKAH_04499
GCF_016899425.1|KEDGBJ_01389	4	4	0	0	GCF_016899425.1;GCF_905400185.1;MF6;MF7	GCF_016899425.1|KEDGBJ_01389;GCF_905400185.1|DKPOPA_01376;MF6|CFFIHE_01404;MF7|EFEKAH_04498
GCF_016899425.1|KEDGBJ_01391	6	6	1	1	GCF_016899425.1;GCF_053038975.1;GCF_053209605.1;GCF_905400185.1;MF6;MF7	GCF_016899425.1|KEDGBJ_01391;GCF_053038975.1|AHCKDM_01355;GCF_053209605.1|GFFINM_01354;GCF_905400185.1|DKPOPA_01378;MF6|CFFIHE_01406;MF7|EFEKAH_04496
GCF_016899425.1|KEDGBJ_01392	6	6	1	1	GCF_016899425.1;GCF_053038975.1;GCF_053209605.1;GCF_905400185.1;MF6;MF7	GCF_016899425.1|KEDGBJ_01392;GCF_053038975.1|AHCKDM_01356;GCF_053209605.1|GFFINM_01355;GCF_905400185.1|DKPOPA_01379;MF6|CFFIHE_01407;MF7|EFEKAH_04495
GCF_016899425.1|KEDGBJ_01393	6	6	1	1	GCF_016899425.1;GCF_053038975.1;GCF_053209605.1;GCF_905400185.1;MF6;MF7	GCF_016899425.1|KEDGBJ_01393;GCF_053038975.1|AHCKDM_01357;GCF_053209605.1|GFFINM_01356;GCF_905400185.1|DKPOPA_01380;MF6|CFFIHE_01408;MF7|EFEKAH_04494
GCF_016899425.1|KEDGBJ_01394	6	6	1	1	GCF_016899425.1;GCF_053038975.1;GCF_053209605.1;GCF_905400185.1;MF6;MF7	GCF_016899425.1|KEDGBJ_01394;GCF_053038975.1|AHCKDM_01358;GCF_053209605.1|GFFINM_01357;GCF_905400185.1|DKPOPA_01381;MF6|CFFIHE_01409;MF7|EFEKAH_04493
GCF_016899425.1|KEDGBJ_01395	6	6	1	1	GCF_016899425.1;GCF_053038975.1;GCF_053209605.1;GCF_905400185.1;MF6;MF7	GCF_016899425.1|KEDGBJ_01395;GCF_053038975.1|AHCKDM_01359;GCF_053209605.1|GFFINM_01358;GCF_905400185.1|DKPOPA_01382;MF6|CFFIHE_01410;MF7|EFEKAH_04492
GCF_016899425.1|KEDGBJ_01396	6	6	1	1	GCF_016899425.1;GCF_053038975.1;GCF_053209605.1;GCF_905400185.1;MF6;MF7	GCF_016899425.1|KEDGBJ_01396;GCF_053038975.1|AHCKDM_01360;GCF_053209605.1|GFFINM_01359;GCF_905400185.1|DKPOPA_01383;MF6|CFFIHE_01411;MF7|EFEKAH_04491
GCF_016899425.1|KEDGBJ_01397	5	5	0	0	GCF_016899425.1;GCF_053038975.1;GCF_053209605.1;GCF_905400185.1;MF6	GCF_016899425.1|KEDGBJ_01397;GCF_053038975.1|AHCKDM_01361;GCF_053209605.1|GFFINM_01360;GCF_905400185.1|DKPOPA_01384;MF6|CFFIHE_01412
GCF_016899425.1|KEDGBJ_01398	6	6	1	1	GCF_016899425.1;GCF_053038975.1;GCF_053209605.1;GCF_905400185.1;MF6;MF7	GCF_016899425.1|KEDGBJ_01398;GCF_053038975.1|AHCKDM_01362;GCF_053209605.1|GFFINM_01361;GCF_905400185.1|DKPOPA_01385;MF6|CFFIHE_01413;MF7|EFEKAH_00871
GCF_016899425.1|KEDGBJ_01399	6	7	1	0	GCF_016899425.1;GCF_053038975.1;GCF_053209605.1;GCF_905400185.1;MF6;MF7	GCF_016899425.1|KEDGBJ_01399;GCF_053038975.1|AHCKDM_01363;GCF_053209605.1|GFFINM_01362;GCF_053209605.1|GFFINM_01363;GCF_905400185.1|DKPOPA_01386;MF6|CFFIHE_01414;MF7|EFEKAH_00872
GCF_016899425.1|KEDGBJ_01400	6	6	1	1	GCF_016899425.1;GCF_053038975.1;GCF_053209605.1;GCF_905400185.1;MF6;MF7	GCF_016899425.1|KEDGBJ_01400;GCF_053038975.1|AHCKDM_01364;GCF_053209605.1|GFFINM_01364;GCF_905400185.1|DKPOPA_01387;MF6|CFFIHE_01415;MF7|EFEKAH_00873
GCF_016899425.1|KEDGBJ_01402	6	6	1	1	GCF_016899425.1;GCF_053038975.1;GCF_053209605.1;GCF_905400185.1;MF6;MF7	GCF_016899425.1|KEDGBJ_01402;GCF_053038975.1|AHCKDM_01366;GCF_053209605.1|GFFINM_01366;GCF_905400185.1|DKPOPA_01389;MF6|CFFIHE_01417;MF7|EFEKAH_00875
GCF_016899425.1|KEDGBJ_01403	6	6	1	1	GCF_016899425.1;GCF_053038975.1;GCF_053209605.1;GCF_905400185.1;MF6;MF7	GCF_016899425.1|KEDGBJ_01403;GCF_053038975.1|AHCKDM_01367;GCF_053209605.1|GFFINM_01367;GCF_905400185.1|DKPOPA_01390;MF6|CFFIHE_01418;MF7|EFEKAH_00876
GCF_016899425.1|KEDGBJ_01404	6	6	1	1	GCF_016899425.1;GCF_053038975.1;GCF_053209605.1;GCF_905400185.1;MF6;MF7	GCF_016899425.1|KEDGBJ_01404;GCF_053038975.1|AHCKDM_01368;GCF_053209605.1|GFFINM_01368;GCF_905400185.1|DKPOPA_01391;MF6|CFFIHE_01419;MF7|EFEKAH_00877
GCF_016899425.1|KEDGBJ_01405	6	6	1	1	GCF_016899425.1;GCF_053038975.1;GCF_053209605.1;GCF_905400185.1;MF6;MF7	GCF_016899425.1|KEDGBJ_01405;GCF_053038975.1|AHCKDM_01369;GCF_053209605.1|GFFINM_01369;GCF_905400185.1|DKPOPA_01392;MF6|CFFIHE_01420;MF7|EFEKAH_00878
GCF_016899425.1|KEDGBJ_01406	6	6	1	1	GCF_016899425.1;GCF_053038975.1;GCF_053209605.1;GCF_905400185.1;MF6;MF7	GCF_016899425.1|KEDGBJ_01406;GCF_053038975.1|AHCKDM_01370;GCF_053209605.1|GFFINM_01370;GCF_905400185.1|DKPOPA_01393;MF6|CFFIHE_01421;MF7|EFEKAH_00879
GCF_016899425.1|KEDGBJ_01407	6	6	1	1	GCF_016899425.1;GCF_053038975.1;GCF_053209605.1;GCF_905400185.1;MF6;MF7	GCF_016899425.1|KEDGBJ_01407;GCF_053038975.1|AHCKDM_01371;GCF_053209605.1|GFFINM_01371;GCF_905400185.1|DKPOPA_01394;MF6|CFFIHE_01422;MF7|EFEKAH_00880
GCF_016899425.1|KEDGBJ_01408	6	6	1	1	GCF_016899425.1;GCF_053038975.1;GCF_053209605.1;GCF_905400185.1;MF6;MF7	GCF_016899425.1|KEDGBJ_01408;GCF_053038975.1|AHCKDM_01372;GCF_053209605.1|GFFINM_01372;GCF_905400185.1|DKPOPA_01395;MF6|CFFIHE_01423;MF7|EFEKAH_00881
GCF_016899425.1|KEDGBJ_01409	4	4	0	0	GCF_016899425.1;GCF_905400185.1;MF6;MF7	GCF_016899425.1|KEDGBJ_01409;GCF_905400185.1|DKPOPA_01396;MF6|CFFIHE_01424;MF7|EFEKAH_00882
GCF_016899425.1|KEDGBJ_01411	6	6	1	1	GCF_016899425.1;GCF_053038975.1;GCF_053209605.1;GCF_905400185.1;MF6;MF7	GCF_016899425.1|KEDGBJ_01411;GCF_053038975.1|AHCKDM_01374;GCF_053209605.1|GFFINM_01374;GCF_905400185.1|DKPOPA_01398;MF6|CFFIHE_01426;MF7|EFEKAH_00884
GCF_016899425.1|KEDGBJ_01412	6	6	1	1	GCF_016899425.1;GCF_053038975.1;GCF_053209605.1;GCF_905400185.1;MF6;MF7	GCF_016899425.1|KEDGBJ_01412;GCF_053038975.1|AHCKDM_01375;GCF_053209605.1|GFFINM_01375;GCF_905400185.1|DKPOPA_01399;MF6|CFFIHE_01427;MF7|EFEKAH_00885
GCF_016899425.1|KEDGBJ_01413	6	6	1	1	GCF_016899425.1;GCF_053038975.1;GCF_053209605.1;GCF_905400185.1;MF6;MF7	GCF_016899425.1|KEDGBJ_01413;GCF_053038975.1|AHCKDM_01376;GCF_053209605.1|GFFINM_01376;GCF_905400185.1|DKPOPA_01400;MF6|CFFIHE_01428;MF7|EFEKAH_00886
GCF_016899425.1|KEDGBJ_01415	6	6	1	1	GCF_016899425.1;GCF_053038975.1;GCF_053209605.1;GCF_905400185.1;MF6;MF7	GCF_016899425.1|KEDGBJ_01415;GCF_053038975.1|AHCKDM_01380;GCF_053209605.1|GFFINM_01380;GCF_905400185.1|DKPOPA_01402;MF6|CFFIHE_01430;MF7|EFEKAH_00888
GCF_016899425.1|KEDGBJ_01416	6	6	1	1	GCF_016899425.1;GCF_053038975.1;GCF_053209605.1;GCF_905400185.1;MF6;MF7	GCF_016899425.1|KEDGBJ_01416;GCF_053038975.1|AHCKDM_01381;GCF_053209605.1|GFFINM_01381;GCF_905400185.1|DKPOPA_01403;MF6|CFFIHE_01431;MF7|EFEKAH_00889
GCF_016899425.1|KEDGBJ_01417	6	6	1	1	GCF_016899425.1;GCF_053038975.1;GCF_053209605.1;GCF_905400185.1;MF6;MF7	GCF_016899425.1|KEDGBJ_01417;GCF_053038975.1|AHCKDM_01382;GCF_053209605.1|GFFINM_01382;GCF_905400185.1|DKPOPA_01404;MF6|CFFIHE_01432;MF7|EFEKAH_00890
GCF_016899425.1|KEDGBJ_01418	6	6	1	1	GCF_016899425.1;GCF_053038975.1;GCF_053209605.1;GCF_905400185.1;MF6;MF7	GCF_016899425.1|KEDGBJ_01418;GCF_053038975.1|AHCKDM_01383;GCF_053209605.1|GFFINM_01383;GCF_905400185.1|DKPOPA_01405;MF6|CFFIHE_01433;MF7|EFEKAH_00891
GCF_016899425.1|KEDGBJ_01419	6	6	1	1	GCF_016899425.1;GCF_053038975.1;GCF_053209605.1;GCF_905400185.1;MF6;MF7	GCF_016899425.1|KEDGBJ_01419;GCF_053038975.1|AHCKDM_01384;GCF_053209605.1|GFFINM_01384;GCF_905400185.1|DKPOPA_01406;MF6|CFFIHE_01434;MF7|EFEKAH_00892
GCF_016899425.1|KEDGBJ_01420	6	6	1	1	GCF_016899425.1;GCF_053038975.1;GCF_053209605.1;GCF_905400185.1;MF6;MF7	GCF_016899425.1|KEDGBJ_01420;GCF_053038975.1|AHCKDM_01385;GCF_053209605.1|GFFINM_01385;GCF_905400185.1|DKPOPA_01407;MF6|CFFIHE_01435;MF7|EFEKAH_00893
GCF_016899425.1|KEDGBJ_01421	6	6	1	1	GCF_016899425.1;GCF_053038975.1;GCF_053209605.1;GCF_905400185.1;MF6;MF7	GCF_016899425.1|KEDGBJ_01421;GCF_053038975.1|AHCKDM_01386;GCF_053209605.1|GFFINM_01386;GCF_905400185.1|DKPOPA_01408;MF6|CFFIHE_01436;MF7|EFEKAH_00894
GCF_016899425.1|KEDGBJ_01422	4	4	0	0	GCF_016899425.1;GCF_905400185.1;MF6;MF7	GCF_016899425.1|KEDGBJ_01422;GCF_905400185.1|DKPOPA_01409;MF6|CFFIHE_01437;MF7|EFEKAH_00895
GCF_016899425.1|KEDGBJ_01423	4	4	0	0	GCF_016899425.1;GCF_905400185.1;MF6;MF7	GCF_016899425.1|KEDGBJ_01423;GCF_905400185.1|DKPOPA_01410;MF6|CFFIHE_01438;MF7|EFEKAH_00896
GCF_016899425.1|KEDGBJ_01424	6	6	1	1	GCF_016899425.1;GCF_053038975.1;GCF_053209605.1;GCF_905400185.1;MF6;MF7	GCF_016899425.1|KEDGBJ_01424;GCF_053038975.1|AHCKDM_01387;GCF_053209605.1|GFFINM_01387;GCF_905400185.1|DKPOPA_01411;MF6|CFFIHE_01439;MF7|EFEKAH_00897
GCF_016899425.1|KEDGBJ_01425	6	6	1	1	GCF_016899425.1;GCF_053038975.1;GCF_053209605.1;GCF_905400185.1;MF6;MF7	GCF_016899425.1|KEDGBJ_01425;GCF_053038975.1|AHCKDM_01388;GCF_053209605.1|GFFINM_01388;GCF_905400185.1|DKPOPA_01412;MF6|CFFIHE_01440;MF7|EFEKAH_00898
GCF_016899425.1|KEDGBJ_01426	6	6	1	1	GCF_016899425.1;GCF_053038975.1;GCF_053209605.1;GCF_905400185.1;MF6;MF7	GCF_016899425.1|KEDGBJ_01426;GCF_053038975.1|AHCKDM_01389;GCF_053209605.1|GFFINM_01389;GCF_905400185.1|DKPOPA_01413;MF6|CFFIHE_01441;MF7|EFEKAH_00899
GCF_016899425.1|KEDGBJ_01427	6	6	1	1	GCF_016899425.1;GCF_053038975.1;GCF_053209605.1;GCF_905400185.1;MF6;MF7	GCF_016899425.1|KEDGBJ_01427;GCF_053038975.1|AHCKDM_01390;GCF_053209605.1|GFFINM_01390;GCF_905400185.1|DKPOPA_01414;MF6|CFFIHE_01442;MF7|EFEKAH_00900
GCF_016899425.1|KEDGBJ_01428	6	7	1	0	GCF_016899425.1;GCF_053038975.1;GCF_053209605.1;GCF_905400185.1;MF6;MF7	GCF_016899425.1|KEDGBJ_01428;GCF_053038975.1|AHCKDM_01391;GCF_053209605.1|GFFINM_01391;GCF_053209605.1|GFFINM_01392;GCF_905400185.1|DKPOPA_01415;MF6|CFFIHE_01443;MF7|EFEKAH_00901
GCF_016899425.1|KEDGBJ_01429	6	6	1	1	GCF_016899425.1;GCF_053038975.1;GCF_053209605.1;GCF_905400185.1;MF6;MF7	GCF_016899425.1|KEDGBJ_01429;GCF_053038975.1|AHCKDM_01392;GCF_053209605.1|GFFINM_01393;GCF_905400185.1|DKPOPA_01416;MF6|CFFIHE_01444;MF7|EFEKAH_00902
GCF_016899425.1|KEDGBJ_01431	6	6	1	1	GCF_016899425.1;GCF_053038975.1;GCF_053209605.1;GCF_905400185.1;MF6;MF7	GCF_016899425.1|KEDGBJ_01431;GCF_053038975.1|AHCKDM_01394;GCF_053209605.1|GFFINM_01395;GCF_905400185.1|DKPOPA_01418;MF6|CFFIHE_01446;MF7|EFEKAH_00904
GCF_016899425.1|KEDGBJ_01432	6	6	1	1	GCF_016899425.1;GCF_053038975.1;GCF_053209605.1;GCF_905400185.1;MF6;MF7	GCF_016899425.1|KEDGBJ_01432;GCF_053038975.1|AHCKDM_01395;GCF_053209605.1|GFFINM_01396;GCF_905400185.1|DKPOPA_01419;MF6|CFFIHE_01447;MF7|EFEKAH_00905
GCF_016899425.1|KEDGBJ_01433	6	6	1	1	GCF_016899425.1;GCF_053038975.1;GCF_053209605.1;GCF_905400185.1;MF6;MF7	GCF_016899425.1|KEDGBJ_01433;GCF_053038975.1|AHCKDM_01396;GCF_053209605.1|GFFINM_01397;GCF_905400185.1|DKPOPA_01420;MF6|CFFIHE_01448;MF7|EFEKAH_00906
GCF_016899425.1|KEDGBJ_01434	6	6	1	1	GCF_016899425.1;GCF_053038975.1;GCF_053209605.1;GCF_905400185.1;MF6;MF7	GCF_016899425.1|KEDGBJ_01434;GCF_053038975.1|AHCKDM_01397;GCF_053209605.1|GFFINM_01398;GCF_905400185.1|DKPOPA_01421;MF6|CFFIHE_01449;MF7|EFEKAH_00907
GCF_016899425.1|KEDGBJ_01435	6	6	1	1	GCF_016899425.1;GCF_053038975.1;GCF_053209605.1;GCF_905400185.1;MF6;MF7	GCF_016899425.1|KEDGBJ_01435;GCF_053038975.1|AHCKDM_01398;GCF_053209605.1|GFFINM_01399;GCF_905400185.1|DKPOPA_01422;MF6|CFFIHE_01450;MF7|EFEKAH_00908
GCF_016899425.1|KEDGBJ_01436	6	6	1	1	GCF_016899425.1;GCF_053038975.1;GCF_053209605.1;GCF_905400185.1;MF6;MF7	GCF_016899425.1|KEDGBJ_01436;GCF_053038975.1|AHCKDM_01399;GCF_053209605.1|GFFINM_01400;GCF_905400185.1|DKPOPA_01423;MF6|CFFIHE_01451;MF7|EFEKAH_00909
GCF_016899425.1|KEDGBJ_01437	6	6	1	1	GCF_016899425.1;GCF_053038975.1;GCF_053209605.1;GCF_905400185.1;MF6;MF7	GCF_016899425.1|KEDGBJ_01437;GCF_053038975.1|AHCKDM_01400;GCF_053209605.1|GFFINM_01401;GCF_905400185.1|DKPOPA_01424;MF6|CFFIHE_01452;MF7|EFEKAH_00910
GCF_016899425.1|KEDGBJ_01439	6	6	1	1	GCF_016899425.1;GCF_053038975.1;GCF_053209605.1;GCF_905400185.1;MF6;MF7	GCF_016899425.1|KEDGBJ_01439;GCF_053038975.1|AHCKDM_01402;GCF_053209605.1|GFFINM_01403;GCF_905400185.1|DKPOPA_01426;MF6|CFFIHE_01454;MF7|EFEKAH_00912
GCF_016899425.1|KEDGBJ_01440	6	6	1	1	GCF_016899425.1;GCF_053038975.1;GCF_053209605.1;GCF_905400185.1;MF6;MF7	GCF_016899425.1|KEDGBJ_01440;GCF_053038975.1|AHCKDM_01403;GCF_053209605.1|GFFINM_01404;GCF_905400185.1|DKPOPA_01427;MF6|CFFIHE_01455;MF7|EFEKAH_00913
GCF_016899425.1|KEDGBJ_01441	6	6	1	1	GCF_016899425.1;GCF_053038975.1;GCF_053209605.1;GCF_905400185.1;MF6;MF7	GCF_016899425.1|KEDGBJ_01441;GCF_053038975.1|AHCKDM_01404;GCF_053209605.1|GFFINM_01405;GCF_905400185.1|DKPOPA_01428;MF6|CFFIHE_01456;MF7|EFEKAH_00914
GCF_016899425.1|KEDGBJ_01442	6	6	1	1	GCF_016899425.1;GCF_053038975.1;GCF_053209605.1;GCF_905400185.1;MF6;MF7	GCF_016899425.1|KEDGBJ_01442;GCF_053038975.1|AHCKDM_01405;GCF_053209605.1|GFFINM_01406;GCF_905400185.1|DKPOPA_01429;MF6|CFFIHE_01457;MF7|EFEKAH_00915
GCF_016899425.1|KEDGBJ_01443	6	6	1	1	GCF_016899425.1;GCF_053038975.1;GCF_053209605.1;GCF_905400185.1;MF6;MF7	GCF_016899425.1|KEDGBJ_01443;GCF_053038975.1|AHCKDM_01406;GCF_053209605.1|GFFINM_01407;GCF_905400185.1|DKPOPA_01430;MF6|CFFIHE_01458;MF7|EFEKAH_00916
GCF_016899425.1|KEDGBJ_01444	6	6	1	1	GCF_016899425.1;GCF_053038975.1;GCF_053209605.1;GCF_905400185.1;MF6;MF7	GCF_016899425.1|KEDGBJ_01444;GCF_053038975.1|AHCKDM_01407;GCF_053209605.1|GFFINM_01408;GCF_905400185.1|DKPOPA_01431;MF6|CFFIHE_01459;MF7|EFEKAH_00917
GCF_016899425.1|KEDGBJ_01445	6	6	1	1	GCF_016899425.1;GCF_053038975.1;GCF_053209605.1;GCF_905400185.1;MF6;MF7	GCF_016899425.1|KEDGBJ_01445;GCF_053038975.1|AHCKDM_01408;GCF_053209605.1|GFFINM_01409;GCF_905400185.1|DKPOPA_01432;MF6|CFFIHE_01460;MF7|EFEKAH_00918
GCF_016899425.1|KEDGBJ_01446	6	6	1	1	GCF_016899425.1;GCF_053038975.1;GCF_053209605.1;GCF_905400185.1;MF6;MF7	GCF_016899425.1|KEDGBJ_01446;GCF_053038975.1|AHCKDM_01409;GCF_053209605.1|GFFINM_01410;GCF_905400185.1|DKPOPA_01433;MF6|CFFIHE_01461;MF7|EFEKAH_00919
GCF_016899425.1|KEDGBJ_01448	6	6	1	1	GCF_016899425.1;GCF_053038975.1;GCF_053209605.1;GCF_905400185.1;MF6;MF7	GCF_016899425.1|KEDGBJ_01448;GCF_053038975.1|AHCKDM_01413;GCF_053209605.1|GFFINM_01414;GCF_905400185.1|DKPOPA_01435;MF6|CFFIHE_01463;MF7|EFEKAH_00921
GCF_016899425.1|KEDGBJ_01449	6	6	1	1	GCF_016899425.1;GCF_053038975.1;GCF_053209605.1;GCF_905400185.1;MF6;MF7	GCF_016899425.1|KEDGBJ_01449;GCF_053038975.1|AHCKDM_01414;GCF_053209605.1|GFFINM_01415;GCF_905400185.1|DKPOPA_01436;MF6|CFFIHE_01464;MF7|EFEKAH_00922
GCF_016899425.1|KEDGBJ_01450	2	3	0	0	GCF_016899425.1;GCF_905400185.1	GCF_016899425.1|KEDGBJ_01450;GCF_016899425.1|KEDGBJ_01967;GCF_905400185.1|DKPOPA_01437
GCF_016899425.1|KEDGBJ_01452	6	6	1	1	GCF_016899425.1;GCF_053038975.1;GCF_053209605.1;GCF_905400185.1;MF6;MF7	GCF_016899425.1|KEDGBJ_01452;GCF_053038975.1|AHCKDM_01416;GCF_053209605.1|GFFINM_01417;GCF_905400185.1|DKPOPA_01439;MF6|CFFIHE_01466;MF7|EFEKAH_00924
GCF_016899425.1|KEDGBJ_01453	6	6	1	1	GCF_016899425.1;GCF_053038975.1;GCF_053209605.1;GCF_905400185.1;MF6;MF7	GCF_016899425.1|KEDGBJ_01453;GCF_053038975.1|AHCKDM_01417;GCF_053209605.1|GFFINM_01418;GCF_905400185.1|DKPOPA_01440;MF6|CFFIHE_01467;MF7|EFEKAH_00925
GCF_016899425.1|KEDGBJ_01454	6	6	1	1	GCF_016899425.1;GCF_053038975.1;GCF_053209605.1;GCF_905400185.1;MF6;MF7	GCF_016899425.1|KEDGBJ_01454;GCF_053038975.1|AHCKDM_01418;GCF_053209605.1|GFFINM_01419;GCF_905400185.1|DKPOPA_01441;MF6|CFFIHE_01468;MF7|EFEKAH_00926
GCF_016899425.1|KEDGBJ_01455	6	6	1	1	GCF_016899425.1;GCF_053038975.1;GCF_053209605.1;GCF_905400185.1;MF6;MF7	GCF_016899425.1|KEDGBJ_01455;GCF_053038975.1|AHCKDM_01419;GCF_053209605.1|GFFINM_01420;GCF_905400185.1|DKPOPA_01442;MF6|CFFIHE_01469;MF7|EFEKAH_00927
GCF_016899425.1|KEDGBJ_01456	6	6	1	1	GCF_016899425.1;GCF_053038975.1;GCF_053209605.1;GCF_905400185.1;MF6;MF7	GCF_016899425.1|KEDGBJ_01456;GCF_053038975.1|AHCKDM_01420;GCF_053209605.1|GFFINM_01421;GCF_905400185.1|DKPOPA_01443;MF6|CFFIHE_01470;MF7|EFEKAH_00928
GCF_016899425.1|KEDGBJ_01457	6	6	1	1	GCF_016899425.1;GCF_053038975.1;GCF_053209605.1;GCF_905400185.1;MF6;MF7	GCF_016899425.1|KEDGBJ_01457;GCF_053038975.1|AHCKDM_01421;GCF_053209605.1|GFFINM_01422;GCF_905400185.1|DKPOPA_01444;MF6|CFFIHE_01471;MF7|EFEKAH_00929
GCF_016899425.1|KEDGBJ_01458	6	6	1	1	GCF_016899425.1;GCF_053038975.1;GCF_053209605.1;GCF_905400185.1;MF6;MF7	GCF_016899425.1|KEDGBJ_01458;GCF_053038975.1|AHCKDM_01422;GCF_053209605.1|GFFINM_01423;GCF_905400185.1|DKPOPA_01445;MF6|CFFIHE_01472;MF7|EFEKAH_00930
GCF_016899425.1|KEDGBJ_01459	6	6	1	1	GCF_016899425.1;GCF_053038975.1;GCF_053209605.1;GCF_905400185.1;MF6;MF7	GCF_016899425.1|KEDGBJ_01459;GCF_053038975.1|AHCKDM_01423;GCF_053209605.1|GFFINM_01424;GCF_905400185.1|DKPOPA_01446;MF6|CFFIHE_01473;MF7|EFEKAH_00931
GCF_016899425.1|KEDGBJ_01460	6	6	1	1	GCF_016899425.1;GCF_053038975.1;GCF_053209605.1;GCF_905400185.1;MF6;MF7	GCF_016899425.1|KEDGBJ_01460;GCF_053038975.1|AHCKDM_01424;GCF_053209605.1|GFFINM_01425;GCF_905400185.1|DKPOPA_01447;MF6|CFFIHE_01474;MF7|EFEKAH_00932
GCF_016899425.1|KEDGBJ_01461	6	6	1	1	GCF_016899425.1;GCF_053038975.1;GCF_053209605.1;GCF_905400185.1;MF6;MF7	GCF_016899425.1|KEDGBJ_01461;GCF_053038975.1|AHCKDM_01425;GCF_053209605.1|GFFINM_01426;GCF_905400185.1|DKPOPA_01448;MF6|CFFIHE_01475;MF7|EFEKAH_00933
GCF_016899425.1|KEDGBJ_01462	6	6	1	1	GCF_016899425.1;GCF_053038975.1;GCF_053209605.1;GCF_905400185.1;MF6;MF7	GCF_016899425.1|KEDGBJ_01462;GCF_053038975.1|AHCKDM_01426;GCF_053209605.1|GFFINM_01427;GCF_905400185.1|DKPOPA_01449;MF6|CFFIHE_01476;MF7|EFEKAH_00934
GCF_016899425.1|KEDGBJ_01463	6	6	1	1	GCF_016899425.1;GCF_053038975.1;GCF_053209605.1;GCF_905400185.1;MF6;MF7	GCF_016899425.1|KEDGBJ_01463;GCF_053038975.1|AHCKDM_01427;GCF_053209605.1|GFFINM_01428;GCF_905400185.1|DKPOPA_01450;MF6|CFFIHE_01477;MF7|EFEKAH_00935
GCF_016899425.1|KEDGBJ_01464	6	6	1	1	GCF_016899425.1;GCF_053038975.1;GCF_053209605.1;GCF_905400185.1;MF6;MF7	GCF_016899425.1|KEDGBJ_01464;GCF_053038975.1|AHCKDM_01428;GCF_053209605.1|GFFINM_01429;GCF_905400185.1|DKPOPA_01451;MF6|CFFIHE_01478;MF7|EFEKAH_00936
GCF_016899425.1|KEDGBJ_01465	6	6	1	1	GCF_016899425.1;GCF_053038975.1;GCF_053209605.1;GCF_905400185.1;MF6;MF7	GCF_016899425.1|KEDGBJ_01465;GCF_053038975.1|AHCKDM_01429;GCF_053209605.1|GFFINM_01430;GCF_905400185.1|DKPOPA_01452;MF6|CFFIHE_01479;MF7|EFEKAH_00937
GCF_016899425.1|KEDGBJ_01466	6	6	1	1	GCF_016899425.1;GCF_053038975.1;GCF_053209605.1;GCF_905400185.1;MF6;MF7	GCF_016899425.1|KEDGBJ_01466;GCF_053038975.1|AHCKDM_01430;GCF_053209605.1|GFFINM_01431;GCF_905400185.1|DKPOPA_01453;MF6|CFFIHE_01480;MF7|EFEKAH_00938
GCF_016899425.1|KEDGBJ_01468	6	6	1	1	GCF_016899425.1;GCF_053038975.1;GCF_053209605.1;GCF_905400185.1;MF6;MF7	GCF_016899425.1|KEDGBJ_01468;GCF_053038975.1|AHCKDM_01432;GCF_053209605.1|GFFINM_01433;GCF_905400185.1|DKPOPA_01455;MF6|CFFIHE_01482;MF7|EFEKAH_00940
GCF_016899425.1|KEDGBJ_01469	6	7	1	0	GCF_016899425.1;GCF_053038975.1;GCF_053209605.1;GCF_905400185.1;MF6;MF7	GCF_016899425.1|KEDGBJ_01469;GCF_053038975.1|AHCKDM_01433;GCF_053209605.1|GFFINM_01434;GCF_053209605.1|GFFINM_01435;GCF_905400185.1|DKPOPA_01456;MF6|CFFIHE_01483;MF7|EFEKAH_00941
GCF_016899425.1|KEDGBJ_01470	6	6	1	1	GCF_016899425.1;GCF_053038975.1;GCF_053209605.1;GCF_905400185.1;MF6;MF7	GCF_016899425.1|KEDGBJ_01470;GCF_053038975.1|AHCKDM_01434;GCF_053209605.1|GFFINM_01436;GCF_905400185.1|DKPOPA_01457;MF6|CFFIHE_01484;MF7|EFEKAH_00942
GCF_016899425.1|KEDGBJ_01472	6	6	1	1	GCF_016899425.1;GCF_053038975.1;GCF_053209605.1;GCF_905400185.1;MF6;MF7	GCF_016899425.1|KEDGBJ_01472;GCF_053038975.1|AHCKDM_01436;GCF_053209605.1|GFFINM_01438;GCF_905400185.1|DKPOPA_01459;MF6|CFFIHE_01486;MF7|EFEKAH_00944
GCF_016899425.1|KEDGBJ_01473	6	6	1	1	GCF_016899425.1;GCF_053038975.1;GCF_053209605.1;GCF_905400185.1;MF6;MF7	GCF_016899425.1|KEDGBJ_01473;GCF_053038975.1|AHCKDM_01437;GCF_053209605.1|GFFINM_01439;GCF_905400185.1|DKPOPA_01460;MF6|CFFIHE_01487;MF7|EFEKAH_00945
GCF_016899425.1|KEDGBJ_01474	6	6	1	1	GCF_016899425.1;GCF_053038975.1;GCF_053209605.1;GCF_905400185.1;MF6;MF7	GCF_016899425.1|KEDGBJ_01474;GCF_053038975.1|AHCKDM_01438;GCF_053209605.1|GFFINM_01440;GCF_905400185.1|DKPOPA_01461;MF6|CFFIHE_01488;MF7|EFEKAH_00946
GCF_016899425.1|KEDGBJ_01475	6	6	1	1	GCF_016899425.1;GCF_053038975.1;GCF_053209605.1;GCF_905400185.1;MF6;MF7	GCF_016899425.1|KEDGBJ_01475;GCF_053038975.1|AHCKDM_01439;GCF_053209605.1|GFFINM_01441;GCF_905400185.1|DKPOPA_01462;MF6|CFFIHE_01489;MF7|EFEKAH_00947
GCF_016899425.1|KEDGBJ_01476	6	6	1	1	GCF_016899425.1;GCF_053038975.1;GCF_053209605.1;GCF_905400185.1;MF6;MF7	GCF_016899425.1|KEDGBJ_01476;GCF_053038975.1|AHCKDM_01440;GCF_053209605.1|GFFINM_01442;GCF_905400185.1|DKPOPA_01463;MF6|CFFIHE_01490;MF7|EFEKAH_00948
GCF_016899425.1|KEDGBJ_01477	6	6	1	1	GCF_016899425.1;GCF_053038975.1;GCF_053209605.1;GCF_905400185.1;MF6;MF7	GCF_016899425.1|KEDGBJ_01477;GCF_053038975.1|AHCKDM_01441;GCF_053209605.1|GFFINM_01443;GCF_905400185.1|DKPOPA_01464;MF6|CFFIHE_01491;MF7|EFEKAH_00949
GCF_016899425.1|KEDGBJ_01478	6	6	1	1	GCF_016899425.1;GCF_053038975.1;GCF_053209605.1;GCF_905400185.1;MF6;MF7	GCF_016899425.1|KEDGBJ_01478;GCF_053038975.1|AHCKDM_01442;GCF_053209605.1|GFFINM_01444;GCF_905400185.1|DKPOPA_01465;MF6|CFFIHE_01492;MF7|EFEKAH_00950
GCF_016899425.1|KEDGBJ_01479	6	6	1	1	GCF_016899425.1;GCF_053038975.1;GCF_053209605.1;GCF_905400185.1;MF6;MF7	GCF_016899425.1|KEDGBJ_01479;GCF_053038975.1|AHCKDM_01443;GCF_053209605.1|GFFINM_01445;GCF_905400185.1|DKPOPA_01466;MF6|CFFIHE_01493;MF7|EFEKAH_00951
GCF_016899425.1|KEDGBJ_01480	6	6	1	1	GCF_016899425.1;GCF_053038975.1;GCF_053209605.1;GCF_905400185.1;MF6;MF7	GCF_016899425.1|KEDGBJ_01480;GCF_053038975.1|AHCKDM_01444;GCF_053209605.1|GFFINM_01446;GCF_905400185.1|DKPOPA_01467;MF6|CFFIHE_01494;MF7|EFEKAH_00952
GCF_016899425.1|KEDGBJ_01481	6	6	1	1	GCF_016899425.1;GCF_053038975.1;GCF_053209605.1;GCF_905400185.1;MF6;MF7	GCF_016899425.1|KEDGBJ_01481;GCF_053038975.1|AHCKDM_01445;GCF_053209605.1|GFFINM_01447;GCF_905400185.1|DKPOPA_01468;MF6|CFFIHE_01495;MF7|EFEKAH_00953
GCF_016899425.1|KEDGBJ_01483	6	6	1	1	GCF_016899425.1;GCF_053038975.1;GCF_053209605.1;GCF_905400185.1;MF6;MF7	GCF_016899425.1|KEDGBJ_01483;GCF_053038975.1|AHCKDM_01447;GCF_053209605.1|GFFINM_01449;GCF_905400185.1|DKPOPA_01470;MF6|CFFIHE_01497;MF7|EFEKAH_00955
GCF_016899425.1|KEDGBJ_01484	6	6	1	1	GCF_016899425.1;GCF_053038975.1;GCF_053209605.1;GCF_905400185.1;MF6;MF7	GCF_016899425.1|KEDGBJ_01484;GCF_053038975.1|AHCKDM_01448;GCF_053209605.1|GFFINM_01450;GCF_905400185.1|DKPOPA_01471;MF6|CFFIHE_01498;MF7|EFEKAH_00956
GCF_016899425.1|KEDGBJ_01485	6	6	1	1	GCF_016899425.1;GCF_053038975.1;GCF_053209605.1;GCF_905400185.1;MF6;MF7	GCF_016899425.1|KEDGBJ_01485;GCF_053038975.1|AHCKDM_01449;GCF_053209605.1|GFFINM_01451;GCF_905400185.1|DKPOPA_01472;MF6|CFFIHE_01499;MF7|EFEKAH_00957
GCF_016899425.1|KEDGBJ_01486	6	6	1	1	GCF_016899425.1;GCF_053038975.1;GCF_053209605.1;GCF_905400185.1;MF6;MF7	GCF_016899425.1|KEDGBJ_01486;GCF_053038975.1|AHCKDM_01450;GCF_053209605.1|GFFINM_01452;GCF_905400185.1|DKPOPA_01473;MF6|CFFIHE_01500;MF7|EFEKAH_00958
GCF_016899425.1|KEDGBJ_01487	6	6	1	1	GCF_016899425.1;GCF_053038975.1;GCF_053209605.1;GCF_905400185.1;MF6;MF7	GCF_016899425.1|KEDGBJ_01487;GCF_053038975.1|AHCKDM_01451;GCF_053209605.1|GFFINM_01453;GCF_905400185.1|DKPOPA_01474;MF6|CFFIHE_01501;MF7|EFEKAH_00959
GCF_016899425.1|KEDGBJ_01488	6	6	1	1	GCF_016899425.1;GCF_053038975.1;GCF_053209605.1;GCF_905400185.1;MF6;MF7	GCF_016899425.1|KEDGBJ_01488;GCF_053038975.1|AHCKDM_01452;GCF_053209605.1|GFFINM_01454;GCF_905400185.1|DKPOPA_01475;MF6|CFFIHE_01502;MF7|EFEKAH_00960
GCF_016899425.1|KEDGBJ_01489	6	6	1	1	GCF_016899425.1;GCF_053038975.1;GCF_053209605.1;GCF_905400185.1;MF6;MF7	GCF_016899425.1|KEDGBJ_01489;GCF_053038975.1|AHCKDM_01453;GCF_053209605.1|GFFINM_01455;GCF_905400185.1|DKPOPA_01476;MF6|CFFIHE_01503;MF7|EFEKAH_00961
GCF_016899425.1|KEDGBJ_01490	6	6	1	1	GCF_016899425.1;GCF_053038975.1;GCF_053209605.1;GCF_905400185.1;MF6;MF7	GCF_016899425.1|KEDGBJ_01490;GCF_053038975.1|AHCKDM_01454;GCF_053209605.1|GFFINM_01456;GCF_905400185.1|DKPOPA_01477;MF6|CFFIHE_01504;MF7|EFEKAH_00962
GCF_016899425.1|KEDGBJ_01491	6	6	1	1	GCF_016899425.1;GCF_053038975.1;GCF_053209605.1;GCF_905400185.1;MF6;MF7	GCF_016899425.1|KEDGBJ_01491;GCF_053038975.1|AHCKDM_01455;GCF_053209605.1|GFFINM_01457;GCF_905400185.1|DKPOPA_01478;MF6|CFFIHE_01505;MF7|EFEKAH_00963
GCF_016899425.1|KEDGBJ_01492	6	6	1	1	GCF_016899425.1;GCF_053038975.1;GCF_053209605.1;GCF_905400185.1;MF6;MF7	GCF_016899425.1|KEDGBJ_01492;GCF_053038975.1|AHCKDM_01456;GCF_053209605.1|GFFINM_01458;GCF_905400185.1|DKPOPA_01479;MF6|CFFIHE_01506;MF7|EFEKAH_00964
GCF_016899425.1|KEDGBJ_01494	6	6	1	1	GCF_016899425.1;GCF_053038975.1;GCF_053209605.1;GCF_905400185.1;MF6;MF7	GCF_016899425.1|KEDGBJ_01494;GCF_053038975.1|AHCKDM_01458;GCF_053209605.1|GFFINM_01460;GCF_905400185.1|DKPOPA_01481;MF6|CFFIHE_01508;MF7|EFEKAH_00966
GCF_016899425.1|KEDGBJ_01495	4	4	0	0	GCF_016899425.1;GCF_905400185.1;MF6;MF7	GCF_016899425.1|KEDGBJ_01495;GCF_905400185.1|DKPOPA_01482;MF6|CFFIHE_01509;MF7|EFEKAH_00967
GCF_016899425.1|KEDGBJ_01496	6	6	1	1	GCF_016899425.1;GCF_053038975.1;GCF_053209605.1;GCF_905400185.1;MF6;MF7	GCF_016899425.1|KEDGBJ_01496;GCF_053038975.1|AHCKDM_01459;GCF_053209605.1|GFFINM_01461;GCF_905400185.1|DKPOPA_01483;MF6|CFFIHE_01510;MF7|EFEKAH_00968
GCF_016899425.1|KEDGBJ_01497	6	6	1	1	GCF_016899425.1;GCF_053038975.1;GCF_053209605.1;GCF_905400185.1;MF6;MF7	GCF_016899425.1|KEDGBJ_01497;GCF_053038975.1|AHCKDM_01460;GCF_053209605.1|GFFINM_01462;GCF_905400185.1|DKPOPA_01484;MF6|CFFIHE_01511;MF7|EFEKAH_00969
GCF_016899425.1|KEDGBJ_01499	6	6	1	1	GCF_016899425.1;GCF_053038975.1;GCF_053209605.1;GCF_905400185.1;MF6;MF7	GCF_016899425.1|KEDGBJ_01499;GCF_053038975.1|AHCKDM_01462;GCF_053209605.1|GFFINM_01464;GCF_905400185.1|DKPOPA_01486;MF6|CFFIHE_01513;MF7|EFEKAH_00971
GCF_016899425.1|KEDGBJ_01500	6	6	1	1	GCF_016899425.1;GCF_053038975.1;GCF_053209605.1;GCF_905400185.1;MF6;MF7	GCF_016899425.1|KEDGBJ_01500;GCF_053038975.1|AHCKDM_01463;GCF_053209605.1|GFFINM_01465;GCF_905400185.1|DKPOPA_01487;MF6|CFFIHE_01514;MF7|EFEKAH_00972
GCF_016899425.1|KEDGBJ_01501	6	6	1	1	GCF_016899425.1;GCF_053038975.1;GCF_053209605.1;GCF_905400185.1;MF6;MF7	GCF_016899425.1|KEDGBJ_01501;GCF_053038975.1|AHCKDM_01464;GCF_053209605.1|GFFINM_01466;GCF_905400185.1|DKPOPA_01488;MF6|CFFIHE_01515;MF7|EFEKAH_00973
GCF_016899425.1|KEDGBJ_01502	6	6	1	1	GCF_016899425.1;GCF_053038975.1;GCF_053209605.1;GCF_905400185.1;MF6;MF7	GCF_016899425.1|KEDGBJ_01502;GCF_053038975.1|AHCKDM_01465;GCF_053209605.1|GFFINM_01467;GCF_905400185.1|DKPOPA_01489;MF6|CFFIHE_01516;MF7|EFEKAH_00974
GCF_016899425.1|KEDGBJ_01503	6	6	1	1	GCF_016899425.1;GCF_053038975.1;GCF_053209605.1;GCF_905400185.1;MF6;MF7	GCF_016899425.1|KEDGBJ_01503;GCF_053038975.1|AHCKDM_01466;GCF_053209605.1|GFFINM_01468;GCF_905400185.1|DKPOPA_01490;MF6|CFFIHE_01517;MF7|EFEKAH_00975
GCF_016899425.1|KEDGBJ_01504	6	6	1	1	GCF_016899425.1;GCF_053038975.1;GCF_053209605.1;GCF_905400185.1;MF6;MF7	GCF_016899425.1|KEDGBJ_01504;GCF_053038975.1|AHCKDM_01467;GCF_053209605.1|GFFINM_01469;GCF_905400185.1|DKPOPA_01491;MF6|CFFIHE_01518;MF7|EFEKAH_00976
GCF_016899425.1|KEDGBJ_01505	6	6	1	1	GCF_016899425.1;GCF_053038975.1;GCF_053209605.1;GCF_905400185.1;MF6;MF7	GCF_016899425.1|KEDGBJ_01505;GCF_053038975.1|AHCKDM_01468;GCF_053209605.1|GFFINM_01470;GCF_905400185.1|DKPOPA_01492;MF6|CFFIHE_01519;MF7|EFEKAH_00977
GCF_016899425.1|KEDGBJ_01508	6	6	1	1	GCF_016899425.1;GCF_053038975.1;GCF_053209605.1;GCF_905400185.1;MF6;MF7	GCF_016899425.1|KEDGBJ_01508;GCF_053038975.1|AHCKDM_01471;GCF_053209605.1|GFFINM_01473;GCF_905400185.1|DKPOPA_01495;MF6|CFFIHE_01522;MF7|EFEKAH_00980
GCF_016899425.1|KEDGBJ_01509	6	6	1	1	GCF_016899425.1;GCF_053038975.1;GCF_053209605.1;GCF_905400185.1;MF6;MF7	GCF_016899425.1|KEDGBJ_01509;GCF_053038975.1|AHCKDM_01472;GCF_053209605.1|GFFINM_01474;GCF_905400185.1|DKPOPA_01496;MF6|CFFIHE_01523;MF7|EFEKAH_00981
GCF_016899425.1|KEDGBJ_01511	6	6	1	1	GCF_016899425.1;GCF_053038975.1;GCF_053209605.1;GCF_905400185.1;MF6;MF7	GCF_016899425.1|KEDGBJ_01511;GCF_053038975.1|AHCKDM_01474;GCF_053209605.1|GFFINM_01476;GCF_905400185.1|DKPOPA_01498;MF6|CFFIHE_01525;MF7|EFEKAH_00983
GCF_016899425.1|KEDGBJ_01512	6	6	1	1	GCF_016899425.1;GCF_053038975.1;GCF_053209605.1;GCF_905400185.1;MF6;MF7	GCF_016899425.1|KEDGBJ_01512;GCF_053038975.1|AHCKDM_01475;GCF_053209605.1|GFFINM_01477;GCF_905400185.1|DKPOPA_01499;MF6|CFFIHE_01526;MF7|EFEKAH_00984
GCF_016899425.1|KEDGBJ_01513	6	6	1	1	GCF_016899425.1;GCF_053038975.1;GCF_053209605.1;GCF_905400185.1;MF6;MF7	GCF_016899425.1|KEDGBJ_01513;GCF_053038975.1|AHCKDM_01476;GCF_053209605.1|GFFINM_01478;GCF_905400185.1|DKPOPA_01500;MF6|CFFIHE_01527;MF7|EFEKAH_00985
GCF_016899425.1|KEDGBJ_01514	6	6	1	1	GCF_016899425.1;GCF_053038975.1;GCF_053209605.1;GCF_905400185.1;MF6;MF7	GCF_016899425.1|KEDGBJ_01514;GCF_053038975.1|AHCKDM_01477;GCF_053209605.1|GFFINM_01479;GCF_905400185.1|DKPOPA_01501;MF6|CFFIHE_01528;MF7|EFEKAH_00986
GCF_016899425.1|KEDGBJ_01515	6	6	1	1	GCF_016899425.1;GCF_053038975.1;GCF_053209605.1;GCF_905400185.1;MF6;MF7	GCF_016899425.1|KEDGBJ_01515;GCF_053038975.1|AHCKDM_01478;GCF_053209605.1|GFFINM_01480;GCF_905400185.1|DKPOPA_01502;MF6|CFFIHE_01529;MF7|EFEKAH_00987
GCF_016899425.1|KEDGBJ_01516	6	6	1	1	GCF_016899425.1;GCF_053038975.1;GCF_053209605.1;GCF_905400185.1;MF6;MF7	GCF_016899425.1|KEDGBJ_01516;GCF_053038975.1|AHCKDM_01479;GCF_053209605.1|GFFINM_01481;GCF_905400185.1|DKPOPA_01503;MF6|CFFIHE_01530;MF7|EFEKAH_00988
GCF_016899425.1|KEDGBJ_01517	6	6	1	1	GCF_016899425.1;GCF_053038975.1;GCF_053209605.1;GCF_905400185.1;MF6;MF7	GCF_016899425.1|KEDGBJ_01517;GCF_053038975.1|AHCKDM_01480;GCF_053209605.1|GFFINM_01482;GCF_905400185.1|DKPOPA_01504;MF6|CFFIHE_01531;MF7|EFEKAH_00989
GCF_016899425.1|KEDGBJ_01518	6	6	1	1	GCF_016899425.1;GCF_053038975.1;GCF_053209605.1;GCF_905400185.1;MF6;MF7	GCF_016899425.1|KEDGBJ_01518;GCF_053038975.1|AHCKDM_01481;GCF_053209605.1|GFFINM_01483;GCF_905400185.1|DKPOPA_01505;MF6|CFFIHE_01532;MF7|EFEKAH_00990
GCF_016899425.1|KEDGBJ_01519	6	6	1	1	GCF_016899425.1;GCF_053038975.1;GCF_053209605.1;GCF_905400185.1;MF6;MF7	GCF_016899425.1|KEDGBJ_01519;GCF_053038975.1|AHCKDM_01482;GCF_053209605.1|GFFINM_01484;GCF_905400185.1|DKPOPA_01506;MF6|CFFIHE_01533;MF7|EFEKAH_00991
GCF_016899425.1|KEDGBJ_01520	6	6	1	1	GCF_016899425.1;GCF_053038975.1;GCF_053209605.1;GCF_905400185.1;MF6;MF7	GCF_016899425.1|KEDGBJ_01520;GCF_053038975.1|AHCKDM_01483;GCF_053209605.1|GFFINM_01485;GCF_905400185.1|DKPOPA_01507;MF6|CFFIHE_01534;MF7|EFEKAH_00992
GCF_016899425.1|KEDGBJ_01521	6	6	1	1	GCF_016899425.1;GCF_053038975.1;GCF_053209605.1;GCF_905400185.1;MF6;MF7	GCF_016899425.1|KEDGBJ_01521;GCF_053038975.1|AHCKDM_01484;GCF_053209605.1|GFFINM_01486;GCF_905400185.1|DKPOPA_01508;MF6|CFFIHE_01535;MF7|EFEKAH_00993
GCF_016899425.1|KEDGBJ_01522	6	6	1	1	GCF_016899425.1;GCF_053038975.1;GCF_053209605.1;GCF_905400185.1;MF6;MF7	GCF_016899425.1|KEDGBJ_01522;GCF_053038975.1|AHCKDM_01485;GCF_053209605.1|GFFINM_01487;GCF_905400185.1|DKPOPA_01509;MF6|CFFIHE_01536;MF7|EFEKAH_00994
GCF_016899425.1|KEDGBJ_01523	6	6	1	1	GCF_016899425.1;GCF_053038975.1;GCF_053209605.1;GCF_905400185.1;MF6;MF7	GCF_016899425.1|KEDGBJ_01523;GCF_053038975.1|AHCKDM_01486;GCF_053209605.1|GFFINM_01488;GCF_905400185.1|DKPOPA_01510;MF6|CFFIHE_01537;MF7|EFEKAH_00995
GCF_016899425.1|KEDGBJ_01524	6	6	1	1	GCF_016899425.1;GCF_053038975.1;GCF_053209605.1;GCF_905400185.1;MF6;MF7	GCF_016899425.1|KEDGBJ_01524;GCF_053038975.1|AHCKDM_01487;GCF_053209605.1|GFFINM_01489;GCF_905400185.1|DKPOPA_01511;MF6|CFFIHE_01538;MF7|EFEKAH_00996
GCF_016899425.1|KEDGBJ_01525	6	6	1	1	GCF_016899425.1;GCF_053038975.1;GCF_053209605.1;GCF_905400185.1;MF6;MF7	GCF_016899425.1|KEDGBJ_01525;GCF_053038975.1|AHCKDM_01488;GCF_053209605.1|GFFINM_01490;GCF_905400185.1|DKPOPA_01512;MF6|CFFIHE_01539;MF7|EFEKAH_00997
GCF_016899425.1|KEDGBJ_01526	6	6	1	1	GCF_016899425.1;GCF_053038975.1;GCF_053209605.1;GCF_905400185.1;MF6;MF7	GCF_016899425.1|KEDGBJ_01526;GCF_053038975.1|AHCKDM_01489;GCF_053209605.1|GFFINM_01491;GCF_905400185.1|DKPOPA_01513;MF6|CFFIHE_01540;MF7|EFEKAH_00998
GCF_016899425.1|KEDGBJ_01527	4	4	0	0	GCF_016899425.1;GCF_905400185.1;MF6;MF7	GCF_016899425.1|KEDGBJ_01527;GCF_905400185.1|DKPOPA_01514;MF6|CFFIHE_01541;MF7|EFEKAH_00999
GCF_016899425.1|KEDGBJ_01528	4	4	0	0	GCF_016899425.1;GCF_905400185.1;MF6;MF7	GCF_016899425.1|KEDGBJ_01528;GCF_905400185.1|DKPOPA_01515;MF6|CFFIHE_01542;MF7|EFEKAH_01000
GCF_016899425.1|KEDGBJ_01529	4	4	0	0	GCF_016899425.1;GCF_905400185.1;MF6;MF7	GCF_016899425.1|KEDGBJ_01529;GCF_905400185.1|DKPOPA_01516;MF6|CFFIHE_01543;MF7|EFEKAH_01001
GCF_016899425.1|KEDGBJ_01530	4	4	0	0	GCF_016899425.1;GCF_905400185.1;MF6;MF7	GCF_016899425.1|KEDGBJ_01530;GCF_905400185.1|DKPOPA_01517;MF6|CFFIHE_01544;MF7|EFEKAH_01002
GCF_016899425.1|KEDGBJ_01531	4	4	0	0	GCF_016899425.1;GCF_905400185.1;MF6;MF7	GCF_016899425.1|KEDGBJ_01531;GCF_905400185.1|DKPOPA_01518;MF6|CFFIHE_01545;MF7|EFEKAH_01003
GCF_016899425.1|KEDGBJ_01532	4	4	0	0	GCF_016899425.1;GCF_905400185.1;MF6;MF7	GCF_016899425.1|KEDGBJ_01532;GCF_905400185.1|DKPOPA_01519;MF6|CFFIHE_01546;MF7|EFEKAH_01004
GCF_016899425.1|KEDGBJ_01533	4	4	0	0	GCF_016899425.1;GCF_905400185.1;MF6;MF7	GCF_016899425.1|KEDGBJ_01533;GCF_905400185.1|DKPOPA_01520;MF6|CFFIHE_01547;MF7|EFEKAH_01005
GCF_016899425.1|KEDGBJ_01535	4	4	0	0	GCF_016899425.1;GCF_905400185.1;MF6;MF7	GCF_016899425.1|KEDGBJ_01535;GCF_905400185.1|DKPOPA_01522;MF6|CFFIHE_01549;MF7|EFEKAH_01007
GCF_016899425.1|KEDGBJ_01536	4	4	0	0	GCF_016899425.1;GCF_905400185.1;MF6;MF7	GCF_016899425.1|KEDGBJ_01536;GCF_905400185.1|DKPOPA_01523;MF6|CFFIHE_01550;MF7|EFEKAH_01008
GCF_016899425.1|KEDGBJ_01537	4	4	0	0	GCF_016899425.1;GCF_905400185.1;MF6;MF7	GCF_016899425.1|KEDGBJ_01537;GCF_905400185.1|DKPOPA_01524;MF6|CFFIHE_01551;MF7|EFEKAH_01009
GCF_016899425.1|KEDGBJ_01538	4	4	0	0	GCF_016899425.1;GCF_905400185.1;MF6;MF7	GCF_016899425.1|KEDGBJ_01538;GCF_905400185.1|DKPOPA_01525;MF6|CFFIHE_01552;MF7|EFEKAH_01010
GCF_016899425.1|KEDGBJ_01539	4	4	0	0	GCF_016899425.1;GCF_905400185.1;MF6;MF7	GCF_016899425.1|KEDGBJ_01539;GCF_905400185.1|DKPOPA_01526;MF6|CFFIHE_01553;MF7|EFEKAH_01011
GCF_016899425.1|KEDGBJ_01540	6	6	1	1	GCF_016899425.1;GCF_053038975.1;GCF_053209605.1;GCF_905400185.1;MF6;MF7	GCF_016899425.1|KEDGBJ_01540;GCF_053038975.1|AHCKDM_01502;GCF_053209605.1|GFFINM_01504;GCF_905400185.1|DKPOPA_01527;MF6|CFFIHE_01554;MF7|EFEKAH_01012
GCF_016899425.1|KEDGBJ_01541	6	6	1	1	GCF_016899425.1;GCF_053038975.1;GCF_053209605.1;GCF_905400185.1;MF6;MF7	GCF_016899425.1|KEDGBJ_01541;GCF_053038975.1|AHCKDM_01503;GCF_053209605.1|GFFINM_01505;GCF_905400185.1|DKPOPA_01528;MF6|CFFIHE_01555;MF7|EFEKAH_01013
GCF_016899425.1|KEDGBJ_01544	6	6	1	1	GCF_016899425.1;GCF_053038975.1;GCF_053209605.1;GCF_905400185.1;MF6;MF7	GCF_016899425.1|KEDGBJ_01544;GCF_053038975.1|AHCKDM_01506;GCF_053209605.1|GFFINM_01508;GCF_905400185.1|DKPOPA_01531;MF6|CFFIHE_01558;MF7|EFEKAH_01016
GCF_016899425.1|KEDGBJ_01545	6	6	1	1	GCF_016899425.1;GCF_053038975.1;GCF_053209605.1;GCF_905400185.1;MF6;MF7	GCF_016899425.1|KEDGBJ_01545;GCF_053038975.1|AHCKDM_01507;GCF_053209605.1|GFFINM_01509;GCF_905400185.1|DKPOPA_01532;MF6|CFFIHE_01559;MF7|EFEKAH_01017
GCF_016899425.1|KEDGBJ_01546	6	6	1	1	GCF_016899425.1;GCF_053038975.1;GCF_053209605.1;GCF_905400185.1;MF6;MF7	GCF_016899425.1|KEDGBJ_01546;GCF_053038975.1|AHCKDM_01508;GCF_053209605.1|GFFINM_01510;GCF_905400185.1|DKPOPA_01533;MF6|CFFIHE_01560;MF7|EFEKAH_01018
GCF_016899425.1|KEDGBJ_01547	6	6	1	1	GCF_016899425.1;GCF_053038975.1;GCF_053209605.1;GCF_905400185.1;MF6;MF7	GCF_016899425.1|KEDGBJ_01547;GCF_053038975.1|AHCKDM_01509;GCF_053209605.1|GFFINM_01511;GCF_905400185.1|DKPOPA_01534;MF6|CFFIHE_01561;MF7|EFEKAH_01019
GCF_016899425.1|KEDGBJ_01548	6	6	1	1	GCF_016899425.1;GCF_053038975.1;GCF_053209605.1;GCF_905400185.1;MF6;MF7	GCF_016899425.1|KEDGBJ_01548;GCF_053038975.1|AHCKDM_01510;GCF_053209605.1|GFFINM_01512;GCF_905400185.1|DKPOPA_01535;MF6|CFFIHE_01562;MF7|EFEKAH_01020
GCF_016899425.1|KEDGBJ_01549	6	6	1	1	GCF_016899425.1;GCF_053038975.1;GCF_053209605.1;GCF_905400185.1;MF6;MF7	GCF_016899425.1|KEDGBJ_01549;GCF_053038975.1|AHCKDM_01511;GCF_053209605.1|GFFINM_01513;GCF_905400185.1|DKPOPA_01536;MF6|CFFIHE_01563;MF7|EFEKAH_01021
GCF_016899425.1|KEDGBJ_01550	6	6	1	1	GCF_016899425.1;GCF_053038975.1;GCF_053209605.1;GCF_905400185.1;MF6;MF7	GCF_016899425.1|KEDGBJ_01550;GCF_053038975.1|AHCKDM_01512;GCF_053209605.1|GFFINM_01514;GCF_905400185.1|DKPOPA_01537;MF6|CFFIHE_01564;MF7|EFEKAH_01022
GCF_016899425.1|KEDGBJ_01551	6	6	1	1	GCF_016899425.1;GCF_053038975.1;GCF_053209605.1;GCF_905400185.1;MF6;MF7	GCF_016899425.1|KEDGBJ_01551;GCF_053038975.1|AHCKDM_01513;GCF_053209605.1|GFFINM_01515;GCF_905400185.1|DKPOPA_01538;MF6|CFFIHE_01565;MF7|EFEKAH_01023
GCF_016899425.1|KEDGBJ_01552	6	6	1	1	GCF_016899425.1;GCF_053038975.1;GCF_053209605.1;GCF_905400185.1;MF6;MF7	GCF_016899425.1|KEDGBJ_01552;GCF_053038975.1|AHCKDM_01514;GCF_053209605.1|GFFINM_01516;GCF_905400185.1|DKPOPA_01539;MF6|CFFIHE_01566;MF7|EFEKAH_01024
GCF_016899425.1|KEDGBJ_01554	6	6	1	1	GCF_016899425.1;GCF_053038975.1;GCF_053209605.1;GCF_905400185.1;MF6;MF7	GCF_016899425.1|KEDGBJ_01554;GCF_053038975.1|AHCKDM_01516;GCF_053209605.1|GFFINM_01518;GCF_905400185.1|DKPOPA_01541;MF6|CFFIHE_01568;MF7|EFEKAH_01026
GCF_016899425.1|KEDGBJ_01555	6	6	1	1	GCF_016899425.1;GCF_053038975.1;GCF_053209605.1;GCF_905400185.1;MF6;MF7	GCF_016899425.1|KEDGBJ_01555;GCF_053038975.1|AHCKDM_01517;GCF_053209605.1|GFFINM_01519;GCF_905400185.1|DKPOPA_01542;MF6|CFFIHE_01569;MF7|EFEKAH_01027
GCF_016899425.1|KEDGBJ_01556	6	6	1	1	GCF_016899425.1;GCF_053038975.1;GCF_053209605.1;GCF_905400185.1;MF6;MF7	GCF_016899425.1|KEDGBJ_01556;GCF_053038975.1|AHCKDM_01518;GCF_053209605.1|GFFINM_01520;GCF_905400185.1|DKPOPA_01543;MF6|CFFIHE_01570;MF7|EFEKAH_01028
GCF_016899425.1|KEDGBJ_01557	4	4	0	0	GCF_016899425.1;GCF_905400185.1;MF6;MF7	GCF_016899425.1|KEDGBJ_01557;GCF_905400185.1|DKPOPA_01544;MF6|CFFIHE_01571;MF7|EFEKAH_01029
GCF_016899425.1|KEDGBJ_01559	6	6	1	1	GCF_016899425.1;GCF_053038975.1;GCF_053209605.1;GCF_905400185.1;MF6;MF7	GCF_016899425.1|KEDGBJ_01559;GCF_053038975.1|AHCKDM_01522;GCF_053209605.1|GFFINM_01524;GCF_905400185.1|DKPOPA_01546;MF6|CFFIHE_01573;MF7|EFEKAH_01031
GCF_016899425.1|KEDGBJ_01561	4	4	0	0	GCF_016899425.1;GCF_905400185.1;MF6;MF7	GCF_016899425.1|KEDGBJ_01561;GCF_905400185.1|DKPOPA_01548;MF6|CFFIHE_01575;MF7|EFEKAH_01033
GCF_016899425.1|KEDGBJ_01563	4	4	0	0	GCF_016899425.1;GCF_905400185.1;MF6;MF7	GCF_016899425.1|KEDGBJ_01563;GCF_905400185.1|DKPOPA_01550;MF6|CFFIHE_01577;MF7|EFEKAH_01035
GCF_016899425.1|KEDGBJ_01564	4	4	0	0	GCF_016899425.1;GCF_905400185.1;MF6;MF7	GCF_016899425.1|KEDGBJ_01564;GCF_905400185.1|DKPOPA_01551;MF6|CFFIHE_01578;MF7|EFEKAH_01036
GCF_016899425.1|KEDGBJ_01565	4	4	0	0	GCF_016899425.1;GCF_905400185.1;MF6;MF7	GCF_016899425.1|KEDGBJ_01565;GCF_905400185.1|DKPOPA_01552;MF6|CFFIHE_01579;MF7|EFEKAH_01037
GCF_016899425.1|KEDGBJ_01566	4	4	0	0	GCF_016899425.1;GCF_905400185.1;MF6;MF7	GCF_016899425.1|KEDGBJ_01566;GCF_905400185.1|DKPOPA_01553;MF6|CFFIHE_01580;MF7|EFEKAH_01038
GCF_016899425.1|KEDGBJ_01567	4	4	0	0	GCF_016899425.1;GCF_905400185.1;MF6;MF7	GCF_016899425.1|KEDGBJ_01567;GCF_905400185.1|DKPOPA_01554;MF6|CFFIHE_01581;MF7|EFEKAH_01039
GCF_016899425.1|KEDGBJ_01568	4	4	0	0	GCF_016899425.1;GCF_905400185.1;MF6;MF7	GCF_016899425.1|KEDGBJ_01568;GCF_905400185.1|DKPOPA_01555;MF6|CFFIHE_01582;MF7|EFEKAH_01040
GCF_016899425.1|KEDGBJ_01569	4	4	0	0	GCF_016899425.1;GCF_905400185.1;MF6;MF7	GCF_016899425.1|KEDGBJ_01569;GCF_905400185.1|DKPOPA_01556;MF6|CFFIHE_01583;MF7|EFEKAH_01041
GCF_016899425.1|KEDGBJ_01570	4	4	0	0	GCF_016899425.1;GCF_905400185.1;MF6;MF7	GCF_016899425.1|KEDGBJ_01570;GCF_905400185.1|DKPOPA_01557;MF6|CFFIHE_01584;MF7|EFEKAH_01042
GCF_016899425.1|KEDGBJ_01572	4	4	0	0	GCF_016899425.1;GCF_905400185.1;MF6;MF7	GCF_016899425.1|KEDGBJ_01572;GCF_905400185.1|DKPOPA_01559;MF6|CFFIHE_01586;MF7|EFEKAH_01044
GCF_016899425.1|KEDGBJ_01573	4	4	0	0	GCF_016899425.1;GCF_905400185.1;MF6;MF7	GCF_016899425.1|KEDGBJ_01573;GCF_905400185.1|DKPOPA_01560;MF6|CFFIHE_01587;MF7|EFEKAH_01045
GCF_016899425.1|KEDGBJ_01574	4	4	0	0	GCF_016899425.1;GCF_905400185.1;MF6;MF7	GCF_016899425.1|KEDGBJ_01574;GCF_905400185.1|DKPOPA_01561;MF6|CFFIHE_01588;MF7|EFEKAH_01046
GCF_016899425.1|KEDGBJ_01575	4	4	0	0	GCF_016899425.1;GCF_905400185.1;MF6;MF7	GCF_016899425.1|KEDGBJ_01575;GCF_905400185.1|DKPOPA_01562;MF6|CFFIHE_01589;MF7|EFEKAH_01047
GCF_016899425.1|KEDGBJ_01576	4	4	0	0	GCF_016899425.1;GCF_905400185.1;MF6;MF7	GCF_016899425.1|KEDGBJ_01576;GCF_905400185.1|DKPOPA_01563;MF6|CFFIHE_01590;MF7|EFEKAH_01048
GCF_016899425.1|KEDGBJ_01577	4	4	0	0	GCF_016899425.1;GCF_905400185.1;MF6;MF7	GCF_016899425.1|KEDGBJ_01577;GCF_905400185.1|DKPOPA_01564;MF6|CFFIHE_01591;MF7|EFEKAH_01049
GCF_016899425.1|KEDGBJ_01578	4	4	0	0	GCF_016899425.1;GCF_905400185.1;MF6;MF7	GCF_016899425.1|KEDGBJ_01578;GCF_905400185.1|DKPOPA_01565;MF6|CFFIHE_01592;MF7|EFEKAH_01050
GCF_016899425.1|KEDGBJ_01579	4	4	0	0	GCF_016899425.1;GCF_905400185.1;MF6;MF7	GCF_016899425.1|KEDGBJ_01579;GCF_905400185.1|DKPOPA_01566;MF6|CFFIHE_01593;MF7|EFEKAH_01051
GCF_016899425.1|KEDGBJ_01580	4	4	0	0	GCF_016899425.1;GCF_905400185.1;MF6;MF7	GCF_016899425.1|KEDGBJ_01580;GCF_905400185.1|DKPOPA_01567;MF6|CFFIHE_01594;MF7|EFEKAH_01052
GCF_016899425.1|KEDGBJ_01581	4	4	0	0	GCF_016899425.1;GCF_905400185.1;MF6;MF7	GCF_016899425.1|KEDGBJ_01581;GCF_905400185.1|DKPOPA_01568;MF6|CFFIHE_01595;MF7|EFEKAH_01053
GCF_016899425.1|KEDGBJ_01583	6	6	1	1	GCF_016899425.1;GCF_053038975.1;GCF_053209605.1;GCF_905400185.1;MF6;MF7	GCF_016899425.1|KEDGBJ_01583;GCF_053038975.1|AHCKDM_01524;GCF_053209605.1|GFFINM_01526;GCF_905400185.1|DKPOPA_01570;MF6|CFFIHE_01597;MF7|EFEKAH_01055
GCF_016899425.1|KEDGBJ_01584	6	6	1	1	GCF_016899425.1;GCF_053038975.1;GCF_053209605.1;GCF_905400185.1;MF6;MF7	GCF_016899425.1|KEDGBJ_01584;GCF_053038975.1|AHCKDM_01525;GCF_053209605.1|GFFINM_01527;GCF_905400185.1|DKPOPA_01571;MF6|CFFIHE_01598;MF7|EFEKAH_01056
GCF_016899425.1|KEDGBJ_01585	6	6	1	1	GCF_016899425.1;GCF_053038975.1;GCF_053209605.1;GCF_905400185.1;MF6;MF7	GCF_016899425.1|KEDGBJ_01585;GCF_053038975.1|AHCKDM_01526;GCF_053209605.1|GFFINM_01528;GCF_905400185.1|DKPOPA_01572;MF6|CFFIHE_01599;MF7|EFEKAH_01057
GCF_016899425.1|KEDGBJ_01586	6	6	1	1	GCF_016899425.1;GCF_053038975.1;GCF_053209605.1;GCF_905400185.1;MF6;MF7	GCF_016899425.1|KEDGBJ_01586;GCF_053038975.1|AHCKDM_01527;GCF_053209605.1|GFFINM_01529;GCF_905400185.1|DKPOPA_01573;MF6|CFFIHE_01600;MF7|EFEKAH_01058
GCF_016899425.1|KEDGBJ_01587	6	6	1	1	GCF_016899425.1;GCF_053038975.1;GCF_053209605.1;GCF_905400185.1;MF6;MF7	GCF_016899425.1|KEDGBJ_01587;GCF_053038975.1|AHCKDM_01528;GCF_053209605.1|GFFINM_01530;GCF_905400185.1|DKPOPA_01574;MF6|CFFIHE_01601;MF7|EFEKAH_01059
GCF_016899425.1|KEDGBJ_01588	6	6	1	1	GCF_016899425.1;GCF_053038975.1;GCF_053209605.1;GCF_905400185.1;MF6;MF7	GCF_016899425.1|KEDGBJ_01588;GCF_053038975.1|AHCKDM_01529;GCF_053209605.1|GFFINM_01531;GCF_905400185.1|DKPOPA_01575;MF6|CFFIHE_01602;MF7|EFEKAH_01060
GCF_016899425.1|KEDGBJ_01589	6	6	1	1	GCF_016899425.1;GCF_053038975.1;GCF_053209605.1;GCF_905400185.1;MF6;MF7	GCF_016899425.1|KEDGBJ_01589;GCF_053038975.1|AHCKDM_01530;GCF_053209605.1|GFFINM_01532;GCF_905400185.1|DKPOPA_01576;MF6|CFFIHE_01603;MF7|EFEKAH_01061
GCF_016899425.1|KEDGBJ_01590	6	6	1	1	GCF_016899425.1;GCF_053038975.1;GCF_053209605.1;GCF_905400185.1;MF6;MF7	GCF_016899425.1|KEDGBJ_01590;GCF_053038975.1|AHCKDM_01531;GCF_053209605.1|GFFINM_01533;GCF_905400185.1|DKPOPA_01577;MF6|CFFIHE_01604;MF7|EFEKAH_01062
GCF_016899425.1|KEDGBJ_01592	6	6	1	1	GCF_016899425.1;GCF_053038975.1;GCF_053209605.1;GCF_905400185.1;MF6;MF7	GCF_016899425.1|KEDGBJ_01592;GCF_053038975.1|AHCKDM_01533;GCF_053209605.1|GFFINM_01535;GCF_905400185.1|DKPOPA_01579;MF6|CFFIHE_01606;MF7|EFEKAH_01064
GCF_016899425.1|KEDGBJ_01593	6	6	1	1	GCF_016899425.1;GCF_053038975.1;GCF_053209605.1;GCF_905400185.1;MF6;MF7	GCF_016899425.1|KEDGBJ_01593;GCF_053038975.1|AHCKDM_01534;GCF_053209605.1|GFFINM_01536;GCF_905400185.1|DKPOPA_01580;MF6|CFFIHE_01607;MF7|EFEKAH_01065
GCF_016899425.1|KEDGBJ_01594	6	6	1	1	GCF_016899425.1;GCF_053038975.1;GCF_053209605.1;GCF_905400185.1;MF6;MF7	GCF_016899425.1|KEDGBJ_01594;GCF_053038975.1|AHCKDM_01535;GCF_053209605.1|GFFINM_01537;GCF_905400185.1|DKPOPA_01581;MF6|CFFIHE_01608;MF7|EFEKAH_01066
GCF_016899425.1|KEDGBJ_01596	6	6	1	1	GCF_016899425.1;GCF_053038975.1;GCF_053209605.1;GCF_905400185.1;MF6;MF7	GCF_016899425.1|KEDGBJ_01596;GCF_053038975.1|AHCKDM_01537;GCF_053209605.1|GFFINM_01539;GCF_905400185.1|DKPOPA_01583;MF6|CFFIHE_01610;MF7|EFEKAH_01068
GCF_016899425.1|KEDGBJ_01597	6	6	1	1	GCF_016899425.1;GCF_053038975.1;GCF_053209605.1;GCF_905400185.1;MF6;MF7	GCF_016899425.1|KEDGBJ_01597;GCF_053038975.1|AHCKDM_01538;GCF_053209605.1|GFFINM_01540;GCF_905400185.1|DKPOPA_01584;MF6|CFFIHE_01611;MF7|EFEKAH_01069
GCF_016899425.1|KEDGBJ_01598	6	6	1	1	GCF_016899425.1;GCF_053038975.1;GCF_053209605.1;GCF_905400185.1;MF6;MF7	GCF_016899425.1|KEDGBJ_01598;GCF_053038975.1|AHCKDM_01539;GCF_053209605.1|GFFINM_01541;GCF_905400185.1|DKPOPA_01585;MF6|CFFIHE_01612;MF7|EFEKAH_01070
GCF_016899425.1|KEDGBJ_01599	6	6	1	1	GCF_016899425.1;GCF_053038975.1;GCF_053209605.1;GCF_905400185.1;MF6;MF7	GCF_016899425.1|KEDGBJ_01599;GCF_053038975.1|AHCKDM_01540;GCF_053209605.1|GFFINM_01542;GCF_905400185.1|DKPOPA_01586;MF6|CFFIHE_01613;MF7|EFEKAH_01071
GCF_016899425.1|KEDGBJ_01600	6	6	1	1	GCF_016899425.1;GCF_053038975.1;GCF_053209605.1;GCF_905400185.1;MF6;MF7	GCF_016899425.1|KEDGBJ_01600;GCF_053038975.1|AHCKDM_01541;GCF_053209605.1|GFFINM_01543;GCF_905400185.1|DKPOPA_01587;MF6|CFFIHE_01614;MF7|EFEKAH_01072
GCF_016899425.1|KEDGBJ_01601	6	6	1	1	GCF_016899425.1;GCF_053038975.1;GCF_053209605.1;GCF_905400185.1;MF6;MF7	GCF_016899425.1|KEDGBJ_01601;GCF_053038975.1|AHCKDM_01542;GCF_053209605.1|GFFINM_01544;GCF_905400185.1|DKPOPA_01588;MF6|CFFIHE_01615;MF7|EFEKAH_01073
GCF_016899425.1|KEDGBJ_01602	6	6	1	1	GCF_016899425.1;GCF_053038975.1;GCF_053209605.1;GCF_905400185.1;MF6;MF7	GCF_016899425.1|KEDGBJ_01602;GCF_053038975.1|AHCKDM_01543;GCF_053209605.1|GFFINM_01545;GCF_905400185.1|DKPOPA_01589;MF6|CFFIHE_01616;MF7|EFEKAH_01074
GCF_016899425.1|KEDGBJ_01603	6	6	1	1	GCF_016899425.1;GCF_053038975.1;GCF_053209605.1;GCF_905400185.1;MF6;MF7	GCF_016899425.1|KEDGBJ_01603;GCF_053038975.1|AHCKDM_01544;GCF_053209605.1|GFFINM_01546;GCF_905400185.1|DKPOPA_01590;MF6|CFFIHE_01617;MF7|EFEKAH_01075
GCF_016899425.1|KEDGBJ_01604	6	6	1	1	GCF_016899425.1;GCF_053038975.1;GCF_053209605.1;GCF_905400185.1;MF6;MF7	GCF_016899425.1|KEDGBJ_01604;GCF_053038975.1|AHCKDM_01545;GCF_053209605.1|GFFINM_01547;GCF_905400185.1|DKPOPA_01591;MF6|CFFIHE_01618;MF7|EFEKAH_01076
GCF_016899425.1|KEDGBJ_01605	6	6	1	1	GCF_016899425.1;GCF_053038975.1;GCF_053209605.1;GCF_905400185.1;MF6;MF7	GCF_016899425.1|KEDGBJ_01605;GCF_053038975.1|AHCKDM_01546;GCF_053209605.1|GFFINM_01548;GCF_905400185.1|DKPOPA_01592;MF6|CFFIHE_01619;MF7|EFEKAH_01077
GCF_016899425.1|KEDGBJ_01606	6	6	1	1	GCF_016899425.1;GCF_053038975.1;GCF_053209605.1;GCF_905400185.1;MF6;MF7	GCF_016899425.1|KEDGBJ_01606;GCF_053038975.1|AHCKDM_01547;GCF_053209605.1|GFFINM_01549;GCF_905400185.1|DKPOPA_01593;MF6|CFFIHE_01620;MF7|EFEKAH_01078
GCF_016899425.1|KEDGBJ_01609	6	6	1	1	GCF_016899425.1;GCF_053038975.1;GCF_053209605.1;GCF_905400185.1;MF6;MF7	GCF_016899425.1|KEDGBJ_01609;GCF_053038975.1|AHCKDM_01550;GCF_053209605.1|GFFINM_01552;GCF_905400185.1|DKPOPA_01596;MF6|CFFIHE_01623;MF7|EFEKAH_01081
GCF_016899425.1|KEDGBJ_01610	6	6	1	1	GCF_016899425.1;GCF_053038975.1;GCF_053209605.1;GCF_905400185.1;MF6;MF7	GCF_016899425.1|KEDGBJ_01610;GCF_053038975.1|AHCKDM_01551;GCF_053209605.1|GFFINM_01553;GCF_905400185.1|DKPOPA_01597;MF6|CFFIHE_01624;MF7|EFEKAH_01082
GCF_016899425.1|KEDGBJ_01611	6	6	1	1	GCF_016899425.1;GCF_053038975.1;GCF_053209605.1;GCF_905400185.1;MF6;MF7	GCF_016899425.1|KEDGBJ_01611;GCF_053038975.1|AHCKDM_01552;GCF_053209605.1|GFFINM_01554;GCF_905400185.1|DKPOPA_01598;MF6|CFFIHE_01625;MF7|EFEKAH_01083
GCF_016899425.1|KEDGBJ_01612	6	6	1	1	GCF_016899425.1;GCF_053038975.1;GCF_053209605.1;GCF_905400185.1;MF6;MF7	GCF_016899425.1|KEDGBJ_01612;GCF_053038975.1|AHCKDM_01553;GCF_053209605.1|GFFINM_01555;GCF_905400185.1|DKPOPA_01599;MF6|CFFIHE_01626;MF7|EFEKAH_01084
GCF_016899425.1|KEDGBJ_01613	6	6	1	1	GCF_016899425.1;GCF_053038975.1;GCF_053209605.1;GCF_905400185.1;MF6;MF7	GCF_016899425.1|KEDGBJ_01613;GCF_053038975.1|AHCKDM_01554;GCF_053209605.1|GFFINM_01556;GCF_905400185.1|DKPOPA_01600;MF6|CFFIHE_01627;MF7|EFEKAH_01085
GCF_016899425.1|KEDGBJ_01614	6	6	1	1	GCF_016899425.1;GCF_053038975.1;GCF_053209605.1;GCF_905400185.1;MF6;MF7	GCF_016899425.1|KEDGBJ_01614;GCF_053038975.1|AHCKDM_01555;GCF_053209605.1|GFFINM_01557;GCF_905400185.1|DKPOPA_01601;MF6|CFFIHE_01628;MF7|EFEKAH_01086
GCF_016899425.1|KEDGBJ_01615	6	6	1	1	GCF_016899425.1;GCF_053038975.1;GCF_053209605.1;GCF_905400185.1;MF6;MF7	GCF_016899425.1|KEDGBJ_01615;GCF_053038975.1|AHCKDM_01556;GCF_053209605.1|GFFINM_01558;GCF_905400185.1|DKPOPA_01602;MF6|CFFIHE_01629;MF7|EFEKAH_01087
GCF_016899425.1|KEDGBJ_01616	6	6	1	1	GCF_016899425.1;GCF_053038975.1;GCF_053209605.1;GCF_905400185.1;MF6;MF7	GCF_016899425.1|KEDGBJ_01616;GCF_053038975.1|AHCKDM_01558;GCF_053209605.1|GFFINM_01560;GCF_905400185.1|DKPOPA_01603;MF6|CFFIHE_01630;MF7|EFEKAH_01088
GCF_016899425.1|KEDGBJ_01617	6	6	1	1	GCF_016899425.1;GCF_053038975.1;GCF_053209605.1;GCF_905400185.1;MF6;MF7	GCF_016899425.1|KEDGBJ_01617;GCF_053038975.1|AHCKDM_01559;GCF_053209605.1|GFFINM_01561;GCF_905400185.1|DKPOPA_01604;MF6|CFFIHE_01631;MF7|EFEKAH_01089
GCF_016899425.1|KEDGBJ_01618	6	6	1	1	GCF_016899425.1;GCF_053038975.1;GCF_053209605.1;GCF_905400185.1;MF6;MF7	GCF_016899425.1|KEDGBJ_01618;GCF_053038975.1|AHCKDM_01560;GCF_053209605.1|GFFINM_01562;GCF_905400185.1|DKPOPA_01605;MF6|CFFIHE_01632;MF7|EFEKAH_01090
GCF_016899425.1|KEDGBJ_01619	6	6	1	1	GCF_016899425.1;GCF_053038975.1;GCF_053209605.1;GCF_905400185.1;MF6;MF7	GCF_016899425.1|KEDGBJ_01619;GCF_053038975.1|AHCKDM_01561;GCF_053209605.1|GFFINM_01563;GCF_905400185.1|DKPOPA_01606;MF6|CFFIHE_01633;MF7|EFEKAH_01091
GCF_016899425.1|KEDGBJ_01620	6	6	1	1	GCF_016899425.1;GCF_053038975.1;GCF_053209605.1;GCF_905400185.1;MF6;MF7	GCF_016899425.1|KEDGBJ_01620;GCF_053038975.1|AHCKDM_01562;GCF_053209605.1|GFFINM_01564;GCF_905400185.1|DKPOPA_01607;MF6|CFFIHE_01634;MF7|EFEKAH_01092
GCF_016899425.1|KEDGBJ_01622	6	6	1	1	GCF_016899425.1;GCF_053038975.1;GCF_053209605.1;GCF_905400185.1;MF6;MF7	GCF_016899425.1|KEDGBJ_01622;GCF_053038975.1|AHCKDM_01564;GCF_053209605.1|GFFINM_01566;GCF_905400185.1|DKPOPA_01609;MF6|CFFIHE_01636;MF7|EFEKAH_01094
GCF_016899425.1|KEDGBJ_01623	6	6	1	1	GCF_016899425.1;GCF_053038975.1;GCF_053209605.1;GCF_905400185.1;MF6;MF7	GCF_016899425.1|KEDGBJ_01623;GCF_053038975.1|AHCKDM_01565;GCF_053209605.1|GFFINM_01567;GCF_905400185.1|DKPOPA_01610;MF6|CFFIHE_01637;MF7|EFEKAH_01095
GCF_016899425.1|KEDGBJ_01625	6	6	1	1	GCF_016899425.1;GCF_053038975.1;GCF_053209605.1;GCF_905400185.1;MF6;MF7	GCF_016899425.1|KEDGBJ_01625;GCF_053038975.1|AHCKDM_01567;GCF_053209605.1|GFFINM_01569;GCF_905400185.1|DKPOPA_01612;MF6|CFFIHE_01639;MF7|EFEKAH_01097
GCF_016899425.1|KEDGBJ_01626	6	6	1	1	GCF_016899425.1;GCF_053038975.1;GCF_053209605.1;GCF_905400185.1;MF6;MF7	GCF_016899425.1|KEDGBJ_01626;GCF_053038975.1|AHCKDM_01568;GCF_053209605.1|GFFINM_01570;GCF_905400185.1|DKPOPA_01613;MF6|CFFIHE_01640;MF7|EFEKAH_01098
GCF_016899425.1|KEDGBJ_01627	6	6	1	1	GCF_016899425.1;GCF_053038975.1;GCF_053209605.1;GCF_905400185.1;MF6;MF7	GCF_016899425.1|KEDGBJ_01627;GCF_053038975.1|AHCKDM_01569;GCF_053209605.1|GFFINM_01571;GCF_905400185.1|DKPOPA_01614;MF6|CFFIHE_01641;MF7|EFEKAH_01099
GCF_016899425.1|KEDGBJ_01628	6	6	1	1	GCF_016899425.1;GCF_053038975.1;GCF_053209605.1;GCF_905400185.1;MF6;MF7	GCF_016899425.1|KEDGBJ_01628;GCF_053038975.1|AHCKDM_01570;GCF_053209605.1|GFFINM_01572;GCF_905400185.1|DKPOPA_01615;MF6|CFFIHE_01642;MF7|EFEKAH_01100
GCF_016899425.1|KEDGBJ_01629	6	6	1	1	GCF_016899425.1;GCF_053038975.1;GCF_053209605.1;GCF_905400185.1;MF6;MF7	GCF_016899425.1|KEDGBJ_01629;GCF_053038975.1|AHCKDM_01571;GCF_053209605.1|GFFINM_01573;GCF_905400185.1|DKPOPA_01616;MF6|CFFIHE_01643;MF7|EFEKAH_01101
GCF_016899425.1|KEDGBJ_01630	6	6	1	1	GCF_016899425.1;GCF_053038975.1;GCF_053209605.1;GCF_905400185.1;MF6;MF7	GCF_016899425.1|KEDGBJ_01630;GCF_053038975.1|AHCKDM_01572;GCF_053209605.1|GFFINM_01574;GCF_905400185.1|DKPOPA_01617;MF6|CFFIHE_01644;MF7|EFEKAH_01102
GCF_016899425.1|KEDGBJ_01631	6	6	1	1	GCF_016899425.1;GCF_053038975.1;GCF_053209605.1;GCF_905400185.1;MF6;MF7	GCF_016899425.1|KEDGBJ_01631;GCF_053038975.1|AHCKDM_01573;GCF_053209605.1|GFFINM_01575;GCF_905400185.1|DKPOPA_01618;MF6|CFFIHE_01645;MF7|EFEKAH_01103
GCF_016899425.1|KEDGBJ_01632	6	6	1	1	GCF_016899425.1;GCF_053038975.1;GCF_053209605.1;GCF_905400185.1;MF6;MF7	GCF_016899425.1|KEDGBJ_01632;GCF_053038975.1|AHCKDM_01574;GCF_053209605.1|GFFINM_01576;GCF_905400185.1|DKPOPA_01619;MF6|CFFIHE_01646;MF7|EFEKAH_01104
GCF_016899425.1|KEDGBJ_01633	6	6	1	1	GCF_016899425.1;GCF_053038975.1;GCF_053209605.1;GCF_905400185.1;MF6;MF7	GCF_016899425.1|KEDGBJ_01633;GCF_053038975.1|AHCKDM_01575;GCF_053209605.1|GFFINM_01577;GCF_905400185.1|DKPOPA_01620;MF6|CFFIHE_01647;MF7|EFEKAH_01105
GCF_016899425.1|KEDGBJ_01634	6	6	1	1	GCF_016899425.1;GCF_053038975.1;GCF_053209605.1;GCF_905400185.1;MF6;MF7	GCF_016899425.1|KEDGBJ_01634;GCF_053038975.1|AHCKDM_01576;GCF_053209605.1|GFFINM_01578;GCF_905400185.1|DKPOPA_01621;MF6|CFFIHE_01648;MF7|EFEKAH_01106
GCF_016899425.1|KEDGBJ_01635	6	6	1	1	GCF_016899425.1;GCF_053038975.1;GCF_053209605.1;GCF_905400185.1;MF6;MF7	GCF_016899425.1|KEDGBJ_01635;GCF_053038975.1|AHCKDM_01577;GCF_053209605.1|GFFINM_01579;GCF_905400185.1|DKPOPA_01622;MF6|CFFIHE_01649;MF7|EFEKAH_01107
GCF_016899425.1|KEDGBJ_01636	6	6	1	1	GCF_016899425.1;GCF_053038975.1;GCF_053209605.1;GCF_905400185.1;MF6;MF7	GCF_016899425.1|KEDGBJ_01636;GCF_053038975.1|AHCKDM_01578;GCF_053209605.1|GFFINM_01580;GCF_905400185.1|DKPOPA_01623;MF6|CFFIHE_01650;MF7|EFEKAH_01108
GCF_016899425.1|KEDGBJ_01637	6	6	1	1	GCF_016899425.1;GCF_053038975.1;GCF_053209605.1;GCF_905400185.1;MF6;MF7	GCF_016899425.1|KEDGBJ_01637;GCF_053038975.1|AHCKDM_01579;GCF_053209605.1|GFFINM_01581;GCF_905400185.1|DKPOPA_01624;MF6|CFFIHE_01651;MF7|EFEKAH_01109
GCF_016899425.1|KEDGBJ_01638	6	6	1	1	GCF_016899425.1;GCF_053038975.1;GCF_053209605.1;GCF_905400185.1;MF6;MF7	GCF_016899425.1|KEDGBJ_01638;GCF_053038975.1|AHCKDM_01580;GCF_053209605.1|GFFINM_01582;GCF_905400185.1|DKPOPA_01625;MF6|CFFIHE_01652;MF7|EFEKAH_01110
GCF_016899425.1|KEDGBJ_01639	6	6	1	1	GCF_016899425.1;GCF_053038975.1;GCF_053209605.1;GCF_905400185.1;MF6;MF7	GCF_016899425.1|KEDGBJ_01639;GCF_053038975.1|AHCKDM_01581;GCF_053209605.1|GFFINM_01583;GCF_905400185.1|DKPOPA_01626;MF6|CFFIHE_01653;MF7|EFEKAH_01111
GCF_016899425.1|KEDGBJ_01640	6	6	1	1	GCF_016899425.1;GCF_053038975.1;GCF_053209605.1;GCF_905400185.1;MF6;MF7	GCF_016899425.1|KEDGBJ_01640;GCF_053038975.1|AHCKDM_01582;GCF_053209605.1|GFFINM_01584;GCF_905400185.1|DKPOPA_01627;MF6|CFFIHE_01654;MF7|EFEKAH_01112
GCF_016899425.1|KEDGBJ_01641	6	6	1	1	GCF_016899425.1;GCF_053038975.1;GCF_053209605.1;GCF_905400185.1;MF6;MF7	GCF_016899425.1|KEDGBJ_01641;GCF_053038975.1|AHCKDM_01583;GCF_053209605.1|GFFINM_01585;GCF_905400185.1|DKPOPA_01628;MF6|CFFIHE_01655;MF7|EFEKAH_01113
GCF_016899425.1|KEDGBJ_01642	6	6	1	1	GCF_016899425.1;GCF_053038975.1;GCF_053209605.1;GCF_905400185.1;MF6;MF7	GCF_016899425.1|KEDGBJ_01642;GCF_053038975.1|AHCKDM_01584;GCF_053209605.1|GFFINM_01586;GCF_905400185.1|DKPOPA_01629;MF6|CFFIHE_01656;MF7|EFEKAH_01114
GCF_016899425.1|KEDGBJ_01643	6	6	1	1	GCF_016899425.1;GCF_053038975.1;GCF_053209605.1;GCF_905400185.1;MF6;MF7	GCF_016899425.1|KEDGBJ_01643;GCF_053038975.1|AHCKDM_01585;GCF_053209605.1|GFFINM_01587;GCF_905400185.1|DKPOPA_01630;MF6|CFFIHE_01657;MF7|EFEKAH_01115
GCF_016899425.1|KEDGBJ_01644	6	6	1	1	GCF_016899425.1;GCF_053038975.1;GCF_053209605.1;GCF_905400185.1;MF6;MF7	GCF_016899425.1|KEDGBJ_01644;GCF_053038975.1|AHCKDM_01586;GCF_053209605.1|GFFINM_01588;GCF_905400185.1|DKPOPA_01631;MF6|CFFIHE_01658;MF7|EFEKAH_01116
GCF_016899425.1|KEDGBJ_01645	6	6	1	1	GCF_016899425.1;GCF_053038975.1;GCF_053209605.1;GCF_905400185.1;MF6;MF7	GCF_016899425.1|KEDGBJ_01645;GCF_053038975.1|AHCKDM_01587;GCF_053209605.1|GFFINM_01589;GCF_905400185.1|DKPOPA_01632;MF6|CFFIHE_01659;MF7|EFEKAH_01117
GCF_016899425.1|KEDGBJ_01646	6	6	1	1	GCF_016899425.1;GCF_053038975.1;GCF_053209605.1;GCF_905400185.1;MF6;MF7	GCF_016899425.1|KEDGBJ_01646;GCF_053038975.1|AHCKDM_01588;GCF_053209605.1|GFFINM_01590;GCF_905400185.1|DKPOPA_01633;MF6|CFFIHE_01660;MF7|EFEKAH_01118
GCF_016899425.1|KEDGBJ_01647	6	6	1	1	GCF_016899425.1;GCF_053038975.1;GCF_053209605.1;GCF_905400185.1;MF6;MF7	GCF_016899425.1|KEDGBJ_01647;GCF_053038975.1|AHCKDM_01589;GCF_053209605.1|GFFINM_01591;GCF_905400185.1|DKPOPA_01634;MF6|CFFIHE_01661;MF7|EFEKAH_01119
GCF_016899425.1|KEDGBJ_01648	6	6	1	1	GCF_016899425.1;GCF_053038975.1;GCF_053209605.1;GCF_905400185.1;MF6;MF7	GCF_016899425.1|KEDGBJ_01648;GCF_053038975.1|AHCKDM_01597;GCF_053209605.1|GFFINM_01599;GCF_905400185.1|DKPOPA_01635;MF6|CFFIHE_01662;MF7|EFEKAH_01120
GCF_016899425.1|KEDGBJ_01649	6	6	1	1	GCF_016899425.1;GCF_053038975.1;GCF_053209605.1;GCF_905400185.1;MF6;MF7	GCF_016899425.1|KEDGBJ_01649;GCF_053038975.1|AHCKDM_01598;GCF_053209605.1|GFFINM_01600;GCF_905400185.1|DKPOPA_01636;MF6|CFFIHE_01663;MF7|EFEKAH_01121
GCF_016899425.1|KEDGBJ_01650	6	6	1	1	GCF_016899425.1;GCF_053038975.1;GCF_053209605.1;GCF_905400185.1;MF6;MF7	GCF_016899425.1|KEDGBJ_01650;GCF_053038975.1|AHCKDM_01599;GCF_053209605.1|GFFINM_01601;GCF_905400185.1|DKPOPA_01637;MF6|CFFIHE_01664;MF7|EFEKAH_01122
GCF_016899425.1|KEDGBJ_01654	2	2	0	0	GCF_016899425.1;GCF_905400185.1	GCF_016899425.1|KEDGBJ_01654;GCF_905400185.1|DKPOPA_01640
GCF_016899425.1|KEDGBJ_01655	4	4	0	0	GCF_016899425.1;GCF_053038975.1;GCF_053209605.1;GCF_905400185.1	GCF_016899425.1|KEDGBJ_01655;GCF_053038975.1|AHCKDM_01603;GCF_053209605.1|GFFINM_01605;GCF_905400185.1|DKPOPA_01641
GCF_016899425.1|KEDGBJ_01656	6	6	1	1	GCF_016899425.1;GCF_053038975.1;GCF_053209605.1;GCF_905400185.1;MF6;MF7	GCF_016899425.1|KEDGBJ_01656;GCF_053038975.1|AHCKDM_01604;GCF_053209605.1|GFFINM_01606;GCF_905400185.1|DKPOPA_01642;MF6|CFFIHE_01665;MF7|EFEKAH_01123
GCF_016899425.1|KEDGBJ_01658	6	6	1	1	GCF_016899425.1;GCF_053038975.1;GCF_053209605.1;GCF_905400185.1;MF6;MF7	GCF_016899425.1|KEDGBJ_01658;GCF_053038975.1|AHCKDM_01606;GCF_053209605.1|GFFINM_01608;GCF_905400185.1|DKPOPA_01644;MF6|CFFIHE_01667;MF7|EFEKAH_01125
GCF_016899425.1|KEDGBJ_01659	6	6	1	1	GCF_016899425.1;GCF_053038975.1;GCF_053209605.1;GCF_905400185.1;MF6;MF7	GCF_016899425.1|KEDGBJ_01659;GCF_053038975.1|AHCKDM_01607;GCF_053209605.1|GFFINM_01609;GCF_905400185.1|DKPOPA_01645;MF6|CFFIHE_01668;MF7|EFEKAH_01126
GCF_016899425.1|KEDGBJ_01660	6	6	1	1	GCF_016899425.1;GCF_053038975.1;GCF_053209605.1;GCF_905400185.1;MF6;MF7	GCF_016899425.1|KEDGBJ_01660;GCF_053038975.1|AHCKDM_01608;GCF_053209605.1|GFFINM_01610;GCF_905400185.1|DKPOPA_01646;MF6|CFFIHE_01669;MF7|EFEKAH_01127
GCF_016899425.1|KEDGBJ_01661	6	6	1	1	GCF_016899425.1;GCF_053038975.1;GCF_053209605.1;GCF_905400185.1;MF6;MF7	GCF_016899425.1|KEDGBJ_01661;GCF_053038975.1|AHCKDM_01609;GCF_053209605.1|GFFINM_01611;GCF_905400185.1|DKPOPA_01647;MF6|CFFIHE_01670;MF7|EFEKAH_01128
GCF_016899425.1|KEDGBJ_01662	6	6	1	1	GCF_016899425.1;GCF_053038975.1;GCF_053209605.1;GCF_905400185.1;MF6;MF7	GCF_016899425.1|KEDGBJ_01662;GCF_053038975.1|AHCKDM_01610;GCF_053209605.1|GFFINM_01612;GCF_905400185.1|DKPOPA_01648;MF6|CFFIHE_01671;MF7|EFEKAH_01129
GCF_016899425.1|KEDGBJ_01664	6	6	1	1	GCF_016899425.1;GCF_053038975.1;GCF_053209605.1;GCF_905400185.1;MF6;MF7	GCF_016899425.1|KEDGBJ_01664;GCF_053038975.1|AHCKDM_01612;GCF_053209605.1|GFFINM_01614;GCF_905400185.1|DKPOPA_01650;MF6|CFFIHE_01673;MF7|EFEKAH_01131
GCF_016899425.1|KEDGBJ_01665	6	6	1	1	GCF_016899425.1;GCF_053038975.1;GCF_053209605.1;GCF_905400185.1;MF6;MF7	GCF_016899425.1|KEDGBJ_01665;GCF_053038975.1|AHCKDM_01613;GCF_053209605.1|GFFINM_01615;GCF_905400185.1|DKPOPA_01651;MF6|CFFIHE_01674;MF7|EFEKAH_01132
GCF_016899425.1|KEDGBJ_01666	6	6	1	1	GCF_016899425.1;GCF_053038975.1;GCF_053209605.1;GCF_905400185.1;MF6;MF7	GCF_016899425.1|KEDGBJ_01666;GCF_053038975.1|AHCKDM_01614;GCF_053209605.1|GFFINM_01616;GCF_905400185.1|DKPOPA_01652;MF6|CFFIHE_01675;MF7|EFEKAH_01133
GCF_016899425.1|KEDGBJ_01667	6	6	1	1	GCF_016899425.1;GCF_053038975.1;GCF_053209605.1;GCF_905400185.1;MF6;MF7	GCF_016899425.1|KEDGBJ_01667;GCF_053038975.1|AHCKDM_01615;GCF_053209605.1|GFFINM_01617;GCF_905400185.1|DKPOPA_01653;MF6|CFFIHE_01676;MF7|EFEKAH_01134
GCF_016899425.1|KEDGBJ_01668	6	6	1	1	GCF_016899425.1;GCF_053038975.1;GCF_053209605.1;GCF_905400185.1;MF6;MF7	GCF_016899425.1|KEDGBJ_01668;GCF_053038975.1|AHCKDM_01616;GCF_053209605.1|GFFINM_01618;GCF_905400185.1|DKPOPA_01654;MF6|CFFIHE_01677;MF7|EFEKAH_01135
GCF_016899425.1|KEDGBJ_01669	6	6	1	1	GCF_016899425.1;GCF_053038975.1;GCF_053209605.1;GCF_905400185.1;MF6;MF7	GCF_016899425.1|KEDGBJ_01669;GCF_053038975.1|AHCKDM_01617;GCF_053209605.1|GFFINM_01619;GCF_905400185.1|DKPOPA_01655;MF6|CFFIHE_01678;MF7|EFEKAH_01136
GCF_016899425.1|KEDGBJ_01670	6	6	1	1	GCF_016899425.1;GCF_053038975.1;GCF_053209605.1;GCF_905400185.1;MF6;MF7	GCF_016899425.1|KEDGBJ_01670;GCF_053038975.1|AHCKDM_01618;GCF_053209605.1|GFFINM_01620;GCF_905400185.1|DKPOPA_01656;MF6|CFFIHE_01679;MF7|EFEKAH_01137
GCF_016899425.1|KEDGBJ_01671	6	6	1	1	GCF_016899425.1;GCF_053038975.1;GCF_053209605.1;GCF_905400185.1;MF6;MF7	GCF_016899425.1|KEDGBJ_01671;GCF_053038975.1|AHCKDM_01619;GCF_053209605.1|GFFINM_01621;GCF_905400185.1|DKPOPA_01657;MF6|CFFIHE_01680;MF7|EFEKAH_01138
GCF_016899425.1|KEDGBJ_01672	6	6	1	1	GCF_016899425.1;GCF_053038975.1;GCF_053209605.1;GCF_905400185.1;MF6;MF7	GCF_016899425.1|KEDGBJ_01672;GCF_053038975.1|AHCKDM_01620;GCF_053209605.1|GFFINM_01622;GCF_905400185.1|DKPOPA_01658;MF6|CFFIHE_01681;MF7|EFEKAH_01139
GCF_016899425.1|KEDGBJ_01673	6	6	1	1	GCF_016899425.1;GCF_053038975.1;GCF_053209605.1;GCF_905400185.1;MF6;MF7	GCF_016899425.1|KEDGBJ_01673;GCF_053038975.1|AHCKDM_01621;GCF_053209605.1|GFFINM_01623;GCF_905400185.1|DKPOPA_01659;MF6|CFFIHE_01682;MF7|EFEKAH_01140
GCF_016899425.1|KEDGBJ_01674	6	6	1	1	GCF_016899425.1;GCF_053038975.1;GCF_053209605.1;GCF_905400185.1;MF6;MF7	GCF_016899425.1|KEDGBJ_01674;GCF_053038975.1|AHCKDM_01622;GCF_053209605.1|GFFINM_01624;GCF_905400185.1|DKPOPA_01660;MF6|CFFIHE_01683;MF7|EFEKAH_01141
GCF_016899425.1|KEDGBJ_01675	6	6	1	1	GCF_016899425.1;GCF_053038975.1;GCF_053209605.1;GCF_905400185.1;MF6;MF7	GCF_016899425.1|KEDGBJ_01675;GCF_053038975.1|AHCKDM_01623;GCF_053209605.1|GFFINM_01625;GCF_905400185.1|DKPOPA_01661;MF6|CFFIHE_01684;MF7|EFEKAH_01142
GCF_016899425.1|KEDGBJ_01676	6	6	1	1	GCF_016899425.1;GCF_053038975.1;GCF_053209605.1;GCF_905400185.1;MF6;MF7	GCF_016899425.1|KEDGBJ_01676;GCF_053038975.1|AHCKDM_01624;GCF_053209605.1|GFFINM_01626;GCF_905400185.1|DKPOPA_01662;MF6|CFFIHE_01685;MF7|EFEKAH_01143
GCF_016899425.1|KEDGBJ_01677	6	6	1	1	GCF_016899425.1;GCF_053038975.1;GCF_053209605.1;GCF_905400185.1;MF6;MF7	GCF_016899425.1|KEDGBJ_01677;GCF_053038975.1|AHCKDM_01625;GCF_053209605.1|GFFINM_01627;GCF_905400185.1|DKPOPA_01663;MF6|CFFIHE_01686;MF7|EFEKAH_01144
GCF_016899425.1|KEDGBJ_01678	6	6	1	1	GCF_016899425.1;GCF_053038975.1;GCF_053209605.1;GCF_905400185.1;MF6;MF7	GCF_016899425.1|KEDGBJ_01678;GCF_053038975.1|AHCKDM_01626;GCF_053209605.1|GFFINM_01628;GCF_905400185.1|DKPOPA_01664;MF6|CFFIHE_01687;MF7|EFEKAH_01145
GCF_016899425.1|KEDGBJ_01679	6	6	1	1	GCF_016899425.1;GCF_053038975.1;GCF_053209605.1;GCF_905400185.1;MF6;MF7	GCF_016899425.1|KEDGBJ_01679;GCF_053038975.1|AHCKDM_01627;GCF_053209605.1|GFFINM_01629;GCF_905400185.1|DKPOPA_01665;MF6|CFFIHE_01688;MF7|EFEKAH_01146
GCF_016899425.1|KEDGBJ_01680	6	6	1	1	GCF_016899425.1;GCF_053038975.1;GCF_053209605.1;GCF_905400185.1;MF6;MF7	GCF_016899425.1|KEDGBJ_01680;GCF_053038975.1|AHCKDM_01628;GCF_053209605.1|GFFINM_01630;GCF_905400185.1|DKPOPA_01666;MF6|CFFIHE_01689;MF7|EFEKAH_01147
GCF_016899425.1|KEDGBJ_01681	6	6	1	1	GCF_016899425.1;GCF_053038975.1;GCF_053209605.1;GCF_905400185.1;MF6;MF7	GCF_016899425.1|KEDGBJ_01681;GCF_053038975.1|AHCKDM_01629;GCF_053209605.1|GFFINM_01631;GCF_905400185.1|DKPOPA_01667;MF6|CFFIHE_01690;MF7|EFEKAH_01148
GCF_016899425.1|KEDGBJ_01682	4	4	0	0	GCF_016899425.1;GCF_905400185.1;MF6;MF7	GCF_016899425.1|KEDGBJ_01682;GCF_905400185.1|DKPOPA_01668;MF6|CFFIHE_01691;MF7|EFEKAH_01149
GCF_016899425.1|KEDGBJ_01683	4	4	0	0	GCF_016899425.1;GCF_905400185.1;MF6;MF7	GCF_016899425.1|KEDGBJ_01683;GCF_905400185.1|DKPOPA_01669;MF6|CFFIHE_01692;MF7|EFEKAH_01150
GCF_016899425.1|KEDGBJ_01684	6	6	1	1	GCF_016899425.1;GCF_053038975.1;GCF_053209605.1;GCF_905400185.1;MF6;MF7	GCF_016899425.1|KEDGBJ_01684;GCF_053038975.1|AHCKDM_01630;GCF_053209605.1|GFFINM_01632;GCF_905400185.1|DKPOPA_01670;MF6|CFFIHE_01693;MF7|EFEKAH_01151
GCF_016899425.1|KEDGBJ_01685	6	6	1	1	GCF_016899425.1;GCF_053038975.1;GCF_053209605.1;GCF_905400185.1;MF6;MF7	GCF_016899425.1|KEDGBJ_01685;GCF_053038975.1|AHCKDM_01631;GCF_053209605.1|GFFINM_01633;GCF_905400185.1|DKPOPA_01671;MF6|CFFIHE_01694;MF7|EFEKAH_01152
GCF_016899425.1|KEDGBJ_01686	6	6	1	1	GCF_016899425.1;GCF_053038975.1;GCF_053209605.1;GCF_905400185.1;MF6;MF7	GCF_016899425.1|KEDGBJ_01686;GCF_053038975.1|AHCKDM_01632;GCF_053209605.1|GFFINM_01634;GCF_905400185.1|DKPOPA_01672;MF6|CFFIHE_01695;MF7|EFEKAH_01153
GCF_016899425.1|KEDGBJ_01687	6	6	1	1	GCF_016899425.1;GCF_053038975.1;GCF_053209605.1;GCF_905400185.1;MF6;MF7	GCF_016899425.1|KEDGBJ_01687;GCF_053038975.1|AHCKDM_01633;GCF_053209605.1|GFFINM_01635;GCF_905400185.1|DKPOPA_01673;MF6|CFFIHE_01696;MF7|EFEKAH_01154
GCF_016899425.1|KEDGBJ_01688	6	6	1	1	GCF_016899425.1;GCF_053038975.1;GCF_053209605.1;GCF_905400185.1;MF6;MF7	GCF_016899425.1|KEDGBJ_01688;GCF_053038975.1|AHCKDM_01634;GCF_053209605.1|GFFINM_01636;GCF_905400185.1|DKPOPA_01674;MF6|CFFIHE_01697;MF7|EFEKAH_01155
GCF_016899425.1|KEDGBJ_01689	4	4	0	0	GCF_016899425.1;GCF_905400185.1;MF6;MF7	GCF_016899425.1|KEDGBJ_01689;GCF_905400185.1|DKPOPA_01675;MF6|CFFIHE_01698;MF7|EFEKAH_01156
GCF_016899425.1|KEDGBJ_01690	4	4	0	0	GCF_016899425.1;GCF_905400185.1;MF6;MF7	GCF_016899425.1|KEDGBJ_01690;GCF_905400185.1|DKPOPA_01676;MF6|CFFIHE_01699;MF7|EFEKAH_01157
GCF_016899425.1|KEDGBJ_01691	6	6	1	1	GCF_016899425.1;GCF_053038975.1;GCF_053209605.1;GCF_905400185.1;MF6;MF7	GCF_016899425.1|KEDGBJ_01691;GCF_053038975.1|AHCKDM_01635;GCF_053209605.1|GFFINM_01637;GCF_905400185.1|DKPOPA_01677;MF6|CFFIHE_01700;MF7|EFEKAH_01158
GCF_016899425.1|KEDGBJ_01692	6	6	1	1	GCF_016899425.1;GCF_053038975.1;GCF_053209605.1;GCF_905400185.1;MF6;MF7	GCF_016899425.1|KEDGBJ_01692;GCF_053038975.1|AHCKDM_01636;GCF_053209605.1|GFFINM_01638;GCF_905400185.1|DKPOPA_01678;MF6|CFFIHE_01701;MF7|EFEKAH_01159
GCF_016899425.1|KEDGBJ_01694	6	6	1	1	GCF_016899425.1;GCF_053038975.1;GCF_053209605.1;GCF_905400185.1;MF6;MF7	GCF_016899425.1|KEDGBJ_01694;GCF_053038975.1|AHCKDM_01638;GCF_053209605.1|GFFINM_01640;GCF_905400185.1|DKPOPA_01680;MF6|CFFIHE_01703;MF7|EFEKAH_01161
GCF_016899425.1|KEDGBJ_01695	6	6	1	1	GCF_016899425.1;GCF_053038975.1;GCF_053209605.1;GCF_905400185.1;MF6;MF7	GCF_016899425.1|KEDGBJ_01695;GCF_053038975.1|AHCKDM_01639;GCF_053209605.1|GFFINM_01641;GCF_905400185.1|DKPOPA_01681;MF6|CFFIHE_01704;MF7|EFEKAH_01162
GCF_016899425.1|KEDGBJ_01697	6	6	1	1	GCF_016899425.1;GCF_053038975.1;GCF_053209605.1;GCF_905400185.1;MF6;MF7	GCF_016899425.1|KEDGBJ_01697;GCF_053038975.1|AHCKDM_01641;GCF_053209605.1|GFFINM_01643;GCF_905400185.1|DKPOPA_01683;MF6|CFFIHE_01706;MF7|EFEKAH_01164
GCF_016899425.1|KEDGBJ_01699	6	6	1	1	GCF_016899425.1;GCF_053038975.1;GCF_053209605.1;GCF_905400185.1;MF6;MF7	GCF_016899425.1|KEDGBJ_01699;GCF_053038975.1|AHCKDM_01643;GCF_053209605.1|GFFINM_01645;GCF_905400185.1|DKPOPA_01685;MF6|CFFIHE_01708;MF7|EFEKAH_01166
GCF_016899425.1|KEDGBJ_01700	6	6	1	1	GCF_016899425.1;GCF_053038975.1;GCF_053209605.1;GCF_905400185.1;MF6;MF7	GCF_016899425.1|KEDGBJ_01700;GCF_053038975.1|AHCKDM_01644;GCF_053209605.1|GFFINM_01646;GCF_905400185.1|DKPOPA_01686;MF6|CFFIHE_01709;MF7|EFEKAH_01167
GCF_016899425.1|KEDGBJ_01701	6	6	1	1	GCF_016899425.1;GCF_053038975.1;GCF_053209605.1;GCF_905400185.1;MF6;MF7	GCF_016899425.1|KEDGBJ_01701;GCF_053038975.1|AHCKDM_01645;GCF_053209605.1|GFFINM_01647;GCF_905400185.1|DKPOPA_01687;MF6|CFFIHE_01710;MF7|EFEKAH_01168
GCF_016899425.1|KEDGBJ_01702	6	6	1	1	GCF_016899425.1;GCF_053038975.1;GCF_053209605.1;GCF_905400185.1;MF6;MF7	GCF_016899425.1|KEDGBJ_01702;GCF_053038975.1|AHCKDM_01646;GCF_053209605.1|GFFINM_01648;GCF_905400185.1|DKPOPA_01688;MF6|CFFIHE_01711;MF7|EFEKAH_01169
GCF_016899425.1|KEDGBJ_01703	6	6	1	1	GCF_016899425.1;GCF_053038975.1;GCF_053209605.1;GCF_905400185.1;MF6;MF7	GCF_016899425.1|KEDGBJ_01703;GCF_053038975.1|AHCKDM_01647;GCF_053209605.1|GFFINM_01649;GCF_905400185.1|DKPOPA_01689;MF6|CFFIHE_01712;MF7|EFEKAH_01170
GCF_016899425.1|KEDGBJ_01704	6	6	1	1	GCF_016899425.1;GCF_053038975.1;GCF_053209605.1;GCF_905400185.1;MF6;MF7	GCF_016899425.1|KEDGBJ_01704;GCF_053038975.1|AHCKDM_01648;GCF_053209605.1|GFFINM_01650;GCF_905400185.1|DKPOPA_01690;MF6|CFFIHE_01713;MF7|EFEKAH_01171
GCF_016899425.1|KEDGBJ_01705	6	6	1	1	GCF_016899425.1;GCF_053038975.1;GCF_053209605.1;GCF_905400185.1;MF6;MF7	GCF_016899425.1|KEDGBJ_01705;GCF_053038975.1|AHCKDM_01649;GCF_053209605.1|GFFINM_01651;GCF_905400185.1|DKPOPA_01691;MF6|CFFIHE_01714;MF7|EFEKAH_01172
GCF_016899425.1|KEDGBJ_01706	6	6	1	1	GCF_016899425.1;GCF_053038975.1;GCF_053209605.1;GCF_905400185.1;MF6;MF7	GCF_016899425.1|KEDGBJ_01706;GCF_053038975.1|AHCKDM_01650;GCF_053209605.1|GFFINM_01652;GCF_905400185.1|DKPOPA_01692;MF6|CFFIHE_01715;MF7|EFEKAH_01173
GCF_016899425.1|KEDGBJ_01707	6	6	1	1	GCF_016899425.1;GCF_053038975.1;GCF_053209605.1;GCF_905400185.1;MF6;MF7	GCF_016899425.1|KEDGBJ_01707;GCF_053038975.1|AHCKDM_01651;GCF_053209605.1|GFFINM_01653;GCF_905400185.1|DKPOPA_01693;MF6|CFFIHE_01716;MF7|EFEKAH_01174
GCF_016899425.1|KEDGBJ_01708	6	6	1	1	GCF_016899425.1;GCF_053038975.1;GCF_053209605.1;GCF_905400185.1;MF6;MF7	GCF_016899425.1|KEDGBJ_01708;GCF_053038975.1|AHCKDM_01652;GCF_053209605.1|GFFINM_01654;GCF_905400185.1|DKPOPA_01694;MF6|CFFIHE_01717;MF7|EFEKAH_01175
GCF_016899425.1|KEDGBJ_01709	6	6	1	1	GCF_016899425.1;GCF_053038975.1;GCF_053209605.1;GCF_905400185.1;MF6;MF7	GCF_016899425.1|KEDGBJ_01709;GCF_053038975.1|AHCKDM_01653;GCF_053209605.1|GFFINM_01655;GCF_905400185.1|DKPOPA_01695;MF6|CFFIHE_01718;MF7|EFEKAH_01176
GCF_016899425.1|KEDGBJ_01710	6	6	1	1	GCF_016899425.1;GCF_053038975.1;GCF_053209605.1;GCF_905400185.1;MF6;MF7	GCF_016899425.1|KEDGBJ_01710;GCF_053038975.1|AHCKDM_01654;GCF_053209605.1|GFFINM_01656;GCF_905400185.1|DKPOPA_01696;MF6|CFFIHE_01719;MF7|EFEKAH_01177
GCF_016899425.1|KEDGBJ_01711	6	6	1	1	GCF_016899425.1;GCF_053038975.1;GCF_053209605.1;GCF_905400185.1;MF6;MF7	GCF_016899425.1|KEDGBJ_01711;GCF_053038975.1|AHCKDM_01655;GCF_053209605.1|GFFINM_01657;GCF_905400185.1|DKPOPA_01697;MF6|CFFIHE_01720;MF7|EFEKAH_01178
GCF_016899425.1|KEDGBJ_01712	6	6	1	1	GCF_016899425.1;GCF_053038975.1;GCF_053209605.1;GCF_905400185.1;MF6;MF7	GCF_016899425.1|KEDGBJ_01712;GCF_053038975.1|AHCKDM_01656;GCF_053209605.1|GFFINM_01658;GCF_905400185.1|DKPOPA_01698;MF6|CFFIHE_01721;MF7|EFEKAH_01179
GCF_016899425.1|KEDGBJ_01713	6	6	1	1	GCF_016899425.1;GCF_053038975.1;GCF_053209605.1;GCF_905400185.1;MF6;MF7	GCF_016899425.1|KEDGBJ_01713;GCF_053038975.1|AHCKDM_01657;GCF_053209605.1|GFFINM_01659;GCF_905400185.1|DKPOPA_01699;MF6|CFFIHE_01722;MF7|EFEKAH_01180
GCF_016899425.1|KEDGBJ_01714	6	6	1	1	GCF_016899425.1;GCF_053038975.1;GCF_053209605.1;GCF_905400185.1;MF6;MF7	GCF_016899425.1|KEDGBJ_01714;GCF_053038975.1|AHCKDM_01658;GCF_053209605.1|GFFINM_01660;GCF_905400185.1|DKPOPA_01700;MF6|CFFIHE_01723;MF7|EFEKAH_01181
GCF_016899425.1|KEDGBJ_01715	6	6	1	1	GCF_016899425.1;GCF_053038975.1;GCF_053209605.1;GCF_905400185.1;MF6;MF7	GCF_016899425.1|KEDGBJ_01715;GCF_053038975.1|AHCKDM_01661;GCF_053209605.1|GFFINM_01663;GCF_905400185.1|DKPOPA_01701;MF6|CFFIHE_01725;MF7|EFEKAH_01183
GCF_016899425.1|KEDGBJ_01716	1	1	0	0	GCF_016899425.1	GCF_016899425.1|KEDGBJ_01716
GCF_016899425.1|KEDGBJ_01717	6	6	1	1	GCF_016899425.1;GCF_053038975.1;GCF_053209605.1;GCF_905400185.1;MF6;MF7	GCF_016899425.1|KEDGBJ_01717;GCF_053038975.1|AHCKDM_01662;GCF_053209605.1|GFFINM_01664;GCF_905400185.1|DKPOPA_01702;MF6|CFFIHE_01726;MF7|EFEKAH_01184
GCF_016899425.1|KEDGBJ_01718	6	6	1	1	GCF_016899425.1;GCF_053038975.1;GCF_053209605.1;GCF_905400185.1;MF6;MF7	GCF_016899425.1|KEDGBJ_01718;GCF_053038975.1|AHCKDM_01663;GCF_053209605.1|GFFINM_01665;GCF_905400185.1|DKPOPA_01703;MF6|CFFIHE_01727;MF7|EFEKAH_01185
GCF_016899425.1|KEDGBJ_01720	6	6	1	1	GCF_016899425.1;GCF_053038975.1;GCF_053209605.1;GCF_905400185.1;MF6;MF7	GCF_016899425.1|KEDGBJ_01720;GCF_053038975.1|AHCKDM_01665;GCF_053209605.1|GFFINM_01667;GCF_905400185.1|DKPOPA_01705;MF6|CFFIHE_01729;MF7|EFEKAH_01187
GCF_016899425.1|KEDGBJ_01721	6	6	1	1	GCF_016899425.1;GCF_053038975.1;GCF_053209605.1;GCF_905400185.1;MF6;MF7	GCF_016899425.1|KEDGBJ_01721;GCF_053038975.1|AHCKDM_01666;GCF_053209605.1|GFFINM_01668;GCF_905400185.1|DKPOPA_01706;MF6|CFFIHE_01730;MF7|EFEKAH_01188
GCF_016899425.1|KEDGBJ_01722	6	6	1	1	GCF_016899425.1;GCF_053038975.1;GCF_053209605.1;GCF_905400185.1;MF6;MF7	GCF_016899425.1|KEDGBJ_01722;GCF_053038975.1|AHCKDM_01667;GCF_053209605.1|GFFINM_01669;GCF_905400185.1|DKPOPA_01707;MF6|CFFIHE_01731;MF7|EFEKAH_01189
GCF_016899425.1|KEDGBJ_01723	6	6	1	1	GCF_016899425.1;GCF_053038975.1;GCF_053209605.1;GCF_905400185.1;MF6;MF7	GCF_016899425.1|KEDGBJ_01723;GCF_053038975.1|AHCKDM_01668;GCF_053209605.1|GFFINM_01670;GCF_905400185.1|DKPOPA_01708;MF6|CFFIHE_01732;MF7|EFEKAH_01190
GCF_016899425.1|KEDGBJ_01724	6	6	1	1	GCF_016899425.1;GCF_053038975.1;GCF_053209605.1;GCF_905400185.1;MF6;MF7	GCF_016899425.1|KEDGBJ_01724;GCF_053038975.1|AHCKDM_01669;GCF_053209605.1|GFFINM_01671;GCF_905400185.1|DKPOPA_01709;MF6|CFFIHE_01733;MF7|EFEKAH_01191
GCF_016899425.1|KEDGBJ_01725	6	6	1	1	GCF_016899425.1;GCF_053038975.1;GCF_053209605.1;GCF_905400185.1;MF6;MF7	GCF_016899425.1|KEDGBJ_01725;GCF_053038975.1|AHCKDM_01670;GCF_053209605.1|GFFINM_01672;GCF_905400185.1|DKPOPA_01710;MF6|CFFIHE_01734;MF7|EFEKAH_01192
GCF_016899425.1|KEDGBJ_01726	6	6	1	1	GCF_016899425.1;GCF_053038975.1;GCF_053209605.1;GCF_905400185.1;MF6;MF7	GCF_016899425.1|KEDGBJ_01726;GCF_053038975.1|AHCKDM_01671;GCF_053209605.1|GFFINM_01673;GCF_905400185.1|DKPOPA_01711;MF6|CFFIHE_01735;MF7|EFEKAH_01193
GCF_016899425.1|KEDGBJ_01727	6	6	1	1	GCF_016899425.1;GCF_053038975.1;GCF_053209605.1;GCF_905400185.1;MF6;MF7	GCF_016899425.1|KEDGBJ_01727;GCF_053038975.1|AHCKDM_01672;GCF_053209605.1|GFFINM_01674;GCF_905400185.1|DKPOPA_01712;MF6|CFFIHE_01736;MF7|EFEKAH_01194
GCF_016899425.1|KEDGBJ_01728	6	6	1	1	GCF_016899425.1;GCF_053038975.1;GCF_053209605.1;GCF_905400185.1;MF6;MF7	GCF_016899425.1|KEDGBJ_01728;GCF_053038975.1|AHCKDM_01673;GCF_053209605.1|GFFINM_01675;GCF_905400185.1|DKPOPA_01713;MF6|CFFIHE_01737;MF7|EFEKAH_01195
GCF_016899425.1|KEDGBJ_01730	6	6	1	1	GCF_016899425.1;GCF_053038975.1;GCF_053209605.1;GCF_905400185.1;MF6;MF7	GCF_016899425.1|KEDGBJ_01730;GCF_053038975.1|AHCKDM_01675;GCF_053209605.1|GFFINM_01677;GCF_905400185.1|DKPOPA_01715;MF6|CFFIHE_01739;MF7|EFEKAH_01197
GCF_016899425.1|KEDGBJ_01731	6	6	1	1	GCF_016899425.1;GCF_053038975.1;GCF_053209605.1;GCF_905400185.1;MF6;MF7	GCF_016899425.1|KEDGBJ_01731;GCF_053038975.1|AHCKDM_01676;GCF_053209605.1|GFFINM_01678;GCF_905400185.1|DKPOPA_01716;MF6|CFFIHE_01740;MF7|EFEKAH_01198
GCF_016899425.1|KEDGBJ_01732	6	6	1	1	GCF_016899425.1;GCF_053038975.1;GCF_053209605.1;GCF_905400185.1;MF6;MF7	GCF_016899425.1|KEDGBJ_01732;GCF_053038975.1|AHCKDM_01677;GCF_053209605.1|GFFINM_01679;GCF_905400185.1|DKPOPA_01717;MF6|CFFIHE_01741;MF7|EFEKAH_01199
GCF_016899425.1|KEDGBJ_01733	6	6	1	1	GCF_016899425.1;GCF_053038975.1;GCF_053209605.1;GCF_905400185.1;MF6;MF7	GCF_016899425.1|KEDGBJ_01733;GCF_053038975.1|AHCKDM_01678;GCF_053209605.1|GFFINM_01680;GCF_905400185.1|DKPOPA_01718;MF6|CFFIHE_01742;MF7|EFEKAH_01200
GCF_016899425.1|KEDGBJ_01734	6	6	1	1	GCF_016899425.1;GCF_053038975.1;GCF_053209605.1;GCF_905400185.1;MF6;MF7	GCF_016899425.1|KEDGBJ_01734;GCF_053038975.1|AHCKDM_01679;GCF_053209605.1|GFFINM_01681;GCF_905400185.1|DKPOPA_01719;MF6|CFFIHE_01743;MF7|EFEKAH_01201
GCF_016899425.1|KEDGBJ_01735	6	6	1	1	GCF_016899425.1;GCF_053038975.1;GCF_053209605.1;GCF_905400185.1;MF6;MF7	GCF_016899425.1|KEDGBJ_01735;GCF_053038975.1|AHCKDM_01680;GCF_053209605.1|GFFINM_01682;GCF_905400185.1|DKPOPA_01720;MF6|CFFIHE_01744;MF7|EFEKAH_01202
GCF_016899425.1|KEDGBJ_01736	6	6	1	1	GCF_016899425.1;GCF_053038975.1;GCF_053209605.1;GCF_905400185.1;MF6;MF7	GCF_016899425.1|KEDGBJ_01736;GCF_053038975.1|AHCKDM_01681;GCF_053209605.1|GFFINM_01683;GCF_905400185.1|DKPOPA_01721;MF6|CFFIHE_01745;MF7|EFEKAH_01203
GCF_016899425.1|KEDGBJ_01737	5	5	0	0	GCF_016899425.1;GCF_053038975.1;GCF_053209605.1;MF6;MF7	GCF_016899425.1|KEDGBJ_01737;GCF_053038975.1|AHCKDM_01682;GCF_053209605.1|GFFINM_01684;MF6|CFFIHE_01746;MF7|EFEKAH_01204
GCF_016899425.1|KEDGBJ_01738	6	6	1	1	GCF_016899425.1;GCF_053038975.1;GCF_053209605.1;GCF_905400185.1;MF6;MF7	GCF_016899425.1|KEDGBJ_01738;GCF_053038975.1|AHCKDM_01683;GCF_053209605.1|GFFINM_01685;GCF_905400185.1|DKPOPA_01723;MF6|CFFIHE_01747;MF7|EFEKAH_01205
GCF_016899425.1|KEDGBJ_01739	6	6	1	1	GCF_016899425.1;GCF_053038975.1;GCF_053209605.1;GCF_905400185.1;MF6;MF7	GCF_016899425.1|KEDGBJ_01739;GCF_053038975.1|AHCKDM_01684;GCF_053209605.1|GFFINM_01686;GCF_905400185.1|DKPOPA_01724;MF6|CFFIHE_01748;MF7|EFEKAH_01206
GCF_016899425.1|KEDGBJ_01740	6	6	1	1	GCF_016899425.1;GCF_053038975.1;GCF_053209605.1;GCF_905400185.1;MF6;MF7	GCF_016899425.1|KEDGBJ_01740;GCF_053038975.1|AHCKDM_01685;GCF_053209605.1|GFFINM_01687;GCF_905400185.1|DKPOPA_01725;MF6|CFFIHE_01749;MF7|EFEKAH_01207
GCF_016899425.1|KEDGBJ_01741	6	6	1	1	GCF_016899425.1;GCF_053038975.1;GCF_053209605.1;GCF_905400185.1;MF6;MF7	GCF_016899425.1|KEDGBJ_01741;GCF_053038975.1|AHCKDM_01686;GCF_053209605.1|GFFINM_01688;GCF_905400185.1|DKPOPA_01726;MF6|CFFIHE_01750;MF7|EFEKAH_01208
GCF_016899425.1|KEDGBJ_01742	6	6	1	1	GCF_016899425.1;GCF_053038975.1;GCF_053209605.1;GCF_905400185.1;MF6;MF7	GCF_016899425.1|KEDGBJ_01742;GCF_053038975.1|AHCKDM_01687;GCF_053209605.1|GFFINM_01689;GCF_905400185.1|DKPOPA_01727;MF6|CFFIHE_01751;MF7|EFEKAH_01209
GCF_016899425.1|KEDGBJ_01743	6	6	1	1	GCF_016899425.1;GCF_053038975.1;GCF_053209605.1;GCF_905400185.1;MF6;MF7	GCF_016899425.1|KEDGBJ_01743;GCF_053038975.1|AHCKDM_01688;GCF_053209605.1|GFFINM_01690;GCF_905400185.1|DKPOPA_01728;MF6|CFFIHE_01752;MF7|EFEKAH_01210
GCF_016899425.1|KEDGBJ_01745	6	6	1	1	GCF_016899425.1;GCF_053038975.1;GCF_053209605.1;GCF_905400185.1;MF6;MF7	GCF_016899425.1|KEDGBJ_01745;GCF_053038975.1|AHCKDM_01690;GCF_053209605.1|GFFINM_01692;GCF_905400185.1|DKPOPA_01730;MF6|CFFIHE_01754;MF7|EFEKAH_01212
GCF_016899425.1|KEDGBJ_01746	6	6	1	1	GCF_016899425.1;GCF_053038975.1;GCF_053209605.1;GCF_905400185.1;MF6;MF7	GCF_016899425.1|KEDGBJ_01746;GCF_053038975.1|AHCKDM_01691;GCF_053209605.1|GFFINM_01693;GCF_905400185.1|DKPOPA_01731;MF6|CFFIHE_01755;MF7|EFEKAH_01213
GCF_016899425.1|KEDGBJ_01747	6	6	1	1	GCF_016899425.1;GCF_053038975.1;GCF_053209605.1;GCF_905400185.1;MF6;MF7	GCF_016899425.1|KEDGBJ_01747;GCF_053038975.1|AHCKDM_01692;GCF_053209605.1|GFFINM_01694;GCF_905400185.1|DKPOPA_01732;MF6|CFFIHE_01756;MF7|EFEKAH_01214
GCF_016899425.1|KEDGBJ_01748	6	6	1	1	GCF_016899425.1;GCF_053038975.1;GCF_053209605.1;GCF_905400185.1;MF6;MF7	GCF_016899425.1|KEDGBJ_01748;GCF_053038975.1|AHCKDM_01693;GCF_053209605.1|GFFINM_01695;GCF_905400185.1|DKPOPA_01733;MF6|CFFIHE_01757;MF7|EFEKAH_01215
GCF_016899425.1|KEDGBJ_01750	6	6	1	1	GCF_016899425.1;GCF_053038975.1;GCF_053209605.1;GCF_905400185.1;MF6;MF7	GCF_016899425.1|KEDGBJ_01750;GCF_053038975.1|AHCKDM_01695;GCF_053209605.1|GFFINM_01697;GCF_905400185.1|DKPOPA_01735;MF6|CFFIHE_01759;MF7|EFEKAH_01217
GCF_016899425.1|KEDGBJ_01751	6	6	1	1	GCF_016899425.1;GCF_053038975.1;GCF_053209605.1;GCF_905400185.1;MF6;MF7	GCF_016899425.1|KEDGBJ_01751;GCF_053038975.1|AHCKDM_01696;GCF_053209605.1|GFFINM_01698;GCF_905400185.1|DKPOPA_01736;MF6|CFFIHE_01760;MF7|EFEKAH_01218
GCF_016899425.1|KEDGBJ_01752	6	6	1	1	GCF_016899425.1;GCF_053038975.1;GCF_053209605.1;GCF_905400185.1;MF6;MF7	GCF_016899425.1|KEDGBJ_01752;GCF_053038975.1|AHCKDM_01697;GCF_053209605.1|GFFINM_01699;GCF_905400185.1|DKPOPA_01737;MF6|CFFIHE_01761;MF7|EFEKAH_01219
GCF_016899425.1|KEDGBJ_01753	6	6	1	1	GCF_016899425.1;GCF_053038975.1;GCF_053209605.1;GCF_905400185.1;MF6;MF7	GCF_016899425.1|KEDGBJ_01753;GCF_053038975.1|AHCKDM_01698;GCF_053209605.1|GFFINM_01700;GCF_905400185.1|DKPOPA_01738;MF6|CFFIHE_01762;MF7|EFEKAH_01220
GCF_016899425.1|KEDGBJ_01754	6	6	1	1	GCF_016899425.1;GCF_053038975.1;GCF_053209605.1;GCF_905400185.1;MF6;MF7	GCF_016899425.1|KEDGBJ_01754;GCF_053038975.1|AHCKDM_01699;GCF_053209605.1|GFFINM_01701;GCF_905400185.1|DKPOPA_01739;MF6|CFFIHE_01763;MF7|EFEKAH_01221
GCF_016899425.1|KEDGBJ_01755	6	6	1	1	GCF_016899425.1;GCF_053038975.1;GCF_053209605.1;GCF_905400185.1;MF6;MF7	GCF_016899425.1|KEDGBJ_01755;GCF_053038975.1|AHCKDM_01700;GCF_053209605.1|GFFINM_01702;GCF_905400185.1|DKPOPA_01740;MF6|CFFIHE_01764;MF7|EFEKAH_01222
GCF_016899425.1|KEDGBJ_01756	4	4	0	0	GCF_016899425.1;GCF_905400185.1;MF6;MF7	GCF_016899425.1|KEDGBJ_01756;GCF_905400185.1|DKPOPA_01741;MF6|CFFIHE_01765;MF7|EFEKAH_01223
GCF_016899425.1|KEDGBJ_01757	2	2	0	0	GCF_016899425.1;GCF_905400185.1	GCF_016899425.1|KEDGBJ_01757;GCF_905400185.1|DKPOPA_01743
GCF_016899425.1|KEDGBJ_01758	2	2	0	0	GCF_016899425.1;GCF_905400185.1	GCF_016899425.1|KEDGBJ_01758;GCF_905400185.1|DKPOPA_01744
GCF_016899425.1|KEDGBJ_01759	2	2	0	0	GCF_016899425.1;GCF_905400185.1	GCF_016899425.1|KEDGBJ_01759;GCF_905400185.1|DKPOPA_01745
GCF_016899425.1|KEDGBJ_01760	2	2	0	0	GCF_016899425.1;GCF_905400185.1	GCF_016899425.1|KEDGBJ_01760;GCF_905400185.1|DKPOPA_01746
GCF_016899425.1|KEDGBJ_01761	2	2	0	0	GCF_016899425.1;GCF_905400185.1	GCF_016899425.1|KEDGBJ_01761;GCF_905400185.1|DKPOPA_01747
GCF_016899425.1|KEDGBJ_01762	2	2	0	0	GCF_016899425.1;GCF_905400185.1	GCF_016899425.1|KEDGBJ_01762;GCF_905400185.1|DKPOPA_01748
GCF_016899425.1|KEDGBJ_01763	2	2	0	0	GCF_016899425.1;GCF_905400185.1	GCF_016899425.1|KEDGBJ_01763;GCF_905400185.1|DKPOPA_01749
GCF_016899425.1|KEDGBJ_01764	2	2	0	0	GCF_016899425.1;GCF_905400185.1	GCF_016899425.1|KEDGBJ_01764;GCF_905400185.1|DKPOPA_01750
GCF_016899425.1|KEDGBJ_01765	2	2	0	0	GCF_016899425.1;GCF_905400185.1	GCF_016899425.1|KEDGBJ_01765;GCF_905400185.1|DKPOPA_01751
GCF_016899425.1|KEDGBJ_01766	6	6	1	1	GCF_016899425.1;GCF_053038975.1;GCF_053209605.1;GCF_905400185.1;MF6;MF7	GCF_016899425.1|KEDGBJ_01766;GCF_053038975.1|AHCKDM_01703;GCF_053209605.1|GFFINM_01705;GCF_905400185.1|DKPOPA_01752;MF6|CFFIHE_01766;MF7|EFEKAH_01224
GCF_016899425.1|KEDGBJ_01767	6	6	1	1	GCF_016899425.1;GCF_053038975.1;GCF_053209605.1;GCF_905400185.1;MF6;MF7	GCF_016899425.1|KEDGBJ_01767;GCF_053038975.1|AHCKDM_01705;GCF_053209605.1|GFFINM_01707;GCF_905400185.1|DKPOPA_01753;MF6|CFFIHE_01767;MF7|EFEKAH_01225
GCF_016899425.1|KEDGBJ_01768	6	6	1	1	GCF_016899425.1;GCF_053038975.1;GCF_053209605.1;GCF_905400185.1;MF6;MF7	GCF_016899425.1|KEDGBJ_01768;GCF_053038975.1|AHCKDM_01706;GCF_053209605.1|GFFINM_01708;GCF_905400185.1|DKPOPA_01754;MF6|CFFIHE_01768;MF7|EFEKAH_01226
GCF_016899425.1|KEDGBJ_01769	6	6	1	1	GCF_016899425.1;GCF_053038975.1;GCF_053209605.1;GCF_905400185.1;MF6;MF7	GCF_016899425.1|KEDGBJ_01769;GCF_053038975.1|AHCKDM_01707;GCF_053209605.1|GFFINM_01709;GCF_905400185.1|DKPOPA_01755;MF6|CFFIHE_01769;MF7|EFEKAH_01227
GCF_016899425.1|KEDGBJ_01770	6	6	1	1	GCF_016899425.1;GCF_053038975.1;GCF_053209605.1;GCF_905400185.1;MF6;MF7	GCF_016899425.1|KEDGBJ_01770;GCF_053038975.1|AHCKDM_01708;GCF_053209605.1|GFFINM_01710;GCF_905400185.1|DKPOPA_01756;MF6|CFFIHE_01770;MF7|EFEKAH_01228
GCF_016899425.1|KEDGBJ_01771	6	6	1	1	GCF_016899425.1;GCF_053038975.1;GCF_053209605.1;GCF_905400185.1;MF6;MF7	GCF_016899425.1|KEDGBJ_01771;GCF_053038975.1|AHCKDM_01709;GCF_053209605.1|GFFINM_01711;GCF_905400185.1|DKPOPA_01757;MF6|CFFIHE_01771;MF7|EFEKAH_01229
GCF_016899425.1|KEDGBJ_01772	6	6	1	1	GCF_016899425.1;GCF_053038975.1;GCF_053209605.1;GCF_905400185.1;MF6;MF7	GCF_016899425.1|KEDGBJ_01772;GCF_053038975.1|AHCKDM_01710;GCF_053209605.1|GFFINM_01712;GCF_905400185.1|DKPOPA_01758;MF6|CFFIHE_01772;MF7|EFEKAH_01230
GCF_016899425.1|KEDGBJ_01773	6	6	1	1	GCF_016899425.1;GCF_053038975.1;GCF_053209605.1;GCF_905400185.1;MF6;MF7	GCF_016899425.1|KEDGBJ_01773;GCF_053038975.1|AHCKDM_01711;GCF_053209605.1|GFFINM_01713;GCF_905400185.1|DKPOPA_01759;MF6|CFFIHE_01773;MF7|EFEKAH_01231
GCF_016899425.1|KEDGBJ_01774	6	6	1	1	GCF_016899425.1;GCF_053038975.1;GCF_053209605.1;GCF_905400185.1;MF6;MF7	GCF_016899425.1|KEDGBJ_01774;GCF_053038975.1|AHCKDM_01712;GCF_053209605.1|GFFINM_01714;GCF_905400185.1|DKPOPA_01760;MF6|CFFIHE_01774;MF7|EFEKAH_01232
GCF_016899425.1|KEDGBJ_01775	6	6	1	1	GCF_016899425.1;GCF_053038975.1;GCF_053209605.1;GCF_905400185.1;MF6;MF7	GCF_016899425.1|KEDGBJ_01775;GCF_053038975.1|AHCKDM_01713;GCF_053209605.1|GFFINM_01715;GCF_905400185.1|DKPOPA_01761;MF6|CFFIHE_01775;MF7|EFEKAH_01233
GCF_016899425.1|KEDGBJ_01776	6	6	1	1	GCF_016899425.1;GCF_053038975.1;GCF_053209605.1;GCF_905400185.1;MF6;MF7	GCF_016899425.1|KEDGBJ_01776;GCF_053038975.1|AHCKDM_01714;GCF_053209605.1|GFFINM_01716;GCF_905400185.1|DKPOPA_01762;MF6|CFFIHE_01776;MF7|EFEKAH_01234
GCF_016899425.1|KEDGBJ_01777	6	6	1	1	GCF_016899425.1;GCF_053038975.1;GCF_053209605.1;GCF_905400185.1;MF6;MF7	GCF_016899425.1|KEDGBJ_01777;GCF_053038975.1|AHCKDM_01715;GCF_053209605.1|GFFINM_01717;GCF_905400185.1|DKPOPA_01763;MF6|CFFIHE_01777;MF7|EFEKAH_01235
GCF_016899425.1|KEDGBJ_01778	6	6	1	1	GCF_016899425.1;GCF_053038975.1;GCF_053209605.1;GCF_905400185.1;MF6;MF7	GCF_016899425.1|KEDGBJ_01778;GCF_053038975.1|AHCKDM_01716;GCF_053209605.1|GFFINM_01718;GCF_905400185.1|DKPOPA_01764;MF6|CFFIHE_01778;MF7|EFEKAH_01236
GCF_016899425.1|KEDGBJ_01779	6	6	1	1	GCF_016899425.1;GCF_053038975.1;GCF_053209605.1;GCF_905400185.1;MF6;MF7	GCF_016899425.1|KEDGBJ_01779;GCF_053038975.1|AHCKDM_01717;GCF_053209605.1|GFFINM_01719;GCF_905400185.1|DKPOPA_01765;MF6|CFFIHE_01779;MF7|EFEKAH_01237
GCF_016899425.1|KEDGBJ_01780	6	6	1	1	GCF_016899425.1;GCF_053038975.1;GCF_053209605.1;GCF_905400185.1;MF6;MF7	GCF_016899425.1|KEDGBJ_01780;GCF_053038975.1|AHCKDM_01718;GCF_053209605.1|GFFINM_01720;GCF_905400185.1|DKPOPA_01766;MF6|CFFIHE_01780;MF7|EFEKAH_01238
GCF_016899425.1|KEDGBJ_01781	6	6	1	1	GCF_016899425.1;GCF_053038975.1;GCF_053209605.1;GCF_905400185.1;MF6;MF7	GCF_016899425.1|KEDGBJ_01781;GCF_053038975.1|AHCKDM_01719;GCF_053209605.1|GFFINM_01721;GCF_905400185.1|DKPOPA_01767;MF6|CFFIHE_01781;MF7|EFEKAH_01239
GCF_016899425.1|KEDGBJ_01782	6	6	1	1	GCF_016899425.1;GCF_053038975.1;GCF_053209605.1;GCF_905400185.1;MF6;MF7	GCF_016899425.1|KEDGBJ_01782;GCF_053038975.1|AHCKDM_01720;GCF_053209605.1|GFFINM_01722;GCF_905400185.1|DKPOPA_01768;MF6|CFFIHE_01782;MF7|EFEKAH_01240
GCF_016899425.1|KEDGBJ_01783	6	6	1	1	GCF_016899425.1;GCF_053038975.1;GCF_053209605.1;GCF_905400185.1;MF6;MF7	GCF_016899425.1|KEDGBJ_01783;GCF_053038975.1|AHCKDM_01721;GCF_053209605.1|GFFINM_01723;GCF_905400185.1|DKPOPA_01769;MF6|CFFIHE_01783;MF7|EFEKAH_01241
GCF_016899425.1|KEDGBJ_01784	6	6	1	1	GCF_016899425.1;GCF_053038975.1;GCF_053209605.1;GCF_905400185.1;MF6;MF7	GCF_016899425.1|KEDGBJ_01784;GCF_053038975.1|AHCKDM_01722;GCF_053209605.1|GFFINM_01724;GCF_905400185.1|DKPOPA_01770;MF6|CFFIHE_01784;MF7|EFEKAH_01242
GCF_016899425.1|KEDGBJ_01785	6	6	1	1	GCF_016899425.1;GCF_053038975.1;GCF_053209605.1;GCF_905400185.1;MF6;MF7	GCF_016899425.1|KEDGBJ_01785;GCF_053038975.1|AHCKDM_01723;GCF_053209605.1|GFFINM_01725;GCF_905400185.1|DKPOPA_01771;MF6|CFFIHE_01785;MF7|EFEKAH_01243
GCF_016899425.1|KEDGBJ_01786	6	6	1	1	GCF_016899425.1;GCF_053038975.1;GCF_053209605.1;GCF_905400185.1;MF6;MF7	GCF_016899425.1|KEDGBJ_01786;GCF_053038975.1|AHCKDM_01724;GCF_053209605.1|GFFINM_01726;GCF_905400185.1|DKPOPA_01772;MF6|CFFIHE_01786;MF7|EFEKAH_01244
GCF_016899425.1|KEDGBJ_01787	6	6	1	1	GCF_016899425.1;GCF_053038975.1;GCF_053209605.1;GCF_905400185.1;MF6;MF7	GCF_016899425.1|KEDGBJ_01787;GCF_053038975.1|AHCKDM_01725;GCF_053209605.1|GFFINM_01727;GCF_905400185.1|DKPOPA_01773;MF6|CFFIHE_01787;MF7|EFEKAH_01245
GCF_016899425.1|KEDGBJ_01788	6	6	1	1	GCF_016899425.1;GCF_053038975.1;GCF_053209605.1;GCF_905400185.1;MF6;MF7	GCF_016899425.1|KEDGBJ_01788;GCF_053038975.1|AHCKDM_01726;GCF_053209605.1|GFFINM_01728;GCF_905400185.1|DKPOPA_01774;MF6|CFFIHE_01788;MF7|EFEKAH_01246
GCF_016899425.1|KEDGBJ_01789	6	6	1	1	GCF_016899425.1;GCF_053038975.1;GCF_053209605.1;GCF_905400185.1;MF6;MF7	GCF_016899425.1|KEDGBJ_01789;GCF_053038975.1|AHCKDM_01727;GCF_053209605.1|GFFINM_01729;GCF_905400185.1|DKPOPA_01775;MF6|CFFIHE_01789;MF7|EFEKAH_01247
GCF_016899425.1|KEDGBJ_01790	6	6	1	1	GCF_016899425.1;GCF_053038975.1;GCF_053209605.1;GCF_905400185.1;MF6;MF7	GCF_016899425.1|KEDGBJ_01790;GCF_053038975.1|AHCKDM_01728;GCF_053209605.1|GFFINM_01730;GCF_905400185.1|DKPOPA_01776;MF6|CFFIHE_01790;MF7|EFEKAH_01248
GCF_016899425.1|KEDGBJ_01791	6	6	1	1	GCF_016899425.1;GCF_053038975.1;GCF_053209605.1;GCF_905400185.1;MF6;MF7	GCF_016899425.1|KEDGBJ_01791;GCF_053038975.1|AHCKDM_01729;GCF_053209605.1|GFFINM_01731;GCF_905400185.1|DKPOPA_01777;MF6|CFFIHE_01791;MF7|EFEKAH_01249
GCF_016899425.1|KEDGBJ_01792	6	6	1	1	GCF_016899425.1;GCF_053038975.1;GCF_053209605.1;GCF_905400185.1;MF6;MF7	GCF_016899425.1|KEDGBJ_01792;GCF_053038975.1|AHCKDM_01730;GCF_053209605.1|GFFINM_01732;GCF_905400185.1|DKPOPA_01778;MF6|CFFIHE_01792;MF7|EFEKAH_01250
GCF_016899425.1|KEDGBJ_01793	6	6	1	1	GCF_016899425.1;GCF_053038975.1;GCF_053209605.1;GCF_905400185.1;MF6;MF7	GCF_016899425.1|KEDGBJ_01793;GCF_053038975.1|AHCKDM_01731;GCF_053209605.1|GFFINM_01733;GCF_905400185.1|DKPOPA_01779;MF6|CFFIHE_01793;MF7|EFEKAH_01251
GCF_016899425.1|KEDGBJ_01794	6	6	1	1	GCF_016899425.1;GCF_053038975.1;GCF_053209605.1;GCF_905400185.1;MF6;MF7	GCF_016899425.1|KEDGBJ_01794;GCF_053038975.1|AHCKDM_01732;GCF_053209605.1|GFFINM_01734;GCF_905400185.1|DKPOPA_01780;MF6|CFFIHE_01794;MF7|EFEKAH_01252
GCF_016899425.1|KEDGBJ_01795	6	6	1	1	GCF_016899425.1;GCF_053038975.1;GCF_053209605.1;GCF_905400185.1;MF6;MF7	GCF_016899425.1|KEDGBJ_01795;GCF_053038975.1|AHCKDM_01733;GCF_053209605.1|GFFINM_01735;GCF_905400185.1|DKPOPA_01781;MF6|CFFIHE_01795;MF7|EFEKAH_01253
GCF_016899425.1|KEDGBJ_01796	6	6	1	1	GCF_016899425.1;GCF_053038975.1;GCF_053209605.1;GCF_905400185.1;MF6;MF7	GCF_016899425.1|KEDGBJ_01796;GCF_053038975.1|AHCKDM_01734;GCF_053209605.1|GFFINM_01736;GCF_905400185.1|DKPOPA_01782;MF6|CFFIHE_01796;MF7|EFEKAH_01254
GCF_016899425.1|KEDGBJ_01797	6	6	1	1	GCF_016899425.1;GCF_053038975.1;GCF_053209605.1;GCF_905400185.1;MF6;MF7	GCF_016899425.1|KEDGBJ_01797;GCF_053038975.1|AHCKDM_01735;GCF_053209605.1|GFFINM_01737;GCF_905400185.1|DKPOPA_01783;MF6|CFFIHE_01797;MF7|EFEKAH_01255
GCF_016899425.1|KEDGBJ_01798	6	6	1	1	GCF_016899425.1;GCF_053038975.1;GCF_053209605.1;GCF_905400185.1;MF6;MF7	GCF_016899425.1|KEDGBJ_01798;GCF_053038975.1|AHCKDM_01736;GCF_053209605.1|GFFINM_01738;GCF_905400185.1|DKPOPA_01784;MF6|CFFIHE_01798;MF7|EFEKAH_01256
GCF_016899425.1|KEDGBJ_01800	6	6	1	1	GCF_016899425.1;GCF_053038975.1;GCF_053209605.1;GCF_905400185.1;MF6;MF7	GCF_016899425.1|KEDGBJ_01800;GCF_053038975.1|AHCKDM_01738;GCF_053209605.1|GFFINM_01740;GCF_905400185.1|DKPOPA_01786;MF6|CFFIHE_01800;MF7|EFEKAH_01258
GCF_016899425.1|KEDGBJ_01802	6	6	1	1	GCF_016899425.1;GCF_053038975.1;GCF_053209605.1;GCF_905400185.1;MF6;MF7	GCF_016899425.1|KEDGBJ_01802;GCF_053038975.1|AHCKDM_01740;GCF_053209605.1|GFFINM_01742;GCF_905400185.1|DKPOPA_01788;MF6|CFFIHE_01802;MF7|EFEKAH_01260
GCF_016899425.1|KEDGBJ_01803	4	4	0	0	GCF_016899425.1;GCF_905400185.1;MF6;MF7	GCF_016899425.1|KEDGBJ_01803;GCF_905400185.1|DKPOPA_01789;MF6|CFFIHE_01803;MF7|EFEKAH_01261
GCF_016899425.1|KEDGBJ_01804	4	4	0	0	GCF_016899425.1;GCF_905400185.1;MF6;MF7	GCF_016899425.1|KEDGBJ_01804;GCF_905400185.1|DKPOPA_01790;MF6|CFFIHE_01804;MF7|EFEKAH_01262
GCF_016899425.1|KEDGBJ_01805	4	4	0	0	GCF_016899425.1;GCF_905400185.1;MF6;MF7	GCF_016899425.1|KEDGBJ_01805;GCF_905400185.1|DKPOPA_01791;MF6|CFFIHE_01805;MF7|EFEKAH_01263
GCF_016899425.1|KEDGBJ_01808	6	6	1	1	GCF_016899425.1;GCF_053038975.1;GCF_053209605.1;GCF_905400185.1;MF6;MF7	GCF_016899425.1|KEDGBJ_01808;GCF_053038975.1|AHCKDM_01743;GCF_053209605.1|GFFINM_01745;GCF_905400185.1|DKPOPA_01794;MF6|CFFIHE_01808;MF7|EFEKAH_01266
GCF_016899425.1|KEDGBJ_01809	6	6	1	1	GCF_016899425.1;GCF_053038975.1;GCF_053209605.1;GCF_905400185.1;MF6;MF7	GCF_016899425.1|KEDGBJ_01809;GCF_053038975.1|AHCKDM_01744;GCF_053209605.1|GFFINM_01746;GCF_905400185.1|DKPOPA_01795;MF6|CFFIHE_01809;MF7|EFEKAH_01267
GCF_016899425.1|KEDGBJ_01810	6	6	1	1	GCF_016899425.1;GCF_053038975.1;GCF_053209605.1;GCF_905400185.1;MF6;MF7	GCF_016899425.1|KEDGBJ_01810;GCF_053038975.1|AHCKDM_01745;GCF_053209605.1|GFFINM_01747;GCF_905400185.1|DKPOPA_01796;MF6|CFFIHE_01810;MF7|EFEKAH_01268
GCF_016899425.1|KEDGBJ_01811	6	6	1	1	GCF_016899425.1;GCF_053038975.1;GCF_053209605.1;GCF_905400185.1;MF6;MF7	GCF_016899425.1|KEDGBJ_01811;GCF_053038975.1|AHCKDM_01746;GCF_053209605.1|GFFINM_01748;GCF_905400185.1|DKPOPA_01797;MF6|CFFIHE_01811;MF7|EFEKAH_01269
GCF_016899425.1|KEDGBJ_01812	6	6	1	1	GCF_016899425.1;GCF_053038975.1;GCF_053209605.1;GCF_905400185.1;MF6;MF7	GCF_016899425.1|KEDGBJ_01812;GCF_053038975.1|AHCKDM_01747;GCF_053209605.1|GFFINM_01749;GCF_905400185.1|DKPOPA_01798;MF6|CFFIHE_01812;MF7|EFEKAH_01270
GCF_016899425.1|KEDGBJ_01813	6	6	1	1	GCF_016899425.1;GCF_053038975.1;GCF_053209605.1;GCF_905400185.1;MF6;MF7	GCF_016899425.1|KEDGBJ_01813;GCF_053038975.1|AHCKDM_01748;GCF_053209605.1|GFFINM_01750;GCF_905400185.1|DKPOPA_01799;MF6|CFFIHE_01813;MF7|EFEKAH_01271
GCF_016899425.1|KEDGBJ_01814	6	6	1	1	GCF_016899425.1;GCF_053038975.1;GCF_053209605.1;GCF_905400185.1;MF6;MF7	GCF_016899425.1|KEDGBJ_01814;GCF_053038975.1|AHCKDM_01749;GCF_053209605.1|GFFINM_01751;GCF_905400185.1|DKPOPA_01800;MF6|CFFIHE_01814;MF7|EFEKAH_01272
GCF_016899425.1|KEDGBJ_01815	6	6	1	1	GCF_016899425.1;GCF_053038975.1;GCF_053209605.1;GCF_905400185.1;MF6;MF7	GCF_016899425.1|KEDGBJ_01815;GCF_053038975.1|AHCKDM_01750;GCF_053209605.1|GFFINM_01752;GCF_905400185.1|DKPOPA_01801;MF6|CFFIHE_01815;MF7|EFEKAH_01273
GCF_016899425.1|KEDGBJ_01816	6	6	1	1	GCF_016899425.1;GCF_053038975.1;GCF_053209605.1;GCF_905400185.1;MF6;MF7	GCF_016899425.1|KEDGBJ_01816;GCF_053038975.1|AHCKDM_01751;GCF_053209605.1|GFFINM_01753;GCF_905400185.1|DKPOPA_01802;MF6|CFFIHE_01816;MF7|EFEKAH_01274
GCF_016899425.1|KEDGBJ_01817	6	6	1	1	GCF_016899425.1;GCF_053038975.1;GCF_053209605.1;GCF_905400185.1;MF6;MF7	GCF_016899425.1|KEDGBJ_01817;GCF_053038975.1|AHCKDM_01752;GCF_053209605.1|GFFINM_01754;GCF_905400185.1|DKPOPA_01803;MF6|CFFIHE_01817;MF7|EFEKAH_01275
GCF_016899425.1|KEDGBJ_01818	6	6	1	1	GCF_016899425.1;GCF_053038975.1;GCF_053209605.1;GCF_905400185.1;MF6;MF7	GCF_016899425.1|KEDGBJ_01818;GCF_053038975.1|AHCKDM_01753;GCF_053209605.1|GFFINM_01755;GCF_905400185.1|DKPOPA_01804;MF6|CFFIHE_01818;MF7|EFEKAH_01276
GCF_016899425.1|KEDGBJ_01819	6	6	1	1	GCF_016899425.1;GCF_053038975.1;GCF_053209605.1;GCF_905400185.1;MF6;MF7	GCF_016899425.1|KEDGBJ_01819;GCF_053038975.1|AHCKDM_01754;GCF_053209605.1|GFFINM_01756;GCF_905400185.1|DKPOPA_01805;MF6|CFFIHE_01819;MF7|EFEKAH_01277
GCF_016899425.1|KEDGBJ_01820	6	6	1	1	GCF_016899425.1;GCF_053038975.1;GCF_053209605.1;GCF_905400185.1;MF6;MF7	GCF_016899425.1|KEDGBJ_01820;GCF_053038975.1|AHCKDM_01755;GCF_053209605.1|GFFINM_01757;GCF_905400185.1|DKPOPA_01806;MF6|CFFIHE_01820;MF7|EFEKAH_01278
GCF_016899425.1|KEDGBJ_01821	6	6	1	1	GCF_016899425.1;GCF_053038975.1;GCF_053209605.1;GCF_905400185.1;MF6;MF7	GCF_016899425.1|KEDGBJ_01821;GCF_053038975.1|AHCKDM_01756;GCF_053209605.1|GFFINM_01758;GCF_905400185.1|DKPOPA_01807;MF6|CFFIHE_01821;MF7|EFEKAH_01279
GCF_016899425.1|KEDGBJ_01823	6	6	1	1	GCF_016899425.1;GCF_053038975.1;GCF_053209605.1;GCF_905400185.1;MF6;MF7	GCF_016899425.1|KEDGBJ_01823;GCF_053038975.1|AHCKDM_01758;GCF_053209605.1|GFFINM_01760;GCF_905400185.1|DKPOPA_01809;MF6|CFFIHE_01823;MF7|EFEKAH_01281
GCF_016899425.1|KEDGBJ_01824	6	6	1	1	GCF_016899425.1;GCF_053038975.1;GCF_053209605.1;GCF_905400185.1;MF6;MF7	GCF_016899425.1|KEDGBJ_01824;GCF_053038975.1|AHCKDM_01759;GCF_053209605.1|GFFINM_01761;GCF_905400185.1|DKPOPA_01810;MF6|CFFIHE_01824;MF7|EFEKAH_01282
GCF_016899425.1|KEDGBJ_01825	6	6	1	1	GCF_016899425.1;GCF_053038975.1;GCF_053209605.1;GCF_905400185.1;MF6;MF7	GCF_016899425.1|KEDGBJ_01825;GCF_053038975.1|AHCKDM_01760;GCF_053209605.1|GFFINM_01762;GCF_905400185.1|DKPOPA_01811;MF6|CFFIHE_01825;MF7|EFEKAH_01283
GCF_016899425.1|KEDGBJ_01826	6	6	1	1	GCF_016899425.1;GCF_053038975.1;GCF_053209605.1;GCF_905400185.1;MF6;MF7	GCF_016899425.1|KEDGBJ_01826;GCF_053038975.1|AHCKDM_01761;GCF_053209605.1|GFFINM_01763;GCF_905400185.1|DKPOPA_01812;MF6|CFFIHE_01826;MF7|EFEKAH_01284
GCF_016899425.1|KEDGBJ_01827	6	6	1	1	GCF_016899425.1;GCF_053038975.1;GCF_053209605.1;GCF_905400185.1;MF6;MF7	GCF_016899425.1|KEDGBJ_01827;GCF_053038975.1|AHCKDM_01762;GCF_053209605.1|GFFINM_01764;GCF_905400185.1|DKPOPA_01813;MF6|CFFIHE_01827;MF7|EFEKAH_01285
GCF_016899425.1|KEDGBJ_01828	6	6	1	1	GCF_016899425.1;GCF_053038975.1;GCF_053209605.1;GCF_905400185.1;MF6;MF7	GCF_016899425.1|KEDGBJ_01828;GCF_053038975.1|AHCKDM_01763;GCF_053209605.1|GFFINM_01765;GCF_905400185.1|DKPOPA_01814;MF6|CFFIHE_01828;MF7|EFEKAH_01286
GCF_016899425.1|KEDGBJ_01829	6	6	1	1	GCF_016899425.1;GCF_053038975.1;GCF_053209605.1;GCF_905400185.1;MF6;MF7	GCF_016899425.1|KEDGBJ_01829;GCF_053038975.1|AHCKDM_01764;GCF_053209605.1|GFFINM_01766;GCF_905400185.1|DKPOPA_01815;MF6|CFFIHE_01829;MF7|EFEKAH_01287
GCF_016899425.1|KEDGBJ_01830	6	6	1	1	GCF_016899425.1;GCF_053038975.1;GCF_053209605.1;GCF_905400185.1;MF6;MF7	GCF_016899425.1|KEDGBJ_01830;GCF_053038975.1|AHCKDM_01765;GCF_053209605.1|GFFINM_01767;GCF_905400185.1|DKPOPA_01816;MF6|CFFIHE_01830;MF7|EFEKAH_01288
GCF_016899425.1|KEDGBJ_01831	6	6	1	1	GCF_016899425.1;GCF_053038975.1;GCF_053209605.1;GCF_905400185.1;MF6;MF7	GCF_016899425.1|KEDGBJ_01831;GCF_053038975.1|AHCKDM_01766;GCF_053209605.1|GFFINM_01768;GCF_905400185.1|DKPOPA_01817;MF6|CFFIHE_01831;MF7|EFEKAH_01289
GCF_016899425.1|KEDGBJ_01832	6	6	1	1	GCF_016899425.1;GCF_053038975.1;GCF_053209605.1;GCF_905400185.1;MF6;MF7	GCF_016899425.1|KEDGBJ_01832;GCF_053038975.1|AHCKDM_01767;GCF_053209605.1|GFFINM_01769;GCF_905400185.1|DKPOPA_01818;MF6|CFFIHE_01832;MF7|EFEKAH_01290
GCF_016899425.1|KEDGBJ_01833	6	6	1	1	GCF_016899425.1;GCF_053038975.1;GCF_053209605.1;GCF_905400185.1;MF6;MF7	GCF_016899425.1|KEDGBJ_01833;GCF_053038975.1|AHCKDM_01768;GCF_053209605.1|GFFINM_01770;GCF_905400185.1|DKPOPA_01819;MF6|CFFIHE_01833;MF7|EFEKAH_01291
GCF_016899425.1|KEDGBJ_01834	6	6	1	1	GCF_016899425.1;GCF_053038975.1;GCF_053209605.1;GCF_905400185.1;MF6;MF7	GCF_016899425.1|KEDGBJ_01834;GCF_053038975.1|AHCKDM_01769;GCF_053209605.1|GFFINM_01771;GCF_905400185.1|DKPOPA_01820;MF6|CFFIHE_01834;MF7|EFEKAH_01292
GCF_016899425.1|KEDGBJ_01835	6	6	1	1	GCF_016899425.1;GCF_053038975.1;GCF_053209605.1;GCF_905400185.1;MF6;MF7	GCF_016899425.1|KEDGBJ_01835;GCF_053038975.1|AHCKDM_01770;GCF_053209605.1|GFFINM_01772;GCF_905400185.1|DKPOPA_01821;MF6|CFFIHE_01835;MF7|EFEKAH_01293
GCF_016899425.1|KEDGBJ_01836	6	6	1	1	GCF_016899425.1;GCF_053038975.1;GCF_053209605.1;GCF_905400185.1;MF6;MF7	GCF_016899425.1|KEDGBJ_01836;GCF_053038975.1|AHCKDM_01771;GCF_053209605.1|GFFINM_01773;GCF_905400185.1|DKPOPA_01822;MF6|CFFIHE_01836;MF7|EFEKAH_01294
GCF_016899425.1|KEDGBJ_01837	6	6	1	1	GCF_016899425.1;GCF_053038975.1;GCF_053209605.1;GCF_905400185.1;MF6;MF7	GCF_016899425.1|KEDGBJ_01837;GCF_053038975.1|AHCKDM_01772;GCF_053209605.1|GFFINM_01774;GCF_905400185.1|DKPOPA_01823;MF6|CFFIHE_01837;MF7|EFEKAH_01295
GCF_016899425.1|KEDGBJ_01838	6	6	1	1	GCF_016899425.1;GCF_053038975.1;GCF_053209605.1;GCF_905400185.1;MF6;MF7	GCF_016899425.1|KEDGBJ_01838;GCF_053038975.1|AHCKDM_01773;GCF_053209605.1|GFFINM_01775;GCF_905400185.1|DKPOPA_01824;MF6|CFFIHE_01838;MF7|EFEKAH_01296
GCF_016899425.1|KEDGBJ_01839	6	6	1	1	GCF_016899425.1;GCF_053038975.1;GCF_053209605.1;GCF_905400185.1;MF6;MF7	GCF_016899425.1|KEDGBJ_01839;GCF_053038975.1|AHCKDM_01774;GCF_053209605.1|GFFINM_01776;GCF_905400185.1|DKPOPA_01825;MF6|CFFIHE_01839;MF7|EFEKAH_01297
GCF_016899425.1|KEDGBJ_01840	6	6	1	1	GCF_016899425.1;GCF_053038975.1;GCF_053209605.1;GCF_905400185.1;MF6;MF7	GCF_016899425.1|KEDGBJ_01840;GCF_053038975.1|AHCKDM_01775;GCF_053209605.1|GFFINM_01777;GCF_905400185.1|DKPOPA_01826;MF6|CFFIHE_01840;MF7|EFEKAH_01298
GCF_016899425.1|KEDGBJ_01841	6	6	1	1	GCF_016899425.1;GCF_053038975.1;GCF_053209605.1;GCF_905400185.1;MF6;MF7	GCF_016899425.1|KEDGBJ_01841;GCF_053038975.1|AHCKDM_01776;GCF_053209605.1|GFFINM_01778;GCF_905400185.1|DKPOPA_01827;MF6|CFFIHE_01841;MF7|EFEKAH_01299
GCF_016899425.1|KEDGBJ_01842	6	6	1	1	GCF_016899425.1;GCF_053038975.1;GCF_053209605.1;GCF_905400185.1;MF6;MF7	GCF_016899425.1|KEDGBJ_01842;GCF_053038975.1|AHCKDM_01777;GCF_053209605.1|GFFINM_01779;GCF_905400185.1|DKPOPA_01828;MF6|CFFIHE_01842;MF7|EFEKAH_01300
GCF_016899425.1|KEDGBJ_01843	4	4	0	0	GCF_016899425.1;GCF_905400185.1;MF6;MF7	GCF_016899425.1|KEDGBJ_01843;GCF_905400185.1|DKPOPA_01829;MF6|CFFIHE_01843;MF7|EFEKAH_01301
GCF_016899425.1|KEDGBJ_01844	4	4	0	0	GCF_016899425.1;GCF_905400185.1;MF6;MF7	GCF_016899425.1|KEDGBJ_01844;GCF_905400185.1|DKPOPA_01830;MF6|CFFIHE_01844;MF7|EFEKAH_01302
GCF_016899425.1|KEDGBJ_01845	4	7	0	0	GCF_016899425.1;GCF_905400185.1;MF6;MF7	GCF_016899425.1|KEDGBJ_01845;GCF_905400185.1|DKPOPA_01831;GCF_905400185.1|DKPOPA_01833;MF6|CFFIHE_01845;MF6|CFFIHE_01847;MF7|EFEKAH_01303;MF7|EFEKAH_01305
GCF_016899425.1|KEDGBJ_01846	4	4	0	0	GCF_016899425.1;GCF_905400185.1;MF6;MF7	GCF_016899425.1|KEDGBJ_01846;GCF_905400185.1|DKPOPA_01834;MF6|CFFIHE_01848;MF7|EFEKAH_01306
GCF_016899425.1|KEDGBJ_01848	6	6	1	1	GCF_016899425.1;GCF_053038975.1;GCF_053209605.1;GCF_905400185.1;MF6;MF7	GCF_016899425.1|KEDGBJ_01848;GCF_053038975.1|AHCKDM_01864;GCF_053209605.1|GFFINM_01866;GCF_905400185.1|DKPOPA_01836;MF6|CFFIHE_01850;MF7|EFEKAH_01308
GCF_016899425.1|KEDGBJ_01849	6	6	1	1	GCF_016899425.1;GCF_053038975.1;GCF_053209605.1;GCF_905400185.1;MF6;MF7	GCF_016899425.1|KEDGBJ_01849;GCF_053038975.1|AHCKDM_01865;GCF_053209605.1|GFFINM_01867;GCF_905400185.1|DKPOPA_01837;MF6|CFFIHE_01851;MF7|EFEKAH_01309
GCF_016899425.1|KEDGBJ_01850	6	6	1	1	GCF_016899425.1;GCF_053038975.1;GCF_053209605.1;GCF_905400185.1;MF6;MF7	GCF_016899425.1|KEDGBJ_01850;GCF_053038975.1|AHCKDM_01866;GCF_053209605.1|GFFINM_01868;GCF_905400185.1|DKPOPA_01838;MF6|CFFIHE_01852;MF7|EFEKAH_01310
GCF_016899425.1|KEDGBJ_01851	6	12	1	0	GCF_016899425.1;GCF_053038975.1;GCF_053209605.1;GCF_905400185.1;MF6;MF7	GCF_016899425.1|KEDGBJ_01851;GCF_016899425.1|KEDGBJ_02941;GCF_053038975.1|AHCKDM_01867;GCF_053038975.1|AHCKDM_02874;GCF_053209605.1|GFFINM_01869;GCF_053209605.1|GFFINM_02878;GCF_905400185.1|DKPOPA_01839;GCF_905400185.1|DKPOPA_02897;MF6|CFFIHE_01853;MF6|CFFIHE_02934;MF7|EFEKAH_01311;MF7|EFEKAH_05705
GCF_016899425.1|KEDGBJ_01852	6	6	1	1	GCF_016899425.1;GCF_053038975.1;GCF_053209605.1;GCF_905400185.1;MF6;MF7	GCF_016899425.1|KEDGBJ_01852;GCF_053038975.1|AHCKDM_01868;GCF_053209605.1|GFFINM_01870;GCF_905400185.1|DKPOPA_01840;MF6|CFFIHE_01854;MF7|EFEKAH_01312
GCF_016899425.1|KEDGBJ_01853	6	6	1	1	GCF_016899425.1;GCF_053038975.1;GCF_053209605.1;GCF_905400185.1;MF6;MF7	GCF_016899425.1|KEDGBJ_01853;GCF_053038975.1|AHCKDM_01869;GCF_053209605.1|GFFINM_01871;GCF_905400185.1|DKPOPA_01841;MF6|CFFIHE_01855;MF7|EFEKAH_01313
GCF_016899425.1|KEDGBJ_01854	6	6	1	1	GCF_016899425.1;GCF_053038975.1;GCF_053209605.1;GCF_905400185.1;MF6;MF7	GCF_016899425.1|KEDGBJ_01854;GCF_053038975.1|AHCKDM_01870;GCF_053209605.1|GFFINM_01872;GCF_905400185.1|DKPOPA_01842;MF6|CFFIHE_01856;MF7|EFEKAH_01314
GCF_016899425.1|KEDGBJ_01855	6	6	1	1	GCF_016899425.1;GCF_053038975.1;GCF_053209605.1;GCF_905400185.1;MF6;MF7	GCF_016899425.1|KEDGBJ_01855;GCF_053038975.1|AHCKDM_01871;GCF_053209605.1|GFFINM_01873;GCF_905400185.1|DKPOPA_01843;MF6|CFFIHE_01857;MF7|EFEKAH_01315
GCF_016899425.1|KEDGBJ_01857	6	6	1	1	GCF_016899425.1;GCF_053038975.1;GCF_053209605.1;GCF_905400185.1;MF6;MF7	GCF_016899425.1|KEDGBJ_01857;GCF_053038975.1|AHCKDM_01873;GCF_053209605.1|GFFINM_01875;GCF_905400185.1|DKPOPA_01845;MF6|CFFIHE_01859;MF7|EFEKAH_01317
GCF_016899425.1|KEDGBJ_01858	6	6	1	1	GCF_016899425.1;GCF_053038975.1;GCF_053209605.1;GCF_905400185.1;MF6;MF7	GCF_016899425.1|KEDGBJ_01858;GCF_053038975.1|AHCKDM_01874;GCF_053209605.1|GFFINM_01876;GCF_905400185.1|DKPOPA_01846;MF6|CFFIHE_01860;MF7|EFEKAH_01318
GCF_016899425.1|KEDGBJ_01859	6	6	1	1	GCF_016899425.1;GCF_053038975.1;GCF_053209605.1;GCF_905400185.1;MF6;MF7	GCF_016899425.1|KEDGBJ_01859;GCF_053038975.1|AHCKDM_01875;GCF_053209605.1|GFFINM_01877;GCF_905400185.1|DKPOPA_01847;MF6|CFFIHE_01861;MF7|EFEKAH_01319
GCF_016899425.1|KEDGBJ_01860	6	6	1	1	GCF_016899425.1;GCF_053038975.1;GCF_053209605.1;GCF_905400185.1;MF6;MF7	GCF_016899425.1|KEDGBJ_01860;GCF_053038975.1|AHCKDM_01876;GCF_053209605.1|GFFINM_01878;GCF_905400185.1|DKPOPA_01848;MF6|CFFIHE_01862;MF7|EFEKAH_01320
GCF_016899425.1|KEDGBJ_01861	6	6	1	1	GCF_016899425.1;GCF_053038975.1;GCF_053209605.1;GCF_905400185.1;MF6;MF7	GCF_016899425.1|KEDGBJ_01861;GCF_053038975.1|AHCKDM_01877;GCF_053209605.1|GFFINM_01879;GCF_905400185.1|DKPOPA_01849;MF6|CFFIHE_01863;MF7|EFEKAH_01321
GCF_016899425.1|KEDGBJ_01862	6	6	1	1	GCF_016899425.1;GCF_053038975.1;GCF_053209605.1;GCF_905400185.1;MF6;MF7	GCF_016899425.1|KEDGBJ_01862;GCF_053038975.1|AHCKDM_01878;GCF_053209605.1|GFFINM_01880;GCF_905400185.1|DKPOPA_01850;MF6|CFFIHE_01864;MF7|EFEKAH_01322
GCF_016899425.1|KEDGBJ_01863	6	6	1	1	GCF_016899425.1;GCF_053038975.1;GCF_053209605.1;GCF_905400185.1;MF6;MF7	GCF_016899425.1|KEDGBJ_01863;GCF_053038975.1|AHCKDM_01879;GCF_053209605.1|GFFINM_01881;GCF_905400185.1|DKPOPA_01851;MF6|CFFIHE_01865;MF7|EFEKAH_01323
GCF_016899425.1|KEDGBJ_01864	6	6	1	1	GCF_016899425.1;GCF_053038975.1;GCF_053209605.1;GCF_905400185.1;MF6;MF7	GCF_016899425.1|KEDGBJ_01864;GCF_053038975.1|AHCKDM_01880;GCF_053209605.1|GFFINM_01882;GCF_905400185.1|DKPOPA_01852;MF6|CFFIHE_01866;MF7|EFEKAH_01324
GCF_016899425.1|KEDGBJ_01865	6	6	1	1	GCF_016899425.1;GCF_053038975.1;GCF_053209605.1;GCF_905400185.1;MF6;MF7	GCF_016899425.1|KEDGBJ_01865;GCF_053038975.1|AHCKDM_01881;GCF_053209605.1|GFFINM_01883;GCF_905400185.1|DKPOPA_01853;MF6|CFFIHE_01867;MF7|EFEKAH_01325
GCF_016899425.1|KEDGBJ_01867	6	6	1	1	GCF_016899425.1;GCF_053038975.1;GCF_053209605.1;GCF_905400185.1;MF6;MF7	GCF_016899425.1|KEDGBJ_01867;GCF_053038975.1|AHCKDM_01883;GCF_053209605.1|GFFINM_01885;GCF_905400185.1|DKPOPA_01855;MF6|CFFIHE_01869;MF7|EFEKAH_01327
GCF_016899425.1|KEDGBJ_01868	6	6	1	1	GCF_016899425.1;GCF_053038975.1;GCF_053209605.1;GCF_905400185.1;MF6;MF7	GCF_016899425.1|KEDGBJ_01868;GCF_053038975.1|AHCKDM_01884;GCF_053209605.1|GFFINM_01886;GCF_905400185.1|DKPOPA_01856;MF6|CFFIHE_01870;MF7|EFEKAH_01328
GCF_016899425.1|KEDGBJ_01869	6	6	1	1	GCF_016899425.1;GCF_053038975.1;GCF_053209605.1;GCF_905400185.1;MF6;MF7	GCF_016899425.1|KEDGBJ_01869;GCF_053038975.1|AHCKDM_01885;GCF_053209605.1|GFFINM_01887;GCF_905400185.1|DKPOPA_01857;MF6|CFFIHE_01871;MF7|EFEKAH_01329
GCF_016899425.1|KEDGBJ_01870	6	6	1	1	GCF_016899425.1;GCF_053038975.1;GCF_053209605.1;GCF_905400185.1;MF6;MF7	GCF_016899425.1|KEDGBJ_01870;GCF_053038975.1|AHCKDM_01886;GCF_053209605.1|GFFINM_01888;GCF_905400185.1|DKPOPA_01858;MF6|CFFIHE_01872;MF7|EFEKAH_01330
GCF_016899425.1|KEDGBJ_01871	6	6	1	1	GCF_016899425.1;GCF_053038975.1;GCF_053209605.1;GCF_905400185.1;MF6;MF7	GCF_016899425.1|KEDGBJ_01871;GCF_053038975.1|AHCKDM_01887;GCF_053209605.1|GFFINM_01889;GCF_905400185.1|DKPOPA_01859;MF6|CFFIHE_01873;MF7|EFEKAH_01331
GCF_016899425.1|KEDGBJ_01872	6	6	1	1	GCF_016899425.1;GCF_053038975.1;GCF_053209605.1;GCF_905400185.1;MF6;MF7	GCF_016899425.1|KEDGBJ_01872;GCF_053038975.1|AHCKDM_01888;GCF_053209605.1|GFFINM_01890;GCF_905400185.1|DKPOPA_01860;MF6|CFFIHE_01874;MF7|EFEKAH_01332
GCF_016899425.1|KEDGBJ_01873	6	6	1	1	GCF_016899425.1;GCF_053038975.1;GCF_053209605.1;GCF_905400185.1;MF6;MF7	GCF_016899425.1|KEDGBJ_01873;GCF_053038975.1|AHCKDM_01889;GCF_053209605.1|GFFINM_01891;GCF_905400185.1|DKPOPA_01861;MF6|CFFIHE_01875;MF7|EFEKAH_01333
GCF_016899425.1|KEDGBJ_01875	6	6	1	1	GCF_016899425.1;GCF_053038975.1;GCF_053209605.1;GCF_905400185.1;MF6;MF7	GCF_016899425.1|KEDGBJ_01875;GCF_053038975.1|AHCKDM_01891;GCF_053209605.1|GFFINM_01893;GCF_905400185.1|DKPOPA_01863;MF6|CFFIHE_01877;MF7|EFEKAH_01335
GCF_016899425.1|KEDGBJ_01876	6	6	1	1	GCF_016899425.1;GCF_053038975.1;GCF_053209605.1;GCF_905400185.1;MF6;MF7	GCF_016899425.1|KEDGBJ_01876;GCF_053038975.1|AHCKDM_01892;GCF_053209605.1|GFFINM_01894;GCF_905400185.1|DKPOPA_01864;MF6|CFFIHE_01878;MF7|EFEKAH_01336
GCF_016899425.1|KEDGBJ_01877	6	6	1	1	GCF_016899425.1;GCF_053038975.1;GCF_053209605.1;GCF_905400185.1;MF6;MF7	GCF_016899425.1|KEDGBJ_01877;GCF_053038975.1|AHCKDM_01893;GCF_053209605.1|GFFINM_01895;GCF_905400185.1|DKPOPA_01865;MF6|CFFIHE_01879;MF7|EFEKAH_01337
GCF_016899425.1|KEDGBJ_01878	6	6	1	1	GCF_016899425.1;GCF_053038975.1;GCF_053209605.1;GCF_905400185.1;MF6;MF7	GCF_016899425.1|KEDGBJ_01878;GCF_053038975.1|AHCKDM_01894;GCF_053209605.1|GFFINM_01896;GCF_905400185.1|DKPOPA_01866;MF6|CFFIHE_01880;MF7|EFEKAH_01338
GCF_016899425.1|KEDGBJ_01879	6	6	1	1	GCF_016899425.1;GCF_053038975.1;GCF_053209605.1;GCF_905400185.1;MF6;MF7	GCF_016899425.1|KEDGBJ_01879;GCF_053038975.1|AHCKDM_01895;GCF_053209605.1|GFFINM_01897;GCF_905400185.1|DKPOPA_01867;MF6|CFFIHE_01881;MF7|EFEKAH_01339
GCF_016899425.1|KEDGBJ_01880	6	6	1	1	GCF_016899425.1;GCF_053038975.1;GCF_053209605.1;GCF_905400185.1;MF6;MF7	GCF_016899425.1|KEDGBJ_01880;GCF_053038975.1|AHCKDM_01896;GCF_053209605.1|GFFINM_01898;GCF_905400185.1|DKPOPA_01868;MF6|CFFIHE_01882;MF7|EFEKAH_01340
GCF_016899425.1|KEDGBJ_01881	6	6	1	1	GCF_016899425.1;GCF_053038975.1;GCF_053209605.1;GCF_905400185.1;MF6;MF7	GCF_016899425.1|KEDGBJ_01881;GCF_053038975.1|AHCKDM_01897;GCF_053209605.1|GFFINM_01899;GCF_905400185.1|DKPOPA_01869;MF6|CFFIHE_01883;MF7|EFEKAH_01341
GCF_016899425.1|KEDGBJ_01883	6	6	1	1	GCF_016899425.1;GCF_053038975.1;GCF_053209605.1;GCF_905400185.1;MF6;MF7	GCF_016899425.1|KEDGBJ_01883;GCF_053038975.1|AHCKDM_01899;GCF_053209605.1|GFFINM_01901;GCF_905400185.1|DKPOPA_01871;MF6|CFFIHE_01885;MF7|EFEKAH_01343
GCF_016899425.1|KEDGBJ_01884	6	6	1	1	GCF_016899425.1;GCF_053038975.1;GCF_053209605.1;GCF_905400185.1;MF6;MF7	GCF_016899425.1|KEDGBJ_01884;GCF_053038975.1|AHCKDM_01900;GCF_053209605.1|GFFINM_01902;GCF_905400185.1|DKPOPA_01872;MF6|CFFIHE_01886;MF7|EFEKAH_01344
GCF_016899425.1|KEDGBJ_01885	6	6	1	1	GCF_016899425.1;GCF_053038975.1;GCF_053209605.1;GCF_905400185.1;MF6;MF7	GCF_016899425.1|KEDGBJ_01885;GCF_053038975.1|AHCKDM_01901;GCF_053209605.1|GFFINM_01903;GCF_905400185.1|DKPOPA_01873;MF6|CFFIHE_01887;MF7|EFEKAH_01345
GCF_016899425.1|KEDGBJ_01886	6	6	1	1	GCF_016899425.1;GCF_053038975.1;GCF_053209605.1;GCF_905400185.1;MF6;MF7	GCF_016899425.1|KEDGBJ_01886;GCF_053038975.1|AHCKDM_01902;GCF_053209605.1|GFFINM_01904;GCF_905400185.1|DKPOPA_01874;MF6|CFFIHE_01888;MF7|EFEKAH_01346
GCF_016899425.1|KEDGBJ_01887	6	6	1	1	GCF_016899425.1;GCF_053038975.1;GCF_053209605.1;GCF_905400185.1;MF6;MF7	GCF_016899425.1|KEDGBJ_01887;GCF_053038975.1|AHCKDM_01903;GCF_053209605.1|GFFINM_01905;GCF_905400185.1|DKPOPA_01875;MF6|CFFIHE_01889;MF7|EFEKAH_01347
GCF_016899425.1|KEDGBJ_01890	6	6	1	1	GCF_016899425.1;GCF_053038975.1;GCF_053209605.1;GCF_905400185.1;MF6;MF7	GCF_016899425.1|KEDGBJ_01890;GCF_053038975.1|AHCKDM_01906;GCF_053209605.1|GFFINM_01908;GCF_905400185.1|DKPOPA_01878;MF6|CFFIHE_01892;MF7|EFEKAH_01350
GCF_016899425.1|KEDGBJ_01891	6	6	1	1	GCF_016899425.1;GCF_053038975.1;GCF_053209605.1;GCF_905400185.1;MF6;MF7	GCF_016899425.1|KEDGBJ_01891;GCF_053038975.1|AHCKDM_01907;GCF_053209605.1|GFFINM_01909;GCF_905400185.1|DKPOPA_01879;MF6|CFFIHE_01893;MF7|EFEKAH_01351
GCF_016899425.1|KEDGBJ_01892	6	6	1	1	GCF_016899425.1;GCF_053038975.1;GCF_053209605.1;GCF_905400185.1;MF6;MF7	GCF_016899425.1|KEDGBJ_01892;GCF_053038975.1|AHCKDM_01908;GCF_053209605.1|GFFINM_01910;GCF_905400185.1|DKPOPA_01880;MF6|CFFIHE_01894;MF7|EFEKAH_01352
GCF_016899425.1|KEDGBJ_01893	6	6	1	1	GCF_016899425.1;GCF_053038975.1;GCF_053209605.1;GCF_905400185.1;MF6;MF7	GCF_016899425.1|KEDGBJ_01893;GCF_053038975.1|AHCKDM_01909;GCF_053209605.1|GFFINM_01911;GCF_905400185.1|DKPOPA_01881;MF6|CFFIHE_01895;MF7|EFEKAH_01353
GCF_016899425.1|KEDGBJ_01894	6	6	1	1	GCF_016899425.1;GCF_053038975.1;GCF_053209605.1;GCF_905400185.1;MF6;MF7	GCF_016899425.1|KEDGBJ_01894;GCF_053038975.1|AHCKDM_01910;GCF_053209605.1|GFFINM_01912;GCF_905400185.1|DKPOPA_01882;MF6|CFFIHE_01896;MF7|EFEKAH_01354
GCF_016899425.1|KEDGBJ_01895	6	6	1	1	GCF_016899425.1;GCF_053038975.1;GCF_053209605.1;GCF_905400185.1;MF6;MF7	GCF_016899425.1|KEDGBJ_01895;GCF_053038975.1|AHCKDM_01911;GCF_053209605.1|GFFINM_01913;GCF_905400185.1|DKPOPA_01883;MF6|CFFIHE_01897;MF7|EFEKAH_01355
GCF_016899425.1|KEDGBJ_01896	6	6	1	1	GCF_016899425.1;GCF_053038975.1;GCF_053209605.1;GCF_905400185.1;MF6;MF7	GCF_016899425.1|KEDGBJ_01896;GCF_053038975.1|AHCKDM_01912;GCF_053209605.1|GFFINM_01914;GCF_905400185.1|DKPOPA_01884;MF6|CFFIHE_01898;MF7|EFEKAH_01356
GCF_016899425.1|KEDGBJ_01898	6	6	1	1	GCF_016899425.1;GCF_053038975.1;GCF_053209605.1;GCF_905400185.1;MF6;MF7	GCF_016899425.1|KEDGBJ_01898;GCF_053038975.1|AHCKDM_01914;GCF_053209605.1|GFFINM_01916;GCF_905400185.1|DKPOPA_01886;MF6|CFFIHE_01900;MF7|EFEKAH_01358
GCF_016899425.1|KEDGBJ_01899	6	6	1	1	GCF_016899425.1;GCF_053038975.1;GCF_053209605.1;GCF_905400185.1;MF6;MF7	GCF_016899425.1|KEDGBJ_01899;GCF_053038975.1|AHCKDM_01915;GCF_053209605.1|GFFINM_01917;GCF_905400185.1|DKPOPA_01887;MF6|CFFIHE_01901;MF7|EFEKAH_01359
GCF_016899425.1|KEDGBJ_01900	6	6	1	1	GCF_016899425.1;GCF_053038975.1;GCF_053209605.1;GCF_905400185.1;MF6;MF7	GCF_016899425.1|KEDGBJ_01900;GCF_053038975.1|AHCKDM_01916;GCF_053209605.1|GFFINM_01918;GCF_905400185.1|DKPOPA_01888;MF6|CFFIHE_01902;MF7|EFEKAH_01360
GCF_016899425.1|KEDGBJ_01901	6	6	1	1	GCF_016899425.1;GCF_053038975.1;GCF_053209605.1;GCF_905400185.1;MF6;MF7	GCF_016899425.1|KEDGBJ_01901;GCF_053038975.1|AHCKDM_01917;GCF_053209605.1|GFFINM_01919;GCF_905400185.1|DKPOPA_01889;MF6|CFFIHE_01903;MF7|EFEKAH_01361
GCF_016899425.1|KEDGBJ_01902	6	6	1	1	GCF_016899425.1;GCF_053038975.1;GCF_053209605.1;GCF_905400185.1;MF6;MF7	GCF_016899425.1|KEDGBJ_01902;GCF_053038975.1|AHCKDM_01918;GCF_053209605.1|GFFINM_01920;GCF_905400185.1|DKPOPA_01890;MF6|CFFIHE_01904;MF7|EFEKAH_01362
GCF_016899425.1|KEDGBJ_01903	6	6	1	1	GCF_016899425.1;GCF_053038975.1;GCF_053209605.1;GCF_905400185.1;MF6;MF7	GCF_016899425.1|KEDGBJ_01903;GCF_053038975.1|AHCKDM_01919;GCF_053209605.1|GFFINM_01921;GCF_905400185.1|DKPOPA_01891;MF6|CFFIHE_01905;MF7|EFEKAH_01363
GCF_016899425.1|KEDGBJ_01904	6	6	1	1	GCF_016899425.1;GCF_053038975.1;GCF_053209605.1;GCF_905400185.1;MF6;MF7	GCF_016899425.1|KEDGBJ_01904;GCF_053038975.1|AHCKDM_01920;GCF_053209605.1|GFFINM_01922;GCF_905400185.1|DKPOPA_01892;MF6|CFFIHE_01906;MF7|EFEKAH_01364
GCF_016899425.1|KEDGBJ_01905	6	6	1	1	GCF_016899425.1;GCF_053038975.1;GCF_053209605.1;GCF_905400185.1;MF6;MF7	GCF_016899425.1|KEDGBJ_01905;GCF_053038975.1|AHCKDM_01921;GCF_053209605.1|GFFINM_01923;GCF_905400185.1|DKPOPA_01893;MF6|CFFIHE_01907;MF7|EFEKAH_01365
GCF_016899425.1|KEDGBJ_01906	6	6	1	1	GCF_016899425.1;GCF_053038975.1;GCF_053209605.1;GCF_905400185.1;MF6;MF7	GCF_016899425.1|KEDGBJ_01906;GCF_053038975.1|AHCKDM_01922;GCF_053209605.1|GFFINM_01924;GCF_905400185.1|DKPOPA_01894;MF6|CFFIHE_01908;MF7|EFEKAH_01366
GCF_016899425.1|KEDGBJ_01907	6	6	1	1	GCF_016899425.1;GCF_053038975.1;GCF_053209605.1;GCF_905400185.1;MF6;MF7	GCF_016899425.1|KEDGBJ_01907;GCF_053038975.1|AHCKDM_01923;GCF_053209605.1|GFFINM_01925;GCF_905400185.1|DKPOPA_01895;MF6|CFFIHE_01909;MF7|EFEKAH_01367
GCF_016899425.1|KEDGBJ_01909	6	6	1	1	GCF_016899425.1;GCF_053038975.1;GCF_053209605.1;GCF_905400185.1;MF6;MF7	GCF_016899425.1|KEDGBJ_01909;GCF_053038975.1|AHCKDM_01925;GCF_053209605.1|GFFINM_01927;GCF_905400185.1|DKPOPA_01897;MF6|CFFIHE_01911;MF7|EFEKAH_01369
GCF_016899425.1|KEDGBJ_01910	6	6	1	1	GCF_016899425.1;GCF_053038975.1;GCF_053209605.1;GCF_905400185.1;MF6;MF7	GCF_016899425.1|KEDGBJ_01910;GCF_053038975.1|AHCKDM_01926;GCF_053209605.1|GFFINM_01928;GCF_905400185.1|DKPOPA_01898;MF6|CFFIHE_01912;MF7|EFEKAH_01370
GCF_016899425.1|KEDGBJ_01911	6	6	1	1	GCF_016899425.1;GCF_053038975.1;GCF_053209605.1;GCF_905400185.1;MF6;MF7	GCF_016899425.1|KEDGBJ_01911;GCF_053038975.1|AHCKDM_01927;GCF_053209605.1|GFFINM_01929;GCF_905400185.1|DKPOPA_01899;MF6|CFFIHE_01913;MF7|EFEKAH_01371
GCF_016899425.1|KEDGBJ_01912	6	6	1	1	GCF_016899425.1;GCF_053038975.1;GCF_053209605.1;GCF_905400185.1;MF6;MF7	GCF_016899425.1|KEDGBJ_01912;GCF_053038975.1|AHCKDM_01928;GCF_053209605.1|GFFINM_01930;GCF_905400185.1|DKPOPA_01900;MF6|CFFIHE_01914;MF7|EFEKAH_01372
GCF_016899425.1|KEDGBJ_01913	6	6	1	1	GCF_016899425.1;GCF_053038975.1;GCF_053209605.1;GCF_905400185.1;MF6;MF7	GCF_016899425.1|KEDGBJ_01913;GCF_053038975.1|AHCKDM_01929;GCF_053209605.1|GFFINM_01931;GCF_905400185.1|DKPOPA_01901;MF6|CFFIHE_01915;MF7|EFEKAH_01373
GCF_016899425.1|KEDGBJ_01914	6	6	1	1	GCF_016899425.1;GCF_053038975.1;GCF_053209605.1;GCF_905400185.1;MF6;MF7	GCF_016899425.1|KEDGBJ_01914;GCF_053038975.1|AHCKDM_01930;GCF_053209605.1|GFFINM_01932;GCF_905400185.1|DKPOPA_01902;MF6|CFFIHE_01916;MF7|EFEKAH_01374
GCF_016899425.1|KEDGBJ_01915	6	6	1	1	GCF_016899425.1;GCF_053038975.1;GCF_053209605.1;GCF_905400185.1;MF6;MF7	GCF_016899425.1|KEDGBJ_01915;GCF_053038975.1|AHCKDM_01931;GCF_053209605.1|GFFINM_01933;GCF_905400185.1|DKPOPA_01903;MF6|CFFIHE_01917;MF7|EFEKAH_01375
GCF_016899425.1|KEDGBJ_01916	6	6	1	1	GCF_016899425.1;GCF_053038975.1;GCF_053209605.1;GCF_905400185.1;MF6;MF7	GCF_016899425.1|KEDGBJ_01916;GCF_053038975.1|AHCKDM_01932;GCF_053209605.1|GFFINM_01934;GCF_905400185.1|DKPOPA_01904;MF6|CFFIHE_01918;MF7|EFEKAH_01376
GCF_016899425.1|KEDGBJ_01917	6	6	1	1	GCF_016899425.1;GCF_053038975.1;GCF_053209605.1;GCF_905400185.1;MF6;MF7	GCF_016899425.1|KEDGBJ_01917;GCF_053038975.1|AHCKDM_01933;GCF_053209605.1|GFFINM_01935;GCF_905400185.1|DKPOPA_01905;MF6|CFFIHE_01919;MF7|EFEKAH_01377
GCF_016899425.1|KEDGBJ_01918	6	6	1	1	GCF_016899425.1;GCF_053038975.1;GCF_053209605.1;GCF_905400185.1;MF6;MF7	GCF_016899425.1|KEDGBJ_01918;GCF_053038975.1|AHCKDM_01934;GCF_053209605.1|GFFINM_01936;GCF_905400185.1|DKPOPA_01906;MF6|CFFIHE_01920;MF7|EFEKAH_01378
GCF_016899425.1|KEDGBJ_01919	6	6	1	1	GCF_016899425.1;GCF_053038975.1;GCF_053209605.1;GCF_905400185.1;MF6;MF7	GCF_016899425.1|KEDGBJ_01919;GCF_053038975.1|AHCKDM_01935;GCF_053209605.1|GFFINM_01937;GCF_905400185.1|DKPOPA_01907;MF6|CFFIHE_01921;MF7|EFEKAH_01379
GCF_016899425.1|KEDGBJ_01920	6	6	1	1	GCF_016899425.1;GCF_053038975.1;GCF_053209605.1;GCF_905400185.1;MF6;MF7	GCF_016899425.1|KEDGBJ_01920;GCF_053038975.1|AHCKDM_01936;GCF_053209605.1|GFFINM_01938;GCF_905400185.1|DKPOPA_01908;MF6|CFFIHE_01922;MF7|EFEKAH_01380
GCF_016899425.1|KEDGBJ_01921	6	6	1	1	GCF_016899425.1;GCF_053038975.1;GCF_053209605.1;GCF_905400185.1;MF6;MF7	GCF_016899425.1|KEDGBJ_01921;GCF_053038975.1|AHCKDM_01937;GCF_053209605.1|GFFINM_01939;GCF_905400185.1|DKPOPA_01909;MF6|CFFIHE_01923;MF7|EFEKAH_01381
GCF_016899425.1|KEDGBJ_01922	6	6	1	1	GCF_016899425.1;GCF_053038975.1;GCF_053209605.1;GCF_905400185.1;MF6;MF7	GCF_016899425.1|KEDGBJ_01922;GCF_053038975.1|AHCKDM_01938;GCF_053209605.1|GFFINM_01940;GCF_905400185.1|DKPOPA_01910;MF6|CFFIHE_01924;MF7|EFEKAH_01382
GCF_016899425.1|KEDGBJ_01923	6	6	1	1	GCF_016899425.1;GCF_053038975.1;GCF_053209605.1;GCF_905400185.1;MF6;MF7	GCF_016899425.1|KEDGBJ_01923;GCF_053038975.1|AHCKDM_01939;GCF_053209605.1|GFFINM_01941;GCF_905400185.1|DKPOPA_01911;MF6|CFFIHE_01925;MF7|EFEKAH_01383
GCF_016899425.1|KEDGBJ_01924	6	6	1	1	GCF_016899425.1;GCF_053038975.1;GCF_053209605.1;GCF_905400185.1;MF6;MF7	GCF_016899425.1|KEDGBJ_01924;GCF_053038975.1|AHCKDM_01940;GCF_053209605.1|GFFINM_01942;GCF_905400185.1|DKPOPA_01912;MF6|CFFIHE_01926;MF7|EFEKAH_01384
GCF_016899425.1|KEDGBJ_01925	6	6	1	1	GCF_016899425.1;GCF_053038975.1;GCF_053209605.1;GCF_905400185.1;MF6;MF7	GCF_016899425.1|KEDGBJ_01925;GCF_053038975.1|AHCKDM_01941;GCF_053209605.1|GFFINM_01943;GCF_905400185.1|DKPOPA_01913;MF6|CFFIHE_01927;MF7|EFEKAH_01385
GCF_016899425.1|KEDGBJ_01926	6	6	1	1	GCF_016899425.1;GCF_053038975.1;GCF_053209605.1;GCF_905400185.1;MF6;MF7	GCF_016899425.1|KEDGBJ_01926;GCF_053038975.1|AHCKDM_01942;GCF_053209605.1|GFFINM_01944;GCF_905400185.1|DKPOPA_01914;MF6|CFFIHE_01928;MF7|EFEKAH_01386
GCF_016899425.1|KEDGBJ_01928	6	6	1	1	GCF_016899425.1;GCF_053038975.1;GCF_053209605.1;GCF_905400185.1;MF6;MF7	GCF_016899425.1|KEDGBJ_01928;GCF_053038975.1|AHCKDM_01944;GCF_053209605.1|GFFINM_01946;GCF_905400185.1|DKPOPA_01916;MF6|CFFIHE_01930;MF7|EFEKAH_01388
GCF_016899425.1|KEDGBJ_01929	6	6	1	1	GCF_016899425.1;GCF_053038975.1;GCF_053209605.1;GCF_905400185.1;MF6;MF7	GCF_016899425.1|KEDGBJ_01929;GCF_053038975.1|AHCKDM_01945;GCF_053209605.1|GFFINM_01947;GCF_905400185.1|DKPOPA_01917;MF6|CFFIHE_01931;MF7|EFEKAH_01389
GCF_016899425.1|KEDGBJ_01930	6	6	1	1	GCF_016899425.1;GCF_053038975.1;GCF_053209605.1;GCF_905400185.1;MF6;MF7	GCF_016899425.1|KEDGBJ_01930;GCF_053038975.1|AHCKDM_01946;GCF_053209605.1|GFFINM_01948;GCF_905400185.1|DKPOPA_01918;MF6|CFFIHE_01932;MF7|EFEKAH_01390
GCF_016899425.1|KEDGBJ_01931	6	6	1	1	GCF_016899425.1;GCF_053038975.1;GCF_053209605.1;GCF_905400185.1;MF6;MF7	GCF_016899425.1|KEDGBJ_01931;GCF_053038975.1|AHCKDM_01947;GCF_053209605.1|GFFINM_01949;GCF_905400185.1|DKPOPA_01919;MF6|CFFIHE_01933;MF7|EFEKAH_01391
GCF_016899425.1|KEDGBJ_01932	3	3	0	0	GCF_016899425.1;MF6;MF7	GCF_016899425.1|KEDGBJ_01932;MF6|CFFIHE_01934;MF7|EFEKAH_01392
GCF_016899425.1|KEDGBJ_01933	6	6	1	1	GCF_016899425.1;GCF_053038975.1;GCF_053209605.1;GCF_905400185.1;MF6;MF7	GCF_016899425.1|KEDGBJ_01933;GCF_053038975.1|AHCKDM_01949;GCF_053209605.1|GFFINM_01951;GCF_905400185.1|DKPOPA_01921;MF6|CFFIHE_01935;MF7|EFEKAH_01393
GCF_016899425.1|KEDGBJ_01934	6	6	1	1	GCF_016899425.1;GCF_053038975.1;GCF_053209605.1;GCF_905400185.1;MF6;MF7	GCF_016899425.1|KEDGBJ_01934;GCF_053038975.1|AHCKDM_01950;GCF_053209605.1|GFFINM_01952;GCF_905400185.1|DKPOPA_01922;MF6|CFFIHE_01936;MF7|EFEKAH_01394
GCF_016899425.1|KEDGBJ_01935	6	6	1	1	GCF_016899425.1;GCF_053038975.1;GCF_053209605.1;GCF_905400185.1;MF6;MF7	GCF_016899425.1|KEDGBJ_01935;GCF_053038975.1|AHCKDM_01951;GCF_053209605.1|GFFINM_01953;GCF_905400185.1|DKPOPA_01923;MF6|CFFIHE_01937;MF7|EFEKAH_01395
GCF_016899425.1|KEDGBJ_01936	6	6	1	1	GCF_016899425.1;GCF_053038975.1;GCF_053209605.1;GCF_905400185.1;MF6;MF7	GCF_016899425.1|KEDGBJ_01936;GCF_053038975.1|AHCKDM_01952;GCF_053209605.1|GFFINM_01954;GCF_905400185.1|DKPOPA_01924;MF6|CFFIHE_01938;MF7|EFEKAH_01396
GCF_016899425.1|KEDGBJ_01938	6	6	1	1	GCF_016899425.1;GCF_053038975.1;GCF_053209605.1;GCF_905400185.1;MF6;MF7	GCF_016899425.1|KEDGBJ_01938;GCF_053038975.1|AHCKDM_01954;GCF_053209605.1|GFFINM_01956;GCF_905400185.1|DKPOPA_01926;MF6|CFFIHE_01940;MF7|EFEKAH_01398
GCF_016899425.1|KEDGBJ_01939	6	6	1	1	GCF_016899425.1;GCF_053038975.1;GCF_053209605.1;GCF_905400185.1;MF6;MF7	GCF_016899425.1|KEDGBJ_01939;GCF_053038975.1|AHCKDM_01955;GCF_053209605.1|GFFINM_01957;GCF_905400185.1|DKPOPA_01927;MF6|CFFIHE_01941;MF7|EFEKAH_01399
GCF_016899425.1|KEDGBJ_01940	6	6	1	1	GCF_016899425.1;GCF_053038975.1;GCF_053209605.1;GCF_905400185.1;MF6;MF7	GCF_016899425.1|KEDGBJ_01940;GCF_053038975.1|AHCKDM_01956;GCF_053209605.1|GFFINM_01958;GCF_905400185.1|DKPOPA_01928;MF6|CFFIHE_01942;MF7|EFEKAH_01400
GCF_016899425.1|KEDGBJ_01941	6	6	1	1	GCF_016899425.1;GCF_053038975.1;GCF_053209605.1;GCF_905400185.1;MF6;MF7	GCF_016899425.1|KEDGBJ_01941;GCF_053038975.1|AHCKDM_01957;GCF_053209605.1|GFFINM_01959;GCF_905400185.1|DKPOPA_01929;MF6|CFFIHE_01943;MF7|EFEKAH_01401
GCF_016899425.1|KEDGBJ_01942	6	6	1	1	GCF_016899425.1;GCF_053038975.1;GCF_053209605.1;GCF_905400185.1;MF6;MF7	GCF_016899425.1|KEDGBJ_01942;GCF_053038975.1|AHCKDM_01958;GCF_053209605.1|GFFINM_01960;GCF_905400185.1|DKPOPA_01930;MF6|CFFIHE_01944;MF7|EFEKAH_01402
GCF_016899425.1|KEDGBJ_01943	6	6	1	1	GCF_016899425.1;GCF_053038975.1;GCF_053209605.1;GCF_905400185.1;MF6;MF7	GCF_016899425.1|KEDGBJ_01943;GCF_053038975.1|AHCKDM_01959;GCF_053209605.1|GFFINM_01961;GCF_905400185.1|DKPOPA_01931;MF6|CFFIHE_01945;MF7|EFEKAH_01403
GCF_016899425.1|KEDGBJ_01944	6	6	1	1	GCF_016899425.1;GCF_053038975.1;GCF_053209605.1;GCF_905400185.1;MF6;MF7	GCF_016899425.1|KEDGBJ_01944;GCF_053038975.1|AHCKDM_01960;GCF_053209605.1|GFFINM_01962;GCF_905400185.1|DKPOPA_01932;MF6|CFFIHE_01946;MF7|EFEKAH_01404
GCF_016899425.1|KEDGBJ_01945	6	6	1	1	GCF_016899425.1;GCF_053038975.1;GCF_053209605.1;GCF_905400185.1;MF6;MF7	GCF_016899425.1|KEDGBJ_01945;GCF_053038975.1|AHCKDM_01961;GCF_053209605.1|GFFINM_01963;GCF_905400185.1|DKPOPA_01933;MF6|CFFIHE_01947;MF7|EFEKAH_01405
GCF_016899425.1|KEDGBJ_01946	6	6	1	1	GCF_016899425.1;GCF_053038975.1;GCF_053209605.1;GCF_905400185.1;MF6;MF7	GCF_016899425.1|KEDGBJ_01946;GCF_053038975.1|AHCKDM_01962;GCF_053209605.1|GFFINM_01964;GCF_905400185.1|DKPOPA_01934;MF6|CFFIHE_01948;MF7|EFEKAH_01406
GCF_016899425.1|KEDGBJ_01947	6	6	1	1	GCF_016899425.1;GCF_053038975.1;GCF_053209605.1;GCF_905400185.1;MF6;MF7	GCF_016899425.1|KEDGBJ_01947;GCF_053038975.1|AHCKDM_01963;GCF_053209605.1|GFFINM_01965;GCF_905400185.1|DKPOPA_01935;MF6|CFFIHE_01949;MF7|EFEKAH_01407
GCF_016899425.1|KEDGBJ_01948	6	6	1	1	GCF_016899425.1;GCF_053038975.1;GCF_053209605.1;GCF_905400185.1;MF6;MF7	GCF_016899425.1|KEDGBJ_01948;GCF_053038975.1|AHCKDM_01964;GCF_053209605.1|GFFINM_01966;GCF_905400185.1|DKPOPA_01936;MF6|CFFIHE_01950;MF7|EFEKAH_01408
GCF_016899425.1|KEDGBJ_01949	6	6	1	1	GCF_016899425.1;GCF_053038975.1;GCF_053209605.1;GCF_905400185.1;MF6;MF7	GCF_016899425.1|KEDGBJ_01949;GCF_053038975.1|AHCKDM_01965;GCF_053209605.1|GFFINM_01967;GCF_905400185.1|DKPOPA_01937;MF6|CFFIHE_01951;MF7|EFEKAH_01409
GCF_016899425.1|KEDGBJ_01950	6	6	1	1	GCF_016899425.1;GCF_053038975.1;GCF_053209605.1;GCF_905400185.1;MF6;MF7	GCF_016899425.1|KEDGBJ_01950;GCF_053038975.1|AHCKDM_01966;GCF_053209605.1|GFFINM_01968;GCF_905400185.1|DKPOPA_01938;MF6|CFFIHE_01952;MF7|EFEKAH_01410
GCF_016899425.1|KEDGBJ_01951	6	6	1	1	GCF_016899425.1;GCF_053038975.1;GCF_053209605.1;GCF_905400185.1;MF6;MF7	GCF_016899425.1|KEDGBJ_01951;GCF_053038975.1|AHCKDM_01967;GCF_053209605.1|GFFINM_01969;GCF_905400185.1|DKPOPA_01939;MF6|CFFIHE_01953;MF7|EFEKAH_01411
GCF_016899425.1|KEDGBJ_01952	6	6	1	1	GCF_016899425.1;GCF_053038975.1;GCF_053209605.1;GCF_905400185.1;MF6;MF7	GCF_016899425.1|KEDGBJ_01952;GCF_053038975.1|AHCKDM_01968;GCF_053209605.1|GFFINM_01970;GCF_905400185.1|DKPOPA_01940;MF6|CFFIHE_01954;MF7|EFEKAH_01412
GCF_016899425.1|KEDGBJ_01953	6	6	1	1	GCF_016899425.1;GCF_053038975.1;GCF_053209605.1;GCF_905400185.1;MF6;MF7	GCF_016899425.1|KEDGBJ_01953;GCF_053038975.1|AHCKDM_01969;GCF_053209605.1|GFFINM_01971;GCF_905400185.1|DKPOPA_01941;MF6|CFFIHE_01955;MF7|EFEKAH_01413
GCF_016899425.1|KEDGBJ_01954	6	6	1	1	GCF_016899425.1;GCF_053038975.1;GCF_053209605.1;GCF_905400185.1;MF6;MF7	GCF_016899425.1|KEDGBJ_01954;GCF_053038975.1|AHCKDM_01970;GCF_053209605.1|GFFINM_01972;GCF_905400185.1|DKPOPA_01942;MF6|CFFIHE_01956;MF7|EFEKAH_01414
GCF_016899425.1|KEDGBJ_01955	6	6	1	1	GCF_016899425.1;GCF_053038975.1;GCF_053209605.1;GCF_905400185.1;MF6;MF7	GCF_016899425.1|KEDGBJ_01955;GCF_053038975.1|AHCKDM_01971;GCF_053209605.1|GFFINM_01973;GCF_905400185.1|DKPOPA_01943;MF6|CFFIHE_01957;MF7|EFEKAH_01415
GCF_016899425.1|KEDGBJ_01957	6	6	1	1	GCF_016899425.1;GCF_053038975.1;GCF_053209605.1;GCF_905400185.1;MF6;MF7	GCF_016899425.1|KEDGBJ_01957;GCF_053038975.1|AHCKDM_01973;GCF_053209605.1|GFFINM_01975;GCF_905400185.1|DKPOPA_01945;MF6|CFFIHE_01959;MF7|EFEKAH_01417
GCF_016899425.1|KEDGBJ_01958	6	6	1	1	GCF_016899425.1;GCF_053038975.1;GCF_053209605.1;GCF_905400185.1;MF6;MF7	GCF_016899425.1|KEDGBJ_01958;GCF_053038975.1|AHCKDM_01974;GCF_053209605.1|GFFINM_01976;GCF_905400185.1|DKPOPA_01946;MF6|CFFIHE_01960;MF7|EFEKAH_01418
GCF_016899425.1|KEDGBJ_01959	6	6	1	1	GCF_016899425.1;GCF_053038975.1;GCF_053209605.1;GCF_905400185.1;MF6;MF7	GCF_016899425.1|KEDGBJ_01959;GCF_053038975.1|AHCKDM_01975;GCF_053209605.1|GFFINM_01977;GCF_905400185.1|DKPOPA_01947;MF6|CFFIHE_01961;MF7|EFEKAH_01419
GCF_016899425.1|KEDGBJ_01960	6	6	1	1	GCF_016899425.1;GCF_053038975.1;GCF_053209605.1;GCF_905400185.1;MF6;MF7	GCF_016899425.1|KEDGBJ_01960;GCF_053038975.1|AHCKDM_01976;GCF_053209605.1|GFFINM_01978;GCF_905400185.1|DKPOPA_01948;MF6|CFFIHE_01962;MF7|EFEKAH_01420
GCF_016899425.1|KEDGBJ_01961	6	6	1	1	GCF_016899425.1;GCF_053038975.1;GCF_053209605.1;GCF_905400185.1;MF6;MF7	GCF_016899425.1|KEDGBJ_01961;GCF_053038975.1|AHCKDM_01977;GCF_053209605.1|GFFINM_01979;GCF_905400185.1|DKPOPA_01949;MF6|CFFIHE_01963;MF7|EFEKAH_01421
GCF_016899425.1|KEDGBJ_01962	6	6	1	1	GCF_016899425.1;GCF_053038975.1;GCF_053209605.1;GCF_905400185.1;MF6;MF7	GCF_016899425.1|KEDGBJ_01962;GCF_053038975.1|AHCKDM_01978;GCF_053209605.1|GFFINM_01980;GCF_905400185.1|DKPOPA_01950;MF6|CFFIHE_01964;MF7|EFEKAH_01422
GCF_016899425.1|KEDGBJ_01963	1	1	0	0	GCF_016899425.1	GCF_016899425.1|KEDGBJ_01963
GCF_016899425.1|KEDGBJ_01964	1	1	0	0	GCF_016899425.1	GCF_016899425.1|KEDGBJ_01964
GCF_016899425.1|KEDGBJ_01965	1	1	0	0	GCF_016899425.1	GCF_016899425.1|KEDGBJ_01965
GCF_016899425.1|KEDGBJ_01966	1	1	0	0	GCF_016899425.1	GCF_016899425.1|KEDGBJ_01966
GCF_016899425.1|KEDGBJ_01968	1	1	0	0	GCF_016899425.1	GCF_016899425.1|KEDGBJ_01968
GCF_016899425.1|KEDGBJ_01970	3	3	0	0	GCF_016899425.1;GCF_053038975.1;GCF_053209605.1	GCF_016899425.1|KEDGBJ_01970;GCF_053038975.1|AHCKDM_01782;GCF_053209605.1|GFFINM_01784
GCF_016899425.1|KEDGBJ_01971	1	1	0	0	GCF_016899425.1	GCF_016899425.1|KEDGBJ_01971
GCF_016899425.1|KEDGBJ_01972	1	1	0	0	GCF_016899425.1	GCF_016899425.1|KEDGBJ_01972
GCF_016899425.1|KEDGBJ_01973	1	1	0	0	GCF_016899425.1	GCF_016899425.1|KEDGBJ_01973
GCF_016899425.1|KEDGBJ_01974	1	1	0	0	GCF_016899425.1	GCF_016899425.1|KEDGBJ_01974
GCF_016899425.1|KEDGBJ_01975	1	1	0	0	GCF_016899425.1	GCF_016899425.1|KEDGBJ_01975
GCF_016899425.1|KEDGBJ_01976	1	1	0	0	GCF_016899425.1	GCF_016899425.1|KEDGBJ_01976
GCF_016899425.1|KEDGBJ_01977	1	1	0	0	GCF_016899425.1	GCF_016899425.1|KEDGBJ_01977
GCF_016899425.1|KEDGBJ_01978	1	1	0	0	GCF_016899425.1	GCF_016899425.1|KEDGBJ_01978
GCF_016899425.1|KEDGBJ_01979	1	1	0	0	GCF_016899425.1	GCF_016899425.1|KEDGBJ_01979
GCF_016899425.1|KEDGBJ_01980	1	1	0	0	GCF_016899425.1	GCF_016899425.1|KEDGBJ_01980
GCF_016899425.1|KEDGBJ_01981	1	1	0	0	GCF_016899425.1	GCF_016899425.1|KEDGBJ_01981
GCF_016899425.1|KEDGBJ_01982	1	1	0	0	GCF_016899425.1	GCF_016899425.1|KEDGBJ_01982
GCF_016899425.1|KEDGBJ_01983	1	1	0	0	GCF_016899425.1	GCF_016899425.1|KEDGBJ_01983
GCF_016899425.1|KEDGBJ_01984	1	1	0	0	GCF_016899425.1	GCF_016899425.1|KEDGBJ_01984
GCF_016899425.1|KEDGBJ_01985	1	1	0	0	GCF_016899425.1	GCF_016899425.1|KEDGBJ_01985
GCF_016899425.1|KEDGBJ_01986	1	1	0	0	GCF_016899425.1	GCF_016899425.1|KEDGBJ_01986
GCF_016899425.1|KEDGBJ_01987	1	1	0	0	GCF_016899425.1	GCF_016899425.1|KEDGBJ_01987
GCF_016899425.1|KEDGBJ_01988	1	1	0	0	GCF_016899425.1	GCF_016899425.1|KEDGBJ_01988
GCF_016899425.1|KEDGBJ_01989	1	1	0	0	GCF_016899425.1	GCF_016899425.1|KEDGBJ_01989
GCF_016899425.1|KEDGBJ_01990	1	1	0	0	GCF_016899425.1	GCF_016899425.1|KEDGBJ_01990
GCF_016899425.1|KEDGBJ_01991	1	1	0	0	GCF_016899425.1	GCF_016899425.1|KEDGBJ_01991
GCF_016899425.1|KEDGBJ_01992	1	1	0	0	GCF_016899425.1	GCF_016899425.1|KEDGBJ_01992
GCF_016899425.1|KEDGBJ_01993	1	1	0	0	GCF_016899425.1	GCF_016899425.1|KEDGBJ_01993
GCF_016899425.1|KEDGBJ_01994	1	1	0	0	GCF_016899425.1	GCF_016899425.1|KEDGBJ_01994
GCF_016899425.1|KEDGBJ_01995	1	1	0	0	GCF_016899425.1	GCF_016899425.1|KEDGBJ_01995
GCF_016899425.1|KEDGBJ_01996	1	1	0	0	GCF_016899425.1	GCF_016899425.1|KEDGBJ_01996
GCF_016899425.1|KEDGBJ_01997	1	1	0	0	GCF_016899425.1	GCF_016899425.1|KEDGBJ_01997
GCF_016899425.1|KEDGBJ_01998	1	1	0	0	GCF_016899425.1	GCF_016899425.1|KEDGBJ_01998
GCF_016899425.1|KEDGBJ_01999	1	1	0	0	GCF_016899425.1	GCF_016899425.1|KEDGBJ_01999
GCF_016899425.1|KEDGBJ_02000	1	1	0	0	GCF_016899425.1	GCF_016899425.1|KEDGBJ_02000
GCF_016899425.1|KEDGBJ_02001	1	1	0	0	GCF_016899425.1	GCF_016899425.1|KEDGBJ_02001
GCF_016899425.1|KEDGBJ_02002	1	1	0	0	GCF_016899425.1	GCF_016899425.1|KEDGBJ_02002
GCF_016899425.1|KEDGBJ_02003	1	1	0	0	GCF_016899425.1	GCF_016899425.1|KEDGBJ_02003
GCF_016899425.1|KEDGBJ_02004	1	1	0	0	GCF_016899425.1	GCF_016899425.1|KEDGBJ_02004
GCF_016899425.1|KEDGBJ_02005	1	1	0	0	GCF_016899425.1	GCF_016899425.1|KEDGBJ_02005
GCF_016899425.1|KEDGBJ_02006	1	1	0	0	GCF_016899425.1	GCF_016899425.1|KEDGBJ_02006
GCF_016899425.1|KEDGBJ_02007	1	1	0	0	GCF_016899425.1	GCF_016899425.1|KEDGBJ_02007
GCF_016899425.1|KEDGBJ_02008	1	1	0	0	GCF_016899425.1	GCF_016899425.1|KEDGBJ_02008
GCF_016899425.1|KEDGBJ_02009	1	1	0	0	GCF_016899425.1	GCF_016899425.1|KEDGBJ_02009
GCF_016899425.1|KEDGBJ_02010	1	1	0	0	GCF_016899425.1	GCF_016899425.1|KEDGBJ_02010
GCF_016899425.1|KEDGBJ_02011	1	1	0	0	GCF_016899425.1	GCF_016899425.1|KEDGBJ_02011
GCF_016899425.1|KEDGBJ_02012	1	1	0	0	GCF_016899425.1	GCF_016899425.1|KEDGBJ_02012
GCF_016899425.1|KEDGBJ_02013	6	6	1	1	GCF_016899425.1;GCF_053038975.1;GCF_053209605.1;GCF_905400185.1;MF6;MF7	GCF_016899425.1|KEDGBJ_02013;GCF_053038975.1|AHCKDM_01982;GCF_053209605.1|GFFINM_01984;GCF_905400185.1|DKPOPA_01951;MF6|CFFIHE_01965;MF7|EFEKAH_01423
GCF_016899425.1|KEDGBJ_02014	6	6	1	1	GCF_016899425.1;GCF_053038975.1;GCF_053209605.1;GCF_905400185.1;MF6;MF7	GCF_016899425.1|KEDGBJ_02014;GCF_053038975.1|AHCKDM_01983;GCF_053209605.1|GFFINM_01985;GCF_905400185.1|DKPOPA_01952;MF6|CFFIHE_01966;MF7|EFEKAH_01424
GCF_016899425.1|KEDGBJ_02015	6	6	1	1	GCF_016899425.1;GCF_053038975.1;GCF_053209605.1;GCF_905400185.1;MF6;MF7	GCF_016899425.1|KEDGBJ_02015;GCF_053038975.1|AHCKDM_01984;GCF_053209605.1|GFFINM_01986;GCF_905400185.1|DKPOPA_01953;MF6|CFFIHE_01967;MF7|EFEKAH_01425
GCF_016899425.1|KEDGBJ_02016	6	6	1	1	GCF_016899425.1;GCF_053038975.1;GCF_053209605.1;GCF_905400185.1;MF6;MF7	GCF_016899425.1|KEDGBJ_02016;GCF_053038975.1|AHCKDM_01985;GCF_053209605.1|GFFINM_01987;GCF_905400185.1|DKPOPA_01954;MF6|CFFIHE_01968;MF7|EFEKAH_01426
GCF_016899425.1|KEDGBJ_02017	6	6	1	1	GCF_016899425.1;GCF_053038975.1;GCF_053209605.1;GCF_905400185.1;MF6;MF7	GCF_016899425.1|KEDGBJ_02017;GCF_053038975.1|AHCKDM_01986;GCF_053209605.1|GFFINM_01988;GCF_905400185.1|DKPOPA_01955;MF6|CFFIHE_01969;MF7|EFEKAH_01427
GCF_016899425.1|KEDGBJ_02018	6	6	1	1	GCF_016899425.1;GCF_053038975.1;GCF_053209605.1;GCF_905400185.1;MF6;MF7	GCF_016899425.1|KEDGBJ_02018;GCF_053038975.1|AHCKDM_01987;GCF_053209605.1|GFFINM_01989;GCF_905400185.1|DKPOPA_01956;MF6|CFFIHE_01970;MF7|EFEKAH_01428
GCF_016899425.1|KEDGBJ_02019	6	6	1	1	GCF_016899425.1;GCF_053038975.1;GCF_053209605.1;GCF_905400185.1;MF6;MF7	GCF_016899425.1|KEDGBJ_02019;GCF_053038975.1|AHCKDM_01988;GCF_053209605.1|GFFINM_01990;GCF_905400185.1|DKPOPA_01957;MF6|CFFIHE_01971;MF7|EFEKAH_01429
GCF_016899425.1|KEDGBJ_02020	6	6	1	1	GCF_016899425.1;GCF_053038975.1;GCF_053209605.1;GCF_905400185.1;MF6;MF7	GCF_016899425.1|KEDGBJ_02020;GCF_053038975.1|AHCKDM_01989;GCF_053209605.1|GFFINM_01991;GCF_905400185.1|DKPOPA_01958;MF6|CFFIHE_01972;MF7|EFEKAH_01430
GCF_016899425.1|KEDGBJ_02021	6	6	1	1	GCF_016899425.1;GCF_053038975.1;GCF_053209605.1;GCF_905400185.1;MF6;MF7	GCF_016899425.1|KEDGBJ_02021;GCF_053038975.1|AHCKDM_01990;GCF_053209605.1|GFFINM_01992;GCF_905400185.1|DKPOPA_01959;MF6|CFFIHE_01973;MF7|EFEKAH_01431
GCF_016899425.1|KEDGBJ_02022	6	6	1	1	GCF_016899425.1;GCF_053038975.1;GCF_053209605.1;GCF_905400185.1;MF6;MF7	GCF_016899425.1|KEDGBJ_02022;GCF_053038975.1|AHCKDM_01991;GCF_053209605.1|GFFINM_01993;GCF_905400185.1|DKPOPA_01960;MF6|CFFIHE_01974;MF7|EFEKAH_01432
GCF_016899425.1|KEDGBJ_02023	6	6	1	1	GCF_016899425.1;GCF_053038975.1;GCF_053209605.1;GCF_905400185.1;MF6;MF7	GCF_016899425.1|KEDGBJ_02023;GCF_053038975.1|AHCKDM_01992;GCF_053209605.1|GFFINM_01994;GCF_905400185.1|DKPOPA_01961;MF6|CFFIHE_01975;MF7|EFEKAH_01433
GCF_016899425.1|KEDGBJ_02024	6	6	1	1	GCF_016899425.1;GCF_053038975.1;GCF_053209605.1;GCF_905400185.1;MF6;MF7	GCF_016899425.1|KEDGBJ_02024;GCF_053038975.1|AHCKDM_01993;GCF_053209605.1|GFFINM_01995;GCF_905400185.1|DKPOPA_01962;MF6|CFFIHE_01976;MF7|EFEKAH_01434
GCF_016899425.1|KEDGBJ_02026	6	6	1	1	GCF_016899425.1;GCF_053038975.1;GCF_053209605.1;GCF_905400185.1;MF6;MF7	GCF_016899425.1|KEDGBJ_02026;GCF_053038975.1|AHCKDM_01995;GCF_053209605.1|GFFINM_01997;GCF_905400185.1|DKPOPA_01964;MF6|CFFIHE_01978;MF7|EFEKAH_01436
GCF_016899425.1|KEDGBJ_02027	6	6	1	1	GCF_016899425.1;GCF_053038975.1;GCF_053209605.1;GCF_905400185.1;MF6;MF7	GCF_016899425.1|KEDGBJ_02027;GCF_053038975.1|AHCKDM_01996;GCF_053209605.1|GFFINM_01998;GCF_905400185.1|DKPOPA_01965;MF6|CFFIHE_01979;MF7|EFEKAH_01437
GCF_016899425.1|KEDGBJ_02028	6	6	1	1	GCF_016899425.1;GCF_053038975.1;GCF_053209605.1;GCF_905400185.1;MF6;MF7	GCF_016899425.1|KEDGBJ_02028;GCF_053038975.1|AHCKDM_01997;GCF_053209605.1|GFFINM_01999;GCF_905400185.1|DKPOPA_01966;MF6|CFFIHE_01980;MF7|EFEKAH_01438
GCF_016899425.1|KEDGBJ_02029	6	6	1	1	GCF_016899425.1;GCF_053038975.1;GCF_053209605.1;GCF_905400185.1;MF6;MF7	GCF_016899425.1|KEDGBJ_02029;GCF_053038975.1|AHCKDM_01998;GCF_053209605.1|GFFINM_02000;GCF_905400185.1|DKPOPA_01967;MF6|CFFIHE_01981;MF7|EFEKAH_01439
GCF_016899425.1|KEDGBJ_02030	6	6	1	1	GCF_016899425.1;GCF_053038975.1;GCF_053209605.1;GCF_905400185.1;MF6;MF7	GCF_016899425.1|KEDGBJ_02030;GCF_053038975.1|AHCKDM_01999;GCF_053209605.1|GFFINM_02001;GCF_905400185.1|DKPOPA_01968;MF6|CFFIHE_01982;MF7|EFEKAH_01440
GCF_016899425.1|KEDGBJ_02031	6	6	1	1	GCF_016899425.1;GCF_053038975.1;GCF_053209605.1;GCF_905400185.1;MF6;MF7	GCF_016899425.1|KEDGBJ_02031;GCF_053038975.1|AHCKDM_02000;GCF_053209605.1|GFFINM_02002;GCF_905400185.1|DKPOPA_01969;MF6|CFFIHE_01983;MF7|EFEKAH_01441
GCF_016899425.1|KEDGBJ_02032	6	6	1	1	GCF_016899425.1;GCF_053038975.1;GCF_053209605.1;GCF_905400185.1;MF6;MF7	GCF_016899425.1|KEDGBJ_02032;GCF_053038975.1|AHCKDM_02001;GCF_053209605.1|GFFINM_02003;GCF_905400185.1|DKPOPA_01970;MF6|CFFIHE_01984;MF7|EFEKAH_01442
GCF_016899425.1|KEDGBJ_02035	6	6	1	1	GCF_016899425.1;GCF_053038975.1;GCF_053209605.1;GCF_905400185.1;MF6;MF7	GCF_016899425.1|KEDGBJ_02035;GCF_053038975.1|AHCKDM_02004;GCF_053209605.1|GFFINM_02006;GCF_905400185.1|DKPOPA_01973;MF6|CFFIHE_01987;MF7|EFEKAH_01445
GCF_016899425.1|KEDGBJ_02036	6	6	1	1	GCF_016899425.1;GCF_053038975.1;GCF_053209605.1;GCF_905400185.1;MF6;MF7	GCF_016899425.1|KEDGBJ_02036;GCF_053038975.1|AHCKDM_02005;GCF_053209605.1|GFFINM_02007;GCF_905400185.1|DKPOPA_01974;MF6|CFFIHE_01988;MF7|EFEKAH_01446
GCF_016899425.1|KEDGBJ_02037	6	6	1	1	GCF_016899425.1;GCF_053038975.1;GCF_053209605.1;GCF_905400185.1;MF6;MF7	GCF_016899425.1|KEDGBJ_02037;GCF_053038975.1|AHCKDM_02006;GCF_053209605.1|GFFINM_02008;GCF_905400185.1|DKPOPA_01975;MF6|CFFIHE_01989;MF7|EFEKAH_01447
GCF_016899425.1|KEDGBJ_02038	6	6	1	1	GCF_016899425.1;GCF_053038975.1;GCF_053209605.1;GCF_905400185.1;MF6;MF7	GCF_016899425.1|KEDGBJ_02038;GCF_053038975.1|AHCKDM_02007;GCF_053209605.1|GFFINM_02009;GCF_905400185.1|DKPOPA_01976;MF6|CFFIHE_01990;MF7|EFEKAH_01448
GCF_016899425.1|KEDGBJ_02039	6	6	1	1	GCF_016899425.1;GCF_053038975.1;GCF_053209605.1;GCF_905400185.1;MF6;MF7	GCF_016899425.1|KEDGBJ_02039;GCF_053038975.1|AHCKDM_02008;GCF_053209605.1|GFFINM_02010;GCF_905400185.1|DKPOPA_01977;MF6|CFFIHE_01991;MF7|EFEKAH_01449
GCF_016899425.1|KEDGBJ_02040	6	6	1	1	GCF_016899425.1;GCF_053038975.1;GCF_053209605.1;GCF_905400185.1;MF6;MF7	GCF_016899425.1|KEDGBJ_02040;GCF_053038975.1|AHCKDM_02009;GCF_053209605.1|GFFINM_02011;GCF_905400185.1|DKPOPA_01978;MF6|CFFIHE_01992;MF7|EFEKAH_01450
GCF_016899425.1|KEDGBJ_02041	6	6	1	1	GCF_016899425.1;GCF_053038975.1;GCF_053209605.1;GCF_905400185.1;MF6;MF7	GCF_016899425.1|KEDGBJ_02041;GCF_053038975.1|AHCKDM_02010;GCF_053209605.1|GFFINM_02012;GCF_905400185.1|DKPOPA_01979;MF6|CFFIHE_01993;MF7|EFEKAH_01451
GCF_016899425.1|KEDGBJ_02042	6	6	1	1	GCF_016899425.1;GCF_053038975.1;GCF_053209605.1;GCF_905400185.1;MF6;MF7	GCF_016899425.1|KEDGBJ_02042;GCF_053038975.1|AHCKDM_02011;GCF_053209605.1|GFFINM_02013;GCF_905400185.1|DKPOPA_01980;MF6|CFFIHE_01994;MF7|EFEKAH_01452
GCF_016899425.1|KEDGBJ_02043	6	6	1	1	GCF_016899425.1;GCF_053038975.1;GCF_053209605.1;GCF_905400185.1;MF6;MF7	GCF_016899425.1|KEDGBJ_02043;GCF_053038975.1|AHCKDM_02012;GCF_053209605.1|GFFINM_02014;GCF_905400185.1|DKPOPA_01981;MF6|CFFIHE_01995;MF7|EFEKAH_01453
GCF_016899425.1|KEDGBJ_02044	6	6	1	1	GCF_016899425.1;GCF_053038975.1;GCF_053209605.1;GCF_905400185.1;MF6;MF7	GCF_016899425.1|KEDGBJ_02044;GCF_053038975.1|AHCKDM_02013;GCF_053209605.1|GFFINM_02015;GCF_905400185.1|DKPOPA_01982;MF6|CFFIHE_01996;MF7|EFEKAH_01454
GCF_016899425.1|KEDGBJ_02045	6	6	1	1	GCF_016899425.1;GCF_053038975.1;GCF_053209605.1;GCF_905400185.1;MF6;MF7	GCF_016899425.1|KEDGBJ_02045;GCF_053038975.1|AHCKDM_02014;GCF_053209605.1|GFFINM_02016;GCF_905400185.1|DKPOPA_01983;MF6|CFFIHE_01997;MF7|EFEKAH_01455
GCF_016899425.1|KEDGBJ_02046	6	6	1	1	GCF_016899425.1;GCF_053038975.1;GCF_053209605.1;GCF_905400185.1;MF6;MF7	GCF_016899425.1|KEDGBJ_02046;GCF_053038975.1|AHCKDM_02015;GCF_053209605.1|GFFINM_02017;GCF_905400185.1|DKPOPA_01984;MF6|CFFIHE_01998;MF7|EFEKAH_01456
GCF_016899425.1|KEDGBJ_02047	4	4	0	0	GCF_016899425.1;GCF_905400185.1;MF6;MF7	GCF_016899425.1|KEDGBJ_02047;GCF_905400185.1|DKPOPA_01985;MF6|CFFIHE_01999;MF7|EFEKAH_01457
GCF_016899425.1|KEDGBJ_02049	6	6	1	1	GCF_016899425.1;GCF_053038975.1;GCF_053209605.1;GCF_905400185.1;MF6;MF7	GCF_016899425.1|KEDGBJ_02049;GCF_053038975.1|AHCKDM_02017;GCF_053209605.1|GFFINM_02019;GCF_905400185.1|DKPOPA_01987;MF6|CFFIHE_02001;MF7|EFEKAH_01459
GCF_016899425.1|KEDGBJ_02050	6	6	1	1	GCF_016899425.1;GCF_053038975.1;GCF_053209605.1;GCF_905400185.1;MF6;MF7	GCF_016899425.1|KEDGBJ_02050;GCF_053038975.1|AHCKDM_02018;GCF_053209605.1|GFFINM_02020;GCF_905400185.1|DKPOPA_01988;MF6|CFFIHE_02002;MF7|EFEKAH_01460
GCF_016899425.1|KEDGBJ_02051	6	6	1	1	GCF_016899425.1;GCF_053038975.1;GCF_053209605.1;GCF_905400185.1;MF6;MF7	GCF_016899425.1|KEDGBJ_02051;GCF_053038975.1|AHCKDM_02019;GCF_053209605.1|GFFINM_02021;GCF_905400185.1|DKPOPA_01989;MF6|CFFIHE_02003;MF7|EFEKAH_01461
GCF_016899425.1|KEDGBJ_02052	6	6	1	1	GCF_016899425.1;GCF_053038975.1;GCF_053209605.1;GCF_905400185.1;MF6;MF7	GCF_016899425.1|KEDGBJ_02052;GCF_053038975.1|AHCKDM_02020;GCF_053209605.1|GFFINM_02022;GCF_905400185.1|DKPOPA_01990;MF6|CFFIHE_02004;MF7|EFEKAH_01462
GCF_016899425.1|KEDGBJ_02054	6	6	1	1	GCF_016899425.1;GCF_053038975.1;GCF_053209605.1;GCF_905400185.1;MF6;MF7	GCF_016899425.1|KEDGBJ_02054;GCF_053038975.1|AHCKDM_02022;GCF_053209605.1|GFFINM_02024;GCF_905400185.1|DKPOPA_01992;MF6|CFFIHE_02006;MF7|EFEKAH_01464
GCF_016899425.1|KEDGBJ_02055	6	6	1	1	GCF_016899425.1;GCF_053038975.1;GCF_053209605.1;GCF_905400185.1;MF6;MF7	GCF_016899425.1|KEDGBJ_02055;GCF_053038975.1|AHCKDM_02023;GCF_053209605.1|GFFINM_02025;GCF_905400185.1|DKPOPA_01993;MF6|CFFIHE_02007;MF7|EFEKAH_01465
GCF_016899425.1|KEDGBJ_02056	6	6	1	1	GCF_016899425.1;GCF_053038975.1;GCF_053209605.1;GCF_905400185.1;MF6;MF7	GCF_016899425.1|KEDGBJ_02056;GCF_053038975.1|AHCKDM_02024;GCF_053209605.1|GFFINM_02026;GCF_905400185.1|DKPOPA_01994;MF6|CFFIHE_02008;MF7|EFEKAH_01466
GCF_016899425.1|KEDGBJ_02057	6	6	1	1	GCF_016899425.1;GCF_053038975.1;GCF_053209605.1;GCF_905400185.1;MF6;MF7	GCF_016899425.1|KEDGBJ_02057;GCF_053038975.1|AHCKDM_02025;GCF_053209605.1|GFFINM_02027;GCF_905400185.1|DKPOPA_01995;MF6|CFFIHE_02009;MF7|EFEKAH_01467
GCF_016899425.1|KEDGBJ_02058	6	6	1	1	GCF_016899425.1;GCF_053038975.1;GCF_053209605.1;GCF_905400185.1;MF6;MF7	GCF_016899425.1|KEDGBJ_02058;GCF_053038975.1|AHCKDM_02026;GCF_053209605.1|GFFINM_02028;GCF_905400185.1|DKPOPA_01996;MF6|CFFIHE_02010;MF7|EFEKAH_01468
GCF_016899425.1|KEDGBJ_02059	6	6	1	1	GCF_016899425.1;GCF_053038975.1;GCF_053209605.1;GCF_905400185.1;MF6;MF7	GCF_016899425.1|KEDGBJ_02059;GCF_053038975.1|AHCKDM_02027;GCF_053209605.1|GFFINM_02029;GCF_905400185.1|DKPOPA_01997;MF6|CFFIHE_02011;MF7|EFEKAH_01469
GCF_016899425.1|KEDGBJ_02060	6	6	1	1	GCF_016899425.1;GCF_053038975.1;GCF_053209605.1;GCF_905400185.1;MF6;MF7	GCF_016899425.1|KEDGBJ_02060;GCF_053038975.1|AHCKDM_02028;GCF_053209605.1|GFFINM_02030;GCF_905400185.1|DKPOPA_01998;MF6|CFFIHE_02012;MF7|EFEKAH_01470
GCF_016899425.1|KEDGBJ_02061	6	6	1	1	GCF_016899425.1;GCF_053038975.1;GCF_053209605.1;GCF_905400185.1;MF6;MF7	GCF_016899425.1|KEDGBJ_02061;GCF_053038975.1|AHCKDM_02029;GCF_053209605.1|GFFINM_02031;GCF_905400185.1|DKPOPA_01999;MF6|CFFIHE_02013;MF7|EFEKAH_01471
GCF_016899425.1|KEDGBJ_02062	6	6	1	1	GCF_016899425.1;GCF_053038975.1;GCF_053209605.1;GCF_905400185.1;MF6;MF7	GCF_016899425.1|KEDGBJ_02062;GCF_053038975.1|AHCKDM_02030;GCF_053209605.1|GFFINM_02032;GCF_905400185.1|DKPOPA_02000;MF6|CFFIHE_02014;MF7|EFEKAH_01472
GCF_016899425.1|KEDGBJ_02063	6	6	1	1	GCF_016899425.1;GCF_053038975.1;GCF_053209605.1;GCF_905400185.1;MF6;MF7	GCF_016899425.1|KEDGBJ_02063;GCF_053038975.1|AHCKDM_02031;GCF_053209605.1|GFFINM_02033;GCF_905400185.1|DKPOPA_02001;MF6|CFFIHE_02015;MF7|EFEKAH_01473
GCF_016899425.1|KEDGBJ_02064	6	6	1	1	GCF_016899425.1;GCF_053038975.1;GCF_053209605.1;GCF_905400185.1;MF6;MF7	GCF_016899425.1|KEDGBJ_02064;GCF_053038975.1|AHCKDM_02032;GCF_053209605.1|GFFINM_02034;GCF_905400185.1|DKPOPA_02002;MF6|CFFIHE_02016;MF7|EFEKAH_01474
GCF_016899425.1|KEDGBJ_02065	6	6	1	1	GCF_016899425.1;GCF_053038975.1;GCF_053209605.1;GCF_905400185.1;MF6;MF7	GCF_016899425.1|KEDGBJ_02065;GCF_053038975.1|AHCKDM_02033;GCF_053209605.1|GFFINM_02035;GCF_905400185.1|DKPOPA_02003;MF6|CFFIHE_02017;MF7|EFEKAH_01475
GCF_016899425.1|KEDGBJ_02066	6	6	1	1	GCF_016899425.1;GCF_053038975.1;GCF_053209605.1;GCF_905400185.1;MF6;MF7	GCF_016899425.1|KEDGBJ_02066;GCF_053038975.1|AHCKDM_02034;GCF_053209605.1|GFFINM_02036;GCF_905400185.1|DKPOPA_02004;MF6|CFFIHE_02018;MF7|EFEKAH_01476
GCF_016899425.1|KEDGBJ_02067	6	6	1	1	GCF_016899425.1;GCF_053038975.1;GCF_053209605.1;GCF_905400185.1;MF6;MF7	GCF_016899425.1|KEDGBJ_02067;GCF_053038975.1|AHCKDM_02035;GCF_053209605.1|GFFINM_02037;GCF_905400185.1|DKPOPA_02005;MF6|CFFIHE_02019;MF7|EFEKAH_01477
GCF_016899425.1|KEDGBJ_02068	6	6	1	1	GCF_016899425.1;GCF_053038975.1;GCF_053209605.1;GCF_905400185.1;MF6;MF7	GCF_016899425.1|KEDGBJ_02068;GCF_053038975.1|AHCKDM_02036;GCF_053209605.1|GFFINM_02038;GCF_905400185.1|DKPOPA_02006;MF6|CFFIHE_02020;MF7|EFEKAH_01478
GCF_016899425.1|KEDGBJ_02069	6	6	1	1	GCF_016899425.1;GCF_053038975.1;GCF_053209605.1;GCF_905400185.1;MF6;MF7	GCF_016899425.1|KEDGBJ_02069;GCF_053038975.1|AHCKDM_02037;GCF_053209605.1|GFFINM_02039;GCF_905400185.1|DKPOPA_02007;MF6|CFFIHE_02021;MF7|EFEKAH_01479
GCF_016899425.1|KEDGBJ_02070	6	6	1	1	GCF_016899425.1;GCF_053038975.1;GCF_053209605.1;GCF_905400185.1;MF6;MF7	GCF_016899425.1|KEDGBJ_02070;GCF_053038975.1|AHCKDM_02038;GCF_053209605.1|GFFINM_02040;GCF_905400185.1|DKPOPA_02008;MF6|CFFIHE_02022;MF7|EFEKAH_01480
GCF_016899425.1|KEDGBJ_02071	6	6	1	1	GCF_016899425.1;GCF_053038975.1;GCF_053209605.1;GCF_905400185.1;MF6;MF7	GCF_016899425.1|KEDGBJ_02071;GCF_053038975.1|AHCKDM_02039;GCF_053209605.1|GFFINM_02041;GCF_905400185.1|DKPOPA_02009;MF6|CFFIHE_02023;MF7|EFEKAH_01481
GCF_016899425.1|KEDGBJ_02072	6	6	1	1	GCF_016899425.1;GCF_053038975.1;GCF_053209605.1;GCF_905400185.1;MF6;MF7	GCF_016899425.1|KEDGBJ_02072;GCF_053038975.1|AHCKDM_02040;GCF_053209605.1|GFFINM_02042;GCF_905400185.1|DKPOPA_02010;MF6|CFFIHE_02024;MF7|EFEKAH_01482
GCF_016899425.1|KEDGBJ_02073	6	6	1	1	GCF_016899425.1;GCF_053038975.1;GCF_053209605.1;GCF_905400185.1;MF6;MF7	GCF_016899425.1|KEDGBJ_02073;GCF_053038975.1|AHCKDM_02041;GCF_053209605.1|GFFINM_02043;GCF_905400185.1|DKPOPA_02011;MF6|CFFIHE_02025;MF7|EFEKAH_01483
GCF_016899425.1|KEDGBJ_02074	6	6	1	1	GCF_016899425.1;GCF_053038975.1;GCF_053209605.1;GCF_905400185.1;MF6;MF7	GCF_016899425.1|KEDGBJ_02074;GCF_053038975.1|AHCKDM_02042;GCF_053209605.1|GFFINM_02044;GCF_905400185.1|DKPOPA_02012;MF6|CFFIHE_02026;MF7|EFEKAH_01484
GCF_016899425.1|KEDGBJ_02076	6	6	1	1	GCF_016899425.1;GCF_053038975.1;GCF_053209605.1;GCF_905400185.1;MF6;MF7	GCF_016899425.1|KEDGBJ_02076;GCF_053038975.1|AHCKDM_02044;GCF_053209605.1|GFFINM_02046;GCF_905400185.1|DKPOPA_02014;MF6|CFFIHE_02028;MF7|EFEKAH_01486
GCF_016899425.1|KEDGBJ_02077	6	6	1	1	GCF_016899425.1;GCF_053038975.1;GCF_053209605.1;GCF_905400185.1;MF6;MF7	GCF_016899425.1|KEDGBJ_02077;GCF_053038975.1|AHCKDM_02045;GCF_053209605.1|GFFINM_02047;GCF_905400185.1|DKPOPA_02015;MF6|CFFIHE_02029;MF7|EFEKAH_01487
GCF_016899425.1|KEDGBJ_02078	6	6	1	1	GCF_016899425.1;GCF_053038975.1;GCF_053209605.1;GCF_905400185.1;MF6;MF7	GCF_016899425.1|KEDGBJ_02078;GCF_053038975.1|AHCKDM_02046;GCF_053209605.1|GFFINM_02048;GCF_905400185.1|DKPOPA_02016;MF6|CFFIHE_02030;MF7|EFEKAH_01488
GCF_016899425.1|KEDGBJ_02079	6	6	1	1	GCF_016899425.1;GCF_053038975.1;GCF_053209605.1;GCF_905400185.1;MF6;MF7	GCF_016899425.1|KEDGBJ_02079;GCF_053038975.1|AHCKDM_02047;GCF_053209605.1|GFFINM_02049;GCF_905400185.1|DKPOPA_02017;MF6|CFFIHE_02031;MF7|EFEKAH_01489
GCF_016899425.1|KEDGBJ_02080	6	6	1	1	GCF_016899425.1;GCF_053038975.1;GCF_053209605.1;GCF_905400185.1;MF6;MF7	GCF_016899425.1|KEDGBJ_02080;GCF_053038975.1|AHCKDM_02048;GCF_053209605.1|GFFINM_02050;GCF_905400185.1|DKPOPA_02018;MF6|CFFIHE_02032;MF7|EFEKAH_01490
GCF_016899425.1|KEDGBJ_02081	6	6	1	1	GCF_016899425.1;GCF_053038975.1;GCF_053209605.1;GCF_905400185.1;MF6;MF7	GCF_016899425.1|KEDGBJ_02081;GCF_053038975.1|AHCKDM_02049;GCF_053209605.1|GFFINM_02051;GCF_905400185.1|DKPOPA_02019;MF6|CFFIHE_02033;MF7|EFEKAH_01491
GCF_016899425.1|KEDGBJ_02082	6	6	1	1	GCF_016899425.1;GCF_053038975.1;GCF_053209605.1;GCF_905400185.1;MF6;MF7	GCF_016899425.1|KEDGBJ_02082;GCF_053038975.1|AHCKDM_02050;GCF_053209605.1|GFFINM_02052;GCF_905400185.1|DKPOPA_02020;MF6|CFFIHE_02034;MF7|EFEKAH_01492
GCF_016899425.1|KEDGBJ_02083	6	6	1	1	GCF_016899425.1;GCF_053038975.1;GCF_053209605.1;GCF_905400185.1;MF6;MF7	GCF_016899425.1|KEDGBJ_02083;GCF_053038975.1|AHCKDM_02051;GCF_053209605.1|GFFINM_02053;GCF_905400185.1|DKPOPA_02021;MF6|CFFIHE_02035;MF7|EFEKAH_01493
GCF_016899425.1|KEDGBJ_02084	6	6	1	1	GCF_016899425.1;GCF_053038975.1;GCF_053209605.1;GCF_905400185.1;MF6;MF7	GCF_016899425.1|KEDGBJ_02084;GCF_053038975.1|AHCKDM_02052;GCF_053209605.1|GFFINM_02054;GCF_905400185.1|DKPOPA_02022;MF6|CFFIHE_02036;MF7|EFEKAH_01494
GCF_016899425.1|KEDGBJ_02085	6	6	1	1	GCF_016899425.1;GCF_053038975.1;GCF_053209605.1;GCF_905400185.1;MF6;MF7	GCF_016899425.1|KEDGBJ_02085;GCF_053038975.1|AHCKDM_02053;GCF_053209605.1|GFFINM_02055;GCF_905400185.1|DKPOPA_02023;MF6|CFFIHE_02037;MF7|EFEKAH_01495
GCF_016899425.1|KEDGBJ_02086	6	6	1	1	GCF_016899425.1;GCF_053038975.1;GCF_053209605.1;GCF_905400185.1;MF6;MF7	GCF_016899425.1|KEDGBJ_02086;GCF_053038975.1|AHCKDM_02054;GCF_053209605.1|GFFINM_02056;GCF_905400185.1|DKPOPA_02024;MF6|CFFIHE_02038;MF7|EFEKAH_01496
GCF_016899425.1|KEDGBJ_02087	6	6	1	1	GCF_016899425.1;GCF_053038975.1;GCF_053209605.1;GCF_905400185.1;MF6;MF7	GCF_016899425.1|KEDGBJ_02087;GCF_053038975.1|AHCKDM_02055;GCF_053209605.1|GFFINM_02057;GCF_905400185.1|DKPOPA_02025;MF6|CFFIHE_02039;MF7|EFEKAH_01497
GCF_016899425.1|KEDGBJ_02088	6	6	1	1	GCF_016899425.1;GCF_053038975.1;GCF_053209605.1;GCF_905400185.1;MF6;MF7	GCF_016899425.1|KEDGBJ_02088;GCF_053038975.1|AHCKDM_02056;GCF_053209605.1|GFFINM_02058;GCF_905400185.1|DKPOPA_02026;MF6|CFFIHE_02040;MF7|EFEKAH_01498
GCF_016899425.1|KEDGBJ_02089	6	6	1	1	GCF_016899425.1;GCF_053038975.1;GCF_053209605.1;GCF_905400185.1;MF6;MF7	GCF_016899425.1|KEDGBJ_02089;GCF_053038975.1|AHCKDM_02057;GCF_053209605.1|GFFINM_02059;GCF_905400185.1|DKPOPA_02027;MF6|CFFIHE_02041;MF7|EFEKAH_01499
GCF_016899425.1|KEDGBJ_02090	6	6	1	1	GCF_016899425.1;GCF_053038975.1;GCF_053209605.1;GCF_905400185.1;MF6;MF7	GCF_016899425.1|KEDGBJ_02090;GCF_053038975.1|AHCKDM_02058;GCF_053209605.1|GFFINM_02060;GCF_905400185.1|DKPOPA_02028;MF6|CFFIHE_02042;MF7|EFEKAH_01500
GCF_016899425.1|KEDGBJ_02091	6	6	1	1	GCF_016899425.1;GCF_053038975.1;GCF_053209605.1;GCF_905400185.1;MF6;MF7	GCF_016899425.1|KEDGBJ_02091;GCF_053038975.1|AHCKDM_02059;GCF_053209605.1|GFFINM_02061;GCF_905400185.1|DKPOPA_02029;MF6|CFFIHE_02043;MF7|EFEKAH_01501
GCF_016899425.1|KEDGBJ_02092	6	6	1	1	GCF_016899425.1;GCF_053038975.1;GCF_053209605.1;GCF_905400185.1;MF6;MF7	GCF_016899425.1|KEDGBJ_02092;GCF_053038975.1|AHCKDM_02060;GCF_053209605.1|GFFINM_02062;GCF_905400185.1|DKPOPA_02030;MF6|CFFIHE_02044;MF7|EFEKAH_01502
GCF_016899425.1|KEDGBJ_02093	6	6	1	1	GCF_016899425.1;GCF_053038975.1;GCF_053209605.1;GCF_905400185.1;MF6;MF7	GCF_016899425.1|KEDGBJ_02093;GCF_053038975.1|AHCKDM_02061;GCF_053209605.1|GFFINM_02063;GCF_905400185.1|DKPOPA_02031;MF6|CFFIHE_02045;MF7|EFEKAH_01503
GCF_016899425.1|KEDGBJ_02094	6	6	1	1	GCF_016899425.1;GCF_053038975.1;GCF_053209605.1;GCF_905400185.1;MF6;MF7	GCF_016899425.1|KEDGBJ_02094;GCF_053038975.1|AHCKDM_02062;GCF_053209605.1|GFFINM_02064;GCF_905400185.1|DKPOPA_02032;MF6|CFFIHE_02046;MF7|EFEKAH_01504
GCF_016899425.1|KEDGBJ_02095	6	6	1	1	GCF_016899425.1;GCF_053038975.1;GCF_053209605.1;GCF_905400185.1;MF6;MF7	GCF_016899425.1|KEDGBJ_02095;GCF_053038975.1|AHCKDM_02063;GCF_053209605.1|GFFINM_02065;GCF_905400185.1|DKPOPA_02033;MF6|CFFIHE_02047;MF7|EFEKAH_01505
GCF_016899425.1|KEDGBJ_02096	6	6	1	1	GCF_016899425.1;GCF_053038975.1;GCF_053209605.1;GCF_905400185.1;MF6;MF7	GCF_016899425.1|KEDGBJ_02096;GCF_053038975.1|AHCKDM_02064;GCF_053209605.1|GFFINM_02066;GCF_905400185.1|DKPOPA_02034;MF6|CFFIHE_02048;MF7|EFEKAH_01506
GCF_016899425.1|KEDGBJ_02097	6	6	1	1	GCF_016899425.1;GCF_053038975.1;GCF_053209605.1;GCF_905400185.1;MF6;MF7	GCF_016899425.1|KEDGBJ_02097;GCF_053038975.1|AHCKDM_02065;GCF_053209605.1|GFFINM_02067;GCF_905400185.1|DKPOPA_02035;MF6|CFFIHE_02049;MF7|EFEKAH_01507
GCF_016899425.1|KEDGBJ_02098	6	6	1	1	GCF_016899425.1;GCF_053038975.1;GCF_053209605.1;GCF_905400185.1;MF6;MF7	GCF_016899425.1|KEDGBJ_02098;GCF_053038975.1|AHCKDM_02066;GCF_053209605.1|GFFINM_02068;GCF_905400185.1|DKPOPA_02036;MF6|CFFIHE_02050;MF7|EFEKAH_01508
GCF_016899425.1|KEDGBJ_02099	4	4	0	0	GCF_016899425.1;GCF_905400185.1;MF6;MF7	GCF_016899425.1|KEDGBJ_02099;GCF_905400185.1|DKPOPA_02037;MF6|CFFIHE_02051;MF7|EFEKAH_01509
GCF_016899425.1|KEDGBJ_02100	4	4	0	0	GCF_016899425.1;GCF_905400185.1;MF6;MF7	GCF_016899425.1|KEDGBJ_02100;GCF_905400185.1|DKPOPA_02038;MF6|CFFIHE_02052;MF7|EFEKAH_01510
GCF_016899425.1|KEDGBJ_02101	6	6	1	1	GCF_016899425.1;GCF_053038975.1;GCF_053209605.1;GCF_905400185.1;MF6;MF7	GCF_016899425.1|KEDGBJ_02101;GCF_053038975.1|AHCKDM_02067;GCF_053209605.1|GFFINM_02069;GCF_905400185.1|DKPOPA_02039;MF6|CFFIHE_02053;MF7|EFEKAH_01511
GCF_016899425.1|KEDGBJ_02102	6	6	1	1	GCF_016899425.1;GCF_053038975.1;GCF_053209605.1;GCF_905400185.1;MF6;MF7	GCF_016899425.1|KEDGBJ_02102;GCF_053038975.1|AHCKDM_02068;GCF_053209605.1|GFFINM_02070;GCF_905400185.1|DKPOPA_02040;MF6|CFFIHE_02054;MF7|EFEKAH_01512
GCF_016899425.1|KEDGBJ_02103	6	6	1	1	GCF_016899425.1;GCF_053038975.1;GCF_053209605.1;GCF_905400185.1;MF6;MF7	GCF_016899425.1|KEDGBJ_02103;GCF_053038975.1|AHCKDM_02069;GCF_053209605.1|GFFINM_02071;GCF_905400185.1|DKPOPA_02041;MF6|CFFIHE_02055;MF7|EFEKAH_01513
GCF_016899425.1|KEDGBJ_02105	6	6	1	1	GCF_016899425.1;GCF_053038975.1;GCF_053209605.1;GCF_905400185.1;MF6;MF7	GCF_016899425.1|KEDGBJ_02105;GCF_053038975.1|AHCKDM_02071;GCF_053209605.1|GFFINM_02073;GCF_905400185.1|DKPOPA_02043;MF6|CFFIHE_02057;MF7|EFEKAH_01515
GCF_016899425.1|KEDGBJ_02106	6	6	1	1	GCF_016899425.1;GCF_053038975.1;GCF_053209605.1;GCF_905400185.1;MF6;MF7	GCF_016899425.1|KEDGBJ_02106;GCF_053038975.1|AHCKDM_02072;GCF_053209605.1|GFFINM_02074;GCF_905400185.1|DKPOPA_02044;MF6|CFFIHE_02058;MF7|EFEKAH_01516
GCF_016899425.1|KEDGBJ_02107	6	6	1	1	GCF_016899425.1;GCF_053038975.1;GCF_053209605.1;GCF_905400185.1;MF6;MF7	GCF_016899425.1|KEDGBJ_02107;GCF_053038975.1|AHCKDM_02073;GCF_053209605.1|GFFINM_02075;GCF_905400185.1|DKPOPA_02045;MF6|CFFIHE_02059;MF7|EFEKAH_01517
GCF_016899425.1|KEDGBJ_02108	6	6	1	1	GCF_016899425.1;GCF_053038975.1;GCF_053209605.1;GCF_905400185.1;MF6;MF7	GCF_016899425.1|KEDGBJ_02108;GCF_053038975.1|AHCKDM_02074;GCF_053209605.1|GFFINM_02076;GCF_905400185.1|DKPOPA_02046;MF6|CFFIHE_02060;MF7|EFEKAH_01518
GCF_016899425.1|KEDGBJ_02109	6	6	1	1	GCF_016899425.1;GCF_053038975.1;GCF_053209605.1;GCF_905400185.1;MF6;MF7	GCF_016899425.1|KEDGBJ_02109;GCF_053038975.1|AHCKDM_02075;GCF_053209605.1|GFFINM_02077;GCF_905400185.1|DKPOPA_02047;MF6|CFFIHE_02061;MF7|EFEKAH_01519
GCF_016899425.1|KEDGBJ_02111	6	6	1	1	GCF_016899425.1;GCF_053038975.1;GCF_053209605.1;GCF_905400185.1;MF6;MF7	GCF_016899425.1|KEDGBJ_02111;GCF_053038975.1|AHCKDM_02077;GCF_053209605.1|GFFINM_02079;GCF_905400185.1|DKPOPA_02049;MF6|CFFIHE_02063;MF7|EFEKAH_01521
GCF_016899425.1|KEDGBJ_02112	6	6	1	1	GCF_016899425.1;GCF_053038975.1;GCF_053209605.1;GCF_905400185.1;MF6;MF7	GCF_016899425.1|KEDGBJ_02112;GCF_053038975.1|AHCKDM_02078;GCF_053209605.1|GFFINM_02080;GCF_905400185.1|DKPOPA_02050;MF6|CFFIHE_02064;MF7|EFEKAH_01522
GCF_016899425.1|KEDGBJ_02113	6	6	1	1	GCF_016899425.1;GCF_053038975.1;GCF_053209605.1;GCF_905400185.1;MF6;MF7	GCF_016899425.1|KEDGBJ_02113;GCF_053038975.1|AHCKDM_02079;GCF_053209605.1|GFFINM_02081;GCF_905400185.1|DKPOPA_02051;MF6|CFFIHE_02065;MF7|EFEKAH_01523
GCF_016899425.1|KEDGBJ_02114	6	6	1	1	GCF_016899425.1;GCF_053038975.1;GCF_053209605.1;GCF_905400185.1;MF6;MF7	GCF_016899425.1|KEDGBJ_02114;GCF_053038975.1|AHCKDM_02080;GCF_053209605.1|GFFINM_02082;GCF_905400185.1|DKPOPA_02052;MF6|CFFIHE_02066;MF7|EFEKAH_01524
GCF_016899425.1|KEDGBJ_02115	6	6	1	1	GCF_016899425.1;GCF_053038975.1;GCF_053209605.1;GCF_905400185.1;MF6;MF7	GCF_016899425.1|KEDGBJ_02115;GCF_053038975.1|AHCKDM_02081;GCF_053209605.1|GFFINM_02083;GCF_905400185.1|DKPOPA_02053;MF6|CFFIHE_02067;MF7|EFEKAH_01525
GCF_016899425.1|KEDGBJ_02116	6	6	1	1	GCF_016899425.1;GCF_053038975.1;GCF_053209605.1;GCF_905400185.1;MF6;MF7	GCF_016899425.1|KEDGBJ_02116;GCF_053038975.1|AHCKDM_02082;GCF_053209605.1|GFFINM_02084;GCF_905400185.1|DKPOPA_02054;MF6|CFFIHE_02068;MF7|EFEKAH_01526
GCF_016899425.1|KEDGBJ_02117	6	6	1	1	GCF_016899425.1;GCF_053038975.1;GCF_053209605.1;GCF_905400185.1;MF6;MF7	GCF_016899425.1|KEDGBJ_02117;GCF_053038975.1|AHCKDM_02083;GCF_053209605.1|GFFINM_02085;GCF_905400185.1|DKPOPA_02055;MF6|CFFIHE_02069;MF7|EFEKAH_01527
GCF_016899425.1|KEDGBJ_02118	6	6	1	1	GCF_016899425.1;GCF_053038975.1;GCF_053209605.1;GCF_905400185.1;MF6;MF7	GCF_016899425.1|KEDGBJ_02118;GCF_053038975.1|AHCKDM_02084;GCF_053209605.1|GFFINM_02086;GCF_905400185.1|DKPOPA_02056;MF6|CFFIHE_02070;MF7|EFEKAH_01528
GCF_016899425.1|KEDGBJ_02119	6	6	1	1	GCF_016899425.1;GCF_053038975.1;GCF_053209605.1;GCF_905400185.1;MF6;MF7	GCF_016899425.1|KEDGBJ_02119;GCF_053038975.1|AHCKDM_02085;GCF_053209605.1|GFFINM_02087;GCF_905400185.1|DKPOPA_02057;MF6|CFFIHE_02071;MF7|EFEKAH_01529
GCF_016899425.1|KEDGBJ_02120	6	6	1	1	GCF_016899425.1;GCF_053038975.1;GCF_053209605.1;GCF_905400185.1;MF6;MF7	GCF_016899425.1|KEDGBJ_02120;GCF_053038975.1|AHCKDM_02086;GCF_053209605.1|GFFINM_02088;GCF_905400185.1|DKPOPA_02058;MF6|CFFIHE_02072;MF7|EFEKAH_01530
GCF_016899425.1|KEDGBJ_02121	6	6	1	1	GCF_016899425.1;GCF_053038975.1;GCF_053209605.1;GCF_905400185.1;MF6;MF7	GCF_016899425.1|KEDGBJ_02121;GCF_053038975.1|AHCKDM_02087;GCF_053209605.1|GFFINM_02089;GCF_905400185.1|DKPOPA_02059;MF6|CFFIHE_02073;MF7|EFEKAH_01531
GCF_016899425.1|KEDGBJ_02122	6	6	1	1	GCF_016899425.1;GCF_053038975.1;GCF_053209605.1;GCF_905400185.1;MF6;MF7	GCF_016899425.1|KEDGBJ_02122;GCF_053038975.1|AHCKDM_02088;GCF_053209605.1|GFFINM_02090;GCF_905400185.1|DKPOPA_02060;MF6|CFFIHE_02074;MF7|EFEKAH_01532
GCF_016899425.1|KEDGBJ_02123	6	6	1	1	GCF_016899425.1;GCF_053038975.1;GCF_053209605.1;GCF_905400185.1;MF6;MF7	GCF_016899425.1|KEDGBJ_02123;GCF_053038975.1|AHCKDM_02089;GCF_053209605.1|GFFINM_02091;GCF_905400185.1|DKPOPA_02061;MF6|CFFIHE_02075;MF7|EFEKAH_01533
GCF_016899425.1|KEDGBJ_02124	6	6	1	1	GCF_016899425.1;GCF_053038975.1;GCF_053209605.1;GCF_905400185.1;MF6;MF7	GCF_016899425.1|KEDGBJ_02124;GCF_053038975.1|AHCKDM_02090;GCF_053209605.1|GFFINM_02092;GCF_905400185.1|DKPOPA_02062;MF6|CFFIHE_02076;MF7|EFEKAH_01534
GCF_016899425.1|KEDGBJ_02125	6	6	1	1	GCF_016899425.1;GCF_053038975.1;GCF_053209605.1;GCF_905400185.1;MF6;MF7	GCF_016899425.1|KEDGBJ_02125;GCF_053038975.1|AHCKDM_02091;GCF_053209605.1|GFFINM_02093;GCF_905400185.1|DKPOPA_02063;MF6|CFFIHE_02077;MF7|EFEKAH_01535
GCF_016899425.1|KEDGBJ_02126	6	6	1	1	GCF_016899425.1;GCF_053038975.1;GCF_053209605.1;GCF_905400185.1;MF6;MF7	GCF_016899425.1|KEDGBJ_02126;GCF_053038975.1|AHCKDM_02092;GCF_053209605.1|GFFINM_02094;GCF_905400185.1|DKPOPA_02064;MF6|CFFIHE_02078;MF7|EFEKAH_01536
GCF_016899425.1|KEDGBJ_02127	6	6	1	1	GCF_016899425.1;GCF_053038975.1;GCF_053209605.1;GCF_905400185.1;MF6;MF7	GCF_016899425.1|KEDGBJ_02127;GCF_053038975.1|AHCKDM_02093;GCF_053209605.1|GFFINM_02095;GCF_905400185.1|DKPOPA_02065;MF6|CFFIHE_02079;MF7|EFEKAH_01537
GCF_016899425.1|KEDGBJ_02128	6	6	1	1	GCF_016899425.1;GCF_053038975.1;GCF_053209605.1;GCF_905400185.1;MF6;MF7	GCF_016899425.1|KEDGBJ_02128;GCF_053038975.1|AHCKDM_02094;GCF_053209605.1|GFFINM_02096;GCF_905400185.1|DKPOPA_02066;MF6|CFFIHE_02080;MF7|EFEKAH_01538
GCF_016899425.1|KEDGBJ_02129	6	6	1	1	GCF_016899425.1;GCF_053038975.1;GCF_053209605.1;GCF_905400185.1;MF6;MF7	GCF_016899425.1|KEDGBJ_02129;GCF_053038975.1|AHCKDM_02095;GCF_053209605.1|GFFINM_02097;GCF_905400185.1|DKPOPA_02067;MF6|CFFIHE_02081;MF7|EFEKAH_01539
GCF_016899425.1|KEDGBJ_02130	6	6	1	1	GCF_016899425.1;GCF_053038975.1;GCF_053209605.1;GCF_905400185.1;MF6;MF7	GCF_016899425.1|KEDGBJ_02130;GCF_053038975.1|AHCKDM_02096;GCF_053209605.1|GFFINM_02098;GCF_905400185.1|DKPOPA_02068;MF6|CFFIHE_02082;MF7|EFEKAH_01540
GCF_016899425.1|KEDGBJ_02131	6	6	1	1	GCF_016899425.1;GCF_053038975.1;GCF_053209605.1;GCF_905400185.1;MF6;MF7	GCF_016899425.1|KEDGBJ_02131;GCF_053038975.1|AHCKDM_02097;GCF_053209605.1|GFFINM_02099;GCF_905400185.1|DKPOPA_02069;MF6|CFFIHE_02083;MF7|EFEKAH_01541
GCF_016899425.1|KEDGBJ_02132	6	6	1	1	GCF_016899425.1;GCF_053038975.1;GCF_053209605.1;GCF_905400185.1;MF6;MF7	GCF_016899425.1|KEDGBJ_02132;GCF_053038975.1|AHCKDM_02098;GCF_053209605.1|GFFINM_02100;GCF_905400185.1|DKPOPA_02070;MF6|CFFIHE_02084;MF7|EFEKAH_01542
GCF_016899425.1|KEDGBJ_02133	6	6	1	1	GCF_016899425.1;GCF_053038975.1;GCF_053209605.1;GCF_905400185.1;MF6;MF7	GCF_016899425.1|KEDGBJ_02133;GCF_053038975.1|AHCKDM_02099;GCF_053209605.1|GFFINM_02101;GCF_905400185.1|DKPOPA_02071;MF6|CFFIHE_02085;MF7|EFEKAH_01543
GCF_016899425.1|KEDGBJ_02135	6	6	1	1	GCF_016899425.1;GCF_053038975.1;GCF_053209605.1;GCF_905400185.1;MF6;MF7	GCF_016899425.1|KEDGBJ_02135;GCF_053038975.1|AHCKDM_02101;GCF_053209605.1|GFFINM_02103;GCF_905400185.1|DKPOPA_02073;MF6|CFFIHE_02087;MF7|EFEKAH_01545
GCF_016899425.1|KEDGBJ_02136	6	6	1	1	GCF_016899425.1;GCF_053038975.1;GCF_053209605.1;GCF_905400185.1;MF6;MF7	GCF_016899425.1|KEDGBJ_02136;GCF_053038975.1|AHCKDM_02102;GCF_053209605.1|GFFINM_02104;GCF_905400185.1|DKPOPA_02074;MF6|CFFIHE_02088;MF7|EFEKAH_01546
GCF_016899425.1|KEDGBJ_02137	6	6	1	1	GCF_016899425.1;GCF_053038975.1;GCF_053209605.1;GCF_905400185.1;MF6;MF7	GCF_016899425.1|KEDGBJ_02137;GCF_053038975.1|AHCKDM_02103;GCF_053209605.1|GFFINM_02105;GCF_905400185.1|DKPOPA_02075;MF6|CFFIHE_02089;MF7|EFEKAH_01547
GCF_016899425.1|KEDGBJ_02138	6	6	1	1	GCF_016899425.1;GCF_053038975.1;GCF_053209605.1;GCF_905400185.1;MF6;MF7	GCF_016899425.1|KEDGBJ_02138;GCF_053038975.1|AHCKDM_02104;GCF_053209605.1|GFFINM_02106;GCF_905400185.1|DKPOPA_02076;MF6|CFFIHE_02090;MF7|EFEKAH_01548
GCF_016899425.1|KEDGBJ_02139	6	6	1	1	GCF_016899425.1;GCF_053038975.1;GCF_053209605.1;GCF_905400185.1;MF6;MF7	GCF_016899425.1|KEDGBJ_02139;GCF_053038975.1|AHCKDM_02105;GCF_053209605.1|GFFINM_02107;GCF_905400185.1|DKPOPA_02077;MF6|CFFIHE_02091;MF7|EFEKAH_01549
GCF_016899425.1|KEDGBJ_02140	6	6	1	1	GCF_016899425.1;GCF_053038975.1;GCF_053209605.1;GCF_905400185.1;MF6;MF7	GCF_016899425.1|KEDGBJ_02140;GCF_053038975.1|AHCKDM_02106;GCF_053209605.1|GFFINM_02108;GCF_905400185.1|DKPOPA_02078;MF6|CFFIHE_02092;MF7|EFEKAH_01550
GCF_016899425.1|KEDGBJ_02141	6	6	1	1	GCF_016899425.1;GCF_053038975.1;GCF_053209605.1;GCF_905400185.1;MF6;MF7	GCF_016899425.1|KEDGBJ_02141;GCF_053038975.1|AHCKDM_02107;GCF_053209605.1|GFFINM_02109;GCF_905400185.1|DKPOPA_02079;MF6|CFFIHE_02093;MF7|EFEKAH_01551
GCF_016899425.1|KEDGBJ_02142	6	6	1	1	GCF_016899425.1;GCF_053038975.1;GCF_053209605.1;GCF_905400185.1;MF6;MF7	GCF_016899425.1|KEDGBJ_02142;GCF_053038975.1|AHCKDM_02108;GCF_053209605.1|GFFINM_02110;GCF_905400185.1|DKPOPA_02080;MF6|CFFIHE_02094;MF7|EFEKAH_01552
GCF_016899425.1|KEDGBJ_02143	6	6	1	1	GCF_016899425.1;GCF_053038975.1;GCF_053209605.1;GCF_905400185.1;MF6;MF7	GCF_016899425.1|KEDGBJ_02143;GCF_053038975.1|AHCKDM_02109;GCF_053209605.1|GFFINM_02111;GCF_905400185.1|DKPOPA_02081;MF6|CFFIHE_02095;MF7|EFEKAH_01553
GCF_016899425.1|KEDGBJ_02144	6	6	1	1	GCF_016899425.1;GCF_053038975.1;GCF_053209605.1;GCF_905400185.1;MF6;MF7	GCF_016899425.1|KEDGBJ_02144;GCF_053038975.1|AHCKDM_02110;GCF_053209605.1|GFFINM_02112;GCF_905400185.1|DKPOPA_02082;MF6|CFFIHE_02096;MF7|EFEKAH_01554
GCF_016899425.1|KEDGBJ_02145	6	6	1	1	GCF_016899425.1;GCF_053038975.1;GCF_053209605.1;GCF_905400185.1;MF6;MF7	GCF_016899425.1|KEDGBJ_02145;GCF_053038975.1|AHCKDM_02111;GCF_053209605.1|GFFINM_02113;GCF_905400185.1|DKPOPA_02083;MF6|CFFIHE_02097;MF7|EFEKAH_01555
GCF_016899425.1|KEDGBJ_02146	6	6	1	1	GCF_016899425.1;GCF_053038975.1;GCF_053209605.1;GCF_905400185.1;MF6;MF7	GCF_016899425.1|KEDGBJ_02146;GCF_053038975.1|AHCKDM_02112;GCF_053209605.1|GFFINM_02114;GCF_905400185.1|DKPOPA_02084;MF6|CFFIHE_02098;MF7|EFEKAH_01556
GCF_016899425.1|KEDGBJ_02147	6	6	1	1	GCF_016899425.1;GCF_053038975.1;GCF_053209605.1;GCF_905400185.1;MF6;MF7	GCF_016899425.1|KEDGBJ_02147;GCF_053038975.1|AHCKDM_02113;GCF_053209605.1|GFFINM_02115;GCF_905400185.1|DKPOPA_02085;MF6|CFFIHE_02099;MF7|EFEKAH_01557
GCF_016899425.1|KEDGBJ_02148	6	6	1	1	GCF_016899425.1;GCF_053038975.1;GCF_053209605.1;GCF_905400185.1;MF6;MF7	GCF_016899425.1|KEDGBJ_02148;GCF_053038975.1|AHCKDM_02114;GCF_053209605.1|GFFINM_02116;GCF_905400185.1|DKPOPA_02086;MF6|CFFIHE_02100;MF7|EFEKAH_01558
GCF_016899425.1|KEDGBJ_02149	6	6	1	1	GCF_016899425.1;GCF_053038975.1;GCF_053209605.1;GCF_905400185.1;MF6;MF7	GCF_016899425.1|KEDGBJ_02149;GCF_053038975.1|AHCKDM_02115;GCF_053209605.1|GFFINM_02117;GCF_905400185.1|DKPOPA_02087;MF6|CFFIHE_02101;MF7|EFEKAH_01559
GCF_016899425.1|KEDGBJ_02150	6	6	1	1	GCF_016899425.1;GCF_053038975.1;GCF_053209605.1;GCF_905400185.1;MF6;MF7	GCF_016899425.1|KEDGBJ_02150;GCF_053038975.1|AHCKDM_02116;GCF_053209605.1|GFFINM_02118;GCF_905400185.1|DKPOPA_02088;MF6|CFFIHE_02102;MF7|EFEKAH_01560
GCF_016899425.1|KEDGBJ_02151	6	6	1	1	GCF_016899425.1;GCF_053038975.1;GCF_053209605.1;GCF_905400185.1;MF6;MF7	GCF_016899425.1|KEDGBJ_02151;GCF_053038975.1|AHCKDM_02117;GCF_053209605.1|GFFINM_02119;GCF_905400185.1|DKPOPA_02089;MF6|CFFIHE_02103;MF7|EFEKAH_01561
GCF_016899425.1|KEDGBJ_02152	6	6	1	1	GCF_016899425.1;GCF_053038975.1;GCF_053209605.1;GCF_905400185.1;MF6;MF7	GCF_016899425.1|KEDGBJ_02152;GCF_053038975.1|AHCKDM_02118;GCF_053209605.1|GFFINM_02120;GCF_905400185.1|DKPOPA_02090;MF6|CFFIHE_02104;MF7|EFEKAH_01562
GCF_016899425.1|KEDGBJ_02153	6	6	1	1	GCF_016899425.1;GCF_053038975.1;GCF_053209605.1;GCF_905400185.1;MF6;MF7	GCF_016899425.1|KEDGBJ_02153;GCF_053038975.1|AHCKDM_02119;GCF_053209605.1|GFFINM_02121;GCF_905400185.1|DKPOPA_02091;MF6|CFFIHE_02105;MF7|EFEKAH_01563
GCF_016899425.1|KEDGBJ_02154	6	6	1	1	GCF_016899425.1;GCF_053038975.1;GCF_053209605.1;GCF_905400185.1;MF6;MF7	GCF_016899425.1|KEDGBJ_02154;GCF_053038975.1|AHCKDM_02120;GCF_053209605.1|GFFINM_02122;GCF_905400185.1|DKPOPA_02092;MF6|CFFIHE_02106;MF7|EFEKAH_01564
GCF_016899425.1|KEDGBJ_02155	6	6	1	1	GCF_016899425.1;GCF_053038975.1;GCF_053209605.1;GCF_905400185.1;MF6;MF7	GCF_016899425.1|KEDGBJ_02155;GCF_053038975.1|AHCKDM_02121;GCF_053209605.1|GFFINM_02123;GCF_905400185.1|DKPOPA_02093;MF6|CFFIHE_02107;MF7|EFEKAH_01565
GCF_016899425.1|KEDGBJ_02156	6	6	1	1	GCF_016899425.1;GCF_053038975.1;GCF_053209605.1;GCF_905400185.1;MF6;MF7	GCF_016899425.1|KEDGBJ_02156;GCF_053038975.1|AHCKDM_02122;GCF_053209605.1|GFFINM_02124;GCF_905400185.1|DKPOPA_02094;MF6|CFFIHE_02108;MF7|EFEKAH_01566
GCF_016899425.1|KEDGBJ_02157	6	6	1	1	GCF_016899425.1;GCF_053038975.1;GCF_053209605.1;GCF_905400185.1;MF6;MF7	GCF_016899425.1|KEDGBJ_02157;GCF_053038975.1|AHCKDM_02123;GCF_053209605.1|GFFINM_02125;GCF_905400185.1|DKPOPA_02095;MF6|CFFIHE_02109;MF7|EFEKAH_01567
GCF_016899425.1|KEDGBJ_02158	6	6	1	1	GCF_016899425.1;GCF_053038975.1;GCF_053209605.1;GCF_905400185.1;MF6;MF7	GCF_016899425.1|KEDGBJ_02158;GCF_053038975.1|AHCKDM_02124;GCF_053209605.1|GFFINM_02126;GCF_905400185.1|DKPOPA_02096;MF6|CFFIHE_02110;MF7|EFEKAH_01568
GCF_016899425.1|KEDGBJ_02159	6	6	1	1	GCF_016899425.1;GCF_053038975.1;GCF_053209605.1;GCF_905400185.1;MF6;MF7	GCF_016899425.1|KEDGBJ_02159;GCF_053038975.1|AHCKDM_02125;GCF_053209605.1|GFFINM_02127;GCF_905400185.1|DKPOPA_02097;MF6|CFFIHE_02111;MF7|EFEKAH_01569
GCF_016899425.1|KEDGBJ_02160	6	6	1	1	GCF_016899425.1;GCF_053038975.1;GCF_053209605.1;GCF_905400185.1;MF6;MF7	GCF_016899425.1|KEDGBJ_02160;GCF_053038975.1|AHCKDM_02126;GCF_053209605.1|GFFINM_02128;GCF_905400185.1|DKPOPA_02098;MF6|CFFIHE_02112;MF7|EFEKAH_01570
GCF_016899425.1|KEDGBJ_02161	6	6	1	1	GCF_016899425.1;GCF_053038975.1;GCF_053209605.1;GCF_905400185.1;MF6;MF7	GCF_016899425.1|KEDGBJ_02161;GCF_053038975.1|AHCKDM_02127;GCF_053209605.1|GFFINM_02129;GCF_905400185.1|DKPOPA_02099;MF6|CFFIHE_02113;MF7|EFEKAH_01571
GCF_016899425.1|KEDGBJ_02162	6	6	1	1	GCF_016899425.1;GCF_053038975.1;GCF_053209605.1;GCF_905400185.1;MF6;MF7	GCF_016899425.1|KEDGBJ_02162;GCF_053038975.1|AHCKDM_02128;GCF_053209605.1|GFFINM_02130;GCF_905400185.1|DKPOPA_02100;MF6|CFFIHE_02114;MF7|EFEKAH_01572
GCF_016899425.1|KEDGBJ_02163	6	6	1	1	GCF_016899425.1;GCF_053038975.1;GCF_053209605.1;GCF_905400185.1;MF6;MF7	GCF_016899425.1|KEDGBJ_02163;GCF_053038975.1|AHCKDM_02129;GCF_053209605.1|GFFINM_02131;GCF_905400185.1|DKPOPA_02101;MF6|CFFIHE_02115;MF7|EFEKAH_01573
GCF_016899425.1|KEDGBJ_02164	6	6	1	1	GCF_016899425.1;GCF_053038975.1;GCF_053209605.1;GCF_905400185.1;MF6;MF7	GCF_016899425.1|KEDGBJ_02164;GCF_053038975.1|AHCKDM_02130;GCF_053209605.1|GFFINM_02132;GCF_905400185.1|DKPOPA_02102;MF6|CFFIHE_02116;MF7|EFEKAH_01574
GCF_016899425.1|KEDGBJ_02165	6	6	1	1	GCF_016899425.1;GCF_053038975.1;GCF_053209605.1;GCF_905400185.1;MF6;MF7	GCF_016899425.1|KEDGBJ_02165;GCF_053038975.1|AHCKDM_02131;GCF_053209605.1|GFFINM_02133;GCF_905400185.1|DKPOPA_02103;MF6|CFFIHE_02117;MF7|EFEKAH_01575
GCF_016899425.1|KEDGBJ_02166	6	6	1	1	GCF_016899425.1;GCF_053038975.1;GCF_053209605.1;GCF_905400185.1;MF6;MF7	GCF_016899425.1|KEDGBJ_02166;GCF_053038975.1|AHCKDM_02132;GCF_053209605.1|GFFINM_02134;GCF_905400185.1|DKPOPA_02104;MF6|CFFIHE_02118;MF7|EFEKAH_01576
GCF_016899425.1|KEDGBJ_02174	6	6	1	1	GCF_016899425.1;GCF_053038975.1;GCF_053209605.1;GCF_905400185.1;MF6;MF7	GCF_016899425.1|KEDGBJ_02174;GCF_053038975.1|AHCKDM_02140;GCF_053209605.1|GFFINM_02142;GCF_905400185.1|DKPOPA_02112;MF6|CFFIHE_02126;MF7|EFEKAH_06844
GCF_016899425.1|KEDGBJ_02175	6	6	1	1	GCF_016899425.1;GCF_053038975.1;GCF_053209605.1;GCF_905400185.1;MF6;MF7	GCF_016899425.1|KEDGBJ_02175;GCF_053038975.1|AHCKDM_02141;GCF_053209605.1|GFFINM_02143;GCF_905400185.1|DKPOPA_02113;MF6|CFFIHE_02127;MF7|EFEKAH_06845
GCF_016899425.1|KEDGBJ_02176	6	6	1	1	GCF_016899425.1;GCF_053038975.1;GCF_053209605.1;GCF_905400185.1;MF6;MF7	GCF_016899425.1|KEDGBJ_02176;GCF_053038975.1|AHCKDM_02142;GCF_053209605.1|GFFINM_02144;GCF_905400185.1|DKPOPA_02114;MF6|CFFIHE_02128;MF7|EFEKAH_06846
GCF_016899425.1|KEDGBJ_02177	6	6	1	1	GCF_016899425.1;GCF_053038975.1;GCF_053209605.1;GCF_905400185.1;MF6;MF7	GCF_016899425.1|KEDGBJ_02177;GCF_053038975.1|AHCKDM_02143;GCF_053209605.1|GFFINM_02145;GCF_905400185.1|DKPOPA_02115;MF6|CFFIHE_02129;MF7|EFEKAH_06847
GCF_016899425.1|KEDGBJ_02178	6	6	1	1	GCF_016899425.1;GCF_053038975.1;GCF_053209605.1;GCF_905400185.1;MF6;MF7	GCF_016899425.1|KEDGBJ_02178;GCF_053038975.1|AHCKDM_02144;GCF_053209605.1|GFFINM_02146;GCF_905400185.1|DKPOPA_02116;MF6|CFFIHE_02130;MF7|EFEKAH_06848
GCF_016899425.1|KEDGBJ_02179	6	6	1	1	GCF_016899425.1;GCF_053038975.1;GCF_053209605.1;GCF_905400185.1;MF6;MF7	GCF_016899425.1|KEDGBJ_02179;GCF_053038975.1|AHCKDM_02145;GCF_053209605.1|GFFINM_02147;GCF_905400185.1|DKPOPA_02117;MF6|CFFIHE_02131;MF7|EFEKAH_06849
GCF_016899425.1|KEDGBJ_02180	6	6	1	1	GCF_016899425.1;GCF_053038975.1;GCF_053209605.1;GCF_905400185.1;MF6;MF7	GCF_016899425.1|KEDGBJ_02180;GCF_053038975.1|AHCKDM_02146;GCF_053209605.1|GFFINM_02148;GCF_905400185.1|DKPOPA_02118;MF6|CFFIHE_02132;MF7|EFEKAH_06850
GCF_016899425.1|KEDGBJ_02181	6	6	1	1	GCF_016899425.1;GCF_053038975.1;GCF_053209605.1;GCF_905400185.1;MF6;MF7	GCF_016899425.1|KEDGBJ_02181;GCF_053038975.1|AHCKDM_02147;GCF_053209605.1|GFFINM_02149;GCF_905400185.1|DKPOPA_02119;MF6|CFFIHE_02133;MF7|EFEKAH_06851
GCF_016899425.1|KEDGBJ_02183	6	6	1	1	GCF_016899425.1;GCF_053038975.1;GCF_053209605.1;GCF_905400185.1;MF6;MF7	GCF_016899425.1|KEDGBJ_02183;GCF_053038975.1|AHCKDM_02149;GCF_053209605.1|GFFINM_02151;GCF_905400185.1|DKPOPA_02121;MF6|CFFIHE_02135;MF7|EFEKAH_06853
GCF_016899425.1|KEDGBJ_02184	6	6	1	1	GCF_016899425.1;GCF_053038975.1;GCF_053209605.1;GCF_905400185.1;MF6;MF7	GCF_016899425.1|KEDGBJ_02184;GCF_053038975.1|AHCKDM_02150;GCF_053209605.1|GFFINM_02152;GCF_905400185.1|DKPOPA_02122;MF6|CFFIHE_02136;MF7|EFEKAH_06854
GCF_016899425.1|KEDGBJ_02185	6	6	1	1	GCF_016899425.1;GCF_053038975.1;GCF_053209605.1;GCF_905400185.1;MF6;MF7	GCF_016899425.1|KEDGBJ_02185;GCF_053038975.1|AHCKDM_02151;GCF_053209605.1|GFFINM_02153;GCF_905400185.1|DKPOPA_02123;MF6|CFFIHE_02137;MF7|EFEKAH_06855
GCF_016899425.1|KEDGBJ_02186	6	6	1	1	GCF_016899425.1;GCF_053038975.1;GCF_053209605.1;GCF_905400185.1;MF6;MF7	GCF_016899425.1|KEDGBJ_02186;GCF_053038975.1|AHCKDM_02152;GCF_053209605.1|GFFINM_02154;GCF_905400185.1|DKPOPA_02124;MF6|CFFIHE_02138;MF7|EFEKAH_06856
GCF_016899425.1|KEDGBJ_02187	6	6	1	1	GCF_016899425.1;GCF_053038975.1;GCF_053209605.1;GCF_905400185.1;MF6;MF7	GCF_016899425.1|KEDGBJ_02187;GCF_053038975.1|AHCKDM_02153;GCF_053209605.1|GFFINM_02155;GCF_905400185.1|DKPOPA_02125;MF6|CFFIHE_02139;MF7|EFEKAH_06857
GCF_016899425.1|KEDGBJ_02190	6	6	1	1	GCF_016899425.1;GCF_053038975.1;GCF_053209605.1;GCF_905400185.1;MF6;MF7	GCF_016899425.1|KEDGBJ_02190;GCF_053038975.1|AHCKDM_02156;GCF_053209605.1|GFFINM_02158;GCF_905400185.1|DKPOPA_02128;MF6|CFFIHE_02142;MF7|EFEKAH_06860
GCF_016899425.1|KEDGBJ_02191	4	4	0	0	GCF_016899425.1;GCF_905400185.1;MF6;MF7	GCF_016899425.1|KEDGBJ_02191;GCF_905400185.1|DKPOPA_02129;MF6|CFFIHE_02143;MF7|EFEKAH_06861
GCF_016899425.1|KEDGBJ_02192	4	4	0	0	GCF_016899425.1;GCF_905400185.1;MF6;MF7	GCF_016899425.1|KEDGBJ_02192;GCF_905400185.1|DKPOPA_02130;MF6|CFFIHE_02144;MF7|EFEKAH_06862
GCF_016899425.1|KEDGBJ_02193	4	4	0	0	GCF_016899425.1;GCF_905400185.1;MF6;MF7	GCF_016899425.1|KEDGBJ_02193;GCF_905400185.1|DKPOPA_02131;MF6|CFFIHE_02145;MF7|EFEKAH_06863
GCF_016899425.1|KEDGBJ_02194	4	4	0	0	GCF_016899425.1;GCF_905400185.1;MF6;MF7	GCF_016899425.1|KEDGBJ_02194;GCF_905400185.1|DKPOPA_02132;MF6|CFFIHE_02146;MF7|EFEKAH_06864
GCF_016899425.1|KEDGBJ_02195	4	4	0	0	GCF_016899425.1;GCF_905400185.1;MF6;MF7	GCF_016899425.1|KEDGBJ_02195;GCF_905400185.1|DKPOPA_02133;MF6|CFFIHE_02147;MF7|EFEKAH_06865
GCF_016899425.1|KEDGBJ_02196	4	4	0	0	GCF_016899425.1;GCF_905400185.1;MF6;MF7	GCF_016899425.1|KEDGBJ_02196;GCF_905400185.1|DKPOPA_02134;MF6|CFFIHE_02148;MF7|EFEKAH_06866
GCF_016899425.1|KEDGBJ_02197	4	4	0	0	GCF_016899425.1;GCF_905400185.1;MF6;MF7	GCF_016899425.1|KEDGBJ_02197;GCF_905400185.1|DKPOPA_02135;MF6|CFFIHE_02149;MF7|EFEKAH_06867
GCF_016899425.1|KEDGBJ_02198	4	4	0	0	GCF_016899425.1;GCF_905400185.1;MF6;MF7	GCF_016899425.1|KEDGBJ_02198;GCF_905400185.1|DKPOPA_02136;MF6|CFFIHE_02150;MF7|EFEKAH_06868
GCF_016899425.1|KEDGBJ_02199	4	4	0	0	GCF_016899425.1;GCF_905400185.1;MF6;MF7	GCF_016899425.1|KEDGBJ_02199;GCF_905400185.1|DKPOPA_02137;MF6|CFFIHE_02151;MF7|EFEKAH_06869
GCF_016899425.1|KEDGBJ_02200	4	4	0	0	GCF_016899425.1;GCF_905400185.1;MF6;MF7	GCF_016899425.1|KEDGBJ_02200;GCF_905400185.1|DKPOPA_02138;MF6|CFFIHE_02152;MF7|EFEKAH_06870
GCF_016899425.1|KEDGBJ_02201	4	4	0	0	GCF_016899425.1;GCF_905400185.1;MF6;MF7	GCF_016899425.1|KEDGBJ_02201;GCF_905400185.1|DKPOPA_02139;MF6|CFFIHE_02153;MF7|EFEKAH_06871
GCF_016899425.1|KEDGBJ_02202	4	4	0	0	GCF_016899425.1;GCF_905400185.1;MF6;MF7	GCF_016899425.1|KEDGBJ_02202;GCF_905400185.1|DKPOPA_02140;MF6|CFFIHE_02154;MF7|EFEKAH_06872
GCF_016899425.1|KEDGBJ_02203	4	4	0	0	GCF_016899425.1;GCF_905400185.1;MF6;MF7	GCF_016899425.1|KEDGBJ_02203;GCF_905400185.1|DKPOPA_02141;MF6|CFFIHE_02155;MF7|EFEKAH_06873
GCF_016899425.1|KEDGBJ_02204	4	4	0	0	GCF_016899425.1;GCF_905400185.1;MF6;MF7	GCF_016899425.1|KEDGBJ_02204;GCF_905400185.1|DKPOPA_02142;MF6|CFFIHE_02156;MF7|EFEKAH_06874
GCF_016899425.1|KEDGBJ_02205	4	4	0	0	GCF_016899425.1;GCF_905400185.1;MF6;MF7	GCF_016899425.1|KEDGBJ_02205;GCF_905400185.1|DKPOPA_02143;MF6|CFFIHE_02157;MF7|EFEKAH_06875
GCF_016899425.1|KEDGBJ_02206	4	4	0	0	GCF_016899425.1;GCF_905400185.1;MF6;MF7	GCF_016899425.1|KEDGBJ_02206;GCF_905400185.1|DKPOPA_02144;MF6|CFFIHE_02158;MF7|EFEKAH_06876
GCF_016899425.1|KEDGBJ_02207	4	4	0	0	GCF_016899425.1;GCF_905400185.1;MF6;MF7	GCF_016899425.1|KEDGBJ_02207;GCF_905400185.1|DKPOPA_02145;MF6|CFFIHE_02159;MF7|EFEKAH_06877
GCF_016899425.1|KEDGBJ_02208	4	4	0	0	GCF_016899425.1;GCF_905400185.1;MF6;MF7	GCF_016899425.1|KEDGBJ_02208;GCF_905400185.1|DKPOPA_02146;MF6|CFFIHE_02160;MF7|EFEKAH_06878
GCF_016899425.1|KEDGBJ_02209	4	4	0	0	GCF_016899425.1;GCF_905400185.1;MF6;MF7	GCF_016899425.1|KEDGBJ_02209;GCF_905400185.1|DKPOPA_02147;MF6|CFFIHE_02161;MF7|EFEKAH_06879
GCF_016899425.1|KEDGBJ_02210	4	4	0	0	GCF_016899425.1;GCF_905400185.1;MF6;MF7	GCF_016899425.1|KEDGBJ_02210;GCF_905400185.1|DKPOPA_02148;MF6|CFFIHE_02162;MF7|EFEKAH_06880
GCF_016899425.1|KEDGBJ_02211	4	4	0	0	GCF_016899425.1;GCF_905400185.1;MF6;MF7	GCF_016899425.1|KEDGBJ_02211;GCF_905400185.1|DKPOPA_02149;MF6|CFFIHE_02163;MF7|EFEKAH_06881
GCF_016899425.1|KEDGBJ_02213	6	6	1	1	GCF_016899425.1;GCF_053038975.1;GCF_053209605.1;GCF_905400185.1;MF6;MF7	GCF_016899425.1|KEDGBJ_02213;GCF_053038975.1|AHCKDM_02159;GCF_053209605.1|GFFINM_02161;GCF_905400185.1|DKPOPA_02151;MF6|CFFIHE_02165;MF7|EFEKAH_06883
GCF_016899425.1|KEDGBJ_02215	6	6	1	1	GCF_016899425.1;GCF_053038975.1;GCF_053209605.1;GCF_905400185.1;MF6;MF7	GCF_016899425.1|KEDGBJ_02215;GCF_053038975.1|AHCKDM_02161;GCF_053209605.1|GFFINM_02163;GCF_905400185.1|DKPOPA_02153;MF6|CFFIHE_02167;MF7|EFEKAH_06885
GCF_016899425.1|KEDGBJ_02216	6	6	1	1	GCF_016899425.1;GCF_053038975.1;GCF_053209605.1;GCF_905400185.1;MF6;MF7	GCF_016899425.1|KEDGBJ_02216;GCF_053038975.1|AHCKDM_02162;GCF_053209605.1|GFFINM_02164;GCF_905400185.1|DKPOPA_02154;MF6|CFFIHE_02168;MF7|EFEKAH_06886
GCF_016899425.1|KEDGBJ_02217	6	6	1	1	GCF_016899425.1;GCF_053038975.1;GCF_053209605.1;GCF_905400185.1;MF6;MF7	GCF_016899425.1|KEDGBJ_02217;GCF_053038975.1|AHCKDM_02163;GCF_053209605.1|GFFINM_02165;GCF_905400185.1|DKPOPA_02155;MF6|CFFIHE_02169;MF7|EFEKAH_06887
GCF_016899425.1|KEDGBJ_02218	6	6	1	1	GCF_016899425.1;GCF_053038975.1;GCF_053209605.1;GCF_905400185.1;MF6;MF7	GCF_016899425.1|KEDGBJ_02218;GCF_053038975.1|AHCKDM_02164;GCF_053209605.1|GFFINM_02166;GCF_905400185.1|DKPOPA_02156;MF6|CFFIHE_02170;MF7|EFEKAH_06888
GCF_016899425.1|KEDGBJ_02219	6	6	1	1	GCF_016899425.1;GCF_053038975.1;GCF_053209605.1;GCF_905400185.1;MF6;MF7	GCF_016899425.1|KEDGBJ_02219;GCF_053038975.1|AHCKDM_02165;GCF_053209605.1|GFFINM_02167;GCF_905400185.1|DKPOPA_02157;MF6|CFFIHE_02171;MF7|EFEKAH_06889
GCF_016899425.1|KEDGBJ_02220	6	6	1	1	GCF_016899425.1;GCF_053038975.1;GCF_053209605.1;GCF_905400185.1;MF6;MF7	GCF_016899425.1|KEDGBJ_02220;GCF_053038975.1|AHCKDM_02166;GCF_053209605.1|GFFINM_02168;GCF_905400185.1|DKPOPA_02158;MF6|CFFIHE_02172;MF7|EFEKAH_06890
GCF_016899425.1|KEDGBJ_02221	6	6	1	1	GCF_016899425.1;GCF_053038975.1;GCF_053209605.1;GCF_905400185.1;MF6;MF7	GCF_016899425.1|KEDGBJ_02221;GCF_053038975.1|AHCKDM_02167;GCF_053209605.1|GFFINM_02169;GCF_905400185.1|DKPOPA_02159;MF6|CFFIHE_02173;MF7|EFEKAH_06891
GCF_016899425.1|KEDGBJ_02222	6	6	1	1	GCF_016899425.1;GCF_053038975.1;GCF_053209605.1;GCF_905400185.1;MF6;MF7	GCF_016899425.1|KEDGBJ_02222;GCF_053038975.1|AHCKDM_02168;GCF_053209605.1|GFFINM_02170;GCF_905400185.1|DKPOPA_02160;MF6|CFFIHE_02174;MF7|EFEKAH_06892
GCF_016899425.1|KEDGBJ_02223	6	6	1	1	GCF_016899425.1;GCF_053038975.1;GCF_053209605.1;GCF_905400185.1;MF6;MF7	GCF_016899425.1|KEDGBJ_02223;GCF_053038975.1|AHCKDM_02169;GCF_053209605.1|GFFINM_02171;GCF_905400185.1|DKPOPA_02161;MF6|CFFIHE_02175;MF7|EFEKAH_06893
GCF_016899425.1|KEDGBJ_02224	6	6	1	1	GCF_016899425.1;GCF_053038975.1;GCF_053209605.1;GCF_905400185.1;MF6;MF7	GCF_016899425.1|KEDGBJ_02224;GCF_053038975.1|AHCKDM_02170;GCF_053209605.1|GFFINM_02172;GCF_905400185.1|DKPOPA_02162;MF6|CFFIHE_02176;MF7|EFEKAH_06894
GCF_016899425.1|KEDGBJ_02225	6	6	1	1	GCF_016899425.1;GCF_053038975.1;GCF_053209605.1;GCF_905400185.1;MF6;MF7	GCF_016899425.1|KEDGBJ_02225;GCF_053038975.1|AHCKDM_02171;GCF_053209605.1|GFFINM_02173;GCF_905400185.1|DKPOPA_02163;MF6|CFFIHE_02177;MF7|EFEKAH_06895
GCF_016899425.1|KEDGBJ_02226	6	6	1	1	GCF_016899425.1;GCF_053038975.1;GCF_053209605.1;GCF_905400185.1;MF6;MF7	GCF_016899425.1|KEDGBJ_02226;GCF_053038975.1|AHCKDM_02172;GCF_053209605.1|GFFINM_02174;GCF_905400185.1|DKPOPA_02164;MF6|CFFIHE_02178;MF7|EFEKAH_06896
GCF_016899425.1|KEDGBJ_02227	6	6	1	1	GCF_016899425.1;GCF_053038975.1;GCF_053209605.1;GCF_905400185.1;MF6;MF7	GCF_016899425.1|KEDGBJ_02227;GCF_053038975.1|AHCKDM_02173;GCF_053209605.1|GFFINM_02175;GCF_905400185.1|DKPOPA_02165;MF6|CFFIHE_02179;MF7|EFEKAH_06897
GCF_016899425.1|KEDGBJ_02228	6	6	1	1	GCF_016899425.1;GCF_053038975.1;GCF_053209605.1;GCF_905400185.1;MF6;MF7	GCF_016899425.1|KEDGBJ_02228;GCF_053038975.1|AHCKDM_02174;GCF_053209605.1|GFFINM_02176;GCF_905400185.1|DKPOPA_02166;MF6|CFFIHE_02180;MF7|EFEKAH_06898
GCF_016899425.1|KEDGBJ_02229	6	6	1	1	GCF_016899425.1;GCF_053038975.1;GCF_053209605.1;GCF_905400185.1;MF6;MF7	GCF_016899425.1|KEDGBJ_02229;GCF_053038975.1|AHCKDM_02175;GCF_053209605.1|GFFINM_02177;GCF_905400185.1|DKPOPA_02167;MF6|CFFIHE_02181;MF7|EFEKAH_06899
GCF_016899425.1|KEDGBJ_02230	6	6	1	1	GCF_016899425.1;GCF_053038975.1;GCF_053209605.1;GCF_905400185.1;MF6;MF7	GCF_016899425.1|KEDGBJ_02230;GCF_053038975.1|AHCKDM_02176;GCF_053209605.1|GFFINM_02178;GCF_905400185.1|DKPOPA_02168;MF6|CFFIHE_02182;MF7|EFEKAH_06900
GCF_016899425.1|KEDGBJ_02231	6	6	1	1	GCF_016899425.1;GCF_053038975.1;GCF_053209605.1;GCF_905400185.1;MF6;MF7	GCF_016899425.1|KEDGBJ_02231;GCF_053038975.1|AHCKDM_02177;GCF_053209605.1|GFFINM_02179;GCF_905400185.1|DKPOPA_02169;MF6|CFFIHE_02183;MF7|EFEKAH_06901
GCF_016899425.1|KEDGBJ_02232	6	6	1	1	GCF_016899425.1;GCF_053038975.1;GCF_053209605.1;GCF_905400185.1;MF6;MF7	GCF_016899425.1|KEDGBJ_02232;GCF_053038975.1|AHCKDM_02178;GCF_053209605.1|GFFINM_02180;GCF_905400185.1|DKPOPA_02170;MF6|CFFIHE_02184;MF7|EFEKAH_06902
GCF_016899425.1|KEDGBJ_02233	6	6	1	1	GCF_016899425.1;GCF_053038975.1;GCF_053209605.1;GCF_905400185.1;MF6;MF7	GCF_016899425.1|KEDGBJ_02233;GCF_053038975.1|AHCKDM_02179;GCF_053209605.1|GFFINM_02181;GCF_905400185.1|DKPOPA_02171;MF6|CFFIHE_02185;MF7|EFEKAH_06903
GCF_016899425.1|KEDGBJ_02234	6	6	1	1	GCF_016899425.1;GCF_053038975.1;GCF_053209605.1;GCF_905400185.1;MF6;MF7	GCF_016899425.1|KEDGBJ_02234;GCF_053038975.1|AHCKDM_02180;GCF_053209605.1|GFFINM_02182;GCF_905400185.1|DKPOPA_02172;MF6|CFFIHE_02186;MF7|EFEKAH_06904
GCF_016899425.1|KEDGBJ_02235	6	6	1	1	GCF_016899425.1;GCF_053038975.1;GCF_053209605.1;GCF_905400185.1;MF6;MF7	GCF_016899425.1|KEDGBJ_02235;GCF_053038975.1|AHCKDM_02181;GCF_053209605.1|GFFINM_02183;GCF_905400185.1|DKPOPA_02173;MF6|CFFIHE_02187;MF7|EFEKAH_06905
GCF_016899425.1|KEDGBJ_02236	6	6	1	1	GCF_016899425.1;GCF_053038975.1;GCF_053209605.1;GCF_905400185.1;MF6;MF7	GCF_016899425.1|KEDGBJ_02236;GCF_053038975.1|AHCKDM_02182;GCF_053209605.1|GFFINM_02184;GCF_905400185.1|DKPOPA_02174;MF6|CFFIHE_02188;MF7|EFEKAH_06906
GCF_016899425.1|KEDGBJ_02237	6	6	1	1	GCF_016899425.1;GCF_053038975.1;GCF_053209605.1;GCF_905400185.1;MF6;MF7	GCF_016899425.1|KEDGBJ_02237;GCF_053038975.1|AHCKDM_02183;GCF_053209605.1|GFFINM_02185;GCF_905400185.1|DKPOPA_02175;MF6|CFFIHE_02189;MF7|EFEKAH_06907
GCF_016899425.1|KEDGBJ_02238	6	6	1	1	GCF_016899425.1;GCF_053038975.1;GCF_053209605.1;GCF_905400185.1;MF6;MF7	GCF_016899425.1|KEDGBJ_02238;GCF_053038975.1|AHCKDM_02184;GCF_053209605.1|GFFINM_02186;GCF_905400185.1|DKPOPA_02176;MF6|CFFIHE_02190;MF7|EFEKAH_06908
GCF_016899425.1|KEDGBJ_02239	6	6	1	1	GCF_016899425.1;GCF_053038975.1;GCF_053209605.1;GCF_905400185.1;MF6;MF7	GCF_016899425.1|KEDGBJ_02239;GCF_053038975.1|AHCKDM_02185;GCF_053209605.1|GFFINM_02187;GCF_905400185.1|DKPOPA_02177;MF6|CFFIHE_02191;MF7|EFEKAH_06909
GCF_016899425.1|KEDGBJ_02240	6	6	1	1	GCF_016899425.1;GCF_053038975.1;GCF_053209605.1;GCF_905400185.1;MF6;MF7	GCF_016899425.1|KEDGBJ_02240;GCF_053038975.1|AHCKDM_02186;GCF_053209605.1|GFFINM_02188;GCF_905400185.1|DKPOPA_02178;MF6|CFFIHE_02192;MF7|EFEKAH_06910
GCF_016899425.1|KEDGBJ_02241	6	6	1	1	GCF_016899425.1;GCF_053038975.1;GCF_053209605.1;GCF_905400185.1;MF6;MF7	GCF_016899425.1|KEDGBJ_02241;GCF_053038975.1|AHCKDM_02187;GCF_053209605.1|GFFINM_02189;GCF_905400185.1|DKPOPA_02179;MF6|CFFIHE_02193;MF7|EFEKAH_06911
GCF_016899425.1|KEDGBJ_02243	6	6	1	1	GCF_016899425.1;GCF_053038975.1;GCF_053209605.1;GCF_905400185.1;MF6;MF7	GCF_016899425.1|KEDGBJ_02243;GCF_053038975.1|AHCKDM_02189;GCF_053209605.1|GFFINM_02191;GCF_905400185.1|DKPOPA_02181;MF6|CFFIHE_02195;MF7|EFEKAH_06913
GCF_016899425.1|KEDGBJ_02244	6	6	1	1	GCF_016899425.1;GCF_053038975.1;GCF_053209605.1;GCF_905400185.1;MF6;MF7	GCF_016899425.1|KEDGBJ_02244;GCF_053038975.1|AHCKDM_02190;GCF_053209605.1|GFFINM_02192;GCF_905400185.1|DKPOPA_02182;MF6|CFFIHE_02196;MF7|EFEKAH_06914
GCF_016899425.1|KEDGBJ_02245	6	6	1	1	GCF_016899425.1;GCF_053038975.1;GCF_053209605.1;GCF_905400185.1;MF6;MF7	GCF_016899425.1|KEDGBJ_02245;GCF_053038975.1|AHCKDM_02191;GCF_053209605.1|GFFINM_02193;GCF_905400185.1|DKPOPA_02183;MF6|CFFIHE_02197;MF7|EFEKAH_06915
GCF_016899425.1|KEDGBJ_02246	6	6	1	1	GCF_016899425.1;GCF_053038975.1;GCF_053209605.1;GCF_905400185.1;MF6;MF7	GCF_016899425.1|KEDGBJ_02246;GCF_053038975.1|AHCKDM_02192;GCF_053209605.1|GFFINM_02194;GCF_905400185.1|DKPOPA_02184;MF6|CFFIHE_02198;MF7|EFEKAH_06916
GCF_016899425.1|KEDGBJ_02247	6	6	1	1	GCF_016899425.1;GCF_053038975.1;GCF_053209605.1;GCF_905400185.1;MF6;MF7	GCF_016899425.1|KEDGBJ_02247;GCF_053038975.1|AHCKDM_02193;GCF_053209605.1|GFFINM_02195;GCF_905400185.1|DKPOPA_02185;MF6|CFFIHE_02199;MF7|EFEKAH_06917
GCF_016899425.1|KEDGBJ_02249	6	6	1	1	GCF_016899425.1;GCF_053038975.1;GCF_053209605.1;GCF_905400185.1;MF6;MF7	GCF_016899425.1|KEDGBJ_02249;GCF_053038975.1|AHCKDM_02195;GCF_053209605.1|GFFINM_02197;GCF_905400185.1|DKPOPA_02187;MF6|CFFIHE_02201;MF7|EFEKAH_06919
GCF_016899425.1|KEDGBJ_02250	6	6	1	1	GCF_016899425.1;GCF_053038975.1;GCF_053209605.1;GCF_905400185.1;MF6;MF7	GCF_016899425.1|KEDGBJ_02250;GCF_053038975.1|AHCKDM_02196;GCF_053209605.1|GFFINM_02198;GCF_905400185.1|DKPOPA_02188;MF6|CFFIHE_02202;MF7|EFEKAH_06920
GCF_016899425.1|KEDGBJ_02251	6	6	1	1	GCF_016899425.1;GCF_053038975.1;GCF_053209605.1;GCF_905400185.1;MF6;MF7	GCF_016899425.1|KEDGBJ_02251;GCF_053038975.1|AHCKDM_02197;GCF_053209605.1|GFFINM_02199;GCF_905400185.1|DKPOPA_02189;MF6|CFFIHE_02203;MF7|EFEKAH_06921
GCF_016899425.1|KEDGBJ_02252	6	6	1	1	GCF_016899425.1;GCF_053038975.1;GCF_053209605.1;GCF_905400185.1;MF6;MF7	GCF_016899425.1|KEDGBJ_02252;GCF_053038975.1|AHCKDM_02198;GCF_053209605.1|GFFINM_02200;GCF_905400185.1|DKPOPA_02190;MF6|CFFIHE_02204;MF7|EFEKAH_06922
GCF_016899425.1|KEDGBJ_02253	6	6	1	1	GCF_016899425.1;GCF_053038975.1;GCF_053209605.1;GCF_905400185.1;MF6;MF7	GCF_016899425.1|KEDGBJ_02253;GCF_053038975.1|AHCKDM_02199;GCF_053209605.1|GFFINM_02201;GCF_905400185.1|DKPOPA_02191;MF6|CFFIHE_02205;MF7|EFEKAH_06923
GCF_016899425.1|KEDGBJ_02254	6	6	1	1	GCF_016899425.1;GCF_053038975.1;GCF_053209605.1;GCF_905400185.1;MF6;MF7	GCF_016899425.1|KEDGBJ_02254;GCF_053038975.1|AHCKDM_02200;GCF_053209605.1|GFFINM_02202;GCF_905400185.1|DKPOPA_02192;MF6|CFFIHE_02206;MF7|EFEKAH_06924
GCF_016899425.1|KEDGBJ_02255	6	6	1	1	GCF_016899425.1;GCF_053038975.1;GCF_053209605.1;GCF_905400185.1;MF6;MF7	GCF_016899425.1|KEDGBJ_02255;GCF_053038975.1|AHCKDM_02201;GCF_053209605.1|GFFINM_02203;GCF_905400185.1|DKPOPA_02193;MF6|CFFIHE_02207;MF7|EFEKAH_06925
GCF_016899425.1|KEDGBJ_02256	6	6	1	1	GCF_016899425.1;GCF_053038975.1;GCF_053209605.1;GCF_905400185.1;MF6;MF7	GCF_016899425.1|KEDGBJ_02256;GCF_053038975.1|AHCKDM_02202;GCF_053209605.1|GFFINM_02204;GCF_905400185.1|DKPOPA_02194;MF6|CFFIHE_02208;MF7|EFEKAH_06926
GCF_016899425.1|KEDGBJ_02257	6	6	1	1	GCF_016899425.1;GCF_053038975.1;GCF_053209605.1;GCF_905400185.1;MF6;MF7	GCF_016899425.1|KEDGBJ_02257;GCF_053038975.1|AHCKDM_02203;GCF_053209605.1|GFFINM_02205;GCF_905400185.1|DKPOPA_02195;MF6|CFFIHE_02209;MF7|EFEKAH_06927
GCF_016899425.1|KEDGBJ_02258	6	6	1	1	GCF_016899425.1;GCF_053038975.1;GCF_053209605.1;GCF_905400185.1;MF6;MF7	GCF_016899425.1|KEDGBJ_02258;GCF_053038975.1|AHCKDM_02204;GCF_053209605.1|GFFINM_02206;GCF_905400185.1|DKPOPA_02196;MF6|CFFIHE_02210;MF7|EFEKAH_06928
GCF_016899425.1|KEDGBJ_02260	6	6	1	1	GCF_016899425.1;GCF_053038975.1;GCF_053209605.1;GCF_905400185.1;MF6;MF7	GCF_016899425.1|KEDGBJ_02260;GCF_053038975.1|AHCKDM_02206;GCF_053209605.1|GFFINM_02208;GCF_905400185.1|DKPOPA_02198;MF6|CFFIHE_02212;MF7|EFEKAH_06930
GCF_016899425.1|KEDGBJ_02261	6	6	1	1	GCF_016899425.1;GCF_053038975.1;GCF_053209605.1;GCF_905400185.1;MF6;MF7	GCF_016899425.1|KEDGBJ_02261;GCF_053038975.1|AHCKDM_02207;GCF_053209605.1|GFFINM_02209;GCF_905400185.1|DKPOPA_02199;MF6|CFFIHE_02213;MF7|EFEKAH_06931
GCF_016899425.1|KEDGBJ_02262	6	6	1	1	GCF_016899425.1;GCF_053038975.1;GCF_053209605.1;GCF_905400185.1;MF6;MF7	GCF_016899425.1|KEDGBJ_02262;GCF_053038975.1|AHCKDM_02208;GCF_053209605.1|GFFINM_02210;GCF_905400185.1|DKPOPA_02200;MF6|CFFIHE_02214;MF7|EFEKAH_06932
GCF_016899425.1|KEDGBJ_02263	6	6	1	1	GCF_016899425.1;GCF_053038975.1;GCF_053209605.1;GCF_905400185.1;MF6;MF7	GCF_016899425.1|KEDGBJ_02263;GCF_053038975.1|AHCKDM_02209;GCF_053209605.1|GFFINM_02211;GCF_905400185.1|DKPOPA_02201;MF6|CFFIHE_02215;MF7|EFEKAH_06933
GCF_016899425.1|KEDGBJ_02264	6	6	1	1	GCF_016899425.1;GCF_053038975.1;GCF_053209605.1;GCF_905400185.1;MF6;MF7	GCF_016899425.1|KEDGBJ_02264;GCF_053038975.1|AHCKDM_02210;GCF_053209605.1|GFFINM_02212;GCF_905400185.1|DKPOPA_02202;MF6|CFFIHE_02216;MF7|EFEKAH_06934
GCF_016899425.1|KEDGBJ_02265	6	6	1	1	GCF_016899425.1;GCF_053038975.1;GCF_053209605.1;GCF_905400185.1;MF6;MF7	GCF_016899425.1|KEDGBJ_02265;GCF_053038975.1|AHCKDM_02211;GCF_053209605.1|GFFINM_02213;GCF_905400185.1|DKPOPA_02203;MF6|CFFIHE_02217;MF7|EFEKAH_06935
GCF_016899425.1|KEDGBJ_02266	6	6	1	1	GCF_016899425.1;GCF_053038975.1;GCF_053209605.1;GCF_905400185.1;MF6;MF7	GCF_016899425.1|KEDGBJ_02266;GCF_053038975.1|AHCKDM_02212;GCF_053209605.1|GFFINM_02214;GCF_905400185.1|DKPOPA_02204;MF6|CFFIHE_02218;MF7|EFEKAH_06936
GCF_016899425.1|KEDGBJ_02267	6	6	1	1	GCF_016899425.1;GCF_053038975.1;GCF_053209605.1;GCF_905400185.1;MF6;MF7	GCF_016899425.1|KEDGBJ_02267;GCF_053038975.1|AHCKDM_02213;GCF_053209605.1|GFFINM_02215;GCF_905400185.1|DKPOPA_02205;MF6|CFFIHE_02219;MF7|EFEKAH_06937
GCF_016899425.1|KEDGBJ_02268	6	6	1	1	GCF_016899425.1;GCF_053038975.1;GCF_053209605.1;GCF_905400185.1;MF6;MF7	GCF_016899425.1|KEDGBJ_02268;GCF_053038975.1|AHCKDM_02214;GCF_053209605.1|GFFINM_02216;GCF_905400185.1|DKPOPA_02206;MF6|CFFIHE_02220;MF7|EFEKAH_06938
GCF_016899425.1|KEDGBJ_02269	6	6	1	1	GCF_016899425.1;GCF_053038975.1;GCF_053209605.1;GCF_905400185.1;MF6;MF7	GCF_016899425.1|KEDGBJ_02269;GCF_053038975.1|AHCKDM_02215;GCF_053209605.1|GFFINM_02217;GCF_905400185.1|DKPOPA_02207;MF6|CFFIHE_02221;MF7|EFEKAH_06939
GCF_016899425.1|KEDGBJ_02270	6	6	1	1	GCF_016899425.1;GCF_053038975.1;GCF_053209605.1;GCF_905400185.1;MF6;MF7	GCF_016899425.1|KEDGBJ_02270;GCF_053038975.1|AHCKDM_02216;GCF_053209605.1|GFFINM_02218;GCF_905400185.1|DKPOPA_02208;MF6|CFFIHE_02222;MF7|EFEKAH_06940
GCF_016899425.1|KEDGBJ_02271	6	6	1	1	GCF_016899425.1;GCF_053038975.1;GCF_053209605.1;GCF_905400185.1;MF6;MF7	GCF_016899425.1|KEDGBJ_02271;GCF_053038975.1|AHCKDM_02217;GCF_053209605.1|GFFINM_02219;GCF_905400185.1|DKPOPA_02209;MF6|CFFIHE_02223;MF7|EFEKAH_06941
GCF_016899425.1|KEDGBJ_02272	6	6	1	1	GCF_016899425.1;GCF_053038975.1;GCF_053209605.1;GCF_905400185.1;MF6;MF7	GCF_016899425.1|KEDGBJ_02272;GCF_053038975.1|AHCKDM_02218;GCF_053209605.1|GFFINM_02220;GCF_905400185.1|DKPOPA_02210;MF6|CFFIHE_02224;MF7|EFEKAH_06942
GCF_016899425.1|KEDGBJ_02274	5	5	0	0	GCF_016899425.1;GCF_053209605.1;GCF_905400185.1;MF6;MF7	GCF_016899425.1|KEDGBJ_02274;GCF_053209605.1|GFFINM_02222;GCF_905400185.1|DKPOPA_02212;MF6|CFFIHE_02226;MF7|EFEKAH_06944
GCF_016899425.1|KEDGBJ_02275	6	6	1	1	GCF_016899425.1;GCF_053038975.1;GCF_053209605.1;GCF_905400185.1;MF6;MF7	GCF_016899425.1|KEDGBJ_02275;GCF_053038975.1|AHCKDM_02221;GCF_053209605.1|GFFINM_02223;GCF_905400185.1|DKPOPA_02213;MF6|CFFIHE_02227;MF7|EFEKAH_06945
GCF_016899425.1|KEDGBJ_02276	6	6	1	1	GCF_016899425.1;GCF_053038975.1;GCF_053209605.1;GCF_905400185.1;MF6;MF7	GCF_016899425.1|KEDGBJ_02276;GCF_053038975.1|AHCKDM_02222;GCF_053209605.1|GFFINM_02224;GCF_905400185.1|DKPOPA_02214;MF6|CFFIHE_02228;MF7|EFEKAH_06946
GCF_016899425.1|KEDGBJ_02277	6	6	1	1	GCF_016899425.1;GCF_053038975.1;GCF_053209605.1;GCF_905400185.1;MF6;MF7	GCF_016899425.1|KEDGBJ_02277;GCF_053038975.1|AHCKDM_02223;GCF_053209605.1|GFFINM_02225;GCF_905400185.1|DKPOPA_02215;MF6|CFFIHE_02229;MF7|EFEKAH_06947
GCF_016899425.1|KEDGBJ_02278	6	6	1	1	GCF_016899425.1;GCF_053038975.1;GCF_053209605.1;GCF_905400185.1;MF6;MF7	GCF_016899425.1|KEDGBJ_02278;GCF_053038975.1|AHCKDM_02224;GCF_053209605.1|GFFINM_02226;GCF_905400185.1|DKPOPA_02216;MF6|CFFIHE_02230;MF7|EFEKAH_06948
GCF_016899425.1|KEDGBJ_02279	6	6	1	1	GCF_016899425.1;GCF_053038975.1;GCF_053209605.1;GCF_905400185.1;MF6;MF7	GCF_016899425.1|KEDGBJ_02279;GCF_053038975.1|AHCKDM_02225;GCF_053209605.1|GFFINM_02227;GCF_905400185.1|DKPOPA_02218;MF6|CFFIHE_02231;MF7|EFEKAH_06949
GCF_016899425.1|KEDGBJ_02281	6	6	1	1	GCF_016899425.1;GCF_053038975.1;GCF_053209605.1;GCF_905400185.1;MF6;MF7	GCF_016899425.1|KEDGBJ_02281;GCF_053038975.1|AHCKDM_02227;GCF_053209605.1|GFFINM_02229;GCF_905400185.1|DKPOPA_02220;MF6|CFFIHE_02233;MF7|EFEKAH_06951
GCF_016899425.1|KEDGBJ_02282	4	4	0	0	GCF_016899425.1;GCF_905400185.1;MF6;MF7	GCF_016899425.1|KEDGBJ_02282;GCF_905400185.1|DKPOPA_02221;MF6|CFFIHE_02234;MF7|EFEKAH_06952
GCF_016899425.1|KEDGBJ_02284	6	6	1	1	GCF_016899425.1;GCF_053038975.1;GCF_053209605.1;GCF_905400185.1;MF6;MF7	GCF_016899425.1|KEDGBJ_02284;GCF_053038975.1|AHCKDM_02229;GCF_053209605.1|GFFINM_02231;GCF_905400185.1|DKPOPA_02223;MF6|CFFIHE_02236;MF7|EFEKAH_06954
GCF_016899425.1|KEDGBJ_02285	6	6	1	1	GCF_016899425.1;GCF_053038975.1;GCF_053209605.1;GCF_905400185.1;MF6;MF7	GCF_016899425.1|KEDGBJ_02285;GCF_053038975.1|AHCKDM_02230;GCF_053209605.1|GFFINM_02232;GCF_905400185.1|DKPOPA_02224;MF6|CFFIHE_02237;MF7|EFEKAH_06955
GCF_016899425.1|KEDGBJ_02287	6	6	1	1	GCF_016899425.1;GCF_053038975.1;GCF_053209605.1;GCF_905400185.1;MF6;MF7	GCF_016899425.1|KEDGBJ_02287;GCF_053038975.1|AHCKDM_02232;GCF_053209605.1|GFFINM_02234;GCF_905400185.1|DKPOPA_02226;MF6|CFFIHE_02239;MF7|EFEKAH_06957
GCF_016899425.1|KEDGBJ_02288	6	6	1	1	GCF_016899425.1;GCF_053038975.1;GCF_053209605.1;GCF_905400185.1;MF6;MF7	GCF_016899425.1|KEDGBJ_02288;GCF_053038975.1|AHCKDM_02233;GCF_053209605.1|GFFINM_02235;GCF_905400185.1|DKPOPA_02227;MF6|CFFIHE_02240;MF7|EFEKAH_06958
GCF_016899425.1|KEDGBJ_02289	6	6	1	1	GCF_016899425.1;GCF_053038975.1;GCF_053209605.1;GCF_905400185.1;MF6;MF7	GCF_016899425.1|KEDGBJ_02289;GCF_053038975.1|AHCKDM_02234;GCF_053209605.1|GFFINM_02236;GCF_905400185.1|DKPOPA_02228;MF6|CFFIHE_02241;MF7|EFEKAH_06959
GCF_016899425.1|KEDGBJ_02290	6	6	1	1	GCF_016899425.1;GCF_053038975.1;GCF_053209605.1;GCF_905400185.1;MF6;MF7	GCF_016899425.1|KEDGBJ_02290;GCF_053038975.1|AHCKDM_02235;GCF_053209605.1|GFFINM_02237;GCF_905400185.1|DKPOPA_02229;MF6|CFFIHE_02242;MF7|EFEKAH_06960
GCF_016899425.1|KEDGBJ_02291	6	6	1	1	GCF_016899425.1;GCF_053038975.1;GCF_053209605.1;GCF_905400185.1;MF6;MF7	GCF_016899425.1|KEDGBJ_02291;GCF_053038975.1|AHCKDM_02236;GCF_053209605.1|GFFINM_02238;GCF_905400185.1|DKPOPA_02230;MF6|CFFIHE_02243;MF7|EFEKAH_06961
GCF_016899425.1|KEDGBJ_02292	6	6	1	1	GCF_016899425.1;GCF_053038975.1;GCF_053209605.1;GCF_905400185.1;MF6;MF7	GCF_016899425.1|KEDGBJ_02292;GCF_053038975.1|AHCKDM_02237;GCF_053209605.1|GFFINM_02239;GCF_905400185.1|DKPOPA_02231;MF6|CFFIHE_02244;MF7|EFEKAH_06962
GCF_016899425.1|KEDGBJ_02293	6	6	1	1	GCF_016899425.1;GCF_053038975.1;GCF_053209605.1;GCF_905400185.1;MF6;MF7	GCF_016899425.1|KEDGBJ_02293;GCF_053038975.1|AHCKDM_02238;GCF_053209605.1|GFFINM_02240;GCF_905400185.1|DKPOPA_02232;MF6|CFFIHE_02245;MF7|EFEKAH_06963
GCF_016899425.1|KEDGBJ_02295	6	6	1	1	GCF_016899425.1;GCF_053038975.1;GCF_053209605.1;GCF_905400185.1;MF6;MF7	GCF_016899425.1|KEDGBJ_02295;GCF_053038975.1|AHCKDM_02240;GCF_053209605.1|GFFINM_02242;GCF_905400185.1|DKPOPA_02234;MF6|CFFIHE_02247;MF7|EFEKAH_06965
GCF_016899425.1|KEDGBJ_02296	6	6	1	1	GCF_016899425.1;GCF_053038975.1;GCF_053209605.1;GCF_905400185.1;MF6;MF7	GCF_016899425.1|KEDGBJ_02296;GCF_053038975.1|AHCKDM_02241;GCF_053209605.1|GFFINM_02243;GCF_905400185.1|DKPOPA_02235;MF6|CFFIHE_02248;MF7|EFEKAH_06966
GCF_016899425.1|KEDGBJ_02297	6	6	1	1	GCF_016899425.1;GCF_053038975.1;GCF_053209605.1;GCF_905400185.1;MF6;MF7	GCF_016899425.1|KEDGBJ_02297;GCF_053038975.1|AHCKDM_02242;GCF_053209605.1|GFFINM_02244;GCF_905400185.1|DKPOPA_02236;MF6|CFFIHE_02249;MF7|EFEKAH_06967
GCF_016899425.1|KEDGBJ_02298	6	6	1	1	GCF_016899425.1;GCF_053038975.1;GCF_053209605.1;GCF_905400185.1;MF6;MF7	GCF_016899425.1|KEDGBJ_02298;GCF_053038975.1|AHCKDM_02243;GCF_053209605.1|GFFINM_02245;GCF_905400185.1|DKPOPA_02237;MF6|CFFIHE_02250;MF7|EFEKAH_06968
GCF_016899425.1|KEDGBJ_02299	6	6	1	1	GCF_016899425.1;GCF_053038975.1;GCF_053209605.1;GCF_905400185.1;MF6;MF7	GCF_016899425.1|KEDGBJ_02299;GCF_053038975.1|AHCKDM_02244;GCF_053209605.1|GFFINM_02246;GCF_905400185.1|DKPOPA_02238;MF6|CFFIHE_02251;MF7|EFEKAH_06969
GCF_016899425.1|KEDGBJ_02300	6	6	1	1	GCF_016899425.1;GCF_053038975.1;GCF_053209605.1;GCF_905400185.1;MF6;MF7	GCF_016899425.1|KEDGBJ_02300;GCF_053038975.1|AHCKDM_02245;GCF_053209605.1|GFFINM_02247;GCF_905400185.1|DKPOPA_02239;MF6|CFFIHE_02252;MF7|EFEKAH_06970
GCF_016899425.1|KEDGBJ_02303	6	12	1	0	GCF_016899425.1;GCF_053038975.1;GCF_053209605.1;GCF_905400185.1;MF6;MF7	GCF_016899425.1|KEDGBJ_02303;GCF_016899425.1|KEDGBJ_03173;GCF_053038975.1|AHCKDM_02248;GCF_053038975.1|AHCKDM_03093;GCF_053209605.1|GFFINM_02250;GCF_053209605.1|GFFINM_03099;GCF_905400185.1|DKPOPA_02242;GCF_905400185.1|DKPOPA_03128;MF6|CFFIHE_02255;MF6|CFFIHE_03166;MF7|EFEKAH_00817;MF7|EFEKAH_06973
GCF_016899425.1|KEDGBJ_02304	6	6	1	1	GCF_016899425.1;GCF_053038975.1;GCF_053209605.1;GCF_905400185.1;MF6;MF7	GCF_016899425.1|KEDGBJ_02304;GCF_053038975.1|AHCKDM_02249;GCF_053209605.1|GFFINM_02251;GCF_905400185.1|DKPOPA_02243;MF6|CFFIHE_02256;MF7|EFEKAH_06974
GCF_016899425.1|KEDGBJ_02305	6	6	1	1	GCF_016899425.1;GCF_053038975.1;GCF_053209605.1;GCF_905400185.1;MF6;MF7	GCF_016899425.1|KEDGBJ_02305;GCF_053038975.1|AHCKDM_02251;GCF_053209605.1|GFFINM_02253;GCF_905400185.1|DKPOPA_02244;MF6|CFFIHE_02257;MF7|EFEKAH_06975
GCF_016899425.1|KEDGBJ_02306	6	6	1	1	GCF_016899425.1;GCF_053038975.1;GCF_053209605.1;GCF_905400185.1;MF6;MF7	GCF_016899425.1|KEDGBJ_02306;GCF_053038975.1|AHCKDM_02252;GCF_053209605.1|GFFINM_02254;GCF_905400185.1|DKPOPA_02245;MF6|CFFIHE_02258;MF7|EFEKAH_06976
GCF_016899425.1|KEDGBJ_02307	6	6	1	1	GCF_016899425.1;GCF_053038975.1;GCF_053209605.1;GCF_905400185.1;MF6;MF7	GCF_016899425.1|KEDGBJ_02307;GCF_053038975.1|AHCKDM_02253;GCF_053209605.1|GFFINM_02255;GCF_905400185.1|DKPOPA_02246;MF6|CFFIHE_02259;MF7|EFEKAH_06977
GCF_016899425.1|KEDGBJ_02309	6	6	1	1	GCF_016899425.1;GCF_053038975.1;GCF_053209605.1;GCF_905400185.1;MF6;MF7	GCF_016899425.1|KEDGBJ_02309;GCF_053038975.1|AHCKDM_02255;GCF_053209605.1|GFFINM_02257;GCF_905400185.1|DKPOPA_02248;MF6|CFFIHE_02261;MF7|EFEKAH_06979
GCF_016899425.1|KEDGBJ_02310	6	6	1	1	GCF_016899425.1;GCF_053038975.1;GCF_053209605.1;GCF_905400185.1;MF6;MF7	GCF_016899425.1|KEDGBJ_02310;GCF_053038975.1|AHCKDM_02256;GCF_053209605.1|GFFINM_02258;GCF_905400185.1|DKPOPA_02249;MF6|CFFIHE_02262;MF7|EFEKAH_06980
GCF_016899425.1|KEDGBJ_02311	6	6	1	1	GCF_016899425.1;GCF_053038975.1;GCF_053209605.1;GCF_905400185.1;MF6;MF7	GCF_016899425.1|KEDGBJ_02311;GCF_053038975.1|AHCKDM_02257;GCF_053209605.1|GFFINM_02259;GCF_905400185.1|DKPOPA_02250;MF6|CFFIHE_02263;MF7|EFEKAH_06981
GCF_016899425.1|KEDGBJ_02312	6	6	1	1	GCF_016899425.1;GCF_053038975.1;GCF_053209605.1;GCF_905400185.1;MF6;MF7	GCF_016899425.1|KEDGBJ_02312;GCF_053038975.1|AHCKDM_02258;GCF_053209605.1|GFFINM_02260;GCF_905400185.1|DKPOPA_02251;MF6|CFFIHE_02264;MF7|EFEKAH_06982
GCF_016899425.1|KEDGBJ_02315	6	6	1	1	GCF_016899425.1;GCF_053038975.1;GCF_053209605.1;GCF_905400185.1;MF6;MF7	GCF_016899425.1|KEDGBJ_02315;GCF_053038975.1|AHCKDM_02261;GCF_053209605.1|GFFINM_02263;GCF_905400185.1|DKPOPA_02254;MF6|CFFIHE_02267;MF7|EFEKAH_06985
GCF_016899425.1|KEDGBJ_02316	6	6	1	1	GCF_016899425.1;GCF_053038975.1;GCF_053209605.1;GCF_905400185.1;MF6;MF7	GCF_016899425.1|KEDGBJ_02316;GCF_053038975.1|AHCKDM_02262;GCF_053209605.1|GFFINM_02264;GCF_905400185.1|DKPOPA_02255;MF6|CFFIHE_02268;MF7|EFEKAH_06986
GCF_016899425.1|KEDGBJ_02317	6	6	1	1	GCF_016899425.1;GCF_053038975.1;GCF_053209605.1;GCF_905400185.1;MF6;MF7	GCF_016899425.1|KEDGBJ_02317;GCF_053038975.1|AHCKDM_02263;GCF_053209605.1|GFFINM_02265;GCF_905400185.1|DKPOPA_02256;MF6|CFFIHE_02269;MF7|EFEKAH_06987
GCF_016899425.1|KEDGBJ_02318	6	6	1	1	GCF_016899425.1;GCF_053038975.1;GCF_053209605.1;GCF_905400185.1;MF6;MF7	GCF_016899425.1|KEDGBJ_02318;GCF_053038975.1|AHCKDM_02264;GCF_053209605.1|GFFINM_02266;GCF_905400185.1|DKPOPA_02257;MF6|CFFIHE_02270;MF7|EFEKAH_06988
GCF_016899425.1|KEDGBJ_02319	6	6	1	1	GCF_016899425.1;GCF_053038975.1;GCF_053209605.1;GCF_905400185.1;MF6;MF7	GCF_016899425.1|KEDGBJ_02319;GCF_053038975.1|AHCKDM_02265;GCF_053209605.1|GFFINM_02267;GCF_905400185.1|DKPOPA_02258;MF6|CFFIHE_02271;MF7|EFEKAH_06989
GCF_016899425.1|KEDGBJ_02320	6	6	1	1	GCF_016899425.1;GCF_053038975.1;GCF_053209605.1;GCF_905400185.1;MF6;MF7	GCF_016899425.1|KEDGBJ_02320;GCF_053038975.1|AHCKDM_02266;GCF_053209605.1|GFFINM_02268;GCF_905400185.1|DKPOPA_02259;MF6|CFFIHE_02272;MF7|EFEKAH_06990
GCF_016899425.1|KEDGBJ_02323	6	6	1	1	GCF_016899425.1;GCF_053038975.1;GCF_053209605.1;GCF_905400185.1;MF6;MF7	GCF_016899425.1|KEDGBJ_02323;GCF_053038975.1|AHCKDM_02270;GCF_053209605.1|GFFINM_02272;GCF_905400185.1|DKPOPA_02262;MF6|CFFIHE_02275;MF7|EFEKAH_06993
GCF_016899425.1|KEDGBJ_02324	6	6	1	1	GCF_016899425.1;GCF_053038975.1;GCF_053209605.1;GCF_905400185.1;MF6;MF7	GCF_016899425.1|KEDGBJ_02324;GCF_053038975.1|AHCKDM_02271;GCF_053209605.1|GFFINM_02273;GCF_905400185.1|DKPOPA_02263;MF6|CFFIHE_02276;MF7|EFEKAH_06994
GCF_016899425.1|KEDGBJ_02325	4	4	0	0	GCF_016899425.1;GCF_905400185.1;MF6;MF7	GCF_016899425.1|KEDGBJ_02325;GCF_905400185.1|DKPOPA_02264;MF6|CFFIHE_02277;MF7|EFEKAH_06995
GCF_016899425.1|KEDGBJ_02326	4	4	0	0	GCF_016899425.1;GCF_905400185.1;MF6;MF7	GCF_016899425.1|KEDGBJ_02326;GCF_905400185.1|DKPOPA_02265;MF6|CFFIHE_02278;MF7|EFEKAH_06996
GCF_016899425.1|KEDGBJ_02327	4	4	0	0	GCF_016899425.1;GCF_905400185.1;MF6;MF7	GCF_016899425.1|KEDGBJ_02327;GCF_905400185.1|DKPOPA_02266;MF6|CFFIHE_02279;MF7|EFEKAH_06997
GCF_016899425.1|KEDGBJ_02328	4	4	0	0	GCF_016899425.1;GCF_905400185.1;MF6;MF7	GCF_016899425.1|KEDGBJ_02328;GCF_905400185.1|DKPOPA_02267;MF6|CFFIHE_02280;MF7|EFEKAH_06998
GCF_016899425.1|KEDGBJ_02329	4	4	0	0	GCF_016899425.1;GCF_905400185.1;MF6;MF7	GCF_016899425.1|KEDGBJ_02329;GCF_905400185.1|DKPOPA_02268;MF6|CFFIHE_02281;MF7|EFEKAH_06999
GCF_016899425.1|KEDGBJ_02330	4	4	0	0	GCF_016899425.1;GCF_905400185.1;MF6;MF7	GCF_016899425.1|KEDGBJ_02330;GCF_905400185.1|DKPOPA_02269;MF6|CFFIHE_02282;MF7|EFEKAH_07000
GCF_016899425.1|KEDGBJ_02331	4	4	0	0	GCF_016899425.1;GCF_905400185.1;MF6;MF7	GCF_016899425.1|KEDGBJ_02331;GCF_905400185.1|DKPOPA_02270;MF6|CFFIHE_02283;MF7|EFEKAH_07001
GCF_016899425.1|KEDGBJ_02333	6	6	1	1	GCF_016899425.1;GCF_053038975.1;GCF_053209605.1;GCF_905400185.1;MF6;MF7	GCF_016899425.1|KEDGBJ_02333;GCF_053038975.1|AHCKDM_02277;GCF_053209605.1|GFFINM_02279;GCF_905400185.1|DKPOPA_02272;MF6|CFFIHE_02285;MF7|EFEKAH_07003
GCF_016899425.1|KEDGBJ_02334	6	6	1	1	GCF_016899425.1;GCF_053038975.1;GCF_053209605.1;GCF_905400185.1;MF6;MF7	GCF_016899425.1|KEDGBJ_02334;GCF_053038975.1|AHCKDM_02278;GCF_053209605.1|GFFINM_02280;GCF_905400185.1|DKPOPA_02273;MF6|CFFIHE_02286;MF7|EFEKAH_07004
GCF_016899425.1|KEDGBJ_02335	6	6	1	1	GCF_016899425.1;GCF_053038975.1;GCF_053209605.1;GCF_905400185.1;MF6;MF7	GCF_016899425.1|KEDGBJ_02335;GCF_053038975.1|AHCKDM_02279;GCF_053209605.1|GFFINM_02281;GCF_905400185.1|DKPOPA_02274;MF6|CFFIHE_02287;MF7|EFEKAH_07005
GCF_016899425.1|KEDGBJ_02336	6	6	1	1	GCF_016899425.1;GCF_053038975.1;GCF_053209605.1;GCF_905400185.1;MF6;MF7	GCF_016899425.1|KEDGBJ_02336;GCF_053038975.1|AHCKDM_02280;GCF_053209605.1|GFFINM_02282;GCF_905400185.1|DKPOPA_02275;MF6|CFFIHE_02288;MF7|EFEKAH_07006
GCF_016899425.1|KEDGBJ_02337	6	6	1	1	GCF_016899425.1;GCF_053038975.1;GCF_053209605.1;GCF_905400185.1;MF6;MF7	GCF_016899425.1|KEDGBJ_02337;GCF_053038975.1|AHCKDM_02281;GCF_053209605.1|GFFINM_02283;GCF_905400185.1|DKPOPA_02276;MF6|CFFIHE_02289;MF7|EFEKAH_07007
GCF_016899425.1|KEDGBJ_02338	6	6	1	1	GCF_016899425.1;GCF_053038975.1;GCF_053209605.1;GCF_905400185.1;MF6;MF7	GCF_016899425.1|KEDGBJ_02338;GCF_053038975.1|AHCKDM_02282;GCF_053209605.1|GFFINM_02284;GCF_905400185.1|DKPOPA_02277;MF6|CFFIHE_02290;MF7|EFEKAH_07008
GCF_016899425.1|KEDGBJ_02339	6	6	1	1	GCF_016899425.1;GCF_053038975.1;GCF_053209605.1;GCF_905400185.1;MF6;MF7	GCF_016899425.1|KEDGBJ_02339;GCF_053038975.1|AHCKDM_02283;GCF_053209605.1|GFFINM_02285;GCF_905400185.1|DKPOPA_02278;MF6|CFFIHE_02291;MF7|EFEKAH_07009
GCF_016899425.1|KEDGBJ_02340	6	6	1	1	GCF_016899425.1;GCF_053038975.1;GCF_053209605.1;GCF_905400185.1;MF6;MF7	GCF_016899425.1|KEDGBJ_02340;GCF_053038975.1|AHCKDM_02284;GCF_053209605.1|GFFINM_02286;GCF_905400185.1|DKPOPA_02279;MF6|CFFIHE_02292;MF7|EFEKAH_07010
GCF_016899425.1|KEDGBJ_02341	6	6	1	1	GCF_016899425.1;GCF_053038975.1;GCF_053209605.1;GCF_905400185.1;MF6;MF7	GCF_016899425.1|KEDGBJ_02341;GCF_053038975.1|AHCKDM_02285;GCF_053209605.1|GFFINM_02287;GCF_905400185.1|DKPOPA_02280;MF6|CFFIHE_02293;MF7|EFEKAH_07011
GCF_016899425.1|KEDGBJ_02343	6	6	1	1	GCF_016899425.1;GCF_053038975.1;GCF_053209605.1;GCF_905400185.1;MF6;MF7	GCF_016899425.1|KEDGBJ_02343;GCF_053038975.1|AHCKDM_02287;GCF_053209605.1|GFFINM_02289;GCF_905400185.1|DKPOPA_02282;MF6|CFFIHE_02295;MF7|EFEKAH_07013
GCF_016899425.1|KEDGBJ_02344	6	6	1	1	GCF_016899425.1;GCF_053038975.1;GCF_053209605.1;GCF_905400185.1;MF6;MF7	GCF_016899425.1|KEDGBJ_02344;GCF_053038975.1|AHCKDM_02288;GCF_053209605.1|GFFINM_02290;GCF_905400185.1|DKPOPA_02283;MF6|CFFIHE_02296;MF7|EFEKAH_07014
GCF_016899425.1|KEDGBJ_02346	6	6	1	1	GCF_016899425.1;GCF_053038975.1;GCF_053209605.1;GCF_905400185.1;MF6;MF7	GCF_016899425.1|KEDGBJ_02346;GCF_053038975.1|AHCKDM_02290;GCF_053209605.1|GFFINM_02292;GCF_905400185.1|DKPOPA_02285;MF6|CFFIHE_02298;MF7|EFEKAH_07016
GCF_016899425.1|KEDGBJ_02347	6	6	1	1	GCF_016899425.1;GCF_053038975.1;GCF_053209605.1;GCF_905400185.1;MF6;MF7	GCF_016899425.1|KEDGBJ_02347;GCF_053038975.1|AHCKDM_02291;GCF_053209605.1|GFFINM_02293;GCF_905400185.1|DKPOPA_02286;MF6|CFFIHE_02299;MF7|EFEKAH_07017
GCF_016899425.1|KEDGBJ_02348	6	6	1	1	GCF_016899425.1;GCF_053038975.1;GCF_053209605.1;GCF_905400185.1;MF6;MF7	GCF_016899425.1|KEDGBJ_02348;GCF_053038975.1|AHCKDM_02292;GCF_053209605.1|GFFINM_02294;GCF_905400185.1|DKPOPA_02287;MF6|CFFIHE_02300;MF7|EFEKAH_07018
GCF_016899425.1|KEDGBJ_02349	6	6	1	1	GCF_016899425.1;GCF_053038975.1;GCF_053209605.1;GCF_905400185.1;MF6;MF7	GCF_016899425.1|KEDGBJ_02349;GCF_053038975.1|AHCKDM_02293;GCF_053209605.1|GFFINM_02295;GCF_905400185.1|DKPOPA_02288;MF6|CFFIHE_02301;MF7|EFEKAH_07019
GCF_016899425.1|KEDGBJ_02351	6	6	1	1	GCF_016899425.1;GCF_053038975.1;GCF_053209605.1;GCF_905400185.1;MF6;MF7	GCF_016899425.1|KEDGBJ_02351;GCF_053038975.1|AHCKDM_02295;GCF_053209605.1|GFFINM_02297;GCF_905400185.1|DKPOPA_02290;MF6|CFFIHE_02303;MF7|EFEKAH_07021
GCF_016899425.1|KEDGBJ_02352	6	6	1	1	GCF_016899425.1;GCF_053038975.1;GCF_053209605.1;GCF_905400185.1;MF6;MF7	GCF_016899425.1|KEDGBJ_02352;GCF_053038975.1|AHCKDM_02296;GCF_053209605.1|GFFINM_02298;GCF_905400185.1|DKPOPA_02291;MF6|CFFIHE_02304;MF7|EFEKAH_07022
GCF_016899425.1|KEDGBJ_02353	6	6	1	1	GCF_016899425.1;GCF_053038975.1;GCF_053209605.1;GCF_905400185.1;MF6;MF7	GCF_016899425.1|KEDGBJ_02353;GCF_053038975.1|AHCKDM_02297;GCF_053209605.1|GFFINM_02299;GCF_905400185.1|DKPOPA_02292;MF6|CFFIHE_02305;MF7|EFEKAH_07023
GCF_016899425.1|KEDGBJ_02354	6	6	1	1	GCF_016899425.1;GCF_053038975.1;GCF_053209605.1;GCF_905400185.1;MF6;MF7	GCF_016899425.1|KEDGBJ_02354;GCF_053038975.1|AHCKDM_02298;GCF_053209605.1|GFFINM_02300;GCF_905400185.1|DKPOPA_02293;MF6|CFFIHE_02306;MF7|EFEKAH_07024
GCF_016899425.1|KEDGBJ_02355	6	6	1	1	GCF_016899425.1;GCF_053038975.1;GCF_053209605.1;GCF_905400185.1;MF6;MF7	GCF_016899425.1|KEDGBJ_02355;GCF_053038975.1|AHCKDM_02299;GCF_053209605.1|GFFINM_02301;GCF_905400185.1|DKPOPA_02294;MF6|CFFIHE_02307;MF7|EFEKAH_07025
GCF_016899425.1|KEDGBJ_02356	6	6	1	1	GCF_016899425.1;GCF_053038975.1;GCF_053209605.1;GCF_905400185.1;MF6;MF7	GCF_016899425.1|KEDGBJ_02356;GCF_053038975.1|AHCKDM_02300;GCF_053209605.1|GFFINM_02302;GCF_905400185.1|DKPOPA_02295;MF6|CFFIHE_02308;MF7|EFEKAH_07026
GCF_016899425.1|KEDGBJ_02357	6	6	1	1	GCF_016899425.1;GCF_053038975.1;GCF_053209605.1;GCF_905400185.1;MF6;MF7	GCF_016899425.1|KEDGBJ_02357;GCF_053038975.1|AHCKDM_02301;GCF_053209605.1|GFFINM_02303;GCF_905400185.1|DKPOPA_02296;MF6|CFFIHE_02309;MF7|EFEKAH_07027
GCF_016899425.1|KEDGBJ_02358	6	6	1	1	GCF_016899425.1;GCF_053038975.1;GCF_053209605.1;GCF_905400185.1;MF6;MF7	GCF_016899425.1|KEDGBJ_02358;GCF_053038975.1|AHCKDM_02302;GCF_053209605.1|GFFINM_02304;GCF_905400185.1|DKPOPA_02297;MF6|CFFIHE_02310;MF7|EFEKAH_07028
GCF_016899425.1|KEDGBJ_02359	6	6	1	1	GCF_016899425.1;GCF_053038975.1;GCF_053209605.1;GCF_905400185.1;MF6;MF7	GCF_016899425.1|KEDGBJ_02359;GCF_053038975.1|AHCKDM_02303;GCF_053209605.1|GFFINM_02305;GCF_905400185.1|DKPOPA_02298;MF6|CFFIHE_02311;MF7|EFEKAH_07029
GCF_016899425.1|KEDGBJ_02360	6	6	1	1	GCF_016899425.1;GCF_053038975.1;GCF_053209605.1;GCF_905400185.1;MF6;MF7	GCF_016899425.1|KEDGBJ_02360;GCF_053038975.1|AHCKDM_02304;GCF_053209605.1|GFFINM_02306;GCF_905400185.1|DKPOPA_02299;MF6|CFFIHE_02312;MF7|EFEKAH_07030
GCF_016899425.1|KEDGBJ_02361	6	6	1	1	GCF_016899425.1;GCF_053038975.1;GCF_053209605.1;GCF_905400185.1;MF6;MF7	GCF_016899425.1|KEDGBJ_02361;GCF_053038975.1|AHCKDM_02305;GCF_053209605.1|GFFINM_02307;GCF_905400185.1|DKPOPA_02300;MF6|CFFIHE_02313;MF7|EFEKAH_07031
GCF_016899425.1|KEDGBJ_02362	6	6	1	1	GCF_016899425.1;GCF_053038975.1;GCF_053209605.1;GCF_905400185.1;MF6;MF7	GCF_016899425.1|KEDGBJ_02362;GCF_053038975.1|AHCKDM_02306;GCF_053209605.1|GFFINM_02308;GCF_905400185.1|DKPOPA_02301;MF6|CFFIHE_02314;MF7|EFEKAH_07032
GCF_016899425.1|KEDGBJ_02368	6	6	1	1	GCF_016899425.1;GCF_053038975.1;GCF_053209605.1;GCF_905400185.1;MF6;MF7	GCF_016899425.1|KEDGBJ_02368;GCF_053038975.1|AHCKDM_02312;GCF_053209605.1|GFFINM_02314;GCF_905400185.1|DKPOPA_02307;MF6|CFFIHE_02320;MF7|EFEKAH_06835
GCF_016899425.1|KEDGBJ_02369	6	6	1	1	GCF_016899425.1;GCF_053038975.1;GCF_053209605.1;GCF_905400185.1;MF6;MF7	GCF_016899425.1|KEDGBJ_02369;GCF_053038975.1|AHCKDM_02313;GCF_053209605.1|GFFINM_02315;GCF_905400185.1|DKPOPA_02308;MF6|CFFIHE_02321;MF7|EFEKAH_06834
GCF_016899425.1|KEDGBJ_02370	6	6	1	1	GCF_016899425.1;GCF_053038975.1;GCF_053209605.1;GCF_905400185.1;MF6;MF7	GCF_016899425.1|KEDGBJ_02370;GCF_053038975.1|AHCKDM_02314;GCF_053209605.1|GFFINM_02316;GCF_905400185.1|DKPOPA_02309;MF6|CFFIHE_02322;MF7|EFEKAH_06833
GCF_016899425.1|KEDGBJ_02372	6	7	1	0	GCF_016899425.1;GCF_053038975.1;GCF_053209605.1;GCF_905400185.1;MF6;MF7	GCF_016899425.1|KEDGBJ_02372;GCF_053038975.1|AHCKDM_02316;GCF_053209605.1|GFFINM_02318;GCF_053209605.1|GFFINM_02319;GCF_905400185.1|DKPOPA_02311;MF6|CFFIHE_02324;MF7|EFEKAH_06831
GCF_016899425.1|KEDGBJ_02373	6	6	1	1	GCF_016899425.1;GCF_053038975.1;GCF_053209605.1;GCF_905400185.1;MF6;MF7	GCF_016899425.1|KEDGBJ_02373;GCF_053038975.1|AHCKDM_02317;GCF_053209605.1|GFFINM_02320;GCF_905400185.1|DKPOPA_02312;MF6|CFFIHE_02325;MF7|EFEKAH_06830
GCF_016899425.1|KEDGBJ_02375	6	6	1	1	GCF_016899425.1;GCF_053038975.1;GCF_053209605.1;GCF_905400185.1;MF6;MF7	GCF_016899425.1|KEDGBJ_02375;GCF_053038975.1|AHCKDM_02319;GCF_053209605.1|GFFINM_02322;GCF_905400185.1|DKPOPA_02314;MF6|CFFIHE_02327;MF7|EFEKAH_06828
GCF_016899425.1|KEDGBJ_02376	6	6	1	1	GCF_016899425.1;GCF_053038975.1;GCF_053209605.1;GCF_905400185.1;MF6;MF7	GCF_016899425.1|KEDGBJ_02376;GCF_053038975.1|AHCKDM_02320;GCF_053209605.1|GFFINM_02323;GCF_905400185.1|DKPOPA_02315;MF6|CFFIHE_02328;MF7|EFEKAH_06827
GCF_016899425.1|KEDGBJ_02377	6	6	1	1	GCF_016899425.1;GCF_053038975.1;GCF_053209605.1;GCF_905400185.1;MF6;MF7	GCF_016899425.1|KEDGBJ_02377;GCF_053038975.1|AHCKDM_02321;GCF_053209605.1|GFFINM_02324;GCF_905400185.1|DKPOPA_02316;MF6|CFFIHE_02329;MF7|EFEKAH_06826
GCF_016899425.1|KEDGBJ_02378	6	6	1	1	GCF_016899425.1;GCF_053038975.1;GCF_053209605.1;GCF_905400185.1;MF6;MF7	GCF_016899425.1|KEDGBJ_02378;GCF_053038975.1|AHCKDM_02322;GCF_053209605.1|GFFINM_02325;GCF_905400185.1|DKPOPA_02317;MF6|CFFIHE_02330;MF7|EFEKAH_06825
GCF_016899425.1|KEDGBJ_02379	6	6	1	1	GCF_016899425.1;GCF_053038975.1;GCF_053209605.1;GCF_905400185.1;MF6;MF7	GCF_016899425.1|KEDGBJ_02379;GCF_053038975.1|AHCKDM_02323;GCF_053209605.1|GFFINM_02326;GCF_905400185.1|DKPOPA_02318;MF6|CFFIHE_02331;MF7|EFEKAH_06824
GCF_016899425.1|KEDGBJ_02380	6	6	1	1	GCF_016899425.1;GCF_053038975.1;GCF_053209605.1;GCF_905400185.1;MF6;MF7	GCF_016899425.1|KEDGBJ_02380;GCF_053038975.1|AHCKDM_02324;GCF_053209605.1|GFFINM_02327;GCF_905400185.1|DKPOPA_02319;MF6|CFFIHE_02332;MF7|EFEKAH_06823
GCF_016899425.1|KEDGBJ_02381	6	6	1	1	GCF_016899425.1;GCF_053038975.1;GCF_053209605.1;GCF_905400185.1;MF6;MF7	GCF_016899425.1|KEDGBJ_02381;GCF_053038975.1|AHCKDM_02325;GCF_053209605.1|GFFINM_02328;GCF_905400185.1|DKPOPA_02320;MF6|CFFIHE_02333;MF7|EFEKAH_06822
GCF_016899425.1|KEDGBJ_02382	6	6	1	1	GCF_016899425.1;GCF_053038975.1;GCF_053209605.1;GCF_905400185.1;MF6;MF7	GCF_016899425.1|KEDGBJ_02382;GCF_053038975.1|AHCKDM_02326;GCF_053209605.1|GFFINM_02329;GCF_905400185.1|DKPOPA_02321;MF6|CFFIHE_02334;MF7|EFEKAH_06821
GCF_016899425.1|KEDGBJ_02383	6	6	1	1	GCF_016899425.1;GCF_053038975.1;GCF_053209605.1;GCF_905400185.1;MF6;MF7	GCF_016899425.1|KEDGBJ_02383;GCF_053038975.1|AHCKDM_02327;GCF_053209605.1|GFFINM_02330;GCF_905400185.1|DKPOPA_02322;MF6|CFFIHE_02335;MF7|EFEKAH_06820
GCF_016899425.1|KEDGBJ_02384	6	6	1	1	GCF_016899425.1;GCF_053038975.1;GCF_053209605.1;GCF_905400185.1;MF6;MF7	GCF_016899425.1|KEDGBJ_02384;GCF_053038975.1|AHCKDM_02328;GCF_053209605.1|GFFINM_02331;GCF_905400185.1|DKPOPA_02323;MF6|CFFIHE_02336;MF7|EFEKAH_06819
GCF_016899425.1|KEDGBJ_02385	6	6	1	1	GCF_016899425.1;GCF_053038975.1;GCF_053209605.1;GCF_905400185.1;MF6;MF7	GCF_016899425.1|KEDGBJ_02385;GCF_053038975.1|AHCKDM_02329;GCF_053209605.1|GFFINM_02332;GCF_905400185.1|DKPOPA_02324;MF6|CFFIHE_02337;MF7|EFEKAH_06818
GCF_016899425.1|KEDGBJ_02386	6	6	1	1	GCF_016899425.1;GCF_053038975.1;GCF_053209605.1;GCF_905400185.1;MF6;MF7	GCF_016899425.1|KEDGBJ_02386;GCF_053038975.1|AHCKDM_02330;GCF_053209605.1|GFFINM_02333;GCF_905400185.1|DKPOPA_02325;MF6|CFFIHE_02338;MF7|EFEKAH_06817
GCF_016899425.1|KEDGBJ_02387	6	6	1	1	GCF_016899425.1;GCF_053038975.1;GCF_053209605.1;GCF_905400185.1;MF6;MF7	GCF_016899425.1|KEDGBJ_02387;GCF_053038975.1|AHCKDM_02331;GCF_053209605.1|GFFINM_02334;GCF_905400185.1|DKPOPA_02326;MF6|CFFIHE_02339;MF7|EFEKAH_06816
GCF_016899425.1|KEDGBJ_02388	6	6	1	1	GCF_016899425.1;GCF_053038975.1;GCF_053209605.1;GCF_905400185.1;MF6;MF7	GCF_016899425.1|KEDGBJ_02388;GCF_053038975.1|AHCKDM_02332;GCF_053209605.1|GFFINM_02335;GCF_905400185.1|DKPOPA_02327;MF6|CFFIHE_02340;MF7|EFEKAH_06815
GCF_016899425.1|KEDGBJ_02389	6	6	1	1	GCF_016899425.1;GCF_053038975.1;GCF_053209605.1;GCF_905400185.1;MF6;MF7	GCF_016899425.1|KEDGBJ_02389;GCF_053038975.1|AHCKDM_02333;GCF_053209605.1|GFFINM_02336;GCF_905400185.1|DKPOPA_02328;MF6|CFFIHE_02341;MF7|EFEKAH_06814
GCF_016899425.1|KEDGBJ_02390	6	6	1	1	GCF_016899425.1;GCF_053038975.1;GCF_053209605.1;GCF_905400185.1;MF6;MF7	GCF_016899425.1|KEDGBJ_02390;GCF_053038975.1|AHCKDM_02334;GCF_053209605.1|GFFINM_02337;GCF_905400185.1|DKPOPA_02329;MF6|CFFIHE_02342;MF7|EFEKAH_06813
GCF_016899425.1|KEDGBJ_02391	6	6	1	1	GCF_016899425.1;GCF_053038975.1;GCF_053209605.1;GCF_905400185.1;MF6;MF7	GCF_016899425.1|KEDGBJ_02391;GCF_053038975.1|AHCKDM_02335;GCF_053209605.1|GFFINM_02338;GCF_905400185.1|DKPOPA_02330;MF6|CFFIHE_02343;MF7|EFEKAH_06812
GCF_016899425.1|KEDGBJ_02392	6	6	1	1	GCF_016899425.1;GCF_053038975.1;GCF_053209605.1;GCF_905400185.1;MF6;MF7	GCF_016899425.1|KEDGBJ_02392;GCF_053038975.1|AHCKDM_02336;GCF_053209605.1|GFFINM_02339;GCF_905400185.1|DKPOPA_02331;MF6|CFFIHE_02344;MF7|EFEKAH_06811
GCF_016899425.1|KEDGBJ_02393	6	6	1	1	GCF_016899425.1;GCF_053038975.1;GCF_053209605.1;GCF_905400185.1;MF6;MF7	GCF_016899425.1|KEDGBJ_02393;GCF_053038975.1|AHCKDM_02337;GCF_053209605.1|GFFINM_02340;GCF_905400185.1|DKPOPA_02332;MF6|CFFIHE_02345;MF7|EFEKAH_06810
GCF_016899425.1|KEDGBJ_02394	6	6	1	1	GCF_016899425.1;GCF_053038975.1;GCF_053209605.1;GCF_905400185.1;MF6;MF7	GCF_016899425.1|KEDGBJ_02394;GCF_053038975.1|AHCKDM_02338;GCF_053209605.1|GFFINM_02341;GCF_905400185.1|DKPOPA_02333;MF6|CFFIHE_02346;MF7|EFEKAH_06809
GCF_016899425.1|KEDGBJ_02395	6	6	1	1	GCF_016899425.1;GCF_053038975.1;GCF_053209605.1;GCF_905400185.1;MF6;MF7	GCF_016899425.1|KEDGBJ_02395;GCF_053038975.1|AHCKDM_02339;GCF_053209605.1|GFFINM_02342;GCF_905400185.1|DKPOPA_02334;MF6|CFFIHE_02347;MF7|EFEKAH_06808
GCF_016899425.1|KEDGBJ_02396	6	6	1	1	GCF_016899425.1;GCF_053038975.1;GCF_053209605.1;GCF_905400185.1;MF6;MF7	GCF_016899425.1|KEDGBJ_02396;GCF_053038975.1|AHCKDM_02340;GCF_053209605.1|GFFINM_02343;GCF_905400185.1|DKPOPA_02335;MF6|CFFIHE_02348;MF7|EFEKAH_06807
GCF_016899425.1|KEDGBJ_02397	6	6	1	1	GCF_016899425.1;GCF_053038975.1;GCF_053209605.1;GCF_905400185.1;MF6;MF7	GCF_016899425.1|KEDGBJ_02397;GCF_053038975.1|AHCKDM_02341;GCF_053209605.1|GFFINM_02344;GCF_905400185.1|DKPOPA_02336;MF6|CFFIHE_02349;MF7|EFEKAH_06806
GCF_016899425.1|KEDGBJ_02398	6	6	1	1	GCF_016899425.1;GCF_053038975.1;GCF_053209605.1;GCF_905400185.1;MF6;MF7	GCF_016899425.1|KEDGBJ_02398;GCF_053038975.1|AHCKDM_02342;GCF_053209605.1|GFFINM_02345;GCF_905400185.1|DKPOPA_02337;MF6|CFFIHE_02350;MF7|EFEKAH_06805
GCF_016899425.1|KEDGBJ_02399	6	6	1	1	GCF_016899425.1;GCF_053038975.1;GCF_053209605.1;GCF_905400185.1;MF6;MF7	GCF_016899425.1|KEDGBJ_02399;GCF_053038975.1|AHCKDM_02343;GCF_053209605.1|GFFINM_02346;GCF_905400185.1|DKPOPA_02338;MF6|CFFIHE_02351;MF7|EFEKAH_06804
GCF_016899425.1|KEDGBJ_02402	6	6	1	1	GCF_016899425.1;GCF_053038975.1;GCF_053209605.1;GCF_905400185.1;MF6;MF7	GCF_016899425.1|KEDGBJ_02402;GCF_053038975.1|AHCKDM_02346;GCF_053209605.1|GFFINM_02349;GCF_905400185.1|DKPOPA_02341;MF6|CFFIHE_02354;MF7|EFEKAH_06801
GCF_016899425.1|KEDGBJ_02403	6	6	1	1	GCF_016899425.1;GCF_053038975.1;GCF_053209605.1;GCF_905400185.1;MF6;MF7	GCF_016899425.1|KEDGBJ_02403;GCF_053038975.1|AHCKDM_02347;GCF_053209605.1|GFFINM_02350;GCF_905400185.1|DKPOPA_02342;MF6|CFFIHE_02355;MF7|EFEKAH_06800
GCF_016899425.1|KEDGBJ_02404	6	6	1	1	GCF_016899425.1;GCF_053038975.1;GCF_053209605.1;GCF_905400185.1;MF6;MF7	GCF_016899425.1|KEDGBJ_02404;GCF_053038975.1|AHCKDM_02348;GCF_053209605.1|GFFINM_02351;GCF_905400185.1|DKPOPA_02343;MF6|CFFIHE_02356;MF7|EFEKAH_06799
GCF_016899425.1|KEDGBJ_02405	6	6	1	1	GCF_016899425.1;GCF_053038975.1;GCF_053209605.1;GCF_905400185.1;MF6;MF7	GCF_016899425.1|KEDGBJ_02405;GCF_053038975.1|AHCKDM_02349;GCF_053209605.1|GFFINM_02352;GCF_905400185.1|DKPOPA_02344;MF6|CFFIHE_02357;MF7|EFEKAH_06798
GCF_016899425.1|KEDGBJ_02406	6	6	1	1	GCF_016899425.1;GCF_053038975.1;GCF_053209605.1;GCF_905400185.1;MF6;MF7	GCF_016899425.1|KEDGBJ_02406;GCF_053038975.1|AHCKDM_02350;GCF_053209605.1|GFFINM_02353;GCF_905400185.1|DKPOPA_02345;MF6|CFFIHE_02358;MF7|EFEKAH_06797
GCF_016899425.1|KEDGBJ_02407	6	6	1	1	GCF_016899425.1;GCF_053038975.1;GCF_053209605.1;GCF_905400185.1;MF6;MF7	GCF_016899425.1|KEDGBJ_02407;GCF_053038975.1|AHCKDM_02351;GCF_053209605.1|GFFINM_02354;GCF_905400185.1|DKPOPA_02346;MF6|CFFIHE_02359;MF7|EFEKAH_06796
GCF_016899425.1|KEDGBJ_02408	6	6	1	1	GCF_016899425.1;GCF_053038975.1;GCF_053209605.1;GCF_905400185.1;MF6;MF7	GCF_016899425.1|KEDGBJ_02408;GCF_053038975.1|AHCKDM_02352;GCF_053209605.1|GFFINM_02355;GCF_905400185.1|DKPOPA_02347;MF6|CFFIHE_02360;MF7|EFEKAH_06795
GCF_016899425.1|KEDGBJ_02409	6	6	1	1	GCF_016899425.1;GCF_053038975.1;GCF_053209605.1;GCF_905400185.1;MF6;MF7	GCF_016899425.1|KEDGBJ_02409;GCF_053038975.1|AHCKDM_02353;GCF_053209605.1|GFFINM_02356;GCF_905400185.1|DKPOPA_02348;MF6|CFFIHE_02361;MF7|EFEKAH_06794
GCF_016899425.1|KEDGBJ_02410	6	6	1	1	GCF_016899425.1;GCF_053038975.1;GCF_053209605.1;GCF_905400185.1;MF6;MF7	GCF_016899425.1|KEDGBJ_02410;GCF_053038975.1|AHCKDM_02354;GCF_053209605.1|GFFINM_02357;GCF_905400185.1|DKPOPA_02349;MF6|CFFIHE_02362;MF7|EFEKAH_06793
GCF_016899425.1|KEDGBJ_02411	6	6	1	1	GCF_016899425.1;GCF_053038975.1;GCF_053209605.1;GCF_905400185.1;MF6;MF7	GCF_016899425.1|KEDGBJ_02411;GCF_053038975.1|AHCKDM_02355;GCF_053209605.1|GFFINM_02358;GCF_905400185.1|DKPOPA_02350;MF6|CFFIHE_02363;MF7|EFEKAH_06792
GCF_016899425.1|KEDGBJ_02412	6	6	1	1	GCF_016899425.1;GCF_053038975.1;GCF_053209605.1;GCF_905400185.1;MF6;MF7	GCF_016899425.1|KEDGBJ_02412;GCF_053038975.1|AHCKDM_02356;GCF_053209605.1|GFFINM_02359;GCF_905400185.1|DKPOPA_02351;MF6|CFFIHE_02364;MF7|EFEKAH_06791
GCF_016899425.1|KEDGBJ_02413	6	6	1	1	GCF_016899425.1;GCF_053038975.1;GCF_053209605.1;GCF_905400185.1;MF6;MF7	GCF_016899425.1|KEDGBJ_02413;GCF_053038975.1|AHCKDM_02357;GCF_053209605.1|GFFINM_02360;GCF_905400185.1|DKPOPA_02352;MF6|CFFIHE_02365;MF7|EFEKAH_06790
GCF_016899425.1|KEDGBJ_02414	6	6	1	1	GCF_016899425.1;GCF_053038975.1;GCF_053209605.1;GCF_905400185.1;MF6;MF7	GCF_016899425.1|KEDGBJ_02414;GCF_053038975.1|AHCKDM_02358;GCF_053209605.1|GFFINM_02361;GCF_905400185.1|DKPOPA_02353;MF6|CFFIHE_02366;MF7|EFEKAH_06789
GCF_016899425.1|KEDGBJ_02415	6	6	1	1	GCF_016899425.1;GCF_053038975.1;GCF_053209605.1;GCF_905400185.1;MF6;MF7	GCF_016899425.1|KEDGBJ_02415;GCF_053038975.1|AHCKDM_02359;GCF_053209605.1|GFFINM_02362;GCF_905400185.1|DKPOPA_02354;MF6|CFFIHE_02367;MF7|EFEKAH_06788
GCF_016899425.1|KEDGBJ_02416	6	6	1	1	GCF_016899425.1;GCF_053038975.1;GCF_053209605.1;GCF_905400185.1;MF6;MF7	GCF_016899425.1|KEDGBJ_02416;GCF_053038975.1|AHCKDM_02360;GCF_053209605.1|GFFINM_02363;GCF_905400185.1|DKPOPA_02355;MF6|CFFIHE_02368;MF7|EFEKAH_06787
GCF_016899425.1|KEDGBJ_02417	6	6	1	1	GCF_016899425.1;GCF_053038975.1;GCF_053209605.1;GCF_905400185.1;MF6;MF7	GCF_016899425.1|KEDGBJ_02417;GCF_053038975.1|AHCKDM_02361;GCF_053209605.1|GFFINM_02364;GCF_905400185.1|DKPOPA_02356;MF6|CFFIHE_02369;MF7|EFEKAH_06786
GCF_016899425.1|KEDGBJ_02418	6	6	1	1	GCF_016899425.1;GCF_053038975.1;GCF_053209605.1;GCF_905400185.1;MF6;MF7	GCF_016899425.1|KEDGBJ_02418;GCF_053038975.1|AHCKDM_02362;GCF_053209605.1|GFFINM_02365;GCF_905400185.1|DKPOPA_02357;MF6|CFFIHE_02370;MF7|EFEKAH_06785
GCF_016899425.1|KEDGBJ_02419	6	6	1	1	GCF_016899425.1;GCF_053038975.1;GCF_053209605.1;GCF_905400185.1;MF6;MF7	GCF_016899425.1|KEDGBJ_02419;GCF_053038975.1|AHCKDM_02363;GCF_053209605.1|GFFINM_02366;GCF_905400185.1|DKPOPA_02358;MF6|CFFIHE_02371;MF7|EFEKAH_06784
GCF_016899425.1|KEDGBJ_02420	6	6	1	1	GCF_016899425.1;GCF_053038975.1;GCF_053209605.1;GCF_905400185.1;MF6;MF7	GCF_016899425.1|KEDGBJ_02420;GCF_053038975.1|AHCKDM_02364;GCF_053209605.1|GFFINM_02367;GCF_905400185.1|DKPOPA_02359;MF6|CFFIHE_02372;MF7|EFEKAH_06783
GCF_016899425.1|KEDGBJ_02421	6	6	1	1	GCF_016899425.1;GCF_053038975.1;GCF_053209605.1;GCF_905400185.1;MF6;MF7	GCF_016899425.1|KEDGBJ_02421;GCF_053038975.1|AHCKDM_02365;GCF_053209605.1|GFFINM_02368;GCF_905400185.1|DKPOPA_02360;MF6|CFFIHE_02373;MF7|EFEKAH_06782
GCF_016899425.1|KEDGBJ_02422	6	6	1	1	GCF_016899425.1;GCF_053038975.1;GCF_053209605.1;GCF_905400185.1;MF6;MF7	GCF_016899425.1|KEDGBJ_02422;GCF_053038975.1|AHCKDM_02366;GCF_053209605.1|GFFINM_02369;GCF_905400185.1|DKPOPA_02361;MF6|CFFIHE_02374;MF7|EFEKAH_06781
GCF_016899425.1|KEDGBJ_02423	6	6	1	1	GCF_016899425.1;GCF_053038975.1;GCF_053209605.1;GCF_905400185.1;MF6;MF7	GCF_016899425.1|KEDGBJ_02423;GCF_053038975.1|AHCKDM_02367;GCF_053209605.1|GFFINM_02370;GCF_905400185.1|DKPOPA_02362;MF6|CFFIHE_02375;MF7|EFEKAH_06780
GCF_016899425.1|KEDGBJ_02424	6	6	1	1	GCF_016899425.1;GCF_053038975.1;GCF_053209605.1;GCF_905400185.1;MF6;MF7	GCF_016899425.1|KEDGBJ_02424;GCF_053038975.1|AHCKDM_02368;GCF_053209605.1|GFFINM_02371;GCF_905400185.1|DKPOPA_02363;MF6|CFFIHE_02376;MF7|EFEKAH_06779
GCF_016899425.1|KEDGBJ_02425	6	6	1	1	GCF_016899425.1;GCF_053038975.1;GCF_053209605.1;GCF_905400185.1;MF6;MF7	GCF_016899425.1|KEDGBJ_02425;GCF_053038975.1|AHCKDM_02369;GCF_053209605.1|GFFINM_02372;GCF_905400185.1|DKPOPA_02364;MF6|CFFIHE_02377;MF7|EFEKAH_06778
GCF_016899425.1|KEDGBJ_02426	6	6	1	1	GCF_016899425.1;GCF_053038975.1;GCF_053209605.1;GCF_905400185.1;MF6;MF7	GCF_016899425.1|KEDGBJ_02426;GCF_053038975.1|AHCKDM_02370;GCF_053209605.1|GFFINM_02373;GCF_905400185.1|DKPOPA_02365;MF6|CFFIHE_02378;MF7|EFEKAH_06777
GCF_016899425.1|KEDGBJ_02427	6	6	1	1	GCF_016899425.1;GCF_053038975.1;GCF_053209605.1;GCF_905400185.1;MF6;MF7	GCF_016899425.1|KEDGBJ_02427;GCF_053038975.1|AHCKDM_02371;GCF_053209605.1|GFFINM_02374;GCF_905400185.1|DKPOPA_02366;MF6|CFFIHE_02379;MF7|EFEKAH_06776
GCF_016899425.1|KEDGBJ_02428	6	6	1	1	GCF_016899425.1;GCF_053038975.1;GCF_053209605.1;GCF_905400185.1;MF6;MF7	GCF_016899425.1|KEDGBJ_02428;GCF_053038975.1|AHCKDM_02372;GCF_053209605.1|GFFINM_02375;GCF_905400185.1|DKPOPA_02367;MF6|CFFIHE_02380;MF7|EFEKAH_06775
GCF_016899425.1|KEDGBJ_02429	6	6	1	1	GCF_016899425.1;GCF_053038975.1;GCF_053209605.1;GCF_905400185.1;MF6;MF7	GCF_016899425.1|KEDGBJ_02429;GCF_053038975.1|AHCKDM_02374;GCF_053209605.1|GFFINM_02377;GCF_905400185.1|DKPOPA_02368;MF6|CFFIHE_02381;MF7|EFEKAH_06774
GCF_016899425.1|KEDGBJ_02430	6	6	1	1	GCF_016899425.1;GCF_053038975.1;GCF_053209605.1;GCF_905400185.1;MF6;MF7	GCF_016899425.1|KEDGBJ_02430;GCF_053038975.1|AHCKDM_02375;GCF_053209605.1|GFFINM_02378;GCF_905400185.1|DKPOPA_02369;MF6|CFFIHE_02382;MF7|EFEKAH_06773
GCF_016899425.1|KEDGBJ_02431	6	6	1	1	GCF_016899425.1;GCF_053038975.1;GCF_053209605.1;GCF_905400185.1;MF6;MF7	GCF_016899425.1|KEDGBJ_02431;GCF_053038975.1|AHCKDM_02376;GCF_053209605.1|GFFINM_02379;GCF_905400185.1|DKPOPA_02370;MF6|CFFIHE_02383;MF7|EFEKAH_06772
GCF_016899425.1|KEDGBJ_02432	6	6	1	1	GCF_016899425.1;GCF_053038975.1;GCF_053209605.1;GCF_905400185.1;MF6;MF7	GCF_016899425.1|KEDGBJ_02432;GCF_053038975.1|AHCKDM_02377;GCF_053209605.1|GFFINM_02380;GCF_905400185.1|DKPOPA_02371;MF6|CFFIHE_02384;MF7|EFEKAH_06771
GCF_016899425.1|KEDGBJ_02433	6	6	1	1	GCF_016899425.1;GCF_053038975.1;GCF_053209605.1;GCF_905400185.1;MF6;MF7	GCF_016899425.1|KEDGBJ_02433;GCF_053038975.1|AHCKDM_02378;GCF_053209605.1|GFFINM_02381;GCF_905400185.1|DKPOPA_02372;MF6|CFFIHE_02385;MF7|EFEKAH_06770
GCF_016899425.1|KEDGBJ_02434	6	6	1	1	GCF_016899425.1;GCF_053038975.1;GCF_053209605.1;GCF_905400185.1;MF6;MF7	GCF_016899425.1|KEDGBJ_02434;GCF_053038975.1|AHCKDM_02379;GCF_053209605.1|GFFINM_02382;GCF_905400185.1|DKPOPA_02373;MF6|CFFIHE_02386;MF7|EFEKAH_06769
GCF_016899425.1|KEDGBJ_02435	6	6	1	1	GCF_016899425.1;GCF_053038975.1;GCF_053209605.1;GCF_905400185.1;MF6;MF7	GCF_016899425.1|KEDGBJ_02435;GCF_053038975.1|AHCKDM_02380;GCF_053209605.1|GFFINM_02383;GCF_905400185.1|DKPOPA_02374;MF6|CFFIHE_02387;MF7|EFEKAH_06768
GCF_016899425.1|KEDGBJ_02436	6	6	1	1	GCF_016899425.1;GCF_053038975.1;GCF_053209605.1;GCF_905400185.1;MF6;MF7	GCF_016899425.1|KEDGBJ_02436;GCF_053038975.1|AHCKDM_02381;GCF_053209605.1|GFFINM_02384;GCF_905400185.1|DKPOPA_02375;MF6|CFFIHE_02388;MF7|EFEKAH_06767
GCF_016899425.1|KEDGBJ_02437	6	6	1	1	GCF_016899425.1;GCF_053038975.1;GCF_053209605.1;GCF_905400185.1;MF6;MF7	GCF_016899425.1|KEDGBJ_02437;GCF_053038975.1|AHCKDM_02382;GCF_053209605.1|GFFINM_02385;GCF_905400185.1|DKPOPA_02376;MF6|CFFIHE_02389;MF7|EFEKAH_06766
GCF_016899425.1|KEDGBJ_02438	6	6	1	1	GCF_016899425.1;GCF_053038975.1;GCF_053209605.1;GCF_905400185.1;MF6;MF7	GCF_016899425.1|KEDGBJ_02438;GCF_053038975.1|AHCKDM_02383;GCF_053209605.1|GFFINM_02386;GCF_905400185.1|DKPOPA_02377;MF6|CFFIHE_02390;MF7|EFEKAH_06765
GCF_016899425.1|KEDGBJ_02439	6	6	1	1	GCF_016899425.1;GCF_053038975.1;GCF_053209605.1;GCF_905400185.1;MF6;MF7	GCF_016899425.1|KEDGBJ_02439;GCF_053038975.1|AHCKDM_02384;GCF_053209605.1|GFFINM_02387;GCF_905400185.1|DKPOPA_02378;MF6|CFFIHE_02391;MF7|EFEKAH_06764
GCF_016899425.1|KEDGBJ_02440	6	6	1	1	GCF_016899425.1;GCF_053038975.1;GCF_053209605.1;GCF_905400185.1;MF6;MF7	GCF_016899425.1|KEDGBJ_02440;GCF_053038975.1|AHCKDM_02385;GCF_053209605.1|GFFINM_02388;GCF_905400185.1|DKPOPA_02379;MF6|CFFIHE_02392;MF7|EFEKAH_06763
GCF_016899425.1|KEDGBJ_02441	6	6	1	1	GCF_016899425.1;GCF_053038975.1;GCF_053209605.1;GCF_905400185.1;MF6;MF7	GCF_016899425.1|KEDGBJ_02441;GCF_053038975.1|AHCKDM_02386;GCF_053209605.1|GFFINM_02389;GCF_905400185.1|DKPOPA_02380;MF6|CFFIHE_02393;MF7|EFEKAH_06762
GCF_016899425.1|KEDGBJ_02442	4	4	0	0	GCF_016899425.1;GCF_905400185.1;MF6;MF7	GCF_016899425.1|KEDGBJ_02442;GCF_905400185.1|DKPOPA_02381;MF6|CFFIHE_02394;MF7|EFEKAH_06761
GCF_016899425.1|KEDGBJ_02443	6	6	1	1	GCF_016899425.1;GCF_053038975.1;GCF_053209605.1;GCF_905400185.1;MF6;MF7	GCF_016899425.1|KEDGBJ_02443;GCF_053038975.1|AHCKDM_02388;GCF_053209605.1|GFFINM_02391;GCF_905400185.1|DKPOPA_02382;MF6|CFFIHE_02395;MF7|EFEKAH_06760
GCF_016899425.1|KEDGBJ_02444	6	6	1	1	GCF_016899425.1;GCF_053038975.1;GCF_053209605.1;GCF_905400185.1;MF6;MF7	GCF_016899425.1|KEDGBJ_02444;GCF_053038975.1|AHCKDM_02389;GCF_053209605.1|GFFINM_02392;GCF_905400185.1|DKPOPA_02383;MF6|CFFIHE_02396;MF7|EFEKAH_06759
GCF_016899425.1|KEDGBJ_02445	6	6	1	1	GCF_016899425.1;GCF_053038975.1;GCF_053209605.1;GCF_905400185.1;MF6;MF7	GCF_016899425.1|KEDGBJ_02445;GCF_053038975.1|AHCKDM_02390;GCF_053209605.1|GFFINM_02393;GCF_905400185.1|DKPOPA_02384;MF6|CFFIHE_02397;MF7|EFEKAH_06758
GCF_016899425.1|KEDGBJ_02446	6	6	1	1	GCF_016899425.1;GCF_053038975.1;GCF_053209605.1;GCF_905400185.1;MF6;MF7	GCF_016899425.1|KEDGBJ_02446;GCF_053038975.1|AHCKDM_02391;GCF_053209605.1|GFFINM_02394;GCF_905400185.1|DKPOPA_02385;MF6|CFFIHE_02398;MF7|EFEKAH_06757
GCF_016899425.1|KEDGBJ_02447	6	6	1	1	GCF_016899425.1;GCF_053038975.1;GCF_053209605.1;GCF_905400185.1;MF6;MF7	GCF_016899425.1|KEDGBJ_02447;GCF_053038975.1|AHCKDM_02392;GCF_053209605.1|GFFINM_02395;GCF_905400185.1|DKPOPA_02386;MF6|CFFIHE_02399;MF7|EFEKAH_06756
GCF_016899425.1|KEDGBJ_02448	6	6	1	1	GCF_016899425.1;GCF_053038975.1;GCF_053209605.1;GCF_905400185.1;MF6;MF7	GCF_016899425.1|KEDGBJ_02448;GCF_053038975.1|AHCKDM_02393;GCF_053209605.1|GFFINM_02396;GCF_905400185.1|DKPOPA_02387;MF6|CFFIHE_02400;MF7|EFEKAH_06755
GCF_016899425.1|KEDGBJ_02449	6	6	1	1	GCF_016899425.1;GCF_053038975.1;GCF_053209605.1;GCF_905400185.1;MF6;MF7	GCF_016899425.1|KEDGBJ_02449;GCF_053038975.1|AHCKDM_02394;GCF_053209605.1|GFFINM_02397;GCF_905400185.1|DKPOPA_02388;MF6|CFFIHE_02401;MF7|EFEKAH_06754
GCF_016899425.1|KEDGBJ_02450	6	6	1	1	GCF_016899425.1;GCF_053038975.1;GCF_053209605.1;GCF_905400185.1;MF6;MF7	GCF_016899425.1|KEDGBJ_02450;GCF_053038975.1|AHCKDM_02395;GCF_053209605.1|GFFINM_02398;GCF_905400185.1|DKPOPA_02389;MF6|CFFIHE_02402;MF7|EFEKAH_06753
GCF_016899425.1|KEDGBJ_02451	6	6	1	1	GCF_016899425.1;GCF_053038975.1;GCF_053209605.1;GCF_905400185.1;MF6;MF7	GCF_016899425.1|KEDGBJ_02451;GCF_053038975.1|AHCKDM_02396;GCF_053209605.1|GFFINM_02399;GCF_905400185.1|DKPOPA_02390;MF6|CFFIHE_02403;MF7|EFEKAH_06752
GCF_016899425.1|KEDGBJ_02452	6	6	1	1	GCF_016899425.1;GCF_053038975.1;GCF_053209605.1;GCF_905400185.1;MF6;MF7	GCF_016899425.1|KEDGBJ_02452;GCF_053038975.1|AHCKDM_02397;GCF_053209605.1|GFFINM_02400;GCF_905400185.1|DKPOPA_02391;MF6|CFFIHE_02404;MF7|EFEKAH_06751
GCF_016899425.1|KEDGBJ_02453	6	6	1	1	GCF_016899425.1;GCF_053038975.1;GCF_053209605.1;GCF_905400185.1;MF6;MF7	GCF_016899425.1|KEDGBJ_02453;GCF_053038975.1|AHCKDM_02398;GCF_053209605.1|GFFINM_02401;GCF_905400185.1|DKPOPA_02392;MF6|CFFIHE_02405;MF7|EFEKAH_06750
GCF_016899425.1|KEDGBJ_02454	4	4	0	0	GCF_016899425.1;GCF_905400185.1;MF6;MF7	GCF_016899425.1|KEDGBJ_02454;GCF_905400185.1|DKPOPA_02393;MF6|CFFIHE_02406;MF7|EFEKAH_06749
GCF_016899425.1|KEDGBJ_02455	3	3	0	0	GCF_016899425.1;MF6;MF7	GCF_016899425.1|KEDGBJ_02455;MF6|CFFIHE_02407;MF7|EFEKAH_06748
GCF_016899425.1|KEDGBJ_02456	6	6	1	1	GCF_016899425.1;GCF_053038975.1;GCF_053209605.1;GCF_905400185.1;MF6;MF7	GCF_016899425.1|KEDGBJ_02456;GCF_053038975.1|AHCKDM_02401;GCF_053209605.1|GFFINM_02404;GCF_905400185.1|DKPOPA_02394;MF6|CFFIHE_02408;MF7|EFEKAH_06747
GCF_016899425.1|KEDGBJ_02457	6	6	1	1	GCF_016899425.1;GCF_053038975.1;GCF_053209605.1;GCF_905400185.1;MF6;MF7	GCF_016899425.1|KEDGBJ_02457;GCF_053038975.1|AHCKDM_02402;GCF_053209605.1|GFFINM_02405;GCF_905400185.1|DKPOPA_02395;MF6|CFFIHE_02409;MF7|EFEKAH_06746
GCF_016899425.1|KEDGBJ_02458	6	6	1	1	GCF_016899425.1;GCF_053038975.1;GCF_053209605.1;GCF_905400185.1;MF6;MF7	GCF_016899425.1|KEDGBJ_02458;GCF_053038975.1|AHCKDM_02403;GCF_053209605.1|GFFINM_02406;GCF_905400185.1|DKPOPA_02396;MF6|CFFIHE_02410;MF7|EFEKAH_06745
GCF_016899425.1|KEDGBJ_02459	6	6	1	1	GCF_016899425.1;GCF_053038975.1;GCF_053209605.1;GCF_905400185.1;MF6;MF7	GCF_016899425.1|KEDGBJ_02459;GCF_053038975.1|AHCKDM_02404;GCF_053209605.1|GFFINM_02407;GCF_905400185.1|DKPOPA_02397;MF6|CFFIHE_02411;MF7|EFEKAH_06744
GCF_016899425.1|KEDGBJ_02460	6	6	1	1	GCF_016899425.1;GCF_053038975.1;GCF_053209605.1;GCF_905400185.1;MF6;MF7	GCF_016899425.1|KEDGBJ_02460;GCF_053038975.1|AHCKDM_02405;GCF_053209605.1|GFFINM_02408;GCF_905400185.1|DKPOPA_02398;MF6|CFFIHE_02412;MF7|EFEKAH_06743
GCF_016899425.1|KEDGBJ_02461	6	6	1	1	GCF_016899425.1;GCF_053038975.1;GCF_053209605.1;GCF_905400185.1;MF6;MF7	GCF_016899425.1|KEDGBJ_02461;GCF_053038975.1|AHCKDM_02406;GCF_053209605.1|GFFINM_02409;GCF_905400185.1|DKPOPA_02399;MF6|CFFIHE_02413;MF7|EFEKAH_06742
GCF_016899425.1|KEDGBJ_02462	6	6	1	1	GCF_016899425.1;GCF_053038975.1;GCF_053209605.1;GCF_905400185.1;MF6;MF7	GCF_016899425.1|KEDGBJ_02462;GCF_053038975.1|AHCKDM_02407;GCF_053209605.1|GFFINM_02410;GCF_905400185.1|DKPOPA_02400;MF6|CFFIHE_02414;MF7|EFEKAH_06741
GCF_016899425.1|KEDGBJ_02463	6	6	1	1	GCF_016899425.1;GCF_053038975.1;GCF_053209605.1;GCF_905400185.1;MF6;MF7	GCF_016899425.1|KEDGBJ_02463;GCF_053038975.1|AHCKDM_02408;GCF_053209605.1|GFFINM_02411;GCF_905400185.1|DKPOPA_02401;MF6|CFFIHE_02415;MF7|EFEKAH_06740
GCF_016899425.1|KEDGBJ_02465	6	6	1	1	GCF_016899425.1;GCF_053038975.1;GCF_053209605.1;GCF_905400185.1;MF6;MF7	GCF_016899425.1|KEDGBJ_02465;GCF_053038975.1|AHCKDM_02410;GCF_053209605.1|GFFINM_02413;GCF_905400185.1|DKPOPA_02403;MF6|CFFIHE_02417;MF7|EFEKAH_06738
GCF_016899425.1|KEDGBJ_02466	6	6	1	1	GCF_016899425.1;GCF_053038975.1;GCF_053209605.1;GCF_905400185.1;MF6;MF7	GCF_016899425.1|KEDGBJ_02466;GCF_053038975.1|AHCKDM_02411;GCF_053209605.1|GFFINM_02414;GCF_905400185.1|DKPOPA_02404;MF6|CFFIHE_02418;MF7|EFEKAH_06737
GCF_016899425.1|KEDGBJ_02467	6	6	1	1	GCF_016899425.1;GCF_053038975.1;GCF_053209605.1;GCF_905400185.1;MF6;MF7	GCF_016899425.1|KEDGBJ_02467;GCF_053038975.1|AHCKDM_02412;GCF_053209605.1|GFFINM_02415;GCF_905400185.1|DKPOPA_02405;MF6|CFFIHE_02419;MF7|EFEKAH_06736
GCF_016899425.1|KEDGBJ_02468	6	6	1	1	GCF_016899425.1;GCF_053038975.1;GCF_053209605.1;GCF_905400185.1;MF6;MF7	GCF_016899425.1|KEDGBJ_02468;GCF_053038975.1|AHCKDM_02413;GCF_053209605.1|GFFINM_02416;GCF_905400185.1|DKPOPA_02406;MF6|CFFIHE_02420;MF7|EFEKAH_06735
GCF_016899425.1|KEDGBJ_02469	6	6	1	1	GCF_016899425.1;GCF_053038975.1;GCF_053209605.1;GCF_905400185.1;MF6;MF7	GCF_016899425.1|KEDGBJ_02469;GCF_053038975.1|AHCKDM_02414;GCF_053209605.1|GFFINM_02417;GCF_905400185.1|DKPOPA_02407;MF6|CFFIHE_02421;MF7|EFEKAH_06734
GCF_016899425.1|KEDGBJ_02470	6	6	1	1	GCF_016899425.1;GCF_053038975.1;GCF_053209605.1;GCF_905400185.1;MF6;MF7	GCF_016899425.1|KEDGBJ_02470;GCF_053038975.1|AHCKDM_02415;GCF_053209605.1|GFFINM_02418;GCF_905400185.1|DKPOPA_02408;MF6|CFFIHE_02422;MF7|EFEKAH_06733
GCF_016899425.1|KEDGBJ_02471	6	6	1	1	GCF_016899425.1;GCF_053038975.1;GCF_053209605.1;GCF_905400185.1;MF6;MF7	GCF_016899425.1|KEDGBJ_02471;GCF_053038975.1|AHCKDM_02416;GCF_053209605.1|GFFINM_02419;GCF_905400185.1|DKPOPA_02409;MF6|CFFIHE_02423;MF7|EFEKAH_06732
GCF_016899425.1|KEDGBJ_02472	6	6	1	1	GCF_016899425.1;GCF_053038975.1;GCF_053209605.1;GCF_905400185.1;MF6;MF7	GCF_016899425.1|KEDGBJ_02472;GCF_053038975.1|AHCKDM_02417;GCF_053209605.1|GFFINM_02420;GCF_905400185.1|DKPOPA_02410;MF6|CFFIHE_02424;MF7|EFEKAH_06731
GCF_016899425.1|KEDGBJ_02473	6	6	1	1	GCF_016899425.1;GCF_053038975.1;GCF_053209605.1;GCF_905400185.1;MF6;MF7	GCF_016899425.1|KEDGBJ_02473;GCF_053038975.1|AHCKDM_02418;GCF_053209605.1|GFFINM_02421;GCF_905400185.1|DKPOPA_02411;MF6|CFFIHE_02425;MF7|EFEKAH_06730
GCF_016899425.1|KEDGBJ_02474	6	6	1	1	GCF_016899425.1;GCF_053038975.1;GCF_053209605.1;GCF_905400185.1;MF6;MF7	GCF_016899425.1|KEDGBJ_02474;GCF_053038975.1|AHCKDM_02419;GCF_053209605.1|GFFINM_02422;GCF_905400185.1|DKPOPA_02412;MF6|CFFIHE_02426;MF7|EFEKAH_06729
GCF_016899425.1|KEDGBJ_02476	6	6	1	1	GCF_016899425.1;GCF_053038975.1;GCF_053209605.1;GCF_905400185.1;MF6;MF7	GCF_016899425.1|KEDGBJ_02476;GCF_053038975.1|AHCKDM_02421;GCF_053209605.1|GFFINM_02424;GCF_905400185.1|DKPOPA_02414;MF6|CFFIHE_02428;MF7|EFEKAH_06727
GCF_016899425.1|KEDGBJ_02477	6	6	1	1	GCF_016899425.1;GCF_053038975.1;GCF_053209605.1;GCF_905400185.1;MF6;MF7	GCF_016899425.1|KEDGBJ_02477;GCF_053038975.1|AHCKDM_02422;GCF_053209605.1|GFFINM_02425;GCF_905400185.1|DKPOPA_02415;MF6|CFFIHE_02429;MF7|EFEKAH_06726
GCF_016899425.1|KEDGBJ_02478	6	6	1	1	GCF_016899425.1;GCF_053038975.1;GCF_053209605.1;GCF_905400185.1;MF6;MF7	GCF_016899425.1|KEDGBJ_02478;GCF_053038975.1|AHCKDM_02423;GCF_053209605.1|GFFINM_02426;GCF_905400185.1|DKPOPA_02416;MF6|CFFIHE_02430;MF7|EFEKAH_06725
GCF_016899425.1|KEDGBJ_02479	6	6	1	1	GCF_016899425.1;GCF_053038975.1;GCF_053209605.1;GCF_905400185.1;MF6;MF7	GCF_016899425.1|KEDGBJ_02479;GCF_053038975.1|AHCKDM_02424;GCF_053209605.1|GFFINM_02427;GCF_905400185.1|DKPOPA_02417;MF6|CFFIHE_02431;MF7|EFEKAH_06724
GCF_016899425.1|KEDGBJ_02480	6	6	1	1	GCF_016899425.1;GCF_053038975.1;GCF_053209605.1;GCF_905400185.1;MF6;MF7	GCF_016899425.1|KEDGBJ_02480;GCF_053038975.1|AHCKDM_02425;GCF_053209605.1|GFFINM_02428;GCF_905400185.1|DKPOPA_02418;MF6|CFFIHE_02432;MF7|EFEKAH_06723
GCF_016899425.1|KEDGBJ_02481	6	6	1	1	GCF_016899425.1;GCF_053038975.1;GCF_053209605.1;GCF_905400185.1;MF6;MF7	GCF_016899425.1|KEDGBJ_02481;GCF_053038975.1|AHCKDM_02426;GCF_053209605.1|GFFINM_02429;GCF_905400185.1|DKPOPA_02419;MF6|CFFIHE_02433;MF7|EFEKAH_06722
GCF_016899425.1|KEDGBJ_02482	6	6	1	1	GCF_016899425.1;GCF_053038975.1;GCF_053209605.1;GCF_905400185.1;MF6;MF7	GCF_016899425.1|KEDGBJ_02482;GCF_053038975.1|AHCKDM_02427;GCF_053209605.1|GFFINM_02430;GCF_905400185.1|DKPOPA_02420;MF6|CFFIHE_02434;MF7|EFEKAH_06721
GCF_016899425.1|KEDGBJ_02483	6	6	1	1	GCF_016899425.1;GCF_053038975.1;GCF_053209605.1;GCF_905400185.1;MF6;MF7	GCF_016899425.1|KEDGBJ_02483;GCF_053038975.1|AHCKDM_02428;GCF_053209605.1|GFFINM_02431;GCF_905400185.1|DKPOPA_02421;MF6|CFFIHE_02435;MF7|EFEKAH_06720
GCF_016899425.1|KEDGBJ_02484	6	6	1	1	GCF_016899425.1;GCF_053038975.1;GCF_053209605.1;GCF_905400185.1;MF6;MF7	GCF_016899425.1|KEDGBJ_02484;GCF_053038975.1|AHCKDM_02429;GCF_053209605.1|GFFINM_02432;GCF_905400185.1|DKPOPA_02422;MF6|CFFIHE_02436;MF7|EFEKAH_06719
GCF_016899425.1|KEDGBJ_02485	6	6	1	1	GCF_016899425.1;GCF_053038975.1;GCF_053209605.1;GCF_905400185.1;MF6;MF7	GCF_016899425.1|KEDGBJ_02485;GCF_053038975.1|AHCKDM_02430;GCF_053209605.1|GFFINM_02433;GCF_905400185.1|DKPOPA_02423;MF6|CFFIHE_02437;MF7|EFEKAH_06718
GCF_016899425.1|KEDGBJ_02486	6	6	1	1	GCF_016899425.1;GCF_053038975.1;GCF_053209605.1;GCF_905400185.1;MF6;MF7	GCF_016899425.1|KEDGBJ_02486;GCF_053038975.1|AHCKDM_02431;GCF_053209605.1|GFFINM_02434;GCF_905400185.1|DKPOPA_02424;MF6|CFFIHE_02438;MF7|EFEKAH_06717
GCF_016899425.1|KEDGBJ_02487	6	6	1	1	GCF_016899425.1;GCF_053038975.1;GCF_053209605.1;GCF_905400185.1;MF6;MF7	GCF_016899425.1|KEDGBJ_02487;GCF_053038975.1|AHCKDM_02432;GCF_053209605.1|GFFINM_02435;GCF_905400185.1|DKPOPA_02425;MF6|CFFIHE_02439;MF7|EFEKAH_06716
GCF_016899425.1|KEDGBJ_02488	6	6	1	1	GCF_016899425.1;GCF_053038975.1;GCF_053209605.1;GCF_905400185.1;MF6;MF7	GCF_016899425.1|KEDGBJ_02488;GCF_053038975.1|AHCKDM_02433;GCF_053209605.1|GFFINM_02436;GCF_905400185.1|DKPOPA_02426;MF6|CFFIHE_02440;MF7|EFEKAH_06715
GCF_016899425.1|KEDGBJ_02489	6	6	1	1	GCF_016899425.1;GCF_053038975.1;GCF_053209605.1;GCF_905400185.1;MF6;MF7	GCF_016899425.1|KEDGBJ_02489;GCF_053038975.1|AHCKDM_02434;GCF_053209605.1|GFFINM_02437;GCF_905400185.1|DKPOPA_02427;MF6|CFFIHE_02441;MF7|EFEKAH_06714
GCF_016899425.1|KEDGBJ_02490	6	6	1	1	GCF_016899425.1;GCF_053038975.1;GCF_053209605.1;GCF_905400185.1;MF6;MF7	GCF_016899425.1|KEDGBJ_02490;GCF_053038975.1|AHCKDM_02435;GCF_053209605.1|GFFINM_02438;GCF_905400185.1|DKPOPA_02428;MF6|CFFIHE_02442;MF7|EFEKAH_06713
GCF_016899425.1|KEDGBJ_02491	6	6	1	1	GCF_016899425.1;GCF_053038975.1;GCF_053209605.1;GCF_905400185.1;MF6;MF7	GCF_016899425.1|KEDGBJ_02491;GCF_053038975.1|AHCKDM_02436;GCF_053209605.1|GFFINM_02439;GCF_905400185.1|DKPOPA_02429;MF6|CFFIHE_02443;MF7|EFEKAH_06712
GCF_016899425.1|KEDGBJ_02492	6	6	1	1	GCF_016899425.1;GCF_053038975.1;GCF_053209605.1;GCF_905400185.1;MF6;MF7	GCF_016899425.1|KEDGBJ_02492;GCF_053038975.1|AHCKDM_02437;GCF_053209605.1|GFFINM_02440;GCF_905400185.1|DKPOPA_02430;MF6|CFFIHE_02444;MF7|EFEKAH_06711
GCF_016899425.1|KEDGBJ_02493	6	6	1	1	GCF_016899425.1;GCF_053038975.1;GCF_053209605.1;GCF_905400185.1;MF6;MF7	GCF_016899425.1|KEDGBJ_02493;GCF_053038975.1|AHCKDM_02438;GCF_053209605.1|GFFINM_02441;GCF_905400185.1|DKPOPA_02431;MF6|CFFIHE_02445;MF7|EFEKAH_06710
GCF_016899425.1|KEDGBJ_02495	4	4	0	0	GCF_016899425.1;GCF_905400185.1;MF6;MF7	GCF_016899425.1|KEDGBJ_02495;GCF_905400185.1|DKPOPA_02433;MF6|CFFIHE_02448;MF7|EFEKAH_06707
GCF_016899425.1|KEDGBJ_02496	4	4	0	0	GCF_016899425.1;GCF_905400185.1;MF6;MF7	GCF_016899425.1|KEDGBJ_02496;GCF_905400185.1|DKPOPA_02434;MF6|CFFIHE_02449;MF7|EFEKAH_06706
GCF_016899425.1|KEDGBJ_02497	6	6	1	1	GCF_016899425.1;GCF_053038975.1;GCF_053209605.1;GCF_905400185.1;MF6;MF7	GCF_016899425.1|KEDGBJ_02497;GCF_053038975.1|AHCKDM_02440;GCF_053209605.1|GFFINM_02443;GCF_905400185.1|DKPOPA_02435;MF6|CFFIHE_02450;MF7|EFEKAH_06705
GCF_016899425.1|KEDGBJ_02498	6	6	1	1	GCF_016899425.1;GCF_053038975.1;GCF_053209605.1;GCF_905400185.1;MF6;MF7	GCF_016899425.1|KEDGBJ_02498;GCF_053038975.1|AHCKDM_02441;GCF_053209605.1|GFFINM_02444;GCF_905400185.1|DKPOPA_02436;MF6|CFFIHE_02451;MF7|EFEKAH_06704
GCF_016899425.1|KEDGBJ_02499	6	6	1	1	GCF_016899425.1;GCF_053038975.1;GCF_053209605.1;GCF_905400185.1;MF6;MF7	GCF_016899425.1|KEDGBJ_02499;GCF_053038975.1|AHCKDM_02442;GCF_053209605.1|GFFINM_02445;GCF_905400185.1|DKPOPA_02437;MF6|CFFIHE_02452;MF7|EFEKAH_06703
GCF_016899425.1|KEDGBJ_02500	6	6	1	1	GCF_016899425.1;GCF_053038975.1;GCF_053209605.1;GCF_905400185.1;MF6;MF7	GCF_016899425.1|KEDGBJ_02500;GCF_053038975.1|AHCKDM_02445;GCF_053209605.1|GFFINM_02448;GCF_905400185.1|DKPOPA_02438;MF6|CFFIHE_02453;MF7|EFEKAH_06702
GCF_016899425.1|KEDGBJ_02501	6	6	1	1	GCF_016899425.1;GCF_053038975.1;GCF_053209605.1;GCF_905400185.1;MF6;MF7	GCF_016899425.1|KEDGBJ_02501;GCF_053038975.1|AHCKDM_02446;GCF_053209605.1|GFFINM_02449;GCF_905400185.1|DKPOPA_02439;MF6|CFFIHE_02454;MF7|EFEKAH_06701
GCF_016899425.1|KEDGBJ_02502	6	6	1	1	GCF_016899425.1;GCF_053038975.1;GCF_053209605.1;GCF_905400185.1;MF6;MF7	GCF_016899425.1|KEDGBJ_02502;GCF_053038975.1|AHCKDM_02447;GCF_053209605.1|GFFINM_02450;GCF_905400185.1|DKPOPA_02440;MF6|CFFIHE_02455;MF7|EFEKAH_06700
GCF_016899425.1|KEDGBJ_02503	6	6	1	1	GCF_016899425.1;GCF_053038975.1;GCF_053209605.1;GCF_905400185.1;MF6;MF7	GCF_016899425.1|KEDGBJ_02503;GCF_053038975.1|AHCKDM_02448;GCF_053209605.1|GFFINM_02451;GCF_905400185.1|DKPOPA_02441;MF6|CFFIHE_02456;MF7|EFEKAH_06699
GCF_016899425.1|KEDGBJ_02504	6	6	1	1	GCF_016899425.1;GCF_053038975.1;GCF_053209605.1;GCF_905400185.1;MF6;MF7	GCF_016899425.1|KEDGBJ_02504;GCF_053038975.1|AHCKDM_02449;GCF_053209605.1|GFFINM_02452;GCF_905400185.1|DKPOPA_02442;MF6|CFFIHE_02457;MF7|EFEKAH_06698
GCF_016899425.1|KEDGBJ_02505	6	6	1	1	GCF_016899425.1;GCF_053038975.1;GCF_053209605.1;GCF_905400185.1;MF6;MF7	GCF_016899425.1|KEDGBJ_02505;GCF_053038975.1|AHCKDM_02450;GCF_053209605.1|GFFINM_02453;GCF_905400185.1|DKPOPA_02443;MF6|CFFIHE_02458;MF7|EFEKAH_06697
GCF_016899425.1|KEDGBJ_02506	6	6	1	1	GCF_016899425.1;GCF_053038975.1;GCF_053209605.1;GCF_905400185.1;MF6;MF7	GCF_016899425.1|KEDGBJ_02506;GCF_053038975.1|AHCKDM_02451;GCF_053209605.1|GFFINM_02454;GCF_905400185.1|DKPOPA_02444;MF6|CFFIHE_02459;MF7|EFEKAH_06696
GCF_016899425.1|KEDGBJ_02507	6	6	1	1	GCF_016899425.1;GCF_053038975.1;GCF_053209605.1;GCF_905400185.1;MF6;MF7	GCF_016899425.1|KEDGBJ_02507;GCF_053038975.1|AHCKDM_02452;GCF_053209605.1|GFFINM_02455;GCF_905400185.1|DKPOPA_02445;MF6|CFFIHE_02460;MF7|EFEKAH_06695
GCF_016899425.1|KEDGBJ_02508	6	6	1	1	GCF_016899425.1;GCF_053038975.1;GCF_053209605.1;GCF_905400185.1;MF6;MF7	GCF_016899425.1|KEDGBJ_02508;GCF_053038975.1|AHCKDM_02453;GCF_053209605.1|GFFINM_02456;GCF_905400185.1|DKPOPA_02446;MF6|CFFIHE_02461;MF7|EFEKAH_06694
GCF_016899425.1|KEDGBJ_02509	6	6	1	1	GCF_016899425.1;GCF_053038975.1;GCF_053209605.1;GCF_905400185.1;MF6;MF7	GCF_016899425.1|KEDGBJ_02509;GCF_053038975.1|AHCKDM_02454;GCF_053209605.1|GFFINM_02457;GCF_905400185.1|DKPOPA_02447;MF6|CFFIHE_02462;MF7|EFEKAH_06693
GCF_016899425.1|KEDGBJ_02510	6	6	1	1	GCF_016899425.1;GCF_053038975.1;GCF_053209605.1;GCF_905400185.1;MF6;MF7	GCF_016899425.1|KEDGBJ_02510;GCF_053038975.1|AHCKDM_02455;GCF_053209605.1|GFFINM_02458;GCF_905400185.1|DKPOPA_02448;MF6|CFFIHE_02463;MF7|EFEKAH_06692
GCF_016899425.1|KEDGBJ_02511	6	6	1	1	GCF_016899425.1;GCF_053038975.1;GCF_053209605.1;GCF_905400185.1;MF6;MF7	GCF_016899425.1|KEDGBJ_02511;GCF_053038975.1|AHCKDM_02456;GCF_053209605.1|GFFINM_02459;GCF_905400185.1|DKPOPA_02449;MF6|CFFIHE_02464;MF7|EFEKAH_06691
GCF_016899425.1|KEDGBJ_02512	6	6	1	1	GCF_016899425.1;GCF_053038975.1;GCF_053209605.1;GCF_905400185.1;MF6;MF7	GCF_016899425.1|KEDGBJ_02512;GCF_053038975.1|AHCKDM_02457;GCF_053209605.1|GFFINM_02460;GCF_905400185.1|DKPOPA_02450;MF6|CFFIHE_02465;MF7|EFEKAH_06690
GCF_016899425.1|KEDGBJ_02513	6	6	1	1	GCF_016899425.1;GCF_053038975.1;GCF_053209605.1;GCF_905400185.1;MF6;MF7	GCF_016899425.1|KEDGBJ_02513;GCF_053038975.1|AHCKDM_02458;GCF_053209605.1|GFFINM_02461;GCF_905400185.1|DKPOPA_02451;MF6|CFFIHE_02466;MF7|EFEKAH_06689
GCF_016899425.1|KEDGBJ_02514	6	6	1	1	GCF_016899425.1;GCF_053038975.1;GCF_053209605.1;GCF_905400185.1;MF6;MF7	GCF_016899425.1|KEDGBJ_02514;GCF_053038975.1|AHCKDM_02459;GCF_053209605.1|GFFINM_02462;GCF_905400185.1|DKPOPA_02452;MF6|CFFIHE_02467;MF7|EFEKAH_06688
GCF_016899425.1|KEDGBJ_02515	6	6	1	1	GCF_016899425.1;GCF_053038975.1;GCF_053209605.1;GCF_905400185.1;MF6;MF7	GCF_016899425.1|KEDGBJ_02515;GCF_053038975.1|AHCKDM_02460;GCF_053209605.1|GFFINM_02463;GCF_905400185.1|DKPOPA_02453;MF6|CFFIHE_02468;MF7|EFEKAH_06687
GCF_016899425.1|KEDGBJ_02517	3	3	0	0	GCF_016899425.1;MF6;MF7	GCF_016899425.1|KEDGBJ_02517;MF6|CFFIHE_02470;MF7|EFEKAH_06685
GCF_016899425.1|KEDGBJ_02518	3	3	0	0	GCF_016899425.1;MF6;MF7	GCF_016899425.1|KEDGBJ_02518;MF6|CFFIHE_02471;MF7|EFEKAH_06684
GCF_016899425.1|KEDGBJ_02519	3	3	0	0	GCF_016899425.1;MF6;MF7	GCF_016899425.1|KEDGBJ_02519;MF6|CFFIHE_02472;MF7|EFEKAH_06683
GCF_016899425.1|KEDGBJ_02520	6	6	1	1	GCF_016899425.1;GCF_053038975.1;GCF_053209605.1;GCF_905400185.1;MF6;MF7	GCF_016899425.1|KEDGBJ_02520;GCF_053038975.1|AHCKDM_02484;GCF_053209605.1|GFFINM_02487;GCF_905400185.1|DKPOPA_02472;MF6|CFFIHE_02473;MF7|EFEKAH_06682
GCF_016899425.1|KEDGBJ_02521	6	6	1	1	GCF_016899425.1;GCF_053038975.1;GCF_053209605.1;GCF_905400185.1;MF6;MF7	GCF_016899425.1|KEDGBJ_02521;GCF_053038975.1|AHCKDM_02485;GCF_053209605.1|GFFINM_02488;GCF_905400185.1|DKPOPA_02473;MF6|CFFIHE_02474;MF7|EFEKAH_06681
GCF_016899425.1|KEDGBJ_02522	6	6	1	1	GCF_016899425.1;GCF_053038975.1;GCF_053209605.1;GCF_905400185.1;MF6;MF7	GCF_016899425.1|KEDGBJ_02522;GCF_053038975.1|AHCKDM_02486;GCF_053209605.1|GFFINM_02489;GCF_905400185.1|DKPOPA_02474;MF6|CFFIHE_02475;MF7|EFEKAH_06680
GCF_016899425.1|KEDGBJ_02523	6	6	1	1	GCF_016899425.1;GCF_053038975.1;GCF_053209605.1;GCF_905400185.1;MF6;MF7	GCF_016899425.1|KEDGBJ_02523;GCF_053038975.1|AHCKDM_02487;GCF_053209605.1|GFFINM_02490;GCF_905400185.1|DKPOPA_02475;MF6|CFFIHE_02476;MF7|EFEKAH_06679
GCF_016899425.1|KEDGBJ_02525	6	6	1	1	GCF_016899425.1;GCF_053038975.1;GCF_053209605.1;GCF_905400185.1;MF6;MF7	GCF_016899425.1|KEDGBJ_02525;GCF_053038975.1|AHCKDM_02489;GCF_053209605.1|GFFINM_02492;GCF_905400185.1|DKPOPA_02477;MF6|CFFIHE_02478;MF7|EFEKAH_06677
GCF_016899425.1|KEDGBJ_02526	6	6	1	1	GCF_016899425.1;GCF_053038975.1;GCF_053209605.1;GCF_905400185.1;MF6;MF7	GCF_016899425.1|KEDGBJ_02526;GCF_053038975.1|AHCKDM_02490;GCF_053209605.1|GFFINM_02493;GCF_905400185.1|DKPOPA_02478;MF6|CFFIHE_02479;MF7|EFEKAH_06676
GCF_016899425.1|KEDGBJ_02527	6	6	1	1	GCF_016899425.1;GCF_053038975.1;GCF_053209605.1;GCF_905400185.1;MF6;MF7	GCF_016899425.1|KEDGBJ_02527;GCF_053038975.1|AHCKDM_02491;GCF_053209605.1|GFFINM_02494;GCF_905400185.1|DKPOPA_02479;MF6|CFFIHE_02480;MF7|EFEKAH_06675
GCF_016899425.1|KEDGBJ_02528	6	6	1	1	GCF_016899425.1;GCF_053038975.1;GCF_053209605.1;GCF_905400185.1;MF6;MF7	GCF_016899425.1|KEDGBJ_02528;GCF_053038975.1|AHCKDM_02492;GCF_053209605.1|GFFINM_02495;GCF_905400185.1|DKPOPA_02480;MF6|CFFIHE_02481;MF7|EFEKAH_06674
GCF_016899425.1|KEDGBJ_02529	6	6	1	1	GCF_016899425.1;GCF_053038975.1;GCF_053209605.1;GCF_905400185.1;MF6;MF7	GCF_016899425.1|KEDGBJ_02529;GCF_053038975.1|AHCKDM_02493;GCF_053209605.1|GFFINM_02496;GCF_905400185.1|DKPOPA_02481;MF6|CFFIHE_02482;MF7|EFEKAH_06673
GCF_016899425.1|KEDGBJ_02530	6	6	1	1	GCF_016899425.1;GCF_053038975.1;GCF_053209605.1;GCF_905400185.1;MF6;MF7	GCF_016899425.1|KEDGBJ_02530;GCF_053038975.1|AHCKDM_02494;GCF_053209605.1|GFFINM_02497;GCF_905400185.1|DKPOPA_02482;MF6|CFFIHE_02483;MF7|EFEKAH_06672
GCF_016899425.1|KEDGBJ_02531	6	6	1	1	GCF_016899425.1;GCF_053038975.1;GCF_053209605.1;GCF_905400185.1;MF6;MF7	GCF_016899425.1|KEDGBJ_02531;GCF_053038975.1|AHCKDM_02495;GCF_053209605.1|GFFINM_02498;GCF_905400185.1|DKPOPA_02483;MF6|CFFIHE_02484;MF7|EFEKAH_06671
GCF_016899425.1|KEDGBJ_02532	6	6	1	1	GCF_016899425.1;GCF_053038975.1;GCF_053209605.1;GCF_905400185.1;MF6;MF7	GCF_016899425.1|KEDGBJ_02532;GCF_053038975.1|AHCKDM_02496;GCF_053209605.1|GFFINM_02499;GCF_905400185.1|DKPOPA_02484;MF6|CFFIHE_02485;MF7|EFEKAH_06670
GCF_016899425.1|KEDGBJ_02533	6	6	1	1	GCF_016899425.1;GCF_053038975.1;GCF_053209605.1;GCF_905400185.1;MF6;MF7	GCF_016899425.1|KEDGBJ_02533;GCF_053038975.1|AHCKDM_02497;GCF_053209605.1|GFFINM_02500;GCF_905400185.1|DKPOPA_02485;MF6|CFFIHE_02486;MF7|EFEKAH_06669
GCF_016899425.1|KEDGBJ_02534	6	6	1	1	GCF_016899425.1;GCF_053038975.1;GCF_053209605.1;GCF_905400185.1;MF6;MF7	GCF_016899425.1|KEDGBJ_02534;GCF_053038975.1|AHCKDM_02498;GCF_053209605.1|GFFINM_02501;GCF_905400185.1|DKPOPA_02486;MF6|CFFIHE_02487;MF7|EFEKAH_06668
GCF_016899425.1|KEDGBJ_02535	6	6	1	1	GCF_016899425.1;GCF_053038975.1;GCF_053209605.1;GCF_905400185.1;MF6;MF7	GCF_016899425.1|KEDGBJ_02535;GCF_053038975.1|AHCKDM_02499;GCF_053209605.1|GFFINM_02502;GCF_905400185.1|DKPOPA_02487;MF6|CFFIHE_02488;MF7|EFEKAH_06667
GCF_016899425.1|KEDGBJ_02536	6	6	1	1	GCF_016899425.1;GCF_053038975.1;GCF_053209605.1;GCF_905400185.1;MF6;MF7	GCF_016899425.1|KEDGBJ_02536;GCF_053038975.1|AHCKDM_02500;GCF_053209605.1|GFFINM_02503;GCF_905400185.1|DKPOPA_02488;MF6|CFFIHE_02489;MF7|EFEKAH_06666
GCF_016899425.1|KEDGBJ_02537	6	6	1	1	GCF_016899425.1;GCF_053038975.1;GCF_053209605.1;GCF_905400185.1;MF6;MF7	GCF_016899425.1|KEDGBJ_02537;GCF_053038975.1|AHCKDM_02501;GCF_053209605.1|GFFINM_02504;GCF_905400185.1|DKPOPA_02489;MF6|CFFIHE_02490;MF7|EFEKAH_06665
GCF_016899425.1|KEDGBJ_02538	4	4	0	0	GCF_016899425.1;GCF_053038975.1;GCF_053209605.1;GCF_905400185.1	GCF_016899425.1|KEDGBJ_02538;GCF_053038975.1|AHCKDM_02502;GCF_053209605.1|GFFINM_02505;GCF_905400185.1|DKPOPA_02490
GCF_016899425.1|KEDGBJ_02539	2	2	0	0	GCF_016899425.1;GCF_905400185.1	GCF_016899425.1|KEDGBJ_02539;GCF_905400185.1|DKPOPA_02491
GCF_016899425.1|KEDGBJ_02540	6	6	1	1	GCF_016899425.1;GCF_053038975.1;GCF_053209605.1;GCF_905400185.1;MF6;MF7	GCF_016899425.1|KEDGBJ_02540;GCF_053038975.1|AHCKDM_02508;GCF_053209605.1|GFFINM_02511;GCF_905400185.1|DKPOPA_02492;MF6|CFFIHE_02491;MF7|EFEKAH_06664
GCF_016899425.1|KEDGBJ_02541	6	6	1	1	GCF_016899425.1;GCF_053038975.1;GCF_053209605.1;GCF_905400185.1;MF6;MF7	GCF_016899425.1|KEDGBJ_02541;GCF_053038975.1|AHCKDM_02509;GCF_053209605.1|GFFINM_02512;GCF_905400185.1|DKPOPA_02493;MF6|CFFIHE_02492;MF7|EFEKAH_06663
GCF_016899425.1|KEDGBJ_02542	6	6	1	1	GCF_016899425.1;GCF_053038975.1;GCF_053209605.1;GCF_905400185.1;MF6;MF7	GCF_016899425.1|KEDGBJ_02542;GCF_053038975.1|AHCKDM_02510;GCF_053209605.1|GFFINM_02513;GCF_905400185.1|DKPOPA_02494;MF6|CFFIHE_02493;MF7|EFEKAH_06662
GCF_016899425.1|KEDGBJ_02543	6	6	1	1	GCF_016899425.1;GCF_053038975.1;GCF_053209605.1;GCF_905400185.1;MF6;MF7	GCF_016899425.1|KEDGBJ_02543;GCF_053038975.1|AHCKDM_02511;GCF_053209605.1|GFFINM_02514;GCF_905400185.1|DKPOPA_02495;MF6|CFFIHE_02494;MF7|EFEKAH_06661
GCF_016899425.1|KEDGBJ_02544	6	6	1	1	GCF_016899425.1;GCF_053038975.1;GCF_053209605.1;GCF_905400185.1;MF6;MF7	GCF_016899425.1|KEDGBJ_02544;GCF_053038975.1|AHCKDM_02512;GCF_053209605.1|GFFINM_02515;GCF_905400185.1|DKPOPA_02496;MF6|CFFIHE_02495;MF7|EFEKAH_06660
GCF_016899425.1|KEDGBJ_02545	6	6	1	1	GCF_016899425.1;GCF_053038975.1;GCF_053209605.1;GCF_905400185.1;MF6;MF7	GCF_016899425.1|KEDGBJ_02545;GCF_053038975.1|AHCKDM_02513;GCF_053209605.1|GFFINM_02516;GCF_905400185.1|DKPOPA_02497;MF6|CFFIHE_02496;MF7|EFEKAH_06659
GCF_016899425.1|KEDGBJ_02546	6	6	1	1	GCF_016899425.1;GCF_053038975.1;GCF_053209605.1;GCF_905400185.1;MF6;MF7	GCF_016899425.1|KEDGBJ_02546;GCF_053038975.1|AHCKDM_02514;GCF_053209605.1|GFFINM_02517;GCF_905400185.1|DKPOPA_02498;MF6|CFFIHE_02497;MF7|EFEKAH_06658
GCF_016899425.1|KEDGBJ_02547	6	6	1	1	GCF_016899425.1;GCF_053038975.1;GCF_053209605.1;GCF_905400185.1;MF6;MF7	GCF_016899425.1|KEDGBJ_02547;GCF_053038975.1|AHCKDM_02515;GCF_053209605.1|GFFINM_02518;GCF_905400185.1|DKPOPA_02499;MF6|CFFIHE_02498;MF7|EFEKAH_06657
GCF_016899425.1|KEDGBJ_02548	6	6	1	1	GCF_016899425.1;GCF_053038975.1;GCF_053209605.1;GCF_905400185.1;MF6;MF7	GCF_016899425.1|KEDGBJ_02548;GCF_053038975.1|AHCKDM_02516;GCF_053209605.1|GFFINM_02519;GCF_905400185.1|DKPOPA_02500;MF6|CFFIHE_02499;MF7|EFEKAH_06656
GCF_016899425.1|KEDGBJ_02549	6	6	1	1	GCF_016899425.1;GCF_053038975.1;GCF_053209605.1;GCF_905400185.1;MF6;MF7	GCF_016899425.1|KEDGBJ_02549;GCF_053038975.1|AHCKDM_02517;GCF_053209605.1|GFFINM_02520;GCF_905400185.1|DKPOPA_02501;MF6|CFFIHE_02500;MF7|EFEKAH_06655
GCF_016899425.1|KEDGBJ_02551	6	6	1	1	GCF_016899425.1;GCF_053038975.1;GCF_053209605.1;GCF_905400185.1;MF6;MF7	GCF_016899425.1|KEDGBJ_02551;GCF_053038975.1|AHCKDM_02519;GCF_053209605.1|GFFINM_02522;GCF_905400185.1|DKPOPA_02503;MF6|CFFIHE_02502;MF7|EFEKAH_06653
GCF_016899425.1|KEDGBJ_02552	6	6	1	1	GCF_016899425.1;GCF_053038975.1;GCF_053209605.1;GCF_905400185.1;MF6;MF7	GCF_016899425.1|KEDGBJ_02552;GCF_053038975.1|AHCKDM_02520;GCF_053209605.1|GFFINM_02523;GCF_905400185.1|DKPOPA_02504;MF6|CFFIHE_02503;MF7|EFEKAH_06652
GCF_016899425.1|KEDGBJ_02553	6	6	1	1	GCF_016899425.1;GCF_053038975.1;GCF_053209605.1;GCF_905400185.1;MF6;MF7	GCF_016899425.1|KEDGBJ_02553;GCF_053038975.1|AHCKDM_02521;GCF_053209605.1|GFFINM_02524;GCF_905400185.1|DKPOPA_02505;MF6|CFFIHE_02504;MF7|EFEKAH_06651
GCF_016899425.1|KEDGBJ_02554	6	6	1	1	GCF_016899425.1;GCF_053038975.1;GCF_053209605.1;GCF_905400185.1;MF6;MF7	GCF_016899425.1|KEDGBJ_02554;GCF_053038975.1|AHCKDM_02522;GCF_053209605.1|GFFINM_02525;GCF_905400185.1|DKPOPA_02506;MF6|CFFIHE_02505;MF7|EFEKAH_06650
GCF_016899425.1|KEDGBJ_02555	6	6	1	1	GCF_016899425.1;GCF_053038975.1;GCF_053209605.1;GCF_905400185.1;MF6;MF7	GCF_016899425.1|KEDGBJ_02555;GCF_053038975.1|AHCKDM_02523;GCF_053209605.1|GFFINM_02526;GCF_905400185.1|DKPOPA_02507;MF6|CFFIHE_02506;MF7|EFEKAH_06649
GCF_016899425.1|KEDGBJ_02556	6	6	1	1	GCF_016899425.1;GCF_053038975.1;GCF_053209605.1;GCF_905400185.1;MF6;MF7	GCF_016899425.1|KEDGBJ_02556;GCF_053038975.1|AHCKDM_02524;GCF_053209605.1|GFFINM_02527;GCF_905400185.1|DKPOPA_02508;MF6|CFFIHE_02507;MF7|EFEKAH_06648
GCF_016899425.1|KEDGBJ_02557	6	6	1	1	GCF_016899425.1;GCF_053038975.1;GCF_053209605.1;GCF_905400185.1;MF6;MF7	GCF_016899425.1|KEDGBJ_02557;GCF_053038975.1|AHCKDM_02525;GCF_053209605.1|GFFINM_02528;GCF_905400185.1|DKPOPA_02509;MF6|CFFIHE_02508;MF7|EFEKAH_06647
GCF_016899425.1|KEDGBJ_02558	6	6	1	1	GCF_016899425.1;GCF_053038975.1;GCF_053209605.1;GCF_905400185.1;MF6;MF7	GCF_016899425.1|KEDGBJ_02558;GCF_053038975.1|AHCKDM_02526;GCF_053209605.1|GFFINM_02529;GCF_905400185.1|DKPOPA_02510;MF6|CFFIHE_02509;MF7|EFEKAH_06646
GCF_016899425.1|KEDGBJ_02560	6	6	1	1	GCF_016899425.1;GCF_053038975.1;GCF_053209605.1;GCF_905400185.1;MF6;MF7	GCF_016899425.1|KEDGBJ_02560;GCF_053038975.1|AHCKDM_02528;GCF_053209605.1|GFFINM_02531;GCF_905400185.1|DKPOPA_02512;MF6|CFFIHE_02511;MF7|EFEKAH_06644
GCF_016899425.1|KEDGBJ_02561	6	6	1	1	GCF_016899425.1;GCF_053038975.1;GCF_053209605.1;GCF_905400185.1;MF6;MF7	GCF_016899425.1|KEDGBJ_02561;GCF_053038975.1|AHCKDM_02529;GCF_053209605.1|GFFINM_02532;GCF_905400185.1|DKPOPA_02513;MF6|CFFIHE_02512;MF7|EFEKAH_06643
GCF_016899425.1|KEDGBJ_02562	6	6	1	1	GCF_016899425.1;GCF_053038975.1;GCF_053209605.1;GCF_905400185.1;MF6;MF7	GCF_016899425.1|KEDGBJ_02562;GCF_053038975.1|AHCKDM_02530;GCF_053209605.1|GFFINM_02533;GCF_905400185.1|DKPOPA_02514;MF6|CFFIHE_02513;MF7|EFEKAH_06642
GCF_016899425.1|KEDGBJ_02563	6	6	1	1	GCF_016899425.1;GCF_053038975.1;GCF_053209605.1;GCF_905400185.1;MF6;MF7	GCF_016899425.1|KEDGBJ_02563;GCF_053038975.1|AHCKDM_02531;GCF_053209605.1|GFFINM_02534;GCF_905400185.1|DKPOPA_02515;MF6|CFFIHE_02514;MF7|EFEKAH_06641
GCF_016899425.1|KEDGBJ_02564	4	4	0	0	GCF_016899425.1;GCF_905400185.1;MF6;MF7	GCF_016899425.1|KEDGBJ_02564;GCF_905400185.1|DKPOPA_02516;MF6|CFFIHE_02515;MF7|EFEKAH_06640
GCF_016899425.1|KEDGBJ_02565	6	6	1	1	GCF_016899425.1;GCF_053038975.1;GCF_053209605.1;GCF_905400185.1;MF6;MF7	GCF_016899425.1|KEDGBJ_02565;GCF_053038975.1|AHCKDM_02532;GCF_053209605.1|GFFINM_02535;GCF_905400185.1|DKPOPA_02517;MF6|CFFIHE_02516;MF7|EFEKAH_06639
GCF_016899425.1|KEDGBJ_02566	6	6	1	1	GCF_016899425.1;GCF_053038975.1;GCF_053209605.1;GCF_905400185.1;MF6;MF7	GCF_016899425.1|KEDGBJ_02566;GCF_053038975.1|AHCKDM_02533;GCF_053209605.1|GFFINM_02536;GCF_905400185.1|DKPOPA_02518;MF6|CFFIHE_02517;MF7|EFEKAH_06638
GCF_016899425.1|KEDGBJ_02567	6	6	1	1	GCF_016899425.1;GCF_053038975.1;GCF_053209605.1;GCF_905400185.1;MF6;MF7	GCF_016899425.1|KEDGBJ_02567;GCF_053038975.1|AHCKDM_02534;GCF_053209605.1|GFFINM_02537;GCF_905400185.1|DKPOPA_02519;MF6|CFFIHE_02518;MF7|EFEKAH_06637
GCF_016899425.1|KEDGBJ_02568	6	6	1	1	GCF_016899425.1;GCF_053038975.1;GCF_053209605.1;GCF_905400185.1;MF6;MF7	GCF_016899425.1|KEDGBJ_02568;GCF_053038975.1|AHCKDM_02535;GCF_053209605.1|GFFINM_02538;GCF_905400185.1|DKPOPA_02520;MF6|CFFIHE_02519;MF7|EFEKAH_06636
GCF_016899425.1|KEDGBJ_02569	6	6	1	1	GCF_016899425.1;GCF_053038975.1;GCF_053209605.1;GCF_905400185.1;MF6;MF7	GCF_016899425.1|KEDGBJ_02569;GCF_053038975.1|AHCKDM_02536;GCF_053209605.1|GFFINM_02539;GCF_905400185.1|DKPOPA_02521;MF6|CFFIHE_02520;MF7|EFEKAH_06635
GCF_016899425.1|KEDGBJ_02570	6	6	1	1	GCF_016899425.1;GCF_053038975.1;GCF_053209605.1;GCF_905400185.1;MF6;MF7	GCF_016899425.1|KEDGBJ_02570;GCF_053038975.1|AHCKDM_02537;GCF_053209605.1|GFFINM_02540;GCF_905400185.1|DKPOPA_02522;MF6|CFFIHE_02521;MF7|EFEKAH_06634
GCF_016899425.1|KEDGBJ_02571	6	6	1	1	GCF_016899425.1;GCF_053038975.1;GCF_053209605.1;GCF_905400185.1;MF6;MF7	GCF_016899425.1|KEDGBJ_02571;GCF_053038975.1|AHCKDM_02538;GCF_053209605.1|GFFINM_02541;GCF_905400185.1|DKPOPA_02523;MF6|CFFIHE_02522;MF7|EFEKAH_06633
GCF_016899425.1|KEDGBJ_02572	6	6	1	1	GCF_016899425.1;GCF_053038975.1;GCF_053209605.1;GCF_905400185.1;MF6;MF7	GCF_016899425.1|KEDGBJ_02572;GCF_053038975.1|AHCKDM_02539;GCF_053209605.1|GFFINM_02542;GCF_905400185.1|DKPOPA_02524;MF6|CFFIHE_02523;MF7|EFEKAH_06632
GCF_016899425.1|KEDGBJ_02573	6	6	1	1	GCF_016899425.1;GCF_053038975.1;GCF_053209605.1;GCF_905400185.1;MF6;MF7	GCF_016899425.1|KEDGBJ_02573;GCF_053038975.1|AHCKDM_02540;GCF_053209605.1|GFFINM_02543;GCF_905400185.1|DKPOPA_02525;MF6|CFFIHE_02524;MF7|EFEKAH_06631
GCF_016899425.1|KEDGBJ_02574	6	6	1	1	GCF_016899425.1;GCF_053038975.1;GCF_053209605.1;GCF_905400185.1;MF6;MF7	GCF_016899425.1|KEDGBJ_02574;GCF_053038975.1|AHCKDM_02541;GCF_053209605.1|GFFINM_02544;GCF_905400185.1|DKPOPA_02526;MF6|CFFIHE_02525;MF7|EFEKAH_06630
GCF_016899425.1|KEDGBJ_02575	6	6	1	1	GCF_016899425.1;GCF_053038975.1;GCF_053209605.1;GCF_905400185.1;MF6;MF7	GCF_016899425.1|KEDGBJ_02575;GCF_053038975.1|AHCKDM_02542;GCF_053209605.1|GFFINM_02545;GCF_905400185.1|DKPOPA_02527;MF6|CFFIHE_02526;MF7|EFEKAH_06629
GCF_016899425.1|KEDGBJ_02576	6	6	1	1	GCF_016899425.1;GCF_053038975.1;GCF_053209605.1;GCF_905400185.1;MF6;MF7	GCF_016899425.1|KEDGBJ_02576;GCF_053038975.1|AHCKDM_02543;GCF_053209605.1|GFFINM_02546;GCF_905400185.1|DKPOPA_02528;MF6|CFFIHE_02527;MF7|EFEKAH_06628
GCF_016899425.1|KEDGBJ_02577	6	6	1	1	GCF_016899425.1;GCF_053038975.1;GCF_053209605.1;GCF_905400185.1;MF6;MF7	GCF_016899425.1|KEDGBJ_02577;GCF_053038975.1|AHCKDM_02544;GCF_053209605.1|GFFINM_02547;GCF_905400185.1|DKPOPA_02529;MF6|CFFIHE_02528;MF7|EFEKAH_06627
GCF_016899425.1|KEDGBJ_02578	6	6	1	1	GCF_016899425.1;GCF_053038975.1;GCF_053209605.1;GCF_905400185.1;MF6;MF7	GCF_016899425.1|KEDGBJ_02578;GCF_053038975.1|AHCKDM_02545;GCF_053209605.1|GFFINM_02548;GCF_905400185.1|DKPOPA_02530;MF6|CFFIHE_02529;MF7|EFEKAH_06626
GCF_016899425.1|KEDGBJ_02579	6	6	1	1	GCF_016899425.1;GCF_053038975.1;GCF_053209605.1;GCF_905400185.1;MF6;MF7	GCF_016899425.1|KEDGBJ_02579;GCF_053038975.1|AHCKDM_02546;GCF_053209605.1|GFFINM_02549;GCF_905400185.1|DKPOPA_02531;MF6|CFFIHE_02530;MF7|EFEKAH_06625
GCF_016899425.1|KEDGBJ_02580	6	6	1	1	GCF_016899425.1;GCF_053038975.1;GCF_053209605.1;GCF_905400185.1;MF6;MF7	GCF_016899425.1|KEDGBJ_02580;GCF_053038975.1|AHCKDM_02547;GCF_053209605.1|GFFINM_02550;GCF_905400185.1|DKPOPA_02532;MF6|CFFIHE_02531;MF7|EFEKAH_06624
GCF_016899425.1|KEDGBJ_02581	6	6	1	1	GCF_016899425.1;GCF_053038975.1;GCF_053209605.1;GCF_905400185.1;MF6;MF7	GCF_016899425.1|KEDGBJ_02581;GCF_053038975.1|AHCKDM_02548;GCF_053209605.1|GFFINM_02551;GCF_905400185.1|DKPOPA_02533;MF6|CFFIHE_02532;MF7|EFEKAH_06623
GCF_016899425.1|KEDGBJ_02582	6	6	1	1	GCF_016899425.1;GCF_053038975.1;GCF_053209605.1;GCF_905400185.1;MF6;MF7	GCF_016899425.1|KEDGBJ_02582;GCF_053038975.1|AHCKDM_02549;GCF_053209605.1|GFFINM_02552;GCF_905400185.1|DKPOPA_02534;MF6|CFFIHE_02533;MF7|EFEKAH_06622
GCF_016899425.1|KEDGBJ_02583	6	6	1	1	GCF_016899425.1;GCF_053038975.1;GCF_053209605.1;GCF_905400185.1;MF6;MF7	GCF_016899425.1|KEDGBJ_02583;GCF_053038975.1|AHCKDM_02550;GCF_053209605.1|GFFINM_02553;GCF_905400185.1|DKPOPA_02535;MF6|CFFIHE_02534;MF7|EFEKAH_06621
GCF_016899425.1|KEDGBJ_02585	6	6	1	1	GCF_016899425.1;GCF_053038975.1;GCF_053209605.1;GCF_905400185.1;MF6;MF7	GCF_016899425.1|KEDGBJ_02585;GCF_053038975.1|AHCKDM_02552;GCF_053209605.1|GFFINM_02555;GCF_905400185.1|DKPOPA_02537;MF6|CFFIHE_02536;MF7|EFEKAH_06619
GCF_016899425.1|KEDGBJ_02587	6	6	1	1	GCF_016899425.1;GCF_053038975.1;GCF_053209605.1;GCF_905400185.1;MF6;MF7	GCF_016899425.1|KEDGBJ_02587;GCF_053038975.1|AHCKDM_02554;GCF_053209605.1|GFFINM_02557;GCF_905400185.1|DKPOPA_02539;MF6|CFFIHE_02538;MF7|EFEKAH_06617
GCF_016899425.1|KEDGBJ_02588	6	6	1	1	GCF_016899425.1;GCF_053038975.1;GCF_053209605.1;GCF_905400185.1;MF6;MF7	GCF_016899425.1|KEDGBJ_02588;GCF_053038975.1|AHCKDM_02555;GCF_053209605.1|GFFINM_02558;GCF_905400185.1|DKPOPA_02540;MF6|CFFIHE_02539;MF7|EFEKAH_06616
GCF_016899425.1|KEDGBJ_02589	6	6	1	1	GCF_016899425.1;GCF_053038975.1;GCF_053209605.1;GCF_905400185.1;MF6;MF7	GCF_016899425.1|KEDGBJ_02589;GCF_053038975.1|AHCKDM_02556;GCF_053209605.1|GFFINM_02559;GCF_905400185.1|DKPOPA_02541;MF6|CFFIHE_02540;MF7|EFEKAH_06615
GCF_016899425.1|KEDGBJ_02590	6	6	1	1	GCF_016899425.1;GCF_053038975.1;GCF_053209605.1;GCF_905400185.1;MF6;MF7	GCF_016899425.1|KEDGBJ_02590;GCF_053038975.1|AHCKDM_02557;GCF_053209605.1|GFFINM_02560;GCF_905400185.1|DKPOPA_02542;MF6|CFFIHE_02541;MF7|EFEKAH_06614
GCF_016899425.1|KEDGBJ_02591	6	6	1	1	GCF_016899425.1;GCF_053038975.1;GCF_053209605.1;GCF_905400185.1;MF6;MF7	GCF_016899425.1|KEDGBJ_02591;GCF_053038975.1|AHCKDM_02558;GCF_053209605.1|GFFINM_02561;GCF_905400185.1|DKPOPA_02543;MF6|CFFIHE_02542;MF7|EFEKAH_06613
GCF_016899425.1|KEDGBJ_02592	6	6	1	1	GCF_016899425.1;GCF_053038975.1;GCF_053209605.1;GCF_905400185.1;MF6;MF7	GCF_016899425.1|KEDGBJ_02592;GCF_053038975.1|AHCKDM_02559;GCF_053209605.1|GFFINM_02562;GCF_905400185.1|DKPOPA_02544;MF6|CFFIHE_02543;MF7|EFEKAH_06612
GCF_016899425.1|KEDGBJ_02593	6	6	1	1	GCF_016899425.1;GCF_053038975.1;GCF_053209605.1;GCF_905400185.1;MF6;MF7	GCF_016899425.1|KEDGBJ_02593;GCF_053038975.1|AHCKDM_02560;GCF_053209605.1|GFFINM_02563;GCF_905400185.1|DKPOPA_02545;MF6|CFFIHE_02544;MF7|EFEKAH_06611
GCF_016899425.1|KEDGBJ_02594	6	6	1	1	GCF_016899425.1;GCF_053038975.1;GCF_053209605.1;GCF_905400185.1;MF6;MF7	GCF_016899425.1|KEDGBJ_02594;GCF_053038975.1|AHCKDM_02561;GCF_053209605.1|GFFINM_02564;GCF_905400185.1|DKPOPA_02546;MF6|CFFIHE_02545;MF7|EFEKAH_06610
GCF_016899425.1|KEDGBJ_02595	6	6	1	1	GCF_016899425.1;GCF_053038975.1;GCF_053209605.1;GCF_905400185.1;MF6;MF7	GCF_016899425.1|KEDGBJ_02595;GCF_053038975.1|AHCKDM_02562;GCF_053209605.1|GFFINM_02565;GCF_905400185.1|DKPOPA_02547;MF6|CFFIHE_02546;MF7|EFEKAH_06609
GCF_016899425.1|KEDGBJ_02596	6	6	1	1	GCF_016899425.1;GCF_053038975.1;GCF_053209605.1;GCF_905400185.1;MF6;MF7	GCF_016899425.1|KEDGBJ_02596;GCF_053038975.1|AHCKDM_02563;GCF_053209605.1|GFFINM_02566;GCF_905400185.1|DKPOPA_02548;MF6|CFFIHE_02547;MF7|EFEKAH_06608
GCF_016899425.1|KEDGBJ_02597	6	6	1	1	GCF_016899425.1;GCF_053038975.1;GCF_053209605.1;GCF_905400185.1;MF6;MF7	GCF_016899425.1|KEDGBJ_02597;GCF_053038975.1|AHCKDM_02564;GCF_053209605.1|GFFINM_02567;GCF_905400185.1|DKPOPA_02549;MF6|CFFIHE_02548;MF7|EFEKAH_06607
GCF_016899425.1|KEDGBJ_02598	6	6	1	1	GCF_016899425.1;GCF_053038975.1;GCF_053209605.1;GCF_905400185.1;MF6;MF7	GCF_016899425.1|KEDGBJ_02598;GCF_053038975.1|AHCKDM_02565;GCF_053209605.1|GFFINM_02568;GCF_905400185.1|DKPOPA_02550;MF6|CFFIHE_02549;MF7|EFEKAH_06606
GCF_016899425.1|KEDGBJ_02599	6	6	1	1	GCF_016899425.1;GCF_053038975.1;GCF_053209605.1;GCF_905400185.1;MF6;MF7	GCF_016899425.1|KEDGBJ_02599;GCF_053038975.1|AHCKDM_02566;GCF_053209605.1|GFFINM_02569;GCF_905400185.1|DKPOPA_02551;MF6|CFFIHE_02550;MF7|EFEKAH_06605
GCF_016899425.1|KEDGBJ_02600	6	6	1	1	GCF_016899425.1;GCF_053038975.1;GCF_053209605.1;GCF_905400185.1;MF6;MF7	GCF_016899425.1|KEDGBJ_02600;GCF_053038975.1|AHCKDM_02567;GCF_053209605.1|GFFINM_02570;GCF_905400185.1|DKPOPA_02552;MF6|CFFIHE_02551;MF7|EFEKAH_06604
GCF_016899425.1|KEDGBJ_02601	6	6	1	1	GCF_016899425.1;GCF_053038975.1;GCF_053209605.1;GCF_905400185.1;MF6;MF7	GCF_016899425.1|KEDGBJ_02601;GCF_053038975.1|AHCKDM_02568;GCF_053209605.1|GFFINM_02571;GCF_905400185.1|DKPOPA_02553;MF6|CFFIHE_02552;MF7|EFEKAH_06603
GCF_016899425.1|KEDGBJ_02602	6	6	1	1	GCF_016899425.1;GCF_053038975.1;GCF_053209605.1;GCF_905400185.1;MF6;MF7	GCF_016899425.1|KEDGBJ_02602;GCF_053038975.1|AHCKDM_02569;GCF_053209605.1|GFFINM_02572;GCF_905400185.1|DKPOPA_02554;MF6|CFFIHE_02553;MF7|EFEKAH_06602
GCF_016899425.1|KEDGBJ_02603	6	6	1	1	GCF_016899425.1;GCF_053038975.1;GCF_053209605.1;GCF_905400185.1;MF6;MF7	GCF_016899425.1|KEDGBJ_02603;GCF_053038975.1|AHCKDM_02570;GCF_053209605.1|GFFINM_02573;GCF_905400185.1|DKPOPA_02555;MF6|CFFIHE_02554;MF7|EFEKAH_06601
GCF_016899425.1|KEDGBJ_02604	6	6	1	1	GCF_016899425.1;GCF_053038975.1;GCF_053209605.1;GCF_905400185.1;MF6;MF7	GCF_016899425.1|KEDGBJ_02604;GCF_053038975.1|AHCKDM_02571;GCF_053209605.1|GFFINM_02574;GCF_905400185.1|DKPOPA_02556;MF6|CFFIHE_02555;MF7|EFEKAH_06600
GCF_016899425.1|KEDGBJ_02605	6	6	1	1	GCF_016899425.1;GCF_053038975.1;GCF_053209605.1;GCF_905400185.1;MF6;MF7	GCF_016899425.1|KEDGBJ_02605;GCF_053038975.1|AHCKDM_02572;GCF_053209605.1|GFFINM_02575;GCF_905400185.1|DKPOPA_02557;MF6|CFFIHE_02556;MF7|EFEKAH_06599
GCF_016899425.1|KEDGBJ_02606	6	6	1	1	GCF_016899425.1;GCF_053038975.1;GCF_053209605.1;GCF_905400185.1;MF6;MF7	GCF_016899425.1|KEDGBJ_02606;GCF_053038975.1|AHCKDM_02573;GCF_053209605.1|GFFINM_02576;GCF_905400185.1|DKPOPA_02558;MF6|CFFIHE_02557;MF7|EFEKAH_06598
GCF_016899425.1|KEDGBJ_02608	6	6	1	1	GCF_016899425.1;GCF_053038975.1;GCF_053209605.1;GCF_905400185.1;MF6;MF7	GCF_016899425.1|KEDGBJ_02608;GCF_053038975.1|AHCKDM_02575;GCF_053209605.1|GFFINM_02578;GCF_905400185.1|DKPOPA_02560;MF6|CFFIHE_02559;MF7|EFEKAH_06596
GCF_016899425.1|KEDGBJ_02609	6	6	1	1	GCF_016899425.1;GCF_053038975.1;GCF_053209605.1;GCF_905400185.1;MF6;MF7	GCF_016899425.1|KEDGBJ_02609;GCF_053038975.1|AHCKDM_02576;GCF_053209605.1|GFFINM_02579;GCF_905400185.1|DKPOPA_02561;MF6|CFFIHE_02560;MF7|EFEKAH_06595
GCF_016899425.1|KEDGBJ_02610	6	6	1	1	GCF_016899425.1;GCF_053038975.1;GCF_053209605.1;GCF_905400185.1;MF6;MF7	GCF_016899425.1|KEDGBJ_02610;GCF_053038975.1|AHCKDM_02577;GCF_053209605.1|GFFINM_02580;GCF_905400185.1|DKPOPA_02562;MF6|CFFIHE_02561;MF7|EFEKAH_06594
GCF_016899425.1|KEDGBJ_02611	6	6	1	1	GCF_016899425.1;GCF_053038975.1;GCF_053209605.1;GCF_905400185.1;MF6;MF7	GCF_016899425.1|KEDGBJ_02611;GCF_053038975.1|AHCKDM_02578;GCF_053209605.1|GFFINM_02581;GCF_905400185.1|DKPOPA_02563;MF6|CFFIHE_02562;MF7|EFEKAH_06593
GCF_016899425.1|KEDGBJ_02612	6	6	1	1	GCF_016899425.1;GCF_053038975.1;GCF_053209605.1;GCF_905400185.1;MF6;MF7	GCF_016899425.1|KEDGBJ_02612;GCF_053038975.1|AHCKDM_02579;GCF_053209605.1|GFFINM_02582;GCF_905400185.1|DKPOPA_02564;MF6|CFFIHE_02563;MF7|EFEKAH_06592
GCF_016899425.1|KEDGBJ_02613	6	6	1	1	GCF_016899425.1;GCF_053038975.1;GCF_053209605.1;GCF_905400185.1;MF6;MF7	GCF_016899425.1|KEDGBJ_02613;GCF_053038975.1|AHCKDM_02580;GCF_053209605.1|GFFINM_02583;GCF_905400185.1|DKPOPA_02565;MF6|CFFIHE_02564;MF7|EFEKAH_06591
GCF_016899425.1|KEDGBJ_02614	6	6	1	1	GCF_016899425.1;GCF_053038975.1;GCF_053209605.1;GCF_905400185.1;MF6;MF7	GCF_016899425.1|KEDGBJ_02614;GCF_053038975.1|AHCKDM_02581;GCF_053209605.1|GFFINM_02584;GCF_905400185.1|DKPOPA_02566;MF6|CFFIHE_02565;MF7|EFEKAH_06590
GCF_016899425.1|KEDGBJ_02615	6	6	1	1	GCF_016899425.1;GCF_053038975.1;GCF_053209605.1;GCF_905400185.1;MF6;MF7	GCF_016899425.1|KEDGBJ_02615;GCF_053038975.1|AHCKDM_02582;GCF_053209605.1|GFFINM_02585;GCF_905400185.1|DKPOPA_02567;MF6|CFFIHE_02566;MF7|EFEKAH_06589
GCF_016899425.1|KEDGBJ_02616	6	6	1	1	GCF_016899425.1;GCF_053038975.1;GCF_053209605.1;GCF_905400185.1;MF6;MF7	GCF_016899425.1|KEDGBJ_02616;GCF_053038975.1|AHCKDM_02583;GCF_053209605.1|GFFINM_02586;GCF_905400185.1|DKPOPA_02568;MF6|CFFIHE_02567;MF7|EFEKAH_06588
GCF_016899425.1|KEDGBJ_02617	6	6	1	1	GCF_016899425.1;GCF_053038975.1;GCF_053209605.1;GCF_905400185.1;MF6;MF7	GCF_016899425.1|KEDGBJ_02617;GCF_053038975.1|AHCKDM_02584;GCF_053209605.1|GFFINM_02587;GCF_905400185.1|DKPOPA_02569;MF6|CFFIHE_02568;MF7|EFEKAH_06587
GCF_016899425.1|KEDGBJ_02618	6	6	1	1	GCF_016899425.1;GCF_053038975.1;GCF_053209605.1;GCF_905400185.1;MF6;MF7	GCF_016899425.1|KEDGBJ_02618;GCF_053038975.1|AHCKDM_02585;GCF_053209605.1|GFFINM_02588;GCF_905400185.1|DKPOPA_02570;MF6|CFFIHE_02569;MF7|EFEKAH_06586
GCF_016899425.1|KEDGBJ_02619	6	6	1	1	GCF_016899425.1;GCF_053038975.1;GCF_053209605.1;GCF_905400185.1;MF6;MF7	GCF_016899425.1|KEDGBJ_02619;GCF_053038975.1|AHCKDM_02586;GCF_053209605.1|GFFINM_02589;GCF_905400185.1|DKPOPA_02571;MF6|CFFIHE_02570;MF7|EFEKAH_06585
GCF_016899425.1|KEDGBJ_02620	6	6	1	1	GCF_016899425.1;GCF_053038975.1;GCF_053209605.1;GCF_905400185.1;MF6;MF7	GCF_016899425.1|KEDGBJ_02620;GCF_053038975.1|AHCKDM_02587;GCF_053209605.1|GFFINM_02590;GCF_905400185.1|DKPOPA_02572;MF6|CFFIHE_02571;MF7|EFEKAH_06584
GCF_016899425.1|KEDGBJ_02621	6	6	1	1	GCF_016899425.1;GCF_053038975.1;GCF_053209605.1;GCF_905400185.1;MF6;MF7	GCF_016899425.1|KEDGBJ_02621;GCF_053038975.1|AHCKDM_02588;GCF_053209605.1|GFFINM_02591;GCF_905400185.1|DKPOPA_02573;MF6|CFFIHE_02572;MF7|EFEKAH_06583
GCF_016899425.1|KEDGBJ_02622	6	6	1	1	GCF_016899425.1;GCF_053038975.1;GCF_053209605.1;GCF_905400185.1;MF6;MF7	GCF_016899425.1|KEDGBJ_02622;GCF_053038975.1|AHCKDM_02589;GCF_053209605.1|GFFINM_02592;GCF_905400185.1|DKPOPA_02574;MF6|CFFIHE_02573;MF7|EFEKAH_06582
GCF_016899425.1|KEDGBJ_02623	6	6	1	1	GCF_016899425.1;GCF_053038975.1;GCF_053209605.1;GCF_905400185.1;MF6;MF7	GCF_016899425.1|KEDGBJ_02623;GCF_053038975.1|AHCKDM_02590;GCF_053209605.1|GFFINM_02593;GCF_905400185.1|DKPOPA_02575;MF6|CFFIHE_02574;MF7|EFEKAH_06581
GCF_016899425.1|KEDGBJ_02624	6	6	1	1	GCF_016899425.1;GCF_053038975.1;GCF_053209605.1;GCF_905400185.1;MF6;MF7	GCF_016899425.1|KEDGBJ_02624;GCF_053038975.1|AHCKDM_02591;GCF_053209605.1|GFFINM_02594;GCF_905400185.1|DKPOPA_02576;MF6|CFFIHE_02575;MF7|EFEKAH_06580
GCF_016899425.1|KEDGBJ_02625	6	6	1	1	GCF_016899425.1;GCF_053038975.1;GCF_053209605.1;GCF_905400185.1;MF6;MF7	GCF_016899425.1|KEDGBJ_02625;GCF_053038975.1|AHCKDM_02592;GCF_053209605.1|GFFINM_02595;GCF_905400185.1|DKPOPA_02577;MF6|CFFIHE_02576;MF7|EFEKAH_06579
GCF_016899425.1|KEDGBJ_02626	6	6	1	1	GCF_016899425.1;GCF_053038975.1;GCF_053209605.1;GCF_905400185.1;MF6;MF7	GCF_016899425.1|KEDGBJ_02626;GCF_053038975.1|AHCKDM_02593;GCF_053209605.1|GFFINM_02596;GCF_905400185.1|DKPOPA_02578;MF6|CFFIHE_02577;MF7|EFEKAH_06578
GCF_016899425.1|KEDGBJ_02627	6	6	1	1	GCF_016899425.1;GCF_053038975.1;GCF_053209605.1;GCF_905400185.1;MF6;MF7	GCF_016899425.1|KEDGBJ_02627;GCF_053038975.1|AHCKDM_02594;GCF_053209605.1|GFFINM_02597;GCF_905400185.1|DKPOPA_02579;MF6|CFFIHE_02578;MF7|EFEKAH_06577
GCF_016899425.1|KEDGBJ_02629	4	6	0	0	GCF_016899425.1;GCF_905400185.1;MF6;MF7	GCF_016899425.1|KEDGBJ_02629;GCF_905400185.1|DKPOPA_02581;MF6|CFFIHE_00391;MF6|CFFIHE_02580;MF7|EFEKAH_00491;MF7|EFEKAH_06575
GCF_016899425.1|KEDGBJ_02630	6	7	1	0	GCF_016899425.1;GCF_053038975.1;GCF_053209605.1;GCF_905400185.1;MF6;MF7	GCF_016899425.1|KEDGBJ_02630;GCF_053038975.1|AHCKDM_00421;GCF_053209605.1|GFFINM_00420;GCF_905400185.1|DKPOPA_02457;GCF_905400185.1|DKPOPA_02582;MF6|CFFIHE_02581;MF7|EFEKAH_06574
GCF_016899425.1|KEDGBJ_02631	6	7	1	0	GCF_016899425.1;GCF_053038975.1;GCF_053209605.1;GCF_905400185.1;MF6;MF7	GCF_016899425.1|KEDGBJ_02631;GCF_053038975.1|AHCKDM_00422;GCF_053209605.1|GFFINM_00421;GCF_905400185.1|DKPOPA_02458;GCF_905400185.1|DKPOPA_02583;MF6|CFFIHE_02582;MF7|EFEKAH_06573
GCF_016899425.1|KEDGBJ_02632	6	7	1	0	GCF_016899425.1;GCF_053038975.1;GCF_053209605.1;GCF_905400185.1;MF6;MF7	GCF_016899425.1|KEDGBJ_02632;GCF_053038975.1|AHCKDM_00423;GCF_053209605.1|GFFINM_00422;GCF_905400185.1|DKPOPA_02459;GCF_905400185.1|DKPOPA_02584;MF6|CFFIHE_02583;MF7|EFEKAH_06572
GCF_016899425.1|KEDGBJ_02633	6	7	1	0	GCF_016899425.1;GCF_053038975.1;GCF_053209605.1;GCF_905400185.1;MF6;MF7	GCF_016899425.1|KEDGBJ_02633;GCF_053038975.1|AHCKDM_00424;GCF_053209605.1|GFFINM_00423;GCF_905400185.1|DKPOPA_02460;GCF_905400185.1|DKPOPA_02585;MF6|CFFIHE_02584;MF7|EFEKAH_06571
GCF_016899425.1|KEDGBJ_02634	6	7	1	0	GCF_016899425.1;GCF_053038975.1;GCF_053209605.1;GCF_905400185.1;MF6;MF7	GCF_016899425.1|KEDGBJ_02634;GCF_053038975.1|AHCKDM_00425;GCF_053209605.1|GFFINM_00424;GCF_905400185.1|DKPOPA_02461;GCF_905400185.1|DKPOPA_02586;MF6|CFFIHE_02585;MF7|EFEKAH_06570
GCF_016899425.1|KEDGBJ_02635	6	7	1	0	GCF_016899425.1;GCF_053038975.1;GCF_053209605.1;GCF_905400185.1;MF6;MF7	GCF_016899425.1|KEDGBJ_02635;GCF_053038975.1|AHCKDM_00426;GCF_053209605.1|GFFINM_00425;GCF_905400185.1|DKPOPA_02462;GCF_905400185.1|DKPOPA_02587;MF6|CFFIHE_02586;MF7|EFEKAH_06569
GCF_016899425.1|KEDGBJ_02638	4	4	0	0	GCF_016899425.1;GCF_905400185.1;MF6;MF7	GCF_016899425.1|KEDGBJ_02638;GCF_905400185.1|DKPOPA_02590;MF6|CFFIHE_02588;MF7|EFEKAH_06567
GCF_016899425.1|KEDGBJ_02639	1	1	0	0	GCF_016899425.1	GCF_016899425.1|KEDGBJ_02639
GCF_016899425.1|KEDGBJ_02640	1	1	0	0	GCF_016899425.1	GCF_016899425.1|KEDGBJ_02640
GCF_016899425.1|KEDGBJ_02641	1	1	0	0	GCF_016899425.1	GCF_016899425.1|KEDGBJ_02641
GCF_016899425.1|KEDGBJ_02642	1	1	0	0	GCF_016899425.1	GCF_016899425.1|KEDGBJ_02642
GCF_016899425.1|KEDGBJ_02643	6	6	1	1	GCF_016899425.1;GCF_053038975.1;GCF_053209605.1;GCF_905400185.1;MF6;MF7	GCF_016899425.1|KEDGBJ_02643;GCF_053038975.1|AHCKDM_00432;GCF_053209605.1|GFFINM_00431;GCF_905400185.1|DKPOPA_02593;MF6|CFFIHE_02591;MF7|EFEKAH_06564
GCF_016899425.1|KEDGBJ_02644	3	3	0	0	GCF_016899425.1;MF6;MF7	GCF_016899425.1|KEDGBJ_02644;MF6|CFFIHE_02592;MF7|EFEKAH_06563
GCF_016899425.1|KEDGBJ_02645	3	3	0	0	GCF_016899425.1;MF6;MF7	GCF_016899425.1|KEDGBJ_02645;MF6|CFFIHE_02593;MF7|EFEKAH_06562
GCF_016899425.1|KEDGBJ_02646	3	3	0	0	GCF_016899425.1;MF6;MF7	GCF_016899425.1|KEDGBJ_02646;MF6|CFFIHE_02594;MF7|EFEKAH_06561
GCF_016899425.1|KEDGBJ_02647	3	3	0	0	GCF_016899425.1;MF6;MF7	GCF_016899425.1|KEDGBJ_02647;MF6|CFFIHE_02595;MF7|EFEKAH_06560
GCF_016899425.1|KEDGBJ_02648	6	6	1	1	GCF_016899425.1;GCF_053038975.1;GCF_053209605.1;GCF_905400185.1;MF6;MF7	GCF_016899425.1|KEDGBJ_02648;GCF_053038975.1|AHCKDM_02596;GCF_053209605.1|GFFINM_02599;GCF_905400185.1|DKPOPA_02603;MF6|CFFIHE_02596;MF7|EFEKAH_06559
GCF_016899425.1|KEDGBJ_02649	6	6	1	1	GCF_016899425.1;GCF_053038975.1;GCF_053209605.1;GCF_905400185.1;MF6;MF7	GCF_016899425.1|KEDGBJ_02649;GCF_053038975.1|AHCKDM_02597;GCF_053209605.1|GFFINM_02600;GCF_905400185.1|DKPOPA_02604;MF6|CFFIHE_02597;MF7|EFEKAH_06558
GCF_016899425.1|KEDGBJ_02650	6	6	1	1	GCF_016899425.1;GCF_053038975.1;GCF_053209605.1;GCF_905400185.1;MF6;MF7	GCF_016899425.1|KEDGBJ_02650;GCF_053038975.1|AHCKDM_02598;GCF_053209605.1|GFFINM_02601;GCF_905400185.1|DKPOPA_02605;MF6|CFFIHE_02598;MF7|EFEKAH_06557
GCF_016899425.1|KEDGBJ_02651	6	6	1	1	GCF_016899425.1;GCF_053038975.1;GCF_053209605.1;GCF_905400185.1;MF6;MF7	GCF_016899425.1|KEDGBJ_02651;GCF_053038975.1|AHCKDM_02599;GCF_053209605.1|GFFINM_02602;GCF_905400185.1|DKPOPA_02606;MF6|CFFIHE_02599;MF7|EFEKAH_06556
GCF_016899425.1|KEDGBJ_02652	6	6	1	1	GCF_016899425.1;GCF_053038975.1;GCF_053209605.1;GCF_905400185.1;MF6;MF7	GCF_016899425.1|KEDGBJ_02652;GCF_053038975.1|AHCKDM_02600;GCF_053209605.1|GFFINM_02603;GCF_905400185.1|DKPOPA_02607;MF6|CFFIHE_02600;MF7|EFEKAH_06555
GCF_016899425.1|KEDGBJ_02654	6	6	1	1	GCF_016899425.1;GCF_053038975.1;GCF_053209605.1;GCF_905400185.1;MF6;MF7	GCF_016899425.1|KEDGBJ_02654;GCF_053038975.1|AHCKDM_02602;GCF_053209605.1|GFFINM_02605;GCF_905400185.1|DKPOPA_02609;MF6|CFFIHE_02602;MF7|EFEKAH_06553
GCF_016899425.1|KEDGBJ_02655	6	6	1	1	GCF_016899425.1;GCF_053038975.1;GCF_053209605.1;GCF_905400185.1;MF6;MF7	GCF_016899425.1|KEDGBJ_02655;GCF_053038975.1|AHCKDM_02603;GCF_053209605.1|GFFINM_02606;GCF_905400185.1|DKPOPA_02610;MF6|CFFIHE_02603;MF7|EFEKAH_06552
GCF_016899425.1|KEDGBJ_02656	6	6	1	1	GCF_016899425.1;GCF_053038975.1;GCF_053209605.1;GCF_905400185.1;MF6;MF7	GCF_016899425.1|KEDGBJ_02656;GCF_053038975.1|AHCKDM_02604;GCF_053209605.1|GFFINM_02607;GCF_905400185.1|DKPOPA_02611;MF6|CFFIHE_02604;MF7|EFEKAH_06551
GCF_016899425.1|KEDGBJ_02657	6	6	1	1	GCF_016899425.1;GCF_053038975.1;GCF_053209605.1;GCF_905400185.1;MF6;MF7	GCF_016899425.1|KEDGBJ_02657;GCF_053038975.1|AHCKDM_02605;GCF_053209605.1|GFFINM_02608;GCF_905400185.1|DKPOPA_02612;MF6|CFFIHE_02605;MF7|EFEKAH_06550
GCF_016899425.1|KEDGBJ_02658	6	6	1	1	GCF_016899425.1;GCF_053038975.1;GCF_053209605.1;GCF_905400185.1;MF6;MF7	GCF_016899425.1|KEDGBJ_02658;GCF_053038975.1|AHCKDM_02606;GCF_053209605.1|GFFINM_02609;GCF_905400185.1|DKPOPA_02613;MF6|CFFIHE_02606;MF7|EFEKAH_06549
GCF_016899425.1|KEDGBJ_02659	6	6	1	1	GCF_016899425.1;GCF_053038975.1;GCF_053209605.1;GCF_905400185.1;MF6;MF7	GCF_016899425.1|KEDGBJ_02659;GCF_053038975.1|AHCKDM_02607;GCF_053209605.1|GFFINM_02610;GCF_905400185.1|DKPOPA_02614;MF6|CFFIHE_02607;MF7|EFEKAH_06548
GCF_016899425.1|KEDGBJ_02660	6	6	1	1	GCF_016899425.1;GCF_053038975.1;GCF_053209605.1;GCF_905400185.1;MF6;MF7	GCF_016899425.1|KEDGBJ_02660;GCF_053038975.1|AHCKDM_02608;GCF_053209605.1|GFFINM_02611;GCF_905400185.1|DKPOPA_02615;MF6|CFFIHE_02608;MF7|EFEKAH_06547
GCF_016899425.1|KEDGBJ_02662	6	6	1	1	GCF_016899425.1;GCF_053038975.1;GCF_053209605.1;GCF_905400185.1;MF6;MF7	GCF_016899425.1|KEDGBJ_02662;GCF_053038975.1|AHCKDM_02610;GCF_053209605.1|GFFINM_02613;GCF_905400185.1|DKPOPA_02617;MF6|CFFIHE_02610;MF7|EFEKAH_06545
GCF_016899425.1|KEDGBJ_02663	6	6	1	1	GCF_016899425.1;GCF_053038975.1;GCF_053209605.1;GCF_905400185.1;MF6;MF7	GCF_016899425.1|KEDGBJ_02663;GCF_053038975.1|AHCKDM_02611;GCF_053209605.1|GFFINM_02614;GCF_905400185.1|DKPOPA_02618;MF6|CFFIHE_02611;MF7|EFEKAH_06544
GCF_016899425.1|KEDGBJ_02664	6	6	1	1	GCF_016899425.1;GCF_053038975.1;GCF_053209605.1;GCF_905400185.1;MF6;MF7	GCF_016899425.1|KEDGBJ_02664;GCF_053038975.1|AHCKDM_02612;GCF_053209605.1|GFFINM_02615;GCF_905400185.1|DKPOPA_02619;MF6|CFFIHE_02612;MF7|EFEKAH_06543
GCF_016899425.1|KEDGBJ_02665	6	6	1	1	GCF_016899425.1;GCF_053038975.1;GCF_053209605.1;GCF_905400185.1;MF6;MF7	GCF_016899425.1|KEDGBJ_02665;GCF_053038975.1|AHCKDM_02613;GCF_053209605.1|GFFINM_02616;GCF_905400185.1|DKPOPA_02620;MF6|CFFIHE_02613;MF7|EFEKAH_06542
GCF_016899425.1|KEDGBJ_02666	6	6	1	1	GCF_016899425.1;GCF_053038975.1;GCF_053209605.1;GCF_905400185.1;MF6;MF7	GCF_016899425.1|KEDGBJ_02666;GCF_053038975.1|AHCKDM_02614;GCF_053209605.1|GFFINM_02617;GCF_905400185.1|DKPOPA_02621;MF6|CFFIHE_02614;MF7|EFEKAH_06541
GCF_016899425.1|KEDGBJ_02667	6	6	1	1	GCF_016899425.1;GCF_053038975.1;GCF_053209605.1;GCF_905400185.1;MF6;MF7	GCF_016899425.1|KEDGBJ_02667;GCF_053038975.1|AHCKDM_02615;GCF_053209605.1|GFFINM_02618;GCF_905400185.1|DKPOPA_02622;MF6|CFFIHE_02615;MF7|EFEKAH_06540
GCF_016899425.1|KEDGBJ_02668	6	6	1	1	GCF_016899425.1;GCF_053038975.1;GCF_053209605.1;GCF_905400185.1;MF6;MF7	GCF_016899425.1|KEDGBJ_02668;GCF_053038975.1|AHCKDM_02616;GCF_053209605.1|GFFINM_02619;GCF_905400185.1|DKPOPA_02623;MF6|CFFIHE_02616;MF7|EFEKAH_06539
GCF_016899425.1|KEDGBJ_02669	6	6	1	1	GCF_016899425.1;GCF_053038975.1;GCF_053209605.1;GCF_905400185.1;MF6;MF7	GCF_016899425.1|KEDGBJ_02669;GCF_053038975.1|AHCKDM_02617;GCF_053209605.1|GFFINM_02620;GCF_905400185.1|DKPOPA_02624;MF6|CFFIHE_02617;MF7|EFEKAH_06538
GCF_016899425.1|KEDGBJ_02670	6	6	1	1	GCF_016899425.1;GCF_053038975.1;GCF_053209605.1;GCF_905400185.1;MF6;MF7	GCF_016899425.1|KEDGBJ_02670;GCF_053038975.1|AHCKDM_02618;GCF_053209605.1|GFFINM_02621;GCF_905400185.1|DKPOPA_02625;MF6|CFFIHE_02618;MF7|EFEKAH_06537
GCF_016899425.1|KEDGBJ_02671	6	6	1	1	GCF_016899425.1;GCF_053038975.1;GCF_053209605.1;GCF_905400185.1;MF6;MF7	GCF_016899425.1|KEDGBJ_02671;GCF_053038975.1|AHCKDM_02619;GCF_053209605.1|GFFINM_02622;GCF_905400185.1|DKPOPA_02626;MF6|CFFIHE_02619;MF7|EFEKAH_06536
GCF_016899425.1|KEDGBJ_02672	6	6	1	1	GCF_016899425.1;GCF_053038975.1;GCF_053209605.1;GCF_905400185.1;MF6;MF7	GCF_016899425.1|KEDGBJ_02672;GCF_053038975.1|AHCKDM_02620;GCF_053209605.1|GFFINM_02623;GCF_905400185.1|DKPOPA_02627;MF6|CFFIHE_02620;MF7|EFEKAH_06535
GCF_016899425.1|KEDGBJ_02673	6	6	1	1	GCF_016899425.1;GCF_053038975.1;GCF_053209605.1;GCF_905400185.1;MF6;MF7	GCF_016899425.1|KEDGBJ_02673;GCF_053038975.1|AHCKDM_02621;GCF_053209605.1|GFFINM_02624;GCF_905400185.1|DKPOPA_02628;MF6|CFFIHE_02621;MF7|EFEKAH_06534
GCF_016899425.1|KEDGBJ_02674	6	6	1	1	GCF_016899425.1;GCF_053038975.1;GCF_053209605.1;GCF_905400185.1;MF6;MF7	GCF_016899425.1|KEDGBJ_02674;GCF_053038975.1|AHCKDM_02622;GCF_053209605.1|GFFINM_02625;GCF_905400185.1|DKPOPA_02629;MF6|CFFIHE_02622;MF7|EFEKAH_06533
GCF_016899425.1|KEDGBJ_02675	6	6	1	1	GCF_016899425.1;GCF_053038975.1;GCF_053209605.1;GCF_905400185.1;MF6;MF7	GCF_016899425.1|KEDGBJ_02675;GCF_053038975.1|AHCKDM_02623;GCF_053209605.1|GFFINM_02626;GCF_905400185.1|DKPOPA_02630;MF6|CFFIHE_02623;MF7|EFEKAH_06532
GCF_016899425.1|KEDGBJ_02676	6	6	1	1	GCF_016899425.1;GCF_053038975.1;GCF_053209605.1;GCF_905400185.1;MF6;MF7	GCF_016899425.1|KEDGBJ_02676;GCF_053038975.1|AHCKDM_02624;GCF_053209605.1|GFFINM_02627;GCF_905400185.1|DKPOPA_02631;MF6|CFFIHE_02624;MF7|EFEKAH_06531
GCF_016899425.1|KEDGBJ_02677	6	6	1	1	GCF_016899425.1;GCF_053038975.1;GCF_053209605.1;GCF_905400185.1;MF6;MF7	GCF_016899425.1|KEDGBJ_02677;GCF_053038975.1|AHCKDM_02625;GCF_053209605.1|GFFINM_02628;GCF_905400185.1|DKPOPA_02632;MF6|CFFIHE_02625;MF7|EFEKAH_06530
GCF_016899425.1|KEDGBJ_02680	6	6	1	1	GCF_016899425.1;GCF_053038975.1;GCF_053209605.1;GCF_905400185.1;MF6;MF7	GCF_016899425.1|KEDGBJ_02680;GCF_053038975.1|AHCKDM_02628;GCF_053209605.1|GFFINM_02631;GCF_905400185.1|DKPOPA_02635;MF6|CFFIHE_02628;MF7|EFEKAH_06527
GCF_016899425.1|KEDGBJ_02681	6	6	1	1	GCF_016899425.1;GCF_053038975.1;GCF_053209605.1;GCF_905400185.1;MF6;MF7	GCF_016899425.1|KEDGBJ_02681;GCF_053038975.1|AHCKDM_02629;GCF_053209605.1|GFFINM_02632;GCF_905400185.1|DKPOPA_02636;MF6|CFFIHE_02629;MF7|EFEKAH_06526
GCF_016899425.1|KEDGBJ_02682	6	6	1	1	GCF_016899425.1;GCF_053038975.1;GCF_053209605.1;GCF_905400185.1;MF6;MF7	GCF_016899425.1|KEDGBJ_02682;GCF_053038975.1|AHCKDM_02630;GCF_053209605.1|GFFINM_02633;GCF_905400185.1|DKPOPA_02637;MF6|CFFIHE_02630;MF7|EFEKAH_06525
GCF_016899425.1|KEDGBJ_02683	6	6	1	1	GCF_016899425.1;GCF_053038975.1;GCF_053209605.1;GCF_905400185.1;MF6;MF7	GCF_016899425.1|KEDGBJ_02683;GCF_053038975.1|AHCKDM_02631;GCF_053209605.1|GFFINM_02634;GCF_905400185.1|DKPOPA_02638;MF6|CFFIHE_02631;MF7|EFEKAH_06524
GCF_016899425.1|KEDGBJ_02684	6	6	1	1	GCF_016899425.1;GCF_053038975.1;GCF_053209605.1;GCF_905400185.1;MF6;MF7	GCF_016899425.1|KEDGBJ_02684;GCF_053038975.1|AHCKDM_02632;GCF_053209605.1|GFFINM_02635;GCF_905400185.1|DKPOPA_02639;MF6|CFFIHE_02632;MF7|EFEKAH_06523
GCF_016899425.1|KEDGBJ_02685	6	6	1	1	GCF_016899425.1;GCF_053038975.1;GCF_053209605.1;GCF_905400185.1;MF6;MF7	GCF_016899425.1|KEDGBJ_02685;GCF_053038975.1|AHCKDM_02633;GCF_053209605.1|GFFINM_02636;GCF_905400185.1|DKPOPA_02640;MF6|CFFIHE_02633;MF7|EFEKAH_06522
GCF_016899425.1|KEDGBJ_02686	6	6	1	1	GCF_016899425.1;GCF_053038975.1;GCF_053209605.1;GCF_905400185.1;MF6;MF7	GCF_016899425.1|KEDGBJ_02686;GCF_053038975.1|AHCKDM_02634;GCF_053209605.1|GFFINM_02637;GCF_905400185.1|DKPOPA_02641;MF6|CFFIHE_02634;MF7|EFEKAH_06521
GCF_016899425.1|KEDGBJ_02687	6	6	1	1	GCF_016899425.1;GCF_053038975.1;GCF_053209605.1;GCF_905400185.1;MF6;MF7	GCF_016899425.1|KEDGBJ_02687;GCF_053038975.1|AHCKDM_02635;GCF_053209605.1|GFFINM_02638;GCF_905400185.1|DKPOPA_02642;MF6|CFFIHE_02635;MF7|EFEKAH_06520
GCF_016899425.1|KEDGBJ_02688	6	6	1	1	GCF_016899425.1;GCF_053038975.1;GCF_053209605.1;GCF_905400185.1;MF6;MF7	GCF_016899425.1|KEDGBJ_02688;GCF_053038975.1|AHCKDM_02636;GCF_053209605.1|GFFINM_02639;GCF_905400185.1|DKPOPA_02643;MF6|CFFIHE_02636;MF7|EFEKAH_06519
GCF_016899425.1|KEDGBJ_02689	6	6	1	1	GCF_016899425.1;GCF_053038975.1;GCF_053209605.1;GCF_905400185.1;MF6;MF7	GCF_016899425.1|KEDGBJ_02689;GCF_053038975.1|AHCKDM_02637;GCF_053209605.1|GFFINM_02640;GCF_905400185.1|DKPOPA_02644;MF6|CFFIHE_02637;MF7|EFEKAH_06518
GCF_016899425.1|KEDGBJ_02691	6	6	1	1	GCF_016899425.1;GCF_053038975.1;GCF_053209605.1;GCF_905400185.1;MF6;MF7	GCF_016899425.1|KEDGBJ_02691;GCF_053038975.1|AHCKDM_02639;GCF_053209605.1|GFFINM_02642;GCF_905400185.1|DKPOPA_02646;MF6|CFFIHE_02639;MF7|EFEKAH_06516
GCF_016899425.1|KEDGBJ_02692	6	6	1	1	GCF_016899425.1;GCF_053038975.1;GCF_053209605.1;GCF_905400185.1;MF6;MF7	GCF_016899425.1|KEDGBJ_02692;GCF_053038975.1|AHCKDM_02640;GCF_053209605.1|GFFINM_02643;GCF_905400185.1|DKPOPA_02647;MF6|CFFIHE_02640;MF7|EFEKAH_06515
GCF_016899425.1|KEDGBJ_02693	6	6	1	1	GCF_016899425.1;GCF_053038975.1;GCF_053209605.1;GCF_905400185.1;MF6;MF7	GCF_016899425.1|KEDGBJ_02693;GCF_053038975.1|AHCKDM_02641;GCF_053209605.1|GFFINM_02644;GCF_905400185.1|DKPOPA_02648;MF6|CFFIHE_02641;MF7|EFEKAH_06514
GCF_016899425.1|KEDGBJ_02694	6	6	1	1	GCF_016899425.1;GCF_053038975.1;GCF_053209605.1;GCF_905400185.1;MF6;MF7	GCF_016899425.1|KEDGBJ_02694;GCF_053038975.1|AHCKDM_02642;GCF_053209605.1|GFFINM_02645;GCF_905400185.1|DKPOPA_02649;MF6|CFFIHE_02642;MF7|EFEKAH_06513
GCF_016899425.1|KEDGBJ_02695	6	6	1	1	GCF_016899425.1;GCF_053038975.1;GCF_053209605.1;GCF_905400185.1;MF6;MF7	GCF_016899425.1|KEDGBJ_02695;GCF_053038975.1|AHCKDM_02643;GCF_053209605.1|GFFINM_02646;GCF_905400185.1|DKPOPA_02650;MF6|CFFIHE_02643;MF7|EFEKAH_06512
GCF_016899425.1|KEDGBJ_02696	6	6	1	1	GCF_016899425.1;GCF_053038975.1;GCF_053209605.1;GCF_905400185.1;MF6;MF7	GCF_016899425.1|KEDGBJ_02696;GCF_053038975.1|AHCKDM_02644;GCF_053209605.1|GFFINM_02647;GCF_905400185.1|DKPOPA_02651;MF6|CFFIHE_02644;MF7|EFEKAH_06511
GCF_016899425.1|KEDGBJ_02697	6	12	1	0	GCF_016899425.1;GCF_053038975.1;GCF_053209605.1;GCF_905400185.1;MF6;MF7	GCF_016899425.1|KEDGBJ_00332;GCF_016899425.1|KEDGBJ_02697;GCF_053038975.1|AHCKDM_00318;GCF_053038975.1|AHCKDM_02645;GCF_053209605.1|GFFINM_00317;GCF_053209605.1|GFFINM_02648;GCF_905400185.1|DKPOPA_00280;GCF_905400185.1|DKPOPA_02652;MF6|CFFIHE_00287;MF6|CFFIHE_02645;MF7|EFEKAH_00595;MF7|EFEKAH_06510
GCF_016899425.1|KEDGBJ_02698	6	6	1	1	GCF_016899425.1;GCF_053038975.1;GCF_053209605.1;GCF_905400185.1;MF6;MF7	GCF_016899425.1|KEDGBJ_02698;GCF_053038975.1|AHCKDM_02646;GCF_053209605.1|GFFINM_02649;GCF_905400185.1|DKPOPA_02653;MF6|CFFIHE_02646;MF7|EFEKAH_06509
GCF_016899425.1|KEDGBJ_02699	3	3	0	0	GCF_016899425.1;GCF_905400185.1;MF6	GCF_016899425.1|KEDGBJ_02699;GCF_905400185.1|DKPOPA_02654;MF6|CFFIHE_02647
GCF_016899425.1|KEDGBJ_02700	6	6	1	1	GCF_016899425.1;GCF_053038975.1;GCF_053209605.1;GCF_905400185.1;MF6;MF7	GCF_016899425.1|KEDGBJ_02700;GCF_053038975.1|AHCKDM_02648;GCF_053209605.1|GFFINM_02651;GCF_905400185.1|DKPOPA_02655;MF6|CFFIHE_02648;MF7|EFEKAH_05419
GCF_016899425.1|KEDGBJ_02701	6	6	1	1	GCF_016899425.1;GCF_053038975.1;GCF_053209605.1;GCF_905400185.1;MF6;MF7	GCF_016899425.1|KEDGBJ_02701;GCF_053038975.1|AHCKDM_02649;GCF_053209605.1|GFFINM_02652;GCF_905400185.1|DKPOPA_02656;MF6|CFFIHE_02649;MF7|EFEKAH_05420
GCF_016899425.1|KEDGBJ_02702	6	6	1	1	GCF_016899425.1;GCF_053038975.1;GCF_053209605.1;GCF_905400185.1;MF6;MF7	GCF_016899425.1|KEDGBJ_02702;GCF_053038975.1|AHCKDM_02650;GCF_053209605.1|GFFINM_02653;GCF_905400185.1|DKPOPA_02657;MF6|CFFIHE_02650;MF7|EFEKAH_05421
GCF_016899425.1|KEDGBJ_02704	6	6	1	1	GCF_016899425.1;GCF_053038975.1;GCF_053209605.1;GCF_905400185.1;MF6;MF7	GCF_016899425.1|KEDGBJ_02704;GCF_053038975.1|AHCKDM_02652;GCF_053209605.1|GFFINM_02655;GCF_905400185.1|DKPOPA_02659;MF6|CFFIHE_02652;MF7|EFEKAH_05423
GCF_016899425.1|KEDGBJ_02705	6	6	1	1	GCF_016899425.1;GCF_053038975.1;GCF_053209605.1;GCF_905400185.1;MF6;MF7	GCF_016899425.1|KEDGBJ_02705;GCF_053038975.1|AHCKDM_02653;GCF_053209605.1|GFFINM_02656;GCF_905400185.1|DKPOPA_02660;MF6|CFFIHE_02653;MF7|EFEKAH_05424
GCF_016899425.1|KEDGBJ_02706	6	6	1	1	GCF_016899425.1;GCF_053038975.1;GCF_053209605.1;GCF_905400185.1;MF6;MF7	GCF_016899425.1|KEDGBJ_02706;GCF_053038975.1|AHCKDM_02654;GCF_053209605.1|GFFINM_02657;GCF_905400185.1|DKPOPA_02661;MF6|CFFIHE_02654;MF7|EFEKAH_05425
GCF_016899425.1|KEDGBJ_02707	6	6	1	1	GCF_016899425.1;GCF_053038975.1;GCF_053209605.1;GCF_905400185.1;MF6;MF7	GCF_016899425.1|KEDGBJ_02707;GCF_053038975.1|AHCKDM_02655;GCF_053209605.1|GFFINM_02658;GCF_905400185.1|DKPOPA_02662;MF6|CFFIHE_02655;MF7|EFEKAH_05426
GCF_016899425.1|KEDGBJ_02708	6	6	1	1	GCF_016899425.1;GCF_053038975.1;GCF_053209605.1;GCF_905400185.1;MF6;MF7	GCF_016899425.1|KEDGBJ_02708;GCF_053038975.1|AHCKDM_02656;GCF_053209605.1|GFFINM_02659;GCF_905400185.1|DKPOPA_02663;MF6|CFFIHE_02656;MF7|EFEKAH_05427
GCF_016899425.1|KEDGBJ_02709	6	6	1	1	GCF_016899425.1;GCF_053038975.1;GCF_053209605.1;GCF_905400185.1;MF6;MF7	GCF_016899425.1|KEDGBJ_02709;GCF_053038975.1|AHCKDM_02657;GCF_053209605.1|GFFINM_02660;GCF_905400185.1|DKPOPA_02664;MF6|CFFIHE_02657;MF7|EFEKAH_05428
GCF_016899425.1|KEDGBJ_02710	6	6	1	1	GCF_016899425.1;GCF_053038975.1;GCF_053209605.1;GCF_905400185.1;MF6;MF7	GCF_016899425.1|KEDGBJ_02710;GCF_053038975.1|AHCKDM_02658;GCF_053209605.1|GFFINM_02661;GCF_905400185.1|DKPOPA_02665;MF6|CFFIHE_02658;MF7|EFEKAH_05429
GCF_016899425.1|KEDGBJ_02711	6	6	1	1	GCF_016899425.1;GCF_053038975.1;GCF_053209605.1;GCF_905400185.1;MF6;MF7	GCF_016899425.1|KEDGBJ_02711;GCF_053038975.1|AHCKDM_02659;GCF_053209605.1|GFFINM_02662;GCF_905400185.1|DKPOPA_02666;MF6|CFFIHE_02659;MF7|EFEKAH_05430
GCF_016899425.1|KEDGBJ_02712	6	6	1	1	GCF_016899425.1;GCF_053038975.1;GCF_053209605.1;GCF_905400185.1;MF6;MF7	GCF_016899425.1|KEDGBJ_02712;GCF_053038975.1|AHCKDM_02660;GCF_053209605.1|GFFINM_02663;GCF_905400185.1|DKPOPA_02667;MF6|CFFIHE_02660;MF7|EFEKAH_05431
GCF_016899425.1|KEDGBJ_02713	6	6	1	1	GCF_016899425.1;GCF_053038975.1;GCF_053209605.1;GCF_905400185.1;MF6;MF7	GCF_016899425.1|KEDGBJ_02713;GCF_053038975.1|AHCKDM_02661;GCF_053209605.1|GFFINM_02664;GCF_905400185.1|DKPOPA_02668;MF6|CFFIHE_02661;MF7|EFEKAH_05432
GCF_016899425.1|KEDGBJ_02714	6	6	1	1	GCF_016899425.1;GCF_053038975.1;GCF_053209605.1;GCF_905400185.1;MF6;MF7	GCF_016899425.1|KEDGBJ_02714;GCF_053038975.1|AHCKDM_02662;GCF_053209605.1|GFFINM_02665;GCF_905400185.1|DKPOPA_02669;MF6|CFFIHE_02662;MF7|EFEKAH_05433
GCF_016899425.1|KEDGBJ_02715	6	6	1	1	GCF_016899425.1;GCF_053038975.1;GCF_053209605.1;GCF_905400185.1;MF6;MF7	GCF_016899425.1|KEDGBJ_02715;GCF_053038975.1|AHCKDM_02663;GCF_053209605.1|GFFINM_02666;GCF_905400185.1|DKPOPA_02670;MF6|CFFIHE_02663;MF7|EFEKAH_05434
GCF_016899425.1|KEDGBJ_02716	6	6	1	1	GCF_016899425.1;GCF_053038975.1;GCF_053209605.1;GCF_905400185.1;MF6;MF7	GCF_016899425.1|KEDGBJ_02716;GCF_053038975.1|AHCKDM_02664;GCF_053209605.1|GFFINM_02667;GCF_905400185.1|DKPOPA_02671;MF6|CFFIHE_02664;MF7|EFEKAH_05435
GCF_016899425.1|KEDGBJ_02717	6	6	1	1	GCF_016899425.1;GCF_053038975.1;GCF_053209605.1;GCF_905400185.1;MF6;MF7	GCF_016899425.1|KEDGBJ_02717;GCF_053038975.1|AHCKDM_02665;GCF_053209605.1|GFFINM_02668;GCF_905400185.1|DKPOPA_02672;MF6|CFFIHE_02665;MF7|EFEKAH_05436
GCF_016899425.1|KEDGBJ_02718	6	6	1	1	GCF_016899425.1;GCF_053038975.1;GCF_053209605.1;GCF_905400185.1;MF6;MF7	GCF_016899425.1|KEDGBJ_02718;GCF_053038975.1|AHCKDM_02666;GCF_053209605.1|GFFINM_02669;GCF_905400185.1|DKPOPA_02673;MF6|CFFIHE_02666;MF7|EFEKAH_05437
GCF_016899425.1|KEDGBJ_02719	6	6	1	1	GCF_016899425.1;GCF_053038975.1;GCF_053209605.1;GCF_905400185.1;MF6;MF7	GCF_016899425.1|KEDGBJ_02719;GCF_053038975.1|AHCKDM_02667;GCF_053209605.1|GFFINM_02670;GCF_905400185.1|DKPOPA_02674;MF6|CFFIHE_02667;MF7|EFEKAH_05438
GCF_016899425.1|KEDGBJ_02720	6	6	1	1	GCF_016899425.1;GCF_053038975.1;GCF_053209605.1;GCF_905400185.1;MF6;MF7	GCF_016899425.1|KEDGBJ_02720;GCF_053038975.1|AHCKDM_02668;GCF_053209605.1|GFFINM_02671;GCF_905400185.1|DKPOPA_02675;MF6|CFFIHE_02668;MF7|EFEKAH_05439
GCF_016899425.1|KEDGBJ_02721	6	6	1	1	GCF_016899425.1;GCF_053038975.1;GCF_053209605.1;GCF_905400185.1;MF6;MF7	GCF_016899425.1|KEDGBJ_02721;GCF_053038975.1|AHCKDM_02669;GCF_053209605.1|GFFINM_02672;GCF_905400185.1|DKPOPA_02676;MF6|CFFIHE_02669;MF7|EFEKAH_05440
GCF_016899425.1|KEDGBJ_02722	6	6	1	1	GCF_016899425.1;GCF_053038975.1;GCF_053209605.1;GCF_905400185.1;MF6;MF7	GCF_016899425.1|KEDGBJ_02722;GCF_053038975.1|AHCKDM_02670;GCF_053209605.1|GFFINM_02673;GCF_905400185.1|DKPOPA_02677;MF6|CFFIHE_02670;MF7|EFEKAH_05441
GCF_016899425.1|KEDGBJ_02723	6	6	1	1	GCF_016899425.1;GCF_053038975.1;GCF_053209605.1;GCF_905400185.1;MF6;MF7	GCF_016899425.1|KEDGBJ_02723;GCF_053038975.1|AHCKDM_02671;GCF_053209605.1|GFFINM_02674;GCF_905400185.1|DKPOPA_02678;MF6|CFFIHE_02671;MF7|EFEKAH_05442
GCF_016899425.1|KEDGBJ_02724	6	6	1	1	GCF_016899425.1;GCF_053038975.1;GCF_053209605.1;GCF_905400185.1;MF6;MF7	GCF_016899425.1|KEDGBJ_02724;GCF_053038975.1|AHCKDM_02672;GCF_053209605.1|GFFINM_02675;GCF_905400185.1|DKPOPA_02679;MF6|CFFIHE_02672;MF7|EFEKAH_05443
GCF_016899425.1|KEDGBJ_02725	6	6	1	1	GCF_016899425.1;GCF_053038975.1;GCF_053209605.1;GCF_905400185.1;MF6;MF7	GCF_016899425.1|KEDGBJ_02725;GCF_053038975.1|AHCKDM_02673;GCF_053209605.1|GFFINM_02676;GCF_905400185.1|DKPOPA_02680;MF6|CFFIHE_02673;MF7|EFEKAH_05444
GCF_016899425.1|KEDGBJ_02726	6	6	1	1	GCF_016899425.1;GCF_053038975.1;GCF_053209605.1;GCF_905400185.1;MF6;MF7	GCF_016899425.1|KEDGBJ_02726;GCF_053038975.1|AHCKDM_02674;GCF_053209605.1|GFFINM_02677;GCF_905400185.1|DKPOPA_02681;MF6|CFFIHE_02674;MF7|EFEKAH_05445
GCF_016899425.1|KEDGBJ_02727	6	6	1	1	GCF_016899425.1;GCF_053038975.1;GCF_053209605.1;GCF_905400185.1;MF6;MF7	GCF_016899425.1|KEDGBJ_02727;GCF_053038975.1|AHCKDM_02675;GCF_053209605.1|GFFINM_02678;GCF_905400185.1|DKPOPA_02682;MF6|CFFIHE_02675;MF7|EFEKAH_05446
GCF_016899425.1|KEDGBJ_02728	6	6	1	1	GCF_016899425.1;GCF_053038975.1;GCF_053209605.1;GCF_905400185.1;MF6;MF7	GCF_016899425.1|KEDGBJ_02728;GCF_053038975.1|AHCKDM_02676;GCF_053209605.1|GFFINM_02679;GCF_905400185.1|DKPOPA_02683;MF6|CFFIHE_02676;MF7|EFEKAH_05447
GCF_016899425.1|KEDGBJ_02729	6	6	1	1	GCF_016899425.1;GCF_053038975.1;GCF_053209605.1;GCF_905400185.1;MF6;MF7	GCF_016899425.1|KEDGBJ_02729;GCF_053038975.1|AHCKDM_02677;GCF_053209605.1|GFFINM_02680;GCF_905400185.1|DKPOPA_02684;MF6|CFFIHE_02677;MF7|EFEKAH_05448
GCF_016899425.1|KEDGBJ_02731	6	6	1	1	GCF_016899425.1;GCF_053038975.1;GCF_053209605.1;GCF_905400185.1;MF6;MF7	GCF_016899425.1|KEDGBJ_02731;GCF_053038975.1|AHCKDM_02679;GCF_053209605.1|GFFINM_02682;GCF_905400185.1|DKPOPA_02686;MF6|CFFIHE_02679;MF7|EFEKAH_05450
GCF_016899425.1|KEDGBJ_02732	6	6	1	1	GCF_016899425.1;GCF_053038975.1;GCF_053209605.1;GCF_905400185.1;MF6;MF7	GCF_016899425.1|KEDGBJ_02732;GCF_053038975.1|AHCKDM_02680;GCF_053209605.1|GFFINM_02683;GCF_905400185.1|DKPOPA_02687;MF6|CFFIHE_02680;MF7|EFEKAH_05451
GCF_016899425.1|KEDGBJ_02733	6	6	1	1	GCF_016899425.1;GCF_053038975.1;GCF_053209605.1;GCF_905400185.1;MF6;MF7	GCF_016899425.1|KEDGBJ_02733;GCF_053038975.1|AHCKDM_02681;GCF_053209605.1|GFFINM_02684;GCF_905400185.1|DKPOPA_02688;MF6|CFFIHE_02681;MF7|EFEKAH_05452
GCF_016899425.1|KEDGBJ_02734	6	6	1	1	GCF_016899425.1;GCF_053038975.1;GCF_053209605.1;GCF_905400185.1;MF6;MF7	GCF_016899425.1|KEDGBJ_02734;GCF_053038975.1|AHCKDM_02682;GCF_053209605.1|GFFINM_02685;GCF_905400185.1|DKPOPA_02689;MF6|CFFIHE_02682;MF7|EFEKAH_05453
GCF_016899425.1|KEDGBJ_02735	6	6	1	1	GCF_016899425.1;GCF_053038975.1;GCF_053209605.1;GCF_905400185.1;MF6;MF7	GCF_016899425.1|KEDGBJ_02735;GCF_053038975.1|AHCKDM_02683;GCF_053209605.1|GFFINM_02686;GCF_905400185.1|DKPOPA_02690;MF6|CFFIHE_02683;MF7|EFEKAH_05454
GCF_016899425.1|KEDGBJ_02736	6	6	1	1	GCF_016899425.1;GCF_053038975.1;GCF_053209605.1;GCF_905400185.1;MF6;MF7	GCF_016899425.1|KEDGBJ_02736;GCF_053038975.1|AHCKDM_02684;GCF_053209605.1|GFFINM_02687;GCF_905400185.1|DKPOPA_02691;MF6|CFFIHE_02684;MF7|EFEKAH_05455
GCF_016899425.1|KEDGBJ_02737	6	6	1	1	GCF_016899425.1;GCF_053038975.1;GCF_053209605.1;GCF_905400185.1;MF6;MF7	GCF_016899425.1|KEDGBJ_02737;GCF_053038975.1|AHCKDM_02685;GCF_053209605.1|GFFINM_02688;GCF_905400185.1|DKPOPA_02692;MF6|CFFIHE_02685;MF7|EFEKAH_05456
GCF_016899425.1|KEDGBJ_02738	6	6	1	1	GCF_016899425.1;GCF_053038975.1;GCF_053209605.1;GCF_905400185.1;MF6;MF7	GCF_016899425.1|KEDGBJ_02738;GCF_053038975.1|AHCKDM_02686;GCF_053209605.1|GFFINM_02689;GCF_905400185.1|DKPOPA_02693;MF6|CFFIHE_02686;MF7|EFEKAH_05457
GCF_016899425.1|KEDGBJ_02739	6	6	1	1	GCF_016899425.1;GCF_053038975.1;GCF_053209605.1;GCF_905400185.1;MF6;MF7	GCF_016899425.1|KEDGBJ_02739;GCF_053038975.1|AHCKDM_02687;GCF_053209605.1|GFFINM_02690;GCF_905400185.1|DKPOPA_02694;MF6|CFFIHE_02687;MF7|EFEKAH_05458
GCF_016899425.1|KEDGBJ_02740	6	6	1	1	GCF_016899425.1;GCF_053038975.1;GCF_053209605.1;GCF_905400185.1;MF6;MF7	GCF_016899425.1|KEDGBJ_02740;GCF_053038975.1|AHCKDM_02688;GCF_053209605.1|GFFINM_02691;GCF_905400185.1|DKPOPA_02695;MF6|CFFIHE_02688;MF7|EFEKAH_05459
GCF_016899425.1|KEDGBJ_02741	6	6	1	1	GCF_016899425.1;GCF_053038975.1;GCF_053209605.1;GCF_905400185.1;MF6;MF7	GCF_016899425.1|KEDGBJ_02741;GCF_053038975.1|AHCKDM_02689;GCF_053209605.1|GFFINM_02692;GCF_905400185.1|DKPOPA_02696;MF6|CFFIHE_02689;MF7|EFEKAH_05460
GCF_016899425.1|KEDGBJ_02742	6	6	1	1	GCF_016899425.1;GCF_053038975.1;GCF_053209605.1;GCF_905400185.1;MF6;MF7	GCF_016899425.1|KEDGBJ_02742;GCF_053038975.1|AHCKDM_02690;GCF_053209605.1|GFFINM_02693;GCF_905400185.1|DKPOPA_02697;MF6|CFFIHE_02690;MF7|EFEKAH_05461
GCF_016899425.1|KEDGBJ_02743	6	6	1	1	GCF_016899425.1;GCF_053038975.1;GCF_053209605.1;GCF_905400185.1;MF6;MF7	GCF_016899425.1|KEDGBJ_02743;GCF_053038975.1|AHCKDM_02691;GCF_053209605.1|GFFINM_02694;GCF_905400185.1|DKPOPA_02698;MF6|CFFIHE_02691;MF7|EFEKAH_05462
GCF_016899425.1|KEDGBJ_02744	6	6	1	1	GCF_016899425.1;GCF_053038975.1;GCF_053209605.1;GCF_905400185.1;MF6;MF7	GCF_016899425.1|KEDGBJ_02744;GCF_053038975.1|AHCKDM_02692;GCF_053209605.1|GFFINM_02695;GCF_905400185.1|DKPOPA_02699;MF6|CFFIHE_02692;MF7|EFEKAH_05463
GCF_016899425.1|KEDGBJ_02745	6	6	1	1	GCF_016899425.1;GCF_053038975.1;GCF_053209605.1;GCF_905400185.1;MF6;MF7	GCF_016899425.1|KEDGBJ_02745;GCF_053038975.1|AHCKDM_02693;GCF_053209605.1|GFFINM_02696;GCF_905400185.1|DKPOPA_02700;MF6|CFFIHE_02693;MF7|EFEKAH_05464
GCF_016899425.1|KEDGBJ_02746	6	6	1	1	GCF_016899425.1;GCF_053038975.1;GCF_053209605.1;GCF_905400185.1;MF6;MF7	GCF_016899425.1|KEDGBJ_02746;GCF_053038975.1|AHCKDM_02694;GCF_053209605.1|GFFINM_02697;GCF_905400185.1|DKPOPA_02701;MF6|CFFIHE_02694;MF7|EFEKAH_05465
GCF_016899425.1|KEDGBJ_02747	4	4	0	0	GCF_016899425.1;GCF_905400185.1;MF6;MF7	GCF_016899425.1|KEDGBJ_02747;GCF_905400185.1|DKPOPA_02702;MF6|CFFIHE_02695;MF7|EFEKAH_05466
GCF_016899425.1|KEDGBJ_02748	4	4	0	0	GCF_016899425.1;GCF_905400185.1;MF6;MF7	GCF_016899425.1|KEDGBJ_02748;GCF_905400185.1|DKPOPA_02703;MF6|CFFIHE_02696;MF7|EFEKAH_05467
GCF_016899425.1|KEDGBJ_02749	4	4	0	0	GCF_016899425.1;GCF_905400185.1;MF6;MF7	GCF_016899425.1|KEDGBJ_02749;GCF_905400185.1|DKPOPA_02704;MF6|CFFIHE_02697;MF7|EFEKAH_05468
GCF_016899425.1|KEDGBJ_02750	4	4	0	0	GCF_016899425.1;GCF_905400185.1;MF6;MF7	GCF_016899425.1|KEDGBJ_02750;GCF_905400185.1|DKPOPA_02705;MF6|CFFIHE_02698;MF7|EFEKAH_05469
GCF_016899425.1|KEDGBJ_02751	4	4	0	0	GCF_016899425.1;GCF_905400185.1;MF6;MF7	GCF_016899425.1|KEDGBJ_02751;GCF_905400185.1|DKPOPA_02706;MF6|CFFIHE_02699;MF7|EFEKAH_05470
GCF_016899425.1|KEDGBJ_02753	6	6	1	1	GCF_016899425.1;GCF_053038975.1;GCF_053209605.1;GCF_905400185.1;MF6;MF7	GCF_016899425.1|KEDGBJ_02753;GCF_053038975.1|AHCKDM_02696;GCF_053209605.1|GFFINM_02699;GCF_905400185.1|DKPOPA_02708;MF6|CFFIHE_02701;MF7|EFEKAH_05472
GCF_016899425.1|KEDGBJ_02755	6	6	1	1	GCF_016899425.1;GCF_053038975.1;GCF_053209605.1;GCF_905400185.1;MF6;MF7	GCF_016899425.1|KEDGBJ_02755;GCF_053038975.1|AHCKDM_02701;GCF_053209605.1|GFFINM_02704;GCF_905400185.1|DKPOPA_02710;MF6|CFFIHE_02703;MF7|EFEKAH_05474
GCF_016899425.1|KEDGBJ_02756	6	6	1	1	GCF_016899425.1;GCF_053038975.1;GCF_053209605.1;GCF_905400185.1;MF6;MF7	GCF_016899425.1|KEDGBJ_02756;GCF_053038975.1|AHCKDM_02702;GCF_053209605.1|GFFINM_02705;GCF_905400185.1|DKPOPA_02711;MF6|CFFIHE_02704;MF7|EFEKAH_05475
GCF_016899425.1|KEDGBJ_02757	6	6	1	1	GCF_016899425.1;GCF_053038975.1;GCF_053209605.1;GCF_905400185.1;MF6;MF7	GCF_016899425.1|KEDGBJ_02757;GCF_053038975.1|AHCKDM_02703;GCF_053209605.1|GFFINM_02706;GCF_905400185.1|DKPOPA_02712;MF6|CFFIHE_02705;MF7|EFEKAH_05476
GCF_016899425.1|KEDGBJ_02758	6	6	1	1	GCF_016899425.1;GCF_053038975.1;GCF_053209605.1;GCF_905400185.1;MF6;MF7	GCF_016899425.1|KEDGBJ_02758;GCF_053038975.1|AHCKDM_02704;GCF_053209605.1|GFFINM_02707;GCF_905400185.1|DKPOPA_02713;MF6|CFFIHE_02706;MF7|EFEKAH_05477
GCF_016899425.1|KEDGBJ_02759	6	6	1	1	GCF_016899425.1;GCF_053038975.1;GCF_053209605.1;GCF_905400185.1;MF6;MF7	GCF_016899425.1|KEDGBJ_02759;GCF_053038975.1|AHCKDM_02705;GCF_053209605.1|GFFINM_02708;GCF_905400185.1|DKPOPA_02714;MF6|CFFIHE_02707;MF7|EFEKAH_05478
GCF_016899425.1|KEDGBJ_02760	6	6	1	1	GCF_016899425.1;GCF_053038975.1;GCF_053209605.1;GCF_905400185.1;MF6;MF7	GCF_016899425.1|KEDGBJ_02760;GCF_053038975.1|AHCKDM_02706;GCF_053209605.1|GFFINM_02709;GCF_905400185.1|DKPOPA_02715;MF6|CFFIHE_02708;MF7|EFEKAH_05479
GCF_016899425.1|KEDGBJ_02761	6	6	1	1	GCF_016899425.1;GCF_053038975.1;GCF_053209605.1;GCF_905400185.1;MF6;MF7	GCF_016899425.1|KEDGBJ_02761;GCF_053038975.1|AHCKDM_02707;GCF_053209605.1|GFFINM_02710;GCF_905400185.1|DKPOPA_02716;MF6|CFFIHE_02709;MF7|EFEKAH_05480
GCF_016899425.1|KEDGBJ_02762	6	6	1	1	GCF_016899425.1;GCF_053038975.1;GCF_053209605.1;GCF_905400185.1;MF6;MF7	GCF_016899425.1|KEDGBJ_02762;GCF_053038975.1|AHCKDM_02708;GCF_053209605.1|GFFINM_02711;GCF_905400185.1|DKPOPA_02717;MF6|CFFIHE_02710;MF7|EFEKAH_05481
GCF_016899425.1|KEDGBJ_02763	6	6	1	1	GCF_016899425.1;GCF_053038975.1;GCF_053209605.1;GCF_905400185.1;MF6;MF7	GCF_016899425.1|KEDGBJ_02763;GCF_053038975.1|AHCKDM_02709;GCF_053209605.1|GFFINM_02712;GCF_905400185.1|DKPOPA_02718;MF6|CFFIHE_02711;MF7|EFEKAH_05482
GCF_016899425.1|KEDGBJ_02764	6	6	1	1	GCF_016899425.1;GCF_053038975.1;GCF_053209605.1;GCF_905400185.1;MF6;MF7	GCF_016899425.1|KEDGBJ_02764;GCF_053038975.1|AHCKDM_02710;GCF_053209605.1|GFFINM_02713;GCF_905400185.1|DKPOPA_02719;MF6|CFFIHE_02712;MF7|EFEKAH_05483
GCF_016899425.1|KEDGBJ_02765	6	6	1	1	GCF_016899425.1;GCF_053038975.1;GCF_053209605.1;GCF_905400185.1;MF6;MF7	GCF_016899425.1|KEDGBJ_02765;GCF_053038975.1|AHCKDM_02711;GCF_053209605.1|GFFINM_02714;GCF_905400185.1|DKPOPA_02720;MF6|CFFIHE_02713;MF7|EFEKAH_05484
GCF_016899425.1|KEDGBJ_02766	6	6	1	1	GCF_016899425.1;GCF_053038975.1;GCF_053209605.1;GCF_905400185.1;MF6;MF7	GCF_016899425.1|KEDGBJ_02766;GCF_053038975.1|AHCKDM_02712;GCF_053209605.1|GFFINM_02715;GCF_905400185.1|DKPOPA_02721;MF6|CFFIHE_02714;MF7|EFEKAH_05485
GCF_016899425.1|KEDGBJ_02768	4	4	0	0	GCF_016899425.1;GCF_905400185.1;MF6;MF7	GCF_016899425.1|KEDGBJ_02768;GCF_905400185.1|DKPOPA_02723;MF6|CFFIHE_02716;MF7|EFEKAH_05487
GCF_016899425.1|KEDGBJ_02769	6	6	1	1	GCF_016899425.1;GCF_053038975.1;GCF_053209605.1;GCF_905400185.1;MF6;MF7	GCF_016899425.1|KEDGBJ_02769;GCF_053038975.1|AHCKDM_02714;GCF_053209605.1|GFFINM_02717;GCF_905400185.1|DKPOPA_02724;MF6|CFFIHE_02717;MF7|EFEKAH_05488
GCF_016899425.1|KEDGBJ_02770	6	6	1	1	GCF_016899425.1;GCF_053038975.1;GCF_053209605.1;GCF_905400185.1;MF6;MF7	GCF_016899425.1|KEDGBJ_02770;GCF_053038975.1|AHCKDM_02715;GCF_053209605.1|GFFINM_02718;GCF_905400185.1|DKPOPA_02725;MF6|CFFIHE_02718;MF7|EFEKAH_05489
GCF_016899425.1|KEDGBJ_02771	6	6	1	1	GCF_016899425.1;GCF_053038975.1;GCF_053209605.1;GCF_905400185.1;MF6;MF7	GCF_016899425.1|KEDGBJ_02771;GCF_053038975.1|AHCKDM_02716;GCF_053209605.1|GFFINM_02720;GCF_905400185.1|DKPOPA_02726;MF6|CFFIHE_02719;MF7|EFEKAH_05490
GCF_016899425.1|KEDGBJ_02772	6	6	1	1	GCF_016899425.1;GCF_053038975.1;GCF_053209605.1;GCF_905400185.1;MF6;MF7	GCF_016899425.1|KEDGBJ_02772;GCF_053038975.1|AHCKDM_02717;GCF_053209605.1|GFFINM_02721;GCF_905400185.1|DKPOPA_02727;MF6|CFFIHE_02720;MF7|EFEKAH_05491
GCF_016899425.1|KEDGBJ_02773	4	4	0	0	GCF_016899425.1;GCF_905400185.1;MF6;MF7	GCF_016899425.1|KEDGBJ_02773;GCF_905400185.1|DKPOPA_02728;MF6|CFFIHE_02721;MF7|EFEKAH_05492
GCF_016899425.1|KEDGBJ_02774	4	4	0	0	GCF_016899425.1;GCF_905400185.1;MF6;MF7	GCF_016899425.1|KEDGBJ_02774;GCF_905400185.1|DKPOPA_02729;MF6|CFFIHE_02722;MF7|EFEKAH_05493
GCF_016899425.1|KEDGBJ_02775	4	4	0	0	GCF_016899425.1;GCF_905400185.1;MF6;MF7	GCF_016899425.1|KEDGBJ_02775;GCF_905400185.1|DKPOPA_02730;MF6|CFFIHE_02723;MF7|EFEKAH_05494
GCF_016899425.1|KEDGBJ_02777	6	6	1	1	GCF_016899425.1;GCF_053038975.1;GCF_053209605.1;GCF_905400185.1;MF6;MF7	GCF_016899425.1|KEDGBJ_02777;GCF_053038975.1|AHCKDM_02719;GCF_053209605.1|GFFINM_02723;GCF_905400185.1|DKPOPA_02732;MF6|CFFIHE_02725;MF7|EFEKAH_05496
GCF_016899425.1|KEDGBJ_02778	6	6	1	1	GCF_016899425.1;GCF_053038975.1;GCF_053209605.1;GCF_905400185.1;MF6;MF7	GCF_016899425.1|KEDGBJ_02778;GCF_053038975.1|AHCKDM_02720;GCF_053209605.1|GFFINM_02724;GCF_905400185.1|DKPOPA_02733;MF6|CFFIHE_02726;MF7|EFEKAH_05497
GCF_016899425.1|KEDGBJ_02780	6	6	1	1	GCF_016899425.1;GCF_053038975.1;GCF_053209605.1;GCF_905400185.1;MF6;MF7	GCF_016899425.1|KEDGBJ_02780;GCF_053038975.1|AHCKDM_02722;GCF_053209605.1|GFFINM_02726;GCF_905400185.1|DKPOPA_02735;MF6|CFFIHE_02728;MF7|EFEKAH_05499
GCF_016899425.1|KEDGBJ_02781	6	6	1	1	GCF_016899425.1;GCF_053038975.1;GCF_053209605.1;GCF_905400185.1;MF6;MF7	GCF_016899425.1|KEDGBJ_02781;GCF_053038975.1|AHCKDM_02723;GCF_053209605.1|GFFINM_02727;GCF_905400185.1|DKPOPA_02736;MF6|CFFIHE_02729;MF7|EFEKAH_05500
GCF_016899425.1|KEDGBJ_02783	6	6	1	1	GCF_016899425.1;GCF_053038975.1;GCF_053209605.1;GCF_905400185.1;MF6;MF7	GCF_016899425.1|KEDGBJ_02783;GCF_053038975.1|AHCKDM_02725;GCF_053209605.1|GFFINM_02729;GCF_905400185.1|DKPOPA_02738;MF6|CFFIHE_02731;MF7|EFEKAH_05502
GCF_016899425.1|KEDGBJ_02784	6	6	1	1	GCF_016899425.1;GCF_053038975.1;GCF_053209605.1;GCF_905400185.1;MF6;MF7	GCF_016899425.1|KEDGBJ_02784;GCF_053038975.1|AHCKDM_02726;GCF_053209605.1|GFFINM_02730;GCF_905400185.1|DKPOPA_02739;MF6|CFFIHE_02732;MF7|EFEKAH_05503
GCF_016899425.1|KEDGBJ_02785	6	6	1	1	GCF_016899425.1;GCF_053038975.1;GCF_053209605.1;GCF_905400185.1;MF6;MF7	GCF_016899425.1|KEDGBJ_02785;GCF_053038975.1|AHCKDM_02727;GCF_053209605.1|GFFINM_02731;GCF_905400185.1|DKPOPA_02740;MF6|CFFIHE_02733;MF7|EFEKAH_05504
GCF_016899425.1|KEDGBJ_02786	6	6	1	1	GCF_016899425.1;GCF_053038975.1;GCF_053209605.1;GCF_905400185.1;MF6;MF7	GCF_016899425.1|KEDGBJ_02786;GCF_053038975.1|AHCKDM_02728;GCF_053209605.1|GFFINM_02732;GCF_905400185.1|DKPOPA_02741;MF6|CFFIHE_02734;MF7|EFEKAH_05505
GCF_016899425.1|KEDGBJ_02787	6	6	1	1	GCF_016899425.1;GCF_053038975.1;GCF_053209605.1;GCF_905400185.1;MF6;MF7	GCF_016899425.1|KEDGBJ_02787;GCF_053038975.1|AHCKDM_02729;GCF_053209605.1|GFFINM_02733;GCF_905400185.1|DKPOPA_02742;MF6|CFFIHE_02735;MF7|EFEKAH_05506
GCF_016899425.1|KEDGBJ_02788	6	6	1	1	GCF_016899425.1;GCF_053038975.1;GCF_053209605.1;GCF_905400185.1;MF6;MF7	GCF_016899425.1|KEDGBJ_02788;GCF_053038975.1|AHCKDM_02730;GCF_053209605.1|GFFINM_02734;GCF_905400185.1|DKPOPA_02743;MF6|CFFIHE_02736;MF7|EFEKAH_05507
GCF_016899425.1|KEDGBJ_02789	6	6	1	1	GCF_016899425.1;GCF_053038975.1;GCF_053209605.1;GCF_905400185.1;MF6;MF7	GCF_016899425.1|KEDGBJ_02789;GCF_053038975.1|AHCKDM_02731;GCF_053209605.1|GFFINM_02735;GCF_905400185.1|DKPOPA_02744;MF6|CFFIHE_02737;MF7|EFEKAH_05508
GCF_016899425.1|KEDGBJ_02790	6	6	1	1	GCF_016899425.1;GCF_053038975.1;GCF_053209605.1;GCF_905400185.1;MF6;MF7	GCF_016899425.1|KEDGBJ_02790;GCF_053038975.1|AHCKDM_02732;GCF_053209605.1|GFFINM_02736;GCF_905400185.1|DKPOPA_02745;MF6|CFFIHE_02738;MF7|EFEKAH_05509
GCF_016899425.1|KEDGBJ_02791	6	6	1	1	GCF_016899425.1;GCF_053038975.1;GCF_053209605.1;GCF_905400185.1;MF6;MF7	GCF_016899425.1|KEDGBJ_02791;GCF_053038975.1|AHCKDM_02733;GCF_053209605.1|GFFINM_02737;GCF_905400185.1|DKPOPA_02746;MF6|CFFIHE_02739;MF7|EFEKAH_05510
GCF_016899425.1|KEDGBJ_02792	6	6	1	1	GCF_016899425.1;GCF_053038975.1;GCF_053209605.1;GCF_905400185.1;MF6;MF7	GCF_016899425.1|KEDGBJ_02792;GCF_053038975.1|AHCKDM_02734;GCF_053209605.1|GFFINM_02738;GCF_905400185.1|DKPOPA_02747;MF6|CFFIHE_02740;MF7|EFEKAH_05511
GCF_016899425.1|KEDGBJ_02793	6	6	1	1	GCF_016899425.1;GCF_053038975.1;GCF_053209605.1;GCF_905400185.1;MF6;MF7	GCF_016899425.1|KEDGBJ_02793;GCF_053038975.1|AHCKDM_02735;GCF_053209605.1|GFFINM_02739;GCF_905400185.1|DKPOPA_02748;MF6|CFFIHE_02741;MF7|EFEKAH_05512
GCF_016899425.1|KEDGBJ_02794	6	6	1	1	GCF_016899425.1;GCF_053038975.1;GCF_053209605.1;GCF_905400185.1;MF6;MF7	GCF_016899425.1|KEDGBJ_02794;GCF_053038975.1|AHCKDM_02736;GCF_053209605.1|GFFINM_02740;GCF_905400185.1|DKPOPA_02749;MF6|CFFIHE_02742;MF7|EFEKAH_05513
GCF_016899425.1|KEDGBJ_02795	6	6	1	1	GCF_016899425.1;GCF_053038975.1;GCF_053209605.1;GCF_905400185.1;MF6;MF7	GCF_016899425.1|KEDGBJ_02795;GCF_053038975.1|AHCKDM_02737;GCF_053209605.1|GFFINM_02741;GCF_905400185.1|DKPOPA_02750;MF6|CFFIHE_02743;MF7|EFEKAH_05514
GCF_016899425.1|KEDGBJ_02796	6	6	1	1	GCF_016899425.1;GCF_053038975.1;GCF_053209605.1;GCF_905400185.1;MF6;MF7	GCF_016899425.1|KEDGBJ_02796;GCF_053038975.1|AHCKDM_02738;GCF_053209605.1|GFFINM_02742;GCF_905400185.1|DKPOPA_02751;MF6|CFFIHE_02744;MF7|EFEKAH_05515
GCF_016899425.1|KEDGBJ_02797	6	6	1	1	GCF_016899425.1;GCF_053038975.1;GCF_053209605.1;GCF_905400185.1;MF6;MF7	GCF_016899425.1|KEDGBJ_02797;GCF_053038975.1|AHCKDM_02739;GCF_053209605.1|GFFINM_02743;GCF_905400185.1|DKPOPA_02752;MF6|CFFIHE_02745;MF7|EFEKAH_05516
GCF_016899425.1|KEDGBJ_02798	6	6	1	1	GCF_016899425.1;GCF_053038975.1;GCF_053209605.1;GCF_905400185.1;MF6;MF7	GCF_016899425.1|KEDGBJ_02798;GCF_053038975.1|AHCKDM_02740;GCF_053209605.1|GFFINM_02744;GCF_905400185.1|DKPOPA_02753;MF6|CFFIHE_02746;MF7|EFEKAH_05517
GCF_016899425.1|KEDGBJ_02799	6	6	1	1	GCF_016899425.1;GCF_053038975.1;GCF_053209605.1;GCF_905400185.1;MF6;MF7	GCF_016899425.1|KEDGBJ_02799;GCF_053038975.1|AHCKDM_02741;GCF_053209605.1|GFFINM_02745;GCF_905400185.1|DKPOPA_02754;MF6|CFFIHE_02747;MF7|EFEKAH_05518
GCF_016899425.1|KEDGBJ_02800	6	6	1	1	GCF_016899425.1;GCF_053038975.1;GCF_053209605.1;GCF_905400185.1;MF6;MF7	GCF_016899425.1|KEDGBJ_02800;GCF_053038975.1|AHCKDM_02742;GCF_053209605.1|GFFINM_02746;GCF_905400185.1|DKPOPA_02755;MF6|CFFIHE_02748;MF7|EFEKAH_05519
GCF_016899425.1|KEDGBJ_02801	6	6	1	1	GCF_016899425.1;GCF_053038975.1;GCF_053209605.1;GCF_905400185.1;MF6;MF7	GCF_016899425.1|KEDGBJ_02801;GCF_053038975.1|AHCKDM_02743;GCF_053209605.1|GFFINM_02747;GCF_905400185.1|DKPOPA_02756;MF6|CFFIHE_02749;MF7|EFEKAH_05520
GCF_016899425.1|KEDGBJ_02802	6	6	1	1	GCF_016899425.1;GCF_053038975.1;GCF_053209605.1;GCF_905400185.1;MF6;MF7	GCF_016899425.1|KEDGBJ_02802;GCF_053038975.1|AHCKDM_02744;GCF_053209605.1|GFFINM_02748;GCF_905400185.1|DKPOPA_02757;MF6|CFFIHE_02750;MF7|EFEKAH_05521
GCF_016899425.1|KEDGBJ_02803	6	6	1	1	GCF_016899425.1;GCF_053038975.1;GCF_053209605.1;GCF_905400185.1;MF6;MF7	GCF_016899425.1|KEDGBJ_02803;GCF_053038975.1|AHCKDM_02745;GCF_053209605.1|GFFINM_02749;GCF_905400185.1|DKPOPA_02758;MF6|CFFIHE_02751;MF7|EFEKAH_05522
GCF_016899425.1|KEDGBJ_02804	6	6	1	1	GCF_016899425.1;GCF_053038975.1;GCF_053209605.1;GCF_905400185.1;MF6;MF7	GCF_016899425.1|KEDGBJ_02804;GCF_053038975.1|AHCKDM_02746;GCF_053209605.1|GFFINM_02750;GCF_905400185.1|DKPOPA_02759;MF6|CFFIHE_02752;MF7|EFEKAH_05523
GCF_016899425.1|KEDGBJ_02805	6	6	1	1	GCF_016899425.1;GCF_053038975.1;GCF_053209605.1;GCF_905400185.1;MF6;MF7	GCF_016899425.1|KEDGBJ_02805;GCF_053038975.1|AHCKDM_02747;GCF_053209605.1|GFFINM_02751;GCF_905400185.1|DKPOPA_02760;MF6|CFFIHE_02753;MF7|EFEKAH_05524
GCF_016899425.1|KEDGBJ_02806	6	6	1	1	GCF_016899425.1;GCF_053038975.1;GCF_053209605.1;GCF_905400185.1;MF6;MF7	GCF_016899425.1|KEDGBJ_02806;GCF_053038975.1|AHCKDM_02748;GCF_053209605.1|GFFINM_02752;GCF_905400185.1|DKPOPA_02761;MF6|CFFIHE_02754;MF7|EFEKAH_05525
GCF_016899425.1|KEDGBJ_02807	6	6	1	1	GCF_016899425.1;GCF_053038975.1;GCF_053209605.1;GCF_905400185.1;MF6;MF7	GCF_016899425.1|KEDGBJ_02807;GCF_053038975.1|AHCKDM_02749;GCF_053209605.1|GFFINM_02753;GCF_905400185.1|DKPOPA_02762;MF6|CFFIHE_02755;MF7|EFEKAH_05526
GCF_016899425.1|KEDGBJ_02808	6	6	1	1	GCF_016899425.1;GCF_053038975.1;GCF_053209605.1;GCF_905400185.1;MF6;MF7	GCF_016899425.1|KEDGBJ_02808;GCF_053038975.1|AHCKDM_02750;GCF_053209605.1|GFFINM_02754;GCF_905400185.1|DKPOPA_02763;MF6|CFFIHE_02756;MF7|EFEKAH_05527
GCF_016899425.1|KEDGBJ_02809	4	4	0	0	GCF_016899425.1;GCF_905400185.1;MF6;MF7	GCF_016899425.1|KEDGBJ_02809;GCF_905400185.1|DKPOPA_02765;MF6|CFFIHE_02757;MF7|EFEKAH_05528
GCF_016899425.1|KEDGBJ_02810	4	4	0	0	GCF_016899425.1;GCF_905400185.1;MF6;MF7	GCF_016899425.1|KEDGBJ_02810;GCF_905400185.1|DKPOPA_02766;MF6|CFFIHE_02758;MF7|EFEKAH_05529
GCF_016899425.1|KEDGBJ_02811	4	4	0	0	GCF_016899425.1;GCF_905400185.1;MF6;MF7	GCF_016899425.1|KEDGBJ_02811;GCF_905400185.1|DKPOPA_02767;MF6|CFFIHE_02759;MF7|EFEKAH_05530
GCF_016899425.1|KEDGBJ_02812	6	6	1	1	GCF_016899425.1;GCF_053038975.1;GCF_053209605.1;GCF_905400185.1;MF6;MF7	GCF_016899425.1|KEDGBJ_02812;GCF_053038975.1|AHCKDM_02752;GCF_053209605.1|GFFINM_02756;GCF_905400185.1|DKPOPA_02768;MF6|CFFIHE_02760;MF7|EFEKAH_05531
GCF_016899425.1|KEDGBJ_02813	6	6	1	1	GCF_016899425.1;GCF_053038975.1;GCF_053209605.1;GCF_905400185.1;MF6;MF7	GCF_016899425.1|KEDGBJ_02813;GCF_053038975.1|AHCKDM_02753;GCF_053209605.1|GFFINM_02757;GCF_905400185.1|DKPOPA_02769;MF6|CFFIHE_02761;MF7|EFEKAH_05532
GCF_016899425.1|KEDGBJ_02814	6	6	1	1	GCF_016899425.1;GCF_053038975.1;GCF_053209605.1;GCF_905400185.1;MF6;MF7	GCF_016899425.1|KEDGBJ_02814;GCF_053038975.1|AHCKDM_02754;GCF_053209605.1|GFFINM_02758;GCF_905400185.1|DKPOPA_02770;MF6|CFFIHE_02762;MF7|EFEKAH_05533
GCF_016899425.1|KEDGBJ_02815	6	6	1	1	GCF_016899425.1;GCF_053038975.1;GCF_053209605.1;GCF_905400185.1;MF6;MF7	GCF_016899425.1|KEDGBJ_02815;GCF_053038975.1|AHCKDM_02755;GCF_053209605.1|GFFINM_02759;GCF_905400185.1|DKPOPA_02771;MF6|CFFIHE_02763;MF7|EFEKAH_05534
GCF_016899425.1|KEDGBJ_02816	6	6	1	1	GCF_016899425.1;GCF_053038975.1;GCF_053209605.1;GCF_905400185.1;MF6;MF7	GCF_016899425.1|KEDGBJ_02816;GCF_053038975.1|AHCKDM_02756;GCF_053209605.1|GFFINM_02760;GCF_905400185.1|DKPOPA_02772;MF6|CFFIHE_02764;MF7|EFEKAH_05535
GCF_016899425.1|KEDGBJ_02817	6	6	1	1	GCF_016899425.1;GCF_053038975.1;GCF_053209605.1;GCF_905400185.1;MF6;MF7	GCF_016899425.1|KEDGBJ_02817;GCF_053038975.1|AHCKDM_02757;GCF_053209605.1|GFFINM_02761;GCF_905400185.1|DKPOPA_02773;MF6|CFFIHE_02765;MF7|EFEKAH_05536
GCF_016899425.1|KEDGBJ_02818	6	6	1	1	GCF_016899425.1;GCF_053038975.1;GCF_053209605.1;GCF_905400185.1;MF6;MF7	GCF_016899425.1|KEDGBJ_02818;GCF_053038975.1|AHCKDM_02758;GCF_053209605.1|GFFINM_02762;GCF_905400185.1|DKPOPA_02774;MF6|CFFIHE_02766;MF7|EFEKAH_05537
GCF_016899425.1|KEDGBJ_02820	6	6	1	1	GCF_016899425.1;GCF_053038975.1;GCF_053209605.1;GCF_905400185.1;MF6;MF7	GCF_016899425.1|KEDGBJ_02820;GCF_053038975.1|AHCKDM_02760;GCF_053209605.1|GFFINM_02764;GCF_905400185.1|DKPOPA_02776;MF6|CFFIHE_02768;MF7|EFEKAH_05539
GCF_016899425.1|KEDGBJ_02821	6	6	1	1	GCF_016899425.1;GCF_053038975.1;GCF_053209605.1;GCF_905400185.1;MF6;MF7	GCF_016899425.1|KEDGBJ_02821;GCF_053038975.1|AHCKDM_02761;GCF_053209605.1|GFFINM_02765;GCF_905400185.1|DKPOPA_02777;MF6|CFFIHE_02769;MF7|EFEKAH_05540
GCF_016899425.1|KEDGBJ_02822	6	6	1	1	GCF_016899425.1;GCF_053038975.1;GCF_053209605.1;GCF_905400185.1;MF6;MF7	GCF_016899425.1|KEDGBJ_02822;GCF_053038975.1|AHCKDM_02762;GCF_053209605.1|GFFINM_02766;GCF_905400185.1|DKPOPA_02778;MF6|CFFIHE_02770;MF7|EFEKAH_05541
GCF_016899425.1|KEDGBJ_02823	6	6	1	1	GCF_016899425.1;GCF_053038975.1;GCF_053209605.1;GCF_905400185.1;MF6;MF7	GCF_016899425.1|KEDGBJ_02823;GCF_053038975.1|AHCKDM_02763;GCF_053209605.1|GFFINM_02767;GCF_905400185.1|DKPOPA_02779;MF6|CFFIHE_02771;MF7|EFEKAH_05542
GCF_016899425.1|KEDGBJ_02825	6	6	1	1	GCF_016899425.1;GCF_053038975.1;GCF_053209605.1;GCF_905400185.1;MF6;MF7	GCF_016899425.1|KEDGBJ_02825;GCF_053038975.1|AHCKDM_02765;GCF_053209605.1|GFFINM_02769;GCF_905400185.1|DKPOPA_02781;MF6|CFFIHE_02818;MF7|EFEKAH_05589
GCF_016899425.1|KEDGBJ_02826	6	6	1	1	GCF_016899425.1;GCF_053038975.1;GCF_053209605.1;GCF_905400185.1;MF6;MF7	GCF_016899425.1|KEDGBJ_02826;GCF_053038975.1|AHCKDM_02766;GCF_053209605.1|GFFINM_02770;GCF_905400185.1|DKPOPA_02782;MF6|CFFIHE_02819;MF7|EFEKAH_05590
GCF_016899425.1|KEDGBJ_02827	6	6	1	1	GCF_016899425.1;GCF_053038975.1;GCF_053209605.1;GCF_905400185.1;MF6;MF7	GCF_016899425.1|KEDGBJ_02827;GCF_053038975.1|AHCKDM_02767;GCF_053209605.1|GFFINM_02771;GCF_905400185.1|DKPOPA_02783;MF6|CFFIHE_02820;MF7|EFEKAH_05591
GCF_016899425.1|KEDGBJ_02828	6	6	1	1	GCF_016899425.1;GCF_053038975.1;GCF_053209605.1;GCF_905400185.1;MF6;MF7	GCF_016899425.1|KEDGBJ_02828;GCF_053038975.1|AHCKDM_02768;GCF_053209605.1|GFFINM_02772;GCF_905400185.1|DKPOPA_02784;MF6|CFFIHE_02821;MF7|EFEKAH_05592
GCF_016899425.1|KEDGBJ_02829	4	4	0	0	GCF_016899425.1;GCF_905400185.1;MF6;MF7	GCF_016899425.1|KEDGBJ_02829;GCF_905400185.1|DKPOPA_02785;MF6|CFFIHE_02822;MF7|EFEKAH_05593
GCF_016899425.1|KEDGBJ_02830	6	6	1	1	GCF_016899425.1;GCF_053038975.1;GCF_053209605.1;GCF_905400185.1;MF6;MF7	GCF_016899425.1|KEDGBJ_02830;GCF_053038975.1|AHCKDM_02769;GCF_053209605.1|GFFINM_02773;GCF_905400185.1|DKPOPA_02786;MF6|CFFIHE_02823;MF7|EFEKAH_05594
GCF_016899425.1|KEDGBJ_02831	6	6	1	1	GCF_016899425.1;GCF_053038975.1;GCF_053209605.1;GCF_905400185.1;MF6;MF7	GCF_016899425.1|KEDGBJ_02831;GCF_053038975.1|AHCKDM_02770;GCF_053209605.1|GFFINM_02774;GCF_905400185.1|DKPOPA_02787;MF6|CFFIHE_02824;MF7|EFEKAH_05595
GCF_016899425.1|KEDGBJ_02832	6	6	1	1	GCF_016899425.1;GCF_053038975.1;GCF_053209605.1;GCF_905400185.1;MF6;MF7	GCF_016899425.1|KEDGBJ_02832;GCF_053038975.1|AHCKDM_02771;GCF_053209605.1|GFFINM_02775;GCF_905400185.1|DKPOPA_02788;MF6|CFFIHE_02825;MF7|EFEKAH_05596
GCF_016899425.1|KEDGBJ_02833	6	6	1	1	GCF_016899425.1;GCF_053038975.1;GCF_053209605.1;GCF_905400185.1;MF6;MF7	GCF_016899425.1|KEDGBJ_02833;GCF_053038975.1|AHCKDM_02772;GCF_053209605.1|GFFINM_02776;GCF_905400185.1|DKPOPA_02789;MF6|CFFIHE_02826;MF7|EFEKAH_05597
GCF_016899425.1|KEDGBJ_02834	6	6	1	1	GCF_016899425.1;GCF_053038975.1;GCF_053209605.1;GCF_905400185.1;MF6;MF7	GCF_016899425.1|KEDGBJ_02834;GCF_053038975.1|AHCKDM_02773;GCF_053209605.1|GFFINM_02777;GCF_905400185.1|DKPOPA_02790;MF6|CFFIHE_02827;MF7|EFEKAH_05598
GCF_016899425.1|KEDGBJ_02835	6	6	1	1	GCF_016899425.1;GCF_053038975.1;GCF_053209605.1;GCF_905400185.1;MF6;MF7	GCF_016899425.1|KEDGBJ_02835;GCF_053038975.1|AHCKDM_02774;GCF_053209605.1|GFFINM_02778;GCF_905400185.1|DKPOPA_02791;MF6|CFFIHE_02828;MF7|EFEKAH_05599
GCF_016899425.1|KEDGBJ_02836	6	6	1	1	GCF_016899425.1;GCF_053038975.1;GCF_053209605.1;GCF_905400185.1;MF6;MF7	GCF_016899425.1|KEDGBJ_02836;GCF_053038975.1|AHCKDM_02775;GCF_053209605.1|GFFINM_02779;GCF_905400185.1|DKPOPA_02792;MF6|CFFIHE_02829;MF7|EFEKAH_05600
GCF_016899425.1|KEDGBJ_02837	6	6	1	1	GCF_016899425.1;GCF_053038975.1;GCF_053209605.1;GCF_905400185.1;MF6;MF7	GCF_016899425.1|KEDGBJ_02837;GCF_053038975.1|AHCKDM_02776;GCF_053209605.1|GFFINM_02780;GCF_905400185.1|DKPOPA_02793;MF6|CFFIHE_02830;MF7|EFEKAH_05601
GCF_016899425.1|KEDGBJ_02838	6	6	1	1	GCF_016899425.1;GCF_053038975.1;GCF_053209605.1;GCF_905400185.1;MF6;MF7	GCF_016899425.1|KEDGBJ_02838;GCF_053038975.1|AHCKDM_02777;GCF_053209605.1|GFFINM_02781;GCF_905400185.1|DKPOPA_02794;MF6|CFFIHE_02831;MF7|EFEKAH_05602
GCF_016899425.1|KEDGBJ_02839	6	6	1	1	GCF_016899425.1;GCF_053038975.1;GCF_053209605.1;GCF_905400185.1;MF6;MF7	GCF_016899425.1|KEDGBJ_02839;GCF_053038975.1|AHCKDM_02778;GCF_053209605.1|GFFINM_02782;GCF_905400185.1|DKPOPA_02795;MF6|CFFIHE_02832;MF7|EFEKAH_05603
GCF_016899425.1|KEDGBJ_02840	6	6	1	1	GCF_016899425.1;GCF_053038975.1;GCF_053209605.1;GCF_905400185.1;MF6;MF7	GCF_016899425.1|KEDGBJ_02840;GCF_053038975.1|AHCKDM_02779;GCF_053209605.1|GFFINM_02783;GCF_905400185.1|DKPOPA_02796;MF6|CFFIHE_02833;MF7|EFEKAH_05604
GCF_016899425.1|KEDGBJ_02841	6	6	1	1	GCF_016899425.1;GCF_053038975.1;GCF_053209605.1;GCF_905400185.1;MF6;MF7	GCF_016899425.1|KEDGBJ_02841;GCF_053038975.1|AHCKDM_02780;GCF_053209605.1|GFFINM_02784;GCF_905400185.1|DKPOPA_02797;MF6|CFFIHE_02834;MF7|EFEKAH_05605
GCF_016899425.1|KEDGBJ_02842	6	6	1	1	GCF_016899425.1;GCF_053038975.1;GCF_053209605.1;GCF_905400185.1;MF6;MF7	GCF_016899425.1|KEDGBJ_02842;GCF_053038975.1|AHCKDM_02781;GCF_053209605.1|GFFINM_02785;GCF_905400185.1|DKPOPA_02798;MF6|CFFIHE_02835;MF7|EFEKAH_05606
GCF_016899425.1|KEDGBJ_02843	6	6	1	1	GCF_016899425.1;GCF_053038975.1;GCF_053209605.1;GCF_905400185.1;MF6;MF7	GCF_016899425.1|KEDGBJ_02843;GCF_053038975.1|AHCKDM_02782;GCF_053209605.1|GFFINM_02786;GCF_905400185.1|DKPOPA_02799;MF6|CFFIHE_02836;MF7|EFEKAH_05607
GCF_016899425.1|KEDGBJ_02844	6	6	1	1	GCF_016899425.1;GCF_053038975.1;GCF_053209605.1;GCF_905400185.1;MF6;MF7	GCF_016899425.1|KEDGBJ_02844;GCF_053038975.1|AHCKDM_02783;GCF_053209605.1|GFFINM_02787;GCF_905400185.1|DKPOPA_02800;MF6|CFFIHE_02837;MF7|EFEKAH_05608
GCF_016899425.1|KEDGBJ_02845	6	6	1	1	GCF_016899425.1;GCF_053038975.1;GCF_053209605.1;GCF_905400185.1;MF6;MF7	GCF_016899425.1|KEDGBJ_02845;GCF_053038975.1|AHCKDM_02784;GCF_053209605.1|GFFINM_02788;GCF_905400185.1|DKPOPA_02801;MF6|CFFIHE_02838;MF7|EFEKAH_05609
GCF_016899425.1|KEDGBJ_02846	6	6	1	1	GCF_016899425.1;GCF_053038975.1;GCF_053209605.1;GCF_905400185.1;MF6;MF7	GCF_016899425.1|KEDGBJ_02846;GCF_053038975.1|AHCKDM_02785;GCF_053209605.1|GFFINM_02789;GCF_905400185.1|DKPOPA_02802;MF6|CFFIHE_02839;MF7|EFEKAH_05610
GCF_016899425.1|KEDGBJ_02847	6	6	1	1	GCF_016899425.1;GCF_053038975.1;GCF_053209605.1;GCF_905400185.1;MF6;MF7	GCF_016899425.1|KEDGBJ_02847;GCF_053038975.1|AHCKDM_02786;GCF_053209605.1|GFFINM_02790;GCF_905400185.1|DKPOPA_02803;MF6|CFFIHE_02840;MF7|EFEKAH_05611
GCF_016899425.1|KEDGBJ_02848	6	6	1	1	GCF_016899425.1;GCF_053038975.1;GCF_053209605.1;GCF_905400185.1;MF6;MF7	GCF_016899425.1|KEDGBJ_02848;GCF_053038975.1|AHCKDM_02787;GCF_053209605.1|GFFINM_02791;GCF_905400185.1|DKPOPA_02804;MF6|CFFIHE_02841;MF7|EFEKAH_05612
GCF_016899425.1|KEDGBJ_02849	4	4	0	0	GCF_016899425.1;GCF_905400185.1;MF6;MF7	GCF_016899425.1|KEDGBJ_02849;GCF_905400185.1|DKPOPA_02805;MF6|CFFIHE_02842;MF7|EFEKAH_05613
GCF_016899425.1|KEDGBJ_02850	4	4	0	0	GCF_016899425.1;GCF_905400185.1;MF6;MF7	GCF_016899425.1|KEDGBJ_02850;GCF_905400185.1|DKPOPA_02806;MF6|CFFIHE_02843;MF7|EFEKAH_05614
GCF_016899425.1|KEDGBJ_02851	4	4	0	0	GCF_016899425.1;GCF_905400185.1;MF6;MF7	GCF_016899425.1|KEDGBJ_02851;GCF_905400185.1|DKPOPA_02807;MF6|CFFIHE_02844;MF7|EFEKAH_05615
GCF_016899425.1|KEDGBJ_02853	4	4	0	0	GCF_016899425.1;GCF_905400185.1;MF6;MF7	GCF_016899425.1|KEDGBJ_02853;GCF_905400185.1|DKPOPA_02809;MF6|CFFIHE_02846;MF7|EFEKAH_05617
GCF_016899425.1|KEDGBJ_02854	4	4	0	0	GCF_016899425.1;GCF_905400185.1;MF6;MF7	GCF_016899425.1|KEDGBJ_02854;GCF_905400185.1|DKPOPA_02810;MF6|CFFIHE_02847;MF7|EFEKAH_05618
GCF_016899425.1|KEDGBJ_02855	4	4	0	0	GCF_016899425.1;GCF_905400185.1;MF6;MF7	GCF_016899425.1|KEDGBJ_02855;GCF_905400185.1|DKPOPA_02811;MF6|CFFIHE_02848;MF7|EFEKAH_05619
GCF_016899425.1|KEDGBJ_02856	6	6	1	1	GCF_016899425.1;GCF_053038975.1;GCF_053209605.1;GCF_905400185.1;MF6;MF7	GCF_016899425.1|KEDGBJ_02856;GCF_053038975.1|AHCKDM_02788;GCF_053209605.1|GFFINM_02792;GCF_905400185.1|DKPOPA_02812;MF6|CFFIHE_02849;MF7|EFEKAH_05620
GCF_016899425.1|KEDGBJ_02857	6	6	1	1	GCF_016899425.1;GCF_053038975.1;GCF_053209605.1;GCF_905400185.1;MF6;MF7	GCF_016899425.1|KEDGBJ_02857;GCF_053038975.1|AHCKDM_02789;GCF_053209605.1|GFFINM_02793;GCF_905400185.1|DKPOPA_02813;MF6|CFFIHE_02850;MF7|EFEKAH_05621
GCF_016899425.1|KEDGBJ_02858	6	6	1	1	GCF_016899425.1;GCF_053038975.1;GCF_053209605.1;GCF_905400185.1;MF6;MF7	GCF_016899425.1|KEDGBJ_02858;GCF_053038975.1|AHCKDM_02790;GCF_053209605.1|GFFINM_02794;GCF_905400185.1|DKPOPA_02814;MF6|CFFIHE_02851;MF7|EFEKAH_05622
GCF_016899425.1|KEDGBJ_02859	6	6	1	1	GCF_016899425.1;GCF_053038975.1;GCF_053209605.1;GCF_905400185.1;MF6;MF7	GCF_016899425.1|KEDGBJ_02859;GCF_053038975.1|AHCKDM_02791;GCF_053209605.1|GFFINM_02795;GCF_905400185.1|DKPOPA_02815;MF6|CFFIHE_02852;MF7|EFEKAH_05623
GCF_016899425.1|KEDGBJ_02860	6	6	1	1	GCF_016899425.1;GCF_053038975.1;GCF_053209605.1;GCF_905400185.1;MF6;MF7	GCF_016899425.1|KEDGBJ_02860;GCF_053038975.1|AHCKDM_02792;GCF_053209605.1|GFFINM_02796;GCF_905400185.1|DKPOPA_02816;MF6|CFFIHE_02853;MF7|EFEKAH_05624
GCF_016899425.1|KEDGBJ_02861	6	6	1	1	GCF_016899425.1;GCF_053038975.1;GCF_053209605.1;GCF_905400185.1;MF6;MF7	GCF_016899425.1|KEDGBJ_02861;GCF_053038975.1|AHCKDM_02793;GCF_053209605.1|GFFINM_02797;GCF_905400185.1|DKPOPA_02817;MF6|CFFIHE_02854;MF7|EFEKAH_05625
GCF_016899425.1|KEDGBJ_02862	6	6	1	1	GCF_016899425.1;GCF_053038975.1;GCF_053209605.1;GCF_905400185.1;MF6;MF7	GCF_016899425.1|KEDGBJ_02862;GCF_053038975.1|AHCKDM_02794;GCF_053209605.1|GFFINM_02798;GCF_905400185.1|DKPOPA_02818;MF6|CFFIHE_02855;MF7|EFEKAH_05626
GCF_016899425.1|KEDGBJ_02863	6	6	1	1	GCF_016899425.1;GCF_053038975.1;GCF_053209605.1;GCF_905400185.1;MF6;MF7	GCF_016899425.1|KEDGBJ_02863;GCF_053038975.1|AHCKDM_02795;GCF_053209605.1|GFFINM_02799;GCF_905400185.1|DKPOPA_02819;MF6|CFFIHE_02856;MF7|EFEKAH_05627
GCF_016899425.1|KEDGBJ_02864	6	6	1	1	GCF_016899425.1;GCF_053038975.1;GCF_053209605.1;GCF_905400185.1;MF6;MF7	GCF_016899425.1|KEDGBJ_02864;GCF_053038975.1|AHCKDM_02796;GCF_053209605.1|GFFINM_02800;GCF_905400185.1|DKPOPA_02820;MF6|CFFIHE_02857;MF7|EFEKAH_05628
GCF_016899425.1|KEDGBJ_02865	6	6	1	1	GCF_016899425.1;GCF_053038975.1;GCF_053209605.1;GCF_905400185.1;MF6;MF7	GCF_016899425.1|KEDGBJ_02865;GCF_053038975.1|AHCKDM_02797;GCF_053209605.1|GFFINM_02801;GCF_905400185.1|DKPOPA_02821;MF6|CFFIHE_02858;MF7|EFEKAH_05629
GCF_016899425.1|KEDGBJ_02866	6	6	1	1	GCF_016899425.1;GCF_053038975.1;GCF_053209605.1;GCF_905400185.1;MF6;MF7	GCF_016899425.1|KEDGBJ_02866;GCF_053038975.1|AHCKDM_02798;GCF_053209605.1|GFFINM_02802;GCF_905400185.1|DKPOPA_02822;MF6|CFFIHE_02859;MF7|EFEKAH_05630
GCF_016899425.1|KEDGBJ_02869	6	6	1	1	GCF_016899425.1;GCF_053038975.1;GCF_053209605.1;GCF_905400185.1;MF6;MF7	GCF_016899425.1|KEDGBJ_02869;GCF_053038975.1|AHCKDM_02801;GCF_053209605.1|GFFINM_02805;GCF_905400185.1|DKPOPA_02825;MF6|CFFIHE_02862;MF7|EFEKAH_05633
GCF_016899425.1|KEDGBJ_02870	6	6	1	1	GCF_016899425.1;GCF_053038975.1;GCF_053209605.1;GCF_905400185.1;MF6;MF7	GCF_016899425.1|KEDGBJ_02870;GCF_053038975.1|AHCKDM_02802;GCF_053209605.1|GFFINM_02806;GCF_905400185.1|DKPOPA_02826;MF6|CFFIHE_02863;MF7|EFEKAH_05634
GCF_016899425.1|KEDGBJ_02871	6	6	1	1	GCF_016899425.1;GCF_053038975.1;GCF_053209605.1;GCF_905400185.1;MF6;MF7	GCF_016899425.1|KEDGBJ_02871;GCF_053038975.1|AHCKDM_02803;GCF_053209605.1|GFFINM_02807;GCF_905400185.1|DKPOPA_02827;MF6|CFFIHE_02864;MF7|EFEKAH_05635
GCF_016899425.1|KEDGBJ_02872	6	6	1	1	GCF_016899425.1;GCF_053038975.1;GCF_053209605.1;GCF_905400185.1;MF6;MF7	GCF_016899425.1|KEDGBJ_02872;GCF_053038975.1|AHCKDM_02804;GCF_053209605.1|GFFINM_02808;GCF_905400185.1|DKPOPA_02828;MF6|CFFIHE_02865;MF7|EFEKAH_05636
GCF_016899425.1|KEDGBJ_02873	6	6	1	1	GCF_016899425.1;GCF_053038975.1;GCF_053209605.1;GCF_905400185.1;MF6;MF7	GCF_016899425.1|KEDGBJ_02873;GCF_053038975.1|AHCKDM_02805;GCF_053209605.1|GFFINM_02809;GCF_905400185.1|DKPOPA_02829;MF6|CFFIHE_02866;MF7|EFEKAH_05637
GCF_016899425.1|KEDGBJ_02874	6	6	1	1	GCF_016899425.1;GCF_053038975.1;GCF_053209605.1;GCF_905400185.1;MF6;MF7	GCF_016899425.1|KEDGBJ_02874;GCF_053038975.1|AHCKDM_02806;GCF_053209605.1|GFFINM_02810;GCF_905400185.1|DKPOPA_02830;MF6|CFFIHE_02867;MF7|EFEKAH_05638
GCF_016899425.1|KEDGBJ_02875	4	4	0	0	GCF_016899425.1;GCF_905400185.1;MF6;MF7	GCF_016899425.1|KEDGBJ_02875;GCF_905400185.1|DKPOPA_02831;MF6|CFFIHE_02868;MF7|EFEKAH_05639
GCF_016899425.1|KEDGBJ_02876	6	6	1	1	GCF_016899425.1;GCF_053038975.1;GCF_053209605.1;GCF_905400185.1;MF6;MF7	GCF_016899425.1|KEDGBJ_02876;GCF_053038975.1|AHCKDM_02808;GCF_053209605.1|GFFINM_02812;GCF_905400185.1|DKPOPA_02832;MF6|CFFIHE_02869;MF7|EFEKAH_05640
GCF_016899425.1|KEDGBJ_02877	6	6	1	1	GCF_016899425.1;GCF_053038975.1;GCF_053209605.1;GCF_905400185.1;MF6;MF7	GCF_016899425.1|KEDGBJ_02877;GCF_053038975.1|AHCKDM_02809;GCF_053209605.1|GFFINM_02813;GCF_905400185.1|DKPOPA_02833;MF6|CFFIHE_02870;MF7|EFEKAH_05641
GCF_016899425.1|KEDGBJ_02878	6	6	1	1	GCF_016899425.1;GCF_053038975.1;GCF_053209605.1;GCF_905400185.1;MF6;MF7	GCF_016899425.1|KEDGBJ_02878;GCF_053038975.1|AHCKDM_02810;GCF_053209605.1|GFFINM_02814;GCF_905400185.1|DKPOPA_02834;MF6|CFFIHE_02871;MF7|EFEKAH_05642
GCF_016899425.1|KEDGBJ_02879	6	6	1	1	GCF_016899425.1;GCF_053038975.1;GCF_053209605.1;GCF_905400185.1;MF6;MF7	GCF_016899425.1|KEDGBJ_02879;GCF_053038975.1|AHCKDM_02811;GCF_053209605.1|GFFINM_02815;GCF_905400185.1|DKPOPA_02835;MF6|CFFIHE_02872;MF7|EFEKAH_05643
GCF_016899425.1|KEDGBJ_02880	6	6	1	1	GCF_016899425.1;GCF_053038975.1;GCF_053209605.1;GCF_905400185.1;MF6;MF7	GCF_016899425.1|KEDGBJ_02880;GCF_053038975.1|AHCKDM_02812;GCF_053209605.1|GFFINM_02816;GCF_905400185.1|DKPOPA_02836;MF6|CFFIHE_02873;MF7|EFEKAH_05644
GCF_016899425.1|KEDGBJ_02881	6	6	1	1	GCF_016899425.1;GCF_053038975.1;GCF_053209605.1;GCF_905400185.1;MF6;MF7	GCF_016899425.1|KEDGBJ_02881;GCF_053038975.1|AHCKDM_02813;GCF_053209605.1|GFFINM_02817;GCF_905400185.1|DKPOPA_02837;MF6|CFFIHE_02874;MF7|EFEKAH_05645
GCF_016899425.1|KEDGBJ_02882	6	6	1	1	GCF_016899425.1;GCF_053038975.1;GCF_053209605.1;GCF_905400185.1;MF6;MF7	GCF_016899425.1|KEDGBJ_02882;GCF_053038975.1|AHCKDM_02814;GCF_053209605.1|GFFINM_02818;GCF_905400185.1|DKPOPA_02838;MF6|CFFIHE_02875;MF7|EFEKAH_05646
GCF_016899425.1|KEDGBJ_02883	6	6	1	1	GCF_016899425.1;GCF_053038975.1;GCF_053209605.1;GCF_905400185.1;MF6;MF7	GCF_016899425.1|KEDGBJ_02883;GCF_053038975.1|AHCKDM_02815;GCF_053209605.1|GFFINM_02819;GCF_905400185.1|DKPOPA_02839;MF6|CFFIHE_02876;MF7|EFEKAH_05647
GCF_016899425.1|KEDGBJ_02884	6	6	1	1	GCF_016899425.1;GCF_053038975.1;GCF_053209605.1;GCF_905400185.1;MF6;MF7	GCF_016899425.1|KEDGBJ_02884;GCF_053038975.1|AHCKDM_02816;GCF_053209605.1|GFFINM_02820;GCF_905400185.1|DKPOPA_02840;MF6|CFFIHE_02877;MF7|EFEKAH_05648
GCF_016899425.1|KEDGBJ_02885	6	6	1	1	GCF_016899425.1;GCF_053038975.1;GCF_053209605.1;GCF_905400185.1;MF6;MF7	GCF_016899425.1|KEDGBJ_02885;GCF_053038975.1|AHCKDM_02817;GCF_053209605.1|GFFINM_02821;GCF_905400185.1|DKPOPA_02841;MF6|CFFIHE_02878;MF7|EFEKAH_05649
GCF_016899425.1|KEDGBJ_02886	6	6	1	1	GCF_016899425.1;GCF_053038975.1;GCF_053209605.1;GCF_905400185.1;MF6;MF7	GCF_016899425.1|KEDGBJ_02886;GCF_053038975.1|AHCKDM_02818;GCF_053209605.1|GFFINM_02822;GCF_905400185.1|DKPOPA_02842;MF6|CFFIHE_02879;MF7|EFEKAH_05650
GCF_016899425.1|KEDGBJ_02887	6	6	1	1	GCF_016899425.1;GCF_053038975.1;GCF_053209605.1;GCF_905400185.1;MF6;MF7	GCF_016899425.1|KEDGBJ_02887;GCF_053038975.1|AHCKDM_02819;GCF_053209605.1|GFFINM_02823;GCF_905400185.1|DKPOPA_02843;MF6|CFFIHE_02880;MF7|EFEKAH_05651
GCF_016899425.1|KEDGBJ_02888	6	6	1	1	GCF_016899425.1;GCF_053038975.1;GCF_053209605.1;GCF_905400185.1;MF6;MF7	GCF_016899425.1|KEDGBJ_02888;GCF_053038975.1|AHCKDM_02820;GCF_053209605.1|GFFINM_02824;GCF_905400185.1|DKPOPA_02844;MF6|CFFIHE_02881;MF7|EFEKAH_05652
GCF_016899425.1|KEDGBJ_02889	6	6	1	1	GCF_016899425.1;GCF_053038975.1;GCF_053209605.1;GCF_905400185.1;MF6;MF7	GCF_016899425.1|KEDGBJ_02889;GCF_053038975.1|AHCKDM_02821;GCF_053209605.1|GFFINM_02825;GCF_905400185.1|DKPOPA_02845;MF6|CFFIHE_02882;MF7|EFEKAH_05653
GCF_016899425.1|KEDGBJ_02890	6	6	1	1	GCF_016899425.1;GCF_053038975.1;GCF_053209605.1;GCF_905400185.1;MF6;MF7	GCF_016899425.1|KEDGBJ_02890;GCF_053038975.1|AHCKDM_02822;GCF_053209605.1|GFFINM_02826;GCF_905400185.1|DKPOPA_02846;MF6|CFFIHE_02883;MF7|EFEKAH_05654
GCF_016899425.1|KEDGBJ_02891	6	6	1	1	GCF_016899425.1;GCF_053038975.1;GCF_053209605.1;GCF_905400185.1;MF6;MF7	GCF_016899425.1|KEDGBJ_02891;GCF_053038975.1|AHCKDM_02823;GCF_053209605.1|GFFINM_02827;GCF_905400185.1|DKPOPA_02847;MF6|CFFIHE_02884;MF7|EFEKAH_05655
GCF_016899425.1|KEDGBJ_02892	6	6	1	1	GCF_016899425.1;GCF_053038975.1;GCF_053209605.1;GCF_905400185.1;MF6;MF7	GCF_016899425.1|KEDGBJ_02892;GCF_053038975.1|AHCKDM_02824;GCF_053209605.1|GFFINM_02828;GCF_905400185.1|DKPOPA_02848;MF6|CFFIHE_02885;MF7|EFEKAH_05656
GCF_016899425.1|KEDGBJ_02893	6	6	1	1	GCF_016899425.1;GCF_053038975.1;GCF_053209605.1;GCF_905400185.1;MF6;MF7	GCF_016899425.1|KEDGBJ_02893;GCF_053038975.1|AHCKDM_02825;GCF_053209605.1|GFFINM_02829;GCF_905400185.1|DKPOPA_02849;MF6|CFFIHE_02886;MF7|EFEKAH_05657
GCF_016899425.1|KEDGBJ_02894	6	6	1	1	GCF_016899425.1;GCF_053038975.1;GCF_053209605.1;GCF_905400185.1;MF6;MF7	GCF_016899425.1|KEDGBJ_02894;GCF_053038975.1|AHCKDM_02826;GCF_053209605.1|GFFINM_02830;GCF_905400185.1|DKPOPA_02850;MF6|CFFIHE_02887;MF7|EFEKAH_05658
GCF_016899425.1|KEDGBJ_02895	6	6	1	1	GCF_016899425.1;GCF_053038975.1;GCF_053209605.1;GCF_905400185.1;MF6;MF7	GCF_016899425.1|KEDGBJ_02895;GCF_053038975.1|AHCKDM_02827;GCF_053209605.1|GFFINM_02831;GCF_905400185.1|DKPOPA_02851;MF6|CFFIHE_02888;MF7|EFEKAH_05659
GCF_016899425.1|KEDGBJ_02896	6	6	1	1	GCF_016899425.1;GCF_053038975.1;GCF_053209605.1;GCF_905400185.1;MF6;MF7	GCF_016899425.1|KEDGBJ_02896;GCF_053038975.1|AHCKDM_02828;GCF_053209605.1|GFFINM_02832;GCF_905400185.1|DKPOPA_02852;MF6|CFFIHE_02889;MF7|EFEKAH_05660
GCF_016899425.1|KEDGBJ_02897	6	6	1	1	GCF_016899425.1;GCF_053038975.1;GCF_053209605.1;GCF_905400185.1;MF6;MF7	GCF_016899425.1|KEDGBJ_02897;GCF_053038975.1|AHCKDM_02829;GCF_053209605.1|GFFINM_02833;GCF_905400185.1|DKPOPA_02853;MF6|CFFIHE_02890;MF7|EFEKAH_05661
GCF_016899425.1|KEDGBJ_02898	6	6	1	1	GCF_016899425.1;GCF_053038975.1;GCF_053209605.1;GCF_905400185.1;MF6;MF7	GCF_016899425.1|KEDGBJ_02898;GCF_053038975.1|AHCKDM_02830;GCF_053209605.1|GFFINM_02834;GCF_905400185.1|DKPOPA_02854;MF6|CFFIHE_02891;MF7|EFEKAH_05662
GCF_016899425.1|KEDGBJ_02899	6	6	1	1	GCF_016899425.1;GCF_053038975.1;GCF_053209605.1;GCF_905400185.1;MF6;MF7	GCF_016899425.1|KEDGBJ_02899;GCF_053038975.1|AHCKDM_02831;GCF_053209605.1|GFFINM_02835;GCF_905400185.1|DKPOPA_02855;MF6|CFFIHE_02892;MF7|EFEKAH_05663
GCF_016899425.1|KEDGBJ_02900	6	6	1	1	GCF_016899425.1;GCF_053038975.1;GCF_053209605.1;GCF_905400185.1;MF6;MF7	GCF_016899425.1|KEDGBJ_02900;GCF_053038975.1|AHCKDM_02832;GCF_053209605.1|GFFINM_02836;GCF_905400185.1|DKPOPA_02856;MF6|CFFIHE_02893;MF7|EFEKAH_05664
GCF_016899425.1|KEDGBJ_02901	6	6	1	1	GCF_016899425.1;GCF_053038975.1;GCF_053209605.1;GCF_905400185.1;MF6;MF7	GCF_016899425.1|KEDGBJ_02901;GCF_053038975.1|AHCKDM_02833;GCF_053209605.1|GFFINM_02837;GCF_905400185.1|DKPOPA_02857;MF6|CFFIHE_02894;MF7|EFEKAH_05665
GCF_016899425.1|KEDGBJ_02902	6	6	1	1	GCF_016899425.1;GCF_053038975.1;GCF_053209605.1;GCF_905400185.1;MF6;MF7	GCF_016899425.1|KEDGBJ_02902;GCF_053038975.1|AHCKDM_02834;GCF_053209605.1|GFFINM_02838;GCF_905400185.1|DKPOPA_02858;MF6|CFFIHE_02895;MF7|EFEKAH_05666
GCF_016899425.1|KEDGBJ_02903	6	6	1	1	GCF_016899425.1;GCF_053038975.1;GCF_053209605.1;GCF_905400185.1;MF6;MF7	GCF_016899425.1|KEDGBJ_02903;GCF_053038975.1|AHCKDM_02835;GCF_053209605.1|GFFINM_02839;GCF_905400185.1|DKPOPA_02859;MF6|CFFIHE_02896;MF7|EFEKAH_05667
GCF_016899425.1|KEDGBJ_02904	6	6	1	1	GCF_016899425.1;GCF_053038975.1;GCF_053209605.1;GCF_905400185.1;MF6;MF7	GCF_016899425.1|KEDGBJ_02904;GCF_053038975.1|AHCKDM_02836;GCF_053209605.1|GFFINM_02840;GCF_905400185.1|DKPOPA_02860;MF6|CFFIHE_02897;MF7|EFEKAH_05668
GCF_016899425.1|KEDGBJ_02905	6	6	1	1	GCF_016899425.1;GCF_053038975.1;GCF_053209605.1;GCF_905400185.1;MF6;MF7	GCF_016899425.1|KEDGBJ_02905;GCF_053038975.1|AHCKDM_02837;GCF_053209605.1|GFFINM_02841;GCF_905400185.1|DKPOPA_02861;MF6|CFFIHE_02898;MF7|EFEKAH_05669
GCF_016899425.1|KEDGBJ_02906	6	6	1	1	GCF_016899425.1;GCF_053038975.1;GCF_053209605.1;GCF_905400185.1;MF6;MF7	GCF_016899425.1|KEDGBJ_02906;GCF_053038975.1|AHCKDM_02838;GCF_053209605.1|GFFINM_02842;GCF_905400185.1|DKPOPA_02862;MF6|CFFIHE_02899;MF7|EFEKAH_05670
GCF_016899425.1|KEDGBJ_02907	6	6	1	1	GCF_016899425.1;GCF_053038975.1;GCF_053209605.1;GCF_905400185.1;MF6;MF7	GCF_016899425.1|KEDGBJ_02907;GCF_053038975.1|AHCKDM_02839;GCF_053209605.1|GFFINM_02843;GCF_905400185.1|DKPOPA_02863;MF6|CFFIHE_02900;MF7|EFEKAH_05671
GCF_016899425.1|KEDGBJ_02908	6	6	1	1	GCF_016899425.1;GCF_053038975.1;GCF_053209605.1;GCF_905400185.1;MF6;MF7	GCF_016899425.1|KEDGBJ_02908;GCF_053038975.1|AHCKDM_02840;GCF_053209605.1|GFFINM_02844;GCF_905400185.1|DKPOPA_02864;MF6|CFFIHE_02901;MF7|EFEKAH_05672
GCF_016899425.1|KEDGBJ_02909	6	6	1	1	GCF_016899425.1;GCF_053038975.1;GCF_053209605.1;GCF_905400185.1;MF6;MF7	GCF_016899425.1|KEDGBJ_02909;GCF_053038975.1|AHCKDM_02841;GCF_053209605.1|GFFINM_02845;GCF_905400185.1|DKPOPA_02865;MF6|CFFIHE_02902;MF7|EFEKAH_05673
GCF_016899425.1|KEDGBJ_02910	6	6	1	1	GCF_016899425.1;GCF_053038975.1;GCF_053209605.1;GCF_905400185.1;MF6;MF7	GCF_016899425.1|KEDGBJ_02910;GCF_053038975.1|AHCKDM_02842;GCF_053209605.1|GFFINM_02846;GCF_905400185.1|DKPOPA_02866;MF6|CFFIHE_02903;MF7|EFEKAH_05674
GCF_016899425.1|KEDGBJ_02911	6	6	1	1	GCF_016899425.1;GCF_053038975.1;GCF_053209605.1;GCF_905400185.1;MF6;MF7	GCF_016899425.1|KEDGBJ_02911;GCF_053038975.1|AHCKDM_02843;GCF_053209605.1|GFFINM_02847;GCF_905400185.1|DKPOPA_02867;MF6|CFFIHE_02904;MF7|EFEKAH_05675
GCF_016899425.1|KEDGBJ_02912	6	6	1	1	GCF_016899425.1;GCF_053038975.1;GCF_053209605.1;GCF_905400185.1;MF6;MF7	GCF_016899425.1|KEDGBJ_02912;GCF_053038975.1|AHCKDM_02844;GCF_053209605.1|GFFINM_02848;GCF_905400185.1|DKPOPA_02868;MF6|CFFIHE_02905;MF7|EFEKAH_05676
GCF_016899425.1|KEDGBJ_02913	6	6	1	1	GCF_016899425.1;GCF_053038975.1;GCF_053209605.1;GCF_905400185.1;MF6;MF7	GCF_016899425.1|KEDGBJ_02913;GCF_053038975.1|AHCKDM_02845;GCF_053209605.1|GFFINM_02849;GCF_905400185.1|DKPOPA_02869;MF6|CFFIHE_02906;MF7|EFEKAH_05677
GCF_016899425.1|KEDGBJ_02914	6	6	1	1	GCF_016899425.1;GCF_053038975.1;GCF_053209605.1;GCF_905400185.1;MF6;MF7	GCF_016899425.1|KEDGBJ_02914;GCF_053038975.1|AHCKDM_02846;GCF_053209605.1|GFFINM_02850;GCF_905400185.1|DKPOPA_02870;MF6|CFFIHE_02907;MF7|EFEKAH_05678
GCF_016899425.1|KEDGBJ_02915	6	6	1	1	GCF_016899425.1;GCF_053038975.1;GCF_053209605.1;GCF_905400185.1;MF6;MF7	GCF_016899425.1|KEDGBJ_02915;GCF_053038975.1|AHCKDM_02847;GCF_053209605.1|GFFINM_02851;GCF_905400185.1|DKPOPA_02871;MF6|CFFIHE_02908;MF7|EFEKAH_05679
GCF_016899425.1|KEDGBJ_02916	6	6	1	1	GCF_016899425.1;GCF_053038975.1;GCF_053209605.1;GCF_905400185.1;MF6;MF7	GCF_016899425.1|KEDGBJ_02916;GCF_053038975.1|AHCKDM_02848;GCF_053209605.1|GFFINM_02852;GCF_905400185.1|DKPOPA_02872;MF6|CFFIHE_02909;MF7|EFEKAH_05680
GCF_016899425.1|KEDGBJ_02917	6	6	1	1	GCF_016899425.1;GCF_053038975.1;GCF_053209605.1;GCF_905400185.1;MF6;MF7	GCF_016899425.1|KEDGBJ_02917;GCF_053038975.1|AHCKDM_02850;GCF_053209605.1|GFFINM_02854;GCF_905400185.1|DKPOPA_02873;MF6|CFFIHE_02910;MF7|EFEKAH_05681
GCF_016899425.1|KEDGBJ_02918	6	6	1	1	GCF_016899425.1;GCF_053038975.1;GCF_053209605.1;GCF_905400185.1;MF6;MF7	GCF_016899425.1|KEDGBJ_02918;GCF_053038975.1|AHCKDM_02851;GCF_053209605.1|GFFINM_02855;GCF_905400185.1|DKPOPA_02874;MF6|CFFIHE_02911;MF7|EFEKAH_05682
GCF_016899425.1|KEDGBJ_02919	6	6	1	1	GCF_016899425.1;GCF_053038975.1;GCF_053209605.1;GCF_905400185.1;MF6;MF7	GCF_016899425.1|KEDGBJ_02919;GCF_053038975.1|AHCKDM_02852;GCF_053209605.1|GFFINM_02856;GCF_905400185.1|DKPOPA_02875;MF6|CFFIHE_02912;MF7|EFEKAH_05683
GCF_016899425.1|KEDGBJ_02920	6	6	1	1	GCF_016899425.1;GCF_053038975.1;GCF_053209605.1;GCF_905400185.1;MF6;MF7	GCF_016899425.1|KEDGBJ_02920;GCF_053038975.1|AHCKDM_02853;GCF_053209605.1|GFFINM_02857;GCF_905400185.1|DKPOPA_02876;MF6|CFFIHE_02913;MF7|EFEKAH_05684
GCF_016899425.1|KEDGBJ_02921	6	6	1	1	GCF_016899425.1;GCF_053038975.1;GCF_053209605.1;GCF_905400185.1;MF6;MF7	GCF_016899425.1|KEDGBJ_02921;GCF_053038975.1|AHCKDM_02854;GCF_053209605.1|GFFINM_02858;GCF_905400185.1|DKPOPA_02877;MF6|CFFIHE_02914;MF7|EFEKAH_05685
GCF_016899425.1|KEDGBJ_02922	6	6	1	1	GCF_016899425.1;GCF_053038975.1;GCF_053209605.1;GCF_905400185.1;MF6;MF7	GCF_016899425.1|KEDGBJ_02922;GCF_053038975.1|AHCKDM_02855;GCF_053209605.1|GFFINM_02859;GCF_905400185.1|DKPOPA_02878;MF6|CFFIHE_02915;MF7|EFEKAH_05686
GCF_016899425.1|KEDGBJ_02923	6	6	1	1	GCF_016899425.1;GCF_053038975.1;GCF_053209605.1;GCF_905400185.1;MF6;MF7	GCF_016899425.1|KEDGBJ_02923;GCF_053038975.1|AHCKDM_02856;GCF_053209605.1|GFFINM_02860;GCF_905400185.1|DKPOPA_02879;MF6|CFFIHE_02916;MF7|EFEKAH_05687
GCF_016899425.1|KEDGBJ_02924	6	6	1	1	GCF_016899425.1;GCF_053038975.1;GCF_053209605.1;GCF_905400185.1;MF6;MF7	GCF_016899425.1|KEDGBJ_02924;GCF_053038975.1|AHCKDM_02857;GCF_053209605.1|GFFINM_02861;GCF_905400185.1|DKPOPA_02880;MF6|CFFIHE_02917;MF7|EFEKAH_05688
GCF_016899425.1|KEDGBJ_02925	6	6	1	1	GCF_016899425.1;GCF_053038975.1;GCF_053209605.1;GCF_905400185.1;MF6;MF7	GCF_016899425.1|KEDGBJ_02925;GCF_053038975.1|AHCKDM_02858;GCF_053209605.1|GFFINM_02862;GCF_905400185.1|DKPOPA_02881;MF6|CFFIHE_02918;MF7|EFEKAH_05689
GCF_016899425.1|KEDGBJ_02926	6	6	1	1	GCF_016899425.1;GCF_053038975.1;GCF_053209605.1;GCF_905400185.1;MF6;MF7	GCF_016899425.1|KEDGBJ_02926;GCF_053038975.1|AHCKDM_02859;GCF_053209605.1|GFFINM_02863;GCF_905400185.1|DKPOPA_02882;MF6|CFFIHE_02919;MF7|EFEKAH_05690
GCF_016899425.1|KEDGBJ_02927	6	6	1	1	GCF_016899425.1;GCF_053038975.1;GCF_053209605.1;GCF_905400185.1;MF6;MF7	GCF_016899425.1|KEDGBJ_02927;GCF_053038975.1|AHCKDM_02860;GCF_053209605.1|GFFINM_02864;GCF_905400185.1|DKPOPA_02883;MF6|CFFIHE_02920;MF7|EFEKAH_05691
GCF_016899425.1|KEDGBJ_02928	6	6	1	1	GCF_016899425.1;GCF_053038975.1;GCF_053209605.1;GCF_905400185.1;MF6;MF7	GCF_016899425.1|KEDGBJ_02928;GCF_053038975.1|AHCKDM_02861;GCF_053209605.1|GFFINM_02865;GCF_905400185.1|DKPOPA_02884;MF6|CFFIHE_02921;MF7|EFEKAH_05692
GCF_016899425.1|KEDGBJ_02929	6	6	1	1	GCF_016899425.1;GCF_053038975.1;GCF_053209605.1;GCF_905400185.1;MF6;MF7	GCF_016899425.1|KEDGBJ_02929;GCF_053038975.1|AHCKDM_02862;GCF_053209605.1|GFFINM_02866;GCF_905400185.1|DKPOPA_02885;MF6|CFFIHE_02922;MF7|EFEKAH_05693
GCF_016899425.1|KEDGBJ_02931	6	6	1	1	GCF_016899425.1;GCF_053038975.1;GCF_053209605.1;GCF_905400185.1;MF6;MF7	GCF_016899425.1|KEDGBJ_02931;GCF_053038975.1|AHCKDM_02864;GCF_053209605.1|GFFINM_02868;GCF_905400185.1|DKPOPA_02887;MF6|CFFIHE_02924;MF7|EFEKAH_05695
GCF_016899425.1|KEDGBJ_02932	6	6	1	1	GCF_016899425.1;GCF_053038975.1;GCF_053209605.1;GCF_905400185.1;MF6;MF7	GCF_016899425.1|KEDGBJ_02932;GCF_053038975.1|AHCKDM_02865;GCF_053209605.1|GFFINM_02869;GCF_905400185.1|DKPOPA_02888;MF6|CFFIHE_02925;MF7|EFEKAH_05696
GCF_016899425.1|KEDGBJ_02933	6	6	1	1	GCF_016899425.1;GCF_053038975.1;GCF_053209605.1;GCF_905400185.1;MF6;MF7	GCF_016899425.1|KEDGBJ_02933;GCF_053038975.1|AHCKDM_02866;GCF_053209605.1|GFFINM_02870;GCF_905400185.1|DKPOPA_02889;MF6|CFFIHE_02926;MF7|EFEKAH_05697
GCF_016899425.1|KEDGBJ_02934	6	6	1	1	GCF_016899425.1;GCF_053038975.1;GCF_053209605.1;GCF_905400185.1;MF6;MF7	GCF_016899425.1|KEDGBJ_02934;GCF_053038975.1|AHCKDM_02867;GCF_053209605.1|GFFINM_02871;GCF_905400185.1|DKPOPA_02890;MF6|CFFIHE_02927;MF7|EFEKAH_05698
GCF_016899425.1|KEDGBJ_02935	6	6	1	1	GCF_016899425.1;GCF_053038975.1;GCF_053209605.1;GCF_905400185.1;MF6;MF7	GCF_016899425.1|KEDGBJ_02935;GCF_053038975.1|AHCKDM_02868;GCF_053209605.1|GFFINM_02872;GCF_905400185.1|DKPOPA_02891;MF6|CFFIHE_02928;MF7|EFEKAH_05699
GCF_016899425.1|KEDGBJ_02936	6	6	1	1	GCF_016899425.1;GCF_053038975.1;GCF_053209605.1;GCF_905400185.1;MF6;MF7	GCF_016899425.1|KEDGBJ_02936;GCF_053038975.1|AHCKDM_02869;GCF_053209605.1|GFFINM_02873;GCF_905400185.1|DKPOPA_02892;MF6|CFFIHE_02929;MF7|EFEKAH_05700
GCF_016899425.1|KEDGBJ_02937	6	6	1	1	GCF_016899425.1;GCF_053038975.1;GCF_053209605.1;GCF_905400185.1;MF6;MF7	GCF_016899425.1|KEDGBJ_02937;GCF_053038975.1|AHCKDM_02870;GCF_053209605.1|GFFINM_02874;GCF_905400185.1|DKPOPA_02893;MF6|CFFIHE_02930;MF7|EFEKAH_05701
GCF_016899425.1|KEDGBJ_02938	6	6	1	1	GCF_016899425.1;GCF_053038975.1;GCF_053209605.1;GCF_905400185.1;MF6;MF7	GCF_016899425.1|KEDGBJ_02938;GCF_053038975.1|AHCKDM_02871;GCF_053209605.1|GFFINM_02875;GCF_905400185.1|DKPOPA_02894;MF6|CFFIHE_02931;MF7|EFEKAH_05702
GCF_016899425.1|KEDGBJ_02939	6	6	1	1	GCF_016899425.1;GCF_053038975.1;GCF_053209605.1;GCF_905400185.1;MF6;MF7	GCF_016899425.1|KEDGBJ_02939;GCF_053038975.1|AHCKDM_02872;GCF_053209605.1|GFFINM_02876;GCF_905400185.1|DKPOPA_02895;MF6|CFFIHE_02932;MF7|EFEKAH_05703
GCF_016899425.1|KEDGBJ_02940	6	6	1	1	GCF_016899425.1;GCF_053038975.1;GCF_053209605.1;GCF_905400185.1;MF6;MF7	GCF_016899425.1|KEDGBJ_02940;GCF_053038975.1|AHCKDM_02873;GCF_053209605.1|GFFINM_02877;GCF_905400185.1|DKPOPA_02896;MF6|CFFIHE_02933;MF7|EFEKAH_05704
GCF_016899425.1|KEDGBJ_02942	6	6	1	1	GCF_016899425.1;GCF_053038975.1;GCF_053209605.1;GCF_905400185.1;MF6;MF7	GCF_016899425.1|KEDGBJ_02942;GCF_053038975.1|AHCKDM_02875;GCF_053209605.1|GFFINM_02879;GCF_905400185.1|DKPOPA_02898;MF6|CFFIHE_02935;MF7|EFEKAH_05706
GCF_016899425.1|KEDGBJ_02943	6	6	1	1	GCF_016899425.1;GCF_053038975.1;GCF_053209605.1;GCF_905400185.1;MF6;MF7	GCF_016899425.1|KEDGBJ_02943;GCF_053038975.1|AHCKDM_02876;GCF_053209605.1|GFFINM_02880;GCF_905400185.1|DKPOPA_02899;MF6|CFFIHE_02936;MF7|EFEKAH_05707
GCF_016899425.1|KEDGBJ_02944	6	6	1	1	GCF_016899425.1;GCF_053038975.1;GCF_053209605.1;GCF_905400185.1;MF6;MF7	GCF_016899425.1|KEDGBJ_02944;GCF_053038975.1|AHCKDM_02877;GCF_053209605.1|GFFINM_02881;GCF_905400185.1|DKPOPA_02900;MF6|CFFIHE_02937;MF7|EFEKAH_05708
GCF_016899425.1|KEDGBJ_02945	6	6	1	1	GCF_016899425.1;GCF_053038975.1;GCF_053209605.1;GCF_905400185.1;MF6;MF7	GCF_016899425.1|KEDGBJ_02945;GCF_053038975.1|AHCKDM_02878;GCF_053209605.1|GFFINM_02882;GCF_905400185.1|DKPOPA_02901;MF6|CFFIHE_02938;MF7|EFEKAH_05709
GCF_016899425.1|KEDGBJ_02946	6	6	1	1	GCF_016899425.1;GCF_053038975.1;GCF_053209605.1;GCF_905400185.1;MF6;MF7	GCF_016899425.1|KEDGBJ_02946;GCF_053038975.1|AHCKDM_02879;GCF_053209605.1|GFFINM_02883;GCF_905400185.1|DKPOPA_02902;MF6|CFFIHE_02939;MF7|EFEKAH_05710
GCF_016899425.1|KEDGBJ_02947	6	6	1	1	GCF_016899425.1;GCF_053038975.1;GCF_053209605.1;GCF_905400185.1;MF6;MF7	GCF_016899425.1|KEDGBJ_02947;GCF_053038975.1|AHCKDM_02880;GCF_053209605.1|GFFINM_02884;GCF_905400185.1|DKPOPA_02903;MF6|CFFIHE_02940;MF7|EFEKAH_05711
GCF_016899425.1|KEDGBJ_02948	6	6	1	1	GCF_016899425.1;GCF_053038975.1;GCF_053209605.1;GCF_905400185.1;MF6;MF7	GCF_016899425.1|KEDGBJ_02948;GCF_053038975.1|AHCKDM_02881;GCF_053209605.1|GFFINM_02885;GCF_905400185.1|DKPOPA_02904;MF6|CFFIHE_02941;MF7|EFEKAH_05712
GCF_016899425.1|KEDGBJ_02949	6	6	1	1	GCF_016899425.1;GCF_053038975.1;GCF_053209605.1;GCF_905400185.1;MF6;MF7	GCF_016899425.1|KEDGBJ_02949;GCF_053038975.1|AHCKDM_02882;GCF_053209605.1|GFFINM_02886;GCF_905400185.1|DKPOPA_02905;MF6|CFFIHE_02942;MF7|EFEKAH_05713
GCF_016899425.1|KEDGBJ_02950	6	6	1	1	GCF_016899425.1;GCF_053038975.1;GCF_053209605.1;GCF_905400185.1;MF6;MF7	GCF_016899425.1|KEDGBJ_02950;GCF_053038975.1|AHCKDM_02883;GCF_053209605.1|GFFINM_02887;GCF_905400185.1|DKPOPA_02906;MF6|CFFIHE_02943;MF7|EFEKAH_05714
GCF_016899425.1|KEDGBJ_02951	6	6	1	1	GCF_016899425.1;GCF_053038975.1;GCF_053209605.1;GCF_905400185.1;MF6;MF7	GCF_016899425.1|KEDGBJ_02951;GCF_053038975.1|AHCKDM_02884;GCF_053209605.1|GFFINM_02888;GCF_905400185.1|DKPOPA_02907;MF6|CFFIHE_02944;MF7|EFEKAH_05715
GCF_016899425.1|KEDGBJ_02952	6	6	1	1	GCF_016899425.1;GCF_053038975.1;GCF_053209605.1;GCF_905400185.1;MF6;MF7	GCF_016899425.1|KEDGBJ_02952;GCF_053038975.1|AHCKDM_02885;GCF_053209605.1|GFFINM_02889;GCF_905400185.1|DKPOPA_02908;MF6|CFFIHE_02945;MF7|EFEKAH_05716
GCF_016899425.1|KEDGBJ_02953	6	6	1	1	GCF_016899425.1;GCF_053038975.1;GCF_053209605.1;GCF_905400185.1;MF6;MF7	GCF_016899425.1|KEDGBJ_02953;GCF_053038975.1|AHCKDM_02886;GCF_053209605.1|GFFINM_02890;GCF_905400185.1|DKPOPA_02909;MF6|CFFIHE_02946;MF7|EFEKAH_05717
GCF_016899425.1|KEDGBJ_02954	6	6	1	1	GCF_016899425.1;GCF_053038975.1;GCF_053209605.1;GCF_905400185.1;MF6;MF7	GCF_016899425.1|KEDGBJ_02954;GCF_053038975.1|AHCKDM_02887;GCF_053209605.1|GFFINM_02891;GCF_905400185.1|DKPOPA_02910;MF6|CFFIHE_02947;MF7|EFEKAH_05718
GCF_016899425.1|KEDGBJ_02955	6	6	1	1	GCF_016899425.1;GCF_053038975.1;GCF_053209605.1;GCF_905400185.1;MF6;MF7	GCF_016899425.1|KEDGBJ_02955;GCF_053038975.1|AHCKDM_02888;GCF_053209605.1|GFFINM_02892;GCF_905400185.1|DKPOPA_02911;MF6|CFFIHE_02948;MF7|EFEKAH_05719
GCF_016899425.1|KEDGBJ_02956	6	6	1	1	GCF_016899425.1;GCF_053038975.1;GCF_053209605.1;GCF_905400185.1;MF6;MF7	GCF_016899425.1|KEDGBJ_02956;GCF_053038975.1|AHCKDM_02889;GCF_053209605.1|GFFINM_02893;GCF_905400185.1|DKPOPA_02912;MF6|CFFIHE_02949;MF7|EFEKAH_05720
GCF_016899425.1|KEDGBJ_02957	6	6	1	1	GCF_016899425.1;GCF_053038975.1;GCF_053209605.1;GCF_905400185.1;MF6;MF7	GCF_016899425.1|KEDGBJ_02957;GCF_053038975.1|AHCKDM_02890;GCF_053209605.1|GFFINM_02894;GCF_905400185.1|DKPOPA_02913;MF6|CFFIHE_02950;MF7|EFEKAH_05721
GCF_016899425.1|KEDGBJ_02958	6	6	1	1	GCF_016899425.1;GCF_053038975.1;GCF_053209605.1;GCF_905400185.1;MF6;MF7	GCF_016899425.1|KEDGBJ_02958;GCF_053038975.1|AHCKDM_02891;GCF_053209605.1|GFFINM_02895;GCF_905400185.1|DKPOPA_02914;MF6|CFFIHE_02951;MF7|EFEKAH_05722
GCF_016899425.1|KEDGBJ_02959	6	6	1	1	GCF_016899425.1;GCF_053038975.1;GCF_053209605.1;GCF_905400185.1;MF6;MF7	GCF_016899425.1|KEDGBJ_02959;GCF_053038975.1|AHCKDM_02892;GCF_053209605.1|GFFINM_02896;GCF_905400185.1|DKPOPA_02915;MF6|CFFIHE_02952;MF7|EFEKAH_05723
GCF_016899425.1|KEDGBJ_02960	6	6	1	1	GCF_016899425.1;GCF_053038975.1;GCF_053209605.1;GCF_905400185.1;MF6;MF7	GCF_016899425.1|KEDGBJ_02960;GCF_053038975.1|AHCKDM_02893;GCF_053209605.1|GFFINM_02897;GCF_905400185.1|DKPOPA_02916;MF6|CFFIHE_02953;MF7|EFEKAH_05724
GCF_016899425.1|KEDGBJ_02961	6	6	1	1	GCF_016899425.1;GCF_053038975.1;GCF_053209605.1;GCF_905400185.1;MF6;MF7	GCF_016899425.1|KEDGBJ_02961;GCF_053038975.1|AHCKDM_02894;GCF_053209605.1|GFFINM_02898;GCF_905400185.1|DKPOPA_02917;MF6|CFFIHE_02954;MF7|EFEKAH_05725
GCF_016899425.1|KEDGBJ_02962	6	6	1	1	GCF_016899425.1;GCF_053038975.1;GCF_053209605.1;GCF_905400185.1;MF6;MF7	GCF_016899425.1|KEDGBJ_02962;GCF_053038975.1|AHCKDM_02895;GCF_053209605.1|GFFINM_02899;GCF_905400185.1|DKPOPA_02918;MF6|CFFIHE_02955;MF7|EFEKAH_05726
GCF_016899425.1|KEDGBJ_02963	6	6	1	1	GCF_016899425.1;GCF_053038975.1;GCF_053209605.1;GCF_905400185.1;MF6;MF7	GCF_016899425.1|KEDGBJ_02963;GCF_053038975.1|AHCKDM_02896;GCF_053209605.1|GFFINM_02900;GCF_905400185.1|DKPOPA_02919;MF6|CFFIHE_02956;MF7|EFEKAH_05727
GCF_016899425.1|KEDGBJ_02964	6	6	1	1	GCF_016899425.1;GCF_053038975.1;GCF_053209605.1;GCF_905400185.1;MF6;MF7	GCF_016899425.1|KEDGBJ_02964;GCF_053038975.1|AHCKDM_02897;GCF_053209605.1|GFFINM_02901;GCF_905400185.1|DKPOPA_02920;MF6|CFFIHE_02957;MF7|EFEKAH_05728
GCF_016899425.1|KEDGBJ_02965	6	6	1	1	GCF_016899425.1;GCF_053038975.1;GCF_053209605.1;GCF_905400185.1;MF6;MF7	GCF_016899425.1|KEDGBJ_02965;GCF_053038975.1|AHCKDM_02898;GCF_053209605.1|GFFINM_02902;GCF_905400185.1|DKPOPA_02921;MF6|CFFIHE_02958;MF7|EFEKAH_05729
GCF_016899425.1|KEDGBJ_02966	6	6	1	1	GCF_016899425.1;GCF_053038975.1;GCF_053209605.1;GCF_905400185.1;MF6;MF7	GCF_016899425.1|KEDGBJ_02966;GCF_053038975.1|AHCKDM_02899;GCF_053209605.1|GFFINM_02903;GCF_905400185.1|DKPOPA_02922;MF6|CFFIHE_02959;MF7|EFEKAH_05730
GCF_016899425.1|KEDGBJ_02968	6	6	1	1	GCF_016899425.1;GCF_053038975.1;GCF_053209605.1;GCF_905400185.1;MF6;MF7	GCF_016899425.1|KEDGBJ_02968;GCF_053038975.1|AHCKDM_02901;GCF_053209605.1|GFFINM_02905;GCF_905400185.1|DKPOPA_02924;MF6|CFFIHE_02961;MF7|EFEKAH_05732
GCF_016899425.1|KEDGBJ_02969	6	6	1	1	GCF_016899425.1;GCF_053038975.1;GCF_053209605.1;GCF_905400185.1;MF6;MF7	GCF_016899425.1|KEDGBJ_02969;GCF_053038975.1|AHCKDM_02902;GCF_053209605.1|GFFINM_02906;GCF_905400185.1|DKPOPA_02925;MF6|CFFIHE_02962;MF7|EFEKAH_05733
GCF_016899425.1|KEDGBJ_02970	6	6	1	1	GCF_016899425.1;GCF_053038975.1;GCF_053209605.1;GCF_905400185.1;MF6;MF7	GCF_016899425.1|KEDGBJ_02970;GCF_053038975.1|AHCKDM_02903;GCF_053209605.1|GFFINM_02907;GCF_905400185.1|DKPOPA_02926;MF6|CFFIHE_02963;MF7|EFEKAH_05734
GCF_016899425.1|KEDGBJ_02972	6	6	1	1	GCF_016899425.1;GCF_053038975.1;GCF_053209605.1;GCF_905400185.1;MF6;MF7	GCF_016899425.1|KEDGBJ_02972;GCF_053038975.1|AHCKDM_02905;GCF_053209605.1|GFFINM_02909;GCF_905400185.1|DKPOPA_02928;MF6|CFFIHE_02965;MF7|EFEKAH_05736
GCF_016899425.1|KEDGBJ_02973	6	6	1	1	GCF_016899425.1;GCF_053038975.1;GCF_053209605.1;GCF_905400185.1;MF6;MF7	GCF_016899425.1|KEDGBJ_02973;GCF_053038975.1|AHCKDM_02906;GCF_053209605.1|GFFINM_02910;GCF_905400185.1|DKPOPA_02929;MF6|CFFIHE_02966;MF7|EFEKAH_05737
GCF_016899425.1|KEDGBJ_02974	6	6	1	1	GCF_016899425.1;GCF_053038975.1;GCF_053209605.1;GCF_905400185.1;MF6;MF7	GCF_016899425.1|KEDGBJ_02974;GCF_053038975.1|AHCKDM_02907;GCF_053209605.1|GFFINM_02911;GCF_905400185.1|DKPOPA_02930;MF6|CFFIHE_02967;MF7|EFEKAH_05738
GCF_016899425.1|KEDGBJ_02975	6	6	1	1	GCF_016899425.1;GCF_053038975.1;GCF_053209605.1;GCF_905400185.1;MF6;MF7	GCF_016899425.1|KEDGBJ_02975;GCF_053038975.1|AHCKDM_02908;GCF_053209605.1|GFFINM_02912;GCF_905400185.1|DKPOPA_02931;MF6|CFFIHE_02968;MF7|EFEKAH_05739
GCF_016899425.1|KEDGBJ_02976	6	6	1	1	GCF_016899425.1;GCF_053038975.1;GCF_053209605.1;GCF_905400185.1;MF6;MF7	GCF_016899425.1|KEDGBJ_02976;GCF_053038975.1|AHCKDM_02909;GCF_053209605.1|GFFINM_02913;GCF_905400185.1|DKPOPA_02932;MF6|CFFIHE_02969;MF7|EFEKAH_05740
GCF_016899425.1|KEDGBJ_02977	6	6	1	1	GCF_016899425.1;GCF_053038975.1;GCF_053209605.1;GCF_905400185.1;MF6;MF7	GCF_016899425.1|KEDGBJ_02977;GCF_053038975.1|AHCKDM_02910;GCF_053209605.1|GFFINM_02914;GCF_905400185.1|DKPOPA_02933;MF6|CFFIHE_02970;MF7|EFEKAH_05741
GCF_016899425.1|KEDGBJ_02978	6	6	1	1	GCF_016899425.1;GCF_053038975.1;GCF_053209605.1;GCF_905400185.1;MF6;MF7	GCF_016899425.1|KEDGBJ_02978;GCF_053038975.1|AHCKDM_02911;GCF_053209605.1|GFFINM_02915;GCF_905400185.1|DKPOPA_02934;MF6|CFFIHE_02971;MF7|EFEKAH_05742
GCF_016899425.1|KEDGBJ_02979	6	6	1	1	GCF_016899425.1;GCF_053038975.1;GCF_053209605.1;GCF_905400185.1;MF6;MF7	GCF_016899425.1|KEDGBJ_02979;GCF_053038975.1|AHCKDM_02912;GCF_053209605.1|GFFINM_02916;GCF_905400185.1|DKPOPA_02935;MF6|CFFIHE_02972;MF7|EFEKAH_05743
GCF_016899425.1|KEDGBJ_02980	6	6	1	1	GCF_016899425.1;GCF_053038975.1;GCF_053209605.1;GCF_905400185.1;MF6;MF7	GCF_016899425.1|KEDGBJ_02980;GCF_053038975.1|AHCKDM_02913;GCF_053209605.1|GFFINM_02917;GCF_905400185.1|DKPOPA_02936;MF6|CFFIHE_02973;MF7|EFEKAH_05744
GCF_016899425.1|KEDGBJ_02981	6	6	1	1	GCF_016899425.1;GCF_053038975.1;GCF_053209605.1;GCF_905400185.1;MF6;MF7	GCF_016899425.1|KEDGBJ_02981;GCF_053038975.1|AHCKDM_02914;GCF_053209605.1|GFFINM_02918;GCF_905400185.1|DKPOPA_02937;MF6|CFFIHE_02974;MF7|EFEKAH_05745
GCF_016899425.1|KEDGBJ_02982	6	6	1	1	GCF_016899425.1;GCF_053038975.1;GCF_053209605.1;GCF_905400185.1;MF6;MF7	GCF_016899425.1|KEDGBJ_02982;GCF_053038975.1|AHCKDM_02915;GCF_053209605.1|GFFINM_02919;GCF_905400185.1|DKPOPA_02938;MF6|CFFIHE_02975;MF7|EFEKAH_05746
GCF_016899425.1|KEDGBJ_02983	6	6	1	1	GCF_016899425.1;GCF_053038975.1;GCF_053209605.1;GCF_905400185.1;MF6;MF7	GCF_016899425.1|KEDGBJ_02983;GCF_053038975.1|AHCKDM_02916;GCF_053209605.1|GFFINM_02920;GCF_905400185.1|DKPOPA_02939;MF6|CFFIHE_02976;MF7|EFEKAH_05747
GCF_016899425.1|KEDGBJ_02984	6	6	1	1	GCF_016899425.1;GCF_053038975.1;GCF_053209605.1;GCF_905400185.1;MF6;MF7	GCF_016899425.1|KEDGBJ_02984;GCF_053038975.1|AHCKDM_02917;GCF_053209605.1|GFFINM_02921;GCF_905400185.1|DKPOPA_02940;MF6|CFFIHE_02977;MF7|EFEKAH_05748
GCF_016899425.1|KEDGBJ_02985	6	6	1	1	GCF_016899425.1;GCF_053038975.1;GCF_053209605.1;GCF_905400185.1;MF6;MF7	GCF_016899425.1|KEDGBJ_02985;GCF_053038975.1|AHCKDM_02918;GCF_053209605.1|GFFINM_02922;GCF_905400185.1|DKPOPA_02941;MF6|CFFIHE_02978;MF7|EFEKAH_05749
GCF_016899425.1|KEDGBJ_02986	6	6	1	1	GCF_016899425.1;GCF_053038975.1;GCF_053209605.1;GCF_905400185.1;MF6;MF7	GCF_016899425.1|KEDGBJ_02986;GCF_053038975.1|AHCKDM_02920;GCF_053209605.1|GFFINM_02924;GCF_905400185.1|DKPOPA_02942;MF6|CFFIHE_02979;MF7|EFEKAH_05750
GCF_016899425.1|KEDGBJ_02987	6	6	1	1	GCF_016899425.1;GCF_053038975.1;GCF_053209605.1;GCF_905400185.1;MF6;MF7	GCF_016899425.1|KEDGBJ_02987;GCF_053038975.1|AHCKDM_02921;GCF_053209605.1|GFFINM_02925;GCF_905400185.1|DKPOPA_02943;MF6|CFFIHE_02980;MF7|EFEKAH_05751
GCF_016899425.1|KEDGBJ_02988	6	6	1	1	GCF_016899425.1;GCF_053038975.1;GCF_053209605.1;GCF_905400185.1;MF6;MF7	GCF_016899425.1|KEDGBJ_02988;GCF_053038975.1|AHCKDM_02922;GCF_053209605.1|GFFINM_02926;GCF_905400185.1|DKPOPA_02944;MF6|CFFIHE_02981;MF7|EFEKAH_05752
GCF_016899425.1|KEDGBJ_02989	6	6	1	1	GCF_016899425.1;GCF_053038975.1;GCF_053209605.1;GCF_905400185.1;MF6;MF7	GCF_016899425.1|KEDGBJ_02989;GCF_053038975.1|AHCKDM_02923;GCF_053209605.1|GFFINM_02927;GCF_905400185.1|DKPOPA_02945;MF6|CFFIHE_02982;MF7|EFEKAH_05753
GCF_016899425.1|KEDGBJ_02990	6	6	1	1	GCF_016899425.1;GCF_053038975.1;GCF_053209605.1;GCF_905400185.1;MF6;MF7	GCF_016899425.1|KEDGBJ_02990;GCF_053038975.1|AHCKDM_02924;GCF_053209605.1|GFFINM_02928;GCF_905400185.1|DKPOPA_02946;MF6|CFFIHE_02983;MF7|EFEKAH_05754
GCF_016899425.1|KEDGBJ_02992	6	6	1	1	GCF_016899425.1;GCF_053038975.1;GCF_053209605.1;GCF_905400185.1;MF6;MF7	GCF_016899425.1|KEDGBJ_02992;GCF_053038975.1|AHCKDM_02926;GCF_053209605.1|GFFINM_02930;GCF_905400185.1|DKPOPA_02948;MF6|CFFIHE_02985;MF7|EFEKAH_05756
GCF_016899425.1|KEDGBJ_02994	6	6	1	1	GCF_016899425.1;GCF_053038975.1;GCF_053209605.1;GCF_905400185.1;MF6;MF7	GCF_016899425.1|KEDGBJ_02994;GCF_053038975.1|AHCKDM_02928;GCF_053209605.1|GFFINM_02932;GCF_905400185.1|DKPOPA_02950;MF6|CFFIHE_02987;MF7|EFEKAH_05758
GCF_016899425.1|KEDGBJ_02995	6	6	1	1	GCF_016899425.1;GCF_053038975.1;GCF_053209605.1;GCF_905400185.1;MF6;MF7	GCF_016899425.1|KEDGBJ_02995;GCF_053038975.1|AHCKDM_02929;GCF_053209605.1|GFFINM_02933;GCF_905400185.1|DKPOPA_02951;MF6|CFFIHE_02988;MF7|EFEKAH_05759
GCF_016899425.1|KEDGBJ_02996	6	6	1	1	GCF_016899425.1;GCF_053038975.1;GCF_053209605.1;GCF_905400185.1;MF6;MF7	GCF_016899425.1|KEDGBJ_02996;GCF_053038975.1|AHCKDM_02930;GCF_053209605.1|GFFINM_02934;GCF_905400185.1|DKPOPA_02952;MF6|CFFIHE_02989;MF7|EFEKAH_05760
GCF_016899425.1|KEDGBJ_02997	6	6	1	1	GCF_016899425.1;GCF_053038975.1;GCF_053209605.1;GCF_905400185.1;MF6;MF7	GCF_016899425.1|KEDGBJ_02997;GCF_053038975.1|AHCKDM_02931;GCF_053209605.1|GFFINM_02935;GCF_905400185.1|DKPOPA_02953;MF6|CFFIHE_02990;MF7|EFEKAH_05761
GCF_016899425.1|KEDGBJ_02998	6	6	1	1	GCF_016899425.1;GCF_053038975.1;GCF_053209605.1;GCF_905400185.1;MF6;MF7	GCF_016899425.1|KEDGBJ_02998;GCF_053038975.1|AHCKDM_02932;GCF_053209605.1|GFFINM_02936;GCF_905400185.1|DKPOPA_02954;MF6|CFFIHE_02991;MF7|EFEKAH_05762
GCF_016899425.1|KEDGBJ_02999	6	6	1	1	GCF_016899425.1;GCF_053038975.1;GCF_053209605.1;GCF_905400185.1;MF6;MF7	GCF_016899425.1|KEDGBJ_02999;GCF_053038975.1|AHCKDM_02933;GCF_053209605.1|GFFINM_02937;GCF_905400185.1|DKPOPA_02955;MF6|CFFIHE_02992;MF7|EFEKAH_05763
GCF_016899425.1|KEDGBJ_03000	6	6	1	1	GCF_016899425.1;GCF_053038975.1;GCF_053209605.1;GCF_905400185.1;MF6;MF7	GCF_016899425.1|KEDGBJ_03000;GCF_053038975.1|AHCKDM_02934;GCF_053209605.1|GFFINM_02938;GCF_905400185.1|DKPOPA_02956;MF6|CFFIHE_02993;MF7|EFEKAH_05764
GCF_016899425.1|KEDGBJ_03001	6	6	1	1	GCF_016899425.1;GCF_053038975.1;GCF_053209605.1;GCF_905400185.1;MF6;MF7	GCF_016899425.1|KEDGBJ_03001;GCF_053038975.1|AHCKDM_02935;GCF_053209605.1|GFFINM_02939;GCF_905400185.1|DKPOPA_02957;MF6|CFFIHE_02994;MF7|EFEKAH_05765
GCF_016899425.1|KEDGBJ_03002	6	6	1	1	GCF_016899425.1;GCF_053038975.1;GCF_053209605.1;GCF_905400185.1;MF6;MF7	GCF_016899425.1|KEDGBJ_03002;GCF_053038975.1|AHCKDM_02936;GCF_053209605.1|GFFINM_02940;GCF_905400185.1|DKPOPA_02958;MF6|CFFIHE_02995;MF7|EFEKAH_05766
GCF_016899425.1|KEDGBJ_03003	6	6	1	1	GCF_016899425.1;GCF_053038975.1;GCF_053209605.1;GCF_905400185.1;MF6;MF7	GCF_016899425.1|KEDGBJ_03003;GCF_053038975.1|AHCKDM_02937;GCF_053209605.1|GFFINM_02941;GCF_905400185.1|DKPOPA_02959;MF6|CFFIHE_02996;MF7|EFEKAH_05767
GCF_016899425.1|KEDGBJ_03004	6	6	1	1	GCF_016899425.1;GCF_053038975.1;GCF_053209605.1;GCF_905400185.1;MF6;MF7	GCF_016899425.1|KEDGBJ_03004;GCF_053038975.1|AHCKDM_02938;GCF_053209605.1|GFFINM_02942;GCF_905400185.1|DKPOPA_02960;MF6|CFFIHE_02997;MF7|EFEKAH_05768
GCF_016899425.1|KEDGBJ_03005	6	6	1	1	GCF_016899425.1;GCF_053038975.1;GCF_053209605.1;GCF_905400185.1;MF6;MF7	GCF_016899425.1|KEDGBJ_03005;GCF_053038975.1|AHCKDM_02939;GCF_053209605.1|GFFINM_02943;GCF_905400185.1|DKPOPA_02961;MF6|CFFIHE_02998;MF7|EFEKAH_05769
GCF_016899425.1|KEDGBJ_03006	6	6	1	1	GCF_016899425.1;GCF_053038975.1;GCF_053209605.1;GCF_905400185.1;MF6;MF7	GCF_016899425.1|KEDGBJ_03006;GCF_053038975.1|AHCKDM_02940;GCF_053209605.1|GFFINM_02944;GCF_905400185.1|DKPOPA_02962;MF6|CFFIHE_02999;MF7|EFEKAH_05770
GCF_016899425.1|KEDGBJ_03007	6	6	1	1	GCF_016899425.1;GCF_053038975.1;GCF_053209605.1;GCF_905400185.1;MF6;MF7	GCF_016899425.1|KEDGBJ_03007;GCF_053038975.1|AHCKDM_02941;GCF_053209605.1|GFFINM_02945;GCF_905400185.1|DKPOPA_02963;MF6|CFFIHE_03000;MF7|EFEKAH_05771
GCF_016899425.1|KEDGBJ_03008	6	6	1	1	GCF_016899425.1;GCF_053038975.1;GCF_053209605.1;GCF_905400185.1;MF6;MF7	GCF_016899425.1|KEDGBJ_03008;GCF_053038975.1|AHCKDM_02942;GCF_053209605.1|GFFINM_02946;GCF_905400185.1|DKPOPA_02964;MF6|CFFIHE_03001;MF7|EFEKAH_05772
GCF_016899425.1|KEDGBJ_03009	6	6	1	1	GCF_016899425.1;GCF_053038975.1;GCF_053209605.1;GCF_905400185.1;MF6;MF7	GCF_016899425.1|KEDGBJ_03009;GCF_053038975.1|AHCKDM_02943;GCF_053209605.1|GFFINM_02947;GCF_905400185.1|DKPOPA_02965;MF6|CFFIHE_03002;MF7|EFEKAH_05773
GCF_016899425.1|KEDGBJ_03010	6	6	1	1	GCF_016899425.1;GCF_053038975.1;GCF_053209605.1;GCF_905400185.1;MF6;MF7	GCF_016899425.1|KEDGBJ_03010;GCF_053038975.1|AHCKDM_02944;GCF_053209605.1|GFFINM_02948;GCF_905400185.1|DKPOPA_02966;MF6|CFFIHE_03003;MF7|EFEKAH_05774
GCF_016899425.1|KEDGBJ_03011	6	6	1	1	GCF_016899425.1;GCF_053038975.1;GCF_053209605.1;GCF_905400185.1;MF6;MF7	GCF_016899425.1|KEDGBJ_03011;GCF_053038975.1|AHCKDM_02945;GCF_053209605.1|GFFINM_02949;GCF_905400185.1|DKPOPA_02967;MF6|CFFIHE_03004;MF7|EFEKAH_05775
GCF_016899425.1|KEDGBJ_03012	6	6	1	1	GCF_016899425.1;GCF_053038975.1;GCF_053209605.1;GCF_905400185.1;MF6;MF7	GCF_016899425.1|KEDGBJ_03012;GCF_053038975.1|AHCKDM_02946;GCF_053209605.1|GFFINM_02950;GCF_905400185.1|DKPOPA_02968;MF6|CFFIHE_03005;MF7|EFEKAH_05776
GCF_016899425.1|KEDGBJ_03013	6	6	1	1	GCF_016899425.1;GCF_053038975.1;GCF_053209605.1;GCF_905400185.1;MF6;MF7	GCF_016899425.1|KEDGBJ_03013;GCF_053038975.1|AHCKDM_02947;GCF_053209605.1|GFFINM_02951;GCF_905400185.1|DKPOPA_02969;MF6|CFFIHE_03006;MF7|EFEKAH_05777
GCF_016899425.1|KEDGBJ_03014	2	2	0	0	GCF_016899425.1;MF6	GCF_016899425.1|KEDGBJ_03014;MF6|CFFIHE_03007
GCF_016899425.1|KEDGBJ_03015	6	6	1	1	GCF_016899425.1;GCF_053038975.1;GCF_053209605.1;GCF_905400185.1;MF6;MF7	GCF_016899425.1|KEDGBJ_03015;GCF_053038975.1|AHCKDM_02948;GCF_053209605.1|GFFINM_02952;GCF_905400185.1|DKPOPA_02970;MF6|CFFIHE_03008;MF7|EFEKAH_05778
GCF_016899425.1|KEDGBJ_03016	6	6	1	1	GCF_016899425.1;GCF_053038975.1;GCF_053209605.1;GCF_905400185.1;MF6;MF7	GCF_016899425.1|KEDGBJ_03016;GCF_053038975.1|AHCKDM_02949;GCF_053209605.1|GFFINM_02953;GCF_905400185.1|DKPOPA_02971;MF6|CFFIHE_03009;MF7|EFEKAH_05779
GCF_016899425.1|KEDGBJ_03017	6	6	1	1	GCF_016899425.1;GCF_053038975.1;GCF_053209605.1;GCF_905400185.1;MF6;MF7	GCF_016899425.1|KEDGBJ_03017;GCF_053038975.1|AHCKDM_02950;GCF_053209605.1|GFFINM_02954;GCF_905400185.1|DKPOPA_02972;MF6|CFFIHE_03010;MF7|EFEKAH_05780
GCF_016899425.1|KEDGBJ_03018	6	6	1	1	GCF_016899425.1;GCF_053038975.1;GCF_053209605.1;GCF_905400185.1;MF6;MF7	GCF_016899425.1|KEDGBJ_03018;GCF_053038975.1|AHCKDM_02951;GCF_053209605.1|GFFINM_02955;GCF_905400185.1|DKPOPA_02973;MF6|CFFIHE_03011;MF7|EFEKAH_05781
GCF_016899425.1|KEDGBJ_03019	6	6	1	1	GCF_016899425.1;GCF_053038975.1;GCF_053209605.1;GCF_905400185.1;MF6;MF7	GCF_016899425.1|KEDGBJ_03019;GCF_053038975.1|AHCKDM_02952;GCF_053209605.1|GFFINM_02956;GCF_905400185.1|DKPOPA_02974;MF6|CFFIHE_03012;MF7|EFEKAH_05782
GCF_016899425.1|KEDGBJ_03020	6	6	1	1	GCF_016899425.1;GCF_053038975.1;GCF_053209605.1;GCF_905400185.1;MF6;MF7	GCF_016899425.1|KEDGBJ_03020;GCF_053038975.1|AHCKDM_02953;GCF_053209605.1|GFFINM_02957;GCF_905400185.1|DKPOPA_02975;MF6|CFFIHE_03013;MF7|EFEKAH_05783
GCF_016899425.1|KEDGBJ_03021	6	6	1	1	GCF_016899425.1;GCF_053038975.1;GCF_053209605.1;GCF_905400185.1;MF6;MF7	GCF_016899425.1|KEDGBJ_03021;GCF_053038975.1|AHCKDM_02954;GCF_053209605.1|GFFINM_02958;GCF_905400185.1|DKPOPA_02976;MF6|CFFIHE_03014;MF7|EFEKAH_05784
GCF_016899425.1|KEDGBJ_03022	6	6	1	1	GCF_016899425.1;GCF_053038975.1;GCF_053209605.1;GCF_905400185.1;MF6;MF7	GCF_016899425.1|KEDGBJ_03022;GCF_053038975.1|AHCKDM_02955;GCF_053209605.1|GFFINM_02959;GCF_905400185.1|DKPOPA_02977;MF6|CFFIHE_03015;MF7|EFEKAH_05785
GCF_016899425.1|KEDGBJ_03023	6	6	1	1	GCF_016899425.1;GCF_053038975.1;GCF_053209605.1;GCF_905400185.1;MF6;MF7	GCF_016899425.1|KEDGBJ_03023;GCF_053038975.1|AHCKDM_02956;GCF_053209605.1|GFFINM_02960;GCF_905400185.1|DKPOPA_02978;MF6|CFFIHE_03016;MF7|EFEKAH_05786
GCF_016899425.1|KEDGBJ_03024	6	6	1	1	GCF_016899425.1;GCF_053038975.1;GCF_053209605.1;GCF_905400185.1;MF6;MF7	GCF_016899425.1|KEDGBJ_03024;GCF_053038975.1|AHCKDM_02957;GCF_053209605.1|GFFINM_02961;GCF_905400185.1|DKPOPA_02979;MF6|CFFIHE_03017;MF7|EFEKAH_05787
GCF_016899425.1|KEDGBJ_03025	6	6	1	1	GCF_016899425.1;GCF_053038975.1;GCF_053209605.1;GCF_905400185.1;MF6;MF7	GCF_016899425.1|KEDGBJ_03025;GCF_053038975.1|AHCKDM_02958;GCF_053209605.1|GFFINM_02962;GCF_905400185.1|DKPOPA_02980;MF6|CFFIHE_03018;MF7|EFEKAH_05788
GCF_016899425.1|KEDGBJ_03026	6	6	1	1	GCF_016899425.1;GCF_053038975.1;GCF_053209605.1;GCF_905400185.1;MF6;MF7	GCF_016899425.1|KEDGBJ_03026;GCF_053038975.1|AHCKDM_02959;GCF_053209605.1|GFFINM_02963;GCF_905400185.1|DKPOPA_02981;MF6|CFFIHE_03019;MF7|EFEKAH_05789
GCF_016899425.1|KEDGBJ_03027	6	6	1	1	GCF_016899425.1;GCF_053038975.1;GCF_053209605.1;GCF_905400185.1;MF6;MF7	GCF_016899425.1|KEDGBJ_03027;GCF_053038975.1|AHCKDM_02960;GCF_053209605.1|GFFINM_02964;GCF_905400185.1|DKPOPA_02982;MF6|CFFIHE_03020;MF7|EFEKAH_05790
GCF_016899425.1|KEDGBJ_03028	6	6	1	1	GCF_016899425.1;GCF_053038975.1;GCF_053209605.1;GCF_905400185.1;MF6;MF7	GCF_016899425.1|KEDGBJ_03028;GCF_053038975.1|AHCKDM_02961;GCF_053209605.1|GFFINM_02965;GCF_905400185.1|DKPOPA_02983;MF6|CFFIHE_03021;MF7|EFEKAH_05791
GCF_016899425.1|KEDGBJ_03029	6	6	1	1	GCF_016899425.1;GCF_053038975.1;GCF_053209605.1;GCF_905400185.1;MF6;MF7	GCF_016899425.1|KEDGBJ_03029;GCF_053038975.1|AHCKDM_02962;GCF_053209605.1|GFFINM_02966;GCF_905400185.1|DKPOPA_02984;MF6|CFFIHE_03022;MF7|EFEKAH_05792
GCF_016899425.1|KEDGBJ_03030	6	6	1	1	GCF_016899425.1;GCF_053038975.1;GCF_053209605.1;GCF_905400185.1;MF6;MF7	GCF_016899425.1|KEDGBJ_03030;GCF_053038975.1|AHCKDM_02963;GCF_053209605.1|GFFINM_02967;GCF_905400185.1|DKPOPA_02985;MF6|CFFIHE_03023;MF7|EFEKAH_05793
GCF_016899425.1|KEDGBJ_03031	6	6	1	1	GCF_016899425.1;GCF_053038975.1;GCF_053209605.1;GCF_905400185.1;MF6;MF7	GCF_016899425.1|KEDGBJ_03031;GCF_053038975.1|AHCKDM_02964;GCF_053209605.1|GFFINM_02968;GCF_905400185.1|DKPOPA_02986;MF6|CFFIHE_03024;MF7|EFEKAH_05794
GCF_016899425.1|KEDGBJ_03032	6	6	1	1	GCF_016899425.1;GCF_053038975.1;GCF_053209605.1;GCF_905400185.1;MF6;MF7	GCF_016899425.1|KEDGBJ_03032;GCF_053038975.1|AHCKDM_02965;GCF_053209605.1|GFFINM_02969;GCF_905400185.1|DKPOPA_02987;MF6|CFFIHE_03025;MF7|EFEKAH_05795
GCF_016899425.1|KEDGBJ_03033	6	6	1	1	GCF_016899425.1;GCF_053038975.1;GCF_053209605.1;GCF_905400185.1;MF6;MF7	GCF_016899425.1|KEDGBJ_03033;GCF_053038975.1|AHCKDM_02966;GCF_053209605.1|GFFINM_02970;GCF_905400185.1|DKPOPA_02988;MF6|CFFIHE_03026;MF7|EFEKAH_05796
GCF_016899425.1|KEDGBJ_03034	6	6	1	1	GCF_016899425.1;GCF_053038975.1;GCF_053209605.1;GCF_905400185.1;MF6;MF7	GCF_016899425.1|KEDGBJ_03034;GCF_053038975.1|AHCKDM_02967;GCF_053209605.1|GFFINM_02971;GCF_905400185.1|DKPOPA_02989;MF6|CFFIHE_03027;MF7|EFEKAH_05797
GCF_016899425.1|KEDGBJ_03035	6	6	1	1	GCF_016899425.1;GCF_053038975.1;GCF_053209605.1;GCF_905400185.1;MF6;MF7	GCF_016899425.1|KEDGBJ_03035;GCF_053038975.1|AHCKDM_02968;GCF_053209605.1|GFFINM_02972;GCF_905400185.1|DKPOPA_02990;MF6|CFFIHE_03028;MF7|EFEKAH_05798
GCF_016899425.1|KEDGBJ_03036	6	6	1	1	GCF_016899425.1;GCF_053038975.1;GCF_053209605.1;GCF_905400185.1;MF6;MF7	GCF_016899425.1|KEDGBJ_03036;GCF_053038975.1|AHCKDM_02969;GCF_053209605.1|GFFINM_02973;GCF_905400185.1|DKPOPA_02991;MF6|CFFIHE_03029;MF7|EFEKAH_05799
GCF_016899425.1|KEDGBJ_03037	6	6	1	1	GCF_016899425.1;GCF_053038975.1;GCF_053209605.1;GCF_905400185.1;MF6;MF7	GCF_016899425.1|KEDGBJ_03037;GCF_053038975.1|AHCKDM_02970;GCF_053209605.1|GFFINM_02974;GCF_905400185.1|DKPOPA_02992;MF6|CFFIHE_03030;MF7|EFEKAH_05800
GCF_016899425.1|KEDGBJ_03039	6	6	1	1	GCF_016899425.1;GCF_053038975.1;GCF_053209605.1;GCF_905400185.1;MF6;MF7	GCF_016899425.1|KEDGBJ_03039;GCF_053038975.1|AHCKDM_02972;GCF_053209605.1|GFFINM_02976;GCF_905400185.1|DKPOPA_02994;MF6|CFFIHE_03032;MF7|EFEKAH_05802
GCF_016899425.1|KEDGBJ_03040	6	6	1	1	GCF_016899425.1;GCF_053038975.1;GCF_053209605.1;GCF_905400185.1;MF6;MF7	GCF_016899425.1|KEDGBJ_03040;GCF_053038975.1|AHCKDM_02973;GCF_053209605.1|GFFINM_02977;GCF_905400185.1|DKPOPA_02995;MF6|CFFIHE_03033;MF7|EFEKAH_05803
GCF_016899425.1|KEDGBJ_03041	6	6	1	1	GCF_016899425.1;GCF_053038975.1;GCF_053209605.1;GCF_905400185.1;MF6;MF7	GCF_016899425.1|KEDGBJ_03041;GCF_053038975.1|AHCKDM_02974;GCF_053209605.1|GFFINM_02978;GCF_905400185.1|DKPOPA_02996;MF6|CFFIHE_03034;MF7|EFEKAH_05804
GCF_016899425.1|KEDGBJ_03042	6	6	1	1	GCF_016899425.1;GCF_053038975.1;GCF_053209605.1;GCF_905400185.1;MF6;MF7	GCF_016899425.1|KEDGBJ_03042;GCF_053038975.1|AHCKDM_02975;GCF_053209605.1|GFFINM_02979;GCF_905400185.1|DKPOPA_02997;MF6|CFFIHE_03035;MF7|EFEKAH_05805
GCF_016899425.1|KEDGBJ_03043	6	6	1	1	GCF_016899425.1;GCF_053038975.1;GCF_053209605.1;GCF_905400185.1;MF6;MF7	GCF_016899425.1|KEDGBJ_03043;GCF_053038975.1|AHCKDM_02976;GCF_053209605.1|GFFINM_02980;GCF_905400185.1|DKPOPA_02998;MF6|CFFIHE_03036;MF7|EFEKAH_05806
GCF_016899425.1|KEDGBJ_03044	6	6	1	1	GCF_016899425.1;GCF_053038975.1;GCF_053209605.1;GCF_905400185.1;MF6;MF7	GCF_016899425.1|KEDGBJ_03044;GCF_053038975.1|AHCKDM_02977;GCF_053209605.1|GFFINM_02981;GCF_905400185.1|DKPOPA_02999;MF6|CFFIHE_03037;MF7|EFEKAH_05807
GCF_016899425.1|KEDGBJ_03045	6	6	1	1	GCF_016899425.1;GCF_053038975.1;GCF_053209605.1;GCF_905400185.1;MF6;MF7	GCF_016899425.1|KEDGBJ_03045;GCF_053038975.1|AHCKDM_02978;GCF_053209605.1|GFFINM_02982;GCF_905400185.1|DKPOPA_03000;MF6|CFFIHE_03038;MF7|EFEKAH_05808
GCF_016899425.1|KEDGBJ_03046	6	6	1	1	GCF_016899425.1;GCF_053038975.1;GCF_053209605.1;GCF_905400185.1;MF6;MF7	GCF_016899425.1|KEDGBJ_03046;GCF_053038975.1|AHCKDM_02979;GCF_053209605.1|GFFINM_02983;GCF_905400185.1|DKPOPA_03001;MF6|CFFIHE_03039;MF7|EFEKAH_05809
GCF_016899425.1|KEDGBJ_03047	6	6	1	1	GCF_016899425.1;GCF_053038975.1;GCF_053209605.1;GCF_905400185.1;MF6;MF7	GCF_016899425.1|KEDGBJ_03047;GCF_053038975.1|AHCKDM_02980;GCF_053209605.1|GFFINM_02984;GCF_905400185.1|DKPOPA_03002;MF6|CFFIHE_03040;MF7|EFEKAH_05810
GCF_016899425.1|KEDGBJ_03048	6	6	1	1	GCF_016899425.1;GCF_053038975.1;GCF_053209605.1;GCF_905400185.1;MF6;MF7	GCF_016899425.1|KEDGBJ_03048;GCF_053038975.1|AHCKDM_02981;GCF_053209605.1|GFFINM_02985;GCF_905400185.1|DKPOPA_03003;MF6|CFFIHE_03041;MF7|EFEKAH_05811
GCF_016899425.1|KEDGBJ_03049	6	6	1	1	GCF_016899425.1;GCF_053038975.1;GCF_053209605.1;GCF_905400185.1;MF6;MF7	GCF_016899425.1|KEDGBJ_03049;GCF_053038975.1|AHCKDM_02982;GCF_053209605.1|GFFINM_02986;GCF_905400185.1|DKPOPA_03004;MF6|CFFIHE_03042;MF7|EFEKAH_05812
GCF_016899425.1|KEDGBJ_03050	6	6	1	1	GCF_016899425.1;GCF_053038975.1;GCF_053209605.1;GCF_905400185.1;MF6;MF7	GCF_016899425.1|KEDGBJ_03050;GCF_053038975.1|AHCKDM_02983;GCF_053209605.1|GFFINM_02987;GCF_905400185.1|DKPOPA_03005;MF6|CFFIHE_03043;MF7|EFEKAH_05813
GCF_016899425.1|KEDGBJ_03051	4	4	0	0	GCF_016899425.1;GCF_905400185.1;MF6;MF7	GCF_016899425.1|KEDGBJ_03051;GCF_905400185.1|DKPOPA_03006;MF6|CFFIHE_03044;MF7|EFEKAH_05814
GCF_016899425.1|KEDGBJ_03053	6	6	1	1	GCF_016899425.1;GCF_053038975.1;GCF_053209605.1;GCF_905400185.1;MF6;MF7	GCF_016899425.1|KEDGBJ_03053;GCF_053038975.1|AHCKDM_02985;GCF_053209605.1|GFFINM_02989;GCF_905400185.1|DKPOPA_03008;MF6|CFFIHE_03046;MF7|EFEKAH_05816
GCF_016899425.1|KEDGBJ_03054	6	6	1	1	GCF_016899425.1;GCF_053038975.1;GCF_053209605.1;GCF_905400185.1;MF6;MF7	GCF_016899425.1|KEDGBJ_03054;GCF_053038975.1|AHCKDM_02986;GCF_053209605.1|GFFINM_02990;GCF_905400185.1|DKPOPA_03009;MF6|CFFIHE_03047;MF7|EFEKAH_05817
GCF_016899425.1|KEDGBJ_03055	6	6	1	1	GCF_016899425.1;GCF_053038975.1;GCF_053209605.1;GCF_905400185.1;MF6;MF7	GCF_016899425.1|KEDGBJ_03055;GCF_053038975.1|AHCKDM_02987;GCF_053209605.1|GFFINM_02991;GCF_905400185.1|DKPOPA_03010;MF6|CFFIHE_03048;MF7|EFEKAH_05818
GCF_016899425.1|KEDGBJ_03056	6	6	1	1	GCF_016899425.1;GCF_053038975.1;GCF_053209605.1;GCF_905400185.1;MF6;MF7	GCF_016899425.1|KEDGBJ_03056;GCF_053038975.1|AHCKDM_02988;GCF_053209605.1|GFFINM_02992;GCF_905400185.1|DKPOPA_03011;MF6|CFFIHE_03049;MF7|EFEKAH_05819
GCF_016899425.1|KEDGBJ_03057	6	6	1	1	GCF_016899425.1;GCF_053038975.1;GCF_053209605.1;GCF_905400185.1;MF6;MF7	GCF_016899425.1|KEDGBJ_03057;GCF_053038975.1|AHCKDM_02989;GCF_053209605.1|GFFINM_02993;GCF_905400185.1|DKPOPA_03012;MF6|CFFIHE_03050;MF7|EFEKAH_05820
GCF_016899425.1|KEDGBJ_03058	6	6	1	1	GCF_016899425.1;GCF_053038975.1;GCF_053209605.1;GCF_905400185.1;MF6;MF7	GCF_016899425.1|KEDGBJ_03058;GCF_053038975.1|AHCKDM_02990;GCF_053209605.1|GFFINM_02994;GCF_905400185.1|DKPOPA_03013;MF6|CFFIHE_03051;MF7|EFEKAH_05821
GCF_016899425.1|KEDGBJ_03059	6	6	1	1	GCF_016899425.1;GCF_053038975.1;GCF_053209605.1;GCF_905400185.1;MF6;MF7	GCF_016899425.1|KEDGBJ_03059;GCF_053038975.1|AHCKDM_02991;GCF_053209605.1|GFFINM_02995;GCF_905400185.1|DKPOPA_03014;MF6|CFFIHE_03052;MF7|EFEKAH_05822
GCF_016899425.1|KEDGBJ_03060	6	6	1	1	GCF_016899425.1;GCF_053038975.1;GCF_053209605.1;GCF_905400185.1;MF6;MF7	GCF_016899425.1|KEDGBJ_03060;GCF_053038975.1|AHCKDM_02992;GCF_053209605.1|GFFINM_02996;GCF_905400185.1|DKPOPA_03015;MF6|CFFIHE_03053;MF7|EFEKAH_05823
GCF_016899425.1|KEDGBJ_03061	6	6	1	1	GCF_016899425.1;GCF_053038975.1;GCF_053209605.1;GCF_905400185.1;MF6;MF7	GCF_016899425.1|KEDGBJ_03061;GCF_053038975.1|AHCKDM_02993;GCF_053209605.1|GFFINM_02997;GCF_905400185.1|DKPOPA_03016;MF6|CFFIHE_03054;MF7|EFEKAH_05824
GCF_016899425.1|KEDGBJ_03062	6	6	1	1	GCF_016899425.1;GCF_053038975.1;GCF_053209605.1;GCF_905400185.1;MF6;MF7	GCF_016899425.1|KEDGBJ_03062;GCF_053038975.1|AHCKDM_02994;GCF_053209605.1|GFFINM_02998;GCF_905400185.1|DKPOPA_03017;MF6|CFFIHE_03055;MF7|EFEKAH_05825
GCF_016899425.1|KEDGBJ_03063	6	6	1	1	GCF_016899425.1;GCF_053038975.1;GCF_053209605.1;GCF_905400185.1;MF6;MF7	GCF_016899425.1|KEDGBJ_03063;GCF_053038975.1|AHCKDM_02995;GCF_053209605.1|GFFINM_02999;GCF_905400185.1|DKPOPA_03018;MF6|CFFIHE_03056;MF7|EFEKAH_05826
GCF_016899425.1|KEDGBJ_03064	6	6	1	1	GCF_016899425.1;GCF_053038975.1;GCF_053209605.1;GCF_905400185.1;MF6;MF7	GCF_016899425.1|KEDGBJ_03064;GCF_053038975.1|AHCKDM_02996;GCF_053209605.1|GFFINM_03000;GCF_905400185.1|DKPOPA_03019;MF6|CFFIHE_03057;MF7|EFEKAH_05827
GCF_016899425.1|KEDGBJ_03065	6	6	1	1	GCF_016899425.1;GCF_053038975.1;GCF_053209605.1;GCF_905400185.1;MF6;MF7	GCF_016899425.1|KEDGBJ_03065;GCF_053038975.1|AHCKDM_02997;GCF_053209605.1|GFFINM_03001;GCF_905400185.1|DKPOPA_03020;MF6|CFFIHE_03058;MF7|EFEKAH_05828
GCF_016899425.1|KEDGBJ_03066	6	6	1	1	GCF_016899425.1;GCF_053038975.1;GCF_053209605.1;GCF_905400185.1;MF6;MF7	GCF_016899425.1|KEDGBJ_03066;GCF_053038975.1|AHCKDM_02998;GCF_053209605.1|GFFINM_03002;GCF_905400185.1|DKPOPA_03021;MF6|CFFIHE_03059;MF7|EFEKAH_05829
GCF_016899425.1|KEDGBJ_03068	6	6	1	1	GCF_016899425.1;GCF_053038975.1;GCF_053209605.1;GCF_905400185.1;MF6;MF7	GCF_016899425.1|KEDGBJ_03068;GCF_053038975.1|AHCKDM_03000;GCF_053209605.1|GFFINM_03004;GCF_905400185.1|DKPOPA_03023;MF6|CFFIHE_03061;MF7|EFEKAH_05831
GCF_016899425.1|KEDGBJ_03069	6	6	1	1	GCF_016899425.1;GCF_053038975.1;GCF_053209605.1;GCF_905400185.1;MF6;MF7	GCF_016899425.1|KEDGBJ_03069;GCF_053038975.1|AHCKDM_03001;GCF_053209605.1|GFFINM_03005;GCF_905400185.1|DKPOPA_03024;MF6|CFFIHE_03062;MF7|EFEKAH_05832
GCF_016899425.1|KEDGBJ_03070	6	6	1	1	GCF_016899425.1;GCF_053038975.1;GCF_053209605.1;GCF_905400185.1;MF6;MF7	GCF_016899425.1|KEDGBJ_03070;GCF_053038975.1|AHCKDM_03002;GCF_053209605.1|GFFINM_03006;GCF_905400185.1|DKPOPA_03025;MF6|CFFIHE_03063;MF7|EFEKAH_05833
GCF_016899425.1|KEDGBJ_03071	4	4	0	0	GCF_016899425.1;GCF_905400185.1;MF6;MF7	GCF_016899425.1|KEDGBJ_03071;GCF_905400185.1|DKPOPA_03026;MF6|CFFIHE_03064;MF7|EFEKAH_05834
GCF_016899425.1|KEDGBJ_03072	4	4	0	0	GCF_016899425.1;GCF_905400185.1;MF6;MF7	GCF_016899425.1|KEDGBJ_03072;GCF_905400185.1|DKPOPA_03027;MF6|CFFIHE_03065;MF7|EFEKAH_05835
GCF_016899425.1|KEDGBJ_03073	6	6	1	1	GCF_016899425.1;GCF_053038975.1;GCF_053209605.1;GCF_905400185.1;MF6;MF7	GCF_016899425.1|KEDGBJ_03073;GCF_053038975.1|AHCKDM_03004;GCF_053209605.1|GFFINM_03008;GCF_905400185.1|DKPOPA_03028;MF6|CFFIHE_03066;MF7|EFEKAH_05836
GCF_016899425.1|KEDGBJ_03074	6	6	1	1	GCF_016899425.1;GCF_053038975.1;GCF_053209605.1;GCF_905400185.1;MF6;MF7	GCF_016899425.1|KEDGBJ_03074;GCF_053038975.1|AHCKDM_03005;GCF_053209605.1|GFFINM_03009;GCF_905400185.1|DKPOPA_03029;MF6|CFFIHE_03067;MF7|EFEKAH_05837
GCF_016899425.1|KEDGBJ_03075	6	6	1	1	GCF_016899425.1;GCF_053038975.1;GCF_053209605.1;GCF_905400185.1;MF6;MF7	GCF_016899425.1|KEDGBJ_03075;GCF_053038975.1|AHCKDM_03006;GCF_053209605.1|GFFINM_03010;GCF_905400185.1|DKPOPA_03030;MF6|CFFIHE_03068;MF7|EFEKAH_05838
GCF_016899425.1|KEDGBJ_03076	6	7	1	0	GCF_016899425.1;GCF_053038975.1;GCF_053209605.1;GCF_905400185.1;MF6;MF7	GCF_016899425.1|KEDGBJ_03076;GCF_053038975.1|AHCKDM_03007;GCF_053209605.1|GFFINM_03011;GCF_053209605.1|GFFINM_03012;GCF_905400185.1|DKPOPA_03031;MF6|CFFIHE_03069;MF7|EFEKAH_05839
GCF_016899425.1|KEDGBJ_03077	6	6	1	1	GCF_016899425.1;GCF_053038975.1;GCF_053209605.1;GCF_905400185.1;MF6;MF7	GCF_016899425.1|KEDGBJ_03077;GCF_053038975.1|AHCKDM_03008;GCF_053209605.1|GFFINM_03013;GCF_905400185.1|DKPOPA_03032;MF6|CFFIHE_03070;MF7|EFEKAH_05840
GCF_016899425.1|KEDGBJ_03078	6	6	1	1	GCF_016899425.1;GCF_053038975.1;GCF_053209605.1;GCF_905400185.1;MF6;MF7	GCF_016899425.1|KEDGBJ_03078;GCF_053038975.1|AHCKDM_03009;GCF_053209605.1|GFFINM_03014;GCF_905400185.1|DKPOPA_03033;MF6|CFFIHE_03071;MF7|EFEKAH_05841
GCF_016899425.1|KEDGBJ_03079	6	6	1	1	GCF_016899425.1;GCF_053038975.1;GCF_053209605.1;GCF_905400185.1;MF6;MF7	GCF_016899425.1|KEDGBJ_03079;GCF_053038975.1|AHCKDM_03010;GCF_053209605.1|GFFINM_03015;GCF_905400185.1|DKPOPA_03034;MF6|CFFIHE_03072;MF7|EFEKAH_05842
GCF_016899425.1|KEDGBJ_03081	6	6	1	1	GCF_016899425.1;GCF_053038975.1;GCF_053209605.1;GCF_905400185.1;MF6;MF7	GCF_016899425.1|KEDGBJ_03081;GCF_053038975.1|AHCKDM_03012;GCF_053209605.1|GFFINM_03017;GCF_905400185.1|DKPOPA_03036;MF6|CFFIHE_03074;MF7|EFEKAH_05844
GCF_016899425.1|KEDGBJ_03082	6	6	1	1	GCF_016899425.1;GCF_053038975.1;GCF_053209605.1;GCF_905400185.1;MF6;MF7	GCF_016899425.1|KEDGBJ_03082;GCF_053038975.1|AHCKDM_03013;GCF_053209605.1|GFFINM_03018;GCF_905400185.1|DKPOPA_03037;MF6|CFFIHE_03075;MF7|EFEKAH_05845
GCF_016899425.1|KEDGBJ_03083	6	6	1	1	GCF_016899425.1;GCF_053038975.1;GCF_053209605.1;GCF_905400185.1;MF6;MF7	GCF_016899425.1|KEDGBJ_03083;GCF_053038975.1|AHCKDM_03014;GCF_053209605.1|GFFINM_03019;GCF_905400185.1|DKPOPA_03038;MF6|CFFIHE_03076;MF7|EFEKAH_05846
GCF_016899425.1|KEDGBJ_03084	6	6	1	1	GCF_016899425.1;GCF_053038975.1;GCF_053209605.1;GCF_905400185.1;MF6;MF7	GCF_016899425.1|KEDGBJ_03084;GCF_053038975.1|AHCKDM_03015;GCF_053209605.1|GFFINM_03020;GCF_905400185.1|DKPOPA_03039;MF6|CFFIHE_03077;MF7|EFEKAH_05847
GCF_016899425.1|KEDGBJ_03085	6	6	1	1	GCF_016899425.1;GCF_053038975.1;GCF_053209605.1;GCF_905400185.1;MF6;MF7	GCF_016899425.1|KEDGBJ_03085;GCF_053038975.1|AHCKDM_03016;GCF_053209605.1|GFFINM_03021;GCF_905400185.1|DKPOPA_03040;MF6|CFFIHE_03078;MF7|EFEKAH_05848
GCF_016899425.1|KEDGBJ_03086	6	6	1	1	GCF_016899425.1;GCF_053038975.1;GCF_053209605.1;GCF_905400185.1;MF6;MF7	GCF_016899425.1|KEDGBJ_03086;GCF_053038975.1|AHCKDM_03017;GCF_053209605.1|GFFINM_03022;GCF_905400185.1|DKPOPA_03041;MF6|CFFIHE_03079;MF7|EFEKAH_05849
GCF_016899425.1|KEDGBJ_03087	6	6	1	1	GCF_016899425.1;GCF_053038975.1;GCF_053209605.1;GCF_905400185.1;MF6;MF7	GCF_016899425.1|KEDGBJ_03087;GCF_053038975.1|AHCKDM_03018;GCF_053209605.1|GFFINM_03023;GCF_905400185.1|DKPOPA_03042;MF6|CFFIHE_03080;MF7|EFEKAH_05850
GCF_016899425.1|KEDGBJ_03089	6	6	1	1	GCF_016899425.1;GCF_053038975.1;GCF_053209605.1;GCF_905400185.1;MF6;MF7	GCF_016899425.1|KEDGBJ_03089;GCF_053038975.1|AHCKDM_03020;GCF_053209605.1|GFFINM_03025;GCF_905400185.1|DKPOPA_03044;MF6|CFFIHE_03082;MF7|EFEKAH_05852
GCF_016899425.1|KEDGBJ_03091	6	6	1	1	GCF_016899425.1;GCF_053038975.1;GCF_053209605.1;GCF_905400185.1;MF6;MF7	GCF_016899425.1|KEDGBJ_03091;GCF_053038975.1|AHCKDM_03022;GCF_053209605.1|GFFINM_03027;GCF_905400185.1|DKPOPA_03046;MF6|CFFIHE_03084;MF7|EFEKAH_05854
GCF_016899425.1|KEDGBJ_03092	6	6	1	1	GCF_016899425.1;GCF_053038975.1;GCF_053209605.1;GCF_905400185.1;MF6;MF7	GCF_016899425.1|KEDGBJ_03092;GCF_053038975.1|AHCKDM_03023;GCF_053209605.1|GFFINM_03028;GCF_905400185.1|DKPOPA_03047;MF6|CFFIHE_03085;MF7|EFEKAH_05855
GCF_016899425.1|KEDGBJ_03094	6	6	1	1	GCF_016899425.1;GCF_053038975.1;GCF_053209605.1;GCF_905400185.1;MF6;MF7	GCF_016899425.1|KEDGBJ_03094;GCF_053038975.1|AHCKDM_03026;GCF_053209605.1|GFFINM_03031;GCF_905400185.1|DKPOPA_03049;MF6|CFFIHE_03087;MF7|EFEKAH_05857
GCF_016899425.1|KEDGBJ_03095	4	4	0	0	GCF_016899425.1;GCF_905400185.1;MF6;MF7	GCF_016899425.1|KEDGBJ_03095;GCF_905400185.1|DKPOPA_03050;MF6|CFFIHE_03088;MF7|EFEKAH_05858
GCF_016899425.1|KEDGBJ_03096	4	4	0	0	GCF_016899425.1;GCF_905400185.1;MF6;MF7	GCF_016899425.1|KEDGBJ_03096;GCF_905400185.1|DKPOPA_03051;MF6|CFFIHE_03089;MF7|EFEKAH_05859
GCF_016899425.1|KEDGBJ_03098	6	6	1	1	GCF_016899425.1;GCF_053038975.1;GCF_053209605.1;GCF_905400185.1;MF6;MF7	GCF_016899425.1|KEDGBJ_03098;GCF_053038975.1|AHCKDM_03028;GCF_053209605.1|GFFINM_03033;GCF_905400185.1|DKPOPA_03053;MF6|CFFIHE_03091;MF7|EFEKAH_05861
GCF_016899425.1|KEDGBJ_03099	6	6	1	1	GCF_016899425.1;GCF_053038975.1;GCF_053209605.1;GCF_905400185.1;MF6;MF7	GCF_016899425.1|KEDGBJ_03099;GCF_053038975.1|AHCKDM_03029;GCF_053209605.1|GFFINM_03034;GCF_905400185.1|DKPOPA_03054;MF6|CFFIHE_03092;MF7|EFEKAH_05862
GCF_016899425.1|KEDGBJ_03100	6	6	1	1	GCF_016899425.1;GCF_053038975.1;GCF_053209605.1;GCF_905400185.1;MF6;MF7	GCF_016899425.1|KEDGBJ_03100;GCF_053038975.1|AHCKDM_03030;GCF_053209605.1|GFFINM_03035;GCF_905400185.1|DKPOPA_03055;MF6|CFFIHE_03093;MF7|EFEKAH_05863
GCF_016899425.1|KEDGBJ_03101	6	6	1	1	GCF_016899425.1;GCF_053038975.1;GCF_053209605.1;GCF_905400185.1;MF6;MF7	GCF_016899425.1|KEDGBJ_03101;GCF_053038975.1|AHCKDM_03031;GCF_053209605.1|GFFINM_03036;GCF_905400185.1|DKPOPA_03056;MF6|CFFIHE_03094;MF7|EFEKAH_05864
GCF_016899425.1|KEDGBJ_03102	6	6	1	1	GCF_016899425.1;GCF_053038975.1;GCF_053209605.1;GCF_905400185.1;MF6;MF7	GCF_016899425.1|KEDGBJ_03102;GCF_053038975.1|AHCKDM_03032;GCF_053209605.1|GFFINM_03037;GCF_905400185.1|DKPOPA_03057;MF6|CFFIHE_03095;MF7|EFEKAH_05865
GCF_016899425.1|KEDGBJ_03103	6	6	1	1	GCF_016899425.1;GCF_053038975.1;GCF_053209605.1;GCF_905400185.1;MF6;MF7	GCF_016899425.1|KEDGBJ_03103;GCF_053038975.1|AHCKDM_03033;GCF_053209605.1|GFFINM_03038;GCF_905400185.1|DKPOPA_03058;MF6|CFFIHE_03096;MF7|EFEKAH_05866
GCF_016899425.1|KEDGBJ_03104	6	6	1	1	GCF_016899425.1;GCF_053038975.1;GCF_053209605.1;GCF_905400185.1;MF6;MF7	GCF_016899425.1|KEDGBJ_03104;GCF_053038975.1|AHCKDM_03034;GCF_053209605.1|GFFINM_03039;GCF_905400185.1|DKPOPA_03059;MF6|CFFIHE_03097;MF7|EFEKAH_05867
GCF_016899425.1|KEDGBJ_03105	6	6	1	1	GCF_016899425.1;GCF_053038975.1;GCF_053209605.1;GCF_905400185.1;MF6;MF7	GCF_016899425.1|KEDGBJ_03105;GCF_053038975.1|AHCKDM_03035;GCF_053209605.1|GFFINM_03040;GCF_905400185.1|DKPOPA_03060;MF6|CFFIHE_03098;MF7|EFEKAH_05868
GCF_016899425.1|KEDGBJ_03107	4	4	0	0	GCF_016899425.1;GCF_905400185.1;MF6;MF7	GCF_016899425.1|KEDGBJ_03107;GCF_905400185.1|DKPOPA_03062;MF6|CFFIHE_03100;MF7|EFEKAH_05870
GCF_016899425.1|KEDGBJ_03108	4	4	0	0	GCF_016899425.1;GCF_905400185.1;MF6;MF7	GCF_016899425.1|KEDGBJ_03108;GCF_905400185.1|DKPOPA_03063;MF6|CFFIHE_03101;MF7|EFEKAH_05871
GCF_016899425.1|KEDGBJ_03109	4	4	0	0	GCF_016899425.1;GCF_905400185.1;MF6;MF7	GCF_016899425.1|KEDGBJ_03109;GCF_905400185.1|DKPOPA_03064;MF6|CFFIHE_03102;MF7|EFEKAH_05872
GCF_016899425.1|KEDGBJ_03110	4	4	0	0	GCF_016899425.1;GCF_905400185.1;MF6;MF7	GCF_016899425.1|KEDGBJ_03110;GCF_905400185.1|DKPOPA_03065;MF6|CFFIHE_03103;MF7|EFEKAH_05873
GCF_016899425.1|KEDGBJ_03111	4	4	0	0	GCF_016899425.1;GCF_905400185.1;MF6;MF7	GCF_016899425.1|KEDGBJ_03111;GCF_905400185.1|DKPOPA_03066;MF6|CFFIHE_03104;MF7|EFEKAH_05874
GCF_016899425.1|KEDGBJ_03112	4	4	0	0	GCF_016899425.1;GCF_905400185.1;MF6;MF7	GCF_016899425.1|KEDGBJ_03112;GCF_905400185.1|DKPOPA_03067;MF6|CFFIHE_03105;MF7|EFEKAH_05875
GCF_016899425.1|KEDGBJ_03113	4	4	0	0	GCF_016899425.1;GCF_905400185.1;MF6;MF7	GCF_016899425.1|KEDGBJ_03113;GCF_905400185.1|DKPOPA_03068;MF6|CFFIHE_03106;MF7|EFEKAH_05876
GCF_016899425.1|KEDGBJ_03114	4	4	0	0	GCF_016899425.1;GCF_905400185.1;MF6;MF7	GCF_016899425.1|KEDGBJ_03114;GCF_905400185.1|DKPOPA_03069;MF6|CFFIHE_03107;MF7|EFEKAH_05877
GCF_016899425.1|KEDGBJ_03115	5	5	0	0	GCF_016899425.1;GCF_053209605.1;GCF_905400185.1;MF6;MF7	GCF_016899425.1|KEDGBJ_03115;GCF_053209605.1|GFFINM_03042;GCF_905400185.1|DKPOPA_03070;MF6|CFFIHE_03108;MF7|EFEKAH_05878
GCF_016899425.1|KEDGBJ_03116	6	6	1	1	GCF_016899425.1;GCF_053038975.1;GCF_053209605.1;GCF_905400185.1;MF6;MF7	GCF_016899425.1|KEDGBJ_03116;GCF_053038975.1|AHCKDM_03037;GCF_053209605.1|GFFINM_03043;GCF_905400185.1|DKPOPA_03071;MF6|CFFIHE_03109;MF7|EFEKAH_05879
GCF_016899425.1|KEDGBJ_03117	6	6	1	1	GCF_016899425.1;GCF_053038975.1;GCF_053209605.1;GCF_905400185.1;MF6;MF7	GCF_016899425.1|KEDGBJ_03117;GCF_053038975.1|AHCKDM_03038;GCF_053209605.1|GFFINM_03044;GCF_905400185.1|DKPOPA_03072;MF6|CFFIHE_03110;MF7|EFEKAH_05880
GCF_016899425.1|KEDGBJ_03118	6	6	1	1	GCF_016899425.1;GCF_053038975.1;GCF_053209605.1;GCF_905400185.1;MF6;MF7	GCF_016899425.1|KEDGBJ_03118;GCF_053038975.1|AHCKDM_03039;GCF_053209605.1|GFFINM_03045;GCF_905400185.1|DKPOPA_03073;MF6|CFFIHE_03111;MF7|EFEKAH_05881
GCF_016899425.1|KEDGBJ_03119	6	6	1	1	GCF_016899425.1;GCF_053038975.1;GCF_053209605.1;GCF_905400185.1;MF6;MF7	GCF_016899425.1|KEDGBJ_03119;GCF_053038975.1|AHCKDM_03040;GCF_053209605.1|GFFINM_03046;GCF_905400185.1|DKPOPA_03074;MF6|CFFIHE_03112;MF7|EFEKAH_05882
GCF_016899425.1|KEDGBJ_03120	4	4	0	0	GCF_016899425.1;GCF_905400185.1;MF6;MF7	GCF_016899425.1|KEDGBJ_03120;GCF_905400185.1|DKPOPA_03075;MF6|CFFIHE_03113;MF7|EFEKAH_05883
GCF_016899425.1|KEDGBJ_03121	4	4	0	0	GCF_016899425.1;GCF_905400185.1;MF6;MF7	GCF_016899425.1|KEDGBJ_03121;GCF_905400185.1|DKPOPA_03076;MF6|CFFIHE_03114;MF7|EFEKAH_05884
GCF_016899425.1|KEDGBJ_03122	6	6	1	1	GCF_016899425.1;GCF_053038975.1;GCF_053209605.1;GCF_905400185.1;MF6;MF7	GCF_016899425.1|KEDGBJ_03122;GCF_053038975.1|AHCKDM_03041;GCF_053209605.1|GFFINM_03047;GCF_905400185.1|DKPOPA_03077;MF6|CFFIHE_03115;MF7|EFEKAH_05885
GCF_016899425.1|KEDGBJ_03123	6	6	1	1	GCF_016899425.1;GCF_053038975.1;GCF_053209605.1;GCF_905400185.1;MF6;MF7	GCF_016899425.1|KEDGBJ_03123;GCF_053038975.1|AHCKDM_03043;GCF_053209605.1|GFFINM_03049;GCF_905400185.1|DKPOPA_03078;MF6|CFFIHE_03116;MF7|EFEKAH_05886
GCF_016899425.1|KEDGBJ_03124	6	6	1	1	GCF_016899425.1;GCF_053038975.1;GCF_053209605.1;GCF_905400185.1;MF6;MF7	GCF_016899425.1|KEDGBJ_03124;GCF_053038975.1|AHCKDM_03044;GCF_053209605.1|GFFINM_03050;GCF_905400185.1|DKPOPA_03079;MF6|CFFIHE_03117;MF7|EFEKAH_05887
GCF_016899425.1|KEDGBJ_03125	6	6	1	1	GCF_016899425.1;GCF_053038975.1;GCF_053209605.1;GCF_905400185.1;MF6;MF7	GCF_016899425.1|KEDGBJ_03125;GCF_053038975.1|AHCKDM_03045;GCF_053209605.1|GFFINM_03051;GCF_905400185.1|DKPOPA_03080;MF6|CFFIHE_03118;MF7|EFEKAH_05888
GCF_016899425.1|KEDGBJ_03126	6	6	1	1	GCF_016899425.1;GCF_053038975.1;GCF_053209605.1;GCF_905400185.1;MF6;MF7	GCF_016899425.1|KEDGBJ_03126;GCF_053038975.1|AHCKDM_03046;GCF_053209605.1|GFFINM_03052;GCF_905400185.1|DKPOPA_03081;MF6|CFFIHE_03119;MF7|EFEKAH_05889
GCF_016899425.1|KEDGBJ_03127	6	6	1	1	GCF_016899425.1;GCF_053038975.1;GCF_053209605.1;GCF_905400185.1;MF6;MF7	GCF_016899425.1|KEDGBJ_03127;GCF_053038975.1|AHCKDM_03047;GCF_053209605.1|GFFINM_03053;GCF_905400185.1|DKPOPA_03082;MF6|CFFIHE_03120;MF7|EFEKAH_05890
GCF_016899425.1|KEDGBJ_03128	6	6	1	1	GCF_016899425.1;GCF_053038975.1;GCF_053209605.1;GCF_905400185.1;MF6;MF7	GCF_016899425.1|KEDGBJ_03128;GCF_053038975.1|AHCKDM_03048;GCF_053209605.1|GFFINM_03054;GCF_905400185.1|DKPOPA_03083;MF6|CFFIHE_03121;MF7|EFEKAH_05891
GCF_016899425.1|KEDGBJ_03129	6	6	1	1	GCF_016899425.1;GCF_053038975.1;GCF_053209605.1;GCF_905400185.1;MF6;MF7	GCF_016899425.1|KEDGBJ_03129;GCF_053038975.1|AHCKDM_03049;GCF_053209605.1|GFFINM_03055;GCF_905400185.1|DKPOPA_03084;MF6|CFFIHE_03122;MF7|EFEKAH_00861
GCF_016899425.1|KEDGBJ_03130	6	6	1	1	GCF_016899425.1;GCF_053038975.1;GCF_053209605.1;GCF_905400185.1;MF6;MF7	GCF_016899425.1|KEDGBJ_03130;GCF_053038975.1|AHCKDM_03050;GCF_053209605.1|GFFINM_03056;GCF_905400185.1|DKPOPA_03085;MF6|CFFIHE_03123;MF7|EFEKAH_00860
GCF_016899425.1|KEDGBJ_03131	6	6	1	1	GCF_016899425.1;GCF_053038975.1;GCF_053209605.1;GCF_905400185.1;MF6;MF7	GCF_016899425.1|KEDGBJ_03131;GCF_053038975.1|AHCKDM_03051;GCF_053209605.1|GFFINM_03057;GCF_905400185.1|DKPOPA_03086;MF6|CFFIHE_03124;MF7|EFEKAH_00859
GCF_016899425.1|KEDGBJ_03132	6	6	1	1	GCF_016899425.1;GCF_053038975.1;GCF_053209605.1;GCF_905400185.1;MF6;MF7	GCF_016899425.1|KEDGBJ_03132;GCF_053038975.1|AHCKDM_03052;GCF_053209605.1|GFFINM_03058;GCF_905400185.1|DKPOPA_03087;MF6|CFFIHE_03125;MF7|EFEKAH_00858
GCF_016899425.1|KEDGBJ_03133	6	6	1	1	GCF_016899425.1;GCF_053038975.1;GCF_053209605.1;GCF_905400185.1;MF6;MF7	GCF_016899425.1|KEDGBJ_03133;GCF_053038975.1|AHCKDM_03053;GCF_053209605.1|GFFINM_03059;GCF_905400185.1|DKPOPA_03088;MF6|CFFIHE_03126;MF7|EFEKAH_00857
GCF_016899425.1|KEDGBJ_03134	6	6	1	1	GCF_016899425.1;GCF_053038975.1;GCF_053209605.1;GCF_905400185.1;MF6;MF7	GCF_016899425.1|KEDGBJ_03134;GCF_053038975.1|AHCKDM_03054;GCF_053209605.1|GFFINM_03060;GCF_905400185.1|DKPOPA_03089;MF6|CFFIHE_03127;MF7|EFEKAH_00856
GCF_016899425.1|KEDGBJ_03136	6	6	1	1	GCF_016899425.1;GCF_053038975.1;GCF_053209605.1;GCF_905400185.1;MF6;MF7	GCF_016899425.1|KEDGBJ_03136;GCF_053038975.1|AHCKDM_03056;GCF_053209605.1|GFFINM_03062;GCF_905400185.1|DKPOPA_03091;MF6|CFFIHE_03129;MF7|EFEKAH_00854
GCF_016899425.1|KEDGBJ_03137	4	4	0	0	GCF_016899425.1;GCF_905400185.1;MF6;MF7	GCF_016899425.1|KEDGBJ_03137;GCF_905400185.1|DKPOPA_03092;MF6|CFFIHE_03130;MF7|EFEKAH_00853
GCF_016899425.1|KEDGBJ_03138	6	6	1	1	GCF_016899425.1;GCF_053038975.1;GCF_053209605.1;GCF_905400185.1;MF6;MF7	GCF_016899425.1|KEDGBJ_03138;GCF_053038975.1|AHCKDM_03057;GCF_053209605.1|GFFINM_03063;GCF_905400185.1|DKPOPA_03093;MF6|CFFIHE_03131;MF7|EFEKAH_00852
GCF_016899425.1|KEDGBJ_03139	6	6	1	1	GCF_016899425.1;GCF_053038975.1;GCF_053209605.1;GCF_905400185.1;MF6;MF7	GCF_016899425.1|KEDGBJ_03139;GCF_053038975.1|AHCKDM_03058;GCF_053209605.1|GFFINM_03064;GCF_905400185.1|DKPOPA_03094;MF6|CFFIHE_03132;MF7|EFEKAH_00851
GCF_016899425.1|KEDGBJ_03140	6	6	1	1	GCF_016899425.1;GCF_053038975.1;GCF_053209605.1;GCF_905400185.1;MF6;MF7	GCF_016899425.1|KEDGBJ_03140;GCF_053038975.1|AHCKDM_03059;GCF_053209605.1|GFFINM_03065;GCF_905400185.1|DKPOPA_03095;MF6|CFFIHE_03133;MF7|EFEKAH_00850
GCF_016899425.1|KEDGBJ_03141	6	6	1	1	GCF_016899425.1;GCF_053038975.1;GCF_053209605.1;GCF_905400185.1;MF6;MF7	GCF_016899425.1|KEDGBJ_03141;GCF_053038975.1|AHCKDM_03060;GCF_053209605.1|GFFINM_03066;GCF_905400185.1|DKPOPA_03096;MF6|CFFIHE_03134;MF7|EFEKAH_00849
GCF_016899425.1|KEDGBJ_03142	6	6	1	1	GCF_016899425.1;GCF_053038975.1;GCF_053209605.1;GCF_905400185.1;MF6;MF7	GCF_016899425.1|KEDGBJ_03142;GCF_053038975.1|AHCKDM_03061;GCF_053209605.1|GFFINM_03067;GCF_905400185.1|DKPOPA_03097;MF6|CFFIHE_03135;MF7|EFEKAH_00848
GCF_016899425.1|KEDGBJ_03143	6	6	1	1	GCF_016899425.1;GCF_053038975.1;GCF_053209605.1;GCF_905400185.1;MF6;MF7	GCF_016899425.1|KEDGBJ_03143;GCF_053038975.1|AHCKDM_03062;GCF_053209605.1|GFFINM_03068;GCF_905400185.1|DKPOPA_03098;MF6|CFFIHE_03136;MF7|EFEKAH_00847
GCF_016899425.1|KEDGBJ_03144	6	6	1	1	GCF_016899425.1;GCF_053038975.1;GCF_053209605.1;GCF_905400185.1;MF6;MF7	GCF_016899425.1|KEDGBJ_03144;GCF_053038975.1|AHCKDM_03063;GCF_053209605.1|GFFINM_03069;GCF_905400185.1|DKPOPA_03099;MF6|CFFIHE_03137;MF7|EFEKAH_00846
GCF_016899425.1|KEDGBJ_03145	6	6	1	1	GCF_016899425.1;GCF_053038975.1;GCF_053209605.1;GCF_905400185.1;MF6;MF7	GCF_016899425.1|KEDGBJ_03145;GCF_053038975.1|AHCKDM_03064;GCF_053209605.1|GFFINM_03070;GCF_905400185.1|DKPOPA_03100;MF6|CFFIHE_03138;MF7|EFEKAH_00845
GCF_016899425.1|KEDGBJ_03146	6	6	1	1	GCF_016899425.1;GCF_053038975.1;GCF_053209605.1;GCF_905400185.1;MF6;MF7	GCF_016899425.1|KEDGBJ_03146;GCF_053038975.1|AHCKDM_03065;GCF_053209605.1|GFFINM_03071;GCF_905400185.1|DKPOPA_03101;MF6|CFFIHE_03139;MF7|EFEKAH_00844
GCF_016899425.1|KEDGBJ_03147	6	6	1	1	GCF_016899425.1;GCF_053038975.1;GCF_053209605.1;GCF_905400185.1;MF6;MF7	GCF_016899425.1|KEDGBJ_03147;GCF_053038975.1|AHCKDM_03066;GCF_053209605.1|GFFINM_03072;GCF_905400185.1|DKPOPA_03102;MF6|CFFIHE_03140;MF7|EFEKAH_00843
GCF_016899425.1|KEDGBJ_03148	6	6	1	1	GCF_016899425.1;GCF_053038975.1;GCF_053209605.1;GCF_905400185.1;MF6;MF7	GCF_016899425.1|KEDGBJ_03148;GCF_053038975.1|AHCKDM_03067;GCF_053209605.1|GFFINM_03073;GCF_905400185.1|DKPOPA_03103;MF6|CFFIHE_03141;MF7|EFEKAH_00842
GCF_016899425.1|KEDGBJ_03149	6	6	1	1	GCF_016899425.1;GCF_053038975.1;GCF_053209605.1;GCF_905400185.1;MF6;MF7	GCF_016899425.1|KEDGBJ_03149;GCF_053038975.1|AHCKDM_03068;GCF_053209605.1|GFFINM_03074;GCF_905400185.1|DKPOPA_03104;MF6|CFFIHE_03142;MF7|EFEKAH_00841
GCF_016899425.1|KEDGBJ_03150	6	6	1	1	GCF_016899425.1;GCF_053038975.1;GCF_053209605.1;GCF_905400185.1;MF6;MF7	GCF_016899425.1|KEDGBJ_03150;GCF_053038975.1|AHCKDM_03069;GCF_053209605.1|GFFINM_03075;GCF_905400185.1|DKPOPA_03105;MF6|CFFIHE_03143;MF7|EFEKAH_00840
GCF_016899425.1|KEDGBJ_03151	6	6	1	1	GCF_016899425.1;GCF_053038975.1;GCF_053209605.1;GCF_905400185.1;MF6;MF7	GCF_016899425.1|KEDGBJ_03151;GCF_053038975.1|AHCKDM_03070;GCF_053209605.1|GFFINM_03076;GCF_905400185.1|DKPOPA_03106;MF6|CFFIHE_03144;MF7|EFEKAH_00839
GCF_016899425.1|KEDGBJ_03152	6	6	1	1	GCF_016899425.1;GCF_053038975.1;GCF_053209605.1;GCF_905400185.1;MF6;MF7	GCF_016899425.1|KEDGBJ_03152;GCF_053038975.1|AHCKDM_03071;GCF_053209605.1|GFFINM_03077;GCF_905400185.1|DKPOPA_03107;MF6|CFFIHE_03145;MF7|EFEKAH_00838
GCF_016899425.1|KEDGBJ_03153	6	6	1	1	GCF_016899425.1;GCF_053038975.1;GCF_053209605.1;GCF_905400185.1;MF6;MF7	GCF_016899425.1|KEDGBJ_03153;GCF_053038975.1|AHCKDM_03072;GCF_053209605.1|GFFINM_03078;GCF_905400185.1|DKPOPA_03108;MF6|CFFIHE_03146;MF7|EFEKAH_00837
GCF_016899425.1|KEDGBJ_03154	6	6	1	1	GCF_016899425.1;GCF_053038975.1;GCF_053209605.1;GCF_905400185.1;MF6;MF7	GCF_016899425.1|KEDGBJ_03154;GCF_053038975.1|AHCKDM_03073;GCF_053209605.1|GFFINM_03079;GCF_905400185.1|DKPOPA_03109;MF6|CFFIHE_03147;MF7|EFEKAH_00836
GCF_016899425.1|KEDGBJ_03155	6	6	1	1	GCF_016899425.1;GCF_053038975.1;GCF_053209605.1;GCF_905400185.1;MF6;MF7	GCF_016899425.1|KEDGBJ_03155;GCF_053038975.1|AHCKDM_03074;GCF_053209605.1|GFFINM_03080;GCF_905400185.1|DKPOPA_03110;MF6|CFFIHE_03148;MF7|EFEKAH_00835
GCF_016899425.1|KEDGBJ_03156	6	6	1	1	GCF_016899425.1;GCF_053038975.1;GCF_053209605.1;GCF_905400185.1;MF6;MF7	GCF_016899425.1|KEDGBJ_03156;GCF_053038975.1|AHCKDM_03075;GCF_053209605.1|GFFINM_03081;GCF_905400185.1|DKPOPA_03111;MF6|CFFIHE_03149;MF7|EFEKAH_00834
GCF_016899425.1|KEDGBJ_03157	6	6	1	1	GCF_016899425.1;GCF_053038975.1;GCF_053209605.1;GCF_905400185.1;MF6;MF7	GCF_016899425.1|KEDGBJ_03157;GCF_053038975.1|AHCKDM_03076;GCF_053209605.1|GFFINM_03082;GCF_905400185.1|DKPOPA_03112;MF6|CFFIHE_03150;MF7|EFEKAH_00833
GCF_016899425.1|KEDGBJ_03158	6	6	1	1	GCF_016899425.1;GCF_053038975.1;GCF_053209605.1;GCF_905400185.1;MF6;MF7	GCF_016899425.1|KEDGBJ_03158;GCF_053038975.1|AHCKDM_03077;GCF_053209605.1|GFFINM_03083;GCF_905400185.1|DKPOPA_03113;MF6|CFFIHE_03151;MF7|EFEKAH_00832
GCF_016899425.1|KEDGBJ_03159	6	6	1	1	GCF_016899425.1;GCF_053038975.1;GCF_053209605.1;GCF_905400185.1;MF6;MF7	GCF_016899425.1|KEDGBJ_03159;GCF_053038975.1|AHCKDM_03078;GCF_053209605.1|GFFINM_03084;GCF_905400185.1|DKPOPA_03114;MF6|CFFIHE_03152;MF7|EFEKAH_00831
GCF_016899425.1|KEDGBJ_03160	6	6	1	1	GCF_016899425.1;GCF_053038975.1;GCF_053209605.1;GCF_905400185.1;MF6;MF7	GCF_016899425.1|KEDGBJ_03160;GCF_053038975.1|AHCKDM_03079;GCF_053209605.1|GFFINM_03085;GCF_905400185.1|DKPOPA_03115;MF6|CFFIHE_03153;MF7|EFEKAH_00830
GCF_016899425.1|KEDGBJ_03161	6	6	1	1	GCF_016899425.1;GCF_053038975.1;GCF_053209605.1;GCF_905400185.1;MF6;MF7	GCF_016899425.1|KEDGBJ_03161;GCF_053038975.1|AHCKDM_03080;GCF_053209605.1|GFFINM_03086;GCF_905400185.1|DKPOPA_03116;MF6|CFFIHE_03154;MF7|EFEKAH_00829
GCF_016899425.1|KEDGBJ_03162	6	6	1	1	GCF_016899425.1;GCF_053038975.1;GCF_053209605.1;GCF_905400185.1;MF6;MF7	GCF_016899425.1|KEDGBJ_03162;GCF_053038975.1|AHCKDM_03081;GCF_053209605.1|GFFINM_03087;GCF_905400185.1|DKPOPA_03117;MF6|CFFIHE_03155;MF7|EFEKAH_00828
GCF_016899425.1|KEDGBJ_03163	4	4	0	0	GCF_016899425.1;GCF_905400185.1;MF6;MF7	GCF_016899425.1|KEDGBJ_03163;GCF_905400185.1|DKPOPA_03118;MF6|CFFIHE_03156;MF7|EFEKAH_00827
GCF_016899425.1|KEDGBJ_03164	6	6	1	1	GCF_016899425.1;GCF_053038975.1;GCF_053209605.1;GCF_905400185.1;MF6;MF7	GCF_016899425.1|KEDGBJ_03164;GCF_053038975.1|AHCKDM_03082;GCF_053209605.1|GFFINM_03088;GCF_905400185.1|DKPOPA_03119;MF6|CFFIHE_03157;MF7|EFEKAH_00826
GCF_016899425.1|KEDGBJ_03165	6	6	1	1	GCF_016899425.1;GCF_053038975.1;GCF_053209605.1;GCF_905400185.1;MF6;MF7	GCF_016899425.1|KEDGBJ_03165;GCF_053038975.1|AHCKDM_03083;GCF_053209605.1|GFFINM_03089;GCF_905400185.1|DKPOPA_03120;MF6|CFFIHE_03158;MF7|EFEKAH_00825
GCF_016899425.1|KEDGBJ_03166	6	6	1	1	GCF_016899425.1;GCF_053038975.1;GCF_053209605.1;GCF_905400185.1;MF6;MF7	GCF_016899425.1|KEDGBJ_03166;GCF_053038975.1|AHCKDM_03084;GCF_053209605.1|GFFINM_03090;GCF_905400185.1|DKPOPA_03121;MF6|CFFIHE_03159;MF7|EFEKAH_00824
GCF_016899425.1|KEDGBJ_03167	6	6	1	1	GCF_016899425.1;GCF_053038975.1;GCF_053209605.1;GCF_905400185.1;MF6;MF7	GCF_016899425.1|KEDGBJ_03167;GCF_053038975.1|AHCKDM_03087;GCF_053209605.1|GFFINM_03093;GCF_905400185.1|DKPOPA_03122;MF6|CFFIHE_03160;MF7|EFEKAH_00823
GCF_016899425.1|KEDGBJ_03168	6	6	1	1	GCF_016899425.1;GCF_053038975.1;GCF_053209605.1;GCF_905400185.1;MF6;MF7	GCF_016899425.1|KEDGBJ_03168;GCF_053038975.1|AHCKDM_03088;GCF_053209605.1|GFFINM_03094;GCF_905400185.1|DKPOPA_03123;MF6|CFFIHE_03161;MF7|EFEKAH_00822
GCF_016899425.1|KEDGBJ_03169	6	6	1	1	GCF_016899425.1;GCF_053038975.1;GCF_053209605.1;GCF_905400185.1;MF6;MF7	GCF_016899425.1|KEDGBJ_03169;GCF_053038975.1|AHCKDM_03089;GCF_053209605.1|GFFINM_03095;GCF_905400185.1|DKPOPA_03124;MF6|CFFIHE_03162;MF7|EFEKAH_00821
GCF_016899425.1|KEDGBJ_03170	6	6	1	1	GCF_016899425.1;GCF_053038975.1;GCF_053209605.1;GCF_905400185.1;MF6;MF7	GCF_016899425.1|KEDGBJ_03170;GCF_053038975.1|AHCKDM_03090;GCF_053209605.1|GFFINM_03096;GCF_905400185.1|DKPOPA_03125;MF6|CFFIHE_03163;MF7|EFEKAH_00820
GCF_016899425.1|KEDGBJ_03171	6	6	1	1	GCF_016899425.1;GCF_053038975.1;GCF_053209605.1;GCF_905400185.1;MF6;MF7	GCF_016899425.1|KEDGBJ_03171;GCF_053038975.1|AHCKDM_03091;GCF_053209605.1|GFFINM_03097;GCF_905400185.1|DKPOPA_03126;MF6|CFFIHE_03164;MF7|EFEKAH_00819
GCF_016899425.1|KEDGBJ_03172	6	6	1	1	GCF_016899425.1;GCF_053038975.1;GCF_053209605.1;GCF_905400185.1;MF6;MF7	GCF_016899425.1|KEDGBJ_03172;GCF_053038975.1|AHCKDM_03092;GCF_053209605.1|GFFINM_03098;GCF_905400185.1|DKPOPA_03127;MF6|CFFIHE_03165;MF7|EFEKAH_00818
GCF_016899425.1|KEDGBJ_03175	6	6	1	1	GCF_016899425.1;GCF_053038975.1;GCF_053209605.1;GCF_905400185.1;MF6;MF7	GCF_016899425.1|KEDGBJ_03175;GCF_053038975.1|AHCKDM_03095;GCF_053209605.1|GFFINM_03101;GCF_905400185.1|DKPOPA_03130;MF6|CFFIHE_03168;MF7|EFEKAH_00815
GCF_016899425.1|KEDGBJ_03176	6	6	1	1	GCF_016899425.1;GCF_053038975.1;GCF_053209605.1;GCF_905400185.1;MF6;MF7	GCF_016899425.1|KEDGBJ_03176;GCF_053038975.1|AHCKDM_03096;GCF_053209605.1|GFFINM_03102;GCF_905400185.1|DKPOPA_03131;MF6|CFFIHE_03169;MF7|EFEKAH_00814
GCF_016899425.1|KEDGBJ_03177	6	6	1	1	GCF_016899425.1;GCF_053038975.1;GCF_053209605.1;GCF_905400185.1;MF6;MF7	GCF_016899425.1|KEDGBJ_03177;GCF_053038975.1|AHCKDM_03097;GCF_053209605.1|GFFINM_03103;GCF_905400185.1|DKPOPA_03132;MF6|CFFIHE_03170;MF7|EFEKAH_00813
GCF_016899425.1|KEDGBJ_03178	6	6	1	1	GCF_016899425.1;GCF_053038975.1;GCF_053209605.1;GCF_905400185.1;MF6;MF7	GCF_016899425.1|KEDGBJ_03178;GCF_053038975.1|AHCKDM_03098;GCF_053209605.1|GFFINM_03104;GCF_905400185.1|DKPOPA_03133;MF6|CFFIHE_03171;MF7|EFEKAH_00812
GCF_016899425.1|KEDGBJ_03180	6	6	1	1	GCF_016899425.1;GCF_053038975.1;GCF_053209605.1;GCF_905400185.1;MF6;MF7	GCF_016899425.1|KEDGBJ_03180;GCF_053038975.1|AHCKDM_03100;GCF_053209605.1|GFFINM_03106;GCF_905400185.1|DKPOPA_03135;MF6|CFFIHE_03173;MF7|EFEKAH_00810
GCF_016899425.1|KEDGBJ_03181	6	6	1	1	GCF_016899425.1;GCF_053038975.1;GCF_053209605.1;GCF_905400185.1;MF6;MF7	GCF_016899425.1|KEDGBJ_03181;GCF_053038975.1|AHCKDM_03101;GCF_053209605.1|GFFINM_03107;GCF_905400185.1|DKPOPA_03136;MF6|CFFIHE_03174;MF7|EFEKAH_00809
GCF_016899425.1|KEDGBJ_03182	6	6	1	1	GCF_016899425.1;GCF_053038975.1;GCF_053209605.1;GCF_905400185.1;MF6;MF7	GCF_016899425.1|KEDGBJ_03182;GCF_053038975.1|AHCKDM_03105;GCF_053209605.1|GFFINM_03111;GCF_905400185.1|DKPOPA_03137;MF6|CFFIHE_03175;MF7|EFEKAH_00808
GCF_016899425.1|KEDGBJ_03183	6	6	1	1	GCF_016899425.1;GCF_053038975.1;GCF_053209605.1;GCF_905400185.1;MF6;MF7	GCF_016899425.1|KEDGBJ_03183;GCF_053038975.1|AHCKDM_03106;GCF_053209605.1|GFFINM_03112;GCF_905400185.1|DKPOPA_03138;MF6|CFFIHE_03176;MF7|EFEKAH_00807
GCF_016899425.1|KEDGBJ_03184	6	6	1	1	GCF_016899425.1;GCF_053038975.1;GCF_053209605.1;GCF_905400185.1;MF6;MF7	GCF_016899425.1|KEDGBJ_03184;GCF_053038975.1|AHCKDM_03107;GCF_053209605.1|GFFINM_03113;GCF_905400185.1|DKPOPA_03139;MF6|CFFIHE_03177;MF7|EFEKAH_00806
GCF_016899425.1|KEDGBJ_03185	6	6	1	1	GCF_016899425.1;GCF_053038975.1;GCF_053209605.1;GCF_905400185.1;MF6;MF7	GCF_016899425.1|KEDGBJ_03185;GCF_053038975.1|AHCKDM_03108;GCF_053209605.1|GFFINM_03114;GCF_905400185.1|DKPOPA_03140;MF6|CFFIHE_03178;MF7|EFEKAH_00805
GCF_016899425.1|KEDGBJ_03186	6	6	1	1	GCF_016899425.1;GCF_053038975.1;GCF_053209605.1;GCF_905400185.1;MF6;MF7	GCF_016899425.1|KEDGBJ_03186;GCF_053038975.1|AHCKDM_03109;GCF_053209605.1|GFFINM_03115;GCF_905400185.1|DKPOPA_03141;MF6|CFFIHE_03179;MF7|EFEKAH_00804
GCF_016899425.1|KEDGBJ_03187	6	6	1	1	GCF_016899425.1;GCF_053038975.1;GCF_053209605.1;GCF_905400185.1;MF6;MF7	GCF_016899425.1|KEDGBJ_03187;GCF_053038975.1|AHCKDM_03110;GCF_053209605.1|GFFINM_03116;GCF_905400185.1|DKPOPA_03142;MF6|CFFIHE_03180;MF7|EFEKAH_00803
GCF_016899425.1|KEDGBJ_03188	6	6	1	1	GCF_016899425.1;GCF_053038975.1;GCF_053209605.1;GCF_905400185.1;MF6;MF7	GCF_016899425.1|KEDGBJ_03188;GCF_053038975.1|AHCKDM_03111;GCF_053209605.1|GFFINM_03117;GCF_905400185.1|DKPOPA_03143;MF6|CFFIHE_03181;MF7|EFEKAH_00802
GCF_016899425.1|KEDGBJ_03189	6	6	1	1	GCF_016899425.1;GCF_053038975.1;GCF_053209605.1;GCF_905400185.1;MF6;MF7	GCF_016899425.1|KEDGBJ_03189;GCF_053038975.1|AHCKDM_03112;GCF_053209605.1|GFFINM_03118;GCF_905400185.1|DKPOPA_03144;MF6|CFFIHE_03182;MF7|EFEKAH_00801
GCF_016899425.1|KEDGBJ_03190	4	4	0	0	GCF_016899425.1;GCF_905400185.1;MF6;MF7	GCF_016899425.1|KEDGBJ_03190;GCF_905400185.1|DKPOPA_03145;MF6|CFFIHE_03183;MF7|EFEKAH_00800
GCF_016899425.1|KEDGBJ_03191	6	6	1	1	GCF_016899425.1;GCF_053038975.1;GCF_053209605.1;GCF_905400185.1;MF6;MF7	GCF_016899425.1|KEDGBJ_03191;GCF_053038975.1|AHCKDM_03114;GCF_053209605.1|GFFINM_03120;GCF_905400185.1|DKPOPA_03146;MF6|CFFIHE_03184;MF7|EFEKAH_00799
GCF_016899425.1|KEDGBJ_03192	4	4	0	0	GCF_016899425.1;GCF_905400185.1;MF6;MF7	GCF_016899425.1|KEDGBJ_03192;GCF_905400185.1|DKPOPA_03147;MF6|CFFIHE_03185;MF7|EFEKAH_00798
GCF_016899425.1|KEDGBJ_03195	4	4	0	0	GCF_016899425.1;GCF_905400185.1;MF6;MF7	GCF_016899425.1|KEDGBJ_03195;GCF_905400185.1|DKPOPA_03150;MF6|CFFIHE_03188;MF7|EFEKAH_00795
GCF_016899425.1|KEDGBJ_03196	6	6	1	1	GCF_016899425.1;GCF_053038975.1;GCF_053209605.1;GCF_905400185.1;MF6;MF7	GCF_016899425.1|KEDGBJ_03196;GCF_053038975.1|AHCKDM_03119;GCF_053209605.1|GFFINM_03125;GCF_905400185.1|DKPOPA_03151;MF6|CFFIHE_03189;MF7|EFEKAH_00794
GCF_016899425.1|KEDGBJ_03197	6	6	1	1	GCF_016899425.1;GCF_053038975.1;GCF_053209605.1;GCF_905400185.1;MF6;MF7	GCF_016899425.1|KEDGBJ_03197;GCF_053038975.1|AHCKDM_03120;GCF_053209605.1|GFFINM_03126;GCF_905400185.1|DKPOPA_03152;MF6|CFFIHE_03190;MF7|EFEKAH_00793
GCF_016899425.1|KEDGBJ_03198	6	6	1	1	GCF_016899425.1;GCF_053038975.1;GCF_053209605.1;GCF_905400185.1;MF6;MF7	GCF_016899425.1|KEDGBJ_03198;GCF_053038975.1|AHCKDM_03121;GCF_053209605.1|GFFINM_03127;GCF_905400185.1|DKPOPA_03153;MF6|CFFIHE_03191;MF7|EFEKAH_00792
GCF_016899425.1|KEDGBJ_03199	6	6	1	1	GCF_016899425.1;GCF_053038975.1;GCF_053209605.1;GCF_905400185.1;MF6;MF7	GCF_016899425.1|KEDGBJ_03199;GCF_053038975.1|AHCKDM_03122;GCF_053209605.1|GFFINM_03128;GCF_905400185.1|DKPOPA_03154;MF6|CFFIHE_03192;MF7|EFEKAH_00791
GCF_016899425.1|KEDGBJ_03200	6	6	1	1	GCF_016899425.1;GCF_053038975.1;GCF_053209605.1;GCF_905400185.1;MF6;MF7	GCF_016899425.1|KEDGBJ_03200;GCF_053038975.1|AHCKDM_03123;GCF_053209605.1|GFFINM_03129;GCF_905400185.1|DKPOPA_03155;MF6|CFFIHE_03193;MF7|EFEKAH_00790
GCF_016899425.1|KEDGBJ_03201	4	4	0	0	GCF_016899425.1;GCF_905400185.1;MF6;MF7	GCF_016899425.1|KEDGBJ_03201;GCF_905400185.1|DKPOPA_03156;MF6|CFFIHE_03194;MF7|EFEKAH_00789
GCF_016899425.1|KEDGBJ_03203	6	6	1	1	GCF_016899425.1;GCF_053038975.1;GCF_053209605.1;GCF_905400185.1;MF6;MF7	GCF_016899425.1|KEDGBJ_03203;GCF_053038975.1|AHCKDM_03125;GCF_053209605.1|GFFINM_03131;GCF_905400185.1|DKPOPA_03158;MF6|CFFIHE_03196;MF7|EFEKAH_00787
GCF_016899425.1|KEDGBJ_03204	6	6	1	1	GCF_016899425.1;GCF_053038975.1;GCF_053209605.1;GCF_905400185.1;MF6;MF7	GCF_016899425.1|KEDGBJ_03204;GCF_053038975.1|AHCKDM_03126;GCF_053209605.1|GFFINM_03132;GCF_905400185.1|DKPOPA_03159;MF6|CFFIHE_03197;MF7|EFEKAH_00786
GCF_016899425.1|KEDGBJ_03205	6	6	1	1	GCF_016899425.1;GCF_053038975.1;GCF_053209605.1;GCF_905400185.1;MF6;MF7	GCF_016899425.1|KEDGBJ_03205;GCF_053038975.1|AHCKDM_03127;GCF_053209605.1|GFFINM_03133;GCF_905400185.1|DKPOPA_03160;MF6|CFFIHE_03198;MF7|EFEKAH_00785
GCF_016899425.1|KEDGBJ_03206	6	6	1	1	GCF_016899425.1;GCF_053038975.1;GCF_053209605.1;GCF_905400185.1;MF6;MF7	GCF_016899425.1|KEDGBJ_03206;GCF_053038975.1|AHCKDM_03128;GCF_053209605.1|GFFINM_03134;GCF_905400185.1|DKPOPA_03161;MF6|CFFIHE_03199;MF7|EFEKAH_00784
GCF_016899425.1|KEDGBJ_03207	6	6	1	1	GCF_016899425.1;GCF_053038975.1;GCF_053209605.1;GCF_905400185.1;MF6;MF7	GCF_016899425.1|KEDGBJ_03207;GCF_053038975.1|AHCKDM_03129;GCF_053209605.1|GFFINM_03135;GCF_905400185.1|DKPOPA_03162;MF6|CFFIHE_03200;MF7|EFEKAH_00783
GCF_016899425.1|KEDGBJ_03208	6	6	1	1	GCF_016899425.1;GCF_053038975.1;GCF_053209605.1;GCF_905400185.1;MF6;MF7	GCF_016899425.1|KEDGBJ_03208;GCF_053038975.1|AHCKDM_03130;GCF_053209605.1|GFFINM_03136;GCF_905400185.1|DKPOPA_03163;MF6|CFFIHE_03201;MF7|EFEKAH_00782
GCF_016899425.1|KEDGBJ_03209	6	6	1	1	GCF_016899425.1;GCF_053038975.1;GCF_053209605.1;GCF_905400185.1;MF6;MF7	GCF_016899425.1|KEDGBJ_03209;GCF_053038975.1|AHCKDM_03131;GCF_053209605.1|GFFINM_03137;GCF_905400185.1|DKPOPA_03164;MF6|CFFIHE_03202;MF7|EFEKAH_00781
GCF_016899425.1|KEDGBJ_03210	6	6	1	1	GCF_016899425.1;GCF_053038975.1;GCF_053209605.1;GCF_905400185.1;MF6;MF7	GCF_016899425.1|KEDGBJ_03210;GCF_053038975.1|AHCKDM_03132;GCF_053209605.1|GFFINM_03138;GCF_905400185.1|DKPOPA_03165;MF6|CFFIHE_03203;MF7|EFEKAH_00780
GCF_016899425.1|KEDGBJ_03211	6	6	1	1	GCF_016899425.1;GCF_053038975.1;GCF_053209605.1;GCF_905400185.1;MF6;MF7	GCF_016899425.1|KEDGBJ_03211;GCF_053038975.1|AHCKDM_03133;GCF_053209605.1|GFFINM_03139;GCF_905400185.1|DKPOPA_03166;MF6|CFFIHE_03204;MF7|EFEKAH_00779
GCF_016899425.1|KEDGBJ_03212	6	6	1	1	GCF_016899425.1;GCF_053038975.1;GCF_053209605.1;GCF_905400185.1;MF6;MF7	GCF_016899425.1|KEDGBJ_03212;GCF_053038975.1|AHCKDM_03134;GCF_053209605.1|GFFINM_03140;GCF_905400185.1|DKPOPA_03167;MF6|CFFIHE_03205;MF7|EFEKAH_00778
GCF_016899425.1|KEDGBJ_03213	6	6	1	1	GCF_016899425.1;GCF_053038975.1;GCF_053209605.1;GCF_905400185.1;MF6;MF7	GCF_016899425.1|KEDGBJ_03213;GCF_053038975.1|AHCKDM_03135;GCF_053209605.1|GFFINM_03141;GCF_905400185.1|DKPOPA_03168;MF6|CFFIHE_03206;MF7|EFEKAH_00777
GCF_016899425.1|KEDGBJ_03214	6	6	1	1	GCF_016899425.1;GCF_053038975.1;GCF_053209605.1;GCF_905400185.1;MF6;MF7	GCF_016899425.1|KEDGBJ_03214;GCF_053038975.1|AHCKDM_03136;GCF_053209605.1|GFFINM_03142;GCF_905400185.1|DKPOPA_03169;MF6|CFFIHE_03207;MF7|EFEKAH_00776
GCF_016899425.1|KEDGBJ_03215	6	6	1	1	GCF_016899425.1;GCF_053038975.1;GCF_053209605.1;GCF_905400185.1;MF6;MF7	GCF_016899425.1|KEDGBJ_03215;GCF_053038975.1|AHCKDM_03137;GCF_053209605.1|GFFINM_03143;GCF_905400185.1|DKPOPA_03170;MF6|CFFIHE_03208;MF7|EFEKAH_00775
GCF_016899425.1|KEDGBJ_03216	6	6	1	1	GCF_016899425.1;GCF_053038975.1;GCF_053209605.1;GCF_905400185.1;MF6;MF7	GCF_016899425.1|KEDGBJ_03216;GCF_053038975.1|AHCKDM_03138;GCF_053209605.1|GFFINM_03144;GCF_905400185.1|DKPOPA_03171;MF6|CFFIHE_03209;MF7|EFEKAH_00774
GCF_016899425.1|KEDGBJ_03217	6	6	1	1	GCF_016899425.1;GCF_053038975.1;GCF_053209605.1;GCF_905400185.1;MF6;MF7	GCF_016899425.1|KEDGBJ_03217;GCF_053038975.1|AHCKDM_03139;GCF_053209605.1|GFFINM_03145;GCF_905400185.1|DKPOPA_03172;MF6|CFFIHE_03210;MF7|EFEKAH_00773
GCF_016899425.1|KEDGBJ_03218	6	6	1	1	GCF_016899425.1;GCF_053038975.1;GCF_053209605.1;GCF_905400185.1;MF6;MF7	GCF_016899425.1|KEDGBJ_03218;GCF_053038975.1|AHCKDM_03140;GCF_053209605.1|GFFINM_03146;GCF_905400185.1|DKPOPA_03173;MF6|CFFIHE_03211;MF7|EFEKAH_00772
GCF_016899425.1|KEDGBJ_03219	6	6	1	1	GCF_016899425.1;GCF_053038975.1;GCF_053209605.1;GCF_905400185.1;MF6;MF7	GCF_016899425.1|KEDGBJ_03219;GCF_053038975.1|AHCKDM_03141;GCF_053209605.1|GFFINM_03147;GCF_905400185.1|DKPOPA_03174;MF6|CFFIHE_03212;MF7|EFEKAH_00771
GCF_016899425.1|KEDGBJ_03220	6	6	1	1	GCF_016899425.1;GCF_053038975.1;GCF_053209605.1;GCF_905400185.1;MF6;MF7	GCF_016899425.1|KEDGBJ_03220;GCF_053038975.1|AHCKDM_03142;GCF_053209605.1|GFFINM_03148;GCF_905400185.1|DKPOPA_03175;MF6|CFFIHE_03213;MF7|EFEKAH_00770
GCF_016899425.1|KEDGBJ_03221	6	6	1	1	GCF_016899425.1;GCF_053038975.1;GCF_053209605.1;GCF_905400185.1;MF6;MF7	GCF_016899425.1|KEDGBJ_03221;GCF_053038975.1|AHCKDM_03143;GCF_053209605.1|GFFINM_03149;GCF_905400185.1|DKPOPA_03176;MF6|CFFIHE_03214;MF7|EFEKAH_00769
GCF_016899425.1|KEDGBJ_03222	6	6	1	1	GCF_016899425.1;GCF_053038975.1;GCF_053209605.1;GCF_905400185.1;MF6;MF7	GCF_016899425.1|KEDGBJ_03222;GCF_053038975.1|AHCKDM_03144;GCF_053209605.1|GFFINM_03150;GCF_905400185.1|DKPOPA_03177;MF6|CFFIHE_03215;MF7|EFEKAH_00768
GCF_016899425.1|KEDGBJ_03223	6	6	1	1	GCF_016899425.1;GCF_053038975.1;GCF_053209605.1;GCF_905400185.1;MF6;MF7	GCF_016899425.1|KEDGBJ_03223;GCF_053038975.1|AHCKDM_03145;GCF_053209605.1|GFFINM_03151;GCF_905400185.1|DKPOPA_03178;MF6|CFFIHE_03216;MF7|EFEKAH_00767
GCF_016899425.1|KEDGBJ_03224	6	6	1	1	GCF_016899425.1;GCF_053038975.1;GCF_053209605.1;GCF_905400185.1;MF6;MF7	GCF_016899425.1|KEDGBJ_03224;GCF_053038975.1|AHCKDM_03146;GCF_053209605.1|GFFINM_03152;GCF_905400185.1|DKPOPA_03179;MF6|CFFIHE_03217;MF7|EFEKAH_00766
GCF_016899425.1|KEDGBJ_03225	6	6	1	1	GCF_016899425.1;GCF_053038975.1;GCF_053209605.1;GCF_905400185.1;MF6;MF7	GCF_016899425.1|KEDGBJ_03225;GCF_053038975.1|AHCKDM_03147;GCF_053209605.1|GFFINM_03153;GCF_905400185.1|DKPOPA_03180;MF6|CFFIHE_03218;MF7|EFEKAH_00765
GCF_016899425.1|KEDGBJ_03227	6	6	1	1	GCF_016899425.1;GCF_053038975.1;GCF_053209605.1;GCF_905400185.1;MF6;MF7	GCF_016899425.1|KEDGBJ_03227;GCF_053038975.1|AHCKDM_03149;GCF_053209605.1|GFFINM_03155;GCF_905400185.1|DKPOPA_03182;MF6|CFFIHE_03220;MF7|EFEKAH_00763
GCF_016899425.1|KEDGBJ_03230	6	6	1	1	GCF_016899425.1;GCF_053038975.1;GCF_053209605.1;GCF_905400185.1;MF6;MF7	GCF_016899425.1|KEDGBJ_03230;GCF_053038975.1|AHCKDM_03152;GCF_053209605.1|GFFINM_03158;GCF_905400185.1|DKPOPA_03185;MF6|CFFIHE_03223;MF7|EFEKAH_00760
GCF_016899425.1|KEDGBJ_03231	6	6	1	1	GCF_016899425.1;GCF_053038975.1;GCF_053209605.1;GCF_905400185.1;MF6;MF7	GCF_016899425.1|KEDGBJ_03231;GCF_053038975.1|AHCKDM_03153;GCF_053209605.1|GFFINM_03159;GCF_905400185.1|DKPOPA_03186;MF6|CFFIHE_03224;MF7|EFEKAH_00759
GCF_016899425.1|KEDGBJ_03232	6	6	1	1	GCF_016899425.1;GCF_053038975.1;GCF_053209605.1;GCF_905400185.1;MF6;MF7	GCF_016899425.1|KEDGBJ_03232;GCF_053038975.1|AHCKDM_03154;GCF_053209605.1|GFFINM_03160;GCF_905400185.1|DKPOPA_03187;MF6|CFFIHE_03225;MF7|EFEKAH_00758
GCF_016899425.1|KEDGBJ_03233	6	6	1	1	GCF_016899425.1;GCF_053038975.1;GCF_053209605.1;GCF_905400185.1;MF6;MF7	GCF_016899425.1|KEDGBJ_03233;GCF_053038975.1|AHCKDM_03155;GCF_053209605.1|GFFINM_03161;GCF_905400185.1|DKPOPA_03188;MF6|CFFIHE_03226;MF7|EFEKAH_00757
GCF_016899425.1|KEDGBJ_03234	4	4	0	0	GCF_016899425.1;GCF_905400185.1;MF6;MF7	GCF_016899425.1|KEDGBJ_03234;GCF_905400185.1|DKPOPA_03189;MF6|CFFIHE_03227;MF7|EFEKAH_00756
GCF_016899425.1|KEDGBJ_03235	4	4	0	0	GCF_016899425.1;GCF_905400185.1;MF6;MF7	GCF_016899425.1|KEDGBJ_03235;GCF_905400185.1|DKPOPA_03190;MF6|CFFIHE_03228;MF7|EFEKAH_00755
GCF_016899425.1|KEDGBJ_03236	6	6	1	1	GCF_016899425.1;GCF_053038975.1;GCF_053209605.1;GCF_905400185.1;MF6;MF7	GCF_016899425.1|KEDGBJ_03236;GCF_053038975.1|AHCKDM_03156;GCF_053209605.1|GFFINM_03162;GCF_905400185.1|DKPOPA_03191;MF6|CFFIHE_03229;MF7|EFEKAH_00754
GCF_016899425.1|KEDGBJ_03237	6	6	1	1	GCF_016899425.1;GCF_053038975.1;GCF_053209605.1;GCF_905400185.1;MF6;MF7	GCF_016899425.1|KEDGBJ_03237;GCF_053038975.1|AHCKDM_03157;GCF_053209605.1|GFFINM_03163;GCF_905400185.1|DKPOPA_03192;MF6|CFFIHE_03230;MF7|EFEKAH_00753
GCF_016899425.1|KEDGBJ_03238	6	6	1	1	GCF_016899425.1;GCF_053038975.1;GCF_053209605.1;GCF_905400185.1;MF6;MF7	GCF_016899425.1|KEDGBJ_03238;GCF_053038975.1|AHCKDM_03158;GCF_053209605.1|GFFINM_03164;GCF_905400185.1|DKPOPA_03193;MF6|CFFIHE_03231;MF7|EFEKAH_00752
GCF_016899425.1|KEDGBJ_03239	6	6	1	1	GCF_016899425.1;GCF_053038975.1;GCF_053209605.1;GCF_905400185.1;MF6;MF7	GCF_016899425.1|KEDGBJ_03239;GCF_053038975.1|AHCKDM_03159;GCF_053209605.1|GFFINM_03165;GCF_905400185.1|DKPOPA_03194;MF6|CFFIHE_03232;MF7|EFEKAH_00751
GCF_016899425.1|KEDGBJ_03240	6	6	1	1	GCF_016899425.1;GCF_053038975.1;GCF_053209605.1;GCF_905400185.1;MF6;MF7	GCF_016899425.1|KEDGBJ_03240;GCF_053038975.1|AHCKDM_03160;GCF_053209605.1|GFFINM_03166;GCF_905400185.1|DKPOPA_03195;MF6|CFFIHE_03233;MF7|EFEKAH_00750
GCF_016899425.1|KEDGBJ_03241	6	6	1	1	GCF_016899425.1;GCF_053038975.1;GCF_053209605.1;GCF_905400185.1;MF6;MF7	GCF_016899425.1|KEDGBJ_03241;GCF_053038975.1|AHCKDM_03161;GCF_053209605.1|GFFINM_03167;GCF_905400185.1|DKPOPA_03196;MF6|CFFIHE_03234;MF7|EFEKAH_00749
GCF_016899425.1|KEDGBJ_03242	6	6	1	1	GCF_016899425.1;GCF_053038975.1;GCF_053209605.1;GCF_905400185.1;MF6;MF7	GCF_016899425.1|KEDGBJ_03242;GCF_053038975.1|AHCKDM_03162;GCF_053209605.1|GFFINM_03168;GCF_905400185.1|DKPOPA_03197;MF6|CFFIHE_03235;MF7|EFEKAH_00748
GCF_016899425.1|KEDGBJ_03243	6	6	1	1	GCF_016899425.1;GCF_053038975.1;GCF_053209605.1;GCF_905400185.1;MF6;MF7	GCF_016899425.1|KEDGBJ_03243;GCF_053038975.1|AHCKDM_03163;GCF_053209605.1|GFFINM_03169;GCF_905400185.1|DKPOPA_03198;MF6|CFFIHE_03236;MF7|EFEKAH_00747
GCF_016899425.1|KEDGBJ_03244	6	6	1	1	GCF_016899425.1;GCF_053038975.1;GCF_053209605.1;GCF_905400185.1;MF6;MF7	GCF_016899425.1|KEDGBJ_03244;GCF_053038975.1|AHCKDM_03164;GCF_053209605.1|GFFINM_03170;GCF_905400185.1|DKPOPA_03199;MF6|CFFIHE_03237;MF7|EFEKAH_00746
GCF_016899425.1|KEDGBJ_03245	6	6	1	1	GCF_016899425.1;GCF_053038975.1;GCF_053209605.1;GCF_905400185.1;MF6;MF7	GCF_016899425.1|KEDGBJ_03245;GCF_053038975.1|AHCKDM_03165;GCF_053209605.1|GFFINM_03171;GCF_905400185.1|DKPOPA_03200;MF6|CFFIHE_03238;MF7|EFEKAH_00745
GCF_016899425.1|KEDGBJ_03246	6	6	1	1	GCF_016899425.1;GCF_053038975.1;GCF_053209605.1;GCF_905400185.1;MF6;MF7	GCF_016899425.1|KEDGBJ_03246;GCF_053038975.1|AHCKDM_03166;GCF_053209605.1|GFFINM_03172;GCF_905400185.1|DKPOPA_03201;MF6|CFFIHE_03239;MF7|EFEKAH_00744
GCF_016899425.1|KEDGBJ_03247	6	6	1	1	GCF_016899425.1;GCF_053038975.1;GCF_053209605.1;GCF_905400185.1;MF6;MF7	GCF_016899425.1|KEDGBJ_03247;GCF_053038975.1|AHCKDM_03167;GCF_053209605.1|GFFINM_03173;GCF_905400185.1|DKPOPA_03202;MF6|CFFIHE_03240;MF7|EFEKAH_00743
GCF_016899425.1|KEDGBJ_03248	6	6	1	1	GCF_016899425.1;GCF_053038975.1;GCF_053209605.1;GCF_905400185.1;MF6;MF7	GCF_016899425.1|KEDGBJ_03248;GCF_053038975.1|AHCKDM_03168;GCF_053209605.1|GFFINM_03174;GCF_905400185.1|DKPOPA_03203;MF6|CFFIHE_03241;MF7|EFEKAH_00742
GCF_016899425.1|KEDGBJ_03249	6	6	1	1	GCF_016899425.1;GCF_053038975.1;GCF_053209605.1;GCF_905400185.1;MF6;MF7	GCF_016899425.1|KEDGBJ_03249;GCF_053038975.1|AHCKDM_03169;GCF_053209605.1|GFFINM_03175;GCF_905400185.1|DKPOPA_03204;MF6|CFFIHE_03242;MF7|EFEKAH_00741
GCF_016899425.1|KEDGBJ_03250	6	6	1	1	GCF_016899425.1;GCF_053038975.1;GCF_053209605.1;GCF_905400185.1;MF6;MF7	GCF_016899425.1|KEDGBJ_03250;GCF_053038975.1|AHCKDM_03170;GCF_053209605.1|GFFINM_03176;GCF_905400185.1|DKPOPA_03205;MF6|CFFIHE_03243;MF7|EFEKAH_00740
GCF_016899425.1|KEDGBJ_03251	6	6	1	1	GCF_016899425.1;GCF_053038975.1;GCF_053209605.1;GCF_905400185.1;MF6;MF7	GCF_016899425.1|KEDGBJ_03251;GCF_053038975.1|AHCKDM_03171;GCF_053209605.1|GFFINM_03177;GCF_905400185.1|DKPOPA_03206;MF6|CFFIHE_03244;MF7|EFEKAH_00739
GCF_016899425.1|KEDGBJ_03252	6	6	1	1	GCF_016899425.1;GCF_053038975.1;GCF_053209605.1;GCF_905400185.1;MF6;MF7	GCF_016899425.1|KEDGBJ_03252;GCF_053038975.1|AHCKDM_03172;GCF_053209605.1|GFFINM_03178;GCF_905400185.1|DKPOPA_03207;MF6|CFFIHE_03245;MF7|EFEKAH_00738
GCF_016899425.1|KEDGBJ_03253	6	6	1	1	GCF_016899425.1;GCF_053038975.1;GCF_053209605.1;GCF_905400185.1;MF6;MF7	GCF_016899425.1|KEDGBJ_03253;GCF_053038975.1|AHCKDM_03173;GCF_053209605.1|GFFINM_03179;GCF_905400185.1|DKPOPA_03208;MF6|CFFIHE_03246;MF7|EFEKAH_00737
GCF_016899425.1|KEDGBJ_03256	6	6	1	1	GCF_016899425.1;GCF_053038975.1;GCF_053209605.1;GCF_905400185.1;MF6;MF7	GCF_016899425.1|KEDGBJ_03256;GCF_053038975.1|AHCKDM_03176;GCF_053209605.1|GFFINM_03182;GCF_905400185.1|DKPOPA_03211;MF6|CFFIHE_03249;MF7|EFEKAH_00735
GCF_016899425.1|KEDGBJ_03257	6	6	1	1	GCF_016899425.1;GCF_053038975.1;GCF_053209605.1;GCF_905400185.1;MF6;MF7	GCF_016899425.1|KEDGBJ_03257;GCF_053038975.1|AHCKDM_03177;GCF_053209605.1|GFFINM_03183;GCF_905400185.1|DKPOPA_03212;MF6|CFFIHE_03250;MF7|EFEKAH_00734
GCF_016899425.1|KEDGBJ_03259	6	6	1	1	GCF_016899425.1;GCF_053038975.1;GCF_053209605.1;GCF_905400185.1;MF6;MF7	GCF_016899425.1|KEDGBJ_03259;GCF_053038975.1|AHCKDM_03179;GCF_053209605.1|GFFINM_03185;GCF_905400185.1|DKPOPA_03214;MF6|CFFIHE_03252;MF7|EFEKAH_00732
GCF_016899425.1|KEDGBJ_03260	6	6	1	1	GCF_016899425.1;GCF_053038975.1;GCF_053209605.1;GCF_905400185.1;MF6;MF7	GCF_016899425.1|KEDGBJ_03260;GCF_053038975.1|AHCKDM_03180;GCF_053209605.1|GFFINM_03186;GCF_905400185.1|DKPOPA_03215;MF6|CFFIHE_03253;MF7|EFEKAH_00731
GCF_016899425.1|KEDGBJ_03261	6	6	1	1	GCF_016899425.1;GCF_053038975.1;GCF_053209605.1;GCF_905400185.1;MF6;MF7	GCF_016899425.1|KEDGBJ_03261;GCF_053038975.1|AHCKDM_03181;GCF_053209605.1|GFFINM_03187;GCF_905400185.1|DKPOPA_03216;MF6|CFFIHE_03254;MF7|EFEKAH_00730
GCF_016899425.1|KEDGBJ_03262	6	6	1	1	GCF_016899425.1;GCF_053038975.1;GCF_053209605.1;GCF_905400185.1;MF6;MF7	GCF_016899425.1|KEDGBJ_03262;GCF_053038975.1|AHCKDM_03182;GCF_053209605.1|GFFINM_03188;GCF_905400185.1|DKPOPA_03217;MF6|CFFIHE_03255;MF7|EFEKAH_00729
GCF_016899425.1|KEDGBJ_03263	6	6	1	1	GCF_016899425.1;GCF_053038975.1;GCF_053209605.1;GCF_905400185.1;MF6;MF7	GCF_016899425.1|KEDGBJ_03263;GCF_053038975.1|AHCKDM_03183;GCF_053209605.1|GFFINM_03189;GCF_905400185.1|DKPOPA_03218;MF6|CFFIHE_03256;MF7|EFEKAH_00728
GCF_016899425.1|KEDGBJ_03264	6	6	1	1	GCF_016899425.1;GCF_053038975.1;GCF_053209605.1;GCF_905400185.1;MF6;MF7	GCF_016899425.1|KEDGBJ_03264;GCF_053038975.1|AHCKDM_03184;GCF_053209605.1|GFFINM_03190;GCF_905400185.1|DKPOPA_03219;MF6|CFFIHE_03257;MF7|EFEKAH_00727
GCF_016899425.1|KEDGBJ_03265	6	6	1	1	GCF_016899425.1;GCF_053038975.1;GCF_053209605.1;GCF_905400185.1;MF6;MF7	GCF_016899425.1|KEDGBJ_03265;GCF_053038975.1|AHCKDM_03185;GCF_053209605.1|GFFINM_03191;GCF_905400185.1|DKPOPA_03220;MF6|CFFIHE_03258;MF7|EFEKAH_00726
GCF_016899425.1|KEDGBJ_03266	6	6	1	1	GCF_016899425.1;GCF_053038975.1;GCF_053209605.1;GCF_905400185.1;MF6;MF7	GCF_016899425.1|KEDGBJ_03266;GCF_053038975.1|AHCKDM_03186;GCF_053209605.1|GFFINM_03192;GCF_905400185.1|DKPOPA_03221;MF6|CFFIHE_03259;MF7|EFEKAH_00725
GCF_016899425.1|KEDGBJ_03267	6	6	1	1	GCF_016899425.1;GCF_053038975.1;GCF_053209605.1;GCF_905400185.1;MF6;MF7	GCF_016899425.1|KEDGBJ_03267;GCF_053038975.1|AHCKDM_03187;GCF_053209605.1|GFFINM_03193;GCF_905400185.1|DKPOPA_03222;MF6|CFFIHE_03260;MF7|EFEKAH_00724
GCF_016899425.1|KEDGBJ_03268	6	6	1	1	GCF_016899425.1;GCF_053038975.1;GCF_053209605.1;GCF_905400185.1;MF6;MF7	GCF_016899425.1|KEDGBJ_03268;GCF_053038975.1|AHCKDM_03188;GCF_053209605.1|GFFINM_03194;GCF_905400185.1|DKPOPA_03223;MF6|CFFIHE_03261;MF7|EFEKAH_00723
GCF_016899425.1|KEDGBJ_03269	6	6	1	1	GCF_016899425.1;GCF_053038975.1;GCF_053209605.1;GCF_905400185.1;MF6;MF7	GCF_016899425.1|KEDGBJ_03269;GCF_053038975.1|AHCKDM_03189;GCF_053209605.1|GFFINM_03195;GCF_905400185.1|DKPOPA_03224;MF6|CFFIHE_03262;MF7|EFEKAH_00722
GCF_016899425.1|KEDGBJ_03270	6	6	1	1	GCF_016899425.1;GCF_053038975.1;GCF_053209605.1;GCF_905400185.1;MF6;MF7	GCF_016899425.1|KEDGBJ_03270;GCF_053038975.1|AHCKDM_03190;GCF_053209605.1|GFFINM_03196;GCF_905400185.1|DKPOPA_03225;MF6|CFFIHE_03263;MF7|EFEKAH_00721
GCF_016899425.1|KEDGBJ_03271	4	4	0	0	GCF_016899425.1;GCF_905400185.1;MF6;MF7	GCF_016899425.1|KEDGBJ_03271;GCF_905400185.1|DKPOPA_03226;MF6|CFFIHE_03264;MF7|EFEKAH_00720
GCF_016899425.1|KEDGBJ_03272	6	6	1	1	GCF_016899425.1;GCF_053038975.1;GCF_053209605.1;GCF_905400185.1;MF6;MF7	GCF_016899425.1|KEDGBJ_03272;GCF_053038975.1|AHCKDM_03191;GCF_053209605.1|GFFINM_03197;GCF_905400185.1|DKPOPA_03227;MF6|CFFIHE_03265;MF7|EFEKAH_00719
GCF_016899425.1|KEDGBJ_03273	6	6	1	1	GCF_016899425.1;GCF_053038975.1;GCF_053209605.1;GCF_905400185.1;MF6;MF7	GCF_016899425.1|KEDGBJ_03273;GCF_053038975.1|AHCKDM_03192;GCF_053209605.1|GFFINM_03198;GCF_905400185.1|DKPOPA_03228;MF6|CFFIHE_03266;MF7|EFEKAH_00718
GCF_016899425.1|KEDGBJ_03274	6	6	1	1	GCF_016899425.1;GCF_053038975.1;GCF_053209605.1;GCF_905400185.1;MF6;MF7	GCF_016899425.1|KEDGBJ_03274;GCF_053038975.1|AHCKDM_03193;GCF_053209605.1|GFFINM_03199;GCF_905400185.1|DKPOPA_03229;MF6|CFFIHE_03267;MF7|EFEKAH_00717
GCF_016899425.1|KEDGBJ_03275	6	6	1	1	GCF_016899425.1;GCF_053038975.1;GCF_053209605.1;GCF_905400185.1;MF6;MF7	GCF_016899425.1|KEDGBJ_03275;GCF_053038975.1|AHCKDM_03194;GCF_053209605.1|GFFINM_03200;GCF_905400185.1|DKPOPA_03230;MF6|CFFIHE_03268;MF7|EFEKAH_00716
GCF_016899425.1|KEDGBJ_03277	6	6	1	1	GCF_016899425.1;GCF_053038975.1;GCF_053209605.1;GCF_905400185.1;MF6;MF7	GCF_016899425.1|KEDGBJ_03277;GCF_053038975.1|AHCKDM_03196;GCF_053209605.1|GFFINM_03202;GCF_905400185.1|DKPOPA_03232;MF6|CFFIHE_03270;MF7|EFEKAH_00714
GCF_016899425.1|KEDGBJ_03278	6	6	1	1	GCF_016899425.1;GCF_053038975.1;GCF_053209605.1;GCF_905400185.1;MF6;MF7	GCF_016899425.1|KEDGBJ_03278;GCF_053038975.1|AHCKDM_03197;GCF_053209605.1|GFFINM_03203;GCF_905400185.1|DKPOPA_03233;MF6|CFFIHE_03271;MF7|EFEKAH_00713
GCF_016899425.1|KEDGBJ_03279	6	6	1	1	GCF_016899425.1;GCF_053038975.1;GCF_053209605.1;GCF_905400185.1;MF6;MF7	GCF_016899425.1|KEDGBJ_03279;GCF_053038975.1|AHCKDM_03198;GCF_053209605.1|GFFINM_03204;GCF_905400185.1|DKPOPA_03234;MF6|CFFIHE_03272;MF7|EFEKAH_00712
GCF_016899425.1|KEDGBJ_03280	6	6	1	1	GCF_016899425.1;GCF_053038975.1;GCF_053209605.1;GCF_905400185.1;MF6;MF7	GCF_016899425.1|KEDGBJ_03280;GCF_053038975.1|AHCKDM_03199;GCF_053209605.1|GFFINM_03205;GCF_905400185.1|DKPOPA_03235;MF6|CFFIHE_03273;MF7|EFEKAH_00711
GCF_016899425.1|KEDGBJ_03281	6	6	1	1	GCF_016899425.1;GCF_053038975.1;GCF_053209605.1;GCF_905400185.1;MF6;MF7	GCF_016899425.1|KEDGBJ_03281;GCF_053038975.1|AHCKDM_03200;GCF_053209605.1|GFFINM_03206;GCF_905400185.1|DKPOPA_03236;MF6|CFFIHE_03274;MF7|EFEKAH_00710
GCF_016899425.1|KEDGBJ_03282	4	4	0	0	GCF_016899425.1;GCF_905400185.1;MF6;MF7	GCF_016899425.1|KEDGBJ_03282;GCF_905400185.1|DKPOPA_03237;MF6|CFFIHE_03275;MF7|EFEKAH_00709
GCF_016899425.1|KEDGBJ_03283	6	6	1	1	GCF_016899425.1;GCF_053038975.1;GCF_053209605.1;GCF_905400185.1;MF6;MF7	GCF_016899425.1|KEDGBJ_03283;GCF_053038975.1|AHCKDM_03201;GCF_053209605.1|GFFINM_03207;GCF_905400185.1|DKPOPA_03238;MF6|CFFIHE_03276;MF7|EFEKAH_00708
GCF_016899425.1|KEDGBJ_03285	6	6	1	1	GCF_016899425.1;GCF_053038975.1;GCF_053209605.1;GCF_905400185.1;MF6;MF7	GCF_016899425.1|KEDGBJ_03285;GCF_053038975.1|AHCKDM_03203;GCF_053209605.1|GFFINM_03209;GCF_905400185.1|DKPOPA_03240;MF6|CFFIHE_03278;MF7|EFEKAH_00706
GCF_016899425.1|KEDGBJ_03286	6	6	1	1	GCF_016899425.1;GCF_053038975.1;GCF_053209605.1;GCF_905400185.1;MF6;MF7	GCF_016899425.1|KEDGBJ_03286;GCF_053038975.1|AHCKDM_03204;GCF_053209605.1|GFFINM_03210;GCF_905400185.1|DKPOPA_03241;MF6|CFFIHE_03279;MF7|EFEKAH_00705
GCF_016899425.1|KEDGBJ_03287	6	6	1	1	GCF_016899425.1;GCF_053038975.1;GCF_053209605.1;GCF_905400185.1;MF6;MF7	GCF_016899425.1|KEDGBJ_03287;GCF_053038975.1|AHCKDM_03205;GCF_053209605.1|GFFINM_03211;GCF_905400185.1|DKPOPA_03242;MF6|CFFIHE_03280;MF7|EFEKAH_00704
GCF_016899425.1|KEDGBJ_03288	4	4	0	0	GCF_016899425.1;GCF_905400185.1;MF6;MF7	GCF_016899425.1|KEDGBJ_03288;GCF_905400185.1|DKPOPA_03243;MF6|CFFIHE_03281;MF7|EFEKAH_00703
GCF_016899425.1|KEDGBJ_03289	4	4	0	0	GCF_016899425.1;GCF_905400185.1;MF6;MF7	GCF_016899425.1|KEDGBJ_03289;GCF_905400185.1|DKPOPA_03244;MF6|CFFIHE_03282;MF7|EFEKAH_00702
GCF_016899425.1|KEDGBJ_03290	6	6	1	1	GCF_016899425.1;GCF_053038975.1;GCF_053209605.1;GCF_905400185.1;MF6;MF7	GCF_016899425.1|KEDGBJ_03290;GCF_053038975.1|AHCKDM_03208;GCF_053209605.1|GFFINM_03214;GCF_905400185.1|DKPOPA_03245;MF6|CFFIHE_03283;MF7|EFEKAH_00701
GCF_016899425.1|KEDGBJ_03291	6	6	1	1	GCF_016899425.1;GCF_053038975.1;GCF_053209605.1;GCF_905400185.1;MF6;MF7	GCF_016899425.1|KEDGBJ_03291;GCF_053038975.1|AHCKDM_03209;GCF_053209605.1|GFFINM_03215;GCF_905400185.1|DKPOPA_03246;MF6|CFFIHE_03284;MF7|EFEKAH_00700
GCF_016899425.1|KEDGBJ_03292	6	6	1	1	GCF_016899425.1;GCF_053038975.1;GCF_053209605.1;GCF_905400185.1;MF6;MF7	GCF_016899425.1|KEDGBJ_03292;GCF_053038975.1|AHCKDM_03210;GCF_053209605.1|GFFINM_03216;GCF_905400185.1|DKPOPA_03247;MF6|CFFIHE_03285;MF7|EFEKAH_00699
GCF_016899425.1|KEDGBJ_03293	6	6	1	1	GCF_016899425.1;GCF_053038975.1;GCF_053209605.1;GCF_905400185.1;MF6;MF7	GCF_016899425.1|KEDGBJ_03293;GCF_053038975.1|AHCKDM_03211;GCF_053209605.1|GFFINM_03217;GCF_905400185.1|DKPOPA_03248;MF6|CFFIHE_03286;MF7|EFEKAH_00698
GCF_016899425.1|KEDGBJ_03294	6	6	1	1	GCF_016899425.1;GCF_053038975.1;GCF_053209605.1;GCF_905400185.1;MF6;MF7	GCF_016899425.1|KEDGBJ_03294;GCF_053038975.1|AHCKDM_03212;GCF_053209605.1|GFFINM_03218;GCF_905400185.1|DKPOPA_03249;MF6|CFFIHE_03287;MF7|EFEKAH_00697
GCF_016899425.1|KEDGBJ_03295	6	6	1	1	GCF_016899425.1;GCF_053038975.1;GCF_053209605.1;GCF_905400185.1;MF6;MF7	GCF_016899425.1|KEDGBJ_03295;GCF_053038975.1|AHCKDM_03213;GCF_053209605.1|GFFINM_03219;GCF_905400185.1|DKPOPA_03250;MF6|CFFIHE_03288;MF7|EFEKAH_00696
GCF_016899425.1|KEDGBJ_03296	6	6	1	1	GCF_016899425.1;GCF_053038975.1;GCF_053209605.1;GCF_905400185.1;MF6;MF7	GCF_016899425.1|KEDGBJ_03296;GCF_053038975.1|AHCKDM_03214;GCF_053209605.1|GFFINM_03220;GCF_905400185.1|DKPOPA_03251;MF6|CFFIHE_03289;MF7|EFEKAH_00695
GCF_016899425.1|KEDGBJ_03297	6	6	1	1	GCF_016899425.1;GCF_053038975.1;GCF_053209605.1;GCF_905400185.1;MF6;MF7	GCF_016899425.1|KEDGBJ_03297;GCF_053038975.1|AHCKDM_03215;GCF_053209605.1|GFFINM_03221;GCF_905400185.1|DKPOPA_03252;MF6|CFFIHE_03290;MF7|EFEKAH_00694
GCF_016899425.1|KEDGBJ_03298	6	6	1	1	GCF_016899425.1;GCF_053038975.1;GCF_053209605.1;GCF_905400185.1;MF6;MF7	GCF_016899425.1|KEDGBJ_03298;GCF_053038975.1|AHCKDM_03216;GCF_053209605.1|GFFINM_03222;GCF_905400185.1|DKPOPA_03253;MF6|CFFIHE_03291;MF7|EFEKAH_00693
GCF_016899425.1|KEDGBJ_03299	6	6	1	1	GCF_016899425.1;GCF_053038975.1;GCF_053209605.1;GCF_905400185.1;MF6;MF7	GCF_016899425.1|KEDGBJ_03299;GCF_053038975.1|AHCKDM_03217;GCF_053209605.1|GFFINM_03223;GCF_905400185.1|DKPOPA_03254;MF6|CFFIHE_03292;MF7|EFEKAH_00692
GCF_016899425.1|KEDGBJ_03300	6	6	1	1	GCF_016899425.1;GCF_053038975.1;GCF_053209605.1;GCF_905400185.1;MF6;MF7	GCF_016899425.1|KEDGBJ_03300;GCF_053038975.1|AHCKDM_03218;GCF_053209605.1|GFFINM_03224;GCF_905400185.1|DKPOPA_03255;MF6|CFFIHE_03293;MF7|EFEKAH_00691
GCF_016899425.1|KEDGBJ_03301	6	6	1	1	GCF_016899425.1;GCF_053038975.1;GCF_053209605.1;GCF_905400185.1;MF6;MF7	GCF_016899425.1|KEDGBJ_03301;GCF_053038975.1|AHCKDM_03219;GCF_053209605.1|GFFINM_03225;GCF_905400185.1|DKPOPA_03256;MF6|CFFIHE_03294;MF7|EFEKAH_00690
GCF_016899425.1|KEDGBJ_03302	6	6	1	1	GCF_016899425.1;GCF_053038975.1;GCF_053209605.1;GCF_905400185.1;MF6;MF7	GCF_016899425.1|KEDGBJ_03302;GCF_053038975.1|AHCKDM_03220;GCF_053209605.1|GFFINM_03226;GCF_905400185.1|DKPOPA_03257;MF6|CFFIHE_03295;MF7|EFEKAH_00689
GCF_016899425.1|KEDGBJ_03303	6	6	1	1	GCF_016899425.1;GCF_053038975.1;GCF_053209605.1;GCF_905400185.1;MF6;MF7	GCF_016899425.1|KEDGBJ_03303;GCF_053038975.1|AHCKDM_03221;GCF_053209605.1|GFFINM_03227;GCF_905400185.1|DKPOPA_03258;MF6|CFFIHE_03296;MF7|EFEKAH_00688
GCF_016899425.1|KEDGBJ_03304	6	6	1	1	GCF_016899425.1;GCF_053038975.1;GCF_053209605.1;GCF_905400185.1;MF6;MF7	GCF_016899425.1|KEDGBJ_03304;GCF_053038975.1|AHCKDM_03222;GCF_053209605.1|GFFINM_03228;GCF_905400185.1|DKPOPA_03259;MF6|CFFIHE_03297;MF7|EFEKAH_00687
GCF_016899425.1|KEDGBJ_03305	6	6	1	1	GCF_016899425.1;GCF_053038975.1;GCF_053209605.1;GCF_905400185.1;MF6;MF7	GCF_016899425.1|KEDGBJ_03305;GCF_053038975.1|AHCKDM_03223;GCF_053209605.1|GFFINM_03229;GCF_905400185.1|DKPOPA_03260;MF6|CFFIHE_03298;MF7|EFEKAH_00686
GCF_016899425.1|KEDGBJ_03307	6	6	1	1	GCF_016899425.1;GCF_053038975.1;GCF_053209605.1;GCF_905400185.1;MF6;MF7	GCF_016899425.1|KEDGBJ_03307;GCF_053038975.1|AHCKDM_03225;GCF_053209605.1|GFFINM_03231;GCF_905400185.1|DKPOPA_03262;MF6|CFFIHE_03300;MF7|EFEKAH_00684
GCF_016899425.1|KEDGBJ_03308	6	6	1	1	GCF_016899425.1;GCF_053038975.1;GCF_053209605.1;GCF_905400185.1;MF6;MF7	GCF_016899425.1|KEDGBJ_03308;GCF_053038975.1|AHCKDM_03226;GCF_053209605.1|GFFINM_03232;GCF_905400185.1|DKPOPA_03263;MF6|CFFIHE_03301;MF7|EFEKAH_00683
GCF_016899425.1|KEDGBJ_03309	6	6	1	1	GCF_016899425.1;GCF_053038975.1;GCF_053209605.1;GCF_905400185.1;MF6;MF7	GCF_016899425.1|KEDGBJ_03309;GCF_053038975.1|AHCKDM_03227;GCF_053209605.1|GFFINM_03233;GCF_905400185.1|DKPOPA_03264;MF6|CFFIHE_03302;MF7|EFEKAH_00682
GCF_016899425.1|KEDGBJ_03310	6	6	1	1	GCF_016899425.1;GCF_053038975.1;GCF_053209605.1;GCF_905400185.1;MF6;MF7	GCF_016899425.1|KEDGBJ_03310;GCF_053038975.1|AHCKDM_03228;GCF_053209605.1|GFFINM_03234;GCF_905400185.1|DKPOPA_03265;MF6|CFFIHE_03303;MF7|EFEKAH_00681
GCF_016899425.1|KEDGBJ_03311	6	6	1	1	GCF_016899425.1;GCF_053038975.1;GCF_053209605.1;GCF_905400185.1;MF6;MF7	GCF_016899425.1|KEDGBJ_03311;GCF_053038975.1|AHCKDM_03229;GCF_053209605.1|GFFINM_03235;GCF_905400185.1|DKPOPA_03266;MF6|CFFIHE_03304;MF7|EFEKAH_00680
GCF_016899425.1|KEDGBJ_03312	6	6	1	1	GCF_016899425.1;GCF_053038975.1;GCF_053209605.1;GCF_905400185.1;MF6;MF7	GCF_016899425.1|KEDGBJ_03312;GCF_053038975.1|AHCKDM_03230;GCF_053209605.1|GFFINM_03236;GCF_905400185.1|DKPOPA_03267;MF6|CFFIHE_03305;MF7|EFEKAH_00679
GCF_016899425.1|KEDGBJ_03314	6	6	1	1	GCF_016899425.1;GCF_053038975.1;GCF_053209605.1;GCF_905400185.1;MF6;MF7	GCF_016899425.1|KEDGBJ_03314;GCF_053038975.1|AHCKDM_03232;GCF_053209605.1|GFFINM_03238;GCF_905400185.1|DKPOPA_03269;MF6|CFFIHE_03307;MF7|EFEKAH_00677
GCF_016899425.1|KEDGBJ_03315	6	6	1	1	GCF_016899425.1;GCF_053038975.1;GCF_053209605.1;GCF_905400185.1;MF6;MF7	GCF_016899425.1|KEDGBJ_03315;GCF_053038975.1|AHCKDM_03233;GCF_053209605.1|GFFINM_03239;GCF_905400185.1|DKPOPA_03270;MF6|CFFIHE_03308;MF7|EFEKAH_00676
GCF_016899425.1|KEDGBJ_03316	6	6	1	1	GCF_016899425.1;GCF_053038975.1;GCF_053209605.1;GCF_905400185.1;MF6;MF7	GCF_016899425.1|KEDGBJ_03316;GCF_053038975.1|AHCKDM_03234;GCF_053209605.1|GFFINM_03240;GCF_905400185.1|DKPOPA_03271;MF6|CFFIHE_03309;MF7|EFEKAH_00675
GCF_016899425.1|KEDGBJ_03317	6	6	1	1	GCF_016899425.1;GCF_053038975.1;GCF_053209605.1;GCF_905400185.1;MF6;MF7	GCF_016899425.1|KEDGBJ_03317;GCF_053038975.1|AHCKDM_03235;GCF_053209605.1|GFFINM_03241;GCF_905400185.1|DKPOPA_03272;MF6|CFFIHE_03310;MF7|EFEKAH_00674
GCF_016899425.1|KEDGBJ_03318	6	6	1	1	GCF_016899425.1;GCF_053038975.1;GCF_053209605.1;GCF_905400185.1;MF6;MF7	GCF_016899425.1|KEDGBJ_03318;GCF_053038975.1|AHCKDM_03236;GCF_053209605.1|GFFINM_03242;GCF_905400185.1|DKPOPA_03273;MF6|CFFIHE_03311;MF7|EFEKAH_00673
GCF_016899425.1|KEDGBJ_03319	6	6	1	1	GCF_016899425.1;GCF_053038975.1;GCF_053209605.1;GCF_905400185.1;MF6;MF7	GCF_016899425.1|KEDGBJ_03319;GCF_053038975.1|AHCKDM_03237;GCF_053209605.1|GFFINM_03243;GCF_905400185.1|DKPOPA_03274;MF6|CFFIHE_03312;MF7|EFEKAH_00672
GCF_016899425.1|KEDGBJ_03320	6	6	1	1	GCF_016899425.1;GCF_053038975.1;GCF_053209605.1;GCF_905400185.1;MF6;MF7	GCF_016899425.1|KEDGBJ_03320;GCF_053038975.1|AHCKDM_03238;GCF_053209605.1|GFFINM_03244;GCF_905400185.1|DKPOPA_03275;MF6|CFFIHE_03313;MF7|EFEKAH_00671
GCF_016899425.1|KEDGBJ_03321	6	6	1	1	GCF_016899425.1;GCF_053038975.1;GCF_053209605.1;GCF_905400185.1;MF6;MF7	GCF_016899425.1|KEDGBJ_03321;GCF_053038975.1|AHCKDM_03239;GCF_053209605.1|GFFINM_03245;GCF_905400185.1|DKPOPA_03276;MF6|CFFIHE_03314;MF7|EFEKAH_00670
GCF_016899425.1|KEDGBJ_03322	6	6	1	1	GCF_016899425.1;GCF_053038975.1;GCF_053209605.1;GCF_905400185.1;MF6;MF7	GCF_016899425.1|KEDGBJ_03322;GCF_053038975.1|AHCKDM_03240;GCF_053209605.1|GFFINM_03246;GCF_905400185.1|DKPOPA_03277;MF6|CFFIHE_03315;MF7|EFEKAH_00669
GCF_016899425.1|KEDGBJ_03323	6	6	1	1	GCF_016899425.1;GCF_053038975.1;GCF_053209605.1;GCF_905400185.1;MF6;MF7	GCF_016899425.1|KEDGBJ_03323;GCF_053038975.1|AHCKDM_03241;GCF_053209605.1|GFFINM_03247;GCF_905400185.1|DKPOPA_03278;MF6|CFFIHE_03316;MF7|EFEKAH_00668
GCF_053038975.1|AHCKDM_00004	2	2	0	0	GCF_053038975.1;GCF_053209605.1	GCF_053038975.1|AHCKDM_00004;GCF_053209605.1|GFFINM_00004
GCF_053038975.1|AHCKDM_00005	2	2	0	0	GCF_053038975.1;GCF_053209605.1	GCF_053038975.1|AHCKDM_00005;GCF_053209605.1|GFFINM_00005
GCF_053038975.1|AHCKDM_00006	2	2	0	0	GCF_053038975.1;GCF_053209605.1	GCF_053038975.1|AHCKDM_00006;GCF_053209605.1|GFFINM_00006
GCF_053038975.1|AHCKDM_00007	2	2	0	0	GCF_053038975.1;GCF_053209605.1	GCF_053038975.1|AHCKDM_00007;GCF_053209605.1|GFFINM_00007
GCF_053038975.1|AHCKDM_00008	2	2	0	0	GCF_053038975.1;GCF_053209605.1	GCF_053038975.1|AHCKDM_00008;GCF_053209605.1|GFFINM_00008
GCF_053038975.1|AHCKDM_00009	2	2	0	0	GCF_053038975.1;GCF_053209605.1	GCF_053038975.1|AHCKDM_00009;GCF_053209605.1|GFFINM_00009
GCF_053038975.1|AHCKDM_00010	2	2	0	0	GCF_053038975.1;GCF_053209605.1	GCF_053038975.1|AHCKDM_00010;GCF_053209605.1|GFFINM_00010
GCF_053038975.1|AHCKDM_00011	2	2	0	0	GCF_053038975.1;GCF_053209605.1	GCF_053038975.1|AHCKDM_00011;GCF_053209605.1|GFFINM_00011
GCF_053038975.1|AHCKDM_00012	2	2	0	0	GCF_053038975.1;GCF_053209605.1	GCF_053038975.1|AHCKDM_00012;GCF_053209605.1|GFFINM_00012
GCF_053038975.1|AHCKDM_00013	2	2	0	0	GCF_053038975.1;GCF_053209605.1	GCF_053038975.1|AHCKDM_00013;GCF_053209605.1|GFFINM_00013
GCF_053038975.1|AHCKDM_00014	2	2	0	0	GCF_053038975.1;GCF_053209605.1	GCF_053038975.1|AHCKDM_00014;GCF_053209605.1|GFFINM_00014
GCF_053038975.1|AHCKDM_00015	2	2	0	0	GCF_053038975.1;GCF_053209605.1	GCF_053038975.1|AHCKDM_00015;GCF_053209605.1|GFFINM_00015
GCF_053038975.1|AHCKDM_00016	2	2	0	0	GCF_053038975.1;GCF_053209605.1	GCF_053038975.1|AHCKDM_00016;GCF_053209605.1|GFFINM_00016
GCF_053038975.1|AHCKDM_00017	2	2	0	0	GCF_053038975.1;GCF_053209605.1	GCF_053038975.1|AHCKDM_00017;GCF_053209605.1|GFFINM_00017
GCF_053038975.1|AHCKDM_00018	2	2	0	0	GCF_053038975.1;GCF_053209605.1	GCF_053038975.1|AHCKDM_00018;GCF_053209605.1|GFFINM_00018
GCF_053038975.1|AHCKDM_00019	2	2	0	0	GCF_053038975.1;GCF_053209605.1	GCF_053038975.1|AHCKDM_00019;GCF_053209605.1|GFFINM_00019
GCF_053038975.1|AHCKDM_00020	2	2	0	0	GCF_053038975.1;GCF_053209605.1	GCF_053038975.1|AHCKDM_00020;GCF_053209605.1|GFFINM_00020
GCF_053038975.1|AHCKDM_00021	2	2	0	0	GCF_053038975.1;GCF_053209605.1	GCF_053038975.1|AHCKDM_00021;GCF_053209605.1|GFFINM_00021
GCF_053038975.1|AHCKDM_00022	2	2	0	0	GCF_053038975.1;GCF_053209605.1	GCF_053038975.1|AHCKDM_00022;GCF_053209605.1|GFFINM_00022
GCF_053038975.1|AHCKDM_00023	2	2	0	0	GCF_053038975.1;GCF_053209605.1	GCF_053038975.1|AHCKDM_00023;GCF_053209605.1|GFFINM_00023
GCF_053038975.1|AHCKDM_00024	2	2	0	0	GCF_053038975.1;GCF_053209605.1	GCF_053038975.1|AHCKDM_00024;GCF_053209605.1|GFFINM_00024
GCF_053038975.1|AHCKDM_00025	2	2	0	0	GCF_053038975.1;GCF_053209605.1	GCF_053038975.1|AHCKDM_00025;GCF_053209605.1|GFFINM_00025
GCF_053038975.1|AHCKDM_00026	2	2	0	0	GCF_053038975.1;GCF_053209605.1	GCF_053038975.1|AHCKDM_00026;GCF_053209605.1|GFFINM_00026
GCF_053038975.1|AHCKDM_00027	2	2	0	0	GCF_053038975.1;GCF_053209605.1	GCF_053038975.1|AHCKDM_00027;GCF_053209605.1|GFFINM_00027
GCF_053038975.1|AHCKDM_00028	2	2	0	0	GCF_053038975.1;GCF_053209605.1	GCF_053038975.1|AHCKDM_00028;GCF_053209605.1|GFFINM_00028
GCF_053038975.1|AHCKDM_00036	2	2	0	0	GCF_053038975.1;GCF_053209605.1	GCF_053038975.1|AHCKDM_00036;GCF_053209605.1|GFFINM_00036
GCF_053038975.1|AHCKDM_00037	2	2	0	0	GCF_053038975.1;GCF_053209605.1	GCF_053038975.1|AHCKDM_00037;GCF_053209605.1|GFFINM_00037
GCF_053038975.1|AHCKDM_00046	2	2	0	0	GCF_053038975.1;GCF_053209605.1	GCF_053038975.1|AHCKDM_00046;GCF_053209605.1|GFFINM_00046
GCF_053038975.1|AHCKDM_00059	6	6	1	1	GCF_016899425.1;GCF_053038975.1;GCF_053209605.1;GCF_905400185.1;MF6;MF7	GCF_016899425.1|KEDGBJ_00098;GCF_053038975.1|AHCKDM_00059;GCF_053209605.1|GFFINM_00059;GCF_905400185.1|DKPOPA_00046;MF6|CFFIHE_00051;MF7|EFEKAH_01710
GCF_053038975.1|AHCKDM_00060	2	2	0	0	GCF_053038975.1;GCF_053209605.1	GCF_053038975.1|AHCKDM_00060;GCF_053209605.1|GFFINM_00060
GCF_053038975.1|AHCKDM_00062	6	6	1	1	GCF_016899425.1;GCF_053038975.1;GCF_053209605.1;GCF_905400185.1;MF6;MF7	GCF_016899425.1|KEDGBJ_00100;GCF_053038975.1|AHCKDM_00062;GCF_053209605.1|GFFINM_00062;GCF_905400185.1|DKPOPA_00048;MF6|CFFIHE_00053;MF7|EFEKAH_01712
GCF_053038975.1|AHCKDM_00063	6	6	1	1	GCF_016899425.1;GCF_053038975.1;GCF_053209605.1;GCF_905400185.1;MF6;MF7	GCF_016899425.1|KEDGBJ_00101;GCF_053038975.1|AHCKDM_00063;GCF_053209605.1|GFFINM_00063;GCF_905400185.1|DKPOPA_00049;MF6|CFFIHE_00054;MF7|EFEKAH_01713
GCF_053038975.1|AHCKDM_00070	6	6	1	1	GCF_016899425.1;GCF_053038975.1;GCF_053209605.1;GCF_905400185.1;MF6;MF7	GCF_016899425.1|KEDGBJ_00108;GCF_053038975.1|AHCKDM_00070;GCF_053209605.1|GFFINM_00070;GCF_905400185.1|DKPOPA_00056;MF6|CFFIHE_00061;MF7|EFEKAH_01720
GCF_053038975.1|AHCKDM_00076	6	6	1	1	GCF_016899425.1;GCF_053038975.1;GCF_053209605.1;GCF_905400185.1;MF6;MF7	GCF_016899425.1|KEDGBJ_00114;GCF_053038975.1|AHCKDM_00076;GCF_053209605.1|GFFINM_00076;GCF_905400185.1|DKPOPA_00062;MF6|CFFIHE_00067;MF7|EFEKAH_01726
GCF_053038975.1|AHCKDM_00122	2	2	0	0	GCF_053038975.1;GCF_053209605.1	GCF_053038975.1|AHCKDM_00122;GCF_053209605.1|GFFINM_00122
GCF_053038975.1|AHCKDM_00134	6	6	1	1	GCF_016899425.1;GCF_053038975.1;GCF_053209605.1;GCF_905400185.1;MF6;MF7	GCF_016899425.1|KEDGBJ_00174;GCF_053038975.1|AHCKDM_00134;GCF_053209605.1|GFFINM_00134;GCF_905400185.1|DKPOPA_00122;MF6|CFFIHE_00127;MF7|EFEKAH_01786
GCF_053038975.1|AHCKDM_00142	6	6	1	1	GCF_016899425.1;GCF_053038975.1;GCF_053209605.1;GCF_905400185.1;MF6;MF7	GCF_016899425.1|KEDGBJ_00182;GCF_053038975.1|AHCKDM_00142;GCF_053209605.1|GFFINM_00142;GCF_905400185.1|DKPOPA_00130;MF6|CFFIHE_00135;MF7|EFEKAH_01794
GCF_053038975.1|AHCKDM_00144	6	6	1	1	GCF_016899425.1;GCF_053038975.1;GCF_053209605.1;GCF_905400185.1;MF6;MF7	GCF_016899425.1|KEDGBJ_00188;GCF_053038975.1|AHCKDM_00144;GCF_053209605.1|GFFINM_00144;GCF_905400185.1|DKPOPA_00136;MF6|CFFIHE_00141;MF7|EFEKAH_01800
GCF_053038975.1|AHCKDM_00147	6	6	1	1	GCF_016899425.1;GCF_053038975.1;GCF_053209605.1;GCF_905400185.1;MF6;MF7	GCF_016899425.1|KEDGBJ_00191;GCF_053038975.1|AHCKDM_00147;GCF_053209605.1|GFFINM_00147;GCF_905400185.1|DKPOPA_00139;MF6|CFFIHE_00144;MF7|EFEKAH_01803
GCF_053038975.1|AHCKDM_00151	2	2	0	0	GCF_053038975.1;GCF_053209605.1	GCF_053038975.1|AHCKDM_00151;GCF_053209605.1|GFFINM_00151
GCF_053038975.1|AHCKDM_00154	2	2	0	0	GCF_053038975.1;GCF_053209605.1	GCF_053038975.1|AHCKDM_00154;GCF_053209605.1|GFFINM_00154
GCF_053038975.1|AHCKDM_00156	6	6	1	1	GCF_016899425.1;GCF_053038975.1;GCF_053209605.1;GCF_905400185.1;MF6;MF7	GCF_016899425.1|KEDGBJ_00198;GCF_053038975.1|AHCKDM_00156;GCF_053209605.1|GFFINM_00156;GCF_905400185.1|DKPOPA_00146;MF6|CFFIHE_00151;MF7|EFEKAH_01810
GCF_053038975.1|AHCKDM_00165	2	2	0	0	GCF_053038975.1;GCF_053209605.1	GCF_053038975.1|AHCKDM_00165;GCF_053209605.1|GFFINM_00165
GCF_053038975.1|AHCKDM_00166	2	2	0	0	GCF_053038975.1;GCF_053209605.1	GCF_053038975.1|AHCKDM_00166;GCF_053209605.1|GFFINM_00166
GCF_053038975.1|AHCKDM_00167	2	2	0	0	GCF_053038975.1;GCF_053209605.1	GCF_053038975.1|AHCKDM_00167;GCF_053209605.1|GFFINM_00167
GCF_053038975.1|AHCKDM_00168	2	2	0	0	GCF_053038975.1;GCF_053209605.1	GCF_053038975.1|AHCKDM_00168;GCF_053209605.1|GFFINM_00168
GCF_053038975.1|AHCKDM_00169	2	2	0	0	GCF_053038975.1;GCF_053209605.1	GCF_053038975.1|AHCKDM_00169;GCF_053209605.1|GFFINM_00169
GCF_053038975.1|AHCKDM_00170	2	2	0	0	GCF_053038975.1;GCF_053209605.1	GCF_053038975.1|AHCKDM_00170;GCF_053209605.1|GFFINM_00170
GCF_053038975.1|AHCKDM_00171	2	2	0	0	GCF_053038975.1;GCF_053209605.1	GCF_053038975.1|AHCKDM_00171;GCF_053209605.1|GFFINM_00171
GCF_053038975.1|AHCKDM_00172	2	2	0	0	GCF_053038975.1;GCF_053209605.1	GCF_053038975.1|AHCKDM_00172;GCF_053209605.1|GFFINM_00172
GCF_053038975.1|AHCKDM_00173	2	2	0	0	GCF_053038975.1;GCF_053209605.1	GCF_053038975.1|AHCKDM_00173;GCF_053209605.1|GFFINM_00173
GCF_053038975.1|AHCKDM_00174	2	2	0	0	GCF_053038975.1;GCF_053209605.1	GCF_053038975.1|AHCKDM_00174;GCF_053209605.1|GFFINM_00174
GCF_053038975.1|AHCKDM_00175	2	2	0	0	GCF_053038975.1;GCF_053209605.1	GCF_053038975.1|AHCKDM_00175;GCF_053209605.1|GFFINM_00175
GCF_053038975.1|AHCKDM_00176	2	2	0	0	GCF_053038975.1;GCF_053209605.1	GCF_053038975.1|AHCKDM_00176;GCF_053209605.1|GFFINM_00176
GCF_053038975.1|AHCKDM_00177	2	2	0	0	GCF_053038975.1;GCF_053209605.1	GCF_053038975.1|AHCKDM_00177;GCF_053209605.1|GFFINM_00177
GCF_053038975.1|AHCKDM_00178	2	2	0	0	GCF_053038975.1;GCF_053209605.1	GCF_053038975.1|AHCKDM_00178;GCF_053209605.1|GFFINM_00178
GCF_053038975.1|AHCKDM_00179	2	2	0	0	GCF_053038975.1;GCF_053209605.1	GCF_053038975.1|AHCKDM_00179;GCF_053209605.1|GFFINM_00179
GCF_053038975.1|AHCKDM_00180	2	2	0	0	GCF_053038975.1;GCF_053209605.1	GCF_053038975.1|AHCKDM_00180;GCF_053209605.1|GFFINM_00180
GCF_053038975.1|AHCKDM_00181	2	2	0	0	GCF_053038975.1;GCF_053209605.1	GCF_053038975.1|AHCKDM_00181;GCF_053209605.1|GFFINM_00181
GCF_053038975.1|AHCKDM_00182	2	2	0	0	GCF_053038975.1;GCF_053209605.1	GCF_053038975.1|AHCKDM_00182;GCF_053209605.1|GFFINM_00182
GCF_053038975.1|AHCKDM_00183	2	2	0	0	GCF_053038975.1;GCF_053209605.1	GCF_053038975.1|AHCKDM_00183;GCF_053209605.1|GFFINM_00183
GCF_053038975.1|AHCKDM_00184	2	2	0	0	GCF_053038975.1;GCF_053209605.1	GCF_053038975.1|AHCKDM_00184;GCF_053209605.1|GFFINM_00184
GCF_053038975.1|AHCKDM_00185	2	2	0	0	GCF_053038975.1;GCF_053209605.1	GCF_053038975.1|AHCKDM_00185;GCF_053209605.1|GFFINM_00185
GCF_053038975.1|AHCKDM_00186	2	2	0	0	GCF_053038975.1;GCF_053209605.1	GCF_053038975.1|AHCKDM_00186;GCF_053209605.1|GFFINM_00186
GCF_053038975.1|AHCKDM_00187	2	2	0	0	GCF_053038975.1;GCF_053209605.1	GCF_053038975.1|AHCKDM_00187;GCF_053209605.1|GFFINM_00187
GCF_053038975.1|AHCKDM_00188	2	2	0	0	GCF_053038975.1;GCF_053209605.1	GCF_053038975.1|AHCKDM_00188;GCF_053209605.1|GFFINM_00188
GCF_053038975.1|AHCKDM_00189	2	2	0	0	GCF_053038975.1;GCF_053209605.1	GCF_053038975.1|AHCKDM_00189;GCF_053209605.1|GFFINM_00189
GCF_053038975.1|AHCKDM_00190	2	2	0	0	GCF_053038975.1;GCF_053209605.1	GCF_053038975.1|AHCKDM_00190;GCF_053209605.1|GFFINM_00190
GCF_053038975.1|AHCKDM_00191	2	2	0	0	GCF_053038975.1;GCF_053209605.1	GCF_053038975.1|AHCKDM_00191;GCF_053209605.1|GFFINM_00191
GCF_053038975.1|AHCKDM_00192	2	2	0	0	GCF_053038975.1;GCF_053209605.1	GCF_053038975.1|AHCKDM_00192;GCF_053209605.1|GFFINM_00192
GCF_053038975.1|AHCKDM_00203	6	6	1	1	GCF_016899425.1;GCF_053038975.1;GCF_053209605.1;GCF_905400185.1;MF6;MF7	GCF_016899425.1|KEDGBJ_00220;GCF_053038975.1|AHCKDM_00203;GCF_053209605.1|GFFINM_00203;GCF_905400185.1|DKPOPA_00168;MF6|CFFIHE_00173;MF7|EFEKAH_01832
GCF_053038975.1|AHCKDM_00206	2	2	0	0	GCF_053038975.1;GCF_053209605.1	GCF_053038975.1|AHCKDM_00206;GCF_053209605.1|GFFINM_00206
GCF_053038975.1|AHCKDM_00211	6	6	1	1	GCF_016899425.1;GCF_053038975.1;GCF_053209605.1;GCF_905400185.1;MF6;MF7	GCF_016899425.1|KEDGBJ_00227;GCF_053038975.1|AHCKDM_00211;GCF_053209605.1|GFFINM_00211;GCF_905400185.1|DKPOPA_00175;MF6|CFFIHE_00180;MF7|EFEKAH_01839
GCF_053038975.1|AHCKDM_00234	6	6	1	1	GCF_016899425.1;GCF_053038975.1;GCF_053209605.1;GCF_905400185.1;MF6;MF7	GCF_016899425.1|KEDGBJ_00249;GCF_053038975.1|AHCKDM_00234;GCF_053209605.1|GFFINM_00233;GCF_905400185.1|DKPOPA_00197;MF6|CFFIHE_00202;MF7|EFEKAH_01861
GCF_053038975.1|AHCKDM_00271	6	6	1	1	GCF_016899425.1;GCF_053038975.1;GCF_053209605.1;GCF_905400185.1;MF6;MF7	GCF_016899425.1|KEDGBJ_00286;GCF_053038975.1|AHCKDM_00271;GCF_053209605.1|GFFINM_00270;GCF_905400185.1|DKPOPA_00234;MF6|CFFIHE_00239;MF7|EFEKAH_01898
GCF_053038975.1|AHCKDM_00291	6	6	1	1	GCF_016899425.1;GCF_053038975.1;GCF_053209605.1;GCF_905400185.1;MF6;MF7	GCF_016899425.1|KEDGBJ_00306;GCF_053038975.1|AHCKDM_00291;GCF_053209605.1|GFFINM_00290;GCF_905400185.1|DKPOPA_00254;MF6|CFFIHE_00259;MF7|EFEKAH_01918
GCF_053038975.1|AHCKDM_00301	2	2	0	0	GCF_053038975.1;GCF_053209605.1	GCF_053038975.1|AHCKDM_00301;GCF_053209605.1|GFFINM_00300
GCF_053038975.1|AHCKDM_00363	6	6	1	1	GCF_016899425.1;GCF_053038975.1;GCF_053209605.1;GCF_905400185.1;MF6;MF7	GCF_016899425.1|KEDGBJ_00377;GCF_053038975.1|AHCKDM_00363;GCF_053209605.1|GFFINM_00362;GCF_905400185.1|DKPOPA_00325;MF6|CFFIHE_00332;MF7|EFEKAH_00550
GCF_053038975.1|AHCKDM_00420	2	2	0	0	GCF_053038975.1;GCF_053209605.1	GCF_053038975.1|AHCKDM_00420;GCF_053209605.1|GFFINM_00419
GCF_053038975.1|AHCKDM_00429	2	2	0	0	GCF_053038975.1;GCF_053209605.1	GCF_053038975.1|AHCKDM_00429;GCF_053209605.1|GFFINM_00428
GCF_053038975.1|AHCKDM_00431	2	2	0	0	GCF_053038975.1;GCF_053209605.1	GCF_053038975.1|AHCKDM_00431;GCF_053209605.1|GFFINM_00430
GCF_053038975.1|AHCKDM_00433	2	2	0	0	GCF_053038975.1;GCF_053209605.1	GCF_053038975.1|AHCKDM_00433;GCF_053209605.1|GFFINM_00432
GCF_053038975.1|AHCKDM_00434	2	2	0	0	GCF_053038975.1;GCF_053209605.1	GCF_053038975.1|AHCKDM_00434;GCF_053209605.1|GFFINM_00433
GCF_053038975.1|AHCKDM_00435	2	2	0	0	GCF_053038975.1;GCF_053209605.1	GCF_053038975.1|AHCKDM_00435;GCF_053209605.1|GFFINM_00434
GCF_053038975.1|AHCKDM_00436	2	2	0	0	GCF_053038975.1;GCF_053209605.1	GCF_053038975.1|AHCKDM_00436;GCF_053209605.1|GFFINM_00435
GCF_053038975.1|AHCKDM_00437	2	2	0	0	GCF_053038975.1;GCF_053209605.1	GCF_053038975.1|AHCKDM_00437;GCF_053209605.1|GFFINM_00436
GCF_053038975.1|AHCKDM_00438	2	2	0	0	GCF_053038975.1;GCF_053209605.1	GCF_053038975.1|AHCKDM_00438;GCF_053209605.1|GFFINM_00437
GCF_053038975.1|AHCKDM_00439	2	2	0	0	GCF_053038975.1;GCF_053209605.1	GCF_053038975.1|AHCKDM_00439;GCF_053209605.1|GFFINM_00438
GCF_053038975.1|AHCKDM_00440	2	2	0	0	GCF_053038975.1;GCF_053209605.1	GCF_053038975.1|AHCKDM_00440;GCF_053209605.1|GFFINM_00439
GCF_053038975.1|AHCKDM_00443	2	2	0	0	GCF_053038975.1;GCF_053209605.1	GCF_053038975.1|AHCKDM_00443;GCF_053209605.1|GFFINM_00442
GCF_053038975.1|AHCKDM_00444	2	2	0	0	GCF_053038975.1;GCF_053209605.1	GCF_053038975.1|AHCKDM_00444;GCF_053209605.1|GFFINM_00443
GCF_053038975.1|AHCKDM_00445	2	2	0	0	GCF_053038975.1;GCF_053209605.1	GCF_053038975.1|AHCKDM_00445;GCF_053209605.1|GFFINM_00444
GCF_053038975.1|AHCKDM_00462	6	6	1	1	GCF_016899425.1;GCF_053038975.1;GCF_053209605.1;GCF_905400185.1;MF6;MF7	GCF_016899425.1|KEDGBJ_00491;GCF_053038975.1|AHCKDM_00462;GCF_053209605.1|GFFINM_00461;GCF_905400185.1|DKPOPA_00408;MF6|CFFIHE_00420;MF7|EFEKAH_00462
GCF_053038975.1|AHCKDM_00494	2	2	0	0	GCF_053038975.1;GCF_053209605.1	GCF_053038975.1|AHCKDM_00494;GCF_053209605.1|GFFINM_00493
GCF_053038975.1|AHCKDM_00502	6	6	1	1	GCF_016899425.1;GCF_053038975.1;GCF_053209605.1;GCF_905400185.1;MF6;MF7	GCF_016899425.1|KEDGBJ_00532;GCF_053038975.1|AHCKDM_00502;GCF_053209605.1|GFFINM_00501;GCF_905400185.1|DKPOPA_00462;MF6|CFFIHE_00461;MF7|EFEKAH_00421
GCF_053038975.1|AHCKDM_00511	6	6	1	1	GCF_016899425.1;GCF_053038975.1;GCF_053209605.1;GCF_905400185.1;MF6;MF7	GCF_016899425.1|KEDGBJ_00542;GCF_053038975.1|AHCKDM_00511;GCF_053209605.1|GFFINM_00510;GCF_905400185.1|DKPOPA_00472;MF6|CFFIHE_00471;MF7|EFEKAH_00411
GCF_053038975.1|AHCKDM_00534	6	6	1	1	GCF_016899425.1;GCF_053038975.1;GCF_053209605.1;GCF_905400185.1;MF6;MF7	GCF_016899425.1|KEDGBJ_00567;GCF_053038975.1|AHCKDM_00534;GCF_053209605.1|GFFINM_00533;GCF_905400185.1|DKPOPA_00497;MF6|CFFIHE_00496;MF7|EFEKAH_05405
GCF_053038975.1|AHCKDM_00543	4	4	0	0	GCF_053038975.1;GCF_905400185.1;MF6;MF7	GCF_053038975.1|AHCKDM_00543;GCF_905400185.1|DKPOPA_00506;MF6|CFFIHE_00505;MF7|EFEKAH_05396
GCF_053038975.1|AHCKDM_00580	6	6	1	1	GCF_016899425.1;GCF_053038975.1;GCF_053209605.1;GCF_905400185.1;MF6;MF7	GCF_016899425.1|KEDGBJ_00613;GCF_053038975.1|AHCKDM_00580;GCF_053209605.1|GFFINM_00578;GCF_905400185.1|DKPOPA_00544;MF6|CFFIHE_00543;MF7|EFEKAH_05358
GCF_053038975.1|AHCKDM_00615	6	6	1	1	GCF_016899425.1;GCF_053038975.1;GCF_053209605.1;GCF_905400185.1;MF6;MF7	GCF_016899425.1|KEDGBJ_00648;GCF_053038975.1|AHCKDM_00615;GCF_053209605.1|GFFINM_00613;GCF_905400185.1|DKPOPA_00579;MF6|CFFIHE_00578;MF7|EFEKAH_05323
GCF_053038975.1|AHCKDM_00645	6	6	1	1	GCF_016899425.1;GCF_053038975.1;GCF_053209605.1;GCF_905400185.1;MF6;MF7	GCF_016899425.1|KEDGBJ_00678;GCF_053038975.1|AHCKDM_00645;GCF_053209605.1|GFFINM_00643;GCF_905400185.1|DKPOPA_00609;MF6|CFFIHE_00608;MF7|EFEKAH_05293
GCF_053038975.1|AHCKDM_00647	2	2	0	0	GCF_053038975.1;GCF_053209605.1	GCF_053038975.1|AHCKDM_00647;GCF_053209605.1|GFFINM_00645
GCF_053038975.1|AHCKDM_00651	6	6	1	1	GCF_016899425.1;GCF_053038975.1;GCF_053209605.1;GCF_905400185.1;MF6;MF7	GCF_016899425.1|KEDGBJ_00683;GCF_053038975.1|AHCKDM_00651;GCF_053209605.1|GFFINM_00649;GCF_905400185.1|DKPOPA_00614;MF6|CFFIHE_00613;MF7|EFEKAH_05288
GCF_053038975.1|AHCKDM_00659	6	6	1	1	GCF_016899425.1;GCF_053038975.1;GCF_053209605.1;GCF_905400185.1;MF6;MF7	GCF_016899425.1|KEDGBJ_00691;GCF_053038975.1|AHCKDM_00659;GCF_053209605.1|GFFINM_00657;GCF_905400185.1|DKPOPA_00622;MF6|CFFIHE_00621;MF7|EFEKAH_05280
GCF_053038975.1|AHCKDM_00671	6	6	1	1	GCF_016899425.1;GCF_053038975.1;GCF_053209605.1;GCF_905400185.1;MF6;MF7	GCF_016899425.1|KEDGBJ_00703;GCF_053038975.1|AHCKDM_00671;GCF_053209605.1|GFFINM_00669;GCF_905400185.1|DKPOPA_00634;MF6|CFFIHE_00633;MF7|EFEKAH_05268
GCF_053038975.1|AHCKDM_00690	2	2	0	0	GCF_053038975.1;GCF_053209605.1	GCF_053038975.1|AHCKDM_00690;GCF_053209605.1|GFFINM_00688
GCF_053038975.1|AHCKDM_00691	2	2	0	0	GCF_053038975.1;GCF_053209605.1	GCF_053038975.1|AHCKDM_00691;GCF_053209605.1|GFFINM_00689
GCF_053038975.1|AHCKDM_00697	6	6	1	1	GCF_016899425.1;GCF_053038975.1;GCF_053209605.1;GCF_905400185.1;MF6;MF7	GCF_016899425.1|KEDGBJ_00728;GCF_053038975.1|AHCKDM_00697;GCF_053209605.1|GFFINM_00695;GCF_905400185.1|DKPOPA_00659;MF6|CFFIHE_00658;MF7|EFEKAH_05243
GCF_053038975.1|AHCKDM_00701	6	6	1	1	GCF_016899425.1;GCF_053038975.1;GCF_053209605.1;GCF_905400185.1;MF6;MF7	GCF_016899425.1|KEDGBJ_00733;GCF_053038975.1|AHCKDM_00701;GCF_053209605.1|GFFINM_00699;GCF_905400185.1|DKPOPA_00664;MF6|CFFIHE_00663;MF7|EFEKAH_05238
GCF_053038975.1|AHCKDM_00712	2	2	0	0	GCF_053038975.1;GCF_053209605.1	GCF_053038975.1|AHCKDM_00712;GCF_053209605.1|GFFINM_00710
GCF_053038975.1|AHCKDM_00718	6	6	1	1	GCF_016899425.1;GCF_053038975.1;GCF_053209605.1;GCF_905400185.1;MF6;MF7	GCF_016899425.1|KEDGBJ_00749;GCF_053038975.1|AHCKDM_00718;GCF_053209605.1|GFFINM_00716;GCF_905400185.1|DKPOPA_00680;MF6|CFFIHE_00679;MF7|EFEKAH_05222
GCF_053038975.1|AHCKDM_00724	2	2	0	0	GCF_053038975.1;GCF_053209605.1	GCF_053038975.1|AHCKDM_00724;GCF_053209605.1|GFFINM_00722
GCF_053038975.1|AHCKDM_00730	2	2	0	0	GCF_053038975.1;GCF_053209605.1	GCF_053038975.1|AHCKDM_00730;GCF_053209605.1|GFFINM_00728
GCF_053038975.1|AHCKDM_00734	6	6	1	1	GCF_016899425.1;GCF_053038975.1;GCF_053209605.1;GCF_905400185.1;MF6;MF7	GCF_016899425.1|KEDGBJ_00764;GCF_053038975.1|AHCKDM_00734;GCF_053209605.1|GFFINM_00732;GCF_905400185.1|DKPOPA_00696;MF6|CFFIHE_00694;MF7|EFEKAH_05207
GCF_053038975.1|AHCKDM_00778	6	6	1	1	GCF_016899425.1;GCF_053038975.1;GCF_053209605.1;GCF_905400185.1;MF6;MF7	GCF_016899425.1|KEDGBJ_00809;GCF_053038975.1|AHCKDM_00778;GCF_053209605.1|GFFINM_00776;GCF_905400185.1|DKPOPA_00741;MF6|CFFIHE_00739;MF7|EFEKAH_05162
GCF_053038975.1|AHCKDM_00805	6	6	1	1	GCF_016899425.1;GCF_053038975.1;GCF_053209605.1;GCF_905400185.1;MF6;MF7	GCF_016899425.1|KEDGBJ_00838;GCF_053038975.1|AHCKDM_00805;GCF_053209605.1|GFFINM_00803;GCF_905400185.1|DKPOPA_00770;MF6|CFFIHE_00768;MF7|EFEKAH_05133
GCF_053038975.1|AHCKDM_00812	6	6	1	1	GCF_016899425.1;GCF_053038975.1;GCF_053209605.1;GCF_905400185.1;MF6;MF7	GCF_016899425.1|KEDGBJ_00845;GCF_053038975.1|AHCKDM_00812;GCF_053209605.1|GFFINM_00810;GCF_905400185.1|DKPOPA_00777;MF6|CFFIHE_00775;MF7|EFEKAH_05126
GCF_053038975.1|AHCKDM_00822	6	6	1	1	GCF_016899425.1;GCF_053038975.1;GCF_053209605.1;GCF_905400185.1;MF6;MF7	GCF_016899425.1|KEDGBJ_00859;GCF_053038975.1|AHCKDM_00822;GCF_053209605.1|GFFINM_00820;GCF_905400185.1|DKPOPA_00791;MF6|CFFIHE_00788;MF7|EFEKAH_05113
GCF_053038975.1|AHCKDM_00827	4	4	0	0	GCF_053038975.1;GCF_053209605.1;MF6;MF7	GCF_053038975.1|AHCKDM_00827;GCF_053209605.1|GFFINM_00825;MF6|CFFIHE_00798;MF7|EFEKAH_05103
GCF_053038975.1|AHCKDM_00828	5	5	0	0	GCF_016899425.1;GCF_053038975.1;GCF_053209605.1;MF6;MF7	GCF_016899425.1|KEDGBJ_00870;GCF_053038975.1|AHCKDM_00828;GCF_053209605.1|GFFINM_00826;MF6|CFFIHE_00799;MF7|EFEKAH_05102
GCF_053038975.1|AHCKDM_00829	2	2	0	0	GCF_053038975.1;GCF_053209605.1	GCF_053038975.1|AHCKDM_00829;GCF_053209605.1|GFFINM_00827
GCF_053038975.1|AHCKDM_00830	4	4	0	0	GCF_053038975.1;GCF_053209605.1;MF6;MF7	GCF_053038975.1|AHCKDM_00830;GCF_053209605.1|GFFINM_00828;MF6|CFFIHE_00807;MF7|EFEKAH_05094
GCF_053038975.1|AHCKDM_00831	2	2	0	0	GCF_053038975.1;GCF_053209605.1	GCF_053038975.1|AHCKDM_00831;GCF_053209605.1|GFFINM_00829
GCF_053038975.1|AHCKDM_00832	2	2	0	0	GCF_053038975.1;GCF_053209605.1	GCF_053038975.1|AHCKDM_00832;GCF_053209605.1|GFFINM_00830
GCF_053038975.1|AHCKDM_00833	2	2	0	0	GCF_053038975.1;GCF_053209605.1	GCF_053038975.1|AHCKDM_00833;GCF_053209605.1|GFFINM_00831
GCF_053038975.1|AHCKDM_00836	5	5	0	0	GCF_053038975.1;GCF_053209605.1;GCF_905400185.1;MF6;MF7	GCF_053038975.1|AHCKDM_00836;GCF_053209605.1|GFFINM_00834;GCF_905400185.1|DKPOPA_00798;MF6|CFFIHE_00795;MF7|EFEKAH_05106
GCF_053038975.1|AHCKDM_00837	2	2	0	0	GCF_053038975.1;GCF_053209605.1	GCF_053038975.1|AHCKDM_00837;GCF_053209605.1|GFFINM_00835
GCF_053038975.1|AHCKDM_00838	2	2	0	0	GCF_053038975.1;GCF_053209605.1	GCF_053038975.1|AHCKDM_00838;GCF_053209605.1|GFFINM_00836
GCF_053038975.1|AHCKDM_00839	2	2	0	0	GCF_053038975.1;GCF_053209605.1	GCF_053038975.1|AHCKDM_00839;GCF_053209605.1|GFFINM_00837
GCF_053038975.1|AHCKDM_00840	2	2	0	0	GCF_053038975.1;GCF_053209605.1	GCF_053038975.1|AHCKDM_00840;GCF_053209605.1|GFFINM_00838
GCF_053038975.1|AHCKDM_00841	2	2	0	0	GCF_053038975.1;GCF_053209605.1	GCF_053038975.1|AHCKDM_00841;GCF_053209605.1|GFFINM_00839
GCF_053038975.1|AHCKDM_00842	2	2	0	0	GCF_053038975.1;GCF_053209605.1	GCF_053038975.1|AHCKDM_00842;GCF_053209605.1|GFFINM_00840
GCF_053038975.1|AHCKDM_00843	4	4	0	0	GCF_053038975.1;GCF_053209605.1;MF6;MF7	GCF_053038975.1|AHCKDM_00843;GCF_053209605.1|GFFINM_00841;MF6|CFFIHE_00814;MF7|EFEKAH_05087
GCF_053038975.1|AHCKDM_00844	2	2	0	0	GCF_053038975.1;GCF_053209605.1	GCF_053038975.1|AHCKDM_00844;GCF_053209605.1|GFFINM_00842
GCF_053038975.1|AHCKDM_00845	2	2	0	0	GCF_053038975.1;GCF_053209605.1	GCF_053038975.1|AHCKDM_00845;GCF_053209605.1|GFFINM_00843
GCF_053038975.1|AHCKDM_00846	2	2	0	0	GCF_053038975.1;GCF_053209605.1	GCF_053038975.1|AHCKDM_00846;GCF_053209605.1|GFFINM_00844
GCF_053038975.1|AHCKDM_00850	4	4	0	0	GCF_053038975.1;GCF_053209605.1;MF6;MF7	GCF_053038975.1|AHCKDM_00850;GCF_053209605.1|GFFINM_00848;MF6|CFFIHE_00819;MF7|EFEKAH_05082
GCF_053038975.1|AHCKDM_00869	6	6	1	1	GCF_016899425.1;GCF_053038975.1;GCF_053209605.1;GCF_905400185.1;MF6;MF7	GCF_016899425.1|KEDGBJ_00902;GCF_053038975.1|AHCKDM_00869;GCF_053209605.1|GFFINM_00867;GCF_905400185.1|DKPOPA_00837;MF6|CFFIHE_00838;MF7|EFEKAH_05063
GCF_053038975.1|AHCKDM_00887	6	6	1	1	GCF_016899425.1;GCF_053038975.1;GCF_053209605.1;GCF_905400185.1;MF6;MF7	GCF_016899425.1|KEDGBJ_00920;GCF_053038975.1|AHCKDM_00887;GCF_053209605.1|GFFINM_00885;GCF_905400185.1|DKPOPA_00859;MF6|CFFIHE_00860;MF7|EFEKAH_05041
GCF_053038975.1|AHCKDM_00899	6	6	1	1	GCF_016899425.1;GCF_053038975.1;GCF_053209605.1;GCF_905400185.1;MF6;MF7	GCF_016899425.1|KEDGBJ_00932;GCF_053038975.1|AHCKDM_00899;GCF_053209605.1|GFFINM_00897;GCF_905400185.1|DKPOPA_00871;MF6|CFFIHE_00872;MF7|EFEKAH_05029
GCF_053038975.1|AHCKDM_00944	6	6	1	1	GCF_016899425.1;GCF_053038975.1;GCF_053209605.1;GCF_905400185.1;MF6;MF7	GCF_016899425.1|KEDGBJ_00978;GCF_053038975.1|AHCKDM_00944;GCF_053209605.1|GFFINM_00942;GCF_905400185.1|DKPOPA_00917;MF6|CFFIHE_00918;MF7|EFEKAH_04983
GCF_053038975.1|AHCKDM_00959	6	6	1	1	GCF_016899425.1;GCF_053038975.1;GCF_053209605.1;GCF_905400185.1;MF6;MF7	GCF_016899425.1|KEDGBJ_00993;GCF_053038975.1|AHCKDM_00959;GCF_053209605.1|GFFINM_00957;GCF_905400185.1|DKPOPA_00933;MF6|CFFIHE_00934;MF7|EFEKAH_04967
GCF_053038975.1|AHCKDM_00963	2	2	0	0	GCF_053038975.1;GCF_053209605.1	GCF_053038975.1|AHCKDM_00963;GCF_053209605.1|GFFINM_00961
GCF_053038975.1|AHCKDM_00975	6	6	1	1	GCF_016899425.1;GCF_053038975.1;GCF_053209605.1;GCF_905400185.1;MF6;MF7	GCF_016899425.1|KEDGBJ_01010;GCF_053038975.1|AHCKDM_00975;GCF_053209605.1|GFFINM_00973;GCF_905400185.1|DKPOPA_00949;MF6|CFFIHE_00951;MF7|EFEKAH_04950
GCF_053038975.1|AHCKDM_00978	2	2	0	0	GCF_053038975.1;GCF_053209605.1	GCF_053038975.1|AHCKDM_00978;GCF_053209605.1|GFFINM_00976
GCF_053038975.1|AHCKDM_00981	6	6	1	1	GCF_016899425.1;GCF_053038975.1;GCF_053209605.1;GCF_905400185.1;MF6;MF7	GCF_016899425.1|KEDGBJ_01016;GCF_053038975.1|AHCKDM_00981;GCF_053209605.1|GFFINM_00979;GCF_905400185.1|DKPOPA_00955;MF6|CFFIHE_00957;MF7|EFEKAH_04944
GCF_053038975.1|AHCKDM_01018	6	6	1	1	GCF_016899425.1;GCF_053038975.1;GCF_053209605.1;GCF_905400185.1;MF6;MF7	GCF_016899425.1|KEDGBJ_01053;GCF_053038975.1|AHCKDM_01018;GCF_053209605.1|GFFINM_01016;GCF_905400185.1|DKPOPA_00992;MF6|CFFIHE_00994;MF7|EFEKAH_04907
GCF_053038975.1|AHCKDM_01021	6	6	1	1	GCF_016899425.1;GCF_053038975.1;GCF_053209605.1;GCF_905400185.1;MF6;MF7	GCF_016899425.1|KEDGBJ_01056;GCF_053038975.1|AHCKDM_01021;GCF_053209605.1|GFFINM_01019;GCF_905400185.1|DKPOPA_00995;MF6|CFFIHE_00997;MF7|EFEKAH_04904
GCF_053038975.1|AHCKDM_01036	6	6	1	1	GCF_016899425.1;GCF_053038975.1;GCF_053209605.1;GCF_905400185.1;MF6;MF7	GCF_016899425.1|KEDGBJ_01071;GCF_053038975.1|AHCKDM_01036;GCF_053209605.1|GFFINM_01034;GCF_905400185.1|DKPOPA_01010;MF6|CFFIHE_01012;MF7|EFEKAH_04889
GCF_053038975.1|AHCKDM_01050	6	6	1	1	GCF_016899425.1;GCF_053038975.1;GCF_053209605.1;GCF_905400185.1;MF6;MF7	GCF_016899425.1|KEDGBJ_01085;GCF_053038975.1|AHCKDM_01050;GCF_053209605.1|GFFINM_01048;GCF_905400185.1|DKPOPA_01024;MF6|CFFIHE_01026;MF7|EFEKAH_04875
GCF_053038975.1|AHCKDM_01114	6	6	1	1	GCF_016899425.1;GCF_053038975.1;GCF_053209605.1;GCF_905400185.1;MF6;MF7	GCF_016899425.1|KEDGBJ_01151;GCF_053038975.1|AHCKDM_01114;GCF_053209605.1|GFFINM_01112;GCF_905400185.1|DKPOPA_01090;MF6|CFFIHE_01092;MF7|EFEKAH_04810
GCF_053038975.1|AHCKDM_01133	2	2	0	0	GCF_053038975.1;GCF_053209605.1	GCF_053038975.1|AHCKDM_01133;GCF_053209605.1|GFFINM_01131
GCF_053038975.1|AHCKDM_01134	2	2	0	0	GCF_053038975.1;GCF_053209605.1	GCF_053038975.1|AHCKDM_01134;GCF_053209605.1|GFFINM_01132
GCF_053038975.1|AHCKDM_01146	6	6	1	1	GCF_016899425.1;GCF_053038975.1;GCF_053209605.1;GCF_905400185.1;MF6;MF7	GCF_016899425.1|KEDGBJ_01181;GCF_053038975.1|AHCKDM_01146;GCF_053209605.1|GFFINM_01144;GCF_905400185.1|DKPOPA_01120;MF6|CFFIHE_01123;MF7|EFEKAH_04779
GCF_053038975.1|AHCKDM_01152	6	6	1	1	GCF_016899425.1;GCF_053038975.1;GCF_053209605.1;GCF_905400185.1;MF6;MF7	GCF_016899425.1|KEDGBJ_01187;GCF_053038975.1|AHCKDM_01152;GCF_053209605.1|GFFINM_01150;GCF_905400185.1|DKPOPA_01126;MF6|CFFIHE_01129;MF7|EFEKAH_04773
GCF_053038975.1|AHCKDM_01159	6	6	1	1	GCF_016899425.1;GCF_053038975.1;GCF_053209605.1;GCF_905400185.1;MF6;MF7	GCF_016899425.1|KEDGBJ_01194;GCF_053038975.1|AHCKDM_01159;GCF_053209605.1|GFFINM_01157;GCF_905400185.1|DKPOPA_01133;MF6|CFFIHE_01136;MF7|EFEKAH_04766
GCF_053038975.1|AHCKDM_01181	6	6	1	1	GCF_016899425.1;GCF_053038975.1;GCF_053209605.1;GCF_905400185.1;MF6;MF7	GCF_016899425.1|KEDGBJ_01217;GCF_053038975.1|AHCKDM_01181;GCF_053209605.1|GFFINM_01180;GCF_905400185.1|DKPOPA_01156;MF6|CFFIHE_01159;MF7|EFEKAH_04743
GCF_053038975.1|AHCKDM_01184	2	2	0	0	GCF_053038975.1;GCF_053209605.1	GCF_053038975.1|AHCKDM_01184;GCF_053209605.1|GFFINM_01183
GCF_053038975.1|AHCKDM_01208	6	6	1	1	GCF_016899425.1;GCF_053038975.1;GCF_053209605.1;GCF_905400185.1;MF6;MF7	GCF_016899425.1|KEDGBJ_01247;GCF_053038975.1|AHCKDM_01208;GCF_053209605.1|GFFINM_01207;GCF_905400185.1|DKPOPA_01186;MF6|CFFIHE_01240;MF7|EFEKAH_04662
GCF_053038975.1|AHCKDM_01236	6	6	1	1	GCF_016899425.1;GCF_053038975.1;GCF_053209605.1;GCF_905400185.1;MF6;MF7	GCF_016899425.1|KEDGBJ_01275;GCF_053038975.1|AHCKDM_01236;GCF_053209605.1|GFFINM_01235;GCF_905400185.1|DKPOPA_01214;MF6|CFFIHE_01268;MF7|EFEKAH_04634
GCF_053038975.1|AHCKDM_01237	6	6	1	1	GCF_016899425.1;GCF_053038975.1;GCF_053209605.1;GCF_905400185.1;MF6;MF7	GCF_016899425.1|KEDGBJ_01276;GCF_053038975.1|AHCKDM_01237;GCF_053209605.1|GFFINM_01236;GCF_905400185.1|DKPOPA_01215;MF6|CFFIHE_01269;MF7|EFEKAH_04633
GCF_053038975.1|AHCKDM_01259	2	2	0	0	GCF_053038975.1;GCF_053209605.1	GCF_053038975.1|AHCKDM_01259;GCF_053209605.1|GFFINM_01258
GCF_053038975.1|AHCKDM_01260	2	2	0	0	GCF_053038975.1;GCF_053209605.1	GCF_053038975.1|AHCKDM_01260;GCF_053209605.1|GFFINM_01259
GCF_053038975.1|AHCKDM_01268	6	6	1	1	GCF_016899425.1;GCF_053038975.1;GCF_053209605.1;GCF_905400185.1;MF6;MF7	GCF_016899425.1|KEDGBJ_01313;GCF_053038975.1|AHCKDM_01268;GCF_053209605.1|GFFINM_01267;GCF_905400185.1|DKPOPA_01252;MF6|CFFIHE_01328;MF7|EFEKAH_04574
GCF_053038975.1|AHCKDM_01274	2	2	0	0	GCF_053038975.1;GCF_053209605.1	GCF_053038975.1|AHCKDM_01274;GCF_053209605.1|GFFINM_01273
GCF_053038975.1|AHCKDM_01275	2	2	0	0	GCF_053038975.1;GCF_053209605.1	GCF_053038975.1|AHCKDM_01275;GCF_053209605.1|GFFINM_01274
GCF_053038975.1|AHCKDM_01276	3	3	0	0	GCF_053038975.1;GCF_053209605.1;GCF_905400185.1	GCF_053038975.1|AHCKDM_01276;GCF_053209605.1|GFFINM_01275;GCF_905400185.1|DKPOPA_01296
GCF_053038975.1|AHCKDM_01277	3	3	0	0	GCF_053038975.1;GCF_053209605.1;GCF_905400185.1	GCF_053038975.1|AHCKDM_01277;GCF_053209605.1|GFFINM_01276;GCF_905400185.1|DKPOPA_01297
GCF_053038975.1|AHCKDM_01278	2	2	0	0	GCF_053038975.1;GCF_053209605.1	GCF_053038975.1|AHCKDM_01278;GCF_053209605.1|GFFINM_01277
GCF_053038975.1|AHCKDM_01279	2	2	0	0	GCF_053038975.1;GCF_053209605.1	GCF_053038975.1|AHCKDM_01279;GCF_053209605.1|GFFINM_01278
GCF_053038975.1|AHCKDM_01280	2	2	0	0	GCF_053038975.1;GCF_053209605.1	GCF_053038975.1|AHCKDM_01280;GCF_053209605.1|GFFINM_01279
GCF_053038975.1|AHCKDM_01281	2	2	0	0	GCF_053038975.1;GCF_053209605.1	GCF_053038975.1|AHCKDM_01281;GCF_053209605.1|GFFINM_01280
GCF_053038975.1|AHCKDM_01282	2	2	0	0	GCF_053038975.1;GCF_053209605.1	GCF_053038975.1|AHCKDM_01282;GCF_053209605.1|GFFINM_01281
GCF_053038975.1|AHCKDM_01283	2	2	0	0	GCF_053038975.1;GCF_053209605.1	GCF_053038975.1|AHCKDM_01283;GCF_053209605.1|GFFINM_01282
GCF_053038975.1|AHCKDM_01284	2	2	0	0	GCF_053038975.1;GCF_053209605.1	GCF_053038975.1|AHCKDM_01284;GCF_053209605.1|GFFINM_01283
GCF_053038975.1|AHCKDM_01285	2	2	0	0	GCF_053038975.1;GCF_053209605.1	GCF_053038975.1|AHCKDM_01285;GCF_053209605.1|GFFINM_01284
GCF_053038975.1|AHCKDM_01286	2	2	0	0	GCF_053038975.1;GCF_053209605.1	GCF_053038975.1|AHCKDM_01286;GCF_053209605.1|GFFINM_01285
GCF_053038975.1|AHCKDM_01287	2	2	0	0	GCF_053038975.1;GCF_053209605.1	GCF_053038975.1|AHCKDM_01287;GCF_053209605.1|GFFINM_01286
GCF_053038975.1|AHCKDM_01297	6	6	1	1	GCF_016899425.1;GCF_053038975.1;GCF_053209605.1;GCF_905400185.1;MF6;MF7	GCF_016899425.1|KEDGBJ_01329;GCF_053038975.1|AHCKDM_01297;GCF_053209605.1|GFFINM_01296;GCF_905400185.1|DKPOPA_01316;MF6|CFFIHE_01344;MF7|EFEKAH_04558
GCF_053038975.1|AHCKDM_01300	6	6	1	1	GCF_016899425.1;GCF_053038975.1;GCF_053209605.1;GCF_905400185.1;MF6;MF7	GCF_016899425.1|KEDGBJ_01332;GCF_053038975.1|AHCKDM_01300;GCF_053209605.1|GFFINM_01299;GCF_905400185.1|DKPOPA_01319;MF6|CFFIHE_01347;MF7|EFEKAH_04555
GCF_053038975.1|AHCKDM_01304	6	6	1	1	GCF_016899425.1;GCF_053038975.1;GCF_053209605.1;GCF_905400185.1;MF6;MF7	GCF_016899425.1|KEDGBJ_01336;GCF_053038975.1|AHCKDM_01304;GCF_053209605.1|GFFINM_01303;GCF_905400185.1|DKPOPA_01323;MF6|CFFIHE_01351;MF7|EFEKAH_04551
GCF_053038975.1|AHCKDM_01311	6	6	1	1	GCF_016899425.1;GCF_053038975.1;GCF_053209605.1;GCF_905400185.1;MF6;MF7	GCF_016899425.1|KEDGBJ_01344;GCF_053038975.1|AHCKDM_01311;GCF_053209605.1|GFFINM_01310;GCF_905400185.1|DKPOPA_01331;MF6|CFFIHE_01359;MF7|EFEKAH_04543
GCF_053038975.1|AHCKDM_01315	2	2	0	0	GCF_053038975.1;GCF_053209605.1	GCF_053038975.1|AHCKDM_01315;GCF_053209605.1|GFFINM_01314
GCF_053038975.1|AHCKDM_01317	6	6	1	1	GCF_016899425.1;GCF_053038975.1;GCF_053209605.1;GCF_905400185.1;MF6;MF7	GCF_016899425.1|KEDGBJ_01349;GCF_053038975.1|AHCKDM_01317;GCF_053209605.1|GFFINM_01316;GCF_905400185.1|DKPOPA_01336;MF6|CFFIHE_01364;MF7|EFEKAH_04538
GCF_053038975.1|AHCKDM_01321	6	6	1	1	GCF_016899425.1;GCF_053038975.1;GCF_053209605.1;GCF_905400185.1;MF6;MF7	GCF_016899425.1|KEDGBJ_01353;GCF_053038975.1|AHCKDM_01321;GCF_053209605.1|GFFINM_01320;GCF_905400185.1|DKPOPA_01340;MF6|CFFIHE_01368;MF7|EFEKAH_04534
GCF_053038975.1|AHCKDM_01328	6	6	1	1	GCF_016899425.1;GCF_053038975.1;GCF_053209605.1;GCF_905400185.1;MF6;MF7	GCF_016899425.1|KEDGBJ_01360;GCF_053038975.1|AHCKDM_01328;GCF_053209605.1|GFFINM_01327;GCF_905400185.1|DKPOPA_01347;MF6|CFFIHE_01375;MF7|EFEKAH_04527
GCF_053038975.1|AHCKDM_01330	6	14	1	0	GCF_016899425.1;GCF_053038975.1;GCF_053209605.1;GCF_905400185.1;MF6;MF7	GCF_016899425.1|KEDGBJ_01206;GCF_016899425.1|KEDGBJ_01226;GCF_016899425.1|KEDGBJ_01362;GCF_053038975.1|AHCKDM_01330;GCF_053209605.1|GFFINM_01329;GCF_905400185.1|DKPOPA_01145;GCF_905400185.1|DKPOPA_01165;GCF_905400185.1|DKPOPA_01349;MF6|CFFIHE_01148;MF6|CFFIHE_01168;MF6|CFFIHE_01377;MF7|EFEKAH_04525;MF7|EFEKAH_04734;MF7|EFEKAH_04754
GCF_053038975.1|AHCKDM_01338	6	6	1	1	GCF_016899425.1;GCF_053038975.1;GCF_053209605.1;GCF_905400185.1;MF6;MF7	GCF_016899425.1|KEDGBJ_01371;GCF_053038975.1|AHCKDM_01338;GCF_053209605.1|GFFINM_01337;GCF_905400185.1|DKPOPA_01358;MF6|CFFIHE_01386;MF7|EFEKAH_04516
GCF_053038975.1|AHCKDM_01348	6	6	1	1	GCF_016899425.1;GCF_053038975.1;GCF_053209605.1;GCF_905400185.1;MF6;MF7	GCF_016899425.1|KEDGBJ_01382;GCF_053038975.1|AHCKDM_01348;GCF_053209605.1|GFFINM_01347;GCF_905400185.1|DKPOPA_01369;MF6|CFFIHE_01397;MF7|EFEKAH_04505
GCF_053038975.1|AHCKDM_01354	6	6	1	1	GCF_016899425.1;GCF_053038975.1;GCF_053209605.1;GCF_905400185.1;MF6;MF7	GCF_016899425.1|KEDGBJ_01390;GCF_053038975.1|AHCKDM_01354;GCF_053209605.1|GFFINM_01353;GCF_905400185.1|DKPOPA_01377;MF6|CFFIHE_01405;MF7|EFEKAH_04497
GCF_053038975.1|AHCKDM_01365	6	6	1	1	GCF_016899425.1;GCF_053038975.1;GCF_053209605.1;GCF_905400185.1;MF6;MF7	GCF_016899425.1|KEDGBJ_01401;GCF_053038975.1|AHCKDM_01365;GCF_053209605.1|GFFINM_01365;GCF_905400185.1|DKPOPA_01388;MF6|CFFIHE_01416;MF7|EFEKAH_00874
GCF_053038975.1|AHCKDM_01373	6	6	1	1	GCF_016899425.1;GCF_053038975.1;GCF_053209605.1;GCF_905400185.1;MF6;MF7	GCF_016899425.1|KEDGBJ_01410;GCF_053038975.1|AHCKDM_01373;GCF_053209605.1|GFFINM_01373;GCF_905400185.1|DKPOPA_01397;MF6|CFFIHE_01425;MF7|EFEKAH_00883
GCF_053038975.1|AHCKDM_01377	6	6	1	1	GCF_016899425.1;GCF_053038975.1;GCF_053209605.1;GCF_905400185.1;MF6;MF7	GCF_016899425.1|KEDGBJ_01414;GCF_053038975.1|AHCKDM_01377;GCF_053209605.1|GFFINM_01377;GCF_905400185.1|DKPOPA_01401;MF6|CFFIHE_01429;MF7|EFEKAH_00887
GCF_053038975.1|AHCKDM_01378	2	2	0	0	GCF_053038975.1;GCF_053209605.1	GCF_053038975.1|AHCKDM_01378;GCF_053209605.1|GFFINM_01378
GCF_053038975.1|AHCKDM_01379	2	2	0	0	GCF_053038975.1;GCF_053209605.1	GCF_053038975.1|AHCKDM_01379;GCF_053209605.1|GFFINM_01379
GCF_053038975.1|AHCKDM_01393	6	6	1	1	GCF_016899425.1;GCF_053038975.1;GCF_053209605.1;GCF_905400185.1;MF6;MF7	GCF_016899425.1|KEDGBJ_01430;GCF_053038975.1|AHCKDM_01393;GCF_053209605.1|GFFINM_01394;GCF_905400185.1|DKPOPA_01417;MF6|CFFIHE_01445;MF7|EFEKAH_00903
GCF_053038975.1|AHCKDM_01401	6	6	1	1	GCF_016899425.1;GCF_053038975.1;GCF_053209605.1;GCF_905400185.1;MF6;MF7	GCF_016899425.1|KEDGBJ_01438;GCF_053038975.1|AHCKDM_01401;GCF_053209605.1|GFFINM_01402;GCF_905400185.1|DKPOPA_01425;MF6|CFFIHE_01453;MF7|EFEKAH_00911
GCF_053038975.1|AHCKDM_01410	2	2	0	0	GCF_053038975.1;GCF_053209605.1	GCF_053038975.1|AHCKDM_01410;GCF_053209605.1|GFFINM_01411
GCF_053038975.1|AHCKDM_01411	6	6	1	1	GCF_016899425.1;GCF_053038975.1;GCF_053209605.1;GCF_905400185.1;MF6;MF7	GCF_016899425.1|KEDGBJ_01447;GCF_053038975.1|AHCKDM_01411;GCF_053209605.1|GFFINM_01412;GCF_905400185.1|DKPOPA_01434;MF6|CFFIHE_01462;MF7|EFEKAH_00920
GCF_053038975.1|AHCKDM_01412	2	2	0	0	GCF_053038975.1;GCF_053209605.1	GCF_053038975.1|AHCKDM_01412;GCF_053209605.1|GFFINM_01413
GCF_053038975.1|AHCKDM_01415	6	6	1	1	GCF_016899425.1;GCF_053038975.1;GCF_053209605.1;GCF_905400185.1;MF6;MF7	GCF_016899425.1|KEDGBJ_01451;GCF_053038975.1|AHCKDM_01415;GCF_053209605.1|GFFINM_01416;GCF_905400185.1|DKPOPA_01438;MF6|CFFIHE_01465;MF7|EFEKAH_00923
GCF_053038975.1|AHCKDM_01435	6	6	1	1	GCF_016899425.1;GCF_053038975.1;GCF_053209605.1;GCF_905400185.1;MF6;MF7	GCF_016899425.1|KEDGBJ_01471;GCF_053038975.1|AHCKDM_01435;GCF_053209605.1|GFFINM_01437;GCF_905400185.1|DKPOPA_01458;MF6|CFFIHE_01485;MF7|EFEKAH_00943
GCF_053038975.1|AHCKDM_01461	6	6	1	1	GCF_016899425.1;GCF_053038975.1;GCF_053209605.1;GCF_905400185.1;MF6;MF7	GCF_016899425.1|KEDGBJ_01498;GCF_053038975.1|AHCKDM_01461;GCF_053209605.1|GFFINM_01463;GCF_905400185.1|DKPOPA_01485;MF6|CFFIHE_01512;MF7|EFEKAH_00970
GCF_053038975.1|AHCKDM_01469	6	6	1	1	GCF_016899425.1;GCF_053038975.1;GCF_053209605.1;GCF_905400185.1;MF6;MF7	GCF_016899425.1|KEDGBJ_01506;GCF_053038975.1|AHCKDM_01469;GCF_053209605.1|GFFINM_01471;GCF_905400185.1|DKPOPA_01493;MF6|CFFIHE_01520;MF7|EFEKAH_00978
GCF_053038975.1|AHCKDM_01473	6	6	1	1	GCF_016899425.1;GCF_053038975.1;GCF_053209605.1;GCF_905400185.1;MF6;MF7	GCF_016899425.1|KEDGBJ_01510;GCF_053038975.1|AHCKDM_01473;GCF_053209605.1|GFFINM_01475;GCF_905400185.1|DKPOPA_01497;MF6|CFFIHE_01524;MF7|EFEKAH_00982
GCF_053038975.1|AHCKDM_01490	2	2	0	0	GCF_053038975.1;GCF_053209605.1	GCF_053038975.1|AHCKDM_01490;GCF_053209605.1|GFFINM_01492
GCF_053038975.1|AHCKDM_01491	2	2	0	0	GCF_053038975.1;GCF_053209605.1	GCF_053038975.1|AHCKDM_01491;GCF_053209605.1|GFFINM_01493
GCF_053038975.1|AHCKDM_01492	2	2	0	0	GCF_053038975.1;GCF_053209605.1	GCF_053038975.1|AHCKDM_01492;GCF_053209605.1|GFFINM_01494
GCF_053038975.1|AHCKDM_01493	2	2	0	0	GCF_053038975.1;GCF_053209605.1	GCF_053038975.1|AHCKDM_01493;GCF_053209605.1|GFFINM_01495
GCF_053038975.1|AHCKDM_01494	2	2	0	0	GCF_053038975.1;GCF_053209605.1	GCF_053038975.1|AHCKDM_01494;GCF_053209605.1|GFFINM_01496
GCF_053038975.1|AHCKDM_01495	2	2	0	0	GCF_053038975.1;GCF_053209605.1	GCF_053038975.1|AHCKDM_01495;GCF_053209605.1|GFFINM_01497
GCF_053038975.1|AHCKDM_01496	6	6	1	1	GCF_016899425.1;GCF_053038975.1;GCF_053209605.1;GCF_905400185.1;MF6;MF7	GCF_016899425.1|KEDGBJ_01534;GCF_053038975.1|AHCKDM_01496;GCF_053209605.1|GFFINM_01498;GCF_905400185.1|DKPOPA_01521;MF6|CFFIHE_01548;MF7|EFEKAH_01006
GCF_053038975.1|AHCKDM_01497	2	2	0	0	GCF_053038975.1;GCF_053209605.1	GCF_053038975.1|AHCKDM_01497;GCF_053209605.1|GFFINM_01499
GCF_053038975.1|AHCKDM_01498	2	2	0	0	GCF_053038975.1;GCF_053209605.1	GCF_053038975.1|AHCKDM_01498;GCF_053209605.1|GFFINM_01500
GCF_053038975.1|AHCKDM_01499	2	2	0	0	GCF_053038975.1;GCF_053209605.1	GCF_053038975.1|AHCKDM_01499;GCF_053209605.1|GFFINM_01501
GCF_053038975.1|AHCKDM_01500	2	2	0	0	GCF_053038975.1;GCF_053209605.1	GCF_053038975.1|AHCKDM_01500;GCF_053209605.1|GFFINM_01502
GCF_053038975.1|AHCKDM_01501	2	2	0	0	GCF_053038975.1;GCF_053209605.1	GCF_053038975.1|AHCKDM_01501;GCF_053209605.1|GFFINM_01503
GCF_053038975.1|AHCKDM_01504	6	6	1	1	GCF_016899425.1;GCF_053038975.1;GCF_053209605.1;GCF_905400185.1;MF6;MF7	GCF_016899425.1|KEDGBJ_01542;GCF_053038975.1|AHCKDM_01504;GCF_053209605.1|GFFINM_01506;GCF_905400185.1|DKPOPA_01529;MF6|CFFIHE_01556;MF7|EFEKAH_01014
GCF_053038975.1|AHCKDM_01515	6	6	1	1	GCF_016899425.1;GCF_053038975.1;GCF_053209605.1;GCF_905400185.1;MF6;MF7	GCF_016899425.1|KEDGBJ_01553;GCF_053038975.1|AHCKDM_01515;GCF_053209605.1|GFFINM_01517;GCF_905400185.1|DKPOPA_01540;MF6|CFFIHE_01567;MF7|EFEKAH_01025
GCF_053038975.1|AHCKDM_01519	2	2	0	0	GCF_053038975.1;GCF_053209605.1	GCF_053038975.1|AHCKDM_01519;GCF_053209605.1|GFFINM_01521
GCF_053038975.1|AHCKDM_01532	6	6	1	1	GCF_016899425.1;GCF_053038975.1;GCF_053209605.1;GCF_905400185.1;MF6;MF7	GCF_016899425.1|KEDGBJ_01591;GCF_053038975.1|AHCKDM_01532;GCF_053209605.1|GFFINM_01534;GCF_905400185.1|DKPOPA_01578;MF6|CFFIHE_01605;MF7|EFEKAH_01063
GCF_053038975.1|AHCKDM_01549	6	6	1	1	GCF_016899425.1;GCF_053038975.1;GCF_053209605.1;GCF_905400185.1;MF6;MF7	GCF_016899425.1|KEDGBJ_01608;GCF_053038975.1|AHCKDM_01549;GCF_053209605.1|GFFINM_01551;GCF_905400185.1|DKPOPA_01595;MF6|CFFIHE_01622;MF7|EFEKAH_01080
GCF_053038975.1|AHCKDM_01557	2	2	0	0	GCF_053038975.1;GCF_053209605.1	GCF_053038975.1|AHCKDM_01557;GCF_053209605.1|GFFINM_01559
GCF_053038975.1|AHCKDM_01563	6	6	1	1	GCF_016899425.1;GCF_053038975.1;GCF_053209605.1;GCF_905400185.1;MF6;MF7	GCF_016899425.1|KEDGBJ_01621;GCF_053038975.1|AHCKDM_01563;GCF_053209605.1|GFFINM_01565;GCF_905400185.1|DKPOPA_01608;MF6|CFFIHE_01635;MF7|EFEKAH_01093
GCF_053038975.1|AHCKDM_01566	6	6	1	1	GCF_016899425.1;GCF_053038975.1;GCF_053209605.1;GCF_905400185.1;MF6;MF7	GCF_016899425.1|KEDGBJ_01624;GCF_053038975.1|AHCKDM_01566;GCF_053209605.1|GFFINM_01568;GCF_905400185.1|DKPOPA_01611;MF6|CFFIHE_01638;MF7|EFEKAH_01096
GCF_053038975.1|AHCKDM_01590	2	2	0	0	GCF_053038975.1;GCF_053209605.1	GCF_053038975.1|AHCKDM_01590;GCF_053209605.1|GFFINM_01592
GCF_053038975.1|AHCKDM_01591	2	2	0	0	GCF_053038975.1;GCF_053209605.1	GCF_053038975.1|AHCKDM_01591;GCF_053209605.1|GFFINM_01593
GCF_053038975.1|AHCKDM_01592	2	2	0	0	GCF_053038975.1;GCF_053209605.1	GCF_053038975.1|AHCKDM_01592;GCF_053209605.1|GFFINM_01594
GCF_053038975.1|AHCKDM_01593	2	2	0	0	GCF_053038975.1;GCF_053209605.1	GCF_053038975.1|AHCKDM_01593;GCF_053209605.1|GFFINM_01595
GCF_053038975.1|AHCKDM_01594	2	2	0	0	GCF_053038975.1;GCF_053209605.1	GCF_053038975.1|AHCKDM_01594;GCF_053209605.1|GFFINM_01596
GCF_053038975.1|AHCKDM_01595	2	2	0	0	GCF_053038975.1;GCF_053209605.1	GCF_053038975.1|AHCKDM_01595;GCF_053209605.1|GFFINM_01597
GCF_053038975.1|AHCKDM_01596	2	2	0	0	GCF_053038975.1;GCF_053209605.1	GCF_053038975.1|AHCKDM_01596;GCF_053209605.1|GFFINM_01598
GCF_053038975.1|AHCKDM_01600	4	4	0	0	GCF_016899425.1;GCF_053038975.1;GCF_053209605.1;GCF_905400185.1	GCF_016899425.1|KEDGBJ_01651;GCF_053038975.1|AHCKDM_01600;GCF_053209605.1|GFFINM_01602;GCF_905400185.1|DKPOPA_01638
GCF_053038975.1|AHCKDM_01601	2	2	0	0	GCF_053038975.1;GCF_053209605.1	GCF_053038975.1|AHCKDM_01601;GCF_053209605.1|GFFINM_01603
GCF_053038975.1|AHCKDM_01602	2	2	0	0	GCF_053038975.1;GCF_053209605.1	GCF_053038975.1|AHCKDM_01602;GCF_053209605.1|GFFINM_01604
GCF_053038975.1|AHCKDM_01605	6	6	1	1	GCF_016899425.1;GCF_053038975.1;GCF_053209605.1;GCF_905400185.1;MF6;MF7	GCF_016899425.1|KEDGBJ_01657;GCF_053038975.1|AHCKDM_01605;GCF_053209605.1|GFFINM_01607;GCF_905400185.1|DKPOPA_01643;MF6|CFFIHE_01666;MF7|EFEKAH_01124
GCF_053038975.1|AHCKDM_01637	6	6	1	1	GCF_016899425.1;GCF_053038975.1;GCF_053209605.1;GCF_905400185.1;MF6;MF7	GCF_016899425.1|KEDGBJ_01693;GCF_053038975.1|AHCKDM_01637;GCF_053209605.1|GFFINM_01639;GCF_905400185.1|DKPOPA_01679;MF6|CFFIHE_01702;MF7|EFEKAH_01160
GCF_053038975.1|AHCKDM_01640	6	6	1	1	GCF_016899425.1;GCF_053038975.1;GCF_053209605.1;GCF_905400185.1;MF6;MF7	GCF_016899425.1|KEDGBJ_01696;GCF_053038975.1|AHCKDM_01640;GCF_053209605.1|GFFINM_01642;GCF_905400185.1|DKPOPA_01682;MF6|CFFIHE_01705;MF7|EFEKAH_01163
GCF_053038975.1|AHCKDM_01642	6	6	1	1	GCF_016899425.1;GCF_053038975.1;GCF_053209605.1;GCF_905400185.1;MF6;MF7	GCF_016899425.1|KEDGBJ_01698;GCF_053038975.1|AHCKDM_01642;GCF_053209605.1|GFFINM_01644;GCF_905400185.1|DKPOPA_01684;MF6|CFFIHE_01707;MF7|EFEKAH_01165
GCF_053038975.1|AHCKDM_01659	2	2	0	0	GCF_053038975.1;GCF_053209605.1	GCF_053038975.1|AHCKDM_01659;GCF_053209605.1|GFFINM_01661
GCF_053038975.1|AHCKDM_01660	2	2	0	0	GCF_053038975.1;GCF_053209605.1	GCF_053038975.1|AHCKDM_01660;GCF_053209605.1|GFFINM_01662
GCF_053038975.1|AHCKDM_01664	6	6	1	1	GCF_016899425.1;GCF_053038975.1;GCF_053209605.1;GCF_905400185.1;MF6;MF7	GCF_016899425.1|KEDGBJ_01719;GCF_053038975.1|AHCKDM_01664;GCF_053209605.1|GFFINM_01666;GCF_905400185.1|DKPOPA_01704;MF6|CFFIHE_01728;MF7|EFEKAH_01186
GCF_053038975.1|AHCKDM_01674	6	6	1	1	GCF_016899425.1;GCF_053038975.1;GCF_053209605.1;GCF_905400185.1;MF6;MF7	GCF_016899425.1|KEDGBJ_01729;GCF_053038975.1|AHCKDM_01674;GCF_053209605.1|GFFINM_01676;GCF_905400185.1|DKPOPA_01714;MF6|CFFIHE_01738;MF7|EFEKAH_01196
GCF_053038975.1|AHCKDM_01694	6	6	1	1	GCF_016899425.1;GCF_053038975.1;GCF_053209605.1;GCF_905400185.1;MF6;MF7	GCF_016899425.1|KEDGBJ_01749;GCF_053038975.1|AHCKDM_01694;GCF_053209605.1|GFFINM_01696;GCF_905400185.1|DKPOPA_01734;MF6|CFFIHE_01758;MF7|EFEKAH_01216
GCF_053038975.1|AHCKDM_01701	2	2	0	0	GCF_053038975.1;GCF_053209605.1	GCF_053038975.1|AHCKDM_01701;GCF_053209605.1|GFFINM_01703
GCF_053038975.1|AHCKDM_01702	2	2	0	0	GCF_053038975.1;GCF_053209605.1	GCF_053038975.1|AHCKDM_01702;GCF_053209605.1|GFFINM_01704
GCF_053038975.1|AHCKDM_01704	2	2	0	0	GCF_053038975.1;GCF_053209605.1	GCF_053038975.1|AHCKDM_01704;GCF_053209605.1|GFFINM_01706
GCF_053038975.1|AHCKDM_01737	6	6	1	1	GCF_016899425.1;GCF_053038975.1;GCF_053209605.1;GCF_905400185.1;MF6;MF7	GCF_016899425.1|KEDGBJ_01799;GCF_053038975.1|AHCKDM_01737;GCF_053209605.1|GFFINM_01739;GCF_905400185.1|DKPOPA_01785;MF6|CFFIHE_01799;MF7|EFEKAH_01257
GCF_053038975.1|AHCKDM_01739	6	6	1	1	GCF_016899425.1;GCF_053038975.1;GCF_053209605.1;GCF_905400185.1;MF6;MF7	GCF_016899425.1|KEDGBJ_01801;GCF_053038975.1|AHCKDM_01739;GCF_053209605.1|GFFINM_01741;GCF_905400185.1|DKPOPA_01787;MF6|CFFIHE_01801;MF7|EFEKAH_01259
GCF_053038975.1|AHCKDM_01741	6	6	1	1	GCF_016899425.1;GCF_053038975.1;GCF_053209605.1;GCF_905400185.1;MF6;MF7	GCF_016899425.1|KEDGBJ_01806;GCF_053038975.1|AHCKDM_01741;GCF_053209605.1|GFFINM_01743;GCF_905400185.1|DKPOPA_01792;MF6|CFFIHE_01806;MF7|EFEKAH_01264
GCF_053038975.1|AHCKDM_01742	6	6	1	1	GCF_016899425.1;GCF_053038975.1;GCF_053209605.1;GCF_905400185.1;MF6;MF7	GCF_016899425.1|KEDGBJ_01807;GCF_053038975.1|AHCKDM_01742;GCF_053209605.1|GFFINM_01744;GCF_905400185.1|DKPOPA_01793;MF6|CFFIHE_01807;MF7|EFEKAH_01265
GCF_053038975.1|AHCKDM_01757	6	6	1	1	GCF_016899425.1;GCF_053038975.1;GCF_053209605.1;GCF_905400185.1;MF6;MF7	GCF_016899425.1|KEDGBJ_01822;GCF_053038975.1|AHCKDM_01757;GCF_053209605.1|GFFINM_01759;GCF_905400185.1|DKPOPA_01808;MF6|CFFIHE_01822;MF7|EFEKAH_01280
GCF_053038975.1|AHCKDM_01778	2	2	0	0	GCF_053038975.1;GCF_053209605.1	GCF_053038975.1|AHCKDM_01778;GCF_053209605.1|GFFINM_01780
GCF_053038975.1|AHCKDM_01779	2	2	0	0	GCF_053038975.1;GCF_053209605.1	GCF_053038975.1|AHCKDM_01779;GCF_053209605.1|GFFINM_01781
GCF_053038975.1|AHCKDM_01780	2	2	0	0	GCF_053038975.1;GCF_053209605.1	GCF_053038975.1|AHCKDM_01780;GCF_053209605.1|GFFINM_01782
GCF_053038975.1|AHCKDM_01781	3	3	0	0	GCF_016899425.1;GCF_053038975.1;GCF_053209605.1	GCF_016899425.1|KEDGBJ_01969;GCF_053038975.1|AHCKDM_01781;GCF_053209605.1|GFFINM_01783
GCF_053038975.1|AHCKDM_01783	2	2	0	0	GCF_053038975.1;GCF_053209605.1	GCF_053038975.1|AHCKDM_01783;GCF_053209605.1|GFFINM_01785
GCF_053038975.1|AHCKDM_01784	2	2	0	0	GCF_053038975.1;GCF_053209605.1	GCF_053038975.1|AHCKDM_01784;GCF_053209605.1|GFFINM_01786
GCF_053038975.1|AHCKDM_01785	2	2	0	0	GCF_053038975.1;GCF_053209605.1	GCF_053038975.1|AHCKDM_01785;GCF_053209605.1|GFFINM_01787
GCF_053038975.1|AHCKDM_01786	2	2	0	0	GCF_053038975.1;GCF_053209605.1	GCF_053038975.1|AHCKDM_01786;GCF_053209605.1|GFFINM_01788
GCF_053038975.1|AHCKDM_01787	2	2	0	0	GCF_053038975.1;GCF_053209605.1	GCF_053038975.1|AHCKDM_01787;GCF_053209605.1|GFFINM_01789
GCF_053038975.1|AHCKDM_01788	2	2	0	0	GCF_053038975.1;GCF_053209605.1	GCF_053038975.1|AHCKDM_01788;GCF_053209605.1|GFFINM_01790
GCF_053038975.1|AHCKDM_01789	2	2	0	0	GCF_053038975.1;GCF_053209605.1	GCF_053038975.1|AHCKDM_01789;GCF_053209605.1|GFFINM_01791
GCF_053038975.1|AHCKDM_01790	2	2	0	0	GCF_053038975.1;GCF_053209605.1	GCF_053038975.1|AHCKDM_01790;GCF_053209605.1|GFFINM_01792
GCF_053038975.1|AHCKDM_01791	2	2	0	0	GCF_053038975.1;GCF_053209605.1	GCF_053038975.1|AHCKDM_01791;GCF_053209605.1|GFFINM_01793
GCF_053038975.1|AHCKDM_01792	2	2	0	0	GCF_053038975.1;GCF_053209605.1	GCF_053038975.1|AHCKDM_01792;GCF_053209605.1|GFFINM_01794
GCF_053038975.1|AHCKDM_01793	2	2	0	0	GCF_053038975.1;GCF_053209605.1	GCF_053038975.1|AHCKDM_01793;GCF_053209605.1|GFFINM_01795
GCF_053038975.1|AHCKDM_01794	2	2	0	0	GCF_053038975.1;GCF_053209605.1	GCF_053038975.1|AHCKDM_01794;GCF_053209605.1|GFFINM_01796
GCF_053038975.1|AHCKDM_01795	2	2	0	0	GCF_053038975.1;GCF_053209605.1	GCF_053038975.1|AHCKDM_01795;GCF_053209605.1|GFFINM_01797
GCF_053038975.1|AHCKDM_01796	2	2	0	0	GCF_053038975.1;GCF_053209605.1	GCF_053038975.1|AHCKDM_01796;GCF_053209605.1|GFFINM_01798
GCF_053038975.1|AHCKDM_01797	2	2	0	0	GCF_053038975.1;GCF_053209605.1	GCF_053038975.1|AHCKDM_01797;GCF_053209605.1|GFFINM_01799
GCF_053038975.1|AHCKDM_01798	2	2	0	0	GCF_053038975.1;GCF_053209605.1	GCF_053038975.1|AHCKDM_01798;GCF_053209605.1|GFFINM_01800
GCF_053038975.1|AHCKDM_01799	2	2	0	0	GCF_053038975.1;GCF_053209605.1	GCF_053038975.1|AHCKDM_01799;GCF_053209605.1|GFFINM_01801
GCF_053038975.1|AHCKDM_01800	2	2	0	0	GCF_053038975.1;GCF_053209605.1	GCF_053038975.1|AHCKDM_01800;GCF_053209605.1|GFFINM_01802
GCF_053038975.1|AHCKDM_01801	2	2	0	0	GCF_053038975.1;GCF_053209605.1	GCF_053038975.1|AHCKDM_01801;GCF_053209605.1|GFFINM_01803
GCF_053038975.1|AHCKDM_01802	2	2	0	0	GCF_053038975.1;GCF_053209605.1	GCF_053038975.1|AHCKDM_01802;GCF_053209605.1|GFFINM_01804
GCF_053038975.1|AHCKDM_01803	2	2	0	0	GCF_053038975.1;GCF_053209605.1	GCF_053038975.1|AHCKDM_01803;GCF_053209605.1|GFFINM_01805
GCF_053038975.1|AHCKDM_01804	2	2	0	0	GCF_053038975.1;GCF_053209605.1	GCF_053038975.1|AHCKDM_01804;GCF_053209605.1|GFFINM_01806
GCF_053038975.1|AHCKDM_01805	2	2	0	0	GCF_053038975.1;GCF_053209605.1	GCF_053038975.1|AHCKDM_01805;GCF_053209605.1|GFFINM_01807
GCF_053038975.1|AHCKDM_01806	2	2	0	0	GCF_053038975.1;GCF_053209605.1	GCF_053038975.1|AHCKDM_01806;GCF_053209605.1|GFFINM_01808
GCF_053038975.1|AHCKDM_01807	2	2	0	0	GCF_053038975.1;GCF_053209605.1	GCF_053038975.1|AHCKDM_01807;GCF_053209605.1|GFFINM_01809
GCF_053038975.1|AHCKDM_01808	2	2	0	0	GCF_053038975.1;GCF_053209605.1	GCF_053038975.1|AHCKDM_01808;GCF_053209605.1|GFFINM_01810
GCF_053038975.1|AHCKDM_01809	2	2	0	0	GCF_053038975.1;GCF_053209605.1	GCF_053038975.1|AHCKDM_01809;GCF_053209605.1|GFFINM_01811
GCF_053038975.1|AHCKDM_01810	2	2	0	0	GCF_053038975.1;GCF_053209605.1	GCF_053038975.1|AHCKDM_01810;GCF_053209605.1|GFFINM_01812
GCF_053038975.1|AHCKDM_01811	2	2	0	0	GCF_053038975.1;GCF_053209605.1	GCF_053038975.1|AHCKDM_01811;GCF_053209605.1|GFFINM_01813
GCF_053038975.1|AHCKDM_01812	2	2	0	0	GCF_053038975.1;GCF_053209605.1	GCF_053038975.1|AHCKDM_01812;GCF_053209605.1|GFFINM_01814
GCF_053038975.1|AHCKDM_01813	2	2	0	0	GCF_053038975.1;GCF_053209605.1	GCF_053038975.1|AHCKDM_01813;GCF_053209605.1|GFFINM_01815
GCF_053038975.1|AHCKDM_01814	2	2	0	0	GCF_053038975.1;GCF_053209605.1	GCF_053038975.1|AHCKDM_01814;GCF_053209605.1|GFFINM_01816
GCF_053038975.1|AHCKDM_01815	2	2	0	0	GCF_053038975.1;GCF_053209605.1	GCF_053038975.1|AHCKDM_01815;GCF_053209605.1|GFFINM_01817
GCF_053038975.1|AHCKDM_01816	2	2	0	0	GCF_053038975.1;GCF_053209605.1	GCF_053038975.1|AHCKDM_01816;GCF_053209605.1|GFFINM_01818
GCF_053038975.1|AHCKDM_01817	2	2	0	0	GCF_053038975.1;GCF_053209605.1	GCF_053038975.1|AHCKDM_01817;GCF_053209605.1|GFFINM_01819
GCF_053038975.1|AHCKDM_01818	2	2	0	0	GCF_053038975.1;GCF_053209605.1	GCF_053038975.1|AHCKDM_01818;GCF_053209605.1|GFFINM_01820
GCF_053038975.1|AHCKDM_01819	2	2	0	0	GCF_053038975.1;GCF_053209605.1	GCF_053038975.1|AHCKDM_01819;GCF_053209605.1|GFFINM_01821
GCF_053038975.1|AHCKDM_01820	2	2	0	0	GCF_053038975.1;GCF_053209605.1	GCF_053038975.1|AHCKDM_01820;GCF_053209605.1|GFFINM_01822
GCF_053038975.1|AHCKDM_01821	2	2	0	0	GCF_053038975.1;GCF_053209605.1	GCF_053038975.1|AHCKDM_01821;GCF_053209605.1|GFFINM_01823
GCF_053038975.1|AHCKDM_01822	2	2	0	0	GCF_053038975.1;GCF_053209605.1	GCF_053038975.1|AHCKDM_01822;GCF_053209605.1|GFFINM_01824
GCF_053038975.1|AHCKDM_01823	2	2	0	0	GCF_053038975.1;GCF_053209605.1	GCF_053038975.1|AHCKDM_01823;GCF_053209605.1|GFFINM_01825
GCF_053038975.1|AHCKDM_01824	2	2	0	0	GCF_053038975.1;GCF_053209605.1	GCF_053038975.1|AHCKDM_01824;GCF_053209605.1|GFFINM_01826
GCF_053038975.1|AHCKDM_01825	2	2	0	0	GCF_053038975.1;GCF_053209605.1	GCF_053038975.1|AHCKDM_01825;GCF_053209605.1|GFFINM_01827
GCF_053038975.1|AHCKDM_01826	2	2	0	0	GCF_053038975.1;GCF_053209605.1	GCF_053038975.1|AHCKDM_01826;GCF_053209605.1|GFFINM_01828
GCF_053038975.1|AHCKDM_01827	2	2	0	0	GCF_053038975.1;GCF_053209605.1	GCF_053038975.1|AHCKDM_01827;GCF_053209605.1|GFFINM_01829
GCF_053038975.1|AHCKDM_01828	2	2	0	0	GCF_053038975.1;GCF_053209605.1	GCF_053038975.1|AHCKDM_01828;GCF_053209605.1|GFFINM_01830
GCF_053038975.1|AHCKDM_01829	2	2	0	0	GCF_053038975.1;GCF_053209605.1	GCF_053038975.1|AHCKDM_01829;GCF_053209605.1|GFFINM_01831
GCF_053038975.1|AHCKDM_01830	2	2	0	0	GCF_053038975.1;GCF_053209605.1	GCF_053038975.1|AHCKDM_01830;GCF_053209605.1|GFFINM_01832
GCF_053038975.1|AHCKDM_01831	2	2	0	0	GCF_053038975.1;GCF_053209605.1	GCF_053038975.1|AHCKDM_01831;GCF_053209605.1|GFFINM_01833
GCF_053038975.1|AHCKDM_01832	2	2	0	0	GCF_053038975.1;GCF_053209605.1	GCF_053038975.1|AHCKDM_01832;GCF_053209605.1|GFFINM_01834
GCF_053038975.1|AHCKDM_01833	2	2	0	0	GCF_053038975.1;GCF_053209605.1	GCF_053038975.1|AHCKDM_01833;GCF_053209605.1|GFFINM_01835
GCF_053038975.1|AHCKDM_01834	2	2	0	0	GCF_053038975.1;GCF_053209605.1	GCF_053038975.1|AHCKDM_01834;GCF_053209605.1|GFFINM_01836
GCF_053038975.1|AHCKDM_01835	2	2	0	0	GCF_053038975.1;GCF_053209605.1	GCF_053038975.1|AHCKDM_01835;GCF_053209605.1|GFFINM_01837
GCF_053038975.1|AHCKDM_01836	2	2	0	0	GCF_053038975.1;GCF_053209605.1	GCF_053038975.1|AHCKDM_01836;GCF_053209605.1|GFFINM_01838
GCF_053038975.1|AHCKDM_01837	2	2	0	0	GCF_053038975.1;GCF_053209605.1	GCF_053038975.1|AHCKDM_01837;GCF_053209605.1|GFFINM_01839
GCF_053038975.1|AHCKDM_01838	2	2	0	0	GCF_053038975.1;GCF_053209605.1	GCF_053038975.1|AHCKDM_01838;GCF_053209605.1|GFFINM_01840
GCF_053038975.1|AHCKDM_01839	2	2	0	0	GCF_053038975.1;GCF_053209605.1	GCF_053038975.1|AHCKDM_01839;GCF_053209605.1|GFFINM_01841
GCF_053038975.1|AHCKDM_01840	2	2	0	0	GCF_053038975.1;GCF_053209605.1	GCF_053038975.1|AHCKDM_01840;GCF_053209605.1|GFFINM_01842
GCF_053038975.1|AHCKDM_01841	2	2	0	0	GCF_053038975.1;GCF_053209605.1	GCF_053038975.1|AHCKDM_01841;GCF_053209605.1|GFFINM_01843
GCF_053038975.1|AHCKDM_01842	2	2	0	0	GCF_053038975.1;GCF_053209605.1	GCF_053038975.1|AHCKDM_01842;GCF_053209605.1|GFFINM_01844
GCF_053038975.1|AHCKDM_01843	2	2	0	0	GCF_053038975.1;GCF_053209605.1	GCF_053038975.1|AHCKDM_01843;GCF_053209605.1|GFFINM_01845
GCF_053038975.1|AHCKDM_01844	2	2	0	0	GCF_053038975.1;GCF_053209605.1	GCF_053038975.1|AHCKDM_01844;GCF_053209605.1|GFFINM_01846
GCF_053038975.1|AHCKDM_01845	2	2	0	0	GCF_053038975.1;GCF_053209605.1	GCF_053038975.1|AHCKDM_01845;GCF_053209605.1|GFFINM_01847
GCF_053038975.1|AHCKDM_01846	2	2	0	0	GCF_053038975.1;GCF_053209605.1	GCF_053038975.1|AHCKDM_01846;GCF_053209605.1|GFFINM_01848
GCF_053038975.1|AHCKDM_01847	2	2	0	0	GCF_053038975.1;GCF_053209605.1	GCF_053038975.1|AHCKDM_01847;GCF_053209605.1|GFFINM_01849
GCF_053038975.1|AHCKDM_01848	2	2	0	0	GCF_053038975.1;GCF_053209605.1	GCF_053038975.1|AHCKDM_01848;GCF_053209605.1|GFFINM_01850
GCF_053038975.1|AHCKDM_01849	2	2	0	0	GCF_053038975.1;GCF_053209605.1	GCF_053038975.1|AHCKDM_01849;GCF_053209605.1|GFFINM_01851
GCF_053038975.1|AHCKDM_01850	2	2	0	0	GCF_053038975.1;GCF_053209605.1	GCF_053038975.1|AHCKDM_01850;GCF_053209605.1|GFFINM_01852
GCF_053038975.1|AHCKDM_01851	2	2	0	0	GCF_053038975.1;GCF_053209605.1	GCF_053038975.1|AHCKDM_01851;GCF_053209605.1|GFFINM_01853
GCF_053038975.1|AHCKDM_01852	2	2	0	0	GCF_053038975.1;GCF_053209605.1	GCF_053038975.1|AHCKDM_01852;GCF_053209605.1|GFFINM_01854
GCF_053038975.1|AHCKDM_01853	2	2	0	0	GCF_053038975.1;GCF_053209605.1	GCF_053038975.1|AHCKDM_01853;GCF_053209605.1|GFFINM_01855
GCF_053038975.1|AHCKDM_01854	2	2	0	0	GCF_053038975.1;GCF_053209605.1	GCF_053038975.1|AHCKDM_01854;GCF_053209605.1|GFFINM_01856
GCF_053038975.1|AHCKDM_01855	2	2	0	0	GCF_053038975.1;GCF_053209605.1	GCF_053038975.1|AHCKDM_01855;GCF_053209605.1|GFFINM_01857
GCF_053038975.1|AHCKDM_01856	2	2	0	0	GCF_053038975.1;GCF_053209605.1	GCF_053038975.1|AHCKDM_01856;GCF_053209605.1|GFFINM_01858
GCF_053038975.1|AHCKDM_01857	2	2	0	0	GCF_053038975.1;GCF_053209605.1	GCF_053038975.1|AHCKDM_01857;GCF_053209605.1|GFFINM_01859
GCF_053038975.1|AHCKDM_01858	2	2	0	0	GCF_053038975.1;GCF_053209605.1	GCF_053038975.1|AHCKDM_01858;GCF_053209605.1|GFFINM_01860
GCF_053038975.1|AHCKDM_01859	2	2	0	0	GCF_053038975.1;GCF_053209605.1	GCF_053038975.1|AHCKDM_01859;GCF_053209605.1|GFFINM_01861
GCF_053038975.1|AHCKDM_01860	2	2	0	0	GCF_053038975.1;GCF_053209605.1	GCF_053038975.1|AHCKDM_01860;GCF_053209605.1|GFFINM_01862
GCF_053038975.1|AHCKDM_01861	2	2	0	0	GCF_053038975.1;GCF_053209605.1	GCF_053038975.1|AHCKDM_01861;GCF_053209605.1|GFFINM_01863
GCF_053038975.1|AHCKDM_01862	2	2	0	0	GCF_053038975.1;GCF_053209605.1	GCF_053038975.1|AHCKDM_01862;GCF_053209605.1|GFFINM_01864
GCF_053038975.1|AHCKDM_01863	6	6	1	1	GCF_016899425.1;GCF_053038975.1;GCF_053209605.1;GCF_905400185.1;MF6;MF7	GCF_016899425.1|KEDGBJ_01847;GCF_053038975.1|AHCKDM_01863;GCF_053209605.1|GFFINM_01865;GCF_905400185.1|DKPOPA_01835;MF6|CFFIHE_01849;MF7|EFEKAH_01307
GCF_053038975.1|AHCKDM_01882	6	6	1	1	GCF_016899425.1;GCF_053038975.1;GCF_053209605.1;GCF_905400185.1;MF6;MF7	GCF_016899425.1|KEDGBJ_01866;GCF_053038975.1|AHCKDM_01882;GCF_053209605.1|GFFINM_01884;GCF_905400185.1|DKPOPA_01854;MF6|CFFIHE_01868;MF7|EFEKAH_01326
GCF_053038975.1|AHCKDM_01890	6	6	1	1	GCF_016899425.1;GCF_053038975.1;GCF_053209605.1;GCF_905400185.1;MF6;MF7	GCF_016899425.1|KEDGBJ_01874;GCF_053038975.1|AHCKDM_01890;GCF_053209605.1|GFFINM_01892;GCF_905400185.1|DKPOPA_01862;MF6|CFFIHE_01876;MF7|EFEKAH_01334
GCF_053038975.1|AHCKDM_01898	6	6	1	1	GCF_016899425.1;GCF_053038975.1;GCF_053209605.1;GCF_905400185.1;MF6;MF7	GCF_016899425.1|KEDGBJ_01882;GCF_053038975.1|AHCKDM_01898;GCF_053209605.1|GFFINM_01900;GCF_905400185.1|DKPOPA_01870;MF6|CFFIHE_01884;MF7|EFEKAH_01342
GCF_053038975.1|AHCKDM_01904	6	6	1	1	GCF_016899425.1;GCF_053038975.1;GCF_053209605.1;GCF_905400185.1;MF6;MF7	GCF_016899425.1|KEDGBJ_01888;GCF_053038975.1|AHCKDM_01904;GCF_053209605.1|GFFINM_01906;GCF_905400185.1|DKPOPA_01876;MF6|CFFIHE_01890;MF7|EFEKAH_01348
GCF_053038975.1|AHCKDM_01913	6	6	1	1	GCF_016899425.1;GCF_053038975.1;GCF_053209605.1;GCF_905400185.1;MF6;MF7	GCF_016899425.1|KEDGBJ_01897;GCF_053038975.1|AHCKDM_01913;GCF_053209605.1|GFFINM_01915;GCF_905400185.1|DKPOPA_01885;MF6|CFFIHE_01899;MF7|EFEKAH_01357
GCF_053038975.1|AHCKDM_01924	6	6	1	1	GCF_016899425.1;GCF_053038975.1;GCF_053209605.1;GCF_905400185.1;MF6;MF7	GCF_016899425.1|KEDGBJ_01908;GCF_053038975.1|AHCKDM_01924;GCF_053209605.1|GFFINM_01926;GCF_905400185.1|DKPOPA_01896;MF6|CFFIHE_01910;MF7|EFEKAH_01368
GCF_053038975.1|AHCKDM_01948	3	3	0	0	GCF_053038975.1;GCF_053209605.1;GCF_905400185.1	GCF_053038975.1|AHCKDM_01948;GCF_053209605.1|GFFINM_01950;GCF_905400185.1|DKPOPA_01920
GCF_053038975.1|AHCKDM_01953	6	6	1	1	GCF_016899425.1;GCF_053038975.1;GCF_053209605.1;GCF_905400185.1;MF6;MF7	GCF_016899425.1|KEDGBJ_01937;GCF_053038975.1|AHCKDM_01953;GCF_053209605.1|GFFINM_01955;GCF_905400185.1|DKPOPA_01925;MF6|CFFIHE_01939;MF7|EFEKAH_01397
GCF_053038975.1|AHCKDM_01979	2	2	0	0	GCF_053038975.1;GCF_053209605.1	GCF_053038975.1|AHCKDM_01979;GCF_053209605.1|GFFINM_01981
GCF_053038975.1|AHCKDM_01980	2	2	0	0	GCF_053038975.1;GCF_053209605.1	GCF_053038975.1|AHCKDM_01980;GCF_053209605.1|GFFINM_01982
GCF_053038975.1|AHCKDM_01981	2	2	0	0	GCF_053038975.1;GCF_053209605.1	GCF_053038975.1|AHCKDM_01981;GCF_053209605.1|GFFINM_01983
GCF_053038975.1|AHCKDM_01994	6	6	1	1	GCF_016899425.1;GCF_053038975.1;GCF_053209605.1;GCF_905400185.1;MF6;MF7	GCF_016899425.1|KEDGBJ_02025;GCF_053038975.1|AHCKDM_01994;GCF_053209605.1|GFFINM_01996;GCF_905400185.1|DKPOPA_01963;MF6|CFFIHE_01977;MF7|EFEKAH_01435
GCF_053038975.1|AHCKDM_02043	6	6	1	1	GCF_016899425.1;GCF_053038975.1;GCF_053209605.1;GCF_905400185.1;MF6;MF7	GCF_016899425.1|KEDGBJ_02075;GCF_053038975.1|AHCKDM_02043;GCF_053209605.1|GFFINM_02045;GCF_905400185.1|DKPOPA_02013;MF6|CFFIHE_02027;MF7|EFEKAH_01485
GCF_053038975.1|AHCKDM_02070	6	6	1	1	GCF_016899425.1;GCF_053038975.1;GCF_053209605.1;GCF_905400185.1;MF6;MF7	GCF_016899425.1|KEDGBJ_02104;GCF_053038975.1|AHCKDM_02070;GCF_053209605.1|GFFINM_02072;GCF_905400185.1|DKPOPA_02042;MF6|CFFIHE_02056;MF7|EFEKAH_01514
GCF_053038975.1|AHCKDM_02076	6	6	1	1	GCF_016899425.1;GCF_053038975.1;GCF_053209605.1;GCF_905400185.1;MF6;MF7	GCF_016899425.1|KEDGBJ_02110;GCF_053038975.1|AHCKDM_02076;GCF_053209605.1|GFFINM_02078;GCF_905400185.1|DKPOPA_02048;MF6|CFFIHE_02062;MF7|EFEKAH_01520
GCF_053038975.1|AHCKDM_02100	6	6	1	1	GCF_016899425.1;GCF_053038975.1;GCF_053209605.1;GCF_905400185.1;MF6;MF7	GCF_016899425.1|KEDGBJ_02134;GCF_053038975.1|AHCKDM_02100;GCF_053209605.1|GFFINM_02102;GCF_905400185.1|DKPOPA_02072;MF6|CFFIHE_02086;MF7|EFEKAH_01544
GCF_053038975.1|AHCKDM_02148	6	6	1	1	GCF_016899425.1;GCF_053038975.1;GCF_053209605.1;GCF_905400185.1;MF6;MF7	GCF_016899425.1|KEDGBJ_02182;GCF_053038975.1|AHCKDM_02148;GCF_053209605.1|GFFINM_02150;GCF_905400185.1|DKPOPA_02120;MF6|CFFIHE_02134;MF7|EFEKAH_06852
GCF_053038975.1|AHCKDM_02154	6	6	1	1	GCF_016899425.1;GCF_053038975.1;GCF_053209605.1;GCF_905400185.1;MF6;MF7	GCF_016899425.1|KEDGBJ_02188;GCF_053038975.1|AHCKDM_02154;GCF_053209605.1|GFFINM_02156;GCF_905400185.1|DKPOPA_02126;MF6|CFFIHE_02140;MF7|EFEKAH_06858
GCF_053038975.1|AHCKDM_02155	6	6	1	1	GCF_016899425.1;GCF_053038975.1;GCF_053209605.1;GCF_905400185.1;MF6;MF7	GCF_016899425.1|KEDGBJ_02189;GCF_053038975.1|AHCKDM_02155;GCF_053209605.1|GFFINM_02157;GCF_905400185.1|DKPOPA_02127;MF6|CFFIHE_02141;MF7|EFEKAH_06859
GCF_053038975.1|AHCKDM_02157	2	2	0	0	GCF_053038975.1;GCF_053209605.1	GCF_053038975.1|AHCKDM_02157;GCF_053209605.1|GFFINM_02159
GCF_053038975.1|AHCKDM_02160	6	6	1	1	GCF_016899425.1;GCF_053038975.1;GCF_053209605.1;GCF_905400185.1;MF6;MF7	GCF_016899425.1|KEDGBJ_02214;GCF_053038975.1|AHCKDM_02160;GCF_053209605.1|GFFINM_02162;GCF_905400185.1|DKPOPA_02152;MF6|CFFIHE_02166;MF7|EFEKAH_06884
GCF_053038975.1|AHCKDM_02194	6	6	1	1	GCF_016899425.1;GCF_053038975.1;GCF_053209605.1;GCF_905400185.1;MF6;MF7	GCF_016899425.1|KEDGBJ_02248;GCF_053038975.1|AHCKDM_02194;GCF_053209605.1|GFFINM_02196;GCF_905400185.1|DKPOPA_02186;MF6|CFFIHE_02200;MF7|EFEKAH_06918
GCF_053038975.1|AHCKDM_02220	1	1	0	0	GCF_053038975.1	GCF_053038975.1|AHCKDM_02220
GCF_053038975.1|AHCKDM_02226	6	6	1	1	GCF_016899425.1;GCF_053038975.1;GCF_053209605.1;GCF_905400185.1;MF6;MF7	GCF_016899425.1|KEDGBJ_02280;GCF_053038975.1|AHCKDM_02226;GCF_053209605.1|GFFINM_02228;GCF_905400185.1|DKPOPA_02219;MF6|CFFIHE_02232;MF7|EFEKAH_06950
GCF_053038975.1|AHCKDM_02231	6	6	1	1	GCF_016899425.1;GCF_053038975.1;GCF_053209605.1;GCF_905400185.1;MF6;MF7	GCF_016899425.1|KEDGBJ_02286;GCF_053038975.1|AHCKDM_02231;GCF_053209605.1|GFFINM_02233;GCF_905400185.1|DKPOPA_02225;MF6|CFFIHE_02238;MF7|EFEKAH_06956
GCF_053038975.1|AHCKDM_02239	6	6	1	1	GCF_016899425.1;GCF_053038975.1;GCF_053209605.1;GCF_905400185.1;MF6;MF7	GCF_016899425.1|KEDGBJ_02294;GCF_053038975.1|AHCKDM_02239;GCF_053209605.1|GFFINM_02241;GCF_905400185.1|DKPOPA_02233;MF6|CFFIHE_02246;MF7|EFEKAH_06964
GCF_053038975.1|AHCKDM_02250	2	2	0	0	GCF_053038975.1;GCF_053209605.1	GCF_053038975.1|AHCKDM_02250;GCF_053209605.1|GFFINM_02252
GCF_053038975.1|AHCKDM_02254	6	6	1	1	GCF_016899425.1;GCF_053038975.1;GCF_053209605.1;GCF_905400185.1;MF6;MF7	GCF_016899425.1|KEDGBJ_02308;GCF_053038975.1|AHCKDM_02254;GCF_053209605.1|GFFINM_02256;GCF_905400185.1|DKPOPA_02247;MF6|CFFIHE_02260;MF7|EFEKAH_06978
GCF_053038975.1|AHCKDM_02259	6	6	1	1	GCF_016899425.1;GCF_053038975.1;GCF_053209605.1;GCF_905400185.1;MF6;MF7	GCF_016899425.1|KEDGBJ_02313;GCF_053038975.1|AHCKDM_02259;GCF_053209605.1|GFFINM_02261;GCF_905400185.1|DKPOPA_02252;MF6|CFFIHE_02265;MF7|EFEKAH_06983
GCF_053038975.1|AHCKDM_02260	6	6	1	1	GCF_016899425.1;GCF_053038975.1;GCF_053209605.1;GCF_905400185.1;MF6;MF7	GCF_016899425.1|KEDGBJ_02314;GCF_053038975.1|AHCKDM_02260;GCF_053209605.1|GFFINM_02262;GCF_905400185.1|DKPOPA_02253;MF6|CFFIHE_02266;MF7|EFEKAH_06984
GCF_053038975.1|AHCKDM_02267	6	6	1	1	GCF_016899425.1;GCF_053038975.1;GCF_053209605.1;GCF_905400185.1;MF6;MF7	GCF_016899425.1|KEDGBJ_02321;GCF_053038975.1|AHCKDM_02267;GCF_053209605.1|GFFINM_02269;GCF_905400185.1|DKPOPA_02260;MF6|CFFIHE_02273;MF7|EFEKAH_06991
GCF_053038975.1|AHCKDM_02268	2	2	0	0	GCF_053038975.1;GCF_053209605.1	GCF_053038975.1|AHCKDM_02268;GCF_053209605.1|GFFINM_02270
GCF_053038975.1|AHCKDM_02269	6	6	1	1	GCF_016899425.1;GCF_053038975.1;GCF_053209605.1;GCF_905400185.1;MF6;MF7	GCF_016899425.1|KEDGBJ_02322;GCF_053038975.1|AHCKDM_02269;GCF_053209605.1|GFFINM_02271;GCF_905400185.1|DKPOPA_02261;MF6|CFFIHE_02274;MF7|EFEKAH_06992
GCF_053038975.1|AHCKDM_02272	2	2	0	0	GCF_053038975.1;GCF_053209605.1	GCF_053038975.1|AHCKDM_02272;GCF_053209605.1|GFFINM_02274
GCF_053038975.1|AHCKDM_02273	2	2	0	0	GCF_053038975.1;GCF_053209605.1	GCF_053038975.1|AHCKDM_02273;GCF_053209605.1|GFFINM_02275
GCF_053038975.1|AHCKDM_02274	2	2	0	0	GCF_053038975.1;GCF_053209605.1	GCF_053038975.1|AHCKDM_02274;GCF_053209605.1|GFFINM_02276
GCF_053038975.1|AHCKDM_02275	2	2	0	0	GCF_053038975.1;GCF_053209605.1	GCF_053038975.1|AHCKDM_02275;GCF_053209605.1|GFFINM_02277
GCF_053038975.1|AHCKDM_02286	6	6	1	1	GCF_016899425.1;GCF_053038975.1;GCF_053209605.1;GCF_905400185.1;MF6;MF7	GCF_016899425.1|KEDGBJ_02342;GCF_053038975.1|AHCKDM_02286;GCF_053209605.1|GFFINM_02288;GCF_905400185.1|DKPOPA_02281;MF6|CFFIHE_02294;MF7|EFEKAH_07012
GCF_053038975.1|AHCKDM_02315	6	6	1	1	GCF_016899425.1;GCF_053038975.1;GCF_053209605.1;GCF_905400185.1;MF6;MF7	GCF_016899425.1|KEDGBJ_02371;GCF_053038975.1|AHCKDM_02315;GCF_053209605.1|GFFINM_02317;GCF_905400185.1|DKPOPA_02310;MF6|CFFIHE_02323;MF7|EFEKAH_06832
GCF_053038975.1|AHCKDM_02318	6	6	1	1	GCF_016899425.1;GCF_053038975.1;GCF_053209605.1;GCF_905400185.1;MF6;MF7	GCF_016899425.1|KEDGBJ_02374;GCF_053038975.1|AHCKDM_02318;GCF_053209605.1|GFFINM_02321;GCF_905400185.1|DKPOPA_02313;MF6|CFFIHE_02326;MF7|EFEKAH_06829
GCF_053038975.1|AHCKDM_02345	6	6	1	1	GCF_016899425.1;GCF_053038975.1;GCF_053209605.1;GCF_905400185.1;MF6;MF7	GCF_016899425.1|KEDGBJ_02401;GCF_053038975.1|AHCKDM_02345;GCF_053209605.1|GFFINM_02348;GCF_905400185.1|DKPOPA_02340;MF6|CFFIHE_02353;MF7|EFEKAH_06802
GCF_053038975.1|AHCKDM_02373	2	2	0	0	GCF_053038975.1;GCF_053209605.1	GCF_053038975.1|AHCKDM_02373;GCF_053209605.1|GFFINM_02376
GCF_053038975.1|AHCKDM_02387	2	2	0	0	GCF_053038975.1;GCF_053209605.1	GCF_053038975.1|AHCKDM_02387;GCF_053209605.1|GFFINM_02390
GCF_053038975.1|AHCKDM_02399	2	2	0	0	GCF_053038975.1;GCF_053209605.1	GCF_053038975.1|AHCKDM_02399;GCF_053209605.1|GFFINM_02402
GCF_053038975.1|AHCKDM_02400	2	2	0	0	GCF_053038975.1;GCF_053209605.1	GCF_053038975.1|AHCKDM_02400;GCF_053209605.1|GFFINM_02403
GCF_053038975.1|AHCKDM_02409	6	6	1	1	GCF_016899425.1;GCF_053038975.1;GCF_053209605.1;GCF_905400185.1;MF6;MF7	GCF_016899425.1|KEDGBJ_02464;GCF_053038975.1|AHCKDM_02409;GCF_053209605.1|GFFINM_02412;GCF_905400185.1|DKPOPA_02402;MF6|CFFIHE_02416;MF7|EFEKAH_06739
GCF_053038975.1|AHCKDM_02420	6	6	1	1	GCF_016899425.1;GCF_053038975.1;GCF_053209605.1;GCF_905400185.1;MF6;MF7	GCF_016899425.1|KEDGBJ_02475;GCF_053038975.1|AHCKDM_02420;GCF_053209605.1|GFFINM_02423;GCF_905400185.1|DKPOPA_02413;MF6|CFFIHE_02427;MF7|EFEKAH_06728
GCF_053038975.1|AHCKDM_02439	2	2	0	0	GCF_053038975.1;GCF_053209605.1	GCF_053038975.1|AHCKDM_02439;GCF_053209605.1|GFFINM_02442
GCF_053038975.1|AHCKDM_02443	2	2	0	0	GCF_053038975.1;GCF_053209605.1	GCF_053038975.1|AHCKDM_02443;GCF_053209605.1|GFFINM_02446
GCF_053038975.1|AHCKDM_02444	2	2	0	0	GCF_053038975.1;GCF_053209605.1	GCF_053038975.1|AHCKDM_02444;GCF_053209605.1|GFFINM_02447
GCF_053038975.1|AHCKDM_02462	2	2	0	0	GCF_053038975.1;GCF_053209605.1	GCF_053038975.1|AHCKDM_02462;GCF_053209605.1|GFFINM_02465
GCF_053038975.1|AHCKDM_02463	2	2	0	0	GCF_053038975.1;GCF_053209605.1	GCF_053038975.1|AHCKDM_02463;GCF_053209605.1|GFFINM_02466
GCF_053038975.1|AHCKDM_02464	2	2	0	0	GCF_053038975.1;GCF_053209605.1	GCF_053038975.1|AHCKDM_02464;GCF_053209605.1|GFFINM_02467
GCF_053038975.1|AHCKDM_02465	2	2	0	0	GCF_053038975.1;GCF_053209605.1	GCF_053038975.1|AHCKDM_02465;GCF_053209605.1|GFFINM_02468
GCF_053038975.1|AHCKDM_02466	2	2	0	0	GCF_053038975.1;GCF_053209605.1	GCF_053038975.1|AHCKDM_02466;GCF_053209605.1|GFFINM_02469
GCF_053038975.1|AHCKDM_02467	2	2	0	0	GCF_053038975.1;GCF_053209605.1	GCF_053038975.1|AHCKDM_02467;GCF_053209605.1|GFFINM_02470
GCF_053038975.1|AHCKDM_02468	2	2	0	0	GCF_053038975.1;GCF_053209605.1	GCF_053038975.1|AHCKDM_02468;GCF_053209605.1|GFFINM_02471
GCF_053038975.1|AHCKDM_02469	2	2	0	0	GCF_053038975.1;GCF_053209605.1	GCF_053038975.1|AHCKDM_02469;GCF_053209605.1|GFFINM_02472
GCF_053038975.1|AHCKDM_02470	2	2	0	0	GCF_053038975.1;GCF_053209605.1	GCF_053038975.1|AHCKDM_02470;GCF_053209605.1|GFFINM_02473
GCF_053038975.1|AHCKDM_02471	2	2	0	0	GCF_053038975.1;GCF_053209605.1	GCF_053038975.1|AHCKDM_02471;GCF_053209605.1|GFFINM_02474
GCF_053038975.1|AHCKDM_02472	2	2	0	0	GCF_053038975.1;GCF_053209605.1	GCF_053038975.1|AHCKDM_02472;GCF_053209605.1|GFFINM_02475
GCF_053038975.1|AHCKDM_02473	2	2	0	0	GCF_053038975.1;GCF_053209605.1	GCF_053038975.1|AHCKDM_02473;GCF_053209605.1|GFFINM_02476
GCF_053038975.1|AHCKDM_02474	2	2	0	0	GCF_053038975.1;GCF_053209605.1	GCF_053038975.1|AHCKDM_02474;GCF_053209605.1|GFFINM_02477
GCF_053038975.1|AHCKDM_02475	2	2	0	0	GCF_053038975.1;GCF_053209605.1	GCF_053038975.1|AHCKDM_02475;GCF_053209605.1|GFFINM_02478
GCF_053038975.1|AHCKDM_02476	2	2	0	0	GCF_053038975.1;GCF_053209605.1	GCF_053038975.1|AHCKDM_02476;GCF_053209605.1|GFFINM_02479
GCF_053038975.1|AHCKDM_02477	2	2	0	0	GCF_053038975.1;GCF_053209605.1	GCF_053038975.1|AHCKDM_02477;GCF_053209605.1|GFFINM_02480
GCF_053038975.1|AHCKDM_02478	2	2	0	0	GCF_053038975.1;GCF_053209605.1	GCF_053038975.1|AHCKDM_02478;GCF_053209605.1|GFFINM_02481
GCF_053038975.1|AHCKDM_02479	2	2	0	0	GCF_053038975.1;GCF_053209605.1	GCF_053038975.1|AHCKDM_02479;GCF_053209605.1|GFFINM_02482
GCF_053038975.1|AHCKDM_02480	2	2	0	0	GCF_053038975.1;GCF_053209605.1	GCF_053038975.1|AHCKDM_02480;GCF_053209605.1|GFFINM_02483
GCF_053038975.1|AHCKDM_02481	2	2	0	0	GCF_053038975.1;GCF_053209605.1	GCF_053038975.1|AHCKDM_02481;GCF_053209605.1|GFFINM_02484
GCF_053038975.1|AHCKDM_02482	2	2	0	0	GCF_053038975.1;GCF_053209605.1	GCF_053038975.1|AHCKDM_02482;GCF_053209605.1|GFFINM_02485
GCF_053038975.1|AHCKDM_02483	2	2	0	0	GCF_053038975.1;GCF_053209605.1	GCF_053038975.1|AHCKDM_02483;GCF_053209605.1|GFFINM_02486
GCF_053038975.1|AHCKDM_02503	2	2	0	0	GCF_053038975.1;GCF_053209605.1	GCF_053038975.1|AHCKDM_02503;GCF_053209605.1|GFFINM_02506
GCF_053038975.1|AHCKDM_02504	2	2	0	0	GCF_053038975.1;GCF_053209605.1	GCF_053038975.1|AHCKDM_02504;GCF_053209605.1|GFFINM_02507
GCF_053038975.1|AHCKDM_02505	2	2	0	0	GCF_053038975.1;GCF_053209605.1	GCF_053038975.1|AHCKDM_02505;GCF_053209605.1|GFFINM_02508
GCF_053038975.1|AHCKDM_02506	2	2	0	0	GCF_053038975.1;GCF_053209605.1	GCF_053038975.1|AHCKDM_02506;GCF_053209605.1|GFFINM_02509
GCF_053038975.1|AHCKDM_02507	2	2	0	0	GCF_053038975.1;GCF_053209605.1	GCF_053038975.1|AHCKDM_02507;GCF_053209605.1|GFFINM_02510
GCF_053038975.1|AHCKDM_02527	6	6	1	1	GCF_016899425.1;GCF_053038975.1;GCF_053209605.1;GCF_905400185.1;MF6;MF7	GCF_016899425.1|KEDGBJ_02559;GCF_053038975.1|AHCKDM_02527;GCF_053209605.1|GFFINM_02530;GCF_905400185.1|DKPOPA_02511;MF6|CFFIHE_02510;MF7|EFEKAH_06645
GCF_053038975.1|AHCKDM_02553	6	6	1	1	GCF_016899425.1;GCF_053038975.1;GCF_053209605.1;GCF_905400185.1;MF6;MF7	GCF_016899425.1|KEDGBJ_02586;GCF_053038975.1|AHCKDM_02553;GCF_053209605.1|GFFINM_02556;GCF_905400185.1|DKPOPA_02538;MF6|CFFIHE_02537;MF7|EFEKAH_06618
GCF_053038975.1|AHCKDM_02626	6	6	1	1	GCF_016899425.1;GCF_053038975.1;GCF_053209605.1;GCF_905400185.1;MF6;MF7	GCF_016899425.1|KEDGBJ_02678;GCF_053038975.1|AHCKDM_02626;GCF_053209605.1|GFFINM_02629;GCF_905400185.1|DKPOPA_02633;MF6|CFFIHE_02626;MF7|EFEKAH_06529
GCF_053038975.1|AHCKDM_02627	6	6	1	1	GCF_016899425.1;GCF_053038975.1;GCF_053209605.1;GCF_905400185.1;MF6;MF7	GCF_016899425.1|KEDGBJ_02679;GCF_053038975.1|AHCKDM_02627;GCF_053209605.1|GFFINM_02630;GCF_905400185.1|DKPOPA_02634;MF6|CFFIHE_02627;MF7|EFEKAH_06528
GCF_053038975.1|AHCKDM_02647	2	2	0	0	GCF_053038975.1;GCF_053209605.1	GCF_053038975.1|AHCKDM_02647;GCF_053209605.1|GFFINM_02650
GCF_053038975.1|AHCKDM_02678	6	6	1	1	GCF_016899425.1;GCF_053038975.1;GCF_053209605.1;GCF_905400185.1;MF6;MF7	GCF_016899425.1|KEDGBJ_02730;GCF_053038975.1|AHCKDM_02678;GCF_053209605.1|GFFINM_02681;GCF_905400185.1|DKPOPA_02685;MF6|CFFIHE_02678;MF7|EFEKAH_05449
GCF_053038975.1|AHCKDM_02695	6	6	1	1	GCF_016899425.1;GCF_053038975.1;GCF_053209605.1;GCF_905400185.1;MF6;MF7	GCF_016899425.1|KEDGBJ_02752;GCF_053038975.1|AHCKDM_02695;GCF_053209605.1|GFFINM_02698;GCF_905400185.1|DKPOPA_02707;MF6|CFFIHE_02700;MF7|EFEKAH_05471
GCF_053038975.1|AHCKDM_02698	2	2	0	0	GCF_053038975.1;GCF_053209605.1	GCF_053038975.1|AHCKDM_02698;GCF_053209605.1|GFFINM_02701
GCF_053038975.1|AHCKDM_02699	2	2	0	0	GCF_053038975.1;GCF_053209605.1	GCF_053038975.1|AHCKDM_02699;GCF_053209605.1|GFFINM_02702
GCF_053038975.1|AHCKDM_02700	2	2	0	0	GCF_053038975.1;GCF_053209605.1	GCF_053038975.1|AHCKDM_02700;GCF_053209605.1|GFFINM_02703
GCF_053038975.1|AHCKDM_02713	6	6	1	1	GCF_016899425.1;GCF_053038975.1;GCF_053209605.1;GCF_905400185.1;MF6;MF7	GCF_016899425.1|KEDGBJ_02767;GCF_053038975.1|AHCKDM_02713;GCF_053209605.1|GFFINM_02716;GCF_905400185.1|DKPOPA_02722;MF6|CFFIHE_02715;MF7|EFEKAH_05486
GCF_053038975.1|AHCKDM_02718	6	6	1	1	GCF_016899425.1;GCF_053038975.1;GCF_053209605.1;GCF_905400185.1;MF6;MF7	GCF_016899425.1|KEDGBJ_02776;GCF_053038975.1|AHCKDM_02718;GCF_053209605.1|GFFINM_02722;GCF_905400185.1|DKPOPA_02731;MF6|CFFIHE_02724;MF7|EFEKAH_05495
GCF_053038975.1|AHCKDM_02724	6	6	1	1	GCF_016899425.1;GCF_053038975.1;GCF_053209605.1;GCF_905400185.1;MF6;MF7	GCF_016899425.1|KEDGBJ_02782;GCF_053038975.1|AHCKDM_02724;GCF_053209605.1|GFFINM_02728;GCF_905400185.1|DKPOPA_02737;MF6|CFFIHE_02730;MF7|EFEKAH_05501
GCF_053038975.1|AHCKDM_02751	2	2	0	0	GCF_053038975.1;GCF_053209605.1	GCF_053038975.1|AHCKDM_02751;GCF_053209605.1|GFFINM_02755
GCF_053038975.1|AHCKDM_02759	6	6	1	1	GCF_016899425.1;GCF_053038975.1;GCF_053209605.1;GCF_905400185.1;MF6;MF7	GCF_016899425.1|KEDGBJ_02819;GCF_053038975.1|AHCKDM_02759;GCF_053209605.1|GFFINM_02763;GCF_905400185.1|DKPOPA_02775;MF6|CFFIHE_02767;MF7|EFEKAH_05538
GCF_053038975.1|AHCKDM_02799	6	6	1	1	GCF_016899425.1;GCF_053038975.1;GCF_053209605.1;GCF_905400185.1;MF6;MF7	GCF_016899425.1|KEDGBJ_02867;GCF_053038975.1|AHCKDM_02799;GCF_053209605.1|GFFINM_02803;GCF_905400185.1|DKPOPA_02823;MF6|CFFIHE_02860;MF7|EFEKAH_05631
GCF_053038975.1|AHCKDM_02800	6	6	1	1	GCF_016899425.1;GCF_053038975.1;GCF_053209605.1;GCF_905400185.1;MF6;MF7	GCF_016899425.1|KEDGBJ_02868;GCF_053038975.1|AHCKDM_02800;GCF_053209605.1|GFFINM_02804;GCF_905400185.1|DKPOPA_02824;MF6|CFFIHE_02861;MF7|EFEKAH_05632
GCF_053038975.1|AHCKDM_02807	2	2	0	0	GCF_053038975.1;GCF_053209605.1	GCF_053038975.1|AHCKDM_02807;GCF_053209605.1|GFFINM_02811
GCF_053038975.1|AHCKDM_02849	2	2	0	0	GCF_053038975.1;GCF_053209605.1	GCF_053038975.1|AHCKDM_02849;GCF_053209605.1|GFFINM_02853
GCF_053038975.1|AHCKDM_02863	6	6	1	1	GCF_016899425.1;GCF_053038975.1;GCF_053209605.1;GCF_905400185.1;MF6;MF7	GCF_016899425.1|KEDGBJ_02930;GCF_053038975.1|AHCKDM_02863;GCF_053209605.1|GFFINM_02867;GCF_905400185.1|DKPOPA_02886;MF6|CFFIHE_02923;MF7|EFEKAH_05694
GCF_053038975.1|AHCKDM_02900	6	6	1	1	GCF_016899425.1;GCF_053038975.1;GCF_053209605.1;GCF_905400185.1;MF6;MF7	GCF_016899425.1|KEDGBJ_02967;GCF_053038975.1|AHCKDM_02900;GCF_053209605.1|GFFINM_02904;GCF_905400185.1|DKPOPA_02923;MF6|CFFIHE_02960;MF7|EFEKAH_05731
GCF_053038975.1|AHCKDM_02919	2	2	0	0	GCF_053038975.1;GCF_053209605.1	GCF_053038975.1|AHCKDM_02919;GCF_053209605.1|GFFINM_02923
GCF_053038975.1|AHCKDM_02925	6	6	1	1	GCF_016899425.1;GCF_053038975.1;GCF_053209605.1;GCF_905400185.1;MF6;MF7	GCF_016899425.1|KEDGBJ_02991;GCF_053038975.1|AHCKDM_02925;GCF_053209605.1|GFFINM_02929;GCF_905400185.1|DKPOPA_02947;MF6|CFFIHE_02984;MF7|EFEKAH_05755
GCF_053038975.1|AHCKDM_02927	6	6	1	1	GCF_016899425.1;GCF_053038975.1;GCF_053209605.1;GCF_905400185.1;MF6;MF7	GCF_016899425.1|KEDGBJ_02993;GCF_053038975.1|AHCKDM_02927;GCF_053209605.1|GFFINM_02931;GCF_905400185.1|DKPOPA_02949;MF6|CFFIHE_02986;MF7|EFEKAH_05757
GCF_053038975.1|AHCKDM_02971	6	6	1	1	GCF_016899425.1;GCF_053038975.1;GCF_053209605.1;GCF_905400185.1;MF6;MF7	GCF_016899425.1|KEDGBJ_03038;GCF_053038975.1|AHCKDM_02971;GCF_053209605.1|GFFINM_02975;GCF_905400185.1|DKPOPA_02993;MF6|CFFIHE_03031;MF7|EFEKAH_05801
GCF_053038975.1|AHCKDM_02984	6	6	1	1	GCF_016899425.1;GCF_053038975.1;GCF_053209605.1;GCF_905400185.1;MF6;MF7	GCF_016899425.1|KEDGBJ_03052;GCF_053038975.1|AHCKDM_02984;GCF_053209605.1|GFFINM_02988;GCF_905400185.1|DKPOPA_03007;MF6|CFFIHE_03045;MF7|EFEKAH_05815
GCF_053038975.1|AHCKDM_02999	6	6	1	1	GCF_016899425.1;GCF_053038975.1;GCF_053209605.1;GCF_905400185.1;MF6;MF7	GCF_016899425.1|KEDGBJ_03067;GCF_053038975.1|AHCKDM_02999;GCF_053209605.1|GFFINM_03003;GCF_905400185.1|DKPOPA_03022;MF6|CFFIHE_03060;MF7|EFEKAH_05830
GCF_053038975.1|AHCKDM_03003	2	2	0	0	GCF_053038975.1;GCF_053209605.1	GCF_053038975.1|AHCKDM_03003;GCF_053209605.1|GFFINM_03007
GCF_053038975.1|AHCKDM_03019	6	6	1	1	GCF_016899425.1;GCF_053038975.1;GCF_053209605.1;GCF_905400185.1;MF6;MF7	GCF_016899425.1|KEDGBJ_03088;GCF_053038975.1|AHCKDM_03019;GCF_053209605.1|GFFINM_03024;GCF_905400185.1|DKPOPA_03043;MF6|CFFIHE_03081;MF7|EFEKAH_05851
GCF_053038975.1|AHCKDM_03024	6	6	1	1	GCF_016899425.1;GCF_053038975.1;GCF_053209605.1;GCF_905400185.1;MF6;MF7	GCF_016899425.1|KEDGBJ_03093;GCF_053038975.1|AHCKDM_03024;GCF_053209605.1|GFFINM_03029;GCF_905400185.1|DKPOPA_03048;MF6|CFFIHE_03086;MF7|EFEKAH_05856
GCF_053038975.1|AHCKDM_03025	2	2	0	0	GCF_053038975.1;GCF_053209605.1	GCF_053038975.1|AHCKDM_03025;GCF_053209605.1|GFFINM_03030
GCF_053038975.1|AHCKDM_03027	6	6	1	1	GCF_016899425.1;GCF_053038975.1;GCF_053209605.1;GCF_905400185.1;MF6;MF7	GCF_016899425.1|KEDGBJ_03097;GCF_053038975.1|AHCKDM_03027;GCF_053209605.1|GFFINM_03032;GCF_905400185.1|DKPOPA_03052;MF6|CFFIHE_03090;MF7|EFEKAH_05860
GCF_053038975.1|AHCKDM_03036	6	6	1	1	GCF_016899425.1;GCF_053038975.1;GCF_053209605.1;GCF_905400185.1;MF6;MF7	GCF_016899425.1|KEDGBJ_03106;GCF_053038975.1|AHCKDM_03036;GCF_053209605.1|GFFINM_03041;GCF_905400185.1|DKPOPA_03061;MF6|CFFIHE_03099;MF7|EFEKAH_05869
GCF_053038975.1|AHCKDM_03042	2	2	0	0	GCF_053038975.1;GCF_053209605.1	GCF_053038975.1|AHCKDM_03042;GCF_053209605.1|GFFINM_03048
GCF_053038975.1|AHCKDM_03055	6	6	1	1	GCF_016899425.1;GCF_053038975.1;GCF_053209605.1;GCF_905400185.1;MF6;MF7	GCF_016899425.1|KEDGBJ_03135;GCF_053038975.1|AHCKDM_03055;GCF_053209605.1|GFFINM_03061;GCF_905400185.1|DKPOPA_03090;MF6|CFFIHE_03128;MF7|EFEKAH_00855
GCF_053038975.1|AHCKDM_03085	2	2	0	0	GCF_053038975.1;GCF_053209605.1	GCF_053038975.1|AHCKDM_03085;GCF_053209605.1|GFFINM_03091
GCF_053038975.1|AHCKDM_03086	2	2	0	0	GCF_053038975.1;GCF_053209605.1	GCF_053038975.1|AHCKDM_03086;GCF_053209605.1|GFFINM_03092
GCF_053038975.1|AHCKDM_03094	6	12	1	0	GCF_016899425.1;GCF_053038975.1;GCF_053209605.1;GCF_905400185.1;MF6;MF7	GCF_016899425.1|KEDGBJ_02302;GCF_016899425.1|KEDGBJ_03174;GCF_053038975.1|AHCKDM_02247;GCF_053038975.1|AHCKDM_03094;GCF_053209605.1|GFFINM_02249;GCF_053209605.1|GFFINM_03100;GCF_905400185.1|DKPOPA_02241;GCF_905400185.1|DKPOPA_03129;MF6|CFFIHE_02254;MF6|CFFIHE_03167;MF7|EFEKAH_00816;MF7|EFEKAH_06972
GCF_053038975.1|AHCKDM_03099	6	6	1	1	GCF_016899425.1;GCF_053038975.1;GCF_053209605.1;GCF_905400185.1;MF6;MF7	GCF_016899425.1|KEDGBJ_03179;GCF_053038975.1|AHCKDM_03099;GCF_053209605.1|GFFINM_03105;GCF_905400185.1|DKPOPA_03134;MF6|CFFIHE_03172;MF7|EFEKAH_00811
GCF_053038975.1|AHCKDM_03102	2	2	0	0	GCF_053038975.1;GCF_053209605.1	GCF_053038975.1|AHCKDM_03102;GCF_053209605.1|GFFINM_03108
GCF_053038975.1|AHCKDM_03103	2	2	0	0	GCF_053038975.1;GCF_053209605.1	GCF_053038975.1|AHCKDM_03103;GCF_053209605.1|GFFINM_03109
GCF_053038975.1|AHCKDM_03104	2	2	0	0	GCF_053038975.1;GCF_053209605.1	GCF_053038975.1|AHCKDM_03104;GCF_053209605.1|GFFINM_03110
GCF_053038975.1|AHCKDM_03113	2	2	0	0	GCF_053038975.1;GCF_053209605.1	GCF_053038975.1|AHCKDM_03113;GCF_053209605.1|GFFINM_03119
GCF_053038975.1|AHCKDM_03115	2	2	0	0	GCF_053038975.1;GCF_053209605.1	GCF_053038975.1|AHCKDM_03115;GCF_053209605.1|GFFINM_03121
GCF_053038975.1|AHCKDM_03116	6	6	1	1	GCF_016899425.1;GCF_053038975.1;GCF_053209605.1;GCF_905400185.1;MF6;MF7	GCF_016899425.1|KEDGBJ_03193;GCF_053038975.1|AHCKDM_03116;GCF_053209605.1|GFFINM_03122;GCF_905400185.1|DKPOPA_03148;MF6|CFFIHE_03186;MF7|EFEKAH_00797
GCF_053038975.1|AHCKDM_03117	6	6	1	1	GCF_016899425.1;GCF_053038975.1;GCF_053209605.1;GCF_905400185.1;MF6;MF7	GCF_016899425.1|KEDGBJ_03194;GCF_053038975.1|AHCKDM_03117;GCF_053209605.1|GFFINM_03123;GCF_905400185.1|DKPOPA_03149;MF6|CFFIHE_03187;MF7|EFEKAH_00796
GCF_053038975.1|AHCKDM_03118	2	2	0	0	GCF_053038975.1;GCF_053209605.1	GCF_053038975.1|AHCKDM_03118;GCF_053209605.1|GFFINM_03124
GCF_053038975.1|AHCKDM_03150	6	6	1	1	GCF_016899425.1;GCF_053038975.1;GCF_053209605.1;GCF_905400185.1;MF6;MF7	GCF_016899425.1|KEDGBJ_03228;GCF_053038975.1|AHCKDM_03150;GCF_053209605.1|GFFINM_03156;GCF_905400185.1|DKPOPA_03183;MF6|CFFIHE_03221;MF7|EFEKAH_00762
GCF_053038975.1|AHCKDM_03151	6	6	1	1	GCF_016899425.1;GCF_053038975.1;GCF_053209605.1;GCF_905400185.1;MF6;MF7	GCF_016899425.1|KEDGBJ_03229;GCF_053038975.1|AHCKDM_03151;GCF_053209605.1|GFFINM_03157;GCF_905400185.1|DKPOPA_03184;MF6|CFFIHE_03222;MF7|EFEKAH_00761
GCF_053038975.1|AHCKDM_03178	6	6	1	1	GCF_016899425.1;GCF_053038975.1;GCF_053209605.1;GCF_905400185.1;MF6;MF7	GCF_016899425.1|KEDGBJ_03258;GCF_053038975.1|AHCKDM_03178;GCF_053209605.1|GFFINM_03184;GCF_905400185.1|DKPOPA_03213;MF6|CFFIHE_03251;MF7|EFEKAH_00733
GCF_053038975.1|AHCKDM_03195	6	6	1	1	GCF_016899425.1;GCF_053038975.1;GCF_053209605.1;GCF_905400185.1;MF6;MF7	GCF_016899425.1|KEDGBJ_03276;GCF_053038975.1|AHCKDM_03195;GCF_053209605.1|GFFINM_03201;GCF_905400185.1|DKPOPA_03231;MF6|CFFIHE_03269;MF7|EFEKAH_00715
GCF_053038975.1|AHCKDM_03202	6	6	1	1	GCF_016899425.1;GCF_053038975.1;GCF_053209605.1;GCF_905400185.1;MF6;MF7	GCF_016899425.1|KEDGBJ_03284;GCF_053038975.1|AHCKDM_03202;GCF_053209605.1|GFFINM_03208;GCF_905400185.1|DKPOPA_03239;MF6|CFFIHE_03277;MF7|EFEKAH_00707
GCF_053038975.1|AHCKDM_03206	2	2	0	0	GCF_053038975.1;GCF_053209605.1	GCF_053038975.1|AHCKDM_03206;GCF_053209605.1|GFFINM_03212
GCF_053038975.1|AHCKDM_03207	2	2	0	0	GCF_053038975.1;GCF_053209605.1	GCF_053038975.1|AHCKDM_03207;GCF_053209605.1|GFFINM_03213
GCF_053038975.1|AHCKDM_03242	6	7	1	0	GCF_016899425.1;GCF_053038975.1;GCF_053209605.1;GCF_905400185.1;MF6;MF7	GCF_016899425.1|KEDGBJ_00001;GCF_016899425.1|KEDGBJ_03324;GCF_053038975.1|AHCKDM_03242;GCF_053209605.1|GFFINM_03248;GCF_905400185.1|DKPOPA_03279;MF6|CFFIHE_03317;MF7|EFEKAH_00667
GCF_053038975.1|AHCKDM_03243	6	6	1	1	GCF_016899425.1;GCF_053038975.1;GCF_053209605.1;GCF_905400185.1;MF6;MF7	GCF_016899425.1|KEDGBJ_00002;GCF_053038975.1|AHCKDM_03243;GCF_053209605.1|GFFINM_03249;GCF_905400185.1|DKPOPA_03280;MF6|CFFIHE_03318;MF7|EFEKAH_00666
GCF_053038975.1|AHCKDM_03257	2	2	0	0	GCF_053038975.1;GCF_053209605.1	GCF_053038975.1|AHCKDM_03257;GCF_053209605.1|GFFINM_03263
GCF_053038975.1|AHCKDM_03273	6	6	1	1	GCF_016899425.1;GCF_053038975.1;GCF_053209605.1;GCF_905400185.1;MF6;MF7	GCF_016899425.1|KEDGBJ_00032;GCF_053038975.1|AHCKDM_03273;GCF_053209605.1|GFFINM_03279;GCF_905400185.1|DKPOPA_03310;MF6|CFFIHE_03348;MF7|EFEKAH_00636
GCF_053038975.1|AHCKDM_03276	2	2	0	0	GCF_053038975.1;GCF_053209605.1	GCF_053038975.1|AHCKDM_03276;GCF_053209605.1|GFFINM_03282
GCF_053038975.1|AHCKDM_03277	2	2	0	0	GCF_053038975.1;GCF_053209605.1	GCF_053038975.1|AHCKDM_03277;GCF_053209605.1|GFFINM_03283
GCF_053209605.1|GFFINM_00221	6	6	1	1	GCF_016899425.1;GCF_053038975.1;GCF_053209605.1;GCF_905400185.1;MF6;MF7	GCF_016899425.1|KEDGBJ_00237;GCF_053038975.1|AHCKDM_00221;GCF_053209605.1|GFFINM_00221;GCF_905400185.1|DKPOPA_00185;MF6|CFFIHE_00190;MF7|EFEKAH_01849
GCF_053209605.1|GFFINM_02719	1	1	0	0	GCF_053209605.1	GCF_053209605.1|GFFINM_02719
GCF_905400185.1|DKPOPA_00004	1	1	0	0	GCF_905400185.1	GCF_905400185.1|DKPOPA_00004
GCF_905400185.1|DKPOPA_00005	1	1	0	0	GCF_905400185.1	GCF_905400185.1|DKPOPA_00005
GCF_905400185.1|DKPOPA_00006	1	1	0	0	GCF_905400185.1	GCF_905400185.1|DKPOPA_00006
GCF_905400185.1|DKPOPA_00007	1	1	0	0	GCF_905400185.1	GCF_905400185.1|DKPOPA_00007
GCF_905400185.1|DKPOPA_00008	1	1	0	0	GCF_905400185.1	GCF_905400185.1|DKPOPA_00008
GCF_905400185.1|DKPOPA_00009	1	1	0	0	GCF_905400185.1	GCF_905400185.1|DKPOPA_00009
GCF_905400185.1|DKPOPA_00010	1	1	0	0	GCF_905400185.1	GCF_905400185.1|DKPOPA_00010
GCF_905400185.1|DKPOPA_00011	1	1	0	0	GCF_905400185.1	GCF_905400185.1|DKPOPA_00011
GCF_905400185.1|DKPOPA_00031	4	4	0	0	GCF_016899425.1;GCF_905400185.1;MF6;MF7	GCF_016899425.1|KEDGBJ_00077;GCF_905400185.1|DKPOPA_00031;MF6|CFFIHE_00030;MF7|EFEKAH_01689
GCF_905400185.1|DKPOPA_00068	6	6	1	1	GCF_016899425.1;GCF_053038975.1;GCF_053209605.1;GCF_905400185.1;MF6;MF7	GCF_016899425.1|KEDGBJ_00120;GCF_053038975.1|AHCKDM_00082;GCF_053209605.1|GFFINM_00082;GCF_905400185.1|DKPOPA_00068;MF6|CFFIHE_00073;MF7|EFEKAH_01732
GCF_905400185.1|DKPOPA_00157	4	4	0	0	GCF_016899425.1;GCF_905400185.1;MF6;MF7	GCF_016899425.1|KEDGBJ_00209;GCF_905400185.1|DKPOPA_00157;MF6|CFFIHE_00162;MF7|EFEKAH_01821
GCF_905400185.1|DKPOPA_00439	4	4	0	0	GCF_016899425.1;GCF_905400185.1;MF6;MF7	GCF_016899425.1|KEDGBJ_00522;GCF_905400185.1|DKPOPA_00439;MF6|CFFIHE_00451;MF7|EFEKAH_00431
GCF_905400185.1|DKPOPA_00444	1	1	0	0	GCF_905400185.1	GCF_905400185.1|DKPOPA_00444
GCF_905400185.1|DKPOPA_00445	1	1	0	0	GCF_905400185.1	GCF_905400185.1|DKPOPA_00445
GCF_905400185.1|DKPOPA_00446	1	1	0	0	GCF_905400185.1	GCF_905400185.1|DKPOPA_00446
GCF_905400185.1|DKPOPA_00447	1	1	0	0	GCF_905400185.1	GCF_905400185.1|DKPOPA_00447
GCF_905400185.1|DKPOPA_00448	1	1	0	0	GCF_905400185.1	GCF_905400185.1|DKPOPA_00448
GCF_905400185.1|DKPOPA_00449	1	1	0	0	GCF_905400185.1	GCF_905400185.1|DKPOPA_00449
GCF_905400185.1|DKPOPA_00450	1	1	0	0	GCF_905400185.1	GCF_905400185.1|DKPOPA_00450
GCF_905400185.1|DKPOPA_00451	1	1	0	0	GCF_905400185.1	GCF_905400185.1|DKPOPA_00451
GCF_905400185.1|DKPOPA_00452	1	1	0	0	GCF_905400185.1	GCF_905400185.1|DKPOPA_00452
GCF_905400185.1|DKPOPA_00453	1	1	0	0	GCF_905400185.1	GCF_905400185.1|DKPOPA_00453
GCF_905400185.1|DKPOPA_00454	1	1	0	0	GCF_905400185.1	GCF_905400185.1|DKPOPA_00454
GCF_905400185.1|DKPOPA_00455	1	1	0	0	GCF_905400185.1	GCF_905400185.1|DKPOPA_00455
GCF_905400185.1|DKPOPA_00456	1	1	0	0	GCF_905400185.1	GCF_905400185.1|DKPOPA_00456
GCF_905400185.1|DKPOPA_00541	6	6	1	1	GCF_016899425.1;GCF_053038975.1;GCF_053209605.1;GCF_905400185.1;MF6;MF7	GCF_016899425.1|KEDGBJ_00610;GCF_053038975.1|AHCKDM_00577;GCF_053209605.1|GFFINM_00575;GCF_905400185.1|DKPOPA_00541;MF6|CFFIHE_00540;MF7|EFEKAH_05361
GCF_905400185.1|DKPOPA_00692	1	1	0	0	GCF_905400185.1	GCF_905400185.1|DKPOPA_00692
GCF_905400185.1|DKPOPA_00757	6	6	1	1	GCF_016899425.1;GCF_053038975.1;GCF_053209605.1;GCF_905400185.1;MF6;MF7	GCF_016899425.1|KEDGBJ_00825;GCF_053038975.1|AHCKDM_00792;GCF_053209605.1|GFFINM_00790;GCF_905400185.1|DKPOPA_00757;MF6|CFFIHE_00755;MF7|EFEKAH_05146
GCF_905400185.1|DKPOPA_00799	1	1	0	0	GCF_905400185.1	GCF_905400185.1|DKPOPA_00799
GCF_905400185.1|DKPOPA_00800	1	1	0	0	GCF_905400185.1	GCF_905400185.1|DKPOPA_00800
GCF_905400185.1|DKPOPA_00801	1	1	0	0	GCF_905400185.1	GCF_905400185.1|DKPOPA_00801
GCF_905400185.1|DKPOPA_00802	1	1	0	0	GCF_905400185.1	GCF_905400185.1|DKPOPA_00802
GCF_905400185.1|DKPOPA_00803	1	1	0	0	GCF_905400185.1	GCF_905400185.1|DKPOPA_00803
GCF_905400185.1|DKPOPA_00804	1	1	0	0	GCF_905400185.1	GCF_905400185.1|DKPOPA_00804
GCF_905400185.1|DKPOPA_00805	1	1	0	0	GCF_905400185.1	GCF_905400185.1|DKPOPA_00805
GCF_905400185.1|DKPOPA_00806	1	1	0	0	GCF_905400185.1	GCF_905400185.1|DKPOPA_00806
GCF_905400185.1|DKPOPA_00807	1	1	0	0	GCF_905400185.1	GCF_905400185.1|DKPOPA_00807
GCF_905400185.1|DKPOPA_00808	1	1	0	0	GCF_905400185.1	GCF_905400185.1|DKPOPA_00808
GCF_905400185.1|DKPOPA_00809	1	1	0	0	GCF_905400185.1	GCF_905400185.1|DKPOPA_00809
GCF_905400185.1|DKPOPA_00810	1	1	0	0	GCF_905400185.1	GCF_905400185.1|DKPOPA_00810
GCF_905400185.1|DKPOPA_00811	1	1	0	0	GCF_905400185.1	GCF_905400185.1|DKPOPA_00811
GCF_905400185.1|DKPOPA_00812	1	1	0	0	GCF_905400185.1	GCF_905400185.1|DKPOPA_00812
GCF_905400185.1|DKPOPA_00814	6	6	1	1	GCF_016899425.1;GCF_053038975.1;GCF_053209605.1;GCF_905400185.1;MF6;MF7	GCF_016899425.1|KEDGBJ_00879;GCF_053038975.1|AHCKDM_00848;GCF_053209605.1|GFFINM_00846;GCF_905400185.1|DKPOPA_00814;MF6|CFFIHE_00817;MF7|EFEKAH_05084
GCF_905400185.1|DKPOPA_00815	6	6	1	1	GCF_016899425.1;GCF_053038975.1;GCF_053209605.1;GCF_905400185.1;MF6;MF7	GCF_016899425.1|KEDGBJ_00880;GCF_053038975.1|AHCKDM_00849;GCF_053209605.1|GFFINM_00847;GCF_905400185.1|DKPOPA_00815;MF6|CFFIHE_00818;MF7|EFEKAH_05083
GCF_905400185.1|DKPOPA_00850	3	3	0	0	GCF_905400185.1;MF6;MF7	GCF_905400185.1|DKPOPA_00850;MF6|CFFIHE_00851;MF7|EFEKAH_05050
GCF_905400185.1|DKPOPA_00851	3	3	0	0	GCF_905400185.1;MF6;MF7	GCF_905400185.1|DKPOPA_00851;MF6|CFFIHE_00852;MF7|EFEKAH_05049
GCF_905400185.1|DKPOPA_00852	3	3	0	0	GCF_905400185.1;MF6;MF7	GCF_905400185.1|DKPOPA_00852;MF6|CFFIHE_00853;MF7|EFEKAH_05048
GCF_905400185.1|DKPOPA_00853	3	3	0	0	GCF_905400185.1;MF6;MF7	GCF_905400185.1|DKPOPA_00853;MF6|CFFIHE_00854;MF7|EFEKAH_05047
GCF_905400185.1|DKPOPA_00912	6	6	1	1	GCF_016899425.1;GCF_053038975.1;GCF_053209605.1;GCF_905400185.1;MF6;MF7	GCF_016899425.1|KEDGBJ_00973;GCF_053038975.1|AHCKDM_00939;GCF_053209605.1|GFFINM_00937;GCF_905400185.1|DKPOPA_00912;MF6|CFFIHE_00913;MF7|EFEKAH_04988
GCF_905400185.1|DKPOPA_00928	3	3	0	0	GCF_905400185.1;MF6;MF7	GCF_905400185.1|DKPOPA_00928;MF6|CFFIHE_00929;MF7|EFEKAH_04971
GCF_905400185.1|DKPOPA_00952	4	4	0	0	GCF_016899425.1;GCF_905400185.1;MF6;MF7	GCF_016899425.1|KEDGBJ_01013;GCF_905400185.1|DKPOPA_00952;MF6|CFFIHE_00954;MF7|EFEKAH_04947
GCF_905400185.1|DKPOPA_01258	1	1	0	0	GCF_905400185.1	GCF_905400185.1|DKPOPA_01258
GCF_905400185.1|DKPOPA_01259	1	1	0	0	GCF_905400185.1	GCF_905400185.1|DKPOPA_01259
GCF_905400185.1|DKPOPA_01260	1	1	0	0	GCF_905400185.1	GCF_905400185.1|DKPOPA_01260
GCF_905400185.1|DKPOPA_01261	1	1	0	0	GCF_905400185.1	GCF_905400185.1|DKPOPA_01261
GCF_905400185.1|DKPOPA_01262	1	1	0	0	GCF_905400185.1	GCF_905400185.1|DKPOPA_01262
GCF_905400185.1|DKPOPA_01263	1	1	0	0	GCF_905400185.1	GCF_905400185.1|DKPOPA_01263
GCF_905400185.1|DKPOPA_01264	1	1	0	0	GCF_905400185.1	GCF_905400185.1|DKPOPA_01264
GCF_905400185.1|DKPOPA_01265	1	1	0	0	GCF_905400185.1	GCF_905400185.1|DKPOPA_01265
GCF_905400185.1|DKPOPA_01266	1	1	0	0	GCF_905400185.1	GCF_905400185.1|DKPOPA_01266
GCF_905400185.1|DKPOPA_01267	1	1	0	0	GCF_905400185.1	GCF_905400185.1|DKPOPA_01267
GCF_905400185.1|DKPOPA_01268	1	1	0	0	GCF_905400185.1	GCF_905400185.1|DKPOPA_01268
GCF_905400185.1|DKPOPA_01269	1	1	0	0	GCF_905400185.1	GCF_905400185.1|DKPOPA_01269
GCF_905400185.1|DKPOPA_01270	1	1	0	0	GCF_905400185.1	GCF_905400185.1|DKPOPA_01270
GCF_905400185.1|DKPOPA_01271	1	1	0	0	GCF_905400185.1	GCF_905400185.1|DKPOPA_01271
GCF_905400185.1|DKPOPA_01272	1	1	0	0	GCF_905400185.1	GCF_905400185.1|DKPOPA_01272
GCF_905400185.1|DKPOPA_01273	1	1	0	0	GCF_905400185.1	GCF_905400185.1|DKPOPA_01273
GCF_905400185.1|DKPOPA_01274	3	3	0	0	GCF_905400185.1;MF6;MF7	GCF_905400185.1|DKPOPA_01274;MF6|CFFIHE_02803;MF7|EFEKAH_05574
GCF_905400185.1|DKPOPA_01275	1	1	0	0	GCF_905400185.1	GCF_905400185.1|DKPOPA_01275
GCF_905400185.1|DKPOPA_01276	1	1	0	0	GCF_905400185.1	GCF_905400185.1|DKPOPA_01276
GCF_905400185.1|DKPOPA_01280	1	1	0	0	GCF_905400185.1	GCF_905400185.1|DKPOPA_01280
GCF_905400185.1|DKPOPA_01281	1	1	0	0	GCF_905400185.1	GCF_905400185.1|DKPOPA_01281
GCF_905400185.1|DKPOPA_01284	1	1	0	0	GCF_905400185.1	GCF_905400185.1|DKPOPA_01284
GCF_905400185.1|DKPOPA_01288	3	3	0	0	GCF_905400185.1;MF6;MF7	GCF_905400185.1|DKPOPA_01288;MF6|CFFIHE_02785;MF7|EFEKAH_05556
GCF_905400185.1|DKPOPA_01289	3	3	0	0	GCF_905400185.1;MF6;MF7	GCF_905400185.1|DKPOPA_01289;MF6|CFFIHE_02784;MF7|EFEKAH_05555
GCF_905400185.1|DKPOPA_01290	3	3	0	0	GCF_905400185.1;MF6;MF7	GCF_905400185.1|DKPOPA_01290;MF6|CFFIHE_02783;MF7|EFEKAH_05554
GCF_905400185.1|DKPOPA_01291	3	3	0	0	GCF_905400185.1;MF6;MF7	GCF_905400185.1|DKPOPA_01291;MF6|CFFIHE_02782;MF7|EFEKAH_05553
GCF_905400185.1|DKPOPA_01292	1	1	0	0	GCF_905400185.1	GCF_905400185.1|DKPOPA_01292
GCF_905400185.1|DKPOPA_01293	1	1	0	0	GCF_905400185.1	GCF_905400185.1|DKPOPA_01293
GCF_905400185.1|DKPOPA_01294	1	1	0	0	GCF_905400185.1	GCF_905400185.1|DKPOPA_01294
GCF_905400185.1|DKPOPA_01295	1	1	0	0	GCF_905400185.1	GCF_905400185.1|DKPOPA_01295
GCF_905400185.1|DKPOPA_01298	1	1	0	0	GCF_905400185.1	GCF_905400185.1|DKPOPA_01298
GCF_905400185.1|DKPOPA_01299	1	1	0	0	GCF_905400185.1	GCF_905400185.1|DKPOPA_01299
GCF_905400185.1|DKPOPA_01300	1	1	0	0	GCF_905400185.1	GCF_905400185.1|DKPOPA_01300
GCF_905400185.1|DKPOPA_01301	1	1	0	0	GCF_905400185.1	GCF_905400185.1|DKPOPA_01301
GCF_905400185.1|DKPOPA_01302	1	1	0	0	GCF_905400185.1	GCF_905400185.1|DKPOPA_01302
GCF_905400185.1|DKPOPA_01303	1	1	0	0	GCF_905400185.1	GCF_905400185.1|DKPOPA_01303
GCF_905400185.1|DKPOPA_01304	1	1	0	0	GCF_905400185.1	GCF_905400185.1|DKPOPA_01304
GCF_905400185.1|DKPOPA_01346	6	6	1	1	GCF_016899425.1;GCF_053038975.1;GCF_053209605.1;GCF_905400185.1;MF6;MF7	GCF_016899425.1|KEDGBJ_01359;GCF_053038975.1|AHCKDM_01327;GCF_053209605.1|GFFINM_01326;GCF_905400185.1|DKPOPA_01346;MF6|CFFIHE_01374;MF7|EFEKAH_04528
GCF_905400185.1|DKPOPA_01558	4	4	0	0	GCF_016899425.1;GCF_905400185.1;MF6;MF7	GCF_016899425.1|KEDGBJ_01571;GCF_905400185.1|DKPOPA_01558;MF6|CFFIHE_01585;MF7|EFEKAH_01043
GCF_905400185.1|DKPOPA_01639	2	3	0	0	GCF_016899425.1;GCF_905400185.1	GCF_016899425.1|KEDGBJ_01652;GCF_016899425.1|KEDGBJ_01653;GCF_905400185.1|DKPOPA_01639
GCF_905400185.1|DKPOPA_01649	6	6	1	1	GCF_016899425.1;GCF_053038975.1;GCF_053209605.1;GCF_905400185.1;MF6;MF7	GCF_016899425.1|KEDGBJ_01663;GCF_053038975.1|AHCKDM_01611;GCF_053209605.1|GFFINM_01613;GCF_905400185.1|DKPOPA_01649;MF6|CFFIHE_01672;MF7|EFEKAH_01130
GCF_905400185.1|DKPOPA_01722	1	1	0	0	GCF_905400185.1	GCF_905400185.1|DKPOPA_01722
GCF_905400185.1|DKPOPA_01742	1	1	0	0	GCF_905400185.1	GCF_905400185.1|DKPOPA_01742
GCF_905400185.1|DKPOPA_01832	3	5	0	0	GCF_905400185.1;MF6;MF7	GCF_905400185.1|DKPOPA_01832;MF6|CFFIHE_01116;MF6|CFFIHE_01846;MF7|EFEKAH_01304;MF7|EFEKAH_04786
GCF_905400185.1|DKPOPA_01844	6	6	1	1	GCF_016899425.1;GCF_053038975.1;GCF_053209605.1;GCF_905400185.1;MF6;MF7	GCF_016899425.1|KEDGBJ_01856;GCF_053038975.1|AHCKDM_01872;GCF_053209605.1|GFFINM_01874;GCF_905400185.1|DKPOPA_01844;MF6|CFFIHE_01858;MF7|EFEKAH_01316
GCF_905400185.1|DKPOPA_01944	6	6	1	1	GCF_016899425.1;GCF_053038975.1;GCF_053209605.1;GCF_905400185.1;MF6;MF7	GCF_016899425.1|KEDGBJ_01956;GCF_053038975.1|AHCKDM_01972;GCF_053209605.1|GFFINM_01974;GCF_905400185.1|DKPOPA_01944;MF6|CFFIHE_01958;MF7|EFEKAH_01416
GCF_905400185.1|DKPOPA_02180	6	6	1	1	GCF_016899425.1;GCF_053038975.1;GCF_053209605.1;GCF_905400185.1;MF6;MF7	GCF_016899425.1|KEDGBJ_02242;GCF_053038975.1|AHCKDM_02188;GCF_053209605.1|GFFINM_02190;GCF_905400185.1|DKPOPA_02180;MF6|CFFIHE_02194;MF7|EFEKAH_06912
GCF_905400185.1|DKPOPA_02217	1	1	0	0	GCF_905400185.1	GCF_905400185.1|DKPOPA_02217
GCF_905400185.1|DKPOPA_02432	4	6	0	0	GCF_016899425.1;GCF_905400185.1;MF6;MF7	GCF_016899425.1|KEDGBJ_02494;GCF_905400185.1|DKPOPA_02432;MF6|CFFIHE_02446;MF6|CFFIHE_02447;MF7|EFEKAH_06708;MF7|EFEKAH_06709
GCF_905400185.1|DKPOPA_02455	1	1	0	0	GCF_905400185.1	GCF_905400185.1|DKPOPA_02455
GCF_905400185.1|DKPOPA_02456	1	1	0	0	GCF_905400185.1	GCF_905400185.1|DKPOPA_02456
GCF_905400185.1|DKPOPA_02464	1	1	0	0	GCF_905400185.1	GCF_905400185.1|DKPOPA_02464
GCF_905400185.1|DKPOPA_02465	1	1	0	0	GCF_905400185.1	GCF_905400185.1|DKPOPA_02465
GCF_905400185.1|DKPOPA_02466	1	1	0	0	GCF_905400185.1	GCF_905400185.1|DKPOPA_02466
GCF_905400185.1|DKPOPA_02468	1	1	0	0	GCF_905400185.1	GCF_905400185.1|DKPOPA_02468
GCF_905400185.1|DKPOPA_02469	1	1	0	0	GCF_905400185.1	GCF_905400185.1|DKPOPA_02469
GCF_905400185.1|DKPOPA_02470	1	1	0	0	GCF_905400185.1	GCF_905400185.1|DKPOPA_02470
GCF_905400185.1|DKPOPA_02471	1	1	0	0	GCF_905400185.1	GCF_905400185.1|DKPOPA_02471
GCF_905400185.1|DKPOPA_02591	1	1	0	0	GCF_905400185.1	GCF_905400185.1|DKPOPA_02591
GCF_905400185.1|DKPOPA_02592	1	1	0	0	GCF_905400185.1	GCF_905400185.1|DKPOPA_02592
GCF_905400185.1|DKPOPA_02594	1	1	0	0	GCF_905400185.1	GCF_905400185.1|DKPOPA_02594
GCF_905400185.1|DKPOPA_02595	1	1	0	0	GCF_905400185.1	GCF_905400185.1|DKPOPA_02595
GCF_905400185.1|DKPOPA_02596	1	1	0	0	GCF_905400185.1	GCF_905400185.1|DKPOPA_02596
GCF_905400185.1|DKPOPA_02597	1	1	0	0	GCF_905400185.1	GCF_905400185.1|DKPOPA_02597
GCF_905400185.1|DKPOPA_02598	1	1	0	0	GCF_905400185.1	GCF_905400185.1|DKPOPA_02598
GCF_905400185.1|DKPOPA_02599	1	1	0	0	GCF_905400185.1	GCF_905400185.1|DKPOPA_02599
GCF_905400185.1|DKPOPA_02600	1	1	0	0	GCF_905400185.1	GCF_905400185.1|DKPOPA_02600
GCF_905400185.1|DKPOPA_02601	1	1	0	0	GCF_905400185.1	GCF_905400185.1|DKPOPA_02601
GCF_905400185.1|DKPOPA_02602	1	1	0	0	GCF_905400185.1	GCF_905400185.1|DKPOPA_02602
GCF_905400185.1|DKPOPA_02608	6	6	1	1	GCF_016899425.1;GCF_053038975.1;GCF_053209605.1;GCF_905400185.1;MF6;MF7	GCF_016899425.1|KEDGBJ_02653;GCF_053038975.1|AHCKDM_02601;GCF_053209605.1|GFFINM_02604;GCF_905400185.1|DKPOPA_02608;MF6|CFFIHE_02601;MF7|EFEKAH_06554
GCF_905400185.1|DKPOPA_02658	6	6	1	1	GCF_016899425.1;GCF_053038975.1;GCF_053209605.1;GCF_905400185.1;MF6;MF7	GCF_016899425.1|KEDGBJ_02703;GCF_053038975.1|AHCKDM_02651;GCF_053209605.1|GFFINM_02654;GCF_905400185.1|DKPOPA_02658;MF6|CFFIHE_02651;MF7|EFEKAH_05422
GCF_905400185.1|DKPOPA_02709	6	6	1	1	GCF_016899425.1;GCF_053038975.1;GCF_053209605.1;GCF_905400185.1;MF6;MF7	GCF_016899425.1|KEDGBJ_02754;GCF_053038975.1|AHCKDM_02697;GCF_053209605.1|GFFINM_02700;GCF_905400185.1|DKPOPA_02709;MF6|CFFIHE_02702;MF7|EFEKAH_05473
GCF_905400185.1|DKPOPA_02764	1	1	0	0	GCF_905400185.1	GCF_905400185.1|DKPOPA_02764
GCF_905400185.1|DKPOPA_03045	6	6	1	1	GCF_016899425.1;GCF_053038975.1;GCF_053209605.1;GCF_905400185.1;MF6;MF7	GCF_016899425.1|KEDGBJ_03090;GCF_053038975.1|AHCKDM_03021;GCF_053209605.1|GFFINM_03026;GCF_905400185.1|DKPOPA_03045;MF6|CFFIHE_03083;MF7|EFEKAH_05853
GCF_905400185.1|DKPOPA_03157	6	6	1	1	GCF_016899425.1;GCF_053038975.1;GCF_053209605.1;GCF_905400185.1;MF6;MF7	GCF_016899425.1|KEDGBJ_03202;GCF_053038975.1|AHCKDM_03124;GCF_053209605.1|GFFINM_03130;GCF_905400185.1|DKPOPA_03157;MF6|CFFIHE_03195;MF7|EFEKAH_00788
GCF_905400185.1|DKPOPA_03261	6	6	1	1	GCF_016899425.1;GCF_053038975.1;GCF_053209605.1;GCF_905400185.1;MF6;MF7	GCF_016899425.1|KEDGBJ_03306;GCF_053038975.1|AHCKDM_03224;GCF_053209605.1|GFFINM_03230;GCF_905400185.1|DKPOPA_03261;MF6|CFFIHE_03299;MF7|EFEKAH_00685
MF6|CFFIHE_00004	2	2	0	0	MF6;MF7	MF6|CFFIHE_00004;MF7|EFEKAH_00623
MF6|CFFIHE_00005	2	2	0	0	MF6;MF7	MF6|CFFIHE_00005;MF7|EFEKAH_00622
MF6|CFFIHE_00006	2	2	0	0	MF6;MF7	MF6|CFFIHE_00006;MF7|EFEKAH_00621
MF6|CFFIHE_00007	2	2	0	0	MF6;MF7	MF6|CFFIHE_00007;MF7|EFEKAH_00620
MF6|CFFIHE_00008	2	2	0	0	MF6;MF7	MF6|CFFIHE_00008;MF7|EFEKAH_00619
MF6|CFFIHE_00009	2	2	0	0	MF6;MF7	MF6|CFFIHE_00009;MF7|EFEKAH_00618
MF6|CFFIHE_00010	2	2	0	0	MF6;MF7	MF6|CFFIHE_00010;MF7|EFEKAH_00617
MF6|CFFIHE_00170	6	6	1	1	GCF_016899425.1;GCF_053038975.1;GCF_053209605.1;GCF_905400185.1;MF6;MF7	GCF_016899425.1|KEDGBJ_00217;GCF_053038975.1|AHCKDM_00200;GCF_053209605.1|GFFINM_00200;GCF_905400185.1|DKPOPA_00165;MF6|CFFIHE_00170;MF7|EFEKAH_01829
MF6|CFFIHE_00269	2	2	0	0	MF6;MF7	MF6|CFFIHE_00269;MF7|EFEKAH_00613
MF6|CFFIHE_00270	2	2	0	0	MF6;MF7	MF6|CFFIHE_00270;MF7|EFEKAH_00612
MF6|CFFIHE_00390	2	2	0	0	MF6;MF7	MF6|CFFIHE_00390;MF7|EFEKAH_00492
MF6|CFFIHE_00392	2	2	0	0	MF6;MF7	MF6|CFFIHE_00392;MF7|EFEKAH_00490
MF6|CFFIHE_00393	2	2	0	0	MF6;MF7	MF6|CFFIHE_00393;MF7|EFEKAH_00489
MF6|CFFIHE_00394	2	2	0	0	MF6;MF7	MF6|CFFIHE_00394;MF7|EFEKAH_00488
MF6|CFFIHE_00796	2	2	0	0	MF6;MF7	MF6|CFFIHE_00796;MF7|EFEKAH_05105
MF6|CFFIHE_00797	2	2	0	0	MF6;MF7	MF6|CFFIHE_00797;MF7|EFEKAH_05104
MF6|CFFIHE_00800	2	2	0	0	MF6;MF7	MF6|CFFIHE_00800;MF7|EFEKAH_05101
MF6|CFFIHE_00801	2	2	0	0	MF6;MF7	MF6|CFFIHE_00801;MF7|EFEKAH_05100
MF6|CFFIHE_00802	2	2	0	0	MF6;MF7	MF6|CFFIHE_00802;MF7|EFEKAH_05099
MF6|CFFIHE_00803	2	2	0	0	MF6;MF7	MF6|CFFIHE_00803;MF7|EFEKAH_05098
MF6|CFFIHE_00804	2	2	0	0	MF6;MF7	MF6|CFFIHE_00804;MF7|EFEKAH_05097
MF6|CFFIHE_00805	2	2	0	0	MF6;MF7	MF6|CFFIHE_00805;MF7|EFEKAH_05096
MF6|CFFIHE_00806	2	2	0	0	MF6;MF7	MF6|CFFIHE_00806;MF7|EFEKAH_05095
MF6|CFFIHE_00808	2	2	0	0	MF6;MF7	MF6|CFFIHE_00808;MF7|EFEKAH_05093
MF6|CFFIHE_00809	2	2	0	0	MF6;MF7	MF6|CFFIHE_00809;MF7|EFEKAH_05092
MF6|CFFIHE_00810	2	2	0	0	MF6;MF7	MF6|CFFIHE_00810;MF7|EFEKAH_05091
MF6|CFFIHE_00811	2	2	0	0	MF6;MF7	MF6|CFFIHE_00811;MF7|EFEKAH_05090
MF6|CFFIHE_00812	2	2	0	0	MF6;MF7	MF6|CFFIHE_00812;MF7|EFEKAH_05089
MF6|CFFIHE_00813	2	2	0	0	MF6;MF7	MF6|CFFIHE_00813;MF7|EFEKAH_05088
MF6|CFFIHE_00815	3	3	0	0	GCF_016899425.1;MF6;MF7	GCF_016899425.1|KEDGBJ_00877;MF6|CFFIHE_00815;MF7|EFEKAH_05086
MF6|CFFIHE_00831	6	6	1	1	GCF_016899425.1;GCF_053038975.1;GCF_053209605.1;GCF_905400185.1;MF6;MF7	GCF_016899425.1|KEDGBJ_00895;GCF_053038975.1|AHCKDM_00862;GCF_053209605.1|GFFINM_00860;GCF_905400185.1|DKPOPA_00830;MF6|CFFIHE_00831;MF7|EFEKAH_05070
MF6|CFFIHE_00952	6	6	1	1	GCF_016899425.1;GCF_053038975.1;GCF_053209605.1;GCF_905400185.1;MF6;MF7	GCF_016899425.1|KEDGBJ_01011;GCF_053038975.1|AHCKDM_00976;GCF_053209605.1|GFFINM_00974;GCF_905400185.1|DKPOPA_00950;MF6|CFFIHE_00952;MF7|EFEKAH_04949
MF6|CFFIHE_01068	6	6	1	1	GCF_016899425.1;GCF_053038975.1;GCF_053209605.1;GCF_905400185.1;MF6;MF7	GCF_016899425.1|KEDGBJ_01127;GCF_053038975.1|AHCKDM_01092;GCF_053209605.1|GFFINM_01090;GCF_905400185.1|DKPOPA_01066;MF6|CFFIHE_01068;MF7|EFEKAH_04832
MF6|CFFIHE_01174	2	2	0	0	MF6;MF7	MF6|CFFIHE_01174;MF7|EFEKAH_04728
MF6|CFFIHE_01175	2	2	0	0	MF6;MF7	MF6|CFFIHE_01175;MF7|EFEKAH_04727
MF6|CFFIHE_01176	2	2	0	0	MF6;MF7	MF6|CFFIHE_01176;MF7|EFEKAH_04726
MF6|CFFIHE_01177	2	2	0	0	MF6;MF7	MF6|CFFIHE_01177;MF7|EFEKAH_04725
MF6|CFFIHE_01178	2	2	0	0	MF6;MF7	MF6|CFFIHE_01178;MF7|EFEKAH_04724
MF6|CFFIHE_01181	2	2	0	0	MF6;MF7	MF6|CFFIHE_01181;MF7|EFEKAH_04721
MF6|CFFIHE_01182	2	2	0	0	MF6;MF7	MF6|CFFIHE_01182;MF7|EFEKAH_04720
MF6|CFFIHE_01183	2	2	0	0	MF6;MF7	MF6|CFFIHE_01183;MF7|EFEKAH_04719
MF6|CFFIHE_01184	2	2	0	0	MF6;MF7	MF6|CFFIHE_01184;MF7|EFEKAH_04718
MF6|CFFIHE_01186	2	2	0	0	MF6;MF7	MF6|CFFIHE_01186;MF7|EFEKAH_04716
MF6|CFFIHE_01187	2	2	0	0	MF6;MF7	MF6|CFFIHE_01187;MF7|EFEKAH_04715
MF6|CFFIHE_01188	2	2	0	0	MF6;MF7	MF6|CFFIHE_01188;MF7|EFEKAH_04714
MF6|CFFIHE_01189	2	2	0	0	MF6;MF7	MF6|CFFIHE_01189;MF7|EFEKAH_04713
MF6|CFFIHE_01190	2	2	0	0	MF6;MF7	MF6|CFFIHE_01190;MF7|EFEKAH_04712
MF6|CFFIHE_01191	2	2	0	0	MF6;MF7	MF6|CFFIHE_01191;MF7|EFEKAH_04711
MF6|CFFIHE_01192	2	2	0	0	MF6;MF7	MF6|CFFIHE_01192;MF7|EFEKAH_04710
MF6|CFFIHE_01193	2	2	0	0	MF6;MF7	MF6|CFFIHE_01193;MF7|EFEKAH_04709
MF6|CFFIHE_01194	2	2	0	0	MF6;MF7	MF6|CFFIHE_01194;MF7|EFEKAH_04708
MF6|CFFIHE_01195	2	2	0	0	MF6;MF7	MF6|CFFIHE_01195;MF7|EFEKAH_04707
MF6|CFFIHE_01196	2	2	0	0	MF6;MF7	MF6|CFFIHE_01196;MF7|EFEKAH_04706
MF6|CFFIHE_01197	2	2	0	0	MF6;MF7	MF6|CFFIHE_01197;MF7|EFEKAH_04705
MF6|CFFIHE_01198	2	2	0	0	MF6;MF7	MF6|CFFIHE_01198;MF7|EFEKAH_04704
MF6|CFFIHE_01199	2	2	0	0	MF6;MF7	MF6|CFFIHE_01199;MF7|EFEKAH_04703
MF6|CFFIHE_01200	2	2	0	0	MF6;MF7	MF6|CFFIHE_01200;MF7|EFEKAH_04702
MF6|CFFIHE_01201	2	2	0	0	MF6;MF7	MF6|CFFIHE_01201;MF7|EFEKAH_04701
MF6|CFFIHE_01202	2	2	0	0	MF6;MF7	MF6|CFFIHE_01202;MF7|EFEKAH_04700
MF6|CFFIHE_01203	2	2	0	0	MF6;MF7	MF6|CFFIHE_01203;MF7|EFEKAH_04699
MF6|CFFIHE_01204	2	2	0	0	MF6;MF7	MF6|CFFIHE_01204;MF7|EFEKAH_04698
MF6|CFFIHE_01205	2	2	0	0	MF6;MF7	MF6|CFFIHE_01205;MF7|EFEKAH_04697
MF6|CFFIHE_01206	2	2	0	0	MF6;MF7	MF6|CFFIHE_01206;MF7|EFEKAH_04696
MF6|CFFIHE_01207	2	2	0	0	MF6;MF7	MF6|CFFIHE_01207;MF7|EFEKAH_04695
MF6|CFFIHE_01208	2	2	0	0	MF6;MF7	MF6|CFFIHE_01208;MF7|EFEKAH_04694
MF6|CFFIHE_01209	2	2	0	0	MF6;MF7	MF6|CFFIHE_01209;MF7|EFEKAH_04693
MF6|CFFIHE_01210	2	2	0	0	MF6;MF7	MF6|CFFIHE_01210;MF7|EFEKAH_04692
MF6|CFFIHE_01211	2	2	0	0	MF6;MF7	MF6|CFFIHE_01211;MF7|EFEKAH_04691
MF6|CFFIHE_01212	2	2	0	0	MF6;MF7	MF6|CFFIHE_01212;MF7|EFEKAH_04690
MF6|CFFIHE_01213	2	2	0	0	MF6;MF7	MF6|CFFIHE_01213;MF7|EFEKAH_04689
MF6|CFFIHE_01214	2	2	0	0	MF6;MF7	MF6|CFFIHE_01214;MF7|EFEKAH_04688
MF6|CFFIHE_01215	2	2	0	0	MF6;MF7	MF6|CFFIHE_01215;MF7|EFEKAH_04687
MF6|CFFIHE_01216	2	2	0	0	MF6;MF7	MF6|CFFIHE_01216;MF7|EFEKAH_04686
MF6|CFFIHE_01217	2	2	0	0	MF6;MF7	MF6|CFFIHE_01217;MF7|EFEKAH_04685
MF6|CFFIHE_01218	2	2	0	0	MF6;MF7	MF6|CFFIHE_01218;MF7|EFEKAH_04684
MF6|CFFIHE_01219	2	2	0	0	MF6;MF7	MF6|CFFIHE_01219;MF7|EFEKAH_04683
MF6|CFFIHE_01220	2	2	0	0	MF6;MF7	MF6|CFFIHE_01220;MF7|EFEKAH_04682
MF6|CFFIHE_01221	2	2	0	0	MF6;MF7	MF6|CFFIHE_01221;MF7|EFEKAH_04681
MF6|CFFIHE_01222	2	2	0	0	MF6;MF7	MF6|CFFIHE_01222;MF7|EFEKAH_04680
MF6|CFFIHE_01223	2	2	0	0	MF6;MF7	MF6|CFFIHE_01223;MF7|EFEKAH_04679
MF6|CFFIHE_01224	2	2	0	0	MF6;MF7	MF6|CFFIHE_01224;MF7|EFEKAH_04678
MF6|CFFIHE_01263	6	6	1	1	GCF_016899425.1;GCF_053038975.1;GCF_053209605.1;GCF_905400185.1;MF6;MF7	GCF_016899425.1|KEDGBJ_01270;GCF_053038975.1|AHCKDM_01231;GCF_053209605.1|GFFINM_01230;GCF_905400185.1|DKPOPA_01209;MF6|CFFIHE_01263;MF7|EFEKAH_04639
MF6|CFFIHE_01299	2	2	0	0	MF6;MF7	MF6|CFFIHE_01299;MF7|EFEKAH_04603
MF6|CFFIHE_01300	2	2	0	0	MF6;MF7	MF6|CFFIHE_01300;MF7|EFEKAH_04602
MF6|CFFIHE_01301	2	2	0	0	MF6;MF7	MF6|CFFIHE_01301;MF7|EFEKAH_04601
MF6|CFFIHE_01302	2	2	0	0	MF6;MF7	MF6|CFFIHE_01302;MF7|EFEKAH_04600
MF6|CFFIHE_01303	2	2	0	0	MF6;MF7	MF6|CFFIHE_01303;MF7|EFEKAH_04599
MF6|CFFIHE_01304	2	2	0	0	MF6;MF7	MF6|CFFIHE_01304;MF7|EFEKAH_04598
MF6|CFFIHE_01305	2	2	0	0	MF6;MF7	MF6|CFFIHE_01305;MF7|EFEKAH_04597
MF6|CFFIHE_01306	2	2	0	0	MF6;MF7	MF6|CFFIHE_01306;MF7|EFEKAH_04596
MF6|CFFIHE_01308	2	2	0	0	MF6;MF7	MF6|CFFIHE_01308;MF7|EFEKAH_04594
MF6|CFFIHE_01309	2	2	0	0	MF6;MF7	MF6|CFFIHE_01309;MF7|EFEKAH_04593
MF6|CFFIHE_01310	2	2	0	0	MF6;MF7	MF6|CFFIHE_01310;MF7|EFEKAH_04592
MF6|CFFIHE_01311	2	2	0	0	MF6;MF7	MF6|CFFIHE_01311;MF7|EFEKAH_04591
MF6|CFFIHE_01312	2	2	0	0	MF6;MF7	MF6|CFFIHE_01312;MF7|EFEKAH_04590
MF6|CFFIHE_01313	2	2	0	0	MF6;MF7	MF6|CFFIHE_01313;MF7|EFEKAH_04589
MF6|CFFIHE_01314	1	1	0	0	MF6	MF6|CFFIHE_01314
MF6|CFFIHE_01315	2	2	0	0	MF6;MF7	MF6|CFFIHE_01315;MF7|EFEKAH_04587
MF6|CFFIHE_01316	2	2	0	0	MF6;MF7	MF6|CFFIHE_01316;MF7|EFEKAH_04586
MF6|CFFIHE_01317	2	2	0	0	MF6;MF7	MF6|CFFIHE_01317;MF7|EFEKAH_04585
MF6|CFFIHE_01318	2	2	0	0	MF6;MF7	MF6|CFFIHE_01318;MF7|EFEKAH_04584
MF6|CFFIHE_01319	2	2	0	0	MF6;MF7	MF6|CFFIHE_01319;MF7|EFEKAH_04583
MF6|CFFIHE_01320	2	2	0	0	MF6;MF7	MF6|CFFIHE_01320;MF7|EFEKAH_04582
MF6|CFFIHE_01398	6	6	1	1	GCF_016899425.1;GCF_053038975.1;GCF_053209605.1;GCF_905400185.1;MF6;MF7	GCF_016899425.1|KEDGBJ_01383;GCF_053038975.1|AHCKDM_01349;GCF_053209605.1|GFFINM_01348;GCF_905400185.1|DKPOPA_01370;MF6|CFFIHE_01398;MF7|EFEKAH_04504
MF6|CFFIHE_01576	4	4	0	0	GCF_016899425.1;GCF_905400185.1;MF6;MF7	GCF_016899425.1|KEDGBJ_01562;GCF_905400185.1|DKPOPA_01549;MF6|CFFIHE_01576;MF7|EFEKAH_01034
MF6|CFFIHE_01724	2	2	0	0	MF6;MF7	MF6|CFFIHE_01724;MF7|EFEKAH_01182
MF6|CFFIHE_01753	6	6	1	1	GCF_016899425.1;GCF_053038975.1;GCF_053209605.1;GCF_905400185.1;MF6;MF7	GCF_016899425.1|KEDGBJ_01744;GCF_053038975.1|AHCKDM_01689;GCF_053209605.1|GFFINM_01691;GCF_905400185.1|DKPOPA_01729;MF6|CFFIHE_01753;MF7|EFEKAH_01211
MF6|CFFIHE_02589	2	2	0	0	MF6;MF7	MF6|CFFIHE_02589;MF7|EFEKAH_06566
MF6|CFFIHE_02590	2	2	0	0	MF6;MF7	MF6|CFFIHE_02590;MF7|EFEKAH_06565
MF6|CFFIHE_02775	2	2	0	0	MF6;MF7	MF6|CFFIHE_02775;MF7|EFEKAH_05546
MF6|CFFIHE_02776	2	2	0	0	MF6;MF7	MF6|CFFIHE_02776;MF7|EFEKAH_05547
MF6|CFFIHE_02777	2	2	0	0	MF6;MF7	MF6|CFFIHE_02777;MF7|EFEKAH_05548
MF6|CFFIHE_02778	2	2	0	0	MF6;MF7	MF6|CFFIHE_02778;MF7|EFEKAH_05549
MF6|CFFIHE_02779	2	2	0	0	MF6;MF7	MF6|CFFIHE_02779;MF7|EFEKAH_05550
MF6|CFFIHE_02780	2	2	0	0	MF6;MF7	MF6|CFFIHE_02780;MF7|EFEKAH_05551
MF6|CFFIHE_02781	2	2	0	0	MF6;MF7	MF6|CFFIHE_02781;MF7|EFEKAH_05552
MF6|CFFIHE_02787	3	3	0	0	GCF_905400185.1;MF6;MF7	GCF_905400185.1|DKPOPA_01286;MF6|CFFIHE_02787;MF7|EFEKAH_05558
MF6|CFFIHE_02789	2	2	0	0	MF6;MF7	MF6|CFFIHE_02789;MF7|EFEKAH_05560
MF6|CFFIHE_02790	2	2	0	0	MF6;MF7	MF6|CFFIHE_02790;MF7|EFEKAH_05561
MF6|CFFIHE_02792	2	2	0	0	MF6;MF7	MF6|CFFIHE_02792;MF7|EFEKAH_05563
MF6|CFFIHE_02793	2	2	0	0	MF6;MF7	MF6|CFFIHE_02793;MF7|EFEKAH_05564
MF6|CFFIHE_02795	3	3	0	0	GCF_905400185.1;MF6;MF7	GCF_905400185.1|DKPOPA_01278;MF6|CFFIHE_02795;MF7|EFEKAH_05566
MF6|CFFIHE_02796	3	3	0	0	GCF_905400185.1;MF6;MF7	GCF_905400185.1|DKPOPA_01277;MF6|CFFIHE_02796;MF7|EFEKAH_05567
MF6|CFFIHE_02797	2	2	0	0	MF6;MF7	MF6|CFFIHE_02797;MF7|EFEKAH_05568
MF6|CFFIHE_02798	2	2	0	0	MF6;MF7	MF6|CFFIHE_02798;MF7|EFEKAH_05569
MF6|CFFIHE_02799	2	2	0	0	MF6;MF7	MF6|CFFIHE_02799;MF7|EFEKAH_05570
MF6|CFFIHE_02800	2	2	0	0	MF6;MF7	MF6|CFFIHE_02800;MF7|EFEKAH_05571
MF6|CFFIHE_02801	2	2	0	0	MF6;MF7	MF6|CFFIHE_02801;MF7|EFEKAH_05572
MF6|CFFIHE_02802	2	2	0	0	MF6;MF7	MF6|CFFIHE_02802;MF7|EFEKAH_05573
MF6|CFFIHE_02804	2	2	0	0	MF6;MF7	MF6|CFFIHE_02804;MF7|EFEKAH_05575
MF6|CFFIHE_02805	2	2	0	0	MF6;MF7	MF6|CFFIHE_02805;MF7|EFEKAH_05576
MF6|CFFIHE_02806	2	2	0	0	MF6;MF7	MF6|CFFIHE_02806;MF7|EFEKAH_05577
MF6|CFFIHE_02807	2	2	0	0	MF6;MF7	MF6|CFFIHE_02807;MF7|EFEKAH_05578
MF6|CFFIHE_02808	2	2	0	0	MF6;MF7	MF6|CFFIHE_02808;MF7|EFEKAH_05579
MF6|CFFIHE_02809	2	2	0	0	MF6;MF7	MF6|CFFIHE_02809;MF7|EFEKAH_05580
MF6|CFFIHE_02810	2	2	0	0	MF6;MF7	MF6|CFFIHE_02810;MF7|EFEKAH_05581
MF6|CFFIHE_02811	2	2	0	0	MF6;MF7	MF6|CFFIHE_02811;MF7|EFEKAH_05582
MF6|CFFIHE_02812	2	2	0	0	MF6;MF7	MF6|CFFIHE_02812;MF7|EFEKAH_05583
MF6|CFFIHE_02813	2	2	0	0	MF6;MF7	MF6|CFFIHE_02813;MF7|EFEKAH_05584
MF6|CFFIHE_02814	2	2	0	0	MF6;MF7	MF6|CFFIHE_02814;MF7|EFEKAH_05585
MF6|CFFIHE_02815	2	2	0	0	MF6;MF7	MF6|CFFIHE_02815;MF7|EFEKAH_05586
MF6|CFFIHE_02816	2	2	0	0	MF6;MF7	MF6|CFFIHE_02816;MF7|EFEKAH_05587
MF6|CFFIHE_02845	4	4	0	0	GCF_016899425.1;GCF_905400185.1;MF6;MF7	GCF_016899425.1|KEDGBJ_02852;GCF_905400185.1|DKPOPA_02808;MF6|CFFIHE_02845;MF7|EFEKAH_05616
MF6|CFFIHE_03073	6	6	1	1	GCF_016899425.1;GCF_053038975.1;GCF_053209605.1;GCF_905400185.1;MF6;MF7	GCF_016899425.1|KEDGBJ_03080;GCF_053038975.1|AHCKDM_03011;GCF_053209605.1|GFFINM_03016;GCF_905400185.1|DKPOPA_03035;MF6|CFFIHE_03073;MF7|EFEKAH_05843
MF6|CFFIHE_03331	4	4	0	0	GCF_016899425.1;GCF_905400185.1;MF6;MF7	GCF_016899425.1|KEDGBJ_00015;GCF_905400185.1|DKPOPA_03293;MF6|CFFIHE_03331;MF7|EFEKAH_00653
MF7|EFEKAH_00736	6	11	1	0	GCF_016899425.1;GCF_053038975.1;GCF_053209605.1;GCF_905400185.1;MF6;MF7	GCF_016899425.1|KEDGBJ_03254;GCF_016899425.1|KEDGBJ_03255;GCF_053038975.1|AHCKDM_03174;GCF_053038975.1|AHCKDM_03175;GCF_053209605.1|GFFINM_03180;GCF_053209605.1|GFFINM_03181;GCF_905400185.1|DKPOPA_03209;GCF_905400185.1|DKPOPA_03210;MF6|CFFIHE_03247;MF6|CFFIHE_03248;MF7|EFEKAH_00736
MF7|EFEKAH_04588	1	1	0	0	MF7	MF7|EFEKAH_04588
MF7|EFEKAH_06508	1	1	0	0	MF7	MF7|EFEKAH_06508
MF7|EFEKAH_06929	6	6	1	1	GCF_016899425.1;GCF_053038975.1;GCF_053209605.1;GCF_905400185.1;MF6;MF7	GCF_016899425.1|KEDGBJ_02259;GCF_053038975.1|AHCKDM_02205;GCF_053209605.1|GFFINM_02207;GCF_905400185.1|DKPOPA_02197;MF6|CFFIHE_02211;MF7|EFEKAH_06929
