Ref_file	Query_file	ANI	Align_fraction_ref	Align_fraction_query	Ref_name	Query_name
genomes/MF6.fna	genomes/MF7.fna	100.00	99.25	89.07	cluster_001_consensus rotated=True rotated_gene=dnaA	BMF7_NODE_26_len_1074_cov_2_45145_ID_4813260.1
genomes/MF7.fna	genomes/MF7.fna	100.00	100.00	100.00	BMF7_NODE_26_len_1074_cov_2_45145_ID_4813260.1	BMF7_NODE_26_len_1074_cov_2_45145_ID_4813260.1
genomes/GCF_016899425.1.fna	genomes/MF7.fna	99.70	96.99	86.47	NZ_CP045994.1 Burkholderia sp. MS389 chromosome 1, complete sequence	BMF7_NODE_26_len_1074_cov_2_45145_ID_4813260.1
genomes/GCF_905400155.1.fna	genomes/MF7.fna	99.59	92.36	86.26	NZ_FR989683.1 Burkholderia sola strain R-12632 substr. R-75386 chromosome 1	BMF7_NODE_26_len_1074_cov_2_45145_ID_4813260.1
genomes/GCF_905400185.1.fna	genomes/MF7.fna	99.59	92.44	86.32	NZ_FR989675.1 Burkholderia sola strain R-12632 substr. R-12632 chromosome 1	BMF7_NODE_26_len_1074_cov_2_45145_ID_4813260.1
genomes/GCF_905400195.1.fna	genomes/MF7.fna	99.59	92.16	85.69	NZ_FR989691.1 Burkholderia sola strain R-12632 substr. R-75388 chromosome 1	BMF7_NODE_26_len_1074_cov_2_45145_ID_4813260.1
genomes/GCF_905400375.1.fna	genomes/MF7.fna	99.59	92.28	86.21	NZ_FR989743.1 Burkholderia sola strain R-12632 substr. R-75595 chromosome 1	BMF7_NODE_26_len_1074_cov_2_45145_ID_4813260.1
genomes/GCF_905400235.1.fna	genomes/MF7.fna	99.59	92.27	86.24	NZ_FR989671.1 Burkholderia sola strain R-12632 substr. R-75384 chromosome 1	BMF7_NODE_26_len_1074_cov_2_45145_ID_4813260.1
genomes/GCF_905400225.1.fna	genomes/MF7.fna	99.59	92.25	86.23	NZ_FR989687.1 Burkholderia sola strain R-12632 substr. R-75387 chromosome 1	BMF7_NODE_26_len_1074_cov_2_45145_ID_4813260.1
genomes/GCF_905400495.1.fna	genomes/MF7.fna	99.59	92.44	86.21	NZ_FR989795.1 Burkholderia sola strain R-12632 substr. R-75721 chromosome 1	BMF7_NODE_26_len_1074_cov_2_45145_ID_4813260.1
genomes/GCF_905400555.1.fna	genomes/MF7.fna	99.59	92.27	86.23	NZ_FR989819.1 Burkholderia sola strain R-12632 substr. R-75724 chromosome 1	BMF7_NODE_26_len_1074_cov_2_45145_ID_4813260.1
genomes/GCF_905400265.1.fna	genomes/MF7.fna	99.59	92.20	86.20	NZ_FR989695.1 Burkholderia sola strain R-12632 substr. R-75385 chromosome 1	BMF7_NODE_26_len_1074_cov_2_45145_ID_4813260.1
genomes/GCF_905400565.1.fna	genomes/MF7.fna	99.59	92.28	86.18	NZ_FR989811.1 Burkholderia sola strain R-12632 substr. R-75725 chromosome 1	BMF7_NODE_26_len_1074_cov_2_45145_ID_4813260.1
genomes/GCF_905400395.1.fna	genomes/MF7.fna	99.59	92.36	86.07	NZ_FR989735.1 Burkholderia sola strain R-12632 substr. R-75594 chromosome 1	BMF7_NODE_26_len_1074_cov_2_45145_ID_4813260.1
genomes/GCF_905400285.1.fna	genomes/MF7.fna	99.59	92.31	86.22	NZ_FR989727.1 Burkholderia sola strain R-12632 substr. R-75499 chromosome 1	BMF7_NODE_26_len_1074_cov_2_45145_ID_4813260.1
genomes/GCF_905400525.1.fna	genomes/MF7.fna	99.59	92.34	86.23	NZ_FR989803.1 Burkholderia sola strain R-12632 substr. R-75717 chromosome 1	BMF7_NODE_26_len_1074_cov_2_45145_ID_4813260.1
genomes/GCF_905400575.1.fna	genomes/MF7.fna	99.59	92.34	86.18	NZ_FR989815.1 Burkholderia sola strain R-12632 substr. R-75726 chromosome 1	BMF7_NODE_26_len_1074_cov_2_45145_ID_4813260.1
genomes/GCF_905400325.1.fna	genomes/MF7.fna	99.59	92.42	86.24	NZ_FR989711.1 Burkholderia sola strain R-12632 substr. R-75592 chromosome 1	BMF7_NODE_26_len_1074_cov_2_45145_ID_4813260.1
genomes/GCF_905400405.1.fna	genomes/MF7.fna	99.59	92.36	86.21	NZ_FR989767.1 Burkholderia sola strain R-12632 substr. R-75715 chromosome 1	BMF7_NODE_26_len_1074_cov_2_45145_ID_4813260.1
genomes/GCF_905400435.1.fna	genomes/MF7.fna	99.59	92.29	86.21	NZ_FR989755.1 Burkholderia sola strain R-12632 substr. R-75600 chromosome 1	BMF7_NODE_26_len_1074_cov_2_45145_ID_4813260.1
genomes/GCF_905400475.1.fna	genomes/MF7.fna	99.59	92.32	86.21	NZ_FR989783.1 Burkholderia sola strain R-12632 substr. R-75722 chromosome 1	BMF7_NODE_26_len_1074_cov_2_45145_ID_4813260.1
genomes/GCF_905400535.1.fna	genomes/MF7.fna	99.59	92.34	86.23	NZ_FR989799.1 Burkholderia sola strain R-12632 substr. R-75723 chromosome 1	BMF7_NODE_26_len_1074_cov_2_45145_ID_4813260.1
genomes/GCF_905400445.1.fna	genomes/MF7.fna	99.59	92.31	86.24	NZ_FR989759.1 Burkholderia sola strain R-12632 substr. R-75601 chromosome 1	BMF7_NODE_26_len_1074_cov_2_45145_ID_4813260.1
genomes/GCF_905400465.1.fna	genomes/MF7.fna	99.59	92.32	86.22	NZ_FR989763.1 Burkholderia sola strain R-12632 substr. R-75598 chromosome 1	BMF7_NODE_26_len_1074_cov_2_45145_ID_4813260.1
genomes/GCF_905400415.1.fna	genomes/MF7.fna	99.59	92.17	84.95	NZ_FR989751.1 Burkholderia sola strain R-12632 substr. R-75599 chromosome 1	BMF7_NODE_26_len_1074_cov_2_45145_ID_4813260.1
genomes/GCF_905400345.1.fna	genomes/MF7.fna	99.59	92.28	86.24	NZ_FR989703.1 Burkholderia sola strain R-12632 substr. R-75502 chromosome 1	BMF7_NODE_26_len_1074_cov_2_45145_ID_4813260.1
genomes/GCF_905400425.1.fna	genomes/MF7.fna	99.59	92.25	86.23	NZ_FR989771.1 Burkholderia sola strain R-12632 substr. R-75602 chromosome 1	BMF7_NODE_26_len_1074_cov_2_45145_ID_4813260.1
genomes/GCF_905400545.1.fna	genomes/MF7.fna	99.59	92.28	86.20	NZ_FR989791.1 Burkholderia sola strain R-12632 substr. R-75720 chromosome 1	BMF7_NODE_26_len_1074_cov_2_45145_ID_4813260.1
genomes/GCF_905400455.1.fna	genomes/MF7.fna	99.59	92.21	86.18	NZ_FR989775.1 Burkholderia sola strain R-12632 substr. R-75714 chromosome 1	BMF7_NODE_26_len_1074_cov_2_45145_ID_4813260.1
genomes/GCF_905400335.1.fna	genomes/MF7.fna	99.59	92.33	86.23	NZ_FR989707.1 Burkholderia sola strain R-12632 substr. R-75500 chromosome 1	BMF7_NODE_26_len_1074_cov_2_45145_ID_4813260.1
genomes/GCF_905400485.1.fna	genomes/MF7.fna	99.59	92.27	86.24	NZ_FR989779.1 Burkholderia sola strain R-12632 substr. R-75719 chromosome 1	BMF7_NODE_26_len_1074_cov_2_45145_ID_4813260.1
genomes/GCF_905400365.1.fna	genomes/MF7.fna	99.59	92.27	86.21	NZ_FR989731.1 Burkholderia sola strain R-12632 substr. R-75593 chromosome 1	BMF7_NODE_26_len_1074_cov_2_45145_ID_4813260.1
genomes/GCF_905400275.1.fna	genomes/MF7.fna	99.57	91.92	85.73	NZ_FR989723.1 Burkholderia sola strain R-12632 substr. R-75501 chromosome 1	BMF7_NODE_26_len_1074_cov_2_45145_ID_4813260.1
genomes/GCF_905400215.1.fna	genomes/MF7.fna	99.53	91.99	85.90	NZ_FR989679.1 Burkholderia sola strain R-12632 substr. R-75389 chromosome 1	BMF7_NODE_26_len_1074_cov_2_45145_ID_4813260.1
genomes/GCF_905400385.1.fna	genomes/MF7.fna	99.53	91.99	85.94	NZ_FR989747.1 Burkholderia sola strain R-12632 substr. R-75596 chromosome 1	BMF7_NODE_26_len_1074_cov_2_45145_ID_4813260.1
genomes/GCF_905400505.1.fna	genomes/MF7.fna	99.53	92.01	85.93	NZ_FR989787.1 Burkholderia sola strain R-12632 substr. R-75718 chromosome 1	BMF7_NODE_26_len_1074_cov_2_45145_ID_4813260.1
genomes/GCF_905400315.1.fna	genomes/MF7.fna	99.53	92.02	85.94	NZ_FR989715.1 Burkholderia sola strain R-12632 substr. R-75588 chromosome 1	BMF7_NODE_26_len_1074_cov_2_45145_ID_4813260.1
genomes/GCF_905400515.1.fna	genomes/MF7.fna	99.53	91.95	85.12	NZ_FR989807.1 Burkholderia sola strain R-12632 substr. R-75716 chromosome 1	BMF7_NODE_26_len_1074_cov_2_45145_ID_4813260.1
genomes/GCF_905400305.1.fna	genomes/MF7.fna	99.53	91.97	85.90	NZ_FR989699.1 Burkholderia sola strain R-12632 substr. R-75587 chromosome 1	BMF7_NODE_26_len_1074_cov_2_45145_ID_4813260.1
genomes/GCF_905400355.1.fna	genomes/MF7.fna	99.53	91.97	85.90	NZ_FR989739.1 Burkholderia sola strain R-12632 substr. R-75597 chromosome 1	BMF7_NODE_26_len_1074_cov_2_45145_ID_4813260.1
genomes/GCF_018417615.1.fna	genomes/MF7.fna	99.48	94.95	83.89	NZ_CP071052.1 Burkholderia sp. LAS2 chromosome 1	BMF7_NODE_26_len_1074_cov_2_45145_ID_4813260.1
genomes/GCF_905400295.1.fna	genomes/MF7.fna	99.45	91.97	85.90	NZ_FR989719.1 Burkholderia sola strain R-12632 substr. R-75390 chromosome 1	BMF7_NODE_26_len_1074_cov_2_45145_ID_4813260.1
genomes/GCF_053038975.1.fna	genomes/MF7.fna	96.09	84.06	73.62	NZ_CP199959.1 Burkholderia sola strain BC00107 chromosome 1, complete sequence	BMF7_NODE_26_len_1074_cov_2_45145_ID_4813260.1
genomes/GCF_053209605.1.fna	genomes/MF7.fna	96.09	84.12	73.66	NZ_CP199985.1 Burkholderia sola strain BC00106 chromosome 1, complete sequence	BMF7_NODE_26_len_1074_cov_2_45145_ID_4813260.1
genomes/GCF_003966315.1.fna	genomes/MF7.fna	95.32	76.22	70.50	NZ_CP034545.1 Burkholderia cenocepacia strain YG-3 chromosome 1, complete sequence	BMF7_NODE_26_len_1074_cov_2_45145_ID_4813260.1
genomes/GCF_001718515.1.fna	genomes/MF7.fna	94.76	80.76	58.84	NZ_CP013397.1 Burkholderia cenocepacia strain FL-5-3-30-S1-D7 chromosome 1, complete sequence	BMF7_NODE_26_len_1074_cov_2_45145_ID_4813260.1
genomes/GCF_003076415.1.fna	genomes/MF7.fna	94.65	77.30	62.87	NZ_CP021067.1 Burkholderia cenocepacia strain PC184 Mulks chromosome 1, complete sequence	BMF7_NODE_26_len_1074_cov_2_45145_ID_4813260.1
genomes/GCF_012273415.1.fna	genomes/MF7.fna	94.63	77.70	64.81	NZ_CP050980.1 Burkholderia cenocepacia strain FDAARGOS_720 chromosome 1	BMF7_NODE_26_len_1074_cov_2_45145_ID_4813260.1
genomes/GCF_001547525.1.fna	genomes/MF7.fna	94.53	80.59	67.46	NZ_CM003768.1 Burkholderia anthina strain AZ-4-2-10-S1-D7 chromosome 1, whole genome shotgun sequence	BMF7_NODE_26_len_1074_cov_2_45145_ID_4813260.1
genomes/GCF_001999825.1.fna	genomes/MF7.fna	94.53	78.42	66.74	NZ_CP019670.1 Burkholderia cenocepacia strain VC12802 chromosome 1, complete sequence	BMF7_NODE_26_len_1074_cov_2_45145_ID_4813260.1
genomes/GCF_014211915.1.fna	genomes/MF7.fna	94.53	76.54	67.02	NZ_CP060039.1 Burkholderia cenocepacia strain PS27 chromosome 1, complete sequence	BMF7_NODE_26_len_1074_cov_2_45145_ID_4813260.1
genomes/GCF_001999785.1.fna	genomes/MF7.fna	94.51	78.56	67.80	NZ_CP019668.1 Burkholderia cenocepacia strain VC7848 chromosome, complete genome	BMF7_NODE_26_len_1074_cov_2_45145_ID_4813260.1
genomes/GCF_002007585.1.fna	genomes/MF7.fna	94.51	75.58	66.67	NZ_CP017238.1 Burkholderia cenocepacia strain CR318 chromosome 1, complete sequence	BMF7_NODE_26_len_1074_cov_2_45145_ID_4813260.1
genomes/GCF_904865725.1.fna	genomes/MF7.fna	94.51	70.78	64.72	NZ_LR890523.1 Burkholderia cepacia isolate MINF_4A-sc-2280433 chromosome 1, complete sequence	BMF7_NODE_26_len_1074_cov_2_45145_ID_4813260.1
genomes/GCF_023374335.1.fna	genomes/MF7.fna	94.39	73.12	64.39	NZ_CP090676.1 Burkholderia cenocepacia strain 2019Y71443953II chromosome 1, complete sequence	BMF7_NODE_26_len_1074_cov_2_45145_ID_4813260.1
genomes/GCF_001999805.1.fna	genomes/MF7.fna	94.39	68.59	62.49	NZ_CP019666.1 Burkholderia cenocepacia strain VC2307 chromosome 1, complete sequence	BMF7_NODE_26_len_1074_cov_2_45145_ID_4813260.1
genomes/GCF_000755805.1.fna	genomes/MF7.fna	94.39	69.29	64.97	NZ_CP007787.1 Burkholderia cepacia strain DDS 7H-2 chromosome 1, complete sequence	BMF7_NODE_26_len_1074_cov_2_45145_ID_4813260.1
genomes/GCF_018223765.1.fna	genomes/MF7.fna	94.39	69.48	64.41	NZ_CP073673.1 Burkholderia cenocepacia strain toggle2 chromosome 1, complete sequence	BMF7_NODE_26_len_1074_cov_2_45145_ID_4813260.1
genomes/GCF_023374835.1.fna	genomes/MF7.fna	94.39	73.13	64.40	NZ_CP090760.1 Burkholderia cenocepacia strain 2009Ycf95III chromosome 1, complete sequence	BMF7_NODE_26_len_1074_cov_2_45145_ID_4813260.1
genomes/GCF_018223805.1.fna	genomes/MF7.fna	94.39	70.99	64.61	NZ_CP073674.1 Burkholderia cenocepacia strain toggle4 chromosome 1, complete sequence	BMF7_NODE_26_len_1074_cov_2_45145_ID_4813260.1
genomes/GCF_023374855.1.fna	genomes/MF7.fna	94.39	73.11	64.39	NZ_CP090763.1 Burkholderia cenocepacia strain 2008Ycf657 chromosome 1, complete sequence	BMF7_NODE_26_len_1074_cov_2_45145_ID_4813260.1
genomes/GCF_018228625.1.fna	genomes/MF7.fna	94.39	68.75	64.43	NZ_CP073702.1 Burkholderia cenocepacia strain toggle3 chromosome 1, complete sequence	BMF7_NODE_26_len_1074_cov_2_45145_ID_4813260.1
genomes/GCF_037101275.1.fna	genomes/MF7.fna	94.39	77.05	67.51	NZ_AP029051.1 Burkholderia contaminans strain GalA64 chromosome 1, complete sequence	BMF7_NODE_26_len_1074_cov_2_45145_ID_4813260.1
genomes/GCF_023896215.1.fna	genomes/MF7.fna	94.39	73.07	64.38	NZ_JAKFAK010000002.1 Burkholderia cenocepacia strain 2009Ycf238I chromosome 1, whole genome shotgun sequence	BMF7_NODE_26_len_1074_cov_2_45145_ID_4813260.1
genomes/GCF_023896315.1.fna	genomes/MF7.fna	94.39	72.98	64.36	NZ_JAKFAD010000002.1 Burkholderia cenocepacia strain 2011Ycf942II chromosome 1, whole genome shotgun sequence	BMF7_NODE_26_len_1074_cov_2_45145_ID_4813260.1
genomes/GCF_001718895.1.fna	genomes/MF7.fna	94.38	72.24	64.69	NZ_CP013450.1 Burkholderia cenocepacia strain MSMB384WGS chromosome 1, complete sequence	BMF7_NODE_26_len_1074_cov_2_45145_ID_4813260.1
genomes/GCF_001484665.1.fna	genomes/MF7.fna	94.38	68.17	63.47	NZ_CP011917.1 Burkholderia cenocepacia strain ST32 isolate 1232 chromosome 1, complete sequence	BMF7_NODE_26_len_1074_cov_2_45145_ID_4813260.1
genomes/GCF_001606115.1.fna	genomes/MF7.fna	94.38	69.74	65.41	NZ_CP015033.1 Burkholderia cenocepacia strain 842 chromosome 1, complete sequence	BMF7_NODE_26_len_1074_cov_2_45145_ID_4813260.1
genomes/GCF_001606135.1.fna	genomes/MF7.fna	94.38	64.32	64.64	NZ_CP015036.1 Burkholderia cenocepacia strain 895 chromosome 1, complete sequence	BMF7_NODE_26_len_1074_cov_2_45145_ID_4813260.1
genomes/GCF_001999925.1.fna	genomes/MF7.fna	94.38	68.21	64.19	NZ_CP019678.1 Burkholderia cenocepacia strain VC1254 chromosome 1, complete sequence	BMF7_NODE_26_len_1074_cov_2_45145_ID_4813260.1
genomes/GCF_002083015.1.fna	genomes/MF7.fna	94.38	68.57	63.48	NZ_CP020599.1 Burkholderia cenocepacia strain GIMC4560:Bcn122 chromosome 1, complete sequence	BMF7_NODE_26_len_1074_cov_2_45145_ID_4813260.1
genomes/GCF_028462345.2.fna	genomes/MF7.fna	94.38	70.69	64.15	NZ_CM145218.1 Burkholderia cenocepacia strain GIMC4599:Bcn23P15 chromosome 1, whole genome shotgun sequence	BMF7_NODE_26_len_1074_cov_2_45145_ID_4813260.1
genomes/GCF_023704255.1.fna	genomes/MF7.fna	94.38	70.01	62.73	NZ_CP098497.1 Burkholderia cenocepacia strain C6433 chromosome 1	BMF7_NODE_26_len_1074_cov_2_45145_ID_4813260.1
genomes/GCF_039728355.1.fna	genomes/MF7.fna	94.38	67.61	64.35	NZ_CP155787.1 Burkholderia cenocepacia strain TY921 chromosome 1, complete sequence	BMF7_NODE_26_len_1074_cov_2_45145_ID_4813260.1
genomes/GCF_040735455.1.fna	genomes/MF7.fna	94.28	79.32	69.22	NZ_CP136803.1 Burkholderia semiarida strain HNBS001 chromosome 1, complete sequence	BMF7_NODE_26_len_1074_cov_2_45145_ID_4813260.1
genomes/GCF_014357995.1.fna	genomes/MF7.fna	94.26	70.43	62.76	NZ_CP053300.1 Burkholderia cenocepacia strain K56-2 chromosome 1, complete sequence	BMF7_NODE_26_len_1074_cov_2_45145_ID_4813260.1
genomes/GCF_001522585.2.fna	genomes/MF7.fna	94.25	76.84	62.61	NZ_CP013373.1 Burkholderia sp. NRF60-BP8 chromosome 1, complete sequence	BMF7_NODE_26_len_1074_cov_2_45145_ID_4813260.1
genomes/GCF_001999885.1.fna	genomes/MF7.fna	94.25	72.63	63.82	NZ_CP019674.1 Burkholderia cenocepacia strain VC12308 chromosome 1, complete sequence	BMF7_NODE_26_len_1074_cov_2_45145_ID_4813260.1
genomes/GCF_024730645.1.fna	genomes/MF7.fna	94.25	73.94	64.19	NZ_CP078070.1 Burkholderia sp. EMB26 chromosome 1, complete sequence	BMF7_NODE_26_len_1074_cov_2_45145_ID_4813260.1
genomes/GCF_025643575.1.fna	genomes/MF7.fna	94.25	68.68	63.01	NZ_CP102475.1 Burkholderia cenocepacia strain NML110041 chromosome 1, complete sequence	BMF7_NODE_26_len_1074_cov_2_45145_ID_4813260.1
genomes/GCF_045345775.1.fna	genomes/MF7.fna	94.15	78.50	68.76	NZ_CP174276.1 Burkholderia semiarida strain SYBS718 chromosome 1, complete sequence	BMF7_NODE_26_len_1074_cov_2_45145_ID_4813260.1
genomes/GCF_030374675.1.fna	genomes/MF7.fna	94.15	76.78	69.30	NZ_CP126320.1 Burkholderia anthina strain SO82 chromosome 1, complete sequence	BMF7_NODE_26_len_1074_cov_2_45145_ID_4813260.1
genomes/GCA_903231545.1.fna	genomes/MF7.fna	94.12	40.31	70.78	LR798193.1 Burkholderia cenocepacia strain IST439 genome assembly, chromosome: 1	BMF7_NODE_26_len_1074_cov_2_45145_ID_4813260.1
genomes/GCF_013349105.1.fna	genomes/MF7.fna	94.12	68.15	63.14	NZ_CP054817.1 Burkholderia cenocepacia strain FDAARGOS_734 chromosome 1, complete sequence	BMF7_NODE_26_len_1074_cov_2_45145_ID_4813260.1
genomes/GCF_041205585.2.fna	genomes/MF7.fna	94.12	71.74	60.94	NZ_CM145221.1 Burkholderia cenocepacia strain GIMC4612:Bcn34P14 chromosome 1, whole genome shotgun sequence	BMF7_NODE_26_len_1074_cov_2_45145_ID_4813260.1
genomes/GCA_059696275.1.fna	genomes/MF7.fna	93.96	65.19	24.22	AP040121.1 Burkholderia sp. SJ1 DNA, chromosome 2, complete sequence	BMF7_NODE_26_len_1074_cov_2_45145_ID_4813260.1
genomes/GCF_984667725.1.fna	genomes/MF7.fna	92.34	59.78	58.82	NZ_OZ480174.1 Burkholderia arboris strain R-13059 isolate R-13059 chromosome R13059_1, complete sequence	BMF7_NODE_26_len_1074_cov_2_45145_ID_4813260.1
genomes/GCF_984668355.1.fna	genomes/MF7.fna	92.34	59.33	56.40	NZ_OZ480198.1 Burkholderia sp. LMG 33096 strain R-20536 isolate R-20536 chromosome R20536_1, complete sequence	BMF7_NODE_26_len_1074_cov_2_45145_ID_4813260.1
genomes/GCF_984668395.1.fna	genomes/MF7.fna	92.34	59.75	58.82	NZ_OZ480205.1 Burkholderia arboris strain R-1925 isolate R-1925 chromosome R1925_1, complete sequence	BMF7_NODE_26_len_1074_cov_2_45145_ID_4813260.1
genomes/GCF_984669565.1.fna	genomes/MF7.fna	92.34	59.04	57.70	NZ_OZ480231.1 Burkholderia arboris strain R-10957 isolate R-10957 chromosome R10957_1, complete sequence	BMF7_NODE_26_len_1074_cov_2_45145_ID_4813260.1
genomes/GCF_984669705.1.fna	genomes/MF7.fna	92.34	65.23	61.25	NZ_OZ480242.1 Burkholderia sp. LMG 34232 chromosome LMG34232_1, complete sequence	BMF7_NODE_26_len_1074_cov_2_45145_ID_4813260.1
genomes/GCF_000701165.1.fna	genomes/MF7.fna	92.25	59.18	57.77	NZ_CP013730.1 Burkholderia cepacia JBK9 chromosome 1, complete sequence	BMF7_NODE_26_len_1074_cov_2_45145_ID_4813260.1
genomes/GCF_984667675.1.fna	genomes/MF7.fna	92.25	60.99	56.37	NZ_OZ480166.1 Burkholderia arboris strain R-11808 isolate R-11808 chromosome R11808_1, complete sequence	BMF7_NODE_26_len_1074_cov_2_45145_ID_4813260.1
genomes/GCF_984667835.1.fna	genomes/MF7.fna	92.25	57.89	57.59	NZ_OZ480193.1 Burkholderia arboris strain LMG 14939 isolate LMG 14939 chromosome LMG14939_1, complete sequence	BMF7_NODE_26_len_1074_cov_2_45145_ID_4813260.1
genomes/GCF_984667945.1.fna	genomes/MF7.fna	92.25	59.03	57.60	NZ_OZ480177.1 Burkholderia arboris strain LMG 24269 isolate LMG 24269 chromosome LMG24269_1, complete sequence	BMF7_NODE_26_len_1074_cov_2_45145_ID_4813260.1
genomes/GCF_984667955.1.fna	genomes/MF7.fna	92.25	65.48	53.22	NZ_OZ480214.1 Burkholderia arboris strain R-132 isolate R-132 chromosome R132_1, complete sequence	BMF7_NODE_26_len_1074_cov_2_45145_ID_4813260.1
genomes/GCF_984667975.1.fna	genomes/MF7.fna	92.25	59.19	56.70	NZ_OZ480186.1 Burkholderia sp. LMG 33096 chromosome R71783_1, complete sequence	BMF7_NODE_26_len_1074_cov_2_45145_ID_4813260.1
genomes/GCF_984668525.1.fna	genomes/MF7.fna	92.25	65.57	60.10	NZ_OZ480211.1 Burkholderia sp. LMG 34232 strain R-24929 isolate R-24929 chromosome R24929_1, complete sequence	BMF7_NODE_26_len_1074_cov_2_45145_ID_4813260.1
genomes/GCF_984668265.1.fna	genomes/MF7.fna	92.25	61.05	57.78	NZ_OZ480208.1 Burkholderia arboris strain R-18163 isolate R-18163 chromosome R18163_1, complete sequence	BMF7_NODE_26_len_1074_cov_2_45145_ID_4813260.1
genomes/GCF_984668005.1.fna	genomes/MF7.fna	92.25	58.96	57.60	NZ_OZ480190.1 Burkholderia arboris strain R-16036 isolate R-16036 chromosome R16036_1, complete sequence	BMF7_NODE_26_len_1074_cov_2_45145_ID_4813260.1
genomes/GCF_984669265.1.fna	genomes/MF7.fna	92.25	66.74	59.35	NZ_OZ480217.1 Burkholderia sp. LMG 34232 strain R-50709 isolate R-50709 chromosome R50709_1, complete sequence	BMF7_NODE_26_len_1074_cov_2_45145_ID_4813260.1
genomes/GCF_984668195.1.fna	genomes/MF7.fna	92.25	58.39	56.50	NZ_OZ480201.1 Burkholderia sp. LMG 33096 strain R-14554 isolate R-14554 chromosome R14554_1, complete sequence	BMF7_NODE_26_len_1074_cov_2_45145_ID_4813260.1
genomes/GCF_984669585.1.fna	genomes/MF7.fna	92.25	61.81	56.93	NZ_OZ480235.1 Burkholderia arboris strain LMG 6988 isolate LMG 6988 chromosome LMG6988_1, complete sequence	BMF7_NODE_26_len_1074_cov_2_45145_ID_4813260.1
genomes/GCF_984669415.1.fna	genomes/MF7.fna	92.25	59.03	57.60	NZ_OZ480226.1 Burkholderia arboris strain R-72680 isolate R-72680 chromosome R72680_1, complete sequence	BMF7_NODE_26_len_1074_cov_2_45145_ID_4813260.1
genomes/GCF_057369595.1.fna	genomes/MF7.fna	92.25	60.15	57.79	NZ_CM170668.1 Burkholderia cepacia complex sp. TUM26381 chromosome TUM26381_c1, whole genome shotgun sequence	BMF7_NODE_26_len_1074_cov_2_45145_ID_4813260.1
genomes/GCF_057439935.1.fna	genomes/MF7.fna	92.25	60.15	57.79	NZ_CM172006.1 Burkholderia cepacia complex sp. TUM26381 chromosome 1, whole genome shotgun sequence	BMF7_NODE_26_len_1074_cov_2_45145_ID_4813260.1
genomes/GCF_024381035.2.fna	genomes/MF7.fna	92.25	58.50	57.72	NZ_CP101524.1 Burkholderia arboris strain MEC_B345 chromosome 1, complete sequence	BMF7_NODE_26_len_1074_cov_2_45145_ID_4813260.1
genomes/GCF_984667895.1.fna	genomes/MF7.fna	92.21	57.81	57.42	NZ_OZ480182.1 Burkholderia arboris strain R-22599 isolate R-22599 chromosome R22599_1, complete sequence	BMF7_NODE_26_len_1074_cov_2_45145_ID_4813260.1
genomes/GCF_984667665.1.fna	genomes/MF7.fna	92.21	59.76	57.83	NZ_OZ480169.1 Burkholderia arboris strain LMG 24066 isolate LMG 24066 chromosome LMG24066_1, complete sequence	BMF7_NODE_26_len_1074_cov_2_45145_ID_4813260.1
genomes/GCF_984669685.1.fna	genomes/MF7.fna	92.21	57.81	57.42	NZ_OZ480238.1 Burkholderia arboris strain LMG 24270 isolate LMG 24270 chromosome LMG24270_1, complete sequence	BMF7_NODE_26_len_1074_cov_2_45145_ID_4813260.1
genomes/GCF_984671675.1.fna	genomes/MF7.fna	92.21	64.54	52.50	NZ_OZ480245.1 Burkholderia sp. LMG 33096 strain R-18413 isolate R-18413 chromosome R18413_1, complete sequence	BMF7_NODE_26_len_1074_cov_2_45145_ID_4813260.1
genomes/GCF_038723655.1.fna	genomes/MF7.fna	92.21	59.13	57.69	NZ_CP109821.1 Burkholderia arboris strain PN-1 chromosome 1, complete sequence	BMF7_NODE_26_len_1074_cov_2_45145_ID_4813260.1
genomes/GCF_984669335.1.fna	genomes/MF7.fna	92.13	58.83	57.64	NZ_OZ480223.1 Burkholderia arboris strain R-8833 isolate R-8833 chromosome R8833_1, complete sequence	BMF7_NODE_26_len_1074_cov_2_45145_ID_4813260.1
genomes/GCF_000705535.2.fna	genomes/MF7.fna	92.05	64.89	59.91	NZ_CP072520.1 Burkholderia seminalis strain 869T2 chromosome 1, complete sequence	BMF7_NODE_26_len_1074_cov_2_45145_ID_4813260.1
genomes/GCF_001718535.1.fna	genomes/MF7.fna	92.05	68.14	59.98	NZ_CP013398.1 Burkholderia seminalis strain FL-5-4-10-S1-D7 chromosome 1, complete sequence	BMF7_NODE_26_len_1074_cov_2_45145_ID_4813260.1
genomes/GCF_040761425.1.fna	genomes/MF7.fna	92.05	61.27	59.80	NZ_CP142886.1 Burkholderia sp. Ed8 chromosome 1, complete sequence	BMF7_NODE_26_len_1074_cov_2_45145_ID_4813260.1
genomes/GCF_984669325.1.fna	genomes/MF7.fna	91.97	64.94	52.70	NZ_OZ480220.1 Burkholderia sp. LMG 33096 strain R-72673 isolate R-72673 chromosome R72673_1, complete sequence	BMF7_NODE_26_len_1074_cov_2_45145_ID_4813260.1
genomes/GCF_984671695.1.fna	genomes/MF7.fna	91.90	62.76	53.54	NZ_OZ480247.1 Burkholderia arboris strain R-16920 isolate R-16920 chromosome R16920_1, complete sequence	BMF7_NODE_26_len_1074_cov_2_45145_ID_4813260.1
genomes/GCF_038452255.1.fna	genomes/MF7.fna	91.77	59.69	55.26	NZ_CP150849.1 Burkholderia pyrrocinia strain BX1 chromosome 1, complete sequence	BMF7_NODE_26_len_1074_cov_2_45145_ID_4813260.1
genomes/GCF_002356275.1.fna	genomes/MF7.fna	91.77	62.43	55.47	NZ_AP018111.1 Burkholderia stabilis strain FERMP-21014 chromosome 1, complete sequence	BMF7_NODE_26_len_1074_cov_2_45145_ID_4813260.1
genomes/GCF_022809715.1.fna	genomes/MF7.fna	91.71	64.53	57.14	NZ_CP094459.1 Burkholderia pyrrocinia strain JK-SH007 chromosome 1, complete sequence	BMF7_NODE_26_len_1074_cov_2_45145_ID_4813260.1
genomes/GCF_054073385.1.fna	genomes/MF7.fna	91.71	61.46	56.65	NZ_CM133398.1 Burkholderia pyrrocinia strain NP45 chromosome 1, whole genome shotgun sequence	BMF7_NODE_26_len_1074_cov_2_45145_ID_4813260.1
genomes/GCF_054073395.1.fna	genomes/MF7.fna	91.71	60.34	56.62	NZ_CM133400.1 Burkholderia pyrrocinia strain NP42 chromosome 1, whole genome shotgun sequence	BMF7_NODE_26_len_1074_cov_2_45145_ID_4813260.1
genomes/GCF_001028665.1.fna	genomes/MF7.fna	91.65	61.74	56.57	NZ_CP011503.1 Burkholderia pyrrocinia strain DSM 10685 chromosome 1, complete sequence	BMF7_NODE_26_len_1074_cov_2_45145_ID_4813260.1
genomes/GCF_059089405.1.fna	genomes/MF7.fna	91.65	61.62	57.12	NZ_CM180997.1 Burkholderia pyrrocinia strain NP46 chromosome 1, whole genome shotgun sequence	BMF7_NODE_26_len_1074_cov_2_45145_ID_4813260.1
genomes/GCF_003233675.1.fna	genomes/MF7.fna	91.65	55.31	56.81	NZ_CP029824.1 Burkholderia sp. JP2-270 chromosome 1, complete sequence	BMF7_NODE_26_len_1074_cov_2_45145_ID_4813260.1
genomes/GCF_056640905.1.fna	genomes/MF7.fna	91.65	55.03	55.68	NZ_CM153254.1 Burkholderia pyrrocinia strain B26 chromosome 1, whole genome shotgun sequence	BMF7_NODE_26_len_1074_cov_2_45145_ID_4813260.1
genomes/GCF_054955335.1.fna	genomes/MF7.fna	91.65	63.48	51.33	NZ_CM143258.1 Burkholderia contaminans strain BTS-5 chromosome, whole genome shotgun sequence	BMF7_NODE_26_len_1074_cov_2_45145_ID_4813260.1
genomes/GCF_037055255.1.fna	genomes/MF7.fna	91.65	56.07	56.05	NZ_CP146376.1 Burkholderia pyrrocinia strain JBC226 chromosome 1, complete sequence	BMF7_NODE_26_len_1074_cov_2_45145_ID_4813260.1
genomes/GCF_001411495.1.fna	genomes/MF7.fna	91.60	56.66	56.12	NZ_CP012981.1 Burkholderia cepacia ATCC 25416 strain UCB 717 chromosome 1	BMF7_NODE_26_len_1074_cov_2_45145_ID_4813260.1
genomes/GCF_002209085.2.fna	genomes/MF7.fna	91.60	56.79	56.01	NZ_CP022083.2 Burkholderia cepacia strain FDAARGOS_345 chromosome 1, complete sequence	BMF7_NODE_26_len_1074_cov_2_45145_ID_4813260.1
genomes/GCF_002407525.2.fna	genomes/MF7.fna	91.60	56.79	56.01	NZ_CP023518.1 Burkholderia cepacia strain FDAARGOS_388 chromosome 1, complete sequence	BMF7_NODE_26_len_1074_cov_2_45145_ID_4813260.1
genomes/GCF_049487195.1.fna	genomes/MF7.fna	91.60	58.45	54.90	NZ_CP137808.1 Burkholderia sp. NLJ2 chromosome 1, complete sequence	BMF7_NODE_26_len_1074_cov_2_45145_ID_4813260.1
genomes/GCF_003546465.1.fna	genomes/MF7.fna	91.60	56.77	55.97	NZ_CP007746.1 Burkholderia cepacia ATCC 25416 chromosome 1, complete sequence	BMF7_NODE_26_len_1074_cov_2_45145_ID_4813260.1
genomes/GCF_023053515.1.fna	genomes/MF7.fna	91.60	55.48	55.85	NZ_CP095496.1 Burkholderia cepacia strain BRDJ chromosome 1, complete sequence	BMF7_NODE_26_len_1074_cov_2_45145_ID_4813260.1
genomes/GCF_021344035.2.fna	genomes/MF7.fna	91.60	53.78	55.52	NZ_CP158564.1 Burkholderia cepacia strain JK11 chromosome 1, complete sequence	BMF7_NODE_26_len_1074_cov_2_45145_ID_4813260.1
genomes/GCF_056783395.1.fna	genomes/MF7.fna	91.60	57.98	55.70	NZ_CM165588.1 Burkholderia pyrrocinia strain R74 chromosome 1, whole genome shotgun sequence	BMF7_NODE_26_len_1074_cov_2_45145_ID_4813260.1
genomes/GCF_018417535.1.fna	genomes/MF7.fna	91.60	55.85	54.89	NZ_CP070977.1 Burkholderia pyrrocinia strain Hargis chromosome 1, complete sequence	BMF7_NODE_26_len_1074_cov_2_45145_ID_4813260.1
genomes/GCF_016899445.1.fna	genomes/MF7.fna	91.60	60.53	56.12	NZ_CP041777.1 Burkholderia sp. MS455 chromosome 1, complete sequence	BMF7_NODE_26_len_1074_cov_2_45145_ID_4813260.1
genomes/GCF_041070875.1.fna	genomes/MF7.fna	91.60	59.59	55.58	NZ_CP163499.1 Burkholderia cepacia strain JK6 chromosome 1, complete sequence	BMF7_NODE_26_len_1074_cov_2_45145_ID_4813260.1
genomes/GCF_045925845.1.fna	genomes/MF7.fna	91.60	60.32	58.02	NZ_CP174521.1 Burkholderia pyrrocinia strain DLL-114 chromosome 1, complete sequence	BMF7_NODE_26_len_1074_cov_2_45145_ID_4813260.1
genomes/GCF_029962485.1.fna	genomes/MF7.fna	91.60	61.70	54.71	NZ_CP073637.1 Burkholderia cepacia strain ZJ1 chromosome 1, complete sequence	BMF7_NODE_26_len_1074_cov_2_45145_ID_4813260.1
genomes/GCF_023374475.1.fna	genomes/MF7.fna	91.54	56.27	55.04	NZ_CP090698.1 Burkholderia cepacia strain 2017Y70952565VI chromosome 1, complete sequence	BMF7_NODE_26_len_1074_cov_2_45145_ID_4813260.1
genomes/GCF_023374675.1.fna	genomes/MF7.fna	91.54	56.14	55.01	NZ_CP090730.1 Burkholderia cepacia strain 2011Ycf793I chromosome 1, complete sequence	BMF7_NODE_26_len_1074_cov_2_45145_ID_4813260.1
genomes/GCF_001718395.1.fna	genomes/MF7.fna	91.54	59.93	50.61	NZ_CP013375.1 Burkholderia cepacia strain INT3-BP177 chromosome 1, complete sequence	BMF7_NODE_26_len_1074_cov_2_45145_ID_4813260.1
genomes/GCF_023374715.1.fna	genomes/MF7.fna	91.54	56.27	55.06	NZ_CP090737.1 Burkholderia cepacia strain 2011Ycf427V chromosome 1, complete sequence	BMF7_NODE_26_len_1074_cov_2_45145_ID_4813260.1
genomes/GCF_050613135.1.fna	genomes/MF7.fna	91.54	58.80	55.73	NZ_CP192533.1 Burkholderia cepacia strain R7-5 chromosome 1, complete sequence	BMF7_NODE_26_len_1074_cov_2_45145_ID_4813260.1
genomes/GCF_001718575.1.fna	genomes/MF7.fna	91.54	58.96	56.70	NZ_CP013404.1 Burkholderia lata strain FL-7-5-30-S1-D0 chromosome 1, complete sequence	BMF7_NODE_26_len_1074_cov_2_45145_ID_4813260.1
genomes/GCF_050632325.1.fna	genomes/MF7.fna	91.54	56.95	54.92	NZ_CP192560.1 Burkholderia cepacia strain P7 chromosome 1, complete sequence	BMF7_NODE_26_len_1074_cov_2_45145_ID_4813260.1
genomes/GCF_050632355.1.fna	genomes/MF7.fna	91.54	56.63	55.69	NZ_CP192549.1 Burkholderia cepacia strain P3 chromosome 1, complete sequence	BMF7_NODE_26_len_1074_cov_2_45145_ID_4813260.1
genomes/GCF_009586235.1.fna	genomes/MF7.fna	91.54	57.55	55.42	NZ_CP045235.1 Burkholderia cepacia strain BC16 chromosome 1, complete sequence	BMF7_NODE_26_len_1074_cov_2_45145_ID_4813260.1
genomes/GCF_053348855.1.fna	genomes/MF7.fna	91.54	61.25	54.76	NZ_CM130027.1 Burkholderia metallica strain NN518 chromosome 1, whole genome shotgun sequence	BMF7_NODE_26_len_1074_cov_2_45145_ID_4813260.1
genomes/GCF_057005415.2.fna	genomes/MF7.fna	91.54	55.38	55.77	NZ_CM174446.1 Burkholderia sp. KL41 chromosome 1, whole genome shotgun sequence	BMF7_NODE_26_len_1074_cov_2_45145_ID_4813260.1
genomes/GCF_964265015.1.fna	genomes/MF7.fna	91.54	50.51	52.36	NZ_OZ183805.1 Burkholderia sp. LMG 32019 strain R-36351 isolate R-36351 chromosome 1	BMF7_NODE_26_len_1074_cov_2_45145_ID_4813260.1
genomes/GCF_014854795.1.fna	genomes/MF7.fna	91.54	57.46	55.57	NZ_CP032009.1 Burkholderia cepacia strain 39628 chromosome 1, complete sequence	BMF7_NODE_26_len_1074_cov_2_45145_ID_4813260.1
genomes/GCF_046773525.1.fna	genomes/MF7.fna	91.54	57.57	54.63	NZ_CP177244.1 Burkholderia cepacia strain zafu-111 chromosome 1, complete sequence	BMF7_NODE_26_len_1074_cov_2_45145_ID_4813260.1
genomes/GCF_047127275.1.fna	genomes/MF7.fna	91.54	56.62	57.29	NZ_CP098396.1 Burkholderia lata strain JAB02 chromosome 1, complete sequence	BMF7_NODE_26_len_1074_cov_2_45145_ID_4813260.1
genomes/GCF_029633645.1.fna	genomes/MF7.fna	91.54	60.54	57.24	NZ_CP090632.1 Burkholderia contaminans strain FFH2055 chromosome 1, complete sequence	BMF7_NODE_26_len_1074_cov_2_45145_ID_4813260.1
genomes/GCF_048565265.1.fna	genomes/MF7.fna	91.54	56.10	55.11	NZ_CP183461.1 Burkholderia theae strain XITOU chromosome 1, complete sequence	BMF7_NODE_26_len_1074_cov_2_45145_ID_4813260.1
genomes/GCF_025560745.1.fna	genomes/MF7.fna	91.54	57.63	54.75	NZ_CP090482.1 Burkholderia sp. S-53 chromosome 1, complete sequence	BMF7_NODE_26_len_1074_cov_2_45145_ID_4813260.1
genomes/GCF_033675345.1.fna	genomes/MF7.fna	91.54	55.85	55.19	NZ_QXCV01000001.1 Burkholderia cepacia strain LNT40 chromosome 1, whole genome shotgun sequence	BMF7_NODE_26_len_1074_cov_2_45145_ID_4813260.1
genomes/GCF_047902435.1.fna	genomes/MF7.fna	91.54	55.23	55.63	NZ_CP138378.1 Burkholderia cepacia strain L303 chromosome, complete genome	BMF7_NODE_26_len_1074_cov_2_45145_ID_4813260.1
genomes/GCF_024661975.1.fna	genomes/MF7.fna	91.54	56.22	54.88	NZ_CP102482.1 Burkholderia contaminans strain DM32 chromosome 1, complete sequence	BMF7_NODE_26_len_1074_cov_2_45145_ID_4813260.1
genomes/GCF_024600575.1.fna	genomes/MF7.fna	91.54	57.65	55.90	NZ_CP102329.1 Burkholderia cepacia strain N3009-2YT chromosome 1, complete sequence	BMF7_NODE_26_len_1074_cov_2_45145_ID_4813260.1
genomes/GCF_028462305.2.fna	genomes/MF7.fna	91.54	57.49	55.58	NZ_CP159409.1 Burkholderia cepacia strain SCCH90 Bcn202840 chromosome 1, complete sequence	BMF7_NODE_26_len_1074_cov_2_45145_ID_4813260.1
genomes/GCA_024298805.1.fna	genomes/MF7.fna	91.50	55.89	56.77	CP101279.1 Burkholderia sp. FXe9 chromosome 1, complete sequence	BMF7_NODE_26_len_1074_cov_2_45145_ID_4813260.1
genomes/GCF_009755625.1.fna	genomes/MF7.fna	91.50	56.60	56.39	NZ_CP046607.1 Burkholderia contaminans strain XL73 chromosome 1, complete sequence	BMF7_NODE_26_len_1074_cov_2_45145_ID_4813260.1
genomes/GCF_022533485.1.fna	genomes/MF7.fna	91.50	57.01	56.54	NZ_CP092851.1 Burkholderia contaminans strain B17-01563-1 chromosome 1, complete sequence	BMF7_NODE_26_len_1074_cov_2_45145_ID_4813260.1
genomes/GCF_003704285.1.fna	genomes/MF7.fna	91.50	60.85	57.22	NZ_CP013390.1 Burkholderia contaminans strain FL-1-2-30-S1-D0 chromosome 1, complete sequence	BMF7_NODE_26_len_1074_cov_2_45145_ID_4813260.1
genomes/GCF_019915365.1.fna	genomes/MF7.fna	91.50	56.54	54.42	NZ_CP082807.1 Burkholderia contaminans strain SCAID TST1-2021 (11/270) chromosome 1, complete sequence	BMF7_NODE_26_len_1074_cov_2_45145_ID_4813260.1
genomes/GCF_018223785.1.fna	genomes/MF7.fna	91.50	52.83	56.43	NZ_CP073664.1 Burkholderia contaminans strain toggle1 chromosome 1, complete sequence	BMF7_NODE_26_len_1074_cov_2_45145_ID_4813260.1
genomes/GCF_001718555.1.fna	genomes/MF7.fna	91.50	62.90	53.75	NZ_CP013401.1 Burkholderia metallica strain FL-6-5-30-S1-D7 chromosome 1, complete sequence	BMF7_NODE_26_len_1074_cov_2_45145_ID_4813260.1
genomes/GCF_009191525.1.fna	genomes/MF7.fna	91.50	57.12	56.51	NZ_CP028807.1 Burkholderia contaminans strain SK875 chromosome SK875-1, complete sequence	BMF7_NODE_26_len_1074_cov_2_45145_ID_4813260.1
genomes/GCF_054558305.1.fna	genomes/MF7.fna	91.50	58.50	56.54	NZ_AP045830.1 Burkholderia contaminans strain T-34 isolate T-34 chromosome 1, complete sequence	BMF7_NODE_26_len_1074_cov_2_45145_ID_4813260.1
genomes/GCF_007724625.1.fna	genomes/MF7.fna	91.50	54.59	56.56	NZ_CP042164.1 Burkholderia contaminans strain ZCC chromosome 1, complete sequence	BMF7_NODE_26_len_1074_cov_2_45145_ID_4813260.1
genomes/GCF_029590335.1.fna	genomes/MF7.fna	91.50	55.91	56.57	NZ_CP120947.1 Burkholderia contaminans strain 5080 chromosome 1, complete sequence	BMF7_NODE_26_len_1074_cov_2_45145_ID_4813260.1
genomes/GCF_044057485.1.fna	genomes/MF7.fna	91.50	56.38	56.47	NZ_CP172005.1 Burkholderia contaminans strain PCR-C_Y9 chromosome 1, complete sequence	BMF7_NODE_26_len_1074_cov_2_45145_ID_4813260.1
genomes/GCF_040215475.1.fna	genomes/MF7.fna	91.50	58.25	56.42	NZ_CP157952.1 Burkholderia contaminans strain UnB1430 chromosome 1, complete sequence	BMF7_NODE_26_len_1074_cov_2_45145_ID_4813260.1
genomes/GCF_029633825.1.fna	genomes/MF7.fna	91.50	51.99	56.47	NZ_CP090640.1 Burkholderia contaminans strain LMG 23361 chromosome 1, complete sequence	BMF7_NODE_26_len_1074_cov_2_45145_ID_4813260.1
genomes/GCF_025643535.1.fna	genomes/MF7.fna	91.50	56.50	56.35	NZ_CP102467.1 Burkholderia contaminans strain NML151067 chromosome 1, complete sequence	BMF7_NODE_26_len_1074_cov_2_45145_ID_4813260.1
genomes/GCF_025643515.1.fna	genomes/MF7.fna	91.50	56.51	56.37	NZ_CP102462.1 Burkholderia contaminans strain NML151013 chromosome 1, complete sequence	BMF7_NODE_26_len_1074_cov_2_45145_ID_4813260.1
genomes/GCF_001029145.1.fna	genomes/MF7.fna	91.45	58.22	57.02	NZ_CP009743.1 Burkholderia contaminans strain MS14 chromosome 1, complete sequence	BMF7_NODE_26_len_1074_cov_2_45145_ID_4813260.1
genomes/GCF_002924455.1.fna	genomes/MF7.fna	91.45	55.66	55.28	NZ_CM009575.1 Burkholderia contaminans strain 170816 chromosome 1, whole genome shotgun sequence	BMF7_NODE_26_len_1074_cov_2_45145_ID_4813260.1
genomes/GCF_050632305.1.fna	genomes/MF7.fna	91.45	59.28	55.49	NZ_CP192556.1 Burkholderia contaminans strain P1 chromosome 1, complete sequence	BMF7_NODE_26_len_1074_cov_2_45145_ID_4813260.1
genomes/GCF_050632315.1.fna	genomes/MF7.fna	91.45	59.32	55.52	NZ_CP192545.1 Burkholderia contaminans strain P5 chromosome 1, complete sequence	BMF7_NODE_26_len_1074_cov_2_45145_ID_4813260.1
genomes/GCF_050632335.1.fna	genomes/MF7.fna	91.45	59.25	55.46	NZ_CP192552.1 Burkholderia contaminans strain P2 chromosome 1, complete sequence	BMF7_NODE_26_len_1074_cov_2_45145_ID_4813260.1
genomes/GCF_050632345.1.fna	genomes/MF7.fna	91.45	59.30	55.50	NZ_CP192563.1 Burkholderia contaminans strain P6 chromosome 1, complete sequence	BMF7_NODE_26_len_1074_cov_2_45145_ID_4813260.1
genomes/GCF_029633805.1.fna	genomes/MF7.fna	91.45	55.14	56.25	NZ_CP090635.1 Burkholderia contaminans strain FFI45 chromosome 1, complete sequence	BMF7_NODE_26_len_1074_cov_2_45145_ID_4813260.1
genomes/GCF_033675325.1.fna	genomes/MF7.fna	91.45	55.33	55.42	NZ_QXCU01000002.1 Burkholderia cepacia strain 10223 chromosome 1, whole genome shotgun sequence	BMF7_NODE_26_len_1074_cov_2_45145_ID_4813260.1
genomes/GCF_003330765.1.fna	genomes/MF7.fna	91.31	58.53	53.92	NZ_CP024902.1 Burkholderia pyrrocinia strain mHSR5 chromosome mHSR5_A, complete sequence	BMF7_NODE_26_len_1074_cov_2_45145_ID_4813260.1
genomes/GCF_051355645.1.fna	genomes/MF7.fna	91.31	53.65	53.62	NZ_CP195707.1 Burkholderia lata strain DSM 23089 chromosome 1, complete sequence	BMF7_NODE_26_len_1074_cov_2_45145_ID_4813260.1
genomes/GCF_048914405.1.fna	genomes/MF7.fna	91.31	56.43	53.63	NZ_CP184864.1 Burkholderia contaminans strain 95281 chromosome 1	BMF7_NODE_26_len_1074_cov_2_45145_ID_4813260.1
genomes/GCF_900240005.1.fna	genomes/MF7.fna	91.22	53.77	52.64	NZ_LR025742.1 Burkholderia stabilis isolate E chromosome I	BMF7_NODE_26_len_1074_cov_2_45145_ID_4813260.1
genomes/GCF_964265025.1.fna	genomes/MF7.fna	91.18	54.41	53.49	NZ_OZ183802.1 Burkholderia sp. LMG 21824 strain R-15933 isolate R-15933 chromosome 1	BMF7_NODE_26_len_1074_cov_2_45145_ID_4813260.1
genomes/GCF_964265005.1.fna	genomes/MF7.fna	91.18	54.46	52.62	NZ_OZ183799.1 Burkholderia sp. LMG 32019 chromosome 1	BMF7_NODE_26_len_1074_cov_2_45145_ID_4813260.1
genomes/GCF_003711145.1.fna	genomes/MF7.fna	91.08	51.31	51.89	NZ_CP024943.1 Burkholderia lata strain A05 chromosome 1, complete sequence	BMF7_NODE_26_len_1074_cov_2_45145_ID_4813260.1
genomes/GCF_964264995.1.fna	genomes/MF7.fna	91.08	54.42	52.58	NZ_OZ183796.1 Burkholderia sp. LMG 32019 strain R-18634 isolate R-18634 chromosome 1	BMF7_NODE_26_len_1074_cov_2_45145_ID_4813260.1
genomes/GCF_048627025.1.fna	genomes/MF7.fna	91.08	50.47	51.76	NZ_CP184468.1 Burkholderia aenigmatica strain ST2120 chromosome 1, complete sequence	BMF7_NODE_26_len_1074_cov_2_45145_ID_4813260.1
genomes/GCF_001742165.1.fna	genomes/MF7.fna	91.03	53.82	52.82	NZ_CP016442.1 Burkholderia stabilis strain ATCC BAA-67 chromosome 1, complete sequence	BMF7_NODE_26_len_1074_cov_2_45145_ID_4813260.1
genomes/GCF_964264985.1.fna	genomes/MF7.fna	90.99	57.89	51.97	NZ_OZ183792.1 Burkholderia sp. LMG 21824 chromosome 1	BMF7_NODE_26_len_1074_cov_2_45145_ID_4813260.1
genomes/GCF_016458785.1.fna	genomes/MF7.fna	90.99	64.25	46.60	NZ_CP066762.1 Burkholderia ambifaria strain BJQ0010 chromosome 1, complete sequence	BMF7_NODE_26_len_1074_cov_2_45145_ID_4813260.1
genomes/GCF_026683795.2.fna	genomes/MF7.fna	90.99	65.06	46.32	NZ_CP113269.2 Burkholderia ambifaria strain CEP0996 pc3-null chromosome 1, complete sequence	BMF7_NODE_26_len_1074_cov_2_45145_ID_4813260.1
genomes/GCF_000292915.1.fna	genomes/MF7.fna	90.79	59.00	43.91	NC_018513.1 Burkholderia cepacia GG4 chromosome 1, complete sequence	BMF7_NODE_26_len_1074_cov_2_45145_ID_4813260.1
genomes/GCF_001524645.2.fna	genomes/MF7.fna	90.79	58.31	48.65	NZ_CP013427.1 Burkholderia sp. MSMB0856 chromosome 1, complete sequence	BMF7_NODE_26_len_1074_cov_2_45145_ID_4813260.1
genomes/GCF_049913365.1.fna	genomes/MF7.fna	90.79	59.18	50.86	NZ_CP184381.1 Burkholderia ambifaria strain R-30 chromosome 1, complete sequence	BMF7_NODE_26_len_1074_cov_2_45145_ID_4813260.1
genomes/GCF_026683875.2.fna	genomes/MF7.fna	90.79	60.28	51.92	NZ_CP113275.2 Burkholderia ambifaria strain HSJ1v chromosome 1, complete sequence	BMF7_NODE_26_len_1074_cov_2_45145_ID_4813260.1
genomes/GCF_026683855.2.fna	genomes/MF7.fna	90.79	60.28	51.92	NZ_CP113278.2 Burkholderia ambifaria strain HSJ1 chromosome 1, complete sequence	BMF7_NODE_26_len_1074_cov_2_45145_ID_4813260.1
genomes/GCF_049942845.1.fna	genomes/MF7.fna	90.77	59.17	50.97	NZ_CP187967.1 Burkholderia sp. R-40 chromosome 1, complete sequence	BMF7_NODE_26_len_1074_cov_2_45145_ID_4813260.1
genomes/GCF_000959545.1.fna	genomes/MF7.fna	90.77	60.05	52.03	NZ_CP009798.1 Burkholderia ambifaria AMMD chromosome 1, complete sequence	BMF7_NODE_26_len_1074_cov_2_45145_ID_4813260.1
genomes/GCF_020843905.1.fna	genomes/MF7.fna	90.72	59.30	50.65	NZ_CP086291.1 Burkholderia ambifaria strain B21-008 chromosome 1, complete sequence	BMF7_NODE_26_len_1074_cov_2_45145_ID_4813260.1
genomes/GCF_026314965.1.fna	genomes/MF7.fna	90.72	59.92	51.62	NZ_CP111124.1 Burkholderia ambifaria strain AU0212 Variant chromosome 1	BMF7_NODE_26_len_1074_cov_2_45145_ID_4813260.1
genomes/GCF_026314985.1.fna	genomes/MF7.fna	90.72	59.95	51.64	NZ_CP111127.1 Burkholderia ambifaria strain AU0212 chromosome 1	BMF7_NODE_26_len_1074_cov_2_45145_ID_4813260.1
genomes/GCF_026683835.2.fna	genomes/MF7.fna	90.67	60.02	51.03	NZ_CP113272.2 Burkholderia ambifaria strain CEP0996 chromosome 1, complete sequence	BMF7_NODE_26_len_1074_cov_2_45145_ID_4813260.1
genomes/GCF_001718835.1.fna	genomes/MF7.fna	90.58	46.87	43.17	NZ_CP013443.1 Burkholderia cepacia strain MSMB1184WGS chromosome 1, complete sequence	BMF7_NODE_26_len_1074_cov_2_45145_ID_4813260.1
genomes/GCF_026958255.1.fna	genomes/MF7.fna	90.58	59.52	50.72	NZ_CP092843.1 Burkholderia ambifaria strain Q53 chromosome 1, complete sequence	BMF7_NODE_26_len_1074_cov_2_45145_ID_4813260.1
genomes/GCF_020843985.1.fna	genomes/MF7.fna	90.56	59.48	51.30	NZ_CP086304.1 Burkholderia ambifaria strain B21-004 chromosome 1, complete sequence	BMF7_NODE_26_len_1074_cov_2_45145_ID_4813260.1
genomes/GCF_005937855.2.fna	genomes/MF7.fna	90.52	58.90	50.04	NZ_CP042177.1 Burkholderia sp. KBS0801 chromosome 1, complete sequence	BMF7_NODE_26_len_1074_cov_2_45145_ID_4813260.1
genomes/GCF_016458805.1.fna	genomes/MF7.fna	90.52	59.47	44.19	NZ_CP066769.1 Burkholderia anthina strain BJQ0011 chromosome 1, complete sequence	BMF7_NODE_26_len_1074_cov_2_45145_ID_4813260.1
genomes/GCF_001523915.2.fna	genomes/MF7.fna	90.48	56.84	46.64	NZ_CP013384.1 Burkholderia sp. LA-2-3-30-S1-D2 chromosome 1, complete sequence	BMF7_NODE_26_len_1074_cov_2_45145_ID_4813260.1
genomes/GCF_001636095.1.fna	genomes/MF7.fna	90.48	57.18	45.30	NZ_CM004191.1 Burkholderia territorii strain MSMB2203WGS chromosome 1, whole genome shotgun sequence	BMF7_NODE_26_len_1074_cov_2_45145_ID_4813260.1
genomes/GCF_038782865.1.fna	genomes/MF7.fna	90.48	59.12	51.53	NZ_CP152370.1 Burkholderia ambifaria strain CF3 chromosome 1, complete sequence	BMF7_NODE_26_len_1074_cov_2_45145_ID_4813260.1
genomes/GCF_020843965.1.fna	genomes/MF7.fna	90.36	57.27	50.89	NZ_CP086301.1 Burkholderia sp. B21-005 chromosome 1, complete sequence	BMF7_NODE_26_len_1074_cov_2_45145_ID_4813260.1
genomes/GCF_017815595.1.fna	genomes/MF7.fna	90.33	62.35	40.83	NZ_CP072601.1 Burkholderia latens strain AU0505 chromosome 1, complete sequence	BMF7_NODE_26_len_1074_cov_2_45145_ID_4813260.1
genomes/GCF_020843945.1.fna	genomes/MF7.fna	90.33	56.72	50.89	NZ_CP086294.1 Burkholderia sp. B21-007 chromosome 1, complete sequence	BMF7_NODE_26_len_1074_cov_2_45145_ID_4813260.1
genomes/GCF_054166185.1.fna	genomes/MF7.fna	90.33	56.08	52.13	NZ_CM135122.1 Burkholderia ambifaria strain SI05 chromosome, whole genome shotgun sequence	BMF7_NODE_26_len_1074_cov_2_45145_ID_4813260.1
genomes/GCF_043193125.1.fna	genomes/MF7.fna	90.33	58.82	51.61	NZ_CP142981.1 Burkholderia ambifaria strain BCC0191 chromosome 1, complete sequence	BMF7_NODE_26_len_1074_cov_2_45145_ID_4813260.1
genomes/GCF_001718335.1.fna	genomes/MF7.fna	90.23	58.20	46.23	NZ_CP013366.1 Burkholderia territorii strain RF8-non-BP5 chromosome 1, complete sequence	BMF7_NODE_26_len_1074_cov_2_45145_ID_4813260.1
genomes/GCF_020843925.1.fna	genomes/MF7.fna	90.23	58.93	51.58	NZ_CP086297.1 Burkholderia ambifaria strain B21-006 chromosome 1, complete sequence	BMF7_NODE_26_len_1074_cov_2_45145_ID_4813260.1
genomes/GCF_017514945.1.fna	genomes/MF7.fna	90.16	50.12	48.79	NZ_CP071825.1 Burkholderia anthina strain 1CH1 chromosome 1, complete sequence	BMF7_NODE_26_len_1074_cov_2_45145_ID_4813260.1
genomes/GCF_003366075.1.fna	genomes/MF7.fna	90.16	51.59	47.53	NZ_CP028962.1 Burkholderia sp. IDO3 chromosome 1, complete sequence	BMF7_NODE_26_len_1074_cov_2_45145_ID_4813260.1
genomes/GCF_044501195.1.fna	genomes/MF7.fna	90.08	48.09	47.70	NZ_CP162532.1 Burkholderia anthina strain LMG 22950 chromosome 1, complete sequence	BMF7_NODE_26_len_1074_cov_2_45145_ID_4813260.1
genomes/GCF_020809565.1.fna	genomes/MF7.fna	90.02	54.23	40.05	NZ_JAJFOB010000001.1 Burkholderia dolosa strain FDAARGOS_1589 chromosome 1 map unlocalized ctg.s1.000001F_arrow_pilon, whole genome shotgun sequence	BMF7_NODE_26_len_1074_cov_2_45145_ID_4813260.1
genomes/GCF_001718795.1.fna	genomes/MF7.fna	90.02	58.19	44.30	NZ_CP013435.1 Burkholderia latens strain AU17928 isolate AU17928 chromosome 1, complete sequence	BMF7_NODE_26_len_1074_cov_2_45145_ID_4813260.1
genomes/GCF_001718315.1.fna	genomes/MF7.fna	90.02	58.39	46.08	NZ_CP013362.1 Burkholderia diffusa strain RF2-non-BP9 chromosome 1, complete sequence	BMF7_NODE_26_len_1074_cov_2_45145_ID_4813260.1
genomes/GCF_017815615.1.fna	genomes/MF7.fna	90.02	58.74	44.38	NZ_CP072604.1 Burkholderia latens strain AU2934 chromosome 1, complete sequence	BMF7_NODE_26_len_1074_cov_2_45145_ID_4813260.1
genomes/GCF_000974835.2.fna	genomes/MF7.fna	89.99	54.21	40.05	NZ_CP011301.1 Burkholderia cepacia strain LO6 chromosome, complete genome	BMF7_NODE_26_len_1074_cov_2_45145_ID_4813260.1
genomes/GCF_000764955.1.fna	genomes/MF7.fna	89.89	58.43	44.46	NZ_CP007781.1 Burkholderia cenocepacia strain DWS 37E-2 chromosome 1, complete sequence	BMF7_NODE_26_len_1074_cov_2_45145_ID_4813260.1
genomes/GCF_003813045.1.fna	genomes/MF7.fna	89.88	54.86	40.46	NZ_CP033838.1 Burkholderia dolosa strain FDAARGOS_562 chromosome 1, complete sequence	BMF7_NODE_26_len_1074_cov_2_45145_ID_4813260.1
genomes/GCF_030848725.1.fna	genomes/MF7.fna	89.84	54.43	40.76	NZ_CP132922.1 Burkholderia dolosa strain N149 chromosome 1, complete sequence	BMF7_NODE_26_len_1074_cov_2_45145_ID_4813260.1
genomes/GCF_000497165.1.fna	genomes/MF7.fna	89.81	54.10	39.21	NZ_CM002277.1 Burkholderia dolosa PC543 chromosome 1, whole genome shotgun sequence	BMF7_NODE_26_len_1074_cov_2_45145_ID_4813260.1
genomes/GCF_000959505.1.fna	genomes/MF7.fna	89.75	54.29	40.05	NZ_CP009795.1 Burkholderia dolosa AU0158 chromosome 1, complete sequence	BMF7_NODE_26_len_1074_cov_2_45145_ID_4813260.1
genomes/GCF_000959445.1.fna	genomes/MF7.fna	89.69	49.25	39.28	NZ_CP009631.1 Burkholderia vietnamiensis LMG 10929 chromosome I, complete sequence	BMF7_NODE_26_len_1074_cov_2_45145_ID_4813260.1
genomes/GCF_053153985.1.fna	genomes/MF7.fna	89.67	47.27	38.56	NZ_CP195304.1 Burkholderia vietnamiensis strain HNBV001 chromosome BV001C1, complete sequence	BMF7_NODE_26_len_1074_cov_2_45145_ID_4813260.1
genomes/GCF_003019945.1.fna	genomes/MF7.fna	89.65	49.45	39.44	NZ_CP020394.1 Burkholderia vietnamiensis strain FDAARGOS_239 chromosome 1, complete sequence	BMF7_NODE_26_len_1074_cov_2_45145_ID_4813260.1
genomes/GCF_000262695.1.fna	genomes/MF7.fna	89.62	50.78	38.75	NC_017920.1 Burkholderia sp. KJ006 chromosome 1, complete sequence	BMF7_NODE_26_len_1074_cov_2_45145_ID_4813260.1
genomes/GCF_013822785.1.fna	genomes/MF7.fna	89.59	47.51	38.86	NZ_CP053609.1 Burkholderia sp. MBR-1 chromosome 1, complete sequence	BMF7_NODE_26_len_1074_cov_2_45145_ID_4813260.1
genomes/GCF_001718915.1.fna	genomes/MF7.fna	89.58	48.86	38.76	NZ_CP013453.1 Burkholderia vietnamiensis strain MSMB608WGS chromosome 1, complete sequence	BMF7_NODE_26_len_1074_cov_2_45145_ID_4813260.1
genomes/GCF_030078435.1.fna	genomes/MF7.fna	89.57	50.31	39.02	NZ_CP120730.1 Burkholderia vietnamiensis strain LMG16232 chromosome 1, complete sequence	BMF7_NODE_26_len_1074_cov_2_45145_ID_4813260.1
genomes/GCF_022213445.1.fna	genomes/MF7.fna	89.51	47.92	38.71	NZ_CP091983.1 Burkholderia vietnamiensis strain FDAARGOS_721 chromosome 1, complete sequence	BMF7_NODE_26_len_1074_cov_2_45145_ID_4813260.1
genomes/GCA_050916205.1.fna	genomes/MF7.fna	89.49	49.45	38.47	CP100438.1 Burkholderia vietnamiensis strain Vit1 plasmid unnamed, complete sequence	BMF7_NODE_26_len_1074_cov_2_45145_ID_4813260.1
genomes/GCF_017742755.1.fna	genomes/MF7.fna	89.47	47.49	38.51	NZ_CP072318.1 Burkholderia vietnamiensis strain AU2011 chromosome 1	BMF7_NODE_26_len_1074_cov_2_45145_ID_4813260.1
genomes/GCF_001718495.1.fna	genomes/MF7.fna	89.47	49.01	38.45	NZ_CP013393.1 Burkholderia vietnamiensis strain FL-2-3-30-S1-D0 chromosome 1, complete sequence	BMF7_NODE_26_len_1074_cov_2_45145_ID_4813260.1
genomes/GCF_001718775.1.fna	genomes/MF7.fna	89.46	48.60	38.23	NZ_CP013433.1 Burkholderia vietnamiensis strain AU1233 chromosome 1, complete sequence	BMF7_NODE_26_len_1074_cov_2_45145_ID_4813260.1
genomes/GCF_000755725.1.fna	genomes/MF7.fna	89.46	46.46	43.02	NZ_CP007783.1 Burkholderia cenocepacia strain DDS 22E-1 chromosome 1, complete sequence	BMF7_NODE_26_len_1074_cov_2_45145_ID_4813260.1
genomes/GCF_023373725.1.fna	genomes/MF7.fna	89.44	51.03	38.80	NZ_CP090786.1 Burkholderia vietnamiensis strain 2003Ycf867 chromosome 1, complete sequence	BMF7_NODE_26_len_1074_cov_2_45145_ID_4813260.1
genomes/GCF_023896095.1.fna	genomes/MF7.fna	89.42	50.43	38.36	NZ_JAKEZW010000001.1 Burkholderia vietnamiensis strain 2017Y70983955 chromosome 1, whole genome shotgun sequence	BMF7_NODE_26_len_1074_cov_2_45145_ID_4813260.1
genomes/GCF_001718815.1.fna	genomes/MF7.fna	89.37	50.33	39.18	NZ_CP013439.1 Burkholderia vietnamiensis strain HI2297 chromosome 1, complete sequence	BMF7_NODE_26_len_1074_cov_2_45145_ID_4813260.1
genomes/GCF_001718415.1.fna	genomes/MF7.fna	89.35	48.02	43.98	NZ_CP013378.1 Burkholderia pseudomultivorans strain SUB-INT23-BP2 chromosome 1, complete sequence	BMF7_NODE_26_len_1074_cov_2_45145_ID_4813260.1
genomes/GCF_023896135.1.fna	genomes/MF7.fna	89.31	50.21	38.33	NZ_JAKFAE010000001.1 Burkholderia vietnamiensis strain 2011Ycf928II chromosome 1, whole genome shotgun sequence	BMF7_NODE_26_len_1074_cov_2_45145_ID_4813260.1
genomes/GCF_030064565.1.fna	genomes/MF7.fna	89.14	47.50	37.07	NZ_CP090669.1 Burkholderia multivorans strain 2020Y71669323 chromosome 1, complete sequence	BMF7_NODE_26_len_1074_cov_2_45145_ID_4813260.1
genomes/GCF_023924305.1.fna	genomes/MF7.fna	89.13	47.45	36.87	NZ_JAKEZQ010000002.1 Burkholderia multivorans strain 2019Y71432787IV chromosome 1, whole genome shotgun sequence	BMF7_NODE_26_len_1074_cov_2_45145_ID_4813260.1
genomes/GCF_023896075.1.fna	genomes/MF7.fna	89.13	50.80	34.07	NZ_JAKEZY010000001.1 Burkholderia multivorans strain 2016Y70864359II chromosome 1, whole genome shotgun sequence	BMF7_NODE_26_len_1074_cov_2_45145_ID_4813260.1
genomes/GCF_017301905.1.fna	genomes/MF7.fna	89.07	47.66	36.89	NZ_JAAEEC010000001.1 Burkholderia multivorans strain P3Bm2015 chromosome 1 map unlocalized, whole genome shotgun sequence	BMF7_NODE_26_len_1074_cov_2_45145_ID_4813260.1
genomes/GCF_017165515.1.fna	genomes/MF7.fna	89.07	49.46	36.98	NZ_CP048454.1 Burkholderia multivorans strain P1Bm2011b chromosome 1, complete sequence	BMF7_NODE_26_len_1074_cov_2_45145_ID_4813260.1
genomes/GCF_023374375.1.fna	genomes/MF7.fna	89.07	48.19	37.46	NZ_CP090682.1 Burkholderia multivorans strain 2019Y71417852IX chromosome 1, complete sequence	BMF7_NODE_26_len_1074_cov_2_45145_ID_4813260.1
genomes/GCF_017301895.1.fna	genomes/MF7.fna	89.06	49.52	37.02	NZ_JAAEEF010000001.1 Burkholderia multivorans strain P1Bm2012a chromosome 1 map unlocalized, whole genome shotgun sequence	BMF7_NODE_26_len_1074_cov_2_45145_ID_4813260.1
genomes/GCF_023374655.1.fna	genomes/MF7.fna	89.05	49.96	35.87	NZ_CP090728.1 Burkholderia multivorans strain 2014Y70439247 chromosome 1, complete sequence	BMF7_NODE_26_len_1074_cov_2_45145_ID_4813260.1
genomes/GCF_023374435.1.fna	genomes/MF7.fna	89.05	47.54	36.86	NZ_CP090692.1 Burkholderia multivorans strain 2017Y71079786 chromosome 1, complete sequence	BMF7_NODE_26_len_1074_cov_2_45145_ID_4813260.1
genomes/GCF_009730175.1.fna	genomes/MF7.fna	89.05	49.06	36.81	NZ_CP046341.1 Burkholderia multivorans strain FDAARGOS_726 chromosome 1, complete sequence	BMF7_NODE_26_len_1074_cov_2_45145_ID_4813260.1
genomes/GCF_017301875.1.fna	genomes/MF7.fna	89.05	49.08	36.69	NZ_JAAEEE010000001.1 Burkholderia multivorans strain P1Bm2013 chromosome 1 map unlocalized, whole genome shotgun sequence	BMF7_NODE_26_len_1074_cov_2_45145_ID_4813260.1
genomes/GCF_017165195.1.fna	genomes/MF7.fna	89.03	49.74	37.21	NZ_CP048445.1 Burkholderia multivorans strain P1Bm2015 chromosome 1, complete sequence	BMF7_NODE_26_len_1074_cov_2_45145_ID_4813260.1
genomes/GCF_017165495.1.fna	genomes/MF7.fna	89.02	49.24	36.81	NZ_CP048451.1 Burkholderia multivorans strain P1Bm2012b chromosome 1, complete sequence	BMF7_NODE_26_len_1074_cov_2_45145_ID_4813260.1
genomes/GCF_023374395.1.fna	genomes/MF7.fna	89.02	50.58	36.50	NZ_CP090687.1 Burkholderia multivorans strain 2019Y60005016V chromosome 1, complete sequence	BMF7_NODE_26_len_1074_cov_2_45145_ID_4813260.1
genomes/GCF_023374495.1.fna	genomes/MF7.fna	89.02	48.64	35.14	NZ_CP090701.1 Burkholderia multivorans strain 2016Y70910410I chromosome 1, complete sequence	BMF7_NODE_26_len_1074_cov_2_45145_ID_4813260.1
genomes/GCF_017165175.1.fna	genomes/MF7.fna	89.01	47.71	36.82	NZ_CP048441.1 Burkholderia multivorans strain P2Bm2011a chromosome 1, complete sequence	BMF7_NODE_26_len_1074_cov_2_45145_ID_4813260.1
genomes/GCF_017165475.1.fna	genomes/MF7.fna	89.01	49.45	36.98	NZ_CP048448.1 Burkholderia multivorans strain P1Bm2014 chromosome 1, complete sequence	BMF7_NODE_26_len_1074_cov_2_45145_ID_4813260.1
genomes/GCF_023896055.1.fna	genomes/MF7.fna	89.00	49.21	36.20	NZ_JAKEZV010000001.1 Burkholderia multivorans strain 2017Y71030813 chromosome 1, whole genome shotgun sequence	BMF7_NODE_26_len_1074_cov_2_45145_ID_4813260.1
genomes/GCF_023374755.1.fna	genomes/MF7.fna	88.99	50.19	36.45	NZ_CP090746.1 Burkholderia multivorans strain 2010Ycf576V chromosome 1, complete sequence	BMF7_NODE_26_len_1074_cov_2_45145_ID_4813260.1
genomes/GCF_023373685.1.fna	genomes/MF7.fna	88.99	50.08	36.37	NZ_CP090782.1 Burkholderia multivorans strain 2004Ycf1069VI chromosome 1, complete sequence	BMF7_NODE_26_len_1074_cov_2_45145_ID_4813260.1
genomes/GCF_003019965.1.fna	genomes/MF7.fna	88.98	49.60	36.09	NZ_CP020397.1 Burkholderia multivorans strain FDAARGOS_246 chromosome 1, complete sequence	BMF7_NODE_26_len_1074_cov_2_45145_ID_4813260.1
genomes/GCF_023374355.1.fna	genomes/MF7.fna	88.98	48.93	35.94	NZ_CP090680.1 Burkholderia multivorans strain 2019Y71421880II chromosome 1, complete sequence	BMF7_NODE_26_len_1074_cov_2_45145_ID_4813260.1
genomes/GCF_003812585.1.fna	genomes/MF7.fna	88.97	48.46	37.11	NZ_CP033745.1 Burkholderia multivorans strain FDAARGOS_548 chromosome 1, complete sequence	BMF7_NODE_26_len_1074_cov_2_45145_ID_4813260.1
genomes/GCF_023383415.1.fna	genomes/MF7.fna	88.97	50.58	36.45	NZ_JAKEZZ010000002.1 Burkholderia multivorans strain 2015Y70736253 chromosome 1 map unlocalized 2015Y70736253_contig2, whole genome shotgun sequence	BMF7_NODE_26_len_1074_cov_2_45145_ID_4813260.1
genomes/GCF_023374455.1.fna	genomes/MF7.fna	88.97	50.35	36.24	NZ_CP090695.1 Burkholderia multivorans strain 2017Y71078597II chromosome 1, complete sequence	BMF7_NODE_26_len_1074_cov_2_45145_ID_4813260.1
genomes/GCF_003812365.1.fna	genomes/MF7.fna	88.97	49.43	36.37	NZ_CP033748.1 Burkholderia multivorans strain FDAARGOS_547 chromosome 1, complete sequence	BMF7_NODE_26_len_1074_cov_2_45145_ID_4813260.1
genomes/GCF_023374735.1.fna	genomes/MF7.fna	88.96	49.12	36.15	NZ_CP090740.1 Burkholderia multivorans strain 2010Ycf635 chromosome 1, complete sequence	BMF7_NODE_26_len_1074_cov_2_45145_ID_4813260.1
genomes/GCF_023374895.1.fna	genomes/MF7.fna	88.96	50.71	36.52	NZ_CP090770.1 Burkholderia multivorans strain 2007Ycf875II chromosome 1, complete sequence	BMF7_NODE_26_len_1074_cov_2_45145_ID_4813260.1
genomes/GCF_017165535.1.fna	genomes/MF7.fna	88.96	49.54	37.05	NZ_CP048457.1 Burkholderia multivorans strain P1Bm2011a chromosome 1, complete sequence	BMF7_NODE_26_len_1074_cov_2_45145_ID_4813260.1
genomes/GCF_023374595.1.fna	genomes/MF7.fna	88.96	48.24	37.49	NZ_CP090718.1 Burkholderia multivorans strain 2014Y70532416II chromosome 1, complete sequence	BMF7_NODE_26_len_1074_cov_2_45145_ID_4813260.1
genomes/GCF_023896855.1.fna	genomes/MF7.fna	88.95	50.31	36.31	NZ_JAKEZX010000002.1 Burkholderia multivorans strain 2017Y70937175 chromosome 1, whole genome shotgun sequence	BMF7_NODE_26_len_1074_cov_2_45145_ID_4813260.1
genomes/GCF_023896115.1.fna	genomes/MF7.fna	88.95	49.31	36.49	NZ_JAKFAB010000002.1 Burkholderia multivorans strain 2014Y70425719 chromosome 1, whole genome shotgun sequence	BMF7_NODE_26_len_1074_cov_2_45145_ID_4813260.1
genomes/GCF_000959525.1.fna	genomes/MF7.fna	88.95	49.75	36.20	NZ_CP009832.1 Burkholderia multivorans ATCC BAA-247 chromosome 1, complete sequence	BMF7_NODE_26_len_1074_cov_2_45145_ID_4813260.1
genomes/GCF_017165555.1.fna	genomes/MF7.fna	88.95	48.85	36.93	NZ_CP048460.1 Burkholderia multivorans strain P1Bm2009 chromosome 1, complete sequence	BMF7_NODE_26_len_1074_cov_2_45145_ID_4813260.1
genomes/GCF_023896195.1.fna	genomes/MF7.fna	88.95	48.51	36.12	NZ_JAKFAI010000001.1 Burkholderia multivorans strain 2011Ycf382III chromosome 1, whole genome shotgun sequence	BMF7_NODE_26_len_1074_cov_2_45145_ID_4813260.1
genomes/GCF_023374575.1.fna	genomes/MF7.fna	88.94	47.61	36.27	NZ_CP090714.1 Burkholderia multivorans strain 2015Y70629342III chromosome 1, complete sequence	BMF7_NODE_26_len_1074_cov_2_45145_ID_4813260.1
genomes/GCF_023373665.1.fna	genomes/MF7.fna	88.93	50.58	36.73	NZ_CP090779.1 Burkholderia multivorans strain 2005Ycf971III chromosome 1, complete sequence	BMF7_NODE_26_len_1074_cov_2_45145_ID_4813260.1
genomes/GCF_023924265.1.fna	genomes/MF7.fna	88.93	48.59	35.97	NZ_JAKEZO010000003.1 Burkholderia multivorans strain 2019Y71450928III chromosome 3, whole genome shotgun sequence	BMF7_NODE_26_len_1074_cov_2_45145_ID_4813260.1
genomes/GCF_023374635.1.fna	genomes/MF7.fna	88.92	49.54	36.21	NZ_CP090724.1 Burkholderia multivorans strain 2014Y70518672I chromosome 1, complete sequence	BMF7_NODE_26_len_1074_cov_2_45145_ID_4813260.1
genomes/GCF_025643495.1.fna	genomes/MF7.fna	88.92	49.15	36.51	NZ_CP102458.1 Burkholderia multivorans strain NML180963 chromosome 1, complete sequence	BMF7_NODE_26_len_1074_cov_2_45145_ID_4813260.1
genomes/GCF_023374795.1.fna	genomes/MF7.fna	88.92	49.44	36.25	NZ_CP090753.1 Burkholderia multivorans strain 2010Ycf41 chromosome 1, complete sequence	BMF7_NODE_26_len_1074_cov_2_45145_ID_4813260.1
genomes/GCF_008693485.1.fna	genomes/MF7.fna	88.91	48.46	36.13	NZ_CP044053.1 Burkholderia multivorans strain FDAARGOS_623 chromosome 1, complete sequence	BMF7_NODE_26_len_1074_cov_2_45145_ID_4813260.1
genomes/GCF_001718695.1.fna	genomes/MF7.fna	88.91	47.36	36.44	NZ_CP013420.1 Burkholderia ubonensis strain MSMB0783 chromosome 1, complete sequence	BMF7_NODE_26_len_1074_cov_2_45145_ID_4813260.1
genomes/GCF_023896235.1.fna	genomes/MF7.fna	88.91	50.26	36.53	NZ_JAKFAL010000001.1 Burkholderia multivorans strain 2004Ycf882IX chromosome 1, whole genome shotgun sequence	BMF7_NODE_26_len_1074_cov_2_45145_ID_4813260.1
genomes/GCF_023374315.1.fna	genomes/MF7.fna	88.91	50.15	36.16	NZ_CP090673.1 Burkholderia multivorans strain 2020Y71628512IV chromosome 1, complete sequence	BMF7_NODE_26_len_1074_cov_2_45145_ID_4813260.1
genomes/GCF_023374815.1.fna	genomes/MF7.fna	88.90	49.81	36.40	NZ_CP090757.1 Burkholderia multivorans strain 2010Ycf31III chromosome 1, complete sequence	BMF7_NODE_26_len_1074_cov_2_45145_ID_4813260.1
genomes/GCF_023895935.1.fna	genomes/MF7.fna	88.89	49.05	36.06	NZ_JAKEZN010000001.1 Burkholderia multivorans strain 2020Y71666954 chromosome 1, whole genome shotgun sequence	BMF7_NODE_26_len_1074_cov_2_45145_ID_4813260.1
genomes/GCF_008693525.1.fna	genomes/MF7.fna	88.89	48.94	36.49	NZ_CP044056.1 Burkholderia multivorans strain FDAARGOS_622 chromosome 1, complete sequence	BMF7_NODE_26_len_1074_cov_2_45145_ID_4813260.1
genomes/GCF_023374695.1.fna	genomes/MF7.fna	88.89	49.97	36.61	NZ_CP090733.1 Burkholderia multivorans strain 2011Ycf521III chromosome 1, complete sequence	BMF7_NODE_26_len_1074_cov_2_45145_ID_4813260.1
genomes/GCF_023383485.1.fna	genomes/MF7.fna	88.88	49.84	35.96	NZ_JAKFAJ010000001.1 Burkholderia multivorans strain 2010Ycf205III chromosome 1 map unlocalized 2010Ycf205III_contig1, whole genome shotgun sequence	BMF7_NODE_26_len_1074_cov_2_45145_ID_4813260.1
genomes/GCF_001718995.1.fna	genomes/MF7.fna	88.88	45.95	36.20	NZ_CP013467.1 Burkholderia multivorans strain MSMB1640WGS chromosome 1, complete sequence	BMF7_NODE_26_len_1074_cov_2_45145_ID_4813260.1
genomes/GCF_023383465.1.fna	genomes/MF7.fna	88.88	48.12	37.34	NZ_JAKFAG010000002.1 Burkholderia multivorans strain 2011Ycf849IV chromosome 1 map unlocalized 2011Ycf849IV_contig2, whole genome shotgun sequence	BMF7_NODE_26_len_1074_cov_2_45145_ID_4813260.1
genomes/GCF_023374615.1.fna	genomes/MF7.fna	88.88	50.32	36.22	NZ_CP090721.1 Burkholderia multivorans strain 2014Y70522077 chromosome 1, complete sequence	BMF7_NODE_26_len_1074_cov_2_45145_ID_4813260.1
genomes/GCF_009730035.1.fna	genomes/MF7.fna	88.87	49.50	37.40	NZ_CP046336.1 Burkholderia multivorans strain FDAARGOS_719 chromosome 1, complete sequence	BMF7_NODE_26_len_1074_cov_2_45145_ID_4813260.1
genomes/GCF_023896015.1.fna	genomes/MF7.fna	88.85	49.10	36.41	NZ_JAKEZS010000003.1 Burkholderia multivorans strain 2017Y71095519V chromosome 1, whole genome shotgun sequence	BMF7_NODE_26_len_1074_cov_2_45145_ID_4813260.1
genomes/GCF_036362805.1.fna	genomes/MF7.fna	88.85	50.14	35.86	NZ_CP143589.1 Burkholderia multivorans strain N167 chromosome 1, complete sequence	BMF7_NODE_26_len_1074_cov_2_45145_ID_4813260.1
genomes/GCF_023895995.1.fna	genomes/MF7.fna	88.85	47.97	37.25	NZ_JAKEZT010000001.1 Burkholderia multivorans strain 2017Y71089647II chromosome 1, whole genome shotgun sequence	BMF7_NODE_26_len_1074_cov_2_45145_ID_4813260.1
genomes/GCF_023924285.1.fna	genomes/MF7.fna	88.85	48.63	36.00	NZ_JAKFAA010000002.1 Burkholderia multivorans strain 2015Y70658433 chromosome 1, whole genome shotgun sequence	BMF7_NODE_26_len_1074_cov_2_45145_ID_4813260.1
genomes/GCF_023374515.1.fna	genomes/MF7.fna	88.84	49.50	36.47	NZ_CP090703.1 Burkholderia multivorans strain 2016Y70888756VI chromosome 1, complete sequence	BMF7_NODE_26_len_1074_cov_2_45145_ID_4813260.1
genomes/GCF_023896835.1.fna	genomes/MF7.fna	88.84	47.48	34.28	NZ_JAKEZP010000001.1 Burkholderia multivorans strain 2019Y71444840III chromosome 1, whole genome shotgun sequence	BMF7_NODE_26_len_1074_cov_2_45145_ID_4813260.1
genomes/GCF_036352035.1.fna	genomes/MF7.fna	88.84	48.05	37.01	NZ_CP143552.1 Burkholderia multivorans strain 2023CK-01339 chromosome, complete genome	BMF7_NODE_26_len_1074_cov_2_45145_ID_4813260.1
genomes/GCF_023896175.1.fna	genomes/MF7.fna	88.83	46.89	35.78	NZ_JAKFAH010000002.1 Burkholderia multivorans strain 2011Ycf813VI chromosome 1, whole genome shotgun sequence	BMF7_NODE_26_len_1074_cov_2_45145_ID_4813260.1
genomes/GCF_023373645.1.fna	genomes/MF7.fna	88.82	48.89	36.23	NZ_CP090774.1 Burkholderia multivorans strain 2006Ycf877 chromosome 1, complete sequence	BMF7_NODE_26_len_1074_cov_2_45145_ID_4813260.1
genomes/GCF_023374775.1.fna	genomes/MF7.fna	88.81	48.06	36.14	NZ_CP090747.1 Burkholderia multivorans strain 2010Ycf503 chromosome 1, complete sequence	BMF7_NODE_26_len_1074_cov_2_45145_ID_4813260.1
genomes/GCF_012272655.1.fna	genomes/MF7.fna	88.81	50.02	36.11	NZ_CP050892.1 Burkholderia multivorans strain FDAARGOS_624 chromosome 1, complete sequence	BMF7_NODE_26_len_1074_cov_2_45145_ID_4813260.1
genomes/GCF_023383425.1.fna	genomes/MF7.fna	88.81	47.18	35.96	NZ_JAKFAC010000001.1 Burkholderia multivorans strain 2012Y70195531III chromosome 1, whole genome shotgun sequence	BMF7_NODE_26_len_1074_cov_2_45145_ID_4813260.1
genomes/GCF_023374535.1.fna	genomes/MF7.fna	88.80	49.40	36.26	NZ_CP090707.1 Burkholderia multivorans strain 2016Y70836300 chromosome 1, complete sequence	BMF7_NODE_26_len_1074_cov_2_45145_ID_4813260.1
genomes/GCF_025643555.1.fna	genomes/MF7.fna	88.79	49.56	35.98	NZ_CP102472.1 Burkholderia multivorans strain NML140411 chromosome 1, complete sequence	BMF7_NODE_26_len_1074_cov_2_45145_ID_4813260.1
genomes/GCF_023373705.1.fna	genomes/MF7.fna	88.78	49.69	36.06	NZ_CP090783.1 Burkholderia multivorans strain 2003Ycf875II chromosome 1, complete sequence	BMF7_NODE_26_len_1074_cov_2_45145_ID_4813260.1
genomes/GCF_001718755.1.fna	genomes/MF7.fna	88.78	47.94	36.53	NZ_CP013430.1 Burkholderia multivorans strain AU1185 isolate AU1185 chromosome 1, complete sequence	BMF7_NODE_26_len_1074_cov_2_45145_ID_4813260.1
genomes/GCF_023374415.1.fna	genomes/MF7.fna	88.77	48.18	37.44	NZ_CP090689.1 Burkholderia multivorans strain 2017Y71087112III chromosome 1, complete sequence	BMF7_NODE_26_len_1074_cov_2_45145_ID_4813260.1
genomes/GCF_009730195.1.fna	genomes/MF7.fna	88.76	48.62	36.87	NZ_CP046344.1 Burkholderia multivorans strain FDAARGOS_722 chromosome 1, complete sequence	BMF7_NODE_26_len_1074_cov_2_45145_ID_4813260.1
genomes/GCF_023374555.1.fna	genomes/MF7.fna	88.75	47.85	35.67	NZ_CP090711.1 Burkholderia multivorans strain 2015Y70709107II chromosome	BMF7_NODE_26_len_1074_cov_2_45145_ID_4813260.1
genomes/GCF_023896025.1.fna	genomes/MF7.fna	88.75	48.25	35.65	NZ_JAKEZU010000002.1 Burkholderia multivorans strain 2017Y71049494I chromosome 2, whole genome shotgun sequence	BMF7_NODE_26_len_1074_cov_2_45145_ID_4813260.1
genomes/GCF_023373625.1.fna	genomes/MF7.fna	88.74	48.53	35.97	NZ_CP090771.1 Burkholderia multivorans strain 2007Ycf278 chromosome 1, complete sequence	BMF7_NODE_26_len_1074_cov_2_45145_ID_4813260.1
genomes/GCF_023896255.1.fna	genomes/MF7.fna	88.73	47.26	35.95	NZ_JAKFAM010000001.1 Burkholderia multivorans strain 2004Ycf347 chromosome 1, whole genome shotgun sequence	BMF7_NODE_26_len_1074_cov_2_45145_ID_4813260.1
genomes/GCF_023383515.1.fna	genomes/MF7.fna	88.73	48.64	36.72	NZ_JAKFAN010000001.1 Burkholderia multivorans strain 2003Ycf728 chromosome 1 map unlocalized 2003Ycf728_contig1, whole genome shotgun sequence	BMF7_NODE_26_len_1074_cov_2_45145_ID_4813260.1
genomes/GCF_023896155.1.fna	genomes/MF7.fna	88.70	46.98	35.75	NZ_JAKFAF010000002.1 Burkholderia multivorans strain 2011YCF898V chromosome 1, whole genome shotgun sequence	BMF7_NODE_26_len_1074_cov_2_45145_ID_4813260.1
genomes/GCF_023896295.1.fna	genomes/MF7.fna	88.68	48.03	36.16	NZ_JAKEZR010000002.1 Burkholderia multivorans strain 2019Y71335858VI chromosome 2, whole genome shotgun sequence	BMF7_NODE_26_len_1074_cov_2_45145_ID_4813260.1
genomes/GCF_000756005.1.fna	genomes/MF7.fna	88.61	44.09	36.95	NZ_CP008730.1 Burkholderia multivorans strain DDS 15A-1 chromosome 1, complete sequence	BMF7_NODE_26_len_1074_cov_2_45145_ID_4813260.1
genomes/GCF_001718655.1.fna	genomes/MF7.fna	88.55	40.58	33.79	NZ_CP013414.1 Burkholderia ubonensis strain MSMB2035 chromosome 1, complete sequence	BMF7_NODE_26_len_1074_cov_2_45145_ID_4813260.1
genomes/GCF_023374875.1.fna	genomes/MF7.fna	88.54	48.22	37.48	NZ_CP090766.1 Burkholderia multivorans strain 2008Ycf542 chromosome 1, complete sequence	BMF7_NODE_26_len_1074_cov_2_45145_ID_4813260.1
genomes/GCF_029910195.1.fna	genomes/MF7.fna	88.46	33.57	34.97	NZ_CP110391.1 Burkholderia sp. JSH-S8 chromosome 1, complete sequence	BMF7_NODE_26_len_1074_cov_2_45145_ID_4813260.1
genomes/GCF_002097715.1.fna	genomes/MF7.fna	88.29	39.00	35.19	NZ_CP020737.1 Burkholderia ubonensis subsp. mesacidophila strain ATCC 31433 chromosome 1, complete sequence	BMF7_NODE_26_len_1074_cov_2_45145_ID_4813260.1
genomes/GCF_039848545.1.fna	genomes/MF7.fna	88.26	40.79	36.18	NZ_CP156685.1 Burkholderia stagnalis strain YJ-2 chromosome, complete genome	BMF7_NODE_26_len_1074_cov_2_45145_ID_4813260.1
genomes/GCF_001718855.1.fna	genomes/MF7.fna	88.24	38.25	35.35	NZ_CP013446.1 Burkholderia ubonensis strain MSMB1189WGS isolate MSMB1189WGS chromosome 1, complete sequence	BMF7_NODE_26_len_1074_cov_2_45145_ID_4813260.1
genomes/GCF_001718955.1.fna	genomes/MF7.fna	88.18	41.49	36.22	NZ_CP013459.1 Burkholderia stagnalis strain MSMB735WGS chromosome 1, complete sequence	BMF7_NODE_26_len_1074_cov_2_45145_ID_4813260.1
genomes/GCF_001718355.1.fna	genomes/MF7.fna	88.13	38.79	35.54	NZ_CP013370.1 Burkholderia ubonensis strain RF23-BP41 chromosome 1, complete sequence	BMF7_NODE_26_len_1074_cov_2_45145_ID_4813260.1
genomes/GCF_001546975.1.fna	genomes/MF7.fna	88.11	37.74	34.75	NZ_CM003771.1 Burkholderia ubonensis strain MSMB1157 chromosome 1, whole genome shotgun sequence	BMF7_NODE_26_len_1074_cov_2_45145_ID_4813260.1
genomes/GCF_001718975.1.fna	genomes/MF7.fna	88.11	40.44	34.74	NZ_CP013463.1 Burkholderia ubonensis strain MSMB1471WGS chromosome 1, complete sequence	BMF7_NODE_26_len_1074_cov_2_45145_ID_4813260.1
genomes/GCF_050813845.1.fna	genomes/MF7.fna	88.07	36.23	34.99	NZ_CP172421.1 Burkholderia sp. F1 chromosome 1, complete sequence	BMF7_NODE_26_len_1074_cov_2_45145_ID_4813260.1
genomes/GCF_003812965.1.fna	genomes/MF7.fna	88.04	39.61	35.55	NZ_CP033856.1 Burkholderia multivorans strain FDAARGOS_496 chromosome 1, complete sequence	BMF7_NODE_26_len_1074_cov_2_45145_ID_4813260.1
genomes/GCA_965217245.1.fna	genomes/MF7.fna	86.76	32.11	20.26	OZ244258.1 Burkholderia multivorans isolate ABIP2226 genome assembly, chromosome: 1	BMF7_NODE_26_len_1074_cov_2_45145_ID_4813260.1
genomes/GCA_965217235.1.fna	genomes/MF7.fna	86.62	30.23	19.76	OZ244256.1 Burkholderia multivorans isolate ABIP2225 genome assembly, chromosome: 1	BMF7_NODE_26_len_1074_cov_2_45145_ID_4813260.1
genomes/GCF_002386205.1.fna	genomes/MF7.fna	85.34	20.82	16.12	NZ_CP023499.1 Burkholderia thailandensis strain FDAARGOS_426 chromosome 1, complete sequence	BMF7_NODE_26_len_1074_cov_2_45145_ID_4813260.1
genomes/GCF_003020185.1.fna	genomes/MF7.fna	85.19	18.72	14.58	NZ_CP020392.1 Burkholderia thailandensis strain FDAARGOS_238 chromosome 1, complete sequence	BMF7_NODE_26_len_1074_cov_2_45145_ID_4813260.1
genomes/GCF_001462435.1.fna	genomes/MF7.fna	85.15	20.69	16.16	NZ_CM003626.1 Burkholderia humptydooensis strain MSMB122 chromosome 1, whole genome shotgun sequence	BMF7_NODE_26_len_1074_cov_2_45145_ID_4813260.1
genomes/GCF_000755985.1.fna	genomes/MF7.fna	85.11	18.88	15.89	NZ_CP008726.1 Burkholderia oklahomensis strain EO147 chromosome 1, complete sequence	BMF7_NODE_26_len_1074_cov_2_45145_ID_4813260.1
genomes/GCF_000385525.1.fna	genomes/MF7.fna	85.07	20.26	15.69	NC_021173.1 Burkholderia thailandensis MSMB121 chromosome 1, complete sequence	BMF7_NODE_26_len_1074_cov_2_45145_ID_4813260.1
genomes/GCF_000959325.1.fna	genomes/MF7.fna	85.06	19.54	16.39	NZ_CP009549.1 Burkholderia humptydooensis strain 2002721687 chromosome I, complete sequence	BMF7_NODE_26_len_1074_cov_2_45145_ID_4813260.1
genomes/GCF_000959365.1.fna	genomes/MF7.fna	85.03	19.98	16.40	NZ_CP009555.1 Burkholderia oklahomensis C6786 chromosome I, complete sequence	BMF7_NODE_26_len_1074_cov_2_45145_ID_4813260.1
genomes/GCF_001522105.2.fna	genomes/MF7.fna	85.00	18.53	15.61	NZ_CP013357.1 Burkholderia oklahomensis EO147 chromosome 1, complete sequence	BMF7_NODE_26_len_1074_cov_2_45145_ID_4813260.1
genomes/GCF_000959165.1.fna	genomes/MF7.fna	85.00	19.11	12.63	NZ_CP009337.1 Burkholderia mallei strain 2002734299 isolate SR092700C chromosome 1, complete sequence	BMF7_NODE_26_len_1074_cov_2_45145_ID_4813260.1
genomes/GCF_000567905.1.fna	genomes/MF7.fna	84.98	18.77	14.62	NZ_CP004089.1 Burkholderia thailandensis H0587 chromosome 1, complete sequence	BMF7_NODE_26_len_1074_cov_2_45145_ID_4813260.1
genomes/GCF_000808035.2.fna	genomes/MF7.fna	84.97	19.06	14.76	NZ_CP008914.2 Burkholderia thailandensis strain 2003015869 chromosome 1, complete sequence	BMF7_NODE_26_len_1074_cov_2_45145_ID_4813260.1
genomes/GCF_033870375.1.fna	genomes/MF7.fna	84.97	19.07	12.63	NZ_CP124603.1 Burkholderia mallei strain Mukteswar chromosome 1, complete sequence	BMF7_NODE_26_len_1074_cov_2_45145_ID_4813260.1
genomes/GCF_001513745.1.fna	genomes/MF7.fna	84.96	19.26	16.15	NZ_CP013380.1 Burkholderia humptydooensis strain MSMB43 chromosome 1, complete sequence	BMF7_NODE_26_len_1074_cov_2_45145_ID_4813260.1
genomes/GCF_001546925.1.fna	genomes/MF7.fna	84.96	20.10	15.96	NZ_CM003770.1 Burkholderia sp. MSMB1588 chromosome 2, whole genome shotgun sequence	BMF7_NODE_26_len_1074_cov_2_45145_ID_4813260.1
genomes/GCF_033675305.1.fna	genomes/MF7.fna	84.95	18.36	14.46	NZ_QXCT01000001.1 Burkholderia thailandensis strain SBXCC001 chromosome 1, whole genome shotgun sequence	BMF7_NODE_26_len_1074_cov_2_45145_ID_4813260.1
genomes/GCF_001729545.1.fna	genomes/MF7.fna	84.93	18.29	12.17	NZ_CP017175.1 Burkholderia mallei strain Bahrain1 chromosome 1, complete sequence	BMF7_NODE_26_len_1074_cov_2_45145_ID_4813260.1
genomes/GCF_018274335.1.fna	genomes/MF7.fna	84.92	17.66	14.15	NZ_JAGUUE010000002.1 Burkholderia thailandensis strain AW34-19pp chromosome 2, whole genome shotgun sequence	BMF7_NODE_26_len_1074_cov_2_45145_ID_4813260.1
genomes/GCF_033675275.1.fna	genomes/MF7.fna	84.91	18.40	14.85	NZ_QXCS01000001.1 Burkholderia thailandensis strain SBXPR001 chromosome 1, whole genome shotgun sequence	BMF7_NODE_26_len_1074_cov_2_45145_ID_4813260.1
genomes/GCF_000567925.1.fna	genomes/MF7.fna	84.89	18.90	14.30	NZ_CP004097.1 Burkholderia thailandensis 2002721723 chromosome 1, complete sequence	BMF7_NODE_26_len_1074_cov_2_45145_ID_4813260.1
genomes/GCF_033956065.1.fna	genomes/MF7.fna	84.89	18.31	12.30	NZ_CP124608.1 Burkholderia mallei strain ATCC 23344 chromosome 1, complete sequence	BMF7_NODE_26_len_1074_cov_2_45145_ID_4813260.1
genomes/GCF_003852635.1.fna	genomes/MF7.fna	84.88	16.42	13.84	NZ_CM011864.1 Burkholderia pseudomallei strain FDAARGOS_591 chromosome I, whole genome shotgun sequence	BMF7_NODE_26_len_1074_cov_2_45145_ID_4813260.1
genomes/GCF_052146275.1.fna	genomes/MF7.fna	84.88	17.36	13.85	NZ_CM125682.1 Burkholderia thailandensis strain 250524 chromosome I, whole genome shotgun sequence	BMF7_NODE_26_len_1074_cov_2_45145_ID_4813260.1
genomes/GCF_001718635.1.fna	genomes/MF7.fna	84.87	18.58	14.86	NZ_CP013411.1 Burkholderia thailandensis strain 2002721643 chromosome 1, complete sequence	BMF7_NODE_26_len_1074_cov_2_45145_ID_4813260.1
genomes/GCF_000959185.1.fna	genomes/MF7.fna	84.87	16.75	13.75	NZ_CP009474.1 Burkholderia pseudomallei MSHR840 chromosome I, complete sequence	BMF7_NODE_26_len_1074_cov_2_45145_ID_4813260.1
genomes/GCF_011578485.1.fna	genomes/MF7.fna	84.87	18.66	14.18	NZ_CP050020.1 Burkholderia thailandensis strain BPM chromosome 1, complete sequence	BMF7_NODE_26_len_1074_cov_2_45145_ID_4813260.1
genomes/GCF_003614835.1.fna	genomes/MF7.fna	84.87	19.23	14.72	NZ_CP022217.1 Burkholderia thailandensis strain FDAARGOS_242 chromosome 1, complete sequence	BMF7_NODE_26_len_1074_cov_2_45145_ID_4813260.1
genomes/GCF_000567945.1.fna	genomes/MF7.fna	84.87	18.57	14.22	NZ_CP004117.1 Burkholderia thailandensis E444 chromosome 1, complete sequence	BMF7_NODE_26_len_1074_cov_2_45145_ID_4813260.1
genomes/GCF_000755865.1.fna	genomes/MF7.fna	84.87	18.60	12.04	NZ_CP008704.1 Burkholderia mallei strain 23344 chromosome 1, complete sequence	BMF7_NODE_26_len_1074_cov_2_45145_ID_4813260.1
genomes/GCF_003933045.1.fna	genomes/MF7.fna	84.86	18.28	12.34	NZ_CM012065.1 Burkholderia mallei strain FDAARGOS_590 chromosome 1, whole genome shotgun sequence	BMF7_NODE_26_len_1074_cov_2_45145_ID_4813260.1
genomes/GCF_003933035.1.fna	genomes/MF7.fna	84.86	19.66	11.84	NZ_CM012066.1 Burkholderia mallei strain FDAARGOS_589 chromosome 1, whole genome shotgun sequence	BMF7_NODE_26_len_1074_cov_2_45145_ID_4813260.1
genomes/GCF_052858755.1.fna	genomes/MF7.fna	84.85	16.61	13.77	NZ_CP193471.1 Burkholderia pseudomallei strain Bp01 chromosome 1, complete sequence	BMF7_NODE_26_len_1074_cov_2_45145_ID_4813260.1
genomes/GCF_052854005.1.fna	genomes/MF7.fna	84.84	16.42	13.80	NZ_CP193432.1 Burkholderia pseudomallei strain Bp30 chromosome 1, complete sequence	BMF7_NODE_26_len_1074_cov_2_45145_ID_4813260.1
genomes/GCF_001522135.2.fna	genomes/MF7.fna	84.84	19.91	16.35	NZ_CP013358.1 Burkholderia oklahomensis C6786 chromosome 1, complete sequence	BMF7_NODE_26_len_1074_cov_2_45145_ID_4813260.1
genomes/GCF_001524625.2.fna	genomes/MF7.fna	84.84	18.13	14.78	NZ_CP013424.1 Burkholderia savannae strain MSMB852 chromosome 1, complete sequence	BMF7_NODE_26_len_1074_cov_2_45145_ID_4813260.1
genomes/GCF_003614815.1.fna	genomes/MF7.fna	84.84	18.53	14.26	NZ_CP022214.1 Burkholderia thailandensis strain FDAARGOS_241 chromosome 1, complete sequence	BMF7_NODE_26_len_1074_cov_2_45145_ID_4813260.1
genomes/GCF_000755845.1.fna	genomes/MF7.fna	84.82	18.95	12.31	NZ_CP008711.1 Burkholderia mallei strain 6 chromosome 1, complete sequence	BMF7_NODE_26_len_1074_cov_2_45145_ID_4813260.1
genomes/GCF_000765375.1.fna	genomes/MF7.fna	84.82	18.59	14.28	NZ_CP004381.1 Burkholderia thailandensis E254 chromosome 1, complete sequence	BMF7_NODE_26_len_1074_cov_2_45145_ID_4813260.1
genomes/GCF_055810255.1.fna	genomes/MF7.fna	84.80	18.80	14.16	NZ_CM147944.1 Burkholderia thailandensis strain 2025TL chromosome 1, whole genome shotgun sequence	BMF7_NODE_26_len_1074_cov_2_45145_ID_4813260.1
genomes/GCF_001277875.1.fna	genomes/MF7.fna	84.80	16.20	13.55	NZ_CP012515.1 Burkholderia pseudomallei strain vgh16R chromosome 1, complete sequence	BMF7_NODE_26_len_1074_cov_2_45145_ID_4813260.1
genomes/GCF_000959605.1.fna	genomes/MF7.fna	84.80	17.88	14.65	NZ_CP010017.1 Burkholderia thailandensis 34 chromosome 1, complete sequence	BMF7_NODE_26_len_1074_cov_2_45145_ID_4813260.1
genomes/GCF_002111365.1.fna	genomes/MF7.fna	84.80	16.10	13.68	NZ_CP018383.1 Burkholderia pseudomallei strain 2008724758 chromosome 1, complete sequence	BMF7_NODE_26_len_1074_cov_2_45145_ID_4813260.1
genomes/GCF_026315045.1.fna	genomes/MF7.fna	84.79	16.94	13.70	NZ_CP111140.1 Burkholderia pseudomallei strain MSHR1464 chromosome 1, complete sequence	BMF7_NODE_26_len_1074_cov_2_45145_ID_4813260.1
genomes/GCF_003568605.1.fna	genomes/MF7.fna	84.78	18.74	14.50	NZ_CP008785.1 Burkholderia thailandensis E264 chromosome 1, complete sequence	BMF7_NODE_26_len_1074_cov_2_45145_ID_4813260.1
genomes/GCF_000755885.1.fna	genomes/MF7.fna	84.78	18.72	12.13	NZ_CP008723.1 Burkholderia mallei strain BMQ chromosome 1, complete sequence	BMF7_NODE_26_len_1074_cov_2_45145_ID_4813260.1
genomes/GCF_004323015.1.fna	genomes/MF7.fna	84.77	17.13	13.73	NZ_CP036452.1 Burkholderia pseudomallei strain BPs110 chromosome 1, complete sequence	BMF7_NODE_26_len_1074_cov_2_45145_ID_4813260.1
genomes/GCF_052854895.1.fna	genomes/MF7.fna	84.77	17.08	13.90	NZ_CP193448.1 Burkholderia pseudomallei strain Bp22 chromosome 1, complete sequence	BMF7_NODE_26_len_1074_cov_2_45145_ID_4813260.1
genomes/GCF_001718295.1.fna	genomes/MF7.fna	84.76	19.08	14.77	NZ_CP013360.1 Burkholderia thailandensis strain 2003015869 chromosome 1, complete sequence	BMF7_NODE_26_len_1074_cov_2_45145_ID_4813260.1
genomes/GCF_001277895.1.fna	genomes/MF7.fna	84.76	16.23	13.57	NZ_CP012517.1 Burkholderia pseudomallei strain vgh16W chromosome 1, complete sequence	BMF7_NODE_26_len_1074_cov_2_45145_ID_4813260.1
genomes/GCF_000770415.1.fna	genomes/MF7.fna	84.75	16.71	13.74	NZ_CP009270.1 Burkholderia pseudomallei MSHR2243 chromosome 1, complete sequence	BMF7_NODE_26_len_1074_cov_2_45145_ID_4813260.1
genomes/GCF_028657905.1.fna	genomes/MF7.fna	84.75	17.21	15.31	NZ_CP117782.1 Burkholderia sp. FERM BP-3421 chromosome 1, complete sequence	BMF7_NODE_26_len_1074_cov_2_45145_ID_4813260.1
genomes/GCF_003020025.1.fna	genomes/MF7.fna	84.75	18.64	14.31	NZ_CP020390.1 Burkholderia thailandensis strain FDAARGOS_237 chromosome 1, complete sequence	BMF7_NODE_26_len_1074_cov_2_45145_ID_4813260.1
genomes/GCF_016774495.1.fna	genomes/MF7.fna	84.75	17.78	14.24	NZ_CP068709.1 Burkholderia thailandensis strain AW34-19p chromosome 1, complete sequence	BMF7_NODE_26_len_1074_cov_2_45145_ID_4813260.1
genomes/GCF_000959205.1.fna	genomes/MF7.fna	84.75	15.88	13.45	NZ_CP009485.1 Burkholderia pseudomallei MSHR491 chromosome I, complete sequence	BMF7_NODE_26_len_1074_cov_2_45145_ID_4813260.1
genomes/GCF_003933015.1.fna	genomes/MF7.fna	84.74	19.64	11.83	NZ_CM012067.1 Burkholderia mallei strain FDAARGOS_585 chromosome 1, whole genome shotgun sequence	BMF7_NODE_26_len_1074_cov_2_45145_ID_4813260.1
genomes/GCF_965199445.1.fna	genomes/MF7.fna	84.74	16.46	13.66	NZ_OZ241178.1 Burkholderia pseudomallei strain 21-7286_3 R#2.2 isolate 21-7286_3 chromosome 1, complete sequence	BMF7_NODE_26_len_1074_cov_2_45145_ID_4813260.1
genomes/GCF_001522635.2.fna	genomes/MF7.fna	84.74	16.35	13.84	NZ_CP013389.1 Burkholderia mayonis strain BDU8 chromosome 1, complete sequence	BMF7_NODE_26_len_1074_cov_2_45145_ID_4813260.1
genomes/GCF_000511895.1.fna	genomes/MF7.fna	84.74	16.04	13.64	NZ_CP004001.1 Burkholderia pseudomallei NCTC 13178 chromosome 1, complete sequence	BMF7_NODE_26_len_1074_cov_2_45145_ID_4813260.1
genomes/GCF_001975065.1.fna	genomes/MF7.fna	84.73	16.70	13.93	NZ_CP017044.1 Burkholderia pseudomallei strain MSHR7929 chromosome 1, complete sequence	BMF7_NODE_26_len_1074_cov_2_45145_ID_4813260.1
genomes/GCF_001718595.1.fna	genomes/MF7.fna	84.73	18.73	14.53	NZ_CP013407.1 Burkholderia thailandensis strain MSMB59 chromosome 1, complete sequence	BMF7_NODE_26_len_1074_cov_2_45145_ID_4813260.1
genomes/GCF_001524445.2.fna	genomes/MF7.fna	84.73	16.91	14.46	NZ_CP013417.1 Burkholderia savannae strain MSMB266 chromosome 1, complete sequence	BMF7_NODE_26_len_1074_cov_2_45145_ID_4813260.1
genomes/GCF_003933025.1.fna	genomes/MF7.fna	84.73	18.42	11.95	NZ_CM012068.1 Burkholderia mallei strain FDAARGOS_588 chromosome 1, whole genome shotgun sequence	BMF7_NODE_26_len_1074_cov_2_45145_ID_4813260.1
genomes/GCF_052854305.1.fna	genomes/MF7.fna	84.72	16.38	13.83	NZ_CP193438.1 Burkholderia pseudomallei strain Bp26 chromosome 1, complete sequence	BMF7_NODE_26_len_1074_cov_2_45145_ID_4813260.1
genomes/GCF_026315025.1.fna	genomes/MF7.fna	84.72	16.82	13.60	NZ_CP111138.1 Burkholderia pseudomallei strain MSHR1713 chromosome 1, complete sequence	BMF7_NODE_26_len_1074_cov_2_45145_ID_4813260.1
genomes/GCF_001318245.1.fna	genomes/MF7.fna	84.72	16.16	13.50	NZ_CP012041.1 Burkholderia pseudomallei strain Bp1651 chromosome 1, complete sequence	BMF7_NODE_26_len_1074_cov_2_45145_ID_4813260.1
genomes/GCF_033870355.1.fna	genomes/MF7.fna	84.71	18.26	12.23	NZ_CP124605.1 Burkholderia mallei strain Zagreb chromosome 1, complete sequence	BMF7_NODE_26_len_1074_cov_2_45145_ID_4813260.1
genomes/GCF_048688115.1.fna	genomes/MF7.fna	84.71	18.77	14.66	NZ_CP166681.1 Burkholderia thailandensis strain HNBT001 chromosome 1, complete sequence	BMF7_NODE_26_len_1074_cov_2_45145_ID_4813260.1
genomes/GCF_002111205.1.fna	genomes/MF7.fna	84.71	16.34	13.67	NZ_CP018399.1 Burkholderia pseudomallei strain 2013746777 chromosome 1, complete sequence	BMF7_NODE_26_len_1074_cov_2_45145_ID_4813260.1
genomes/GCF_002346205.1.fna	genomes/MF7.fna	84.71	18.57	12.26	NZ_CP009931.1 Burkholderia mallei strain JHU chromosome 1, complete sequence	BMF7_NODE_26_len_1074_cov_2_45145_ID_4813260.1
genomes/GCF_055387925.1.fna	genomes/MF7.fna	84.70	18.61	12.58	NZ_AP040281.1 Burkholderia mallei strain GTC 3P0077 chromosome 1, complete sequence	BMF7_NODE_26_len_1074_cov_2_45145_ID_4813260.1
genomes/GCF_000970935.1.fna	genomes/MF7.fna	84.70	16.88	13.90	NZ_CM003196.1 Burkholderia pseudomallei MSHR1328 chromosome I, whole genome shotgun sequence	BMF7_NODE_26_len_1074_cov_2_45145_ID_4813260.1
genomes/GCF_003798245.1.fna	genomes/MF7.fna	84.70	16.21	13.54	NZ_CP033703.1 Burkholderia pseudomallei strain FDAARGOS_593 chromosome 1, complete sequence	BMF7_NODE_26_len_1074_cov_2_45145_ID_4813260.1
genomes/GCF_000770515.1.fna	genomes/MF7.fna	84.70	16.28	13.67	NZ_CP009162.1 Burkholderia pseudomallei K42 chromosome 1, complete sequence	BMF7_NODE_26_len_1074_cov_2_45145_ID_4813260.1
genomes/GCA_965199415.1.fna	genomes/MF7.fna	84.69	16.43	13.83	OZ241172.1 Burkholderia pseudomallei strain 21-7286_7 R#1 genome assembly, chromosome: 1	BMF7_NODE_26_len_1074_cov_2_45145_ID_4813260.1
genomes/GCF_001695715.1.fna	genomes/MF7.fna	84.69	16.38	13.80	NZ_CP016638.1 Burkholderia pseudomallei strain M1 chromosome 1, complete sequence	BMF7_NODE_26_len_1074_cov_2_45145_ID_4813260.1
genomes/GCF_001523745.2.fna	genomes/MF7.fna	84.69	18.21	13.81	NZ_CP013386.1 Burkholderia mayonis strain BDU6 chromosome 1, complete sequence	BMF7_NODE_26_len_1074_cov_2_45145_ID_4813260.1
genomes/GCF_008728315.1.fna	genomes/MF7.fna	84.69	16.93	13.82	NZ_CP038220.1 Burkholderia pseudomallei strain Yap4 chromosome 1, complete sequence	BMF7_NODE_26_len_1074_cov_2_45145_ID_4813260.1
genomes/GCF_018228385.1.fna	genomes/MF7.fna	84.69	16.70	13.69	NZ_CP073728.1 Burkholderia pseudomallei strain BD5 chromosome 1, complete sequence	BMF7_NODE_26_len_1074_cov_2_45145_ID_4813260.1
genomes/GCF_002346045.1.fna	genomes/MF7.fna	84.68	18.40	12.35	NZ_CP009929.1 Burkholderia mallei strain FMH chromosome 1, complete sequence	BMF7_NODE_26_len_1074_cov_2_45145_ID_4813260.1
genomes/GCF_980300905.1.fna	genomes/MF7.fna	84.68	16.68	13.92	NZ_OZ412841.1 Burkholderia pseudomallei strain IHUMIBP2-2 isolate IHUMIBP2-2 chromosome 1, complete sequence	BMF7_NODE_26_len_1074_cov_2_45145_ID_4813260.1
genomes/GCF_002111085.1.fna	genomes/MF7.fna	84.67	15.92	13.52	NZ_CP018373.1 Burkholderia pseudomallei strain 2002721184 chromosome 1, complete sequence	BMF7_NODE_26_len_1074_cov_2_45145_ID_4813260.1
genomes/GCF_980300355.1.fna	genomes/MF7.fna	84.67	16.88	13.81	NZ_OZ412839.1 Burkholderia pseudomallei strain IHUMIBP4 isolate IHUMIBP4 chromosome 1, complete sequence	BMF7_NODE_26_len_1074_cov_2_45145_ID_4813260.1
genomes/GCF_000970955.1.fna	genomes/MF7.fna	84.67	16.51	13.97	NZ_CM003194.1 Burkholderia pseudomallei MSHR1079 chromosome I, whole genome shotgun sequence	BMF7_NODE_26_len_1074_cov_2_45145_ID_4813260.1
genomes/GCF_965211595.1.fna	genomes/MF7.fna	84.66	17.03	14.08	NZ_OZ242944.1 Burkholderia pseudomallei strain 22-9817_1 R#1 isolate 22-9817_1 chromosome 1, complete sequence	BMF7_NODE_26_len_1074_cov_2_45145_ID_4813260.1
genomes/GCF_001532025.2.fna	genomes/MF7.fna	84.66	17.91	14.25	NZ_CP013457.1 Burkholderia sp. MSMB617WGS chromosome 1, complete sequence	BMF7_NODE_26_len_1074_cov_2_45145_ID_4813260.1
genomes/GCF_008728375.1.fna	genomes/MF7.fna	84.66	16.59	13.64	NZ_CP038226.1 Burkholderia pseudomallei strain Yap1 chromosome 1, complete sequence	BMF7_NODE_26_len_1074_cov_2_45145_ID_4813260.1
genomes/GCF_005853645.1.fna	genomes/MF7.fna	84.65	16.19	13.38	NZ_CP040531.1 Burkholderia pseudomallei strain VB3253 chromosome 1, complete sequence	BMF7_NODE_26_len_1074_cov_2_45145_ID_4813260.1
genomes/GCF_965199625.1.fna	genomes/MF7.fna	84.65	16.31	13.53	NZ_OZ241209.1 Burkholderia pseudomallei strain 21-7286_8 R#1 isolate 21-7286_8 chromosome 1, complete sequence	BMF7_NODE_26_len_1074_cov_2_45145_ID_4813260.1
genomes/GCF_006542585.1.fna	genomes/MF7.fna	84.65	15.87	13.37	NZ_CP041220.1 Burkholderia pseudomallei strain InDRE_2Son2018 chromosome 1	BMF7_NODE_26_len_1074_cov_2_45145_ID_4813260.1
genomes/GCF_002111045.1.fna	genomes/MF7.fna	84.65	15.91	13.40	NZ_CP018410.1 Burkholderia pseudomallei strain 3000015237 chromosome 1, complete sequence	BMF7_NODE_26_len_1074_cov_2_45145_ID_4813260.1
genomes/GCF_030297195.1.fna	genomes/MF7.fna	84.65	16.80	13.73	NZ_AP028071.1 Burkholderia pseudomallei strain GTC3P0019 chromosome 1, complete sequence	BMF7_NODE_26_len_1074_cov_2_45145_ID_4813260.1
genomes/GCF_030297255.1.fna	genomes/MF7.fna	84.65	16.81	13.70	NZ_AP028077.1 Burkholderia pseudomallei strain GTC3P0254T chromosome 1, complete sequence	BMF7_NODE_26_len_1074_cov_2_45145_ID_4813260.1
genomes/GCF_002111325.1.fna	genomes/MF7.fna	84.64	16.33	13.59	NZ_CP018369.1 Burkholderia pseudomallei strain 2002721123 chromosome 1, complete sequence	BMF7_NODE_26_len_1074_cov_2_45145_ID_4813260.1
genomes/GCF_003606245.1.fna	genomes/MF7.fna	84.64	16.12	13.53	NZ_CP023775.1 Burkholderia pseudomallei strain BPHN1 chromosome 1, complete sequence	BMF7_NODE_26_len_1074_cov_2_45145_ID_4813260.1
genomes/GCF_980300945.1.fna	genomes/MF7.fna	84.64	16.81	14.03	NZ_OZ412843.1 Burkholderia pseudomallei strain IHUMIBP2-1 isolate IHUMIBP2-1 chromosome 1, complete sequence	BMF7_NODE_26_len_1074_cov_2_45145_ID_4813260.1
genomes/GCF_026315005.1.fna	genomes/MF7.fna	84.64	16.78	13.59	NZ_CP111136.1 Burkholderia pseudomallei strain MSHR7744 chromosome 1, complete sequence	BMF7_NODE_26_len_1074_cov_2_45145_ID_4813260.1
genomes/GCF_001695735.1.fna	genomes/MF7.fna	84.64	16.38	13.78	NZ_CP016636.1 Burkholderia pseudomallei strain MS chromosome 1, complete sequence	BMF7_NODE_26_len_1074_cov_2_45145_ID_4813260.1
genomes/GCF_009749345.1.fna	genomes/MF7.fna	84.64	16.31	13.64	NZ_CP046584.1 Burkholderia pseudomallei strain B03 chromosome 1, complete sequence	BMF7_NODE_26_len_1074_cov_2_45145_ID_4813260.1
genomes/GCF_038448955.1.fna	genomes/MF7.fna	84.64	16.82	14.06	NZ_CP151810.1 Burkholderia pseudomallei strain SiteC-5E chromosome 1	BMF7_NODE_26_len_1074_cov_2_45145_ID_4813260.1
genomes/GCF_004323035.1.fna	genomes/MF7.fna	84.63	17.35	13.91	NZ_CP036454.1 Burkholderia pseudomallei strain BPs111 chromosome 1, complete sequence	BMF7_NODE_26_len_1074_cov_2_45145_ID_4813260.1
genomes/GCF_000959405.1.fna	genomes/MF7.fna	84.63	18.41	12.53	NZ_CP009587.1 Burkholderia mallei strain 11 chromosome I, complete sequence	BMF7_NODE_26_len_1074_cov_2_45145_ID_4813260.1
genomes/GCF_000764575.1.fna	genomes/MF7.fna	84.63	16.63	13.79	NZ_CP004377.1 Burkholderia pseudomallei NAU35A-3 chromosome 1, complete sequence	BMF7_NODE_26_len_1074_cov_2_45145_ID_4813260.1
genomes/GCF_980295165.1.fna	genomes/MF7.fna	84.63	16.79	13.88	NZ_OZ412830.1 Burkholderia pseudomallei strain IHUMIBP1 isolate IHUMIBP1 chromosome 1, complete sequence	BMF7_NODE_26_len_1074_cov_2_45145_ID_4813260.1
genomes/GCF_000770495.1.fna	genomes/MF7.fna	84.63	16.22	13.69	NZ_CP009161.1 Burkholderia pseudomallei TSV 48 chromosome 1, complete sequence	BMF7_NODE_26_len_1074_cov_2_45145_ID_4813260.1
genomes/GCF_028201395.1.fna	genomes/MF7.fna	84.63	16.77	13.50	NZ_CP116403.1 Burkholderia pseudomallei strain MSHR5087 chromosome 1, complete sequence	BMF7_NODE_26_len_1074_cov_2_45145_ID_4813260.1
genomes/GCF_000770395.1.fna	genomes/MF7.fna	84.62	16.61	13.81	NZ_CP009235.1 Burkholderia pseudomallei MSHR62 chromosome 1, complete sequence	BMF7_NODE_26_len_1074_cov_2_45145_ID_4813260.1
genomes/GCA_055387565.1.fna	genomes/MF7.fna	84.62	17.25	13.82	AP040305.1 Burkholderia pseudomallei GTC 3P0021 DNA, chromosome 1, complete sequence	BMF7_NODE_26_len_1074_cov_2_45145_ID_4813260.1
genomes/GCF_000959285.1.fna	genomes/MF7.fna	84.62	16.42	13.70	NZ_CP009538.1 Burkholderia pseudomallei K96243 chromosome I, complete sequence	BMF7_NODE_26_len_1074_cov_2_45145_ID_4813260.1
genomes/GCF_006542565.1.fna	genomes/MF7.fna	84.62	15.91	13.40	NZ_CP041218.1 Burkholderia pseudomallei strain InDRE_1Son2018 chromosome 1	BMF7_NODE_26_len_1074_cov_2_45145_ID_4813260.1
genomes/GCF_003547055.1.fna	genomes/MF7.fna	84.62	16.69	13.80	NZ_CP025302.1 Burkholderia pseudomallei strain PMC2000 chromosome PMC2000.1, complete sequence	BMF7_NODE_26_len_1074_cov_2_45145_ID_4813260.1
genomes/GCF_051560065.1.fna	genomes/MF7.fna	84.61	16.78	13.95	NZ_CM121435.1 Burkholderia pseudomallei strain TSV268_S chromosome 1, whole genome shotgun sequence	BMF7_NODE_26_len_1074_cov_2_45145_ID_4813260.1
genomes/GCF_000755965.1.fna	genomes/MF7.fna	84.61	16.37	13.73	NZ_CP008909.1 Burkholderia pseudomallei MSHR5848 chromosome 1, complete sequence	BMF7_NODE_26_len_1074_cov_2_45145_ID_4813260.1
genomes/GCF_035621555.1.fna	genomes/MF7.fna	84.61	18.17	14.39	NZ_CP141809.1 Burkholderia thailandensis strain 2022DZh chromosome 1, complete sequence	BMF7_NODE_26_len_1074_cov_2_45145_ID_4813260.1
genomes/GCF_980300965.1.fna	genomes/MF7.fna	84.61	16.21	13.75	NZ_OZ412845.1 Burkholderia pseudomallei strain IHUMIBP3 isolate IHUMIBP3 chromosome 1, complete sequence	BMF7_NODE_26_len_1074_cov_2_45145_ID_4813260.1
genomes/GCF_965199405.1.fna	genomes/MF7.fna	84.61	16.92	14.04	NZ_OZ241170.1 Burkholderia pseudomallei strain 21-7286_6 R#1 isolate 21-7286_6 chromosome 1, complete sequence	BMF7_NODE_26_len_1074_cov_2_45145_ID_4813260.1
genomes/GCF_002111065.1.fna	genomes/MF7.fna	84.61	16.00	13.53	NZ_CP018368.1 Burkholderia pseudomallei strain 2002721100 chromosome 1, complete sequence	BMF7_NODE_26_len_1074_cov_2_45145_ID_4813260.1
genomes/GCF_030297235.1.fna	genomes/MF7.fna	84.61	16.70	13.93	NZ_AP028075.1 Burkholderia pseudomallei strain GTC3P0054 chromosome 1, complete sequence	BMF7_NODE_26_len_1074_cov_2_45145_ID_4813260.1
genomes/GCF_000756145.1.fna	genomes/MF7.fna	84.60	17.03	13.89	NZ_CP008758.1 Burkholderia pseudomallei strain 1106a chromosome 1, complete sequence	BMF7_NODE_26_len_1074_cov_2_45145_ID_4813260.1
genomes/GCF_965199515.1.fna	genomes/MF7.fna	84.60	16.49	13.68	NZ_OZ241213.1 Burkholderia pseudomallei strain 21-7286_9 R#1 isolate 21-7286_9 chromosome 1, complete sequence	BMF7_NODE_26_len_1074_cov_2_45145_ID_4813260.1
genomes/GCF_965199385.1.fna	genomes/MF7.fna	84.60	16.80	13.94	NZ_OZ241166.1 Burkholderia pseudomallei strain 21-7286_1 R#1 isolate 21-7286_1 chromosome 1, complete sequence	BMF7_NODE_26_len_1074_cov_2_45145_ID_4813260.1
genomes/GCF_017378275.1.fna	genomes/MF7.fna	84.60	16.63	13.92	NZ_CP071757.1 Burkholderia pseudomallei strain VBP399 chromosome 1, complete sequence	BMF7_NODE_26_len_1074_cov_2_45145_ID_4813260.1
genomes/GCF_018228525.1.fna	genomes/MF7.fna	84.60	16.82	13.84	NZ_CP073725.1 Burkholderia pseudomallei strain N2 chromosome 1, complete sequence	BMF7_NODE_26_len_1074_cov_2_45145_ID_4813260.1
genomes/GCF_965199455.1.fna	genomes/MF7.fna	84.60	17.03	14.13	NZ_OZ241180.1 Burkholderia pseudomallei strain 21-7286_5 R#2 isolate 21-7286_5 chromosome 1, complete sequence	BMF7_NODE_26_len_1074_cov_2_45145_ID_4813260.1
genomes/GCF_001980585.2.fna	genomes/MF7.fna	84.60	17.04	13.73	NZ_CP116601.1 Burkholderia pseudomallei strain MSHR5089 chromosome 1, complete sequence	BMF7_NODE_26_len_1074_cov_2_45145_ID_4813260.1
genomes/GCF_000755785.1.fna	genomes/MF7.fna	84.60	18.69	12.55	NZ_CP009148.1 Burkholderia mallei strain FMH 23344 chromosome 1, complete sequence	BMF7_NODE_26_len_1074_cov_2_45145_ID_4813260.1
genomes/GCF_018228585.1.fna	genomes/MF7.fna	84.60	16.78	13.79	NZ_CP073731.1 Burkholderia pseudomallei strain AW44 chromosome 1, complete sequence	BMF7_NODE_26_len_1074_cov_2_45145_ID_4813260.1
genomes/GCF_001975105.1.fna	genomes/MF7.fna	84.60	16.46	13.86	NZ_CP017048.1 Burkholderia pseudomallei strain MSHR5864 chromosome 1, complete sequence	BMF7_NODE_26_len_1074_cov_2_45145_ID_4813260.1
genomes/GCF_008728355.1.fna	genomes/MF7.fna	84.59	16.83	13.75	NZ_CP038224.1 Burkholderia pseudomallei strain Yap2a chromosome 1, complete sequence	BMF7_NODE_26_len_1074_cov_2_45145_ID_4813260.1
genomes/GCF_038447785.1.fna	genomes/MF7.fna	84.59	16.74	13.84	NZ_CP151808.1 Burkholderia pseudomallei strain SiteD-1A chromosome 1	BMF7_NODE_26_len_1074_cov_2_45145_ID_4813260.1
genomes/GCF_000959465.1.fna	genomes/MF7.fna	84.59	19.21	12.57	NZ_CP009642.1 Burkholderia mallei strain India86-567-2 chromosome I, complete sequence	BMF7_NODE_26_len_1074_cov_2_45145_ID_4813260.1
genomes/GCF_038447715.1.fna	genomes/MF7.fna	84.59	16.74	13.84	NZ_CP151806.1 Burkholderia pseudomallei strain SiteD-10J chromosome 1	BMF7_NODE_26_len_1074_cov_2_45145_ID_4813260.1
genomes/GCF_018228605.1.fna	genomes/MF7.fna	84.59	16.71	13.73	NZ_CP073737.1 Burkholderia pseudomallei strain AW17-22 chromosome 1, complete sequence	BMF7_NODE_26_len_1074_cov_2_45145_ID_4813260.1
genomes/GCF_002843645.1.fna	genomes/MF7.fna	84.59	16.40	13.74	NZ_CP025264.1 Burkholderia pseudomallei strain MSHR1435 chromosome 1, complete sequence	BMF7_NODE_26_len_1074_cov_2_45145_ID_4813260.1
genomes/GCF_965199545.1.fna	genomes/MF7.fna	84.59	16.67	13.78	NZ_OZ241211.1 Burkholderia pseudomallei strain 22-9817_2 R#1 isolate 22-9817_2 chromosome 1, complete sequence	BMF7_NODE_26_len_1074_cov_2_45145_ID_4813260.1
genomes/GCF_004348055.1.fna	genomes/MF7.fna	84.59	17.13	13.71	NZ_CP037758.1 Burkholderia pseudomallei strain BPs115 chromosome 1, complete sequence	BMF7_NODE_26_len_1074_cov_2_45145_ID_4813260.1
genomes/GCF_019843765.1.fna	genomes/MF7.fna	84.58	16.79	13.79	NZ_JAGTPE010000001.1 Burkholderia pseudomallei strain AW21 chromosome 1, whole genome shotgun sequence	BMF7_NODE_26_len_1074_cov_2_45145_ID_4813260.1
genomes/GCF_051560145.1.fna	genomes/MF7.fna	84.58	16.65	14.02	NZ_CM121443.1 Burkholderia pseudomallei strain TSV82_R chromosome 1, whole genome shotgun sequence	BMF7_NODE_26_len_1074_cov_2_45145_ID_4813260.1
genomes/GCF_000954175.1.fna	genomes/MF7.fna	84.58	16.82	13.64	NZ_CP010973.1 Burkholderia pseudomallei strain vgh07 isolate human chromosome 1, complete sequence	BMF7_NODE_26_len_1074_cov_2_45145_ID_4813260.1
genomes/GCF_000521645.1.fna	genomes/MF7.fna	84.58	16.14	13.59	NZ_CP004042.1 Burkholderia pseudomallei MSHR146 chromosome 1, complete sequence	BMF7_NODE_26_len_1074_cov_2_45145_ID_4813260.1
genomes/GCF_055397665.1.fna	genomes/MF7.fna	84.58	18.47	12.29	NZ_AP029029.1 Burkholderia mallei strain mongolia_1 chromosome 1, complete sequence	BMF7_NODE_26_len_1074_cov_2_45145_ID_4813260.1
genomes/GCF_052857935.1.fna	genomes/MF7.fna	84.58	17.05	14.05	NZ_CP193466.1 Burkholderia pseudomallei strain Bp06 chromosome 1, complete sequence	BMF7_NODE_26_len_1074_cov_2_45145_ID_4813260.1
genomes/GCF_052856205.1.fna	genomes/MF7.fna	84.58	16.94	13.69	NZ_CP193459.1 Burkholderia pseudomallei strain Bp14 chromosome 1, complete sequence	BMF7_NODE_26_len_1074_cov_2_45145_ID_4813260.1
genomes/GCF_965199435.1.fna	genomes/MF7.fna	84.58	16.96	14.07	NZ_OZ241176.1 Burkholderia pseudomallei strain 21-7286_5 R#1 isolate 21-7286_5 chromosome 1, complete sequence	BMF7_NODE_26_len_1074_cov_2_45145_ID_4813260.1
genomes/GCF_000770475.1.fna	genomes/MF7.fna	84.58	16.46	13.80	NZ_CP009153.1 Burkholderia pseudomallei MSHR3965 chromosome 1	BMF7_NODE_26_len_1074_cov_2_45145_ID_4813260.1
genomes/GCF_030297275.1.fna	genomes/MF7.fna	84.57	16.75	13.75	NZ_AP028079.1 Burkholderia pseudomallei strain Kanagawa chromosome 1, complete sequence	BMF7_NODE_26_len_1074_cov_2_45145_ID_4813260.1
genomes/GCF_052854015.1.fna	genomes/MF7.fna	84.57	16.59	14.01	NZ_CP193435.1 Burkholderia pseudomallei strain Bp29 chromosome 1, complete sequence	BMF7_NODE_26_len_1074_cov_2_45145_ID_4813260.1
genomes/GCF_001974745.1.fna	genomes/MF7.fna	84.57	16.50	13.83	NZ_MECZ01000001.1 Burkholderia pseudomallei strain MSHR6522 chromosome 1 map unlocalized Chr1a_MSHR6522, whole genome shotgun sequence	BMF7_NODE_26_len_1074_cov_2_45145_ID_4813260.1
genomes/GCF_965211575.1.fna	genomes/MF7.fna	84.57	16.75	13.90	NZ_OZ242940.1 Burkholderia pseudomallei strain 21-7286_2 R#1 isolate 21-7286_2 chromosome 1, complete sequence	BMF7_NODE_26_len_1074_cov_2_45145_ID_4813260.1
genomes/GCF_000520895.1.fna	genomes/MF7.fna	84.57	16.21	13.65	NZ_CP004023.1 Burkholderia pseudomallei MSHR511 chromosome 1, complete sequence	BMF7_NODE_26_len_1074_cov_2_45145_ID_4813260.1
genomes/GCF_052858685.1.fna	genomes/MF7.fna	84.56	16.34	13.68	NZ_CP193470.1 Burkholderia pseudomallei strain Bp02 chromosome 1, complete sequence	BMF7_NODE_26_len_1074_cov_2_45145_ID_4813260.1
genomes/GCF_000764595.1.fna	genomes/MF7.fna	84.56	18.50	14.35	NZ_CP004385.1 Burkholderia thailandensis MSMB59 chromosome 1, complete sequence	BMF7_NODE_26_len_1074_cov_2_45145_ID_4813260.1
genomes/GCF_051560105.1.fna	genomes/MF7.fna	84.56	16.29	13.76	NZ_CM121439.1 Burkholderia pseudomallei strain TSV287_S chromosome 1, whole genome shotgun sequence	BMF7_NODE_26_len_1074_cov_2_45145_ID_4813260.1
genomes/GCF_002111005.1.fna	genomes/MF7.fna	84.56	15.98	13.48	NZ_CP018405.1 Burkholderia pseudomallei strain 2013746878 chromosome 1, complete sequence	BMF7_NODE_26_len_1074_cov_2_45145_ID_4813260.1
genomes/GCF_002110945.1.fna	genomes/MF7.fna	84.56	16.33	14.06	NZ_CP018380.1 Burkholderia pseudomallei strain 2008724734 chromosome 1, complete sequence	BMF7_NODE_26_len_1074_cov_2_45145_ID_4813260.1
genomes/GCF_033870395.1.fna	genomes/MF7.fna	84.56	18.62	12.48	NZ_CP124604.1 Burkholderia mallei strain Bogor chromosome, complete genome	BMF7_NODE_26_len_1074_cov_2_45145_ID_4813260.1
genomes/GCF_002111145.1.fna	genomes/MF7.fna	84.56	16.34	13.51	NZ_CP018387.1 Burkholderia pseudomallei strain 2010007509 chromosome 1, complete sequence	BMF7_NODE_26_len_1074_cov_2_45145_ID_4813260.1
genomes/GCF_017378355.1.fna	genomes/MF7.fna	84.56	16.16	13.43	NZ_CP071759.1 Burkholderia pseudomallei strain VBP21885 chromosome 1, complete sequence	BMF7_NODE_26_len_1074_cov_2_45145_ID_4813260.1
genomes/GCF_000959305.1.fna	genomes/MF7.fna	84.56	17.16	13.91	NZ_CP009545.1 Burkholderia pseudomallei strain MSHR668 chromosome I, complete sequence	BMF7_NODE_26_len_1074_cov_2_45145_ID_4813260.1
genomes/GCF_018228545.1.fna	genomes/MF7.fna	84.55	16.97	13.72	NZ_CP073740.1 Burkholderia pseudomallei strain AW9 chromosome 1, complete sequence	BMF7_NODE_26_len_1074_cov_2_45145_ID_4813260.1
genomes/GCF_002860065.1.fna	genomes/MF7.fna	84.55	16.35	13.59	NZ_CP019042.1 Burkholderia pseudomallei strain 14M0960418 chromosome 1, complete sequence	BMF7_NODE_26_len_1074_cov_2_45145_ID_4813260.1
genomes/GCF_000260515.1.fna	genomes/MF7.fna	84.55	16.35	13.61	NC_017831.1 Burkholderia pseudomallei 1026b chromosome 1, complete sequence	BMF7_NODE_26_len_1074_cov_2_45145_ID_4813260.1
genomes/GCF_003547035.1.fna	genomes/MF7.fna	84.55	16.74	13.69	NZ_CP025306.1 Burkholderia pseudomallei strain D286 chromosome 1, complete sequence	BMF7_NODE_26_len_1074_cov_2_45145_ID_4813260.1
genomes/GCF_001887575.1.fna	genomes/MF7.fna	84.55	16.37	13.74	NZ_CP016911.1 Burkholderia pseudomallei strain Burk178-Type2 chromosome 1, complete sequence	BMF7_NODE_26_len_1074_cov_2_45145_ID_4813260.1
genomes/GCA_036870995.1.fna	genomes/MF7.fna	84.54	15.95	13.47	CP145516.1 Burkholderia pseudomallei strain BP169 chromosome 1	BMF7_NODE_26_len_1074_cov_2_45145_ID_4813260.1
genomes/GCF_000755945.1.fna	genomes/MF7.fna	84.54	17.00	13.84	NZ_CP008892.1 Burkholderia pseudomallei MSHR5858 chromosome 1, complete sequence	BMF7_NODE_26_len_1074_cov_2_45145_ID_4813260.1
genomes/GCF_052854315.1.fna	genomes/MF7.fna	84.54	16.18	13.88	NZ_CP193436.1 Burkholderia pseudomallei strain Bp27 chromosome 1, complete sequence	BMF7_NODE_26_len_1074_cov_2_45145_ID_4813260.1
genomes/GCF_016864355.1.fna	genomes/MF7.fna	84.54	16.41	14.11	NZ_CP069360.1 Burkholderia pseudomallei strain VB29710 chromosome 1, complete sequence	BMF7_NODE_26_len_1074_cov_2_45145_ID_4813260.1
genomes/GCF_002111105.1.fna	genomes/MF7.fna	84.54	16.15	13.44	NZ_CP018418.1 Burkholderia pseudomallei strain 2002734728 chromosome 1, complete sequence	BMF7_NODE_26_len_1074_cov_2_45145_ID_4813260.1
genomes/GCF_002111125.1.fna	genomes/MF7.fna	84.54	16.08	13.96	NZ_CP018384.1 Burkholderia pseudomallei strain 2008724860 chromosome 1, complete sequence	BMF7_NODE_26_len_1074_cov_2_45145_ID_4813260.1
genomes/GCA_980298765.1.fna	genomes/MF7.fna	84.54	16.33	13.16	OZ412837.1 Burkholderia pseudomallei strain IHUMIBP5 genome assembly, chromosome: 1	BMF7_NODE_26_len_1074_cov_2_45145_ID_4813260.1
genomes/GCF_965199395.1.fna	genomes/MF7.fna	84.53	16.66	13.86	NZ_OZ241168.1 Burkholderia pseudomallei strain 21-07286_3 R#1 isolate 21-07286_3 chromosome 1, complete sequence	BMF7_NODE_26_len_1074_cov_2_45145_ID_4813260.1
genomes/GCF_051560085.1.fna	genomes/MF7.fna	84.53	16.75	13.85	NZ_CM121437.1 Burkholderia pseudomallei strain TSV270_S chromosome 1, whole genome shotgun sequence	BMF7_NODE_26_len_1074_cov_2_45145_ID_4813260.1
genomes/GCF_052854605.1.fna	genomes/MF7.fna	84.53	16.18	13.46	NZ_CP193441.1 Burkholderia pseudomallei strain Bp25 chromosome 1, complete sequence	BMF7_NODE_26_len_1074_cov_2_45145_ID_4813260.1
genomes/GCF_001887555.1.fna	genomes/MF7.fna	84.53	16.37	13.73	NZ_CP016909.1 Burkholderia pseudomallei strain Burk178-Type1 chromosome 1, complete sequence	BMF7_NODE_26_len_1074_cov_2_45145_ID_4813260.1
genomes/GCF_052857015.1.fna	genomes/MF7.fna	84.53	17.02	13.85	NZ_CP193462.1 Burkholderia pseudomallei strain Bp13 chromosome 1, complete sequence	BMF7_NODE_26_len_1074_cov_2_45145_ID_4813260.1
genomes/GCF_002111245.1.fna	genomes/MF7.fna	84.53	16.36	13.80	NZ_CP018402.1 Burkholderia pseudomallei strain 2013746877 chromosome 1, complete sequence	BMF7_NODE_26_len_1074_cov_2_45145_ID_4813260.1
genomes/GCF_000770565.1.fna	genomes/MF7.fna	84.53	15.43	13.87	NZ_CP009157.1 Burkholderia pseudomallei strain TSV202 chromosome 1, complete sequence	BMF7_NODE_26_len_1074_cov_2_45145_ID_4813260.1
genomes/GCF_030297295.1.fna	genomes/MF7.fna	84.53	16.41	13.55	NZ_AP028081.1 Burkholderia pseudomallei strain Tokushima chromosome 1, complete sequence	BMF7_NODE_26_len_1074_cov_2_45145_ID_4813260.1
genomes/GCF_001275585.1.fna	genomes/MF7.fna	84.53	16.46	13.50	NZ_CP012094.1 Burkholderia pseudomallei strain 350105 chromosome 1 sequence	BMF7_NODE_26_len_1074_cov_2_45145_ID_4813260.1
genomes/GCF_038983225.1.fna	genomes/MF7.fna	84.53	16.85	13.89	NZ_JAQIYP010000001.1 Burkholderia pseudomallei strain SCBP001 chromosome 1, whole genome shotgun sequence	BMF7_NODE_26_len_1074_cov_2_45145_ID_4813260.1
genomes/GCF_008728275.1.fna	genomes/MF7.fna	84.53	16.65	13.57	NZ_CP038216.1 Burkholderia pseudomallei strain Yap7 chromosome 1, complete sequence	BMF7_NODE_26_len_1074_cov_2_45145_ID_4813260.1
genomes/GCF_051560125.1.fna	genomes/MF7.fna	84.52	16.14	13.68	NZ_CM121441.1 Burkholderia pseudomallei strain TSV140_S chromosome 1, whole genome shotgun sequence	BMF7_NODE_26_len_1074_cov_2_45145_ID_4813260.1
genomes/GCF_000770455.1.fna	genomes/MF7.fna	84.51	16.66	13.93	NZ_CP009151.1 Burkholderia pseudomallei B03 chromosome 1, complete sequence	BMF7_NODE_26_len_1074_cov_2_45145_ID_4813260.1
genomes/GCF_002111165.1.fna	genomes/MF7.fna	84.51	16.55	13.99	NZ_CP018389.1 Burkholderia pseudomallei strain 2011756189 chromosome 1, complete sequence	BMF7_NODE_26_len_1074_cov_2_45145_ID_4813260.1
genomes/GCF_017378235.1.fna	genomes/MF7.fna	84.51	16.19	13.74	NZ_CP071751.1 Burkholderia pseudomallei strain VBM23831 chromosome 1, complete sequence	BMF7_NODE_26_len_1074_cov_2_45145_ID_4813260.1
genomes/GCF_017378195.1.fna	genomes/MF7.fna	84.51	16.10	13.57	NZ_CP071749.1 Burkholderia pseudomallei strain VBM21885 chromosome 1, complete sequence	BMF7_NODE_26_len_1074_cov_2_45145_ID_4813260.1
genomes/GCF_000756065.1.fna	genomes/MF7.fna	84.51	16.26	13.66	NZ_CP008784.1 Burkholderia pseudomallei MSHR5855 chromosome 1, complete sequence	BMF7_NODE_26_len_1074_cov_2_45145_ID_4813260.1
genomes/GCF_004348075.1.fna	genomes/MF7.fna	84.51	17.46	13.91	NZ_CP037760.1 Burkholderia pseudomallei strain BPs116 chromosome 1, complete sequence	BMF7_NODE_26_len_1074_cov_2_45145_ID_4813260.1
genomes/GCF_038983115.1.fna	genomes/MF7.fna	84.51	16.65	13.73	NZ_JAQIYQ010000001.1 Burkholderia pseudomallei strain SCBP007 chromosome 1, whole genome shotgun sequence	BMF7_NODE_26_len_1074_cov_2_45145_ID_4813260.1
genomes/GCF_000294635.1.fna	genomes/MF7.fna	84.50	16.65	13.71	NC_018527.1 Burkholderia pseudomallei BPC006 chromosome I, complete sequence	BMF7_NODE_26_len_1074_cov_2_45145_ID_4813260.1
genomes/GCF_001277975.1.fna	genomes/MF7.fna	84.50	16.57	13.71	NZ_CP012576.1 Burkholderia pseudomallei strain 982 chromosome 1, complete sequence	BMF7_NODE_26_len_1074_cov_2_45145_ID_4813260.1
genomes/GCF_965199925.1.fna	genomes/MF7.fna	84.50	16.57	13.97	NZ_OZ241391.1 Burkholderia pseudomallei strain 22-9817_3 R#1 isolate 22-9817_3 chromosome 1, complete sequence	BMF7_NODE_26_len_1074_cov_2_45145_ID_4813260.1
genomes/GCF_052855605.1.fna	genomes/MF7.fna	84.50	16.93	14.00	NZ_CP193453.1 Burkholderia pseudomallei strain Bp17 chromosome 1, complete sequence	BMF7_NODE_26_len_1074_cov_2_45145_ID_4813260.1
genomes/GCF_004842085.1.fna	genomes/MF7.fna	84.50	16.79	13.84	NZ_CP038805.1 Burkholderia pseudomallei strain HNBP001 chromosome 1, complete sequence	BMF7_NODE_26_len_1074_cov_2_45145_ID_4813260.1
genomes/GCF_017378155.1.fna	genomes/MF7.fna	84.50	16.33	13.87	NZ_CP071746.1 Burkholderia pseudomallei strain VBM21822 chromosome 1, complete sequence	BMF7_NODE_26_len_1074_cov_2_45145_ID_4813260.1
genomes/GCF_000953095.1.fna	genomes/MF7.fna	84.50	16.89	13.92	NZ_LK936442.1 Burkholderia pseudomallei strain C1 chromosome 1, complete sequence	BMF7_NODE_26_len_1074_cov_2_45145_ID_4813260.1
genomes/GCF_008728335.1.fna	genomes/MF7.fna	84.49	16.39	13.39	NZ_CP038222.1 Burkholderia pseudomallei strain Yap3a chromosome 1, complete sequence	BMF7_NODE_26_len_1074_cov_2_45145_ID_4813260.1
genomes/GCF_052855985.1.fna	genomes/MF7.fna	84.49	16.59	13.62	NZ_CP193458.1 Burkholderia pseudomallei strain Bp15 chromosome 1, complete sequence	BMF7_NODE_26_len_1074_cov_2_45145_ID_4813260.1
genomes/GCF_038448065.1.fna	genomes/MF7.fna	84.49	16.25	13.56	NZ_CP151812.1 Burkholderia pseudomallei strain SiteA-10J chromosome 1	BMF7_NODE_26_len_1074_cov_2_45145_ID_4813260.1
genomes/GCF_002111345.1.fna	genomes/MF7.fna	84.49	16.33	13.51	NZ_CP018372.1 Burkholderia pseudomallei strain 2002721171 chromosome 1, complete sequence	BMF7_NODE_26_len_1074_cov_2_45145_ID_4813260.1
genomes/GCF_017378315.2.fna	genomes/MF7.fna	84.49	16.76	13.78	NZ_CP071754.2 Burkholderia pseudomallei strain VBP364 chromosome 1, complete sequence	BMF7_NODE_26_len_1074_cov_2_45145_ID_4813260.1
genomes/GCF_001885195.1.fna	genomes/MF7.fna	84.48	15.91	13.33	NZ_CP018054.1 Burkholderia pseudomallei strain VB976100 chromosome 1, complete sequence	BMF7_NODE_26_len_1074_cov_2_45145_ID_4813260.1
genomes/GCF_004367705.1.fna	genomes/MF7.fna	84.48	17.24	13.78	NZ_CP037976.1 Burkholderia pseudomallei strain BPs112 isolate Melioidosis patient chromosome 1, complete sequence	BMF7_NODE_26_len_1074_cov_2_45145_ID_4813260.1
genomes/GCF_017378435.1.fna	genomes/MF7.fna	84.48	16.39	13.77	NZ_CP071761.1 Burkholderia pseudomallei strain VBP23831 chromosome 1, complete sequence	BMF7_NODE_26_len_1074_cov_2_45145_ID_4813260.1
genomes/GCF_965199425.1.fna	genomes/MF7.fna	84.48	16.69	13.84	NZ_OZ241174.1 Burkholderia pseudomallei strain 21-7286_3 R#2.1 isolate 21-7286_3 chromosome 1, complete sequence	BMF7_NODE_26_len_1074_cov_2_45145_ID_4813260.1
genomes/GCF_018228345.1.fna	genomes/MF7.fna	84.48	16.77	13.71	NZ_CP073722.1 Burkholderia pseudomallei strain WC19 chromosome 1, complete sequence	BMF7_NODE_26_len_1074_cov_2_45145_ID_4813260.1
genomes/GCF_000959345.1.fna	genomes/MF7.fna	84.47	16.07	13.65	NZ_CP009551.1 Burkholderia pseudomallei PB08298010 chromosome I, complete sequence	BMF7_NODE_26_len_1074_cov_2_45145_ID_4813260.1
genomes/GCF_000494855.1.fna	genomes/MF7.fna	84.47	16.60	14.02	NC_022659.1 Burkholderia pseudomallei NCTC 13179 chromosome 1, complete sequence	BMF7_NODE_26_len_1074_cov_2_45145_ID_4813260.1
genomes/GCF_002110985.1.fna	genomes/MF7.fna	84.47	15.85	13.32	NZ_CP018393.1 Burkholderia pseudomallei strain 2011756296 chromosome 1, complete sequence	BMF7_NODE_26_len_1074_cov_2_45145_ID_4813260.1
genomes/GCF_004526325.1.fna	genomes/MF7.fna	84.47	17.09	13.74	NZ_CP038195.1 Burkholderia pseudomallei strain BPs122 chromosome 1, complete sequence	BMF7_NODE_26_len_1074_cov_2_45145_ID_4813260.1
genomes/GCF_002110965.1.fna	genomes/MF7.fna	84.46	15.96	13.78	NZ_CP018391.1 Burkholderia pseudomallei strain 2011756295 chromosome 1, complete sequence	BMF7_NODE_26_len_1074_cov_2_45145_ID_4813260.1
genomes/GCF_002111225.1.fna	genomes/MF7.fna	84.46	16.71	13.85	NZ_CP018400.1 Burkholderia pseudomallei strain 2013746811 chromosome 1, complete sequence	BMF7_NODE_26_len_1074_cov_2_45145_ID_4813260.1
genomes/GCF_002111185.1.fna	genomes/MF7.fna	84.46	16.47	13.98	NZ_CP018395.1 Burkholderia pseudomallei strain 2013746776 chromosome 1, complete sequence	BMF7_NODE_26_len_1074_cov_2_45145_ID_4813260.1
genomes/GCF_000193475.1.fna	genomes/MF7.fna	84.46	16.46	13.67	NZ_CM000774.1 Burkholderia pseudomallei 1106b chromosome I, whole genome shotgun sequence	BMF7_NODE_26_len_1074_cov_2_45145_ID_4813260.1
genomes/GCF_000583835.1.fna	genomes/MF7.fna	84.46	16.02	13.73	NZ_CP004368.1 Burkholderia pseudomallei MSHR520 chromosome 1, complete sequence	BMF7_NODE_26_len_1074_cov_2_45145_ID_4813260.1
genomes/GCF_052858145.1.fna	genomes/MF7.fna	84.45	16.15	13.44	NZ_CP193468.1 Burkholderia pseudomallei strain Bp05 chromosome 1, complete sequence	BMF7_NODE_26_len_1074_cov_2_45145_ID_4813260.1
genomes/GCF_018228565.1.fna	genomes/MF7.fna	84.45	16.93	13.84	NZ_CP073734.1 Burkholderia pseudomallei strain AW17-23 chromosome 1, complete sequence	BMF7_NODE_26_len_1074_cov_2_45145_ID_4813260.1
genomes/GCF_018771365.1.fna	genomes/MF7.fna	84.45	16.36	13.89	NZ_CP076297.1 Burkholderia pseudomallei strain VBP21822 chromosome 1, complete sequence	BMF7_NODE_26_len_1074_cov_2_45145_ID_4813260.1
genomes/GCA_964417475.2.fna	genomes/MF7.fna	84.45	16.06	13.61	OZ259869.1 Burkholderia pseudomallei isolate None genome assembly, chromosome: 1	BMF7_NODE_26_len_1074_cov_2_45145_ID_4813260.1
genomes/GCF_000755765.1.fna	genomes/MF7.fna	84.45	15.98	13.69	NZ_CP009209.1 Burkholderia pseudomallei strain BDP chromosome 1, complete sequence	BMF7_NODE_26_len_1074_cov_2_45145_ID_4813260.1
genomes/GCF_000439695.1.fna	genomes/MF7.fna	84.44	15.98	13.66	NC_021884.1 Burkholderia pseudomallei MSHR305 chromosome 1, complete sequence	BMF7_NODE_26_len_1074_cov_2_45145_ID_4813260.1
genomes/GCF_000755905.1.fna	genomes/MF7.fna	84.44	16.49	13.62	NZ_CP008894.1 Burkholderia pseudomallei HBPUB10303a chromosome 1, complete sequence	BMF7_NODE_26_len_1074_cov_2_45145_ID_4813260.1
genomes/GCF_052857225.1.fna	genomes/MF7.fna	84.44	16.87	13.88	NZ_CP193463.1 Burkholderia pseudomallei strain Bp11 chromosome 1, complete sequence	BMF7_NODE_26_len_1074_cov_2_45145_ID_4813260.1
genomes/GCF_001975145.1.fna	genomes/MF7.fna	84.44	16.01	13.70	NZ_CP017052.1 Burkholderia pseudomallei strain MSHR3763 chromosome 1, complete sequence	BMF7_NODE_26_len_1074_cov_2_45145_ID_4813260.1
genomes/GCF_001975125.1.fna	genomes/MF7.fna	84.44	16.01	13.70	NZ_CP017050.1 Burkholderia pseudomallei strain MSHR4083 chromosome 1, complete sequence	BMF7_NODE_26_len_1074_cov_2_45145_ID_4813260.1
genomes/GCF_002111025.1.fna	genomes/MF7.fna	84.44	16.25	13.73	NZ_CP018406.1 Burkholderia pseudomallei strain 2013833055 chromosome 1, complete sequence	BMF7_NODE_26_len_1074_cov_2_45145_ID_4813260.1
genomes/GCF_052854885.1.fna	genomes/MF7.fna	84.44	16.12	13.54	NZ_CP193445.1 Burkholderia pseudomallei strain Bp23 chromosome 1, complete sequence	BMF7_NODE_26_len_1074_cov_2_45145_ID_4813260.1
genomes/GCA_038448705.1.fna	genomes/MF7.fna	84.43	16.41	13.72	CP151804.1 Burkholderia pseudomallei strain SiteE-6D chromosome 1	BMF7_NODE_26_len_1074_cov_2_45145_ID_4813260.1
genomes/GCF_003547015.1.fna	genomes/MF7.fna	84.43	16.45	13.59	NZ_CP025304.1 Burkholderia pseudomallei strain R15 chromosome R15.1, complete sequence	BMF7_NODE_26_len_1074_cov_2_45145_ID_4813260.1
genomes/GCF_005862325.1.fna	genomes/MF7.fna	84.43	16.47	13.47	NZ_CP040551.1 Burkholderia pseudomallei strain VB2514 chromosome 1, complete sequence	BMF7_NODE_26_len_1074_cov_2_45145_ID_4813260.1
genomes/GCA_965199775.1.fna	genomes/MF7.fna	84.42	16.57	13.32	OZ241381.1 Burkholderia pseudomallei strain 22-9817_4 R#1 genome assembly, chromosome: 1	BMF7_NODE_26_len_1074_cov_2_45145_ID_4813260.1
genomes/GCF_050320195.1.fna	genomes/MF7.fna	84.42	15.95	13.72	NZ_CP190013.1 Burkholderia pseudomallei strain 490f chromosome 1, complete sequence	BMF7_NODE_26_len_1074_cov_2_45145_ID_4813260.1
genomes/GCF_000770535.1.fna	genomes/MF7.fna	84.42	16.52	13.83	NZ_CP009165.1 Burkholderia pseudomallei A79A chromosome 1, complete sequence	BMF7_NODE_26_len_1074_cov_2_45145_ID_4813260.1
genomes/GCF_002110925.1.fna	genomes/MF7.fna	84.42	16.46	13.76	NZ_CP018376.1 Burkholderia pseudomallei strain 2002721684 chromosome 1, complete sequence	BMF7_NODE_26_len_1074_cov_2_45145_ID_4813260.1
genomes/GCF_965202565.1.fna	genomes/MF7.fna	84.41	16.64	14.09	NZ_OZ241824.1 Burkholderia pseudomallei strain 21-7286_4 R#1 isolate 21-7286_4 chromosome 1, complete sequence	BMF7_NODE_26_len_1074_cov_2_45145_ID_4813260.1
genomes/GCF_000755925.1.fna	genomes/MF7.fna	84.41	16.71	13.89	NZ_CP008911.1 Burkholderia pseudomallei HBPUB10134a chromosome 1, complete sequence	BMF7_NODE_26_len_1074_cov_2_45145_ID_4813260.1
genomes/GCF_003798365.1.fna	genomes/MF7.fna	84.40	16.67	13.78	NZ_CP033701.1 Burkholderia pseudomallei strain FDAARGOS_594 chromosome 1, complete sequence	BMF7_NODE_26_len_1074_cov_2_45145_ID_4813260.1
genomes/GCF_001975085.1.fna	genomes/MF7.fna	84.40	16.16	13.58	NZ_CP017046.1 Burkholderia pseudomallei strain MSHR6755 chromosome 1, complete sequence	BMF7_NODE_26_len_1074_cov_2_45145_ID_4813260.1
genomes/GCF_052854615.1.fna	genomes/MF7.fna	84.40	16.40	13.64	NZ_CP193444.1 Burkholderia pseudomallei strain Bp24 chromosome 1, complete sequence	BMF7_NODE_26_len_1074_cov_2_45145_ID_4813260.1
genomes/GCF_000511915.1.fna	genomes/MF7.fna	84.40	16.01	13.48	NZ_CP004003.1 Burkholderia pseudomallei NAU20B-16 chromosome 1, complete sequence	BMF7_NODE_26_len_1074_cov_2_45145_ID_4813260.1
genomes/GCF_000959265.1.fna	genomes/MF7.fna	84.40	15.84	13.46	NZ_CP009535.1 Burkholderia pseudomallei 7894 chromosome I, complete sequence	BMF7_NODE_26_len_1074_cov_2_45145_ID_4813260.1
genomes/GCF_965201125.1.fna	genomes/MF7.fna	84.39	16.11	13.82	NZ_OZ241753.1 Burkholderia pseudomallei strain 22-9817_5 R#1 isolate 22-9817_5 chromosome 1, complete sequence	BMF7_NODE_26_len_1074_cov_2_45145_ID_4813260.1
genomes/GCF_052855315.1.fna	genomes/MF7.fna	84.39	16.93	14.12	NZ_CP193452.1 Burkholderia pseudomallei strain Bp18 chromosome 1, complete sequence	BMF7_NODE_26_len_1074_cov_2_45145_ID_4813260.1
genomes/GCF_004367725.1.fna	genomes/MF7.fna	84.38	17.24	13.78	NZ_CP037972.1 Burkholderia pseudomallei strain BPs133 isolate Melioidosis patient chromosome 1, complete sequence	BMF7_NODE_26_len_1074_cov_2_45145_ID_4813260.1
genomes/GCF_965199835.1.fna	genomes/MF7.fna	84.37	16.15	13.78	NZ_OZ241393.1 Burkholderia pseudomallei strain 22-9817_4 R#2 isolate 22-9817_4 chromosome 1, complete sequence	BMF7_NODE_26_len_1074_cov_2_45145_ID_4813260.1
genomes/GCF_052855615.1.fna	genomes/MF7.fna	84.35	16.40	13.46	NZ_CP193455.1 Burkholderia pseudomallei strain Bp16 chromosome 1, complete sequence	BMF7_NODE_26_len_1074_cov_2_45145_ID_4813260.1
genomes/GCF_000770435.1.fna	genomes/MF7.fna	84.34	16.16	13.60	NZ_CP009271.1 Burkholderia pseudomallei MSHR1153 chromosome 1, complete sequence	BMF7_NODE_26_len_1074_cov_2_45145_ID_4813260.1
genomes/GCF_003798265.1.fna	genomes/MF7.fna	84.34	16.79	13.81	NZ_CP033705.1 Burkholderia pseudomallei strain FDAARGOS_592 chromosome 1, complete sequence	BMF7_NODE_26_len_1074_cov_2_45145_ID_4813260.1
genomes/GCF_052855305.1.fna	genomes/MF7.fna	84.32	16.69	13.99	NZ_CP193450.1 Burkholderia pseudomallei strain Bp19 chromosome 1, complete sequence	BMF7_NODE_26_len_1074_cov_2_45145_ID_4813260.1
genomes/GCF_002111285.1.fna	genomes/MF7.fna	84.32	15.98	13.67	NZ_CP018414.1 Burkholderia pseudomallei strain 3000047530 chromosome 1, complete sequence	BMF7_NODE_26_len_1074_cov_2_45145_ID_4813260.1
genomes/GCF_008728295.1.fna	genomes/MF7.fna	84.31	16.84	13.77	NZ_CP038218.1 Burkholderia pseudomallei strain Yap5 chromosome 1, complete sequence	BMF7_NODE_26_len_1074_cov_2_45145_ID_4813260.1
genomes/GCF_000959125.1.fna	genomes/MF7.fna	84.31	16.33	13.60	NZ_CP004379.1 Burkholderia pseudomallei 1026b chromosome 1, complete sequence	BMF7_NODE_26_len_1074_cov_2_45145_ID_4813260.1
genomes/GCF_002111265.1.fna	genomes/MF7.fna	84.30	16.04	13.56	NZ_CP018408.1 Burkholderia pseudomallei strain 2013833057 chromosome 1, complete sequence	BMF7_NODE_26_len_1074_cov_2_45145_ID_4813260.1
genomes/GCF_000182585.2.fna	genomes/MF7.fna	84.30	16.35	13.83	NC_012695.1 Burkholderia pseudomallei MSHR346 chromosome I, complete sequence	BMF7_NODE_26_len_1074_cov_2_45145_ID_4813260.1
genomes/GCF_003546995.3.fna	genomes/MF7.fna	84.29	16.26	13.64	NZ_CP025300.3 Burkholderia pseudomallei strain H10 chromosome 1, complete sequence	BMF7_NODE_26_len_1074_cov_2_45145_ID_4813260.1
genomes/GCF_004367685.1.fna	genomes/MF7.fna	84.28	17.22	13.82	NZ_CP037970.1 Burkholderia pseudomallei strain BPs123 chromosome 1, complete sequence	BMF7_NODE_26_len_1074_cov_2_45145_ID_4813260.1
genomes/GCF_002111385.1.fna	genomes/MF7.fna	84.27	15.99	13.71	NZ_CP018413.1 Burkholderia pseudomallei strain 3000015486 chromosome 1, complete sequence	BMF7_NODE_26_len_1074_cov_2_45145_ID_4813260.1
genomes/GCF_004367665.1.fna	genomes/MF7.fna	84.27	17.27	13.79	NZ_CP037974.1 Burkholderia pseudomallei strain BPs114 chromosome 1, complete sequence	BMF7_NODE_26_len_1074_cov_2_45145_ID_4813260.1
genomes/GCF_002111305.1.fna	genomes/MF7.fna	84.26	15.80	13.51	NZ_CP018416.1 Burkholderia pseudomallei strain 3000465972 chromosome 1, complete sequence	BMF7_NODE_26_len_1074_cov_2_45145_ID_4813260.1
genomes/GCF_000959145.1.fna	genomes/MF7.fna	84.26	16.59	13.88	NZ_CP009298.1 Burkholderia pseudomallei 406e chromosome 1, complete sequence	BMF7_NODE_26_len_1074_cov_2_45145_ID_4813260.1
genomes/GCF_008728255.1.fna	genomes/MF7.fna	84.25	16.81	13.74	NZ_CP038214.1 Burkholderia pseudomallei strain Yap6 chromosome 1, complete sequence	BMF7_NODE_26_len_1074_cov_2_45145_ID_4813260.1
genomes/MF6.fna	genomes/MF6.fna	100.00	100.00	100.00	cluster_001_consensus rotated=True rotated_gene=dnaA	cluster_001_consensus rotated=True rotated_gene=dnaA
genomes/MF7.fna	genomes/MF6.fna	100.00	89.07	99.25	BMF7_NODE_26_len_1074_cov_2_45145_ID_4813260.1	cluster_001_consensus rotated=True rotated_gene=dnaA
genomes/GCF_016899425.1.fna	genomes/MF6.fna	99.71	97.23	96.59	NZ_CP045994.1 Burkholderia sp. MS389 chromosome 1, complete sequence	cluster_001_consensus rotated=True rotated_gene=dnaA
genomes/GCF_905400185.1.fna	genomes/MF6.fna	99.50	92.66	96.41	NZ_FR989675.1 Burkholderia sola strain R-12632 substr. R-12632 chromosome 1	cluster_001_consensus rotated=True rotated_gene=dnaA
genomes/GCF_905400495.1.fna	genomes/MF6.fna	99.50	92.44	96.05	NZ_FR989795.1 Burkholderia sola strain R-12632 substr. R-75721 chromosome 1	cluster_001_consensus rotated=True rotated_gene=dnaA
genomes/GCF_905400155.1.fna	genomes/MF6.fna	99.50	92.44	96.20	NZ_FR989683.1 Burkholderia sola strain R-12632 substr. R-75386 chromosome 1	cluster_001_consensus rotated=True rotated_gene=dnaA
genomes/GCF_905400195.1.fna	genomes/MF6.fna	99.50	92.25	95.58	NZ_FR989691.1 Burkholderia sola strain R-12632 substr. R-75388 chromosome 1	cluster_001_consensus rotated=True rotated_gene=dnaA
genomes/GCF_905400225.1.fna	genomes/MF6.fna	99.50	92.34	96.17	NZ_FR989687.1 Burkholderia sola strain R-12632 substr. R-75387 chromosome 1	cluster_001_consensus rotated=True rotated_gene=dnaA
genomes/GCF_905400235.1.fna	genomes/MF6.fna	99.50	92.36	96.19	NZ_FR989671.1 Burkholderia sola strain R-12632 substr. R-75384 chromosome 1	cluster_001_consensus rotated=True rotated_gene=dnaA
genomes/GCF_905400265.1.fna	genomes/MF6.fna	99.50	92.32	96.18	NZ_FR989695.1 Burkholderia sola strain R-12632 substr. R-75385 chromosome 1	cluster_001_consensus rotated=True rotated_gene=dnaA
genomes/GCF_905400285.1.fna	genomes/MF6.fna	99.50	92.41	96.17	NZ_FR989727.1 Burkholderia sola strain R-12632 substr. R-75499 chromosome 1	cluster_001_consensus rotated=True rotated_gene=dnaA
genomes/GCF_905400325.1.fna	genomes/MF6.fna	99.50	92.51	96.18	NZ_FR989711.1 Burkholderia sola strain R-12632 substr. R-75592 chromosome 1	cluster_001_consensus rotated=True rotated_gene=dnaA
genomes/GCF_905400445.1.fna	genomes/MF6.fna	99.50	92.40	96.19	NZ_FR989759.1 Burkholderia sola strain R-12632 substr. R-75601 chromosome 1	cluster_001_consensus rotated=True rotated_gene=dnaA
genomes/GCF_905400335.1.fna	genomes/MF6.fna	99.50	92.45	96.20	NZ_FR989707.1 Burkholderia sola strain R-12632 substr. R-75500 chromosome 1	cluster_001_consensus rotated=True rotated_gene=dnaA
genomes/GCF_905400465.1.fna	genomes/MF6.fna	99.50	92.36	96.11	NZ_FR989763.1 Burkholderia sola strain R-12632 substr. R-75598 chromosome 1	cluster_001_consensus rotated=True rotated_gene=dnaA
genomes/GCF_905400345.1.fna	genomes/MF6.fna	99.50	92.36	96.17	NZ_FR989703.1 Burkholderia sola strain R-12632 substr. R-75502 chromosome 1	cluster_001_consensus rotated=True rotated_gene=dnaA
genomes/GCF_905400475.1.fna	genomes/MF6.fna	99.50	92.36	96.10	NZ_FR989783.1 Burkholderia sola strain R-12632 substr. R-75722 chromosome 1	cluster_001_consensus rotated=True rotated_gene=dnaA
genomes/GCF_905400525.1.fna	genomes/MF6.fna	99.50	92.42	96.17	NZ_FR989803.1 Burkholderia sola strain R-12632 substr. R-75717 chromosome 1	cluster_001_consensus rotated=True rotated_gene=dnaA
genomes/GCF_905400425.1.fna	genomes/MF6.fna	99.50	92.34	96.18	NZ_FR989771.1 Burkholderia sola strain R-12632 substr. R-75602 chromosome 1	cluster_001_consensus rotated=True rotated_gene=dnaA
genomes/GCF_905400535.1.fna	genomes/MF6.fna	99.50	92.42	96.17	NZ_FR989799.1 Burkholderia sola strain R-12632 substr. R-75723 chromosome 1	cluster_001_consensus rotated=True rotated_gene=dnaA
genomes/GCF_905400485.1.fna	genomes/MF6.fna	99.50	92.36	96.18	NZ_FR989779.1 Burkholderia sola strain R-12632 substr. R-75719 chromosome 1	cluster_001_consensus rotated=True rotated_gene=dnaA
genomes/GCF_905400555.1.fna	genomes/MF6.fna	99.50	92.37	96.19	NZ_FR989819.1 Burkholderia sola strain R-12632 substr. R-75724 chromosome 1	cluster_001_consensus rotated=True rotated_gene=dnaA
genomes/GCF_905400375.1.fna	genomes/MF6.fna	99.48	92.31	96.09	NZ_FR989743.1 Burkholderia sola strain R-12632 substr. R-75595 chromosome 1	cluster_001_consensus rotated=True rotated_gene=dnaA
genomes/GCF_905400435.1.fna	genomes/MF6.fna	99.48	92.32	96.10	NZ_FR989755.1 Burkholderia sola strain R-12632 substr. R-75600 chromosome 1	cluster_001_consensus rotated=True rotated_gene=dnaA
genomes/GCF_905400395.1.fna	genomes/MF6.fna	99.48	92.37	95.91	NZ_FR989735.1 Burkholderia sola strain R-12632 substr. R-75594 chromosome 1	cluster_001_consensus rotated=True rotated_gene=dnaA
genomes/GCF_905400405.1.fna	genomes/MF6.fna	99.48	92.41	96.11	NZ_FR989767.1 Burkholderia sola strain R-12632 substr. R-75715 chromosome 1	cluster_001_consensus rotated=True rotated_gene=dnaA
genomes/GCF_905400415.1.fna	genomes/MF6.fna	99.48	92.16	94.64	NZ_FR989751.1 Burkholderia sola strain R-12632 substr. R-75599 chromosome 1	cluster_001_consensus rotated=True rotated_gene=dnaA
genomes/GCF_905400455.1.fna	genomes/MF6.fna	99.48	92.26	96.07	NZ_FR989775.1 Burkholderia sola strain R-12632 substr. R-75714 chromosome 1	cluster_001_consensus rotated=True rotated_gene=dnaA
genomes/GCF_905400545.1.fna	genomes/MF6.fna	99.48	92.32	96.09	NZ_FR989791.1 Burkholderia sola strain R-12632 substr. R-75720 chromosome 1	cluster_001_consensus rotated=True rotated_gene=dnaA
genomes/GCF_905400365.1.fna	genomes/MF6.fna	99.48	92.31	96.09	NZ_FR989731.1 Burkholderia sola strain R-12632 substr. R-75593 chromosome 1	cluster_001_consensus rotated=True rotated_gene=dnaA
genomes/GCF_905400565.1.fna	genomes/MF6.fna	99.48	92.29	96.04	NZ_FR989811.1 Burkholderia sola strain R-12632 substr. R-75725 chromosome 1	cluster_001_consensus rotated=True rotated_gene=dnaA
genomes/GCF_905400575.1.fna	genomes/MF6.fna	99.48	92.38	96.06	NZ_FR989815.1 Burkholderia sola strain R-12632 substr. R-75726 chromosome 1	cluster_001_consensus rotated=True rotated_gene=dnaA
genomes/GCF_905400275.1.fna	genomes/MF6.fna	99.45	91.95	95.55	NZ_FR989723.1 Burkholderia sola strain R-12632 substr. R-75501 chromosome 1	cluster_001_consensus rotated=True rotated_gene=dnaA
genomes/GCF_905400295.1.fna	genomes/MF6.fna	99.45	91.98	95.71	NZ_FR989719.1 Burkholderia sola strain R-12632 substr. R-75390 chromosome 1	cluster_001_consensus rotated=True rotated_gene=dnaA
genomes/GCF_905400305.1.fna	genomes/MF6.fna	99.45	91.97	95.72	NZ_FR989699.1 Burkholderia sola strain R-12632 substr. R-75587 chromosome 1	cluster_001_consensus rotated=True rotated_gene=dnaA
genomes/GCF_905400315.1.fna	genomes/MF6.fna	99.45	92.00	95.74	NZ_FR989715.1 Burkholderia sola strain R-12632 substr. R-75588 chromosome 1	cluster_001_consensus rotated=True rotated_gene=dnaA
genomes/GCF_905400385.1.fna	genomes/MF6.fna	99.45	92.00	95.76	NZ_FR989747.1 Burkholderia sola strain R-12632 substr. R-75596 chromosome 1	cluster_001_consensus rotated=True rotated_gene=dnaA
genomes/GCF_905400515.1.fna	genomes/MF6.fna	99.45	91.91	94.81	NZ_FR989807.1 Burkholderia sola strain R-12632 substr. R-75716 chromosome 1	cluster_001_consensus rotated=True rotated_gene=dnaA
genomes/GCF_905400355.1.fna	genomes/MF6.fna	99.45	91.97	95.71	NZ_FR989739.1 Burkholderia sola strain R-12632 substr. R-75597 chromosome 1	cluster_001_consensus rotated=True rotated_gene=dnaA
genomes/GCF_905400215.1.fna	genomes/MF6.fna	99.45	92.02	95.74	NZ_FR989679.1 Burkholderia sola strain R-12632 substr. R-75389 chromosome 1	cluster_001_consensus rotated=True rotated_gene=dnaA
genomes/GCF_905400505.1.fna	genomes/MF6.fna	99.45	92.02	95.76	NZ_FR989787.1 Burkholderia sola strain R-12632 substr. R-75718 chromosome 1	cluster_001_consensus rotated=True rotated_gene=dnaA
genomes/GCF_018417615.1.fna	genomes/MF6.fna	99.39	95.11	93.64	NZ_CP071052.1 Burkholderia sp. LAS2 chromosome 1	cluster_001_consensus rotated=True rotated_gene=dnaA
genomes/GCF_053038975.1.fna	genomes/MF6.fna	96.14	84.34	82.32	NZ_CP199959.1 Burkholderia sola strain BC00107 chromosome 1, complete sequence	cluster_001_consensus rotated=True rotated_gene=dnaA
genomes/GCF_053209605.1.fna	genomes/MF6.fna	96.11	84.41	82.36	NZ_CP199985.1 Burkholderia sola strain BC00106 chromosome 1, complete sequence	cluster_001_consensus rotated=True rotated_gene=dnaA
genomes/GCF_003966315.1.fna	genomes/MF6.fna	95.32	76.35	78.68	NZ_CP034545.1 Burkholderia cenocepacia strain YG-3 chromosome 1, complete sequence	cluster_001_consensus rotated=True rotated_gene=dnaA
genomes/GCF_001718515.1.fna	genomes/MF6.fna	94.87	81.26	65.97	NZ_CP013397.1 Burkholderia cenocepacia strain FL-5-3-30-S1-D7 chromosome 1, complete sequence	cluster_001_consensus rotated=True rotated_gene=dnaA
genomes/GCF_014211915.1.fna	genomes/MF6.fna	94.65	76.87	75.00	NZ_CP060039.1 Burkholderia cenocepacia strain PS27 chromosome 1, complete sequence	cluster_001_consensus rotated=True rotated_gene=dnaA
genomes/GCF_001547525.1.fna	genomes/MF6.fna	94.65	81.13	75.67	NZ_CM003768.1 Burkholderia anthina strain AZ-4-2-10-S1-D7 chromosome 1, whole genome shotgun sequence	cluster_001_consensus rotated=True rotated_gene=dnaA
genomes/GCF_003076415.1.fna	genomes/MF6.fna	94.65	77.69	70.41	NZ_CP021067.1 Burkholderia cenocepacia strain PC184 Mulks chromosome 1, complete sequence	cluster_001_consensus rotated=True rotated_gene=dnaA
genomes/GCF_012273415.1.fna	genomes/MF6.fna	94.65	78.05	72.54	NZ_CP050980.1 Burkholderia cenocepacia strain FDAARGOS_720 chromosome 1	cluster_001_consensus rotated=True rotated_gene=dnaA
genomes/GCF_040735455.1.fna	genomes/MF6.fna	94.53	79.39	77.19	NZ_CP136803.1 Burkholderia semiarida strain HNBS001 chromosome 1, complete sequence	cluster_001_consensus rotated=True rotated_gene=dnaA
genomes/GCF_001999825.1.fna	genomes/MF6.fna	94.53	78.85	74.78	NZ_CP019670.1 Burkholderia cenocepacia strain VC12802 chromosome 1, complete sequence	cluster_001_consensus rotated=True rotated_gene=dnaA
genomes/GCF_001999785.1.fna	genomes/MF6.fna	94.51	78.79	75.78	NZ_CP019668.1 Burkholderia cenocepacia strain VC7848 chromosome, complete genome	cluster_001_consensus rotated=True rotated_gene=dnaA
genomes/GCF_002007585.1.fna	genomes/MF6.fna	94.51	75.34	74.05	NZ_CP017238.1 Burkholderia cenocepacia strain CR318 chromosome 1, complete sequence	cluster_001_consensus rotated=True rotated_gene=dnaA
genomes/GCF_001606115.1.fna	genomes/MF6.fna	94.50	69.82	72.97	NZ_CP015033.1 Burkholderia cenocepacia strain 842 chromosome 1, complete sequence	cluster_001_consensus rotated=True rotated_gene=dnaA
genomes/GCF_039728355.1.fna	genomes/MF6.fna	94.50	67.41	71.49	NZ_CP155787.1 Burkholderia cenocepacia strain TY921 chromosome 1, complete sequence	cluster_001_consensus rotated=True rotated_gene=dnaA
genomes/GCF_018228625.1.fna	genomes/MF6.fna	94.50	68.65	71.69	NZ_CP073702.1 Burkholderia cenocepacia strain toggle3 chromosome 1, complete sequence	cluster_001_consensus rotated=True rotated_gene=dnaA
genomes/GCF_904865725.1.fna	genomes/MF6.fna	94.41	70.81	72.13	NZ_LR890523.1 Burkholderia cepacia isolate MINF_4A-sc-2280433 chromosome 1, complete sequence	cluster_001_consensus rotated=True rotated_gene=dnaA
genomes/GCF_037101275.1.fna	genomes/MF6.fna	94.41	77.19	75.37	NZ_AP029051.1 Burkholderia contaminans strain GalA64 chromosome 1, complete sequence	cluster_001_consensus rotated=True rotated_gene=dnaA
genomes/GCA_903231545.1.fna	genomes/MF6.fna	94.39	36.84	72.09	LR798193.1 Burkholderia cenocepacia strain IST439 genome assembly, chromosome: 1	cluster_001_consensus rotated=True rotated_gene=dnaA
genomes/GCF_001718895.1.fna	genomes/MF6.fna	94.39	72.22	72.06	NZ_CP013450.1 Burkholderia cenocepacia strain MSMB384WGS chromosome 1, complete sequence	cluster_001_consensus rotated=True rotated_gene=dnaA
genomes/GCF_000755805.1.fna	genomes/MF6.fna	94.39	69.13	72.23	NZ_CP007787.1 Burkholderia cepacia strain DDS 7H-2 chromosome 1, complete sequence	cluster_001_consensus rotated=True rotated_gene=dnaA
genomes/GCF_001606135.1.fna	genomes/MF6.fna	94.38	64.49	72.21	NZ_CP015036.1 Burkholderia cenocepacia strain 895 chromosome 1, complete sequence	cluster_001_consensus rotated=True rotated_gene=dnaA
genomes/GCF_001484665.1.fna	genomes/MF6.fna	94.38	68.22	70.77	NZ_CP011917.1 Burkholderia cenocepacia strain ST32 isolate 1232 chromosome 1, complete sequence	cluster_001_consensus rotated=True rotated_gene=dnaA
genomes/GCF_001999925.1.fna	genomes/MF6.fna	94.38	68.18	71.50	NZ_CP019678.1 Burkholderia cenocepacia strain VC1254 chromosome 1, complete sequence	cluster_001_consensus rotated=True rotated_gene=dnaA
genomes/GCF_045345775.1.fna	genomes/MF6.fna	94.28	78.81	76.92	NZ_CP174276.1 Burkholderia semiarida strain SYBS718 chromosome 1, complete sequence	cluster_001_consensus rotated=True rotated_gene=dnaA
genomes/GCF_030374675.1.fna	genomes/MF6.fna	94.28	76.96	77.40	NZ_CP126320.1 Burkholderia anthina strain SO82 chromosome 1, complete sequence	cluster_001_consensus rotated=True rotated_gene=dnaA
genomes/GCF_001522585.2.fna	genomes/MF6.fna	94.26	77.28	70.16	NZ_CP013373.1 Burkholderia sp. NRF60-BP8 chromosome 1, complete sequence	cluster_001_consensus rotated=True rotated_gene=dnaA
genomes/GCF_041205585.2.fna	genomes/MF6.fna	94.26	72.15	68.29	NZ_CM145221.1 Burkholderia cenocepacia strain GIMC4612:Bcn34P14 chromosome 1, whole genome shotgun sequence	cluster_001_consensus rotated=True rotated_gene=dnaA
genomes/GCF_023374335.1.fna	genomes/MF6.fna	94.26	72.75	71.38	NZ_CP090676.1 Burkholderia cenocepacia strain 2019Y71443953II chromosome 1, complete sequence	cluster_001_consensus rotated=True rotated_gene=dnaA
genomes/GCF_023896315.1.fna	genomes/MF6.fna	94.26	73.02	71.76	NZ_JAKFAD010000002.1 Burkholderia cenocepacia strain 2011Ycf942II chromosome 1, whole genome shotgun sequence	cluster_001_consensus rotated=True rotated_gene=dnaA
genomes/GCF_023374855.1.fna	genomes/MF6.fna	94.26	73.02	71.65	NZ_CP090763.1 Burkholderia cenocepacia strain 2008Ycf657 chromosome 1, complete sequence	cluster_001_consensus rotated=True rotated_gene=dnaA
genomes/GCF_001999885.1.fna	genomes/MF6.fna	94.26	73.03	71.50	NZ_CP019674.1 Burkholderia cenocepacia strain VC12308 chromosome 1, complete sequence	cluster_001_consensus rotated=True rotated_gene=dnaA
genomes/GCF_024730645.1.fna	genomes/MF6.fna	94.26	74.42	71.99	NZ_CP078070.1 Burkholderia sp. EMB26 chromosome 1, complete sequence	cluster_001_consensus rotated=True rotated_gene=dnaA
genomes/GCF_014357995.1.fna	genomes/MF6.fna	94.25	70.22	69.71	NZ_CP053300.1 Burkholderia cenocepacia strain K56-2 chromosome 1, complete sequence	cluster_001_consensus rotated=True rotated_gene=dnaA
genomes/GCF_018223765.1.fna	genomes/MF6.fna	94.13	69.43	71.72	NZ_CP073673.1 Burkholderia cenocepacia strain toggle2 chromosome 1, complete sequence	cluster_001_consensus rotated=True rotated_gene=dnaA
genomes/GCF_018223805.1.fna	genomes/MF6.fna	94.13	71.11	72.12	NZ_CP073674.1 Burkholderia cenocepacia strain toggle4 chromosome 1, complete sequence	cluster_001_consensus rotated=True rotated_gene=dnaA
genomes/GCF_023896215.1.fna	genomes/MF6.fna	94.13	73.08	71.76	NZ_JAKFAK010000002.1 Burkholderia cenocepacia strain 2009Ycf238I chromosome 1, whole genome shotgun sequence	cluster_001_consensus rotated=True rotated_gene=dnaA
genomes/GCF_023374835.1.fna	genomes/MF6.fna	94.13	73.08	71.71	NZ_CP090760.1 Burkholderia cenocepacia strain 2009Ycf95III chromosome 1, complete sequence	cluster_001_consensus rotated=True rotated_gene=dnaA
genomes/GCF_001999805.1.fna	genomes/MF6.fna	94.13	68.53	69.57	NZ_CP019666.1 Burkholderia cenocepacia strain VC2307 chromosome 1, complete sequence	cluster_001_consensus rotated=True rotated_gene=dnaA
genomes/GCF_028462345.2.fna	genomes/MF6.fna	94.12	70.80	71.59	NZ_CM145218.1 Burkholderia cenocepacia strain GIMC4599:Bcn23P15 chromosome 1, whole genome shotgun sequence	cluster_001_consensus rotated=True rotated_gene=dnaA
genomes/GCF_013349105.1.fna	genomes/MF6.fna	94.12	68.18	70.39	NZ_CP054817.1 Burkholderia cenocepacia strain FDAARGOS_734 chromosome 1, complete sequence	cluster_001_consensus rotated=True rotated_gene=dnaA
genomes/GCF_025643575.1.fna	genomes/MF6.fna	94.12	68.74	70.27	NZ_CP102475.1 Burkholderia cenocepacia strain NML110041 chromosome 1, complete sequence	cluster_001_consensus rotated=True rotated_gene=dnaA
genomes/GCF_023704255.1.fna	genomes/MF6.fna	94.12	69.85	69.74	NZ_CP098497.1 Burkholderia cenocepacia strain C6433 chromosome 1	cluster_001_consensus rotated=True rotated_gene=dnaA
genomes/GCF_002083015.1.fna	genomes/MF6.fna	93.99	68.90	71.07	NZ_CP020599.1 Burkholderia cenocepacia strain GIMC4560:Bcn122 chromosome 1, complete sequence	cluster_001_consensus rotated=True rotated_gene=dnaA
genomes/GCA_059696275.1.fna	genomes/MF6.fna	93.96	65.24	27.01	AP040121.1 Burkholderia sp. SJ1 DNA, chromosome 2, complete sequence	cluster_001_consensus rotated=True rotated_gene=dnaA
genomes/GCF_984669565.1.fna	genomes/MF6.fna	92.61	59.06	64.32	NZ_OZ480231.1 Burkholderia arboris strain R-10957 isolate R-10957 chromosome R10957_1, complete sequence	cluster_001_consensus rotated=True rotated_gene=dnaA
genomes/GCF_000701165.1.fna	genomes/MF6.fna	92.51	59.07	64.24	NZ_CP013730.1 Burkholderia cepacia JBK9 chromosome 1, complete sequence	cluster_001_consensus rotated=True rotated_gene=dnaA
genomes/GCF_024381035.2.fna	genomes/MF6.fna	92.51	58.59	64.42	NZ_CP101524.1 Burkholderia arboris strain MEC_B345 chromosome 1, complete sequence	cluster_001_consensus rotated=True rotated_gene=dnaA
genomes/GCF_057369595.1.fna	genomes/MF6.fna	92.51	60.12	64.37	NZ_CM170668.1 Burkholderia cepacia complex sp. TUM26381 chromosome TUM26381_c1, whole genome shotgun sequence	cluster_001_consensus rotated=True rotated_gene=dnaA
genomes/GCF_057439935.1.fna	genomes/MF6.fna	92.51	60.12	64.37	NZ_CM172006.1 Burkholderia cepacia complex sp. TUM26381 chromosome 1, whole genome shotgun sequence	cluster_001_consensus rotated=True rotated_gene=dnaA
genomes/GCF_984667665.1.fna	genomes/MF6.fna	92.51	59.63	64.29	NZ_OZ480169.1 Burkholderia arboris strain LMG 24066 isolate LMG 24066 chromosome LMG24066_1, complete sequence	cluster_001_consensus rotated=True rotated_gene=dnaA
genomes/GCF_984668265.1.fna	genomes/MF6.fna	92.51	60.96	64.28	NZ_OZ480208.1 Burkholderia arboris strain R-18163 isolate R-18163 chromosome R18163_1, complete sequence	cluster_001_consensus rotated=True rotated_gene=dnaA
genomes/GCF_038723655.1.fna	genomes/MF6.fna	92.42	58.99	64.14	NZ_CP109821.1 Burkholderia arboris strain PN-1 chromosome 1, complete sequence	cluster_001_consensus rotated=True rotated_gene=dnaA
genomes/GCF_984667725.1.fna	genomes/MF6.fna	92.42	59.64	65.39	NZ_OZ480174.1 Burkholderia arboris strain R-13059 isolate R-13059 chromosome R13059_1, complete sequence	cluster_001_consensus rotated=True rotated_gene=dnaA
genomes/GCF_984669705.1.fna	genomes/MF6.fna	92.42	65.29	68.32	NZ_OZ480242.1 Burkholderia sp. LMG 34232 chromosome LMG34232_1, complete sequence	cluster_001_consensus rotated=True rotated_gene=dnaA
genomes/GCF_984668395.1.fna	genomes/MF6.fna	92.42	59.61	65.39	NZ_OZ480205.1 Burkholderia arboris strain R-1925 isolate R-1925 chromosome R1925_1, complete sequence	cluster_001_consensus rotated=True rotated_gene=dnaA
genomes/GCF_984667835.1.fna	genomes/MF6.fna	92.34	57.83	64.11	NZ_OZ480193.1 Burkholderia arboris strain LMG 14939 isolate LMG 14939 chromosome LMG14939_1, complete sequence	cluster_001_consensus rotated=True rotated_gene=dnaA
genomes/GCF_984667945.1.fna	genomes/MF6.fna	92.34	58.94	64.09	NZ_OZ480177.1 Burkholderia arboris strain LMG 24269 isolate LMG 24269 chromosome LMG24269_1, complete sequence	cluster_001_consensus rotated=True rotated_gene=dnaA
genomes/GCF_984669415.1.fna	genomes/MF6.fna	92.34	58.94	64.09	NZ_OZ480226.1 Burkholderia arboris strain R-72680 isolate R-72680 chromosome R72680_1, complete sequence	cluster_001_consensus rotated=True rotated_gene=dnaA
genomes/GCF_040761425.1.fna	genomes/MF6.fna	92.25	60.99	66.33	NZ_CP142886.1 Burkholderia sp. Ed8 chromosome 1, complete sequence	cluster_001_consensus rotated=True rotated_gene=dnaA
genomes/GCF_984667895.1.fna	genomes/MF6.fna	92.25	57.77	63.94	NZ_OZ480182.1 Burkholderia arboris strain R-22599 isolate R-22599 chromosome R22599_1, complete sequence	cluster_001_consensus rotated=True rotated_gene=dnaA
genomes/GCF_984667955.1.fna	genomes/MF6.fna	92.25	66.01	59.78	NZ_OZ480214.1 Burkholderia arboris strain R-132 isolate R-132 chromosome R132_1, complete sequence	cluster_001_consensus rotated=True rotated_gene=dnaA
genomes/GCF_984669335.1.fna	genomes/MF6.fna	92.25	58.90	64.31	NZ_OZ480223.1 Burkholderia arboris strain R-8833 isolate R-8833 chromosome R8833_1, complete sequence	cluster_001_consensus rotated=True rotated_gene=dnaA
genomes/GCF_984668005.1.fna	genomes/MF6.fna	92.25	59.15	64.38	NZ_OZ480190.1 Burkholderia arboris strain R-16036 isolate R-16036 chromosome R16036_1, complete sequence	cluster_001_consensus rotated=True rotated_gene=dnaA
genomes/GCF_984671675.1.fna	genomes/MF6.fna	92.25	65.01	58.92	NZ_OZ480245.1 Burkholderia sp. LMG 33096 strain R-18413 isolate R-18413 chromosome R18413_1, complete sequence	cluster_001_consensus rotated=True rotated_gene=dnaA
genomes/GCF_984669685.1.fna	genomes/MF6.fna	92.25	57.77	63.94	NZ_OZ480238.1 Burkholderia arboris strain LMG 24270 isolate LMG 24270 chromosome LMG24270_1, complete sequence	cluster_001_consensus rotated=True rotated_gene=dnaA
genomes/GCF_000705535.2.fna	genomes/MF6.fna	92.21	64.72	66.58	NZ_CP072520.1 Burkholderia seminalis strain 869T2 chromosome 1, complete sequence	cluster_001_consensus rotated=True rotated_gene=dnaA
genomes/GCF_984669265.1.fna	genomes/MF6.fna	92.21	66.43	65.82	NZ_OZ480217.1 Burkholderia sp. LMG 34232 strain R-50709 isolate R-50709 chromosome R50709_1, complete sequence	cluster_001_consensus rotated=True rotated_gene=dnaA
genomes/GCF_001718535.1.fna	genomes/MF6.fna	92.13	68.07	66.77	NZ_CP013398.1 Burkholderia seminalis strain FL-5-4-10-S1-D7 chromosome 1, complete sequence	cluster_001_consensus rotated=True rotated_gene=dnaA
genomes/GCF_984668525.1.fna	genomes/MF6.fna	92.05	65.57	66.96	NZ_OZ480211.1 Burkholderia sp. LMG 34232 strain R-24929 isolate R-24929 chromosome R24929_1, complete sequence	cluster_001_consensus rotated=True rotated_gene=dnaA
genomes/GCF_984669325.1.fna	genomes/MF6.fna	92.05	65.41	59.15	NZ_OZ480220.1 Burkholderia sp. LMG 33096 strain R-72673 isolate R-72673 chromosome R72673_1, complete sequence	cluster_001_consensus rotated=True rotated_gene=dnaA
genomes/GCF_984668195.1.fna	genomes/MF6.fna	92.05	58.45	63.01	NZ_OZ480201.1 Burkholderia sp. LMG 33096 strain R-14554 isolate R-14554 chromosome R14554_1, complete sequence	cluster_001_consensus rotated=True rotated_gene=dnaA
genomes/GCF_984668355.1.fna	genomes/MF6.fna	92.05	59.35	62.87	NZ_OZ480198.1 Burkholderia sp. LMG 33096 strain R-20536 isolate R-20536 chromosome R20536_1, complete sequence	cluster_001_consensus rotated=True rotated_gene=dnaA
genomes/GCF_984667975.1.fna	genomes/MF6.fna	91.97	59.13	63.11	NZ_OZ480186.1 Burkholderia sp. LMG 33096 chromosome R71783_1, complete sequence	cluster_001_consensus rotated=True rotated_gene=dnaA
genomes/GCF_022809715.1.fna	genomes/MF6.fna	91.90	64.57	63.71	NZ_CP094459.1 Burkholderia pyrrocinia strain JK-SH007 chromosome 1, complete sequence	cluster_001_consensus rotated=True rotated_gene=dnaA
genomes/GCF_984671695.1.fna	genomes/MF6.fna	91.90	63.30	60.16	NZ_OZ480247.1 Burkholderia arboris strain R-16920 isolate R-16920 chromosome R16920_1, complete sequence	cluster_001_consensus rotated=True rotated_gene=dnaA
genomes/GCF_038452255.1.fna	genomes/MF6.fna	91.83	59.88	61.76	NZ_CP150849.1 Burkholderia pyrrocinia strain BX1 chromosome 1, complete sequence	cluster_001_consensus rotated=True rotated_gene=dnaA
genomes/GCF_056640905.1.fna	genomes/MF6.fna	91.83	55.41	62.48	NZ_CM153254.1 Burkholderia pyrrocinia strain B26 chromosome 1, whole genome shotgun sequence	cluster_001_consensus rotated=True rotated_gene=dnaA
genomes/GCF_059089405.1.fna	genomes/MF6.fna	91.77	61.73	63.76	NZ_CM180997.1 Burkholderia pyrrocinia strain NP46 chromosome 1, whole genome shotgun sequence	cluster_001_consensus rotated=True rotated_gene=dnaA
genomes/GCF_984667675.1.fna	genomes/MF6.fna	91.77	60.85	62.66	NZ_OZ480166.1 Burkholderia arboris strain R-11808 isolate R-11808 chromosome R11808_1, complete sequence	cluster_001_consensus rotated=True rotated_gene=dnaA
genomes/GCF_984669585.1.fna	genomes/MF6.fna	91.77	61.99	63.62	NZ_OZ480235.1 Burkholderia arboris strain LMG 6988 isolate LMG 6988 chromosome LMG6988_1, complete sequence	cluster_001_consensus rotated=True rotated_gene=dnaA
genomes/GCF_045925845.1.fna	genomes/MF6.fna	91.77	60.22	64.55	NZ_CP174521.1 Burkholderia pyrrocinia strain DLL-114 chromosome 1, complete sequence	cluster_001_consensus rotated=True rotated_gene=dnaA
genomes/GCF_003233675.1.fna	genomes/MF6.fna	91.71	55.12	63.09	NZ_CP029824.1 Burkholderia sp. JP2-270 chromosome 1, complete sequence	cluster_001_consensus rotated=True rotated_gene=dnaA
genomes/GCF_054073385.1.fna	genomes/MF6.fna	91.71	61.54	63.21	NZ_CM133398.1 Burkholderia pyrrocinia strain NP45 chromosome 1, whole genome shotgun sequence	cluster_001_consensus rotated=True rotated_gene=dnaA
genomes/GCF_054073395.1.fna	genomes/MF6.fna	91.71	60.45	63.19	NZ_CM133400.1 Burkholderia pyrrocinia strain NP42 chromosome 1, whole genome shotgun sequence	cluster_001_consensus rotated=True rotated_gene=dnaA
genomes/GCF_056783395.1.fna	genomes/MF6.fna	91.71	58.03	62.12	NZ_CM165588.1 Burkholderia pyrrocinia strain R74 chromosome 1, whole genome shotgun sequence	cluster_001_consensus rotated=True rotated_gene=dnaA
genomes/GCF_037055255.1.fna	genomes/MF6.fna	91.71	55.85	62.20	NZ_CP146376.1 Burkholderia pyrrocinia strain JBC226 chromosome 1, complete sequence	cluster_001_consensus rotated=True rotated_gene=dnaA
genomes/GCF_049487195.1.fna	genomes/MF6.fna	91.65	58.62	61.35	NZ_CP137808.1 Burkholderia sp. NLJ2 chromosome 1, complete sequence	cluster_001_consensus rotated=True rotated_gene=dnaA
genomes/GCF_047127275.1.fna	genomes/MF6.fna	91.65	56.73	63.95	NZ_CP098396.1 Burkholderia lata strain JAB02 chromosome 1, complete sequence	cluster_001_consensus rotated=True rotated_gene=dnaA
genomes/GCF_025560745.1.fna	genomes/MF6.fna	91.65	57.87	61.26	NZ_CP090482.1 Burkholderia sp. S-53 chromosome 1, complete sequence	cluster_001_consensus rotated=True rotated_gene=dnaA
genomes/GCF_001718575.1.fna	genomes/MF6.fna	91.65	59.31	63.55	NZ_CP013404.1 Burkholderia lata strain FL-7-5-30-S1-D0 chromosome 1, complete sequence	cluster_001_consensus rotated=True rotated_gene=dnaA
genomes/GCF_018417535.1.fna	genomes/MF6.fna	91.65	55.95	61.27	NZ_CP070977.1 Burkholderia pyrrocinia strain Hargis chromosome 1, complete sequence	cluster_001_consensus rotated=True rotated_gene=dnaA
genomes/GCF_054955335.1.fna	genomes/MF6.fna	91.65	63.98	57.65	NZ_CM143258.1 Burkholderia contaminans strain BTS-5 chromosome, whole genome shotgun sequence	cluster_001_consensus rotated=True rotated_gene=dnaA
genomes/GCF_001028665.1.fna	genomes/MF6.fna	91.60	61.26	62.54	NZ_CP011503.1 Burkholderia pyrrocinia strain DSM 10685 chromosome 1, complete sequence	cluster_001_consensus rotated=True rotated_gene=dnaA
genomes/GCF_009755625.1.fna	genomes/MF6.fna	91.60	56.79	63.05	NZ_CP046607.1 Burkholderia contaminans strain XL73 chromosome 1, complete sequence	cluster_001_consensus rotated=True rotated_gene=dnaA
genomes/GCF_002356275.1.fna	genomes/MF6.fna	91.60	62.79	62.17	NZ_AP018111.1 Burkholderia stabilis strain FERMP-21014 chromosome 1, complete sequence	cluster_001_consensus rotated=True rotated_gene=dnaA
genomes/GCA_024298805.1.fna	genomes/MF6.fna	91.60	55.61	62.93	CP101279.1 Burkholderia sp. FXe9 chromosome 1, complete sequence	cluster_001_consensus rotated=True rotated_gene=dnaA
genomes/GCF_029590335.1.fna	genomes/MF6.fna	91.60	55.90	63.01	NZ_CP120947.1 Burkholderia contaminans strain 5080 chromosome 1, complete sequence	cluster_001_consensus rotated=True rotated_gene=dnaA
genomes/GCF_041070875.1.fna	genomes/MF6.fna	91.60	59.78	62.13	NZ_CP163499.1 Burkholderia cepacia strain JK6 chromosome 1, complete sequence	cluster_001_consensus rotated=True rotated_gene=dnaA
genomes/GCF_003546465.1.fna	genomes/MF6.fna	91.60	56.80	62.41	NZ_CP007746.1 Burkholderia cepacia ATCC 25416 chromosome 1, complete sequence	cluster_001_consensus rotated=True rotated_gene=dnaA
genomes/GCF_002407525.2.fna	genomes/MF6.fna	91.60	56.85	62.47	NZ_CP023518.1 Burkholderia cepacia strain FDAARGOS_388 chromosome 1, complete sequence	cluster_001_consensus rotated=True rotated_gene=dnaA
genomes/GCF_029633825.1.fna	genomes/MF6.fna	91.60	52.02	62.95	NZ_CP090640.1 Burkholderia contaminans strain LMG 23361 chromosome 1, complete sequence	cluster_001_consensus rotated=True rotated_gene=dnaA
genomes/GCF_050613135.1.fna	genomes/MF6.fna	91.60	59.04	62.35	NZ_CP192533.1 Burkholderia cepacia strain R7-5 chromosome 1, complete sequence	cluster_001_consensus rotated=True rotated_gene=dnaA
genomes/GCF_046773525.1.fna	genomes/MF6.fna	91.60	57.75	61.06	NZ_CP177244.1 Burkholderia cepacia strain zafu-111 chromosome 1, complete sequence	cluster_001_consensus rotated=True rotated_gene=dnaA
genomes/GCF_044057485.1.fna	genomes/MF6.fna	91.60	56.54	63.09	NZ_CP172005.1 Burkholderia contaminans strain PCR-C_Y9 chromosome 1, complete sequence	cluster_001_consensus rotated=True rotated_gene=dnaA
genomes/GCF_029962485.1.fna	genomes/MF6.fna	91.60	61.96	61.22	NZ_CP073637.1 Burkholderia cepacia strain ZJ1 chromosome 1, complete sequence	cluster_001_consensus rotated=True rotated_gene=dnaA
genomes/GCF_040215475.1.fna	genomes/MF6.fna	91.60	58.36	62.98	NZ_CP157952.1 Burkholderia contaminans strain UnB1430 chromosome 1, complete sequence	cluster_001_consensus rotated=True rotated_gene=dnaA
genomes/GCF_001718395.1.fna	genomes/MF6.fna	91.60	60.25	56.69	NZ_CP013375.1 Burkholderia cepacia strain INT3-BP177 chromosome 1, complete sequence	cluster_001_consensus rotated=True rotated_gene=dnaA
genomes/GCF_023374475.1.fna	genomes/MF6.fna	91.60	56.65	61.74	NZ_CP090698.1 Burkholderia cepacia strain 2017Y70952565VI chromosome 1, complete sequence	cluster_001_consensus rotated=True rotated_gene=dnaA
genomes/GCF_023374715.1.fna	genomes/MF6.fna	91.60	56.78	61.91	NZ_CP090737.1 Burkholderia cepacia strain 2011Ycf427V chromosome 1, complete sequence	cluster_001_consensus rotated=True rotated_gene=dnaA
genomes/GCF_050632355.1.fna	genomes/MF6.fna	91.60	57.11	62.57	NZ_CP192549.1 Burkholderia cepacia strain P3 chromosome 1, complete sequence	cluster_001_consensus rotated=True rotated_gene=dnaA
genomes/GCF_021344035.2.fna	genomes/MF6.fna	91.60	54.19	62.33	NZ_CP158564.1 Burkholderia cepacia strain JK11 chromosome 1, complete sequence	cluster_001_consensus rotated=True rotated_gene=dnaA
genomes/GCF_023374675.1.fna	genomes/MF6.fna	91.60	56.67	61.87	NZ_CP090730.1 Burkholderia cepacia strain 2011Ycf793I chromosome 1, complete sequence	cluster_001_consensus rotated=True rotated_gene=dnaA
genomes/GCF_022533485.1.fna	genomes/MF6.fna	91.60	57.04	63.03	NZ_CP092851.1 Burkholderia contaminans strain B17-01563-1 chromosome 1, complete sequence	cluster_001_consensus rotated=True rotated_gene=dnaA
genomes/GCF_023053515.1.fna	genomes/MF6.fna	91.60	55.74	62.51	NZ_CP095496.1 Burkholderia cepacia strain BRDJ chromosome 1, complete sequence	cluster_001_consensus rotated=True rotated_gene=dnaA
genomes/GCF_028462305.2.fna	genomes/MF6.fna	91.60	57.89	62.35	NZ_CP159409.1 Burkholderia cepacia strain SCCH90 Bcn202840 chromosome 1, complete sequence	cluster_001_consensus rotated=True rotated_gene=dnaA
genomes/GCF_033675345.1.fna	genomes/MF6.fna	91.60	56.24	61.92	NZ_QXCV01000001.1 Burkholderia cepacia strain LNT40 chromosome 1, whole genome shotgun sequence	cluster_001_consensus rotated=True rotated_gene=dnaA
genomes/GCF_053348855.1.fna	genomes/MF6.fna	91.60	61.67	61.43	NZ_CM130027.1 Burkholderia metallica strain NN518 chromosome 1, whole genome shotgun sequence	cluster_001_consensus rotated=True rotated_gene=dnaA
genomes/GCF_024600575.1.fna	genomes/MF6.fna	91.60	58.03	62.71	NZ_CP102329.1 Burkholderia cepacia strain N3009-2YT chromosome 1, complete sequence	cluster_001_consensus rotated=True rotated_gene=dnaA
genomes/GCF_054558305.1.fna	genomes/MF6.fna	91.60	58.54	63.04	NZ_AP045830.1 Burkholderia contaminans strain T-34 isolate T-34 chromosome 1, complete sequence	cluster_001_consensus rotated=True rotated_gene=dnaA
genomes/GCF_057005415.2.fna	genomes/MF6.fna	91.60	55.77	62.59	NZ_CM174446.1 Burkholderia sp. KL41 chromosome 1, whole genome shotgun sequence	cluster_001_consensus rotated=True rotated_gene=dnaA
genomes/GCF_007724625.1.fna	genomes/MF6.fna	91.60	54.65	63.08	NZ_CP042164.1 Burkholderia contaminans strain ZCC chromosome 1, complete sequence	cluster_001_consensus rotated=True rotated_gene=dnaA
genomes/GCF_009191525.1.fna	genomes/MF6.fna	91.60	57.18	63.04	NZ_CP028807.1 Burkholderia contaminans strain SK875 chromosome SK875-1, complete sequence	cluster_001_consensus rotated=True rotated_gene=dnaA
genomes/GCF_002924455.1.fna	genomes/MF6.fna	91.54	55.65	61.58	NZ_CM009575.1 Burkholderia contaminans strain 170816 chromosome 1, whole genome shotgun sequence	cluster_001_consensus rotated=True rotated_gene=dnaA
genomes/GCF_003704285.1.fna	genomes/MF6.fna	91.54	60.95	63.87	NZ_CP013390.1 Burkholderia contaminans strain FL-1-2-30-S1-D0 chromosome 1, complete sequence	cluster_001_consensus rotated=True rotated_gene=dnaA
genomes/GCF_001029145.1.fna	genomes/MF6.fna	91.54	58.22	63.53	NZ_CP009743.1 Burkholderia contaminans strain MS14 chromosome 1, complete sequence	cluster_001_consensus rotated=True rotated_gene=dnaA
genomes/GCF_029633645.1.fna	genomes/MF6.fna	91.54	60.85	64.10	NZ_CP090632.1 Burkholderia contaminans strain FFH2055 chromosome 1, complete sequence	cluster_001_consensus rotated=True rotated_gene=dnaA
genomes/GCF_002209085.2.fna	genomes/MF6.fna	91.54	56.84	62.46	NZ_CP022083.2 Burkholderia cepacia strain FDAARGOS_345 chromosome 1, complete sequence	cluster_001_consensus rotated=True rotated_gene=dnaA
genomes/GCF_029633805.1.fna	genomes/MF6.fna	91.54	55.03	62.54	NZ_CP090635.1 Burkholderia contaminans strain FFI45 chromosome 1, complete sequence	cluster_001_consensus rotated=True rotated_gene=dnaA
genomes/GCF_001411495.1.fna	genomes/MF6.fna	91.54	56.64	62.51	NZ_CP012981.1 Burkholderia cepacia ATCC 25416 strain UCB 717 chromosome 1	cluster_001_consensus rotated=True rotated_gene=dnaA
genomes/GCF_019915365.1.fna	genomes/MF6.fna	91.54	56.80	60.92	NZ_CP082807.1 Burkholderia contaminans strain SCAID TST1-2021 (11/270) chromosome 1, complete sequence	cluster_001_consensus rotated=True rotated_gene=dnaA
genomes/GCF_050632305.1.fna	genomes/MF6.fna	91.54	59.02	61.56	NZ_CP192556.1 Burkholderia contaminans strain P1 chromosome 1, complete sequence	cluster_001_consensus rotated=True rotated_gene=dnaA
genomes/GCF_018223785.1.fna	genomes/MF6.fna	91.54	52.98	63.05	NZ_CP073664.1 Burkholderia contaminans strain toggle1 chromosome 1, complete sequence	cluster_001_consensus rotated=True rotated_gene=dnaA
genomes/GCF_050632315.1.fna	genomes/MF6.fna	91.54	59.04	61.56	NZ_CP192545.1 Burkholderia contaminans strain P5 chromosome 1, complete sequence	cluster_001_consensus rotated=True rotated_gene=dnaA
genomes/GCF_016899445.1.fna	genomes/MF6.fna	91.54	60.49	62.49	NZ_CP041777.1 Burkholderia sp. MS455 chromosome 1, complete sequence	cluster_001_consensus rotated=True rotated_gene=dnaA
genomes/GCF_050632325.1.fna	genomes/MF6.fna	91.54	57.26	61.53	NZ_CP192560.1 Burkholderia cepacia strain P7 chromosome 1, complete sequence	cluster_001_consensus rotated=True rotated_gene=dnaA
genomes/GCF_047902435.1.fna	genomes/MF6.fna	91.54	55.36	62.13	NZ_CP138378.1 Burkholderia cepacia strain L303 chromosome, complete genome	cluster_001_consensus rotated=True rotated_gene=dnaA
genomes/GCF_050632335.1.fna	genomes/MF6.fna	91.54	58.98	61.52	NZ_CP192552.1 Burkholderia contaminans strain P2 chromosome 1, complete sequence	cluster_001_consensus rotated=True rotated_gene=dnaA
genomes/GCF_050632345.1.fna	genomes/MF6.fna	91.54	58.99	61.52	NZ_CP192563.1 Burkholderia contaminans strain P6 chromosome 1, complete sequence	cluster_001_consensus rotated=True rotated_gene=dnaA
genomes/GCF_025643515.1.fna	genomes/MF6.fna	91.54	56.51	62.80	NZ_CP102462.1 Burkholderia contaminans strain NML151013 chromosome 1, complete sequence	cluster_001_consensus rotated=True rotated_gene=dnaA
genomes/GCF_001718555.1.fna	genomes/MF6.fna	91.54	63.84	60.78	NZ_CP013401.1 Burkholderia metallica strain FL-6-5-30-S1-D7 chromosome 1, complete sequence	cluster_001_consensus rotated=True rotated_gene=dnaA
genomes/GCF_025643535.1.fna	genomes/MF6.fna	91.54	56.52	62.82	NZ_CP102467.1 Burkholderia contaminans strain NML151067 chromosome 1, complete sequence	cluster_001_consensus rotated=True rotated_gene=dnaA
genomes/GCF_048914405.1.fna	genomes/MF6.fna	91.54	56.39	59.71	NZ_CP184864.1 Burkholderia contaminans strain 95281 chromosome 1	cluster_001_consensus rotated=True rotated_gene=dnaA
genomes/GCF_033675325.1.fna	genomes/MF6.fna	91.54	55.63	62.10	NZ_QXCU01000002.1 Burkholderia cepacia strain 10223 chromosome 1, whole genome shotgun sequence	cluster_001_consensus rotated=True rotated_gene=dnaA
genomes/GCF_051355645.1.fna	genomes/MF6.fna	91.54	53.81	59.93	NZ_CP195707.1 Burkholderia lata strain DSM 23089 chromosome 1, complete sequence	cluster_001_consensus rotated=True rotated_gene=dnaA
genomes/GCF_024661975.1.fna	genomes/MF6.fna	91.54	56.43	61.37	NZ_CP102482.1 Burkholderia contaminans strain DM32 chromosome 1, complete sequence	cluster_001_consensus rotated=True rotated_gene=dnaA
genomes/GCF_009586235.1.fna	genomes/MF6.fna	91.54	57.96	62.19	NZ_CP045235.1 Burkholderia cepacia strain BC16 chromosome 1, complete sequence	cluster_001_consensus rotated=True rotated_gene=dnaA
genomes/GCF_014854795.1.fna	genomes/MF6.fna	91.50	57.68	62.16	NZ_CP032009.1 Burkholderia cepacia strain 39628 chromosome 1, complete sequence	cluster_001_consensus rotated=True rotated_gene=dnaA
genomes/GCF_048565265.1.fna	genomes/MF6.fna	91.50	56.17	61.49	NZ_CP183461.1 Burkholderia theae strain XITOU chromosome 1, complete sequence	cluster_001_consensus rotated=True rotated_gene=dnaA
genomes/GCF_001742165.1.fna	genomes/MF6.fna	91.39	53.89	58.94	NZ_CP016442.1 Burkholderia stabilis strain ATCC BAA-67 chromosome 1, complete sequence	cluster_001_consensus rotated=True rotated_gene=dnaA
genomes/GCF_900240005.1.fna	genomes/MF6.fna	91.26	53.86	58.75	NZ_LR025742.1 Burkholderia stabilis isolate E chromosome I	cluster_001_consensus rotated=True rotated_gene=dnaA
genomes/GCF_003711145.1.fna	genomes/MF6.fna	91.08	51.51	58.04	NZ_CP024943.1 Burkholderia lata strain A05 chromosome 1, complete sequence	cluster_001_consensus rotated=True rotated_gene=dnaA
genomes/GCF_003330765.1.fna	genomes/MF6.fna	91.08	58.50	60.05	NZ_CP024902.1 Burkholderia pyrrocinia strain mHSR5 chromosome mHSR5_A, complete sequence	cluster_001_consensus rotated=True rotated_gene=dnaA
genomes/GCF_048627025.1.fna	genomes/MF6.fna	91.08	50.79	58.03	NZ_CP184468.1 Burkholderia aenigmatica strain ST2120 chromosome 1, complete sequence	cluster_001_consensus rotated=True rotated_gene=dnaA
genomes/GCF_964265025.1.fna	genomes/MF6.fna	91.08	54.66	59.87	NZ_OZ183802.1 Burkholderia sp. LMG 21824 strain R-15933 isolate R-15933 chromosome 1	cluster_001_consensus rotated=True rotated_gene=dnaA
genomes/GCF_964265005.1.fna	genomes/MF6.fna	91.08	54.81	59.01	NZ_OZ183799.1 Burkholderia sp. LMG 32019 chromosome 1	cluster_001_consensus rotated=True rotated_gene=dnaA
genomes/GCF_964264995.1.fna	genomes/MF6.fna	91.08	54.77	58.97	NZ_OZ183796.1 Burkholderia sp. LMG 32019 strain R-18634 isolate R-18634 chromosome 1	cluster_001_consensus rotated=True rotated_gene=dnaA
genomes/GCF_964265015.1.fna	genomes/MF6.fna	91.08	50.37	58.19	NZ_OZ183805.1 Burkholderia sp. LMG 32019 strain R-36351 isolate R-36351 chromosome 1	cluster_001_consensus rotated=True rotated_gene=dnaA
genomes/GCF_964264985.1.fna	genomes/MF6.fna	91.03	58.17	58.19	NZ_OZ183792.1 Burkholderia sp. LMG 21824 chromosome 1	cluster_001_consensus rotated=True rotated_gene=dnaA
genomes/GCF_016458785.1.fna	genomes/MF6.fna	90.99	65.05	52.57	NZ_CP066762.1 Burkholderia ambifaria strain BJQ0010 chromosome 1, complete sequence	cluster_001_consensus rotated=True rotated_gene=dnaA
genomes/GCF_026683795.2.fna	genomes/MF6.fna	90.99	65.57	52.02	NZ_CP113269.2 Burkholderia ambifaria strain CEP0996 pc3-null chromosome 1, complete sequence	cluster_001_consensus rotated=True rotated_gene=dnaA
genomes/GCF_026683855.2.fna	genomes/MF6.fna	90.92	61.13	58.67	NZ_CP113278.2 Burkholderia ambifaria strain HSJ1 chromosome 1, complete sequence	cluster_001_consensus rotated=True rotated_gene=dnaA
genomes/GCF_026683875.2.fna	genomes/MF6.fna	90.92	61.12	58.65	NZ_CP113275.2 Burkholderia ambifaria strain HSJ1v chromosome 1, complete sequence	cluster_001_consensus rotated=True rotated_gene=dnaA
genomes/GCF_000292915.1.fna	genomes/MF6.fna	90.79	59.44	49.30	NC_018513.1 Burkholderia cepacia GG4 chromosome 1, complete sequence	cluster_001_consensus rotated=True rotated_gene=dnaA
genomes/GCF_049913365.1.fna	genomes/MF6.fna	90.79	59.97	57.43	NZ_CP184381.1 Burkholderia ambifaria strain R-30 chromosome 1, complete sequence	cluster_001_consensus rotated=True rotated_gene=dnaA
genomes/GCF_049942845.1.fna	genomes/MF6.fna	90.79	59.92	57.52	NZ_CP187967.1 Burkholderia sp. R-40 chromosome 1, complete sequence	cluster_001_consensus rotated=True rotated_gene=dnaA
genomes/GCF_001524645.2.fna	genomes/MF6.fna	90.79	59.32	55.15	NZ_CP013427.1 Burkholderia sp. MSMB0856 chromosome 1, complete sequence	cluster_001_consensus rotated=True rotated_gene=dnaA
genomes/GCF_000959545.1.fna	genomes/MF6.fna	90.79	61.08	58.97	NZ_CP009798.1 Burkholderia ambifaria AMMD chromosome 1, complete sequence	cluster_001_consensus rotated=True rotated_gene=dnaA
genomes/GCF_026314965.1.fna	genomes/MF6.fna	90.79	60.74	58.31	NZ_CP111124.1 Burkholderia ambifaria strain AU0212 Variant chromosome 1	cluster_001_consensus rotated=True rotated_gene=dnaA
genomes/GCF_026314985.1.fna	genomes/MF6.fna	90.79	60.77	58.33	NZ_CP111127.1 Burkholderia ambifaria strain AU0212 chromosome 1	cluster_001_consensus rotated=True rotated_gene=dnaA
genomes/GCF_020843905.1.fna	genomes/MF6.fna	90.77	59.82	56.94	NZ_CP086291.1 Burkholderia ambifaria strain B21-008 chromosome 1, complete sequence	cluster_001_consensus rotated=True rotated_gene=dnaA
genomes/GCF_038782865.1.fna	genomes/MF6.fna	90.72	59.82	58.10	NZ_CP152370.1 Burkholderia ambifaria strain CF3 chromosome 1, complete sequence	cluster_001_consensus rotated=True rotated_gene=dnaA
genomes/GCF_001718835.1.fna	genomes/MF6.fna	90.67	46.96	48.20	NZ_CP013443.1 Burkholderia cepacia strain MSMB1184WGS chromosome 1, complete sequence	cluster_001_consensus rotated=True rotated_gene=dnaA
genomes/GCF_020843925.1.fna	genomes/MF6.fna	90.67	59.46	57.99	NZ_CP086297.1 Burkholderia ambifaria strain B21-006 chromosome 1, complete sequence	cluster_001_consensus rotated=True rotated_gene=dnaA
genomes/GCF_020843985.1.fna	genomes/MF6.fna	90.67	60.12	57.77	NZ_CP086304.1 Burkholderia ambifaria strain B21-004 chromosome 1, complete sequence	cluster_001_consensus rotated=True rotated_gene=dnaA
genomes/GCF_026683835.2.fna	genomes/MF6.fna	90.67	60.46	57.27	NZ_CP113272.2 Burkholderia ambifaria strain CEP0996 chromosome 1, complete sequence	cluster_001_consensus rotated=True rotated_gene=dnaA
genomes/GCF_026958255.1.fna	genomes/MF6.fna	90.67	60.27	57.22	NZ_CP092843.1 Burkholderia ambifaria strain Q53 chromosome 1, complete sequence	cluster_001_consensus rotated=True rotated_gene=dnaA
genomes/GCF_016458805.1.fna	genomes/MF6.fna	90.58	60.25	49.88	NZ_CP066769.1 Burkholderia anthina strain BJQ0011 chromosome 1, complete sequence	cluster_001_consensus rotated=True rotated_gene=dnaA
genomes/GCF_043193125.1.fna	genomes/MF6.fna	90.58	59.54	58.21	NZ_CP142981.1 Burkholderia ambifaria strain BCC0191 chromosome 1, complete sequence	cluster_001_consensus rotated=True rotated_gene=dnaA
genomes/GCF_020843965.1.fna	genomes/MF6.fna	90.58	57.47	56.90	NZ_CP086301.1 Burkholderia sp. B21-005 chromosome 1, complete sequence	cluster_001_consensus rotated=True rotated_gene=dnaA
genomes/GCF_005937855.2.fna	genomes/MF6.fna	90.58	60.00	56.80	NZ_CP042177.1 Burkholderia sp. KBS0801 chromosome 1, complete sequence	cluster_001_consensus rotated=True rotated_gene=dnaA
genomes/GCF_001523915.2.fna	genomes/MF6.fna	90.52	57.85	52.89	NZ_CP013384.1 Burkholderia sp. LA-2-3-30-S1-D2 chromosome 1, complete sequence	cluster_001_consensus rotated=True rotated_gene=dnaA
genomes/GCF_001636095.1.fna	genomes/MF6.fna	90.52	57.99	51.19	NZ_CM004191.1 Burkholderia territorii strain MSMB2203WGS chromosome 1, whole genome shotgun sequence	cluster_001_consensus rotated=True rotated_gene=dnaA
genomes/GCF_020843945.1.fna	genomes/MF6.fna	90.52	57.24	57.23	NZ_CP086294.1 Burkholderia sp. B21-007 chromosome 1, complete sequence	cluster_001_consensus rotated=True rotated_gene=dnaA
genomes/GCF_003366075.1.fna	genomes/MF6.fna	90.48	51.55	52.91	NZ_CP028962.1 Burkholderia sp. IDO3 chromosome 1, complete sequence	cluster_001_consensus rotated=True rotated_gene=dnaA
genomes/GCF_017514945.1.fna	genomes/MF6.fna	90.48	49.99	54.22	NZ_CP071825.1 Burkholderia anthina strain 1CH1 chromosome 1, complete sequence	cluster_001_consensus rotated=True rotated_gene=dnaA
genomes/GCF_054166185.1.fna	genomes/MF6.fna	90.48	56.15	58.16	NZ_CM135122.1 Burkholderia ambifaria strain SI05 chromosome, whole genome shotgun sequence	cluster_001_consensus rotated=True rotated_gene=dnaA
genomes/GCF_017815595.1.fna	genomes/MF6.fna	90.36	63.17	46.09	NZ_CP072601.1 Burkholderia latens strain AU0505 chromosome 1, complete sequence	cluster_001_consensus rotated=True rotated_gene=dnaA
genomes/GCF_001718335.1.fna	genomes/MF6.fna	90.33	58.95	52.18	NZ_CP013366.1 Burkholderia territorii strain RF8-non-BP5 chromosome 1, complete sequence	cluster_001_consensus rotated=True rotated_gene=dnaA
genomes/GCF_001718795.1.fna	genomes/MF6.fna	90.16	58.74	49.82	NZ_CP013435.1 Burkholderia latens strain AU17928 isolate AU17928 chromosome 1, complete sequence	cluster_001_consensus rotated=True rotated_gene=dnaA
genomes/GCF_001718315.1.fna	genomes/MF6.fna	90.16	59.18	52.05	NZ_CP013362.1 Burkholderia diffusa strain RF2-non-BP9 chromosome 1, complete sequence	cluster_001_consensus rotated=True rotated_gene=dnaA
genomes/GCF_044501195.1.fna	genomes/MF6.fna	90.08	48.16	53.24	NZ_CP162532.1 Burkholderia anthina strain LMG 22950 chromosome 1, complete sequence	cluster_001_consensus rotated=True rotated_gene=dnaA
genomes/GCF_017815615.1.fna	genomes/MF6.fna	90.02	59.28	49.91	NZ_CP072604.1 Burkholderia latens strain AU2934 chromosome 1, complete sequence	cluster_001_consensus rotated=True rotated_gene=dnaA
genomes/GCF_020809565.1.fna	genomes/MF6.fna	90.02	55.64	45.79	NZ_JAJFOB010000001.1 Burkholderia dolosa strain FDAARGOS_1589 chromosome 1 map unlocalized ctg.s1.000001F_arrow_pilon, whole genome shotgun sequence	cluster_001_consensus rotated=True rotated_gene=dnaA
genomes/GCF_000974835.2.fna	genomes/MF6.fna	90.02	55.52	45.71	NZ_CP011301.1 Burkholderia cepacia strain LO6 chromosome, complete genome	cluster_001_consensus rotated=True rotated_gene=dnaA
genomes/GCF_003813045.1.fna	genomes/MF6.fna	89.97	55.97	46.00	NZ_CP033838.1 Burkholderia dolosa strain FDAARGOS_562 chromosome 1, complete sequence	cluster_001_consensus rotated=True rotated_gene=dnaA
genomes/GCF_000764955.1.fna	genomes/MF6.fna	89.96	59.15	50.16	NZ_CP007781.1 Burkholderia cenocepacia strain DWS 37E-2 chromosome 1, complete sequence	cluster_001_consensus rotated=True rotated_gene=dnaA
genomes/GCF_030848725.1.fna	genomes/MF6.fna	89.91	55.50	46.31	NZ_CP132922.1 Burkholderia dolosa strain N149 chromosome 1, complete sequence	cluster_001_consensus rotated=True rotated_gene=dnaA
genomes/GCF_000497165.1.fna	genomes/MF6.fna	89.84	55.13	44.53	NZ_CM002277.1 Burkholderia dolosa PC543 chromosome 1, whole genome shotgun sequence	cluster_001_consensus rotated=True rotated_gene=dnaA
genomes/GCF_000959505.1.fna	genomes/MF6.fna	89.83	55.40	45.53	NZ_CP009795.1 Burkholderia dolosa AU0158 chromosome 1, complete sequence	cluster_001_consensus rotated=True rotated_gene=dnaA
genomes/GCF_053153985.1.fna	genomes/MF6.fna	89.77	48.13	43.74	NZ_CP195304.1 Burkholderia vietnamiensis strain HNBV001 chromosome BV001C1, complete sequence	cluster_001_consensus rotated=True rotated_gene=dnaA
genomes/GCF_000959445.1.fna	genomes/MF6.fna	89.75	50.03	44.46	NZ_CP009631.1 Burkholderia vietnamiensis LMG 10929 chromosome I, complete sequence	cluster_001_consensus rotated=True rotated_gene=dnaA
genomes/GCF_003019945.1.fna	genomes/MF6.fna	89.72	50.22	44.63	NZ_CP020394.1 Burkholderia vietnamiensis strain FDAARGOS_239 chromosome 1, complete sequence	cluster_001_consensus rotated=True rotated_gene=dnaA
genomes/GCF_001718415.1.fna	genomes/MF6.fna	89.71	48.78	49.77	NZ_CP013378.1 Burkholderia pseudomultivorans strain SUB-INT23-BP2 chromosome 1, complete sequence	cluster_001_consensus rotated=True rotated_gene=dnaA
genomes/GCF_000262695.1.fna	genomes/MF6.fna	89.70	51.68	43.94	NC_017920.1 Burkholderia sp. KJ006 chromosome 1, complete sequence	cluster_001_consensus rotated=True rotated_gene=dnaA
genomes/GCF_013822785.1.fna	genomes/MF6.fna	89.66	48.36	44.08	NZ_CP053609.1 Burkholderia sp. MBR-1 chromosome 1, complete sequence	cluster_001_consensus rotated=True rotated_gene=dnaA
genomes/GCF_001718915.1.fna	genomes/MF6.fna	89.64	50.07	44.25	NZ_CP013453.1 Burkholderia vietnamiensis strain MSMB608WGS chromosome 1, complete sequence	cluster_001_consensus rotated=True rotated_gene=dnaA
genomes/GCF_030078435.1.fna	genomes/MF6.fna	89.62	50.93	44.02	NZ_CP120730.1 Burkholderia vietnamiensis strain LMG16232 chromosome 1, complete sequence	cluster_001_consensus rotated=True rotated_gene=dnaA
genomes/GCF_022213445.1.fna	genomes/MF6.fna	89.60	48.89	44.01	NZ_CP091983.1 Burkholderia vietnamiensis strain FDAARGOS_721 chromosome 1, complete sequence	cluster_001_consensus rotated=True rotated_gene=dnaA
genomes/GCF_001718495.1.fna	genomes/MF6.fna	89.59	50.03	43.72	NZ_CP013393.1 Burkholderia vietnamiensis strain FL-2-3-30-S1-D0 chromosome 1, complete sequence	cluster_001_consensus rotated=True rotated_gene=dnaA
genomes/GCA_050916205.1.fna	genomes/MF6.fna	89.57	50.40	43.69	CP100438.1 Burkholderia vietnamiensis strain Vit1 plasmid unnamed, complete sequence	cluster_001_consensus rotated=True rotated_gene=dnaA
genomes/GCF_000755725.1.fna	genomes/MF6.fna	89.55	46.98	48.47	NZ_CP007783.1 Burkholderia cenocepacia strain DDS 22E-1 chromosome 1, complete sequence	cluster_001_consensus rotated=True rotated_gene=dnaA
genomes/GCF_023373725.1.fna	genomes/MF6.fna	89.54	51.81	43.89	NZ_CP090786.1 Burkholderia vietnamiensis strain 2003Ycf867 chromosome 1, complete sequence	cluster_001_consensus rotated=True rotated_gene=dnaA
genomes/GCF_001718775.1.fna	genomes/MF6.fna	89.53	49.57	43.45	NZ_CP013433.1 Burkholderia vietnamiensis strain AU1233 chromosome 1, complete sequence	cluster_001_consensus rotated=True rotated_gene=dnaA
genomes/GCF_023896095.1.fna	genomes/MF6.fna	89.52	51.39	43.55	NZ_JAKEZW010000001.1 Burkholderia vietnamiensis strain 2017Y70983955 chromosome 1, whole genome shotgun sequence	cluster_001_consensus rotated=True rotated_gene=dnaA
genomes/GCF_017742755.1.fna	genomes/MF6.fna	89.47	48.16	43.51	NZ_CP072318.1 Burkholderia vietnamiensis strain AU2011 chromosome 1	cluster_001_consensus rotated=True rotated_gene=dnaA
genomes/GCF_001718815.1.fna	genomes/MF6.fna	89.44	51.22	44.43	NZ_CP013439.1 Burkholderia vietnamiensis strain HI2297 chromosome 1, complete sequence	cluster_001_consensus rotated=True rotated_gene=dnaA
genomes/GCF_023896135.1.fna	genomes/MF6.fna	89.39	51.07	43.44	NZ_JAKFAE010000001.1 Burkholderia vietnamiensis strain 2011Ycf928II chromosome 1, whole genome shotgun sequence	cluster_001_consensus rotated=True rotated_gene=dnaA
genomes/GCF_030064565.1.fna	genomes/MF6.fna	89.26	48.67	42.33	NZ_CP090669.1 Burkholderia multivorans strain 2020Y71669323 chromosome 1, complete sequence	cluster_001_consensus rotated=True rotated_gene=dnaA
genomes/GCF_023924305.1.fna	genomes/MF6.fna	89.25	48.68	42.15	NZ_JAKEZQ010000002.1 Burkholderia multivorans strain 2019Y71432787IV chromosome 1, whole genome shotgun sequence	cluster_001_consensus rotated=True rotated_gene=dnaA
genomes/GCF_023896075.1.fna	genomes/MF6.fna	89.24	51.89	38.78	NZ_JAKEZY010000001.1 Burkholderia multivorans strain 2016Y70864359II chromosome 1, whole genome shotgun sequence	cluster_001_consensus rotated=True rotated_gene=dnaA
genomes/GCF_017165515.1.fna	genomes/MF6.fna	89.16	50.36	41.96	NZ_CP048454.1 Burkholderia multivorans strain P1Bm2011b chromosome 1, complete sequence	cluster_001_consensus rotated=True rotated_gene=dnaA
genomes/GCF_017301905.1.fna	genomes/MF6.fna	89.16	48.72	42.02	NZ_JAAEEC010000001.1 Burkholderia multivorans strain P3Bm2015 chromosome 1 map unlocalized, whole genome shotgun sequence	cluster_001_consensus rotated=True rotated_gene=dnaA
genomes/GCF_023374395.1.fna	genomes/MF6.fna	89.16	52.09	41.89	NZ_CP090687.1 Burkholderia multivorans strain 2019Y60005016V chromosome 1, complete sequence	cluster_001_consensus rotated=True rotated_gene=dnaA
genomes/GCF_003019965.1.fna	genomes/MF6.fna	89.15	51.15	41.47	NZ_CP020397.1 Burkholderia multivorans strain FDAARGOS_246 chromosome 1, complete sequence	cluster_001_consensus rotated=True rotated_gene=dnaA
genomes/GCF_017301895.1.fna	genomes/MF6.fna	89.15	50.58	42.14	NZ_JAAEEF010000001.1 Burkholderia multivorans strain P1Bm2012a chromosome 1 map unlocalized, whole genome shotgun sequence	cluster_001_consensus rotated=True rotated_gene=dnaA
genomes/GCF_023374495.1.fna	genomes/MF6.fna	89.15	50.18	40.39	NZ_CP090701.1 Burkholderia multivorans strain 2016Y70910410I chromosome 1, complete sequence	cluster_001_consensus rotated=True rotated_gene=dnaA
genomes/GCF_023374655.1.fna	genomes/MF6.fna	89.14	51.19	40.95	NZ_CP090728.1 Burkholderia multivorans strain 2014Y70439247 chromosome 1, complete sequence	cluster_001_consensus rotated=True rotated_gene=dnaA
genomes/GCF_023374435.1.fna	genomes/MF6.fna	89.14	48.82	42.17	NZ_CP090692.1 Burkholderia multivorans strain 2017Y71079786 chromosome 1, complete sequence	cluster_001_consensus rotated=True rotated_gene=dnaA
genomes/GCF_023383415.1.fna	genomes/MF6.fna	89.12	51.77	41.57	NZ_JAKEZZ010000002.1 Burkholderia multivorans strain 2015Y70736253 chromosome 1 map unlocalized 2015Y70736253_contig2, whole genome shotgun sequence	cluster_001_consensus rotated=True rotated_gene=dnaA
genomes/GCF_017301875.1.fna	genomes/MF6.fna	89.12	50.00	41.65	NZ_JAAEEE010000001.1 Burkholderia multivorans strain P1Bm2013 chromosome 1 map unlocalized, whole genome shotgun sequence	cluster_001_consensus rotated=True rotated_gene=dnaA
genomes/GCF_000959525.1.fna	genomes/MF6.fna	89.11	50.95	41.31	NZ_CP009832.1 Burkholderia multivorans ATCC BAA-247 chromosome 1, complete sequence	cluster_001_consensus rotated=True rotated_gene=dnaA
genomes/GCF_023896055.1.fna	genomes/MF6.fna	89.11	50.67	41.53	NZ_JAKEZV010000001.1 Burkholderia multivorans strain 2017Y71030813 chromosome 1, whole genome shotgun sequence	cluster_001_consensus rotated=True rotated_gene=dnaA
genomes/GCF_017165495.1.fna	genomes/MF6.fna	89.11	50.18	41.80	NZ_CP048451.1 Burkholderia multivorans strain P1Bm2012b chromosome 1, complete sequence	cluster_001_consensus rotated=True rotated_gene=dnaA
genomes/GCF_017165195.1.fna	genomes/MF6.fna	89.10	50.63	42.19	NZ_CP048445.1 Burkholderia multivorans strain P1Bm2015 chromosome 1, complete sequence	cluster_001_consensus rotated=True rotated_gene=dnaA
genomes/GCF_017165175.1.fna	genomes/MF6.fna	89.10	48.67	41.85	NZ_CP048441.1 Burkholderia multivorans strain P2Bm2011a chromosome 1, complete sequence	cluster_001_consensus rotated=True rotated_gene=dnaA
genomes/GCF_023896855.1.fna	genomes/MF6.fna	89.10	51.50	41.42	NZ_JAKEZX010000002.1 Burkholderia multivorans strain 2017Y70937175 chromosome 1, whole genome shotgun sequence	cluster_001_consensus rotated=True rotated_gene=dnaA
genomes/GCF_023374375.1.fna	genomes/MF6.fna	89.09	49.33	42.73	NZ_CP090682.1 Burkholderia multivorans strain 2019Y71417852IX chromosome 1, complete sequence	cluster_001_consensus rotated=True rotated_gene=dnaA
genomes/GCF_017165475.1.fna	genomes/MF6.fna	89.09	50.34	41.94	NZ_CP048448.1 Burkholderia multivorans strain P1Bm2014 chromosome 1, complete sequence	cluster_001_consensus rotated=True rotated_gene=dnaA
genomes/GCF_023374455.1.fna	genomes/MF6.fna	89.08	51.51	41.30	NZ_CP090695.1 Burkholderia multivorans strain 2017Y71078597II chromosome 1, complete sequence	cluster_001_consensus rotated=True rotated_gene=dnaA
genomes/GCF_023373685.1.fna	genomes/MF6.fna	89.08	51.21	41.43	NZ_CP090782.1 Burkholderia multivorans strain 2004Ycf1069VI chromosome 1, complete sequence	cluster_001_consensus rotated=True rotated_gene=dnaA
genomes/GCF_023374755.1.fna	genomes/MF6.fna	89.08	51.12	41.36	NZ_CP090746.1 Burkholderia multivorans strain 2010Ycf576V chromosome 1, complete sequence	cluster_001_consensus rotated=True rotated_gene=dnaA
genomes/GCF_023374895.1.fna	genomes/MF6.fna	89.07	52.02	41.74	NZ_CP090770.1 Burkholderia multivorans strain 2007Ycf875II chromosome 1, complete sequence	cluster_001_consensus rotated=True rotated_gene=dnaA
genomes/GCF_023374355.1.fna	genomes/MF6.fna	89.07	50.25	41.14	NZ_CP090680.1 Burkholderia multivorans strain 2019Y71421880II chromosome 1, complete sequence	cluster_001_consensus rotated=True rotated_gene=dnaA
genomes/GCF_017165535.1.fna	genomes/MF6.fna	89.05	50.47	42.06	NZ_CP048457.1 Burkholderia multivorans strain P1Bm2011a chromosome 1, complete sequence	cluster_001_consensus rotated=True rotated_gene=dnaA
genomes/GCF_009730175.1.fna	genomes/MF6.fna	89.05	50.27	42.03	NZ_CP046341.1 Burkholderia multivorans strain FDAARGOS_726 chromosome 1, complete sequence	cluster_001_consensus rotated=True rotated_gene=dnaA
genomes/GCF_023374635.1.fna	genomes/MF6.fna	89.05	51.16	41.66	NZ_CP090724.1 Burkholderia multivorans strain 2014Y70518672I chromosome 1, complete sequence	cluster_001_consensus rotated=True rotated_gene=dnaA
genomes/GCF_023896115.1.fna	genomes/MF6.fna	89.05	50.89	41.96	NZ_JAKFAB010000002.1 Burkholderia multivorans strain 2014Y70425719 chromosome 1, whole genome shotgun sequence	cluster_001_consensus rotated=True rotated_gene=dnaA
genomes/GCF_023924265.1.fna	genomes/MF6.fna	89.05	50.11	41.33	NZ_JAKEZO010000003.1 Burkholderia multivorans strain 2019Y71450928III chromosome 3, whole genome shotgun sequence	cluster_001_consensus rotated=True rotated_gene=dnaA
genomes/GCF_017165555.1.fna	genomes/MF6.fna	89.04	49.84	41.99	NZ_CP048460.1 Burkholderia multivorans strain P1Bm2009 chromosome 1, complete sequence	cluster_001_consensus rotated=True rotated_gene=dnaA
genomes/GCF_023896235.1.fna	genomes/MF6.fna	89.04	51.74	41.90	NZ_JAKFAL010000001.1 Burkholderia multivorans strain 2004Ycf882IX chromosome 1, whole genome shotgun sequence	cluster_001_consensus rotated=True rotated_gene=dnaA
genomes/GCF_023374575.1.fna	genomes/MF6.fna	89.04	48.71	41.35	NZ_CP090714.1 Burkholderia multivorans strain 2015Y70629342III chromosome 1, complete sequence	cluster_001_consensus rotated=True rotated_gene=dnaA
genomes/GCF_023374315.1.fna	genomes/MF6.fna	89.03	51.52	41.39	NZ_CP090673.1 Burkholderia multivorans strain 2020Y71628512IV chromosome 1, complete sequence	cluster_001_consensus rotated=True rotated_gene=dnaA
genomes/GCF_023373665.1.fna	genomes/MF6.fna	89.03	51.86	41.96	NZ_CP090779.1 Burkholderia multivorans strain 2005Ycf971III chromosome 1, complete sequence	cluster_001_consensus rotated=True rotated_gene=dnaA
genomes/GCF_001718695.1.fna	genomes/MF6.fna	89.03	48.51	41.59	NZ_CP013420.1 Burkholderia ubonensis strain MSMB0783 chromosome 1, complete sequence	cluster_001_consensus rotated=True rotated_gene=dnaA
genomes/GCF_003812585.1.fna	genomes/MF6.fna	89.02	49.51	42.25	NZ_CP033745.1 Burkholderia multivorans strain FDAARGOS_548 chromosome 1, complete sequence	cluster_001_consensus rotated=True rotated_gene=dnaA
genomes/GCF_025643495.1.fna	genomes/MF6.fna	89.02	50.27	41.62	NZ_CP102458.1 Burkholderia multivorans strain NML180963 chromosome 1, complete sequence	cluster_001_consensus rotated=True rotated_gene=dnaA
genomes/GCF_003812365.1.fna	genomes/MF6.fna	89.02	50.63	41.52	NZ_CP033748.1 Burkholderia multivorans strain FDAARGOS_547 chromosome 1, complete sequence	cluster_001_consensus rotated=True rotated_gene=dnaA
genomes/GCF_023895935.1.fna	genomes/MF6.fna	89.02	50.61	41.45	NZ_JAKEZN010000001.1 Burkholderia multivorans strain 2020Y71666954 chromosome 1, whole genome shotgun sequence	cluster_001_consensus rotated=True rotated_gene=dnaA
genomes/GCF_001718995.1.fna	genomes/MF6.fna	89.01	46.99	41.25	NZ_CP013467.1 Burkholderia multivorans strain MSMB1640WGS chromosome 1, complete sequence	cluster_001_consensus rotated=True rotated_gene=dnaA
genomes/GCF_023896195.1.fna	genomes/MF6.fna	89.01	49.18	40.80	NZ_JAKFAI010000001.1 Burkholderia multivorans strain 2011Ycf382III chromosome 1, whole genome shotgun sequence	cluster_001_consensus rotated=True rotated_gene=dnaA
genomes/GCF_036362805.1.fna	genomes/MF6.fna	89.01	51.74	41.23	NZ_CP143589.1 Burkholderia multivorans strain N167 chromosome 1, complete sequence	cluster_001_consensus rotated=True rotated_gene=dnaA
genomes/GCF_023374795.1.fna	genomes/MF6.fna	89.00	50.55	41.30	NZ_CP090753.1 Burkholderia multivorans strain 2010Ycf41 chromosome 1, complete sequence	cluster_001_consensus rotated=True rotated_gene=dnaA
genomes/GCF_023374815.1.fna	genomes/MF6.fna	89.00	50.94	41.49	NZ_CP090757.1 Burkholderia multivorans strain 2010Ycf31III chromosome 1, complete sequence	cluster_001_consensus rotated=True rotated_gene=dnaA
genomes/GCF_023374735.1.fna	genomes/MF6.fna	89.00	50.54	41.44	NZ_CP090740.1 Burkholderia multivorans strain 2010Ycf635 chromosome 1, complete sequence	cluster_001_consensus rotated=True rotated_gene=dnaA
genomes/GCF_023383485.1.fna	genomes/MF6.fna	88.99	51.28	41.23	NZ_JAKFAJ010000001.1 Burkholderia multivorans strain 2010Ycf205III chromosome 1 map unlocalized 2010Ycf205III_contig1, whole genome shotgun sequence	cluster_001_consensus rotated=True rotated_gene=dnaA
genomes/GCF_008693485.1.fna	genomes/MF6.fna	88.99	49.72	41.31	NZ_CP044053.1 Burkholderia multivorans strain FDAARGOS_623 chromosome 1, complete sequence	cluster_001_consensus rotated=True rotated_gene=dnaA
genomes/GCF_023374615.1.fna	genomes/MF6.fna	88.99	51.60	41.38	NZ_CP090721.1 Burkholderia multivorans strain 2014Y70522077 chromosome 1, complete sequence	cluster_001_consensus rotated=True rotated_gene=dnaA
genomes/GCF_023924285.1.fna	genomes/MF6.fna	88.97	50.01	41.26	NZ_JAKFAA010000002.1 Burkholderia multivorans strain 2015Y70658433 chromosome 1, whole genome shotgun sequence	cluster_001_consensus rotated=True rotated_gene=dnaA
genomes/GCF_008693525.1.fna	genomes/MF6.fna	88.97	50.33	41.81	NZ_CP044056.1 Burkholderia multivorans strain FDAARGOS_622 chromosome 1, complete sequence	cluster_001_consensus rotated=True rotated_gene=dnaA
genomes/GCF_023896015.1.fna	genomes/MF6.fna	88.96	50.52	41.74	NZ_JAKEZS010000003.1 Burkholderia multivorans strain 2017Y71095519V chromosome 1, whole genome shotgun sequence	cluster_001_consensus rotated=True rotated_gene=dnaA
genomes/GCF_023374595.1.fna	genomes/MF6.fna	88.96	49.43	42.80	NZ_CP090718.1 Burkholderia multivorans strain 2014Y70532416II chromosome 1, complete sequence	cluster_001_consensus rotated=True rotated_gene=dnaA
genomes/GCF_023896175.1.fna	genomes/MF6.fna	88.95	47.98	40.79	NZ_JAKFAH010000002.1 Burkholderia multivorans strain 2011Ycf813VI chromosome 1, whole genome shotgun sequence	cluster_001_consensus rotated=True rotated_gene=dnaA
genomes/GCF_023374695.1.fna	genomes/MF6.fna	88.94	51.42	41.98	NZ_CP090733.1 Burkholderia multivorans strain 2011Ycf521III chromosome 1, complete sequence	cluster_001_consensus rotated=True rotated_gene=dnaA
genomes/GCF_023896835.1.fna	genomes/MF6.fna	88.94	48.80	39.25	NZ_JAKEZP010000001.1 Burkholderia multivorans strain 2019Y71444840III chromosome 1, whole genome shotgun sequence	cluster_001_consensus rotated=True rotated_gene=dnaA
genomes/GCF_036352035.1.fna	genomes/MF6.fna	88.94	49.18	42.21	NZ_CP143552.1 Burkholderia multivorans strain 2023CK-01339 chromosome, complete genome	cluster_001_consensus rotated=True rotated_gene=dnaA
genomes/GCF_023895995.1.fna	genomes/MF6.fna	88.94	49.19	42.57	NZ_JAKEZT010000001.1 Burkholderia multivorans strain 2017Y71089647II chromosome 1, whole genome shotgun sequence	cluster_001_consensus rotated=True rotated_gene=dnaA
genomes/GCF_023374515.1.fna	genomes/MF6.fna	88.93	51.11	41.96	NZ_CP090703.1 Burkholderia multivorans strain 2016Y70888756VI chromosome 1, complete sequence	cluster_001_consensus rotated=True rotated_gene=dnaA
genomes/GCF_023373645.1.fna	genomes/MF6.fna	88.93	50.00	41.29	NZ_CP090774.1 Burkholderia multivorans strain 2006Ycf877 chromosome 1, complete sequence	cluster_001_consensus rotated=True rotated_gene=dnaA
genomes/GCF_009730035.1.fna	genomes/MF6.fna	88.93	50.46	42.48	NZ_CP046336.1 Burkholderia multivorans strain FDAARGOS_719 chromosome 1, complete sequence	cluster_001_consensus rotated=True rotated_gene=dnaA
genomes/GCF_023383465.1.fna	genomes/MF6.fna	88.92	49.16	42.51	NZ_JAKFAG010000002.1 Burkholderia multivorans strain 2011Ycf849IV chromosome 1 map unlocalized 2011Ycf849IV_contig2, whole genome shotgun sequence	cluster_001_consensus rotated=True rotated_gene=dnaA
genomes/GCF_023374535.1.fna	genomes/MF6.fna	88.92	50.64	41.43	NZ_CP090707.1 Burkholderia multivorans strain 2016Y70836300 chromosome 1, complete sequence	cluster_001_consensus rotated=True rotated_gene=dnaA
genomes/GCF_025643555.1.fna	genomes/MF6.fna	88.90	51.04	41.29	NZ_CP102472.1 Burkholderia multivorans strain NML140411 chromosome 1, complete sequence	cluster_001_consensus rotated=True rotated_gene=dnaA
genomes/GCF_023373705.1.fna	genomes/MF6.fna	88.90	51.10	41.33	NZ_CP090783.1 Burkholderia multivorans strain 2003Ycf875II chromosome 1, complete sequence	cluster_001_consensus rotated=True rotated_gene=dnaA
genomes/GCF_023896025.1.fna	genomes/MF6.fna	88.89	49.63	40.86	NZ_JAKEZU010000002.1 Burkholderia multivorans strain 2017Y71049494I chromosome 2, whole genome shotgun sequence	cluster_001_consensus rotated=True rotated_gene=dnaA
genomes/GCF_001718755.1.fna	genomes/MF6.fna	88.89	49.22	41.79	NZ_CP013430.1 Burkholderia multivorans strain AU1185 isolate AU1185 chromosome 1, complete sequence	cluster_001_consensus rotated=True rotated_gene=dnaA
genomes/GCF_023383425.1.fna	genomes/MF6.fna	88.87	48.25	40.97	NZ_JAKFAC010000001.1 Burkholderia multivorans strain 2012Y70195531III chromosome 1, whole genome shotgun sequence	cluster_001_consensus rotated=True rotated_gene=dnaA
genomes/GCF_012272655.1.fna	genomes/MF6.fna	88.86	51.00	41.03	NZ_CP050892.1 Burkholderia multivorans strain FDAARGOS_624 chromosome 1, complete sequence	cluster_001_consensus rotated=True rotated_gene=dnaA
genomes/GCF_009730195.1.fna	genomes/MF6.fna	88.86	49.38	41.73	NZ_CP046344.1 Burkholderia multivorans strain FDAARGOS_722 chromosome 1, complete sequence	cluster_001_consensus rotated=True rotated_gene=dnaA
genomes/GCF_023374775.1.fna	genomes/MF6.fna	88.86	49.21	41.23	NZ_CP090747.1 Burkholderia multivorans strain 2010Ycf503 chromosome 1, complete sequence	cluster_001_consensus rotated=True rotated_gene=dnaA
genomes/GCF_023373625.1.fna	genomes/MF6.fna	88.86	49.78	41.11	NZ_CP090771.1 Burkholderia multivorans strain 2007Ycf278 chromosome 1, complete sequence	cluster_001_consensus rotated=True rotated_gene=dnaA
genomes/GCF_023896255.1.fna	genomes/MF6.fna	88.85	48.59	41.19	NZ_JAKFAM010000001.1 Burkholderia multivorans strain 2004Ycf347 chromosome 1, whole genome shotgun sequence	cluster_001_consensus rotated=True rotated_gene=dnaA
genomes/GCF_023374555.1.fna	genomes/MF6.fna	88.85	49.11	40.79	NZ_CP090711.1 Burkholderia multivorans strain 2015Y70709107II chromosome	cluster_001_consensus rotated=True rotated_gene=dnaA
genomes/GCF_023383515.1.fna	genomes/MF6.fna	88.84	49.88	41.96	NZ_JAKFAN010000001.1 Burkholderia multivorans strain 2003Ycf728 chromosome 1 map unlocalized 2003Ycf728_contig1, whole genome shotgun sequence	cluster_001_consensus rotated=True rotated_gene=dnaA
genomes/GCF_023896155.1.fna	genomes/MF6.fna	88.83	48.41	41.04	NZ_JAKFAF010000002.1 Burkholderia multivorans strain 2011YCF898V chromosome 1, whole genome shotgun sequence	cluster_001_consensus rotated=True rotated_gene=dnaA
genomes/GCF_023896295.1.fna	genomes/MF6.fna	88.79	49.39	41.44	NZ_JAKEZR010000002.1 Burkholderia multivorans strain 2019Y71335858VI chromosome 2, whole genome shotgun sequence	cluster_001_consensus rotated=True rotated_gene=dnaA
genomes/GCF_000756005.1.fna	genomes/MF6.fna	88.76	45.30	42.30	NZ_CP008730.1 Burkholderia multivorans strain DDS 15A-1 chromosome 1, complete sequence	cluster_001_consensus rotated=True rotated_gene=dnaA
genomes/GCF_023374415.1.fna	genomes/MF6.fna	88.73	49.28	42.67	NZ_CP090689.1 Burkholderia multivorans strain 2017Y71087112III chromosome 1, complete sequence	cluster_001_consensus rotated=True rotated_gene=dnaA
genomes/GCF_029910195.1.fna	genomes/MF6.fna	88.61	33.92	39.37	NZ_CP110391.1 Burkholderia sp. JSH-S8 chromosome 1, complete sequence	cluster_001_consensus rotated=True rotated_gene=dnaA
genomes/GCF_023374875.1.fna	genomes/MF6.fna	88.61	49.40	42.77	NZ_CP090766.1 Burkholderia multivorans strain 2008Ycf542 chromosome 1, complete sequence	cluster_001_consensus rotated=True rotated_gene=dnaA
genomes/GCF_039848545.1.fna	genomes/MF6.fna	88.55	41.02	40.54	NZ_CP156685.1 Burkholderia stagnalis strain YJ-2 chromosome, complete genome	cluster_001_consensus rotated=True rotated_gene=dnaA
genomes/GCF_001718655.1.fna	genomes/MF6.fna	88.53	41.22	38.25	NZ_CP013414.1 Burkholderia ubonensis strain MSMB2035 chromosome 1, complete sequence	cluster_001_consensus rotated=True rotated_gene=dnaA
genomes/GCF_001718955.1.fna	genomes/MF6.fna	88.48	41.41	40.27	NZ_CP013459.1 Burkholderia stagnalis strain MSMB735WGS chromosome 1, complete sequence	cluster_001_consensus rotated=True rotated_gene=dnaA
genomes/GCF_001546975.1.fna	genomes/MF6.fna	88.37	37.58	38.56	NZ_CM003771.1 Burkholderia ubonensis strain MSMB1157 chromosome 1, whole genome shotgun sequence	cluster_001_consensus rotated=True rotated_gene=dnaA
genomes/GCF_001718975.1.fna	genomes/MF6.fna	88.18	41.03	39.27	NZ_CP013463.1 Burkholderia ubonensis strain MSMB1471WGS chromosome 1, complete sequence	cluster_001_consensus rotated=True rotated_gene=dnaA
genomes/GCF_001718855.1.fna	genomes/MF6.fna	88.18	37.92	39.04	NZ_CP013446.1 Burkholderia ubonensis strain MSMB1189WGS isolate MSMB1189WGS chromosome 1, complete sequence	cluster_001_consensus rotated=True rotated_gene=dnaA
genomes/GCF_003812965.1.fna	genomes/MF6.fna	88.16	39.24	39.24	NZ_CP033856.1 Burkholderia multivorans strain FDAARGOS_496 chromosome 1, complete sequence	cluster_001_consensus rotated=True rotated_gene=dnaA
genomes/GCF_050813845.1.fna	genomes/MF6.fna	88.16	36.62	39.41	NZ_CP172421.1 Burkholderia sp. F1 chromosome 1, complete sequence	cluster_001_consensus rotated=True rotated_gene=dnaA
genomes/GCF_002097715.1.fna	genomes/MF6.fna	88.15	38.77	38.98	NZ_CP020737.1 Burkholderia ubonensis subsp. mesacidophila strain ATCC 31433 chromosome 1, complete sequence	cluster_001_consensus rotated=True rotated_gene=dnaA
genomes/GCF_001718355.1.fna	genomes/MF6.fna	88.13	38.86	39.67	NZ_CP013370.1 Burkholderia ubonensis strain RF23-BP41 chromosome 1, complete sequence	cluster_001_consensus rotated=True rotated_gene=dnaA
genomes/GCA_965217245.1.fna	genomes/MF6.fna	86.97	33.03	23.21	OZ244258.1 Burkholderia multivorans isolate ABIP2226 genome assembly, chromosome: 1	cluster_001_consensus rotated=True rotated_gene=dnaA
genomes/GCA_965217235.1.fna	genomes/MF6.fna	86.86	31.14	22.68	OZ244256.1 Burkholderia multivorans isolate ABIP2225 genome assembly, chromosome: 1	cluster_001_consensus rotated=True rotated_gene=dnaA
genomes/GCF_002386205.1.fna	genomes/MF6.fna	85.43	21.65	18.69	NZ_CP023499.1 Burkholderia thailandensis strain FDAARGOS_426 chromosome 1, complete sequence	cluster_001_consensus rotated=True rotated_gene=dnaA
genomes/GCF_003020185.1.fna	genomes/MF6.fna	85.28	19.22	16.68	NZ_CP020392.1 Burkholderia thailandensis strain FDAARGOS_238 chromosome 1, complete sequence	cluster_001_consensus rotated=True rotated_gene=dnaA
genomes/GCF_001462435.1.fna	genomes/MF6.fna	85.27	21.47	18.68	NZ_CM003626.1 Burkholderia humptydooensis strain MSMB122 chromosome 1, whole genome shotgun sequence	cluster_001_consensus rotated=True rotated_gene=dnaA
genomes/GCF_000385525.1.fna	genomes/MF6.fna	85.18	21.09	18.20	NC_021173.1 Burkholderia thailandensis MSMB121 chromosome 1, complete sequence	cluster_001_consensus rotated=True rotated_gene=dnaA
genomes/GCF_001522105.2.fna	genomes/MF6.fna	85.16	18.88	17.72	NZ_CP013357.1 Burkholderia oklahomensis EO147 chromosome 1, complete sequence	cluster_001_consensus rotated=True rotated_gene=dnaA
genomes/GCF_000959325.1.fna	genomes/MF6.fna	85.15	20.38	19.04	NZ_CP009549.1 Burkholderia humptydooensis strain 2002721687 chromosome I, complete sequence	cluster_001_consensus rotated=True rotated_gene=dnaA
genomes/GCF_033675305.1.fna	genomes/MF6.fna	85.13	18.90	16.58	NZ_QXCT01000001.1 Burkholderia thailandensis strain SBXCC001 chromosome 1, whole genome shotgun sequence	cluster_001_consensus rotated=True rotated_gene=dnaA
genomes/GCF_000755985.1.fna	genomes/MF6.fna	85.13	19.37	18.16	NZ_CP008726.1 Burkholderia oklahomensis strain EO147 chromosome 1, complete sequence	cluster_001_consensus rotated=True rotated_gene=dnaA
genomes/GCF_001513745.1.fna	genomes/MF6.fna	85.12	20.22	18.90	NZ_CP013380.1 Burkholderia humptydooensis strain MSMB43 chromosome 1, complete sequence	cluster_001_consensus rotated=True rotated_gene=dnaA
genomes/GCF_000959365.1.fna	genomes/MF6.fna	85.12	20.33	18.60	NZ_CP009555.1 Burkholderia oklahomensis C6786 chromosome I, complete sequence	cluster_001_consensus rotated=True rotated_gene=dnaA
genomes/GCF_000567905.1.fna	genomes/MF6.fna	85.11	19.34	16.79	NZ_CP004089.1 Burkholderia thailandensis H0587 chromosome 1, complete sequence	cluster_001_consensus rotated=True rotated_gene=dnaA
genomes/GCF_000959165.1.fna	genomes/MF6.fna	85.10	19.72	14.52	NZ_CP009337.1 Burkholderia mallei strain 2002734299 isolate SR092700C chromosome 1, complete sequence	cluster_001_consensus rotated=True rotated_gene=dnaA
genomes/GCF_000808035.2.fna	genomes/MF6.fna	85.09	19.49	16.82	NZ_CP008914.2 Burkholderia thailandensis strain 2003015869 chromosome 1, complete sequence	cluster_001_consensus rotated=True rotated_gene=dnaA
genomes/GCF_001546925.1.fna	genomes/MF6.fna	85.07	20.86	18.45	NZ_CM003770.1 Burkholderia sp. MSMB1588 chromosome 2, whole genome shotgun sequence	cluster_001_consensus rotated=True rotated_gene=dnaA
genomes/GCF_033675275.1.fna	genomes/MF6.fna	85.03	18.85	16.96	NZ_QXCS01000001.1 Burkholderia thailandensis strain SBXPR001 chromosome 1, whole genome shotgun sequence	cluster_001_consensus rotated=True rotated_gene=dnaA
genomes/GCF_003852635.1.fna	genomes/MF6.fna	84.99	16.82	15.81	NZ_CM011864.1 Burkholderia pseudomallei strain FDAARGOS_591 chromosome I, whole genome shotgun sequence	cluster_001_consensus rotated=True rotated_gene=dnaA
genomes/GCF_001718635.1.fna	genomes/MF6.fna	84.99	19.07	17.00	NZ_CP013411.1 Burkholderia thailandensis strain 2002721643 chromosome 1, complete sequence	cluster_001_consensus rotated=True rotated_gene=dnaA
genomes/GCF_018274335.1.fna	genomes/MF6.fna	84.98	18.21	16.26	NZ_JAGUUE010000002.1 Burkholderia thailandensis strain AW34-19pp chromosome 2, whole genome shotgun sequence	cluster_001_consensus rotated=True rotated_gene=dnaA
genomes/GCF_000567945.1.fna	genomes/MF6.fna	84.98	19.17	16.35	NZ_CP004117.1 Burkholderia thailandensis E444 chromosome 1, complete sequence	cluster_001_consensus rotated=True rotated_gene=dnaA
genomes/GCF_033956065.1.fna	genomes/MF6.fna	84.96	19.19	14.36	NZ_CP124608.1 Burkholderia mallei strain ATCC 23344 chromosome 1, complete sequence	cluster_001_consensus rotated=True rotated_gene=dnaA
genomes/GCF_000567925.1.fna	genomes/MF6.fna	84.96	19.47	16.42	NZ_CP004097.1 Burkholderia thailandensis 2002721723 chromosome 1, complete sequence	cluster_001_consensus rotated=True rotated_gene=dnaA
genomes/GCF_003933035.1.fna	genomes/MF6.fna	84.94	20.54	13.79	NZ_CM012066.1 Burkholderia mallei strain FDAARGOS_589 chromosome 1, whole genome shotgun sequence	cluster_001_consensus rotated=True rotated_gene=dnaA
genomes/GCF_003568605.1.fna	genomes/MF6.fna	84.93	19.35	16.68	NZ_CP008785.1 Burkholderia thailandensis E264 chromosome 1, complete sequence	cluster_001_consensus rotated=True rotated_gene=dnaA
genomes/GCF_003614835.1.fna	genomes/MF6.fna	84.93	19.67	16.78	NZ_CP022217.1 Burkholderia thailandensis strain FDAARGOS_242 chromosome 1, complete sequence	cluster_001_consensus rotated=True rotated_gene=dnaA
genomes/GCF_000765375.1.fna	genomes/MF6.fna	84.92	19.26	16.49	NZ_CP004381.1 Burkholderia thailandensis E254 chromosome 1, complete sequence	cluster_001_consensus rotated=True rotated_gene=dnaA
genomes/GCF_003933045.1.fna	genomes/MF6.fna	84.92	19.05	14.33	NZ_CM012065.1 Burkholderia mallei strain FDAARGOS_590 chromosome 1, whole genome shotgun sequence	cluster_001_consensus rotated=True rotated_gene=dnaA
genomes/GCF_001729545.1.fna	genomes/MF6.fna	84.92	19.13	14.18	NZ_CP017175.1 Burkholderia mallei strain Bahrain1 chromosome 1, complete sequence	cluster_001_consensus rotated=True rotated_gene=dnaA
genomes/GCF_052146275.1.fna	genomes/MF6.fna	84.92	17.69	15.72	NZ_CM125682.1 Burkholderia thailandensis strain 250524 chromosome I, whole genome shotgun sequence	cluster_001_consensus rotated=True rotated_gene=dnaA
genomes/GCF_001718295.1.fna	genomes/MF6.fna	84.91	19.64	16.95	NZ_CP013360.1 Burkholderia thailandensis strain 2003015869 chromosome 1, complete sequence	cluster_001_consensus rotated=True rotated_gene=dnaA
genomes/GCF_001522135.2.fna	genomes/MF6.fna	84.90	20.30	18.58	NZ_CP013358.1 Burkholderia oklahomensis C6786 chromosome 1, complete sequence	cluster_001_consensus rotated=True rotated_gene=dnaA
genomes/GCF_003020025.1.fna	genomes/MF6.fna	84.90	19.08	16.32	NZ_CP020390.1 Burkholderia thailandensis strain FDAARGOS_237 chromosome 1, complete sequence	cluster_001_consensus rotated=True rotated_gene=dnaA
genomes/GCF_052854005.1.fna	genomes/MF6.fna	84.90	17.08	15.99	NZ_CP193432.1 Burkholderia pseudomallei strain Bp30 chromosome 1, complete sequence	cluster_001_consensus rotated=True rotated_gene=dnaA
genomes/GCF_033870375.1.fna	genomes/MF6.fna	84.90	19.95	14.72	NZ_CP124603.1 Burkholderia mallei strain Mukteswar chromosome 1, complete sequence	cluster_001_consensus rotated=True rotated_gene=dnaA
genomes/GCF_001718595.1.fna	genomes/MF6.fna	84.89	19.33	16.71	NZ_CP013407.1 Burkholderia thailandensis strain MSMB59 chromosome 1, complete sequence	cluster_001_consensus rotated=True rotated_gene=dnaA
genomes/GCF_052858755.1.fna	genomes/MF6.fna	84.89	17.25	15.94	NZ_CP193471.1 Burkholderia pseudomallei strain Bp01 chromosome 1, complete sequence	cluster_001_consensus rotated=True rotated_gene=dnaA
genomes/GCF_011578485.1.fna	genomes/MF6.fna	84.88	19.28	16.32	NZ_CP050020.1 Burkholderia thailandensis strain BPM chromosome 1, complete sequence	cluster_001_consensus rotated=True rotated_gene=dnaA
genomes/GCF_000755865.1.fna	genomes/MF6.fna	84.88	19.41	14.00	NZ_CP008704.1 Burkholderia mallei strain 23344 chromosome 1, complete sequence	cluster_001_consensus rotated=True rotated_gene=dnaA
genomes/GCF_055810255.1.fna	genomes/MF6.fna	84.88	19.34	16.23	NZ_CM147944.1 Burkholderia thailandensis strain 2025TL chromosome 1, whole genome shotgun sequence	cluster_001_consensus rotated=True rotated_gene=dnaA
genomes/GCF_001524625.2.fna	genomes/MF6.fna	84.88	18.46	16.76	NZ_CP013424.1 Burkholderia savannae strain MSMB852 chromosome 1, complete sequence	cluster_001_consensus rotated=True rotated_gene=dnaA
genomes/GCF_000959185.1.fna	genomes/MF6.fna	84.88	17.22	15.75	NZ_CP009474.1 Burkholderia pseudomallei MSHR840 chromosome I, complete sequence	cluster_001_consensus rotated=True rotated_gene=dnaA
genomes/GCF_965199445.1.fna	genomes/MF6.fna	84.87	16.93	15.64	NZ_OZ241178.1 Burkholderia pseudomallei strain 21-7286_3 R#2.2 isolate 21-7286_3 chromosome 1, complete sequence	cluster_001_consensus rotated=True rotated_gene=dnaA
genomes/GCF_003614815.1.fna	genomes/MF6.fna	84.87	18.98	16.27	NZ_CP022214.1 Burkholderia thailandensis strain FDAARGOS_241 chromosome 1, complete sequence	cluster_001_consensus rotated=True rotated_gene=dnaA
genomes/GCF_000755885.1.fna	genomes/MF6.fna	84.86	19.44	14.03	NZ_CP008723.1 Burkholderia mallei strain BMQ chromosome 1, complete sequence	cluster_001_consensus rotated=True rotated_gene=dnaA
genomes/GCF_016774495.1.fna	genomes/MF6.fna	84.85	18.23	16.27	NZ_CP068709.1 Burkholderia thailandensis strain AW34-19p chromosome 1, complete sequence	cluster_001_consensus rotated=True rotated_gene=dnaA
genomes/GCF_026315045.1.fna	genomes/MF6.fna	84.83	17.29	15.58	NZ_CP111140.1 Burkholderia pseudomallei strain MSHR1464 chromosome 1, complete sequence	cluster_001_consensus rotated=True rotated_gene=dnaA
genomes/GCF_000511895.1.fna	genomes/MF6.fna	84.82	16.72	15.85	NZ_CP004001.1 Burkholderia pseudomallei NCTC 13178 chromosome 1, complete sequence	cluster_001_consensus rotated=True rotated_gene=dnaA
genomes/GCF_000959605.1.fna	genomes/MF6.fna	84.82	18.42	16.82	NZ_CP010017.1 Burkholderia thailandensis 34 chromosome 1, complete sequence	cluster_001_consensus rotated=True rotated_gene=dnaA
genomes/GCF_000770415.1.fna	genomes/MF6.fna	84.82	17.24	15.80	NZ_CP009270.1 Burkholderia pseudomallei MSHR2243 chromosome 1, complete sequence	cluster_001_consensus rotated=True rotated_gene=dnaA
genomes/GCF_000755845.1.fna	genomes/MF6.fna	84.82	19.64	14.22	NZ_CP008711.1 Burkholderia mallei strain 6 chromosome 1, complete sequence	cluster_001_consensus rotated=True rotated_gene=dnaA
genomes/GCF_002111205.1.fna	genomes/MF6.fna	84.81	16.89	15.75	NZ_CP018399.1 Burkholderia pseudomallei strain 2013746777 chromosome 1, complete sequence	cluster_001_consensus rotated=True rotated_gene=dnaA
genomes/GCA_965199415.1.fna	genomes/MF6.fna	84.81	16.99	15.94	OZ241172.1 Burkholderia pseudomallei strain 21-7286_7 R#1 genome assembly, chromosome: 1	cluster_001_consensus rotated=True rotated_gene=dnaA
genomes/GCF_048688115.1.fna	genomes/MF6.fna	84.81	19.26	16.76	NZ_CP166681.1 Burkholderia thailandensis strain HNBT001 chromosome 1, complete sequence	cluster_001_consensus rotated=True rotated_gene=dnaA
genomes/GCF_004323015.1.fna	genomes/MF6.fna	84.80	17.47	15.60	NZ_CP036452.1 Burkholderia pseudomallei strain BPs110 chromosome 1, complete sequence	cluster_001_consensus rotated=True rotated_gene=dnaA
genomes/GCF_001975065.1.fna	genomes/MF6.fna	84.80	17.19	15.97	NZ_CP017044.1 Burkholderia pseudomallei strain MSHR7929 chromosome 1, complete sequence	cluster_001_consensus rotated=True rotated_gene=dnaA
genomes/GCF_980300355.1.fna	genomes/MF6.fna	84.79	17.48	15.94	NZ_OZ412839.1 Burkholderia pseudomallei strain IHUMIBP4 isolate IHUMIBP4 chromosome 1, complete sequence	cluster_001_consensus rotated=True rotated_gene=dnaA
genomes/GCF_026315025.1.fna	genomes/MF6.fna	84.79	17.40	15.68	NZ_CP111138.1 Burkholderia pseudomallei strain MSHR1713 chromosome 1, complete sequence	cluster_001_consensus rotated=True rotated_gene=dnaA
genomes/GCF_001524445.2.fna	genomes/MF6.fna	84.78	17.33	16.50	NZ_CP013417.1 Burkholderia savannae strain MSMB266 chromosome 1, complete sequence	cluster_001_consensus rotated=True rotated_gene=dnaA
genomes/GCF_052854895.1.fna	genomes/MF6.fna	84.77	17.55	15.92	NZ_CP193448.1 Burkholderia pseudomallei strain Bp22 chromosome 1, complete sequence	cluster_001_consensus rotated=True rotated_gene=dnaA
genomes/GCF_002111365.1.fna	genomes/MF6.fna	84.77	16.37	15.50	NZ_CP018383.1 Burkholderia pseudomallei strain 2008724758 chromosome 1, complete sequence	cluster_001_consensus rotated=True rotated_gene=dnaA
genomes/GCF_008728315.1.fna	genomes/MF6.fna	84.77	17.49	15.91	NZ_CP038220.1 Burkholderia pseudomallei strain Yap4 chromosome 1, complete sequence	cluster_001_consensus rotated=True rotated_gene=dnaA
genomes/GCF_000959205.1.fna	genomes/MF6.fna	84.77	16.45	15.52	NZ_CP009485.1 Burkholderia pseudomallei MSHR491 chromosome I, complete sequence	cluster_001_consensus rotated=True rotated_gene=dnaA
genomes/GCF_002346205.1.fna	genomes/MF6.fna	84.76	19.48	14.33	NZ_CP009931.1 Burkholderia mallei strain JHU chromosome 1, complete sequence	cluster_001_consensus rotated=True rotated_gene=dnaA
genomes/GCF_000764575.1.fna	genomes/MF6.fna	84.76	17.09	15.79	NZ_CP004377.1 Burkholderia pseudomallei NAU35A-3 chromosome 1, complete sequence	cluster_001_consensus rotated=True rotated_gene=dnaA
genomes/GCF_009749345.1.fna	genomes/MF6.fna	84.76	16.86	15.71	NZ_CP046584.1 Burkholderia pseudomallei strain B03 chromosome 1, complete sequence	cluster_001_consensus rotated=True rotated_gene=dnaA
genomes/GCF_028657905.1.fna	genomes/MF6.fna	84.76	17.58	17.43	NZ_CP117782.1 Burkholderia sp. FERM BP-3421 chromosome 1, complete sequence	cluster_001_consensus rotated=True rotated_gene=dnaA
genomes/GCF_051560065.1.fna	genomes/MF6.fna	84.76	17.31	16.04	NZ_CM121435.1 Burkholderia pseudomallei strain TSV268_S chromosome 1, whole genome shotgun sequence	cluster_001_consensus rotated=True rotated_gene=dnaA
genomes/GCF_000970935.1.fna	genomes/MF6.fna	84.75	17.47	16.02	NZ_CM003196.1 Burkholderia pseudomallei MSHR1328 chromosome I, whole genome shotgun sequence	cluster_001_consensus rotated=True rotated_gene=dnaA
genomes/GCF_002111045.1.fna	genomes/MF6.fna	84.75	16.24	15.25	NZ_CP018410.1 Burkholderia pseudomallei strain 3000015237 chromosome 1, complete sequence	cluster_001_consensus rotated=True rotated_gene=dnaA
genomes/GCF_026315005.1.fna	genomes/MF6.fna	84.75	17.36	15.67	NZ_CP111136.1 Burkholderia pseudomallei strain MSHR7744 chromosome 1, complete sequence	cluster_001_consensus rotated=True rotated_gene=dnaA
genomes/GCF_006542585.1.fna	genomes/MF6.fna	84.74	16.30	15.31	NZ_CP041220.1 Burkholderia pseudomallei strain InDRE_2Son2018 chromosome 1	cluster_001_consensus rotated=True rotated_gene=dnaA
genomes/GCF_035621555.1.fna	genomes/MF6.fna	84.74	18.61	16.41	NZ_CP141809.1 Burkholderia thailandensis strain 2022DZh chromosome 1, complete sequence	cluster_001_consensus rotated=True rotated_gene=dnaA
genomes/GCF_028201395.1.fna	genomes/MF6.fna	84.74	17.35	15.57	NZ_CP116403.1 Burkholderia pseudomallei strain MSHR5087 chromosome 1, complete sequence	cluster_001_consensus rotated=True rotated_gene=dnaA
genomes/GCF_001523745.2.fna	genomes/MF6.fna	84.73	18.88	15.95	NZ_CP013386.1 Burkholderia mayonis strain BDU6 chromosome 1, complete sequence	cluster_001_consensus rotated=True rotated_gene=dnaA
genomes/GCF_000770495.1.fna	genomes/MF6.fna	84.73	16.51	15.54	NZ_CP009161.1 Burkholderia pseudomallei TSV 48 chromosome 1, complete sequence	cluster_001_consensus rotated=True rotated_gene=dnaA
genomes/GCF_965199625.1.fna	genomes/MF6.fna	84.73	16.87	15.59	NZ_OZ241209.1 Burkholderia pseudomallei strain 21-7286_8 R#1 isolate 21-7286_8 chromosome 1, complete sequence	cluster_001_consensus rotated=True rotated_gene=dnaA
genomes/GCF_003606245.1.fna	genomes/MF6.fna	84.73	16.50	15.43	NZ_CP023775.1 Burkholderia pseudomallei strain BPHN1 chromosome 1, complete sequence	cluster_001_consensus rotated=True rotated_gene=dnaA
genomes/GCF_002346045.1.fna	genomes/MF6.fna	84.72	19.28	14.43	NZ_CP009929.1 Burkholderia mallei strain FMH chromosome 1, complete sequence	cluster_001_consensus rotated=True rotated_gene=dnaA
genomes/GCF_001522635.2.fna	genomes/MF6.fna	84.72	16.82	15.87	NZ_CP013389.1 Burkholderia mayonis strain BDU8 chromosome 1, complete sequence	cluster_001_consensus rotated=True rotated_gene=dnaA
genomes/GCA_055387565.1.fna	genomes/MF6.fna	84.72	17.54	15.66	AP040305.1 Burkholderia pseudomallei GTC 3P0021 DNA, chromosome 1, complete sequence	cluster_001_consensus rotated=True rotated_gene=dnaA
genomes/GCF_006542565.1.fna	genomes/MF6.fna	84.72	16.34	15.34	NZ_CP041218.1 Burkholderia pseudomallei strain InDRE_1Son2018 chromosome 1	cluster_001_consensus rotated=True rotated_gene=dnaA
genomes/GCF_000770515.1.fna	genomes/MF6.fna	84.72	16.80	15.72	NZ_CP009162.1 Burkholderia pseudomallei K42 chromosome 1, complete sequence	cluster_001_consensus rotated=True rotated_gene=dnaA
genomes/GCF_002111085.1.fna	genomes/MF6.fna	84.71	16.50	15.62	NZ_CP018373.1 Burkholderia pseudomallei strain 2002721184 chromosome 1, complete sequence	cluster_001_consensus rotated=True rotated_gene=dnaA
genomes/GCF_033870355.1.fna	genomes/MF6.fna	84.71	19.01	14.20	NZ_CP124605.1 Burkholderia mallei strain Zagreb chromosome 1, complete sequence	cluster_001_consensus rotated=True rotated_gene=dnaA
genomes/GCF_980300905.1.fna	genomes/MF6.fna	84.71	17.15	15.95	NZ_OZ412841.1 Burkholderia pseudomallei strain IHUMIBP2-2 isolate IHUMIBP2-2 chromosome 1, complete sequence	cluster_001_consensus rotated=True rotated_gene=dnaA
genomes/GCF_055387925.1.fna	genomes/MF6.fna	84.71	19.30	14.54	NZ_AP040281.1 Burkholderia mallei strain GTC 3P0077 chromosome 1, complete sequence	cluster_001_consensus rotated=True rotated_gene=dnaA
genomes/GCF_001695715.1.fna	genomes/MF6.fna	84.71	16.72	15.69	NZ_CP016638.1 Burkholderia pseudomallei strain M1 chromosome 1, complete sequence	cluster_001_consensus rotated=True rotated_gene=dnaA
genomes/GCF_003798245.1.fna	genomes/MF6.fna	84.71	16.73	15.56	NZ_CP033703.1 Burkholderia pseudomallei strain FDAARGOS_593 chromosome 1, complete sequence	cluster_001_consensus rotated=True rotated_gene=dnaA
genomes/GCF_018228585.1.fna	genomes/MF6.fna	84.70	17.34	15.88	NZ_CP073731.1 Burkholderia pseudomallei strain AW44 chromosome 1, complete sequence	cluster_001_consensus rotated=True rotated_gene=dnaA
genomes/GCF_980295165.1.fna	genomes/MF6.fna	84.70	17.37	15.99	NZ_OZ412830.1 Burkholderia pseudomallei strain IHUMIBP1 isolate IHUMIBP1 chromosome 1, complete sequence	cluster_001_consensus rotated=True rotated_gene=dnaA
genomes/GCF_965199385.1.fna	genomes/MF6.fna	84.70	17.24	15.94	NZ_OZ241166.1 Burkholderia pseudomallei strain 21-7286_1 R#1 isolate 21-7286_1 chromosome 1, complete sequence	cluster_001_consensus rotated=True rotated_gene=dnaA
genomes/GCF_001277875.1.fna	genomes/MF6.fna	84.70	16.51	15.39	NZ_CP012515.1 Burkholderia pseudomallei strain vgh16R chromosome 1, complete sequence	cluster_001_consensus rotated=True rotated_gene=dnaA
genomes/GCF_003933025.1.fna	genomes/MF6.fna	84.70	19.40	14.02	NZ_CM012068.1 Burkholderia mallei strain FDAARGOS_588 chromosome 1, whole genome shotgun sequence	cluster_001_consensus rotated=True rotated_gene=dnaA
genomes/GCF_052857935.1.fna	genomes/MF6.fna	84.70	17.68	16.23	NZ_CP193466.1 Burkholderia pseudomallei strain Bp06 chromosome 1, complete sequence	cluster_001_consensus rotated=True rotated_gene=dnaA
genomes/GCF_001277895.1.fna	genomes/MF6.fna	84.70	16.52	15.39	NZ_CP012517.1 Burkholderia pseudomallei strain vgh16W chromosome 1, complete sequence	cluster_001_consensus rotated=True rotated_gene=dnaA
genomes/GCF_965199515.1.fna	genomes/MF6.fna	84.69	17.08	15.79	NZ_OZ241213.1 Burkholderia pseudomallei strain 21-7286_9 R#1 isolate 21-7286_9 chromosome 1, complete sequence	cluster_001_consensus rotated=True rotated_gene=dnaA
genomes/GCF_003933015.1.fna	genomes/MF6.fna	84.69	20.51	13.76	NZ_CM012067.1 Burkholderia mallei strain FDAARGOS_585 chromosome 1, whole genome shotgun sequence	cluster_001_consensus rotated=True rotated_gene=dnaA
genomes/GCF_017378275.1.fna	genomes/MF6.fna	84.69	17.06	15.90	NZ_CP071757.1 Burkholderia pseudomallei strain VBP399 chromosome 1, complete sequence	cluster_001_consensus rotated=True rotated_gene=dnaA
genomes/GCF_965211595.1.fna	genomes/MF6.fna	84.69	17.47	16.10	NZ_OZ242944.1 Burkholderia pseudomallei strain 22-9817_1 R#1 isolate 22-9817_1 chromosome 1, complete sequence	cluster_001_consensus rotated=True rotated_gene=dnaA
genomes/GCF_000755765.1.fna	genomes/MF6.fna	84.69	15.83	15.11	NZ_CP009209.1 Burkholderia pseudomallei strain BDP chromosome 1, complete sequence	cluster_001_consensus rotated=True rotated_gene=dnaA
genomes/GCF_001318245.1.fna	genomes/MF6.fna	84.69	16.58	15.44	NZ_CP012041.1 Burkholderia pseudomallei strain Bp1651 chromosome 1, complete sequence	cluster_001_consensus rotated=True rotated_gene=dnaA
genomes/GCF_030297255.1.fna	genomes/MF6.fna	84.69	17.13	15.56	NZ_AP028077.1 Burkholderia pseudomallei strain GTC3P0254T chromosome 1, complete sequence	cluster_001_consensus rotated=True rotated_gene=dnaA
genomes/GCF_030297195.1.fna	genomes/MF6.fna	84.68	17.14	15.61	NZ_AP028071.1 Burkholderia pseudomallei strain GTC3P0019 chromosome 1, complete sequence	cluster_001_consensus rotated=True rotated_gene=dnaA
genomes/GCF_052855605.1.fna	genomes/MF6.fna	84.68	17.44	16.07	NZ_CP193453.1 Burkholderia pseudomallei strain Bp17 chromosome 1, complete sequence	cluster_001_consensus rotated=True rotated_gene=dnaA
genomes/GCF_008728355.1.fna	genomes/MF6.fna	84.68	17.34	15.79	NZ_CP038224.1 Burkholderia pseudomallei strain Yap2a chromosome 1, complete sequence	cluster_001_consensus rotated=True rotated_gene=dnaA
genomes/GCF_052854305.1.fna	genomes/MF6.fna	84.67	16.87	15.87	NZ_CP193438.1 Burkholderia pseudomallei strain Bp26 chromosome 1, complete sequence	cluster_001_consensus rotated=True rotated_gene=dnaA
genomes/GCF_008728375.1.fna	genomes/MF6.fna	84.67	17.16	15.72	NZ_CP038226.1 Burkholderia pseudomallei strain Yap1 chromosome 1, complete sequence	cluster_001_consensus rotated=True rotated_gene=dnaA
genomes/GCF_000770395.1.fna	genomes/MF6.fna	84.67	17.05	15.80	NZ_CP009235.1 Burkholderia pseudomallei MSHR62 chromosome 1, complete sequence	cluster_001_consensus rotated=True rotated_gene=dnaA
genomes/GCF_004842085.1.fna	genomes/MF6.fna	84.67	17.38	15.97	NZ_CP038805.1 Burkholderia pseudomallei strain HNBP001 chromosome 1, complete sequence	cluster_001_consensus rotated=True rotated_gene=dnaA
genomes/GCF_000756145.1.fna	genomes/MF6.fna	84.67	17.66	16.05	NZ_CP008758.1 Burkholderia pseudomallei strain 1106a chromosome 1, complete sequence	cluster_001_consensus rotated=True rotated_gene=dnaA
genomes/GCF_033870395.1.fna	genomes/MF6.fna	84.66	19.37	14.46	NZ_CP124604.1 Burkholderia mallei strain Bogor chromosome, complete genome	cluster_001_consensus rotated=True rotated_gene=dnaA
genomes/GCF_052854015.1.fna	genomes/MF6.fna	84.66	17.08	16.07	NZ_CP193435.1 Burkholderia pseudomallei strain Bp29 chromosome 1, complete sequence	cluster_001_consensus rotated=True rotated_gene=dnaA
genomes/GCF_965201125.1.fna	genomes/MF6.fna	84.66	16.73	15.99	NZ_OZ241753.1 Burkholderia pseudomallei strain 22-9817_5 R#1 isolate 22-9817_5 chromosome 1, complete sequence	cluster_001_consensus rotated=True rotated_gene=dnaA
genomes/GCF_000970955.1.fna	genomes/MF6.fna	84.66	17.09	16.12	NZ_CM003194.1 Burkholderia pseudomallei MSHR1079 chromosome I, whole genome shotgun sequence	cluster_001_consensus rotated=True rotated_gene=dnaA
genomes/GCF_965211575.1.fna	genomes/MF6.fna	84.66	17.20	15.90	NZ_OZ242940.1 Burkholderia pseudomallei strain 21-7286_2 R#1 isolate 21-7286_2 chromosome 1, complete sequence	cluster_001_consensus rotated=True rotated_gene=dnaA
genomes/GCF_030297235.1.fna	genomes/MF6.fna	84.66	17.12	15.91	NZ_AP028075.1 Burkholderia pseudomallei strain GTC3P0054 chromosome 1, complete sequence	cluster_001_consensus rotated=True rotated_gene=dnaA
genomes/GCF_052858685.1.fna	genomes/MF6.fna	84.66	17.03	15.89	NZ_CP193470.1 Burkholderia pseudomallei strain Bp02 chromosome 1, complete sequence	cluster_001_consensus rotated=True rotated_gene=dnaA
genomes/GCF_000770565.1.fna	genomes/MF6.fna	84.66	15.46	15.49	NZ_CP009157.1 Burkholderia pseudomallei strain TSV202 chromosome 1, complete sequence	cluster_001_consensus rotated=True rotated_gene=dnaA
genomes/GCF_052857015.1.fna	genomes/MF6.fna	84.66	17.52	15.89	NZ_CP193462.1 Burkholderia pseudomallei strain Bp13 chromosome 1, complete sequence	cluster_001_consensus rotated=True rotated_gene=dnaA
genomes/GCF_002111065.1.fna	genomes/MF6.fna	84.65	16.49	15.54	NZ_CP018368.1 Burkholderia pseudomallei strain 2002721100 chromosome 1, complete sequence	cluster_001_consensus rotated=True rotated_gene=dnaA
genomes/GCF_002111245.1.fna	genomes/MF6.fna	84.65	16.79	15.78	NZ_CP018402.1 Burkholderia pseudomallei strain 2013746877 chromosome 1, complete sequence	cluster_001_consensus rotated=True rotated_gene=dnaA
genomes/GCF_002111105.1.fna	genomes/MF6.fna	84.65	16.79	15.58	NZ_CP018418.1 Burkholderia pseudomallei strain 2002734728 chromosome 1, complete sequence	cluster_001_consensus rotated=True rotated_gene=dnaA
genomes/GCF_002111325.1.fna	genomes/MF6.fna	84.65	16.81	15.60	NZ_CP018369.1 Burkholderia pseudomallei strain 2002721123 chromosome 1, complete sequence	cluster_001_consensus rotated=True rotated_gene=dnaA
genomes/GCF_004323035.1.fna	genomes/MF6.fna	84.65	17.72	15.83	NZ_CP036454.1 Burkholderia pseudomallei strain BPs111 chromosome 1, complete sequence	cluster_001_consensus rotated=True rotated_gene=dnaA
genomes/GCF_008728335.1.fna	genomes/MF6.fna	84.65	16.79	15.29	NZ_CP038222.1 Burkholderia pseudomallei strain Yap3a chromosome 1, complete sequence	cluster_001_consensus rotated=True rotated_gene=dnaA
genomes/GCF_000959405.1.fna	genomes/MF6.fna	84.65	19.23	14.58	NZ_CP009587.1 Burkholderia mallei strain 11 chromosome I, complete sequence	cluster_001_consensus rotated=True rotated_gene=dnaA
genomes/GCF_005853645.1.fna	genomes/MF6.fna	84.65	16.89	15.55	NZ_CP040531.1 Burkholderia pseudomallei strain VB3253 chromosome 1, complete sequence	cluster_001_consensus rotated=True rotated_gene=dnaA
genomes/GCF_018228605.1.fna	genomes/MF6.fna	84.65	17.31	15.84	NZ_CP073737.1 Burkholderia pseudomallei strain AW17-22 chromosome 1, complete sequence	cluster_001_consensus rotated=True rotated_gene=dnaA
genomes/GCF_000755965.1.fna	genomes/MF6.fna	84.65	17.02	15.92	NZ_CP008909.1 Burkholderia pseudomallei MSHR5848 chromosome 1, complete sequence	cluster_001_consensus rotated=True rotated_gene=dnaA
genomes/GCF_018228385.1.fna	genomes/MF6.fna	84.65	17.09	15.60	NZ_CP073728.1 Burkholderia pseudomallei strain BD5 chromosome 1, complete sequence	cluster_001_consensus rotated=True rotated_gene=dnaA
genomes/GCF_965199405.1.fna	genomes/MF6.fna	84.64	17.41	16.10	NZ_OZ241170.1 Burkholderia pseudomallei strain 21-7286_6 R#1 isolate 21-7286_6 chromosome 1, complete sequence	cluster_001_consensus rotated=True rotated_gene=dnaA
genomes/GCF_018228525.1.fna	genomes/MF6.fna	84.64	17.28	15.85	NZ_CP073725.1 Burkholderia pseudomallei strain N2 chromosome 1, complete sequence	cluster_001_consensus rotated=True rotated_gene=dnaA
genomes/GCF_000494855.1.fna	genomes/MF6.fna	84.64	16.53	15.55	NC_022659.1 Burkholderia pseudomallei NCTC 13179 chromosome 1, complete sequence	cluster_001_consensus rotated=True rotated_gene=dnaA
genomes/GCF_001975105.1.fna	genomes/MF6.fna	84.64	17.04	15.99	NZ_CP017048.1 Burkholderia pseudomallei strain MSHR5864 chromosome 1, complete sequence	cluster_001_consensus rotated=True rotated_gene=dnaA
genomes/GCF_001532025.2.fna	genomes/MF6.fna	84.64	18.46	16.37	NZ_CP013457.1 Burkholderia sp. MSMB617WGS chromosome 1, complete sequence	cluster_001_consensus rotated=True rotated_gene=dnaA
genomes/GCF_000520895.1.fna	genomes/MF6.fna	84.64	16.69	15.66	NZ_CP004023.1 Burkholderia pseudomallei MSHR511 chromosome 1, complete sequence	cluster_001_consensus rotated=True rotated_gene=dnaA
genomes/GCF_055397665.1.fna	genomes/MF6.fna	84.64	19.35	14.34	NZ_AP029029.1 Burkholderia mallei strain mongolia_1 chromosome 1, complete sequence	cluster_001_consensus rotated=True rotated_gene=dnaA
genomes/GCF_980300965.1.fna	genomes/MF6.fna	84.64	16.75	15.84	NZ_OZ412845.1 Burkholderia pseudomallei strain IHUMIBP3 isolate IHUMIBP3 chromosome 1, complete sequence	cluster_001_consensus rotated=True rotated_gene=dnaA
genomes/GCF_051560105.1.fna	genomes/MF6.fna	84.64	16.77	15.77	NZ_CM121439.1 Burkholderia pseudomallei strain TSV287_S chromosome 1, whole genome shotgun sequence	cluster_001_consensus rotated=True rotated_gene=dnaA
genomes/GCF_965199435.1.fna	genomes/MF6.fna	84.64	17.41	16.10	NZ_OZ241176.1 Burkholderia pseudomallei strain 21-7286_5 R#1 isolate 21-7286_5 chromosome 1, complete sequence	cluster_001_consensus rotated=True rotated_gene=dnaA
genomes/GCF_000755785.1.fna	genomes/MF6.fna	84.63	19.32	14.46	NZ_CP009148.1 Burkholderia mallei strain FMH 23344 chromosome 1, complete sequence	cluster_001_consensus rotated=True rotated_gene=dnaA
genomes/GCF_001695735.1.fna	genomes/MF6.fna	84.63	16.81	15.76	NZ_CP016636.1 Burkholderia pseudomallei strain MS chromosome 1, complete sequence	cluster_001_consensus rotated=True rotated_gene=dnaA
genomes/GCF_038448955.1.fna	genomes/MF6.fna	84.63	17.20	16.03	NZ_CP151810.1 Burkholderia pseudomallei strain SiteC-5E chromosome 1	cluster_001_consensus rotated=True rotated_gene=dnaA
genomes/GCF_001277975.1.fna	genomes/MF6.fna	84.63	17.16	15.81	NZ_CP012576.1 Burkholderia pseudomallei strain 982 chromosome 1, complete sequence	cluster_001_consensus rotated=True rotated_gene=dnaA
genomes/GCF_965199395.1.fna	genomes/MF6.fna	84.62	17.10	15.85	NZ_OZ241168.1 Burkholderia pseudomallei strain 21-07286_3 R#1 isolate 21-07286_3 chromosome 1, complete sequence	cluster_001_consensus rotated=True rotated_gene=dnaA
genomes/GCF_965199455.1.fna	genomes/MF6.fna	84.62	17.51	16.19	NZ_OZ241180.1 Burkholderia pseudomallei strain 21-7286_5 R#2 isolate 21-7286_5 chromosome 1, complete sequence	cluster_001_consensus rotated=True rotated_gene=dnaA
genomes/GCF_000959285.1.fna	genomes/MF6.fna	84.62	16.91	15.72	NZ_CP009538.1 Burkholderia pseudomallei K96243 chromosome I, complete sequence	cluster_001_consensus rotated=True rotated_gene=dnaA
genomes/GCF_000954175.1.fna	genomes/MF6.fna	84.62	17.24	15.58	NZ_CP010973.1 Burkholderia pseudomallei strain vgh07 isolate human chromosome 1, complete sequence	cluster_001_consensus rotated=True rotated_gene=dnaA
genomes/GCF_000959465.1.fna	genomes/MF6.fna	84.62	20.14	14.69	NZ_CP009642.1 Burkholderia mallei strain India86-567-2 chromosome I, complete sequence	cluster_001_consensus rotated=True rotated_gene=dnaA
genomes/GCF_051560085.1.fna	genomes/MF6.fna	84.62	17.15	15.80	NZ_CM121437.1 Burkholderia pseudomallei strain TSV270_S chromosome 1, whole genome shotgun sequence	cluster_001_consensus rotated=True rotated_gene=dnaA
genomes/GCF_980300945.1.fna	genomes/MF6.fna	84.61	17.28	16.07	NZ_OZ412843.1 Burkholderia pseudomallei strain IHUMIBP2-1 isolate IHUMIBP2-1 chromosome 1, complete sequence	cluster_001_consensus rotated=True rotated_gene=dnaA
genomes/GCA_980298765.1.fna	genomes/MF6.fna	84.61	16.69	14.99	OZ412837.1 Burkholderia pseudomallei strain IHUMIBP5 genome assembly, chromosome: 1	cluster_001_consensus rotated=True rotated_gene=dnaA
genomes/GCF_965199545.1.fna	genomes/MF6.fna	84.61	17.09	15.74	NZ_OZ241211.1 Burkholderia pseudomallei strain 22-9817_2 R#1 isolate 22-9817_2 chromosome 1, complete sequence	cluster_001_consensus rotated=True rotated_gene=dnaA
genomes/GCF_004348055.1.fna	genomes/MF6.fna	84.61	17.51	15.63	NZ_CP037758.1 Burkholderia pseudomallei strain BPs115 chromosome 1, complete sequence	cluster_001_consensus rotated=True rotated_gene=dnaA
genomes/GCF_000770475.1.fna	genomes/MF6.fna	84.61	16.70	15.59	NZ_CP009153.1 Burkholderia pseudomallei MSHR3965 chromosome 1	cluster_001_consensus rotated=True rotated_gene=dnaA
genomes/GCF_000764595.1.fna	genomes/MF6.fna	84.61	18.99	16.41	NZ_CP004385.1 Burkholderia thailandensis MSMB59 chromosome 1, complete sequence	cluster_001_consensus rotated=True rotated_gene=dnaA
genomes/GCF_002860065.1.fna	genomes/MF6.fna	84.61	16.93	15.68	NZ_CP019042.1 Burkholderia pseudomallei strain 14M0960418 chromosome 1, complete sequence	cluster_001_consensus rotated=True rotated_gene=dnaA
genomes/GCF_052856205.1.fna	genomes/MF6.fna	84.61	17.44	15.71	NZ_CP193459.1 Burkholderia pseudomallei strain Bp14 chromosome 1, complete sequence	cluster_001_consensus rotated=True rotated_gene=dnaA
genomes/GCF_008728275.1.fna	genomes/MF6.fna	84.61	17.08	15.51	NZ_CP038216.1 Burkholderia pseudomallei strain Yap7 chromosome 1, complete sequence	cluster_001_consensus rotated=True rotated_gene=dnaA
genomes/GCF_017378355.1.fna	genomes/MF6.fna	84.61	16.49	15.27	NZ_CP071759.1 Burkholderia pseudomallei strain VBP21885 chromosome 1, complete sequence	cluster_001_consensus rotated=True rotated_gene=dnaA
genomes/GCF_017378235.1.fna	genomes/MF6.fna	84.60	16.42	15.52	NZ_CP071751.1 Burkholderia pseudomallei strain VBM23831 chromosome 1, complete sequence	cluster_001_consensus rotated=True rotated_gene=dnaA
genomes/GCF_965199835.1.fna	genomes/MF6.fna	84.60	16.59	15.77	NZ_OZ241393.1 Burkholderia pseudomallei strain 22-9817_4 R#2 isolate 22-9817_4 chromosome 1, complete sequence	cluster_001_consensus rotated=True rotated_gene=dnaA
genomes/GCF_003547055.1.fna	genomes/MF6.fna	84.60	16.95	15.63	NZ_CP025302.1 Burkholderia pseudomallei strain PMC2000 chromosome PMC2000.1, complete sequence	cluster_001_consensus rotated=True rotated_gene=dnaA
genomes/GCF_038983115.1.fna	genomes/MF6.fna	84.60	17.20	15.80	NZ_JAQIYQ010000001.1 Burkholderia pseudomallei strain SCBP007 chromosome 1, whole genome shotgun sequence	cluster_001_consensus rotated=True rotated_gene=dnaA
genomes/GCF_000583835.1.fna	genomes/MF6.fna	84.60	16.27	15.54	NZ_CP004368.1 Burkholderia pseudomallei MSHR520 chromosome 1, complete sequence	cluster_001_consensus rotated=True rotated_gene=dnaA
genomes/GCF_019843765.1.fna	genomes/MF6.fna	84.60	17.31	15.84	NZ_JAGTPE010000001.1 Burkholderia pseudomallei strain AW21 chromosome 1, whole genome shotgun sequence	cluster_001_consensus rotated=True rotated_gene=dnaA
genomes/GCF_000755945.1.fna	genomes/MF6.fna	84.60	17.62	15.98	NZ_CP008892.1 Burkholderia pseudomallei MSHR5858 chromosome 1, complete sequence	cluster_001_consensus rotated=True rotated_gene=dnaA
genomes/GCF_038983225.1.fna	genomes/MF6.fna	84.60	17.40	15.99	NZ_JAQIYP010000001.1 Burkholderia pseudomallei strain SCBP001 chromosome 1, whole genome shotgun sequence	cluster_001_consensus rotated=True rotated_gene=dnaA
genomes/GCF_003547035.1.fna	genomes/MF6.fna	84.59	17.36	15.81	NZ_CP025306.1 Burkholderia pseudomallei strain D286 chromosome 1, complete sequence	cluster_001_consensus rotated=True rotated_gene=dnaA
genomes/GCF_038447785.1.fna	genomes/MF6.fna	84.59	17.33	15.97	NZ_CP151808.1 Burkholderia pseudomallei strain SiteD-1A chromosome 1	cluster_001_consensus rotated=True rotated_gene=dnaA
genomes/GCF_038447715.1.fna	genomes/MF6.fna	84.59	17.33	15.97	NZ_CP151806.1 Burkholderia pseudomallei strain SiteD-10J chromosome 1	cluster_001_consensus rotated=True rotated_gene=dnaA
genomes/GCF_001885195.1.fna	genomes/MF6.fna	84.59	16.60	15.50	NZ_CP018054.1 Burkholderia pseudomallei strain VB976100 chromosome 1, complete sequence	cluster_001_consensus rotated=True rotated_gene=dnaA
genomes/GCF_001980585.2.fna	genomes/MF6.fna	84.59	17.56	15.76	NZ_CP116601.1 Burkholderia pseudomallei strain MSHR5089 chromosome 1, complete sequence	cluster_001_consensus rotated=True rotated_gene=dnaA
genomes/GCF_002111125.1.fna	genomes/MF6.fna	84.59	16.03	15.51	NZ_CP018384.1 Burkholderia pseudomallei strain 2008724860 chromosome 1, complete sequence	cluster_001_consensus rotated=True rotated_gene=dnaA
genomes/GCF_001974745.1.fna	genomes/MF6.fna	84.58	17.02	15.90	NZ_MECZ01000001.1 Burkholderia pseudomallei strain MSHR6522 chromosome 1 map unlocalized Chr1a_MSHR6522, whole genome shotgun sequence	cluster_001_consensus rotated=True rotated_gene=dnaA
genomes/GCF_018228545.1.fna	genomes/MF6.fna	84.58	17.39	15.66	NZ_CP073740.1 Burkholderia pseudomallei strain AW9 chromosome 1, complete sequence	cluster_001_consensus rotated=True rotated_gene=dnaA
genomes/GCF_001275585.1.fna	genomes/MF6.fna	84.58	16.78	15.34	NZ_CP012094.1 Burkholderia pseudomallei strain 350105 chromosome 1 sequence	cluster_001_consensus rotated=True rotated_gene=dnaA
genomes/GCF_030297275.1.fna	genomes/MF6.fna	84.57	16.84	15.41	NZ_AP028079.1 Burkholderia pseudomallei strain Kanagawa chromosome 1, complete sequence	cluster_001_consensus rotated=True rotated_gene=dnaA
genomes/GCA_036870995.1.fna	genomes/MF6.fna	84.57	16.44	15.48	CP145516.1 Burkholderia pseudomallei strain BP169 chromosome 1	cluster_001_consensus rotated=True rotated_gene=dnaA
genomes/GCF_002111345.1.fna	genomes/MF6.fna	84.57	16.82	15.51	NZ_CP018372.1 Burkholderia pseudomallei strain 2002721171 chromosome 1, complete sequence	cluster_001_consensus rotated=True rotated_gene=dnaA
genomes/GCF_000959345.1.fna	genomes/MF6.fna	84.57	16.58	15.69	NZ_CP009551.1 Burkholderia pseudomallei PB08298010 chromosome I, complete sequence	cluster_001_consensus rotated=True rotated_gene=dnaA
genomes/GCF_000193475.1.fna	genomes/MF6.fna	84.57	16.97	15.70	NZ_CM000774.1 Burkholderia pseudomallei 1106b chromosome I, whole genome shotgun sequence	cluster_001_consensus rotated=True rotated_gene=dnaA
genomes/GCF_016864355.1.fna	genomes/MF6.fna	84.57	16.67	15.97	NZ_CP069360.1 Burkholderia pseudomallei strain VB29710 chromosome 1, complete sequence	cluster_001_consensus rotated=True rotated_gene=dnaA
genomes/GCF_050320195.1.fna	genomes/MF6.fna	84.57	16.42	15.74	NZ_CP190013.1 Burkholderia pseudomallei strain 490f chromosome 1, complete sequence	cluster_001_consensus rotated=True rotated_gene=dnaA
genomes/GCF_000521645.1.fna	genomes/MF6.fna	84.57	16.61	15.58	NZ_CP004042.1 Burkholderia pseudomallei MSHR146 chromosome 1, complete sequence	cluster_001_consensus rotated=True rotated_gene=dnaA
genomes/GCF_004348075.1.fna	genomes/MF6.fna	84.57	17.86	15.85	NZ_CP037760.1 Burkholderia pseudomallei strain BPs116 chromosome 1, complete sequence	cluster_001_consensus rotated=True rotated_gene=dnaA
genomes/GCF_030297295.1.fna	genomes/MF6.fna	84.56	16.93	15.58	NZ_AP028081.1 Burkholderia pseudomallei strain Tokushima chromosome 1, complete sequence	cluster_001_consensus rotated=True rotated_gene=dnaA
genomes/GCF_000755925.1.fna	genomes/MF6.fna	84.56	17.11	15.84	NZ_CP008911.1 Burkholderia pseudomallei HBPUB10134a chromosome 1, complete sequence	cluster_001_consensus rotated=True rotated_gene=dnaA
genomes/GCF_000959305.1.fna	genomes/MF6.fna	84.56	17.62	15.92	NZ_CP009545.1 Burkholderia pseudomallei strain MSHR668 chromosome I, complete sequence	cluster_001_consensus rotated=True rotated_gene=dnaA
genomes/GCF_002110965.1.fna	genomes/MF6.fna	84.56	16.06	15.44	NZ_CP018391.1 Burkholderia pseudomallei strain 2011756295 chromosome 1, complete sequence	cluster_001_consensus rotated=True rotated_gene=dnaA
genomes/GCF_002111145.1.fna	genomes/MF6.fna	84.56	16.74	15.43	NZ_CP018387.1 Burkholderia pseudomallei strain 2010007509 chromosome 1, complete sequence	cluster_001_consensus rotated=True rotated_gene=dnaA
genomes/GCF_051560125.1.fna	genomes/MF6.fna	84.55	16.44	15.52	NZ_CM121441.1 Burkholderia pseudomallei strain TSV140_S chromosome 1, whole genome shotgun sequence	cluster_001_consensus rotated=True rotated_gene=dnaA
genomes/GCF_000755905.1.fna	genomes/MF6.fna	84.55	17.04	15.69	NZ_CP008894.1 Burkholderia pseudomallei HBPUB10303a chromosome 1, complete sequence	cluster_001_consensus rotated=True rotated_gene=dnaA
genomes/GCF_052858145.1.fna	genomes/MF6.fna	84.55	16.64	15.43	NZ_CP193468.1 Burkholderia pseudomallei strain Bp05 chromosome 1, complete sequence	cluster_001_consensus rotated=True rotated_gene=dnaA
genomes/GCF_003798365.1.fna	genomes/MF6.fna	84.55	17.04	15.69	NZ_CP033701.1 Burkholderia pseudomallei strain FDAARGOS_594 chromosome 1, complete sequence	cluster_001_consensus rotated=True rotated_gene=dnaA
genomes/GCF_965199925.1.fna	genomes/MF6.fna	84.55	16.76	15.75	NZ_OZ241391.1 Burkholderia pseudomallei strain 22-9817_3 R#1 isolate 22-9817_3 chromosome 1, complete sequence	cluster_001_consensus rotated=True rotated_gene=dnaA
genomes/GCF_001887575.1.fna	genomes/MF6.fna	84.54	16.97	15.87	NZ_CP016911.1 Burkholderia pseudomallei strain Burk178-Type2 chromosome 1, complete sequence	cluster_001_consensus rotated=True rotated_gene=dnaA
genomes/GCF_965199425.1.fna	genomes/MF6.fna	84.54	17.14	15.84	NZ_OZ241174.1 Burkholderia pseudomallei strain 21-7286_3 R#2.1 isolate 21-7286_3 chromosome 1, complete sequence	cluster_001_consensus rotated=True rotated_gene=dnaA
genomes/GCF_000260515.1.fna	genomes/MF6.fna	84.54	16.73	15.51	NC_017831.1 Burkholderia pseudomallei 1026b chromosome 1, complete sequence	cluster_001_consensus rotated=True rotated_gene=dnaA
genomes/GCF_002843645.1.fna	genomes/MF6.fna	84.54	17.06	15.92	NZ_CP025264.1 Burkholderia pseudomallei strain MSHR1435 chromosome 1, complete sequence	cluster_001_consensus rotated=True rotated_gene=dnaA
genomes/GCF_001887555.1.fna	genomes/MF6.fna	84.54	16.99	15.89	NZ_CP016909.1 Burkholderia pseudomallei strain Burk178-Type1 chromosome 1, complete sequence	cluster_001_consensus rotated=True rotated_gene=dnaA
genomes/GCF_003547015.1.fna	genomes/MF6.fna	84.53	17.06	15.71	NZ_CP025304.1 Burkholderia pseudomallei strain R15 chromosome R15.1, complete sequence	cluster_001_consensus rotated=True rotated_gene=dnaA
genomes/GCF_000439695.1.fna	genomes/MF6.fna	84.53	16.32	15.55	NC_021884.1 Burkholderia pseudomallei MSHR305 chromosome 1, complete sequence	cluster_001_consensus rotated=True rotated_gene=dnaA
genomes/GCF_018228345.1.fna	genomes/MF6.fna	84.53	17.31	15.77	NZ_CP073722.1 Burkholderia pseudomallei strain WC19 chromosome 1, complete sequence	cluster_001_consensus rotated=True rotated_gene=dnaA
genomes/GCF_002111005.1.fna	genomes/MF6.fna	84.53	16.41	15.43	NZ_CP018405.1 Burkholderia pseudomallei strain 2013746878 chromosome 1, complete sequence	cluster_001_consensus rotated=True rotated_gene=dnaA
genomes/GCF_001975125.1.fna	genomes/MF6.fna	84.53	16.30	15.54	NZ_CP017050.1 Burkholderia pseudomallei strain MSHR4083 chromosome 1, complete sequence	cluster_001_consensus rotated=True rotated_gene=dnaA
genomes/GCF_052855985.1.fna	genomes/MF6.fna	84.53	17.05	15.59	NZ_CP193458.1 Burkholderia pseudomallei strain Bp15 chromosome 1, complete sequence	cluster_001_consensus rotated=True rotated_gene=dnaA
genomes/GCF_017378315.2.fna	genomes/MF6.fna	84.53	17.10	15.67	NZ_CP071754.2 Burkholderia pseudomallei strain VBP364 chromosome 1, complete sequence	cluster_001_consensus rotated=True rotated_gene=dnaA
genomes/GCF_000953095.1.fna	genomes/MF6.fna	84.53	17.21	15.81	NZ_LK936442.1 Burkholderia pseudomallei strain C1 chromosome 1, complete sequence	cluster_001_consensus rotated=True rotated_gene=dnaA
genomes/GCA_965199775.1.fna	genomes/MF6.fna	84.52	17.05	15.27	OZ241381.1 Burkholderia pseudomallei strain 22-9817_4 R#1 genome assembly, chromosome: 1	cluster_001_consensus rotated=True rotated_gene=dnaA
genomes/GCF_000294635.1.fna	genomes/MF6.fna	84.52	17.03	15.62	NC_018527.1 Burkholderia pseudomallei BPC006 chromosome I, complete sequence	cluster_001_consensus rotated=True rotated_gene=dnaA
genomes/GCF_000770455.1.fna	genomes/MF6.fna	84.52	17.28	16.10	NZ_CP009151.1 Burkholderia pseudomallei B03 chromosome 1, complete sequence	cluster_001_consensus rotated=True rotated_gene=dnaA
genomes/GCF_965202565.1.fna	genomes/MF6.fna	84.51	16.99	16.03	NZ_OZ241824.1 Burkholderia pseudomallei strain 21-7286_4 R#1 isolate 21-7286_4 chromosome 1, complete sequence	cluster_001_consensus rotated=True rotated_gene=dnaA
genomes/GCF_017378155.1.fna	genomes/MF6.fna	84.51	16.93	16.02	NZ_CP071746.1 Burkholderia pseudomallei strain VBM21822 chromosome 1, complete sequence	cluster_001_consensus rotated=True rotated_gene=dnaA
genomes/GCF_051560145.1.fna	genomes/MF6.fna	84.51	17.14	16.08	NZ_CM121443.1 Burkholderia pseudomallei strain TSV82_R chromosome 1, whole genome shotgun sequence	cluster_001_consensus rotated=True rotated_gene=dnaA
genomes/GCF_002111225.1.fna	genomes/MF6.fna	84.51	17.24	15.92	NZ_CP018400.1 Burkholderia pseudomallei strain 2013746811 chromosome 1, complete sequence	cluster_001_consensus rotated=True rotated_gene=dnaA
genomes/GCF_017378195.1.fna	genomes/MF6.fna	84.50	16.54	15.53	NZ_CP071749.1 Burkholderia pseudomallei strain VBM21885 chromosome 1, complete sequence	cluster_001_consensus rotated=True rotated_gene=dnaA
genomes/GCF_001975145.1.fna	genomes/MF6.fna	84.50	16.28	15.53	NZ_CP017052.1 Burkholderia pseudomallei strain MSHR3763 chromosome 1, complete sequence	cluster_001_consensus rotated=True rotated_gene=dnaA
genomes/GCF_052855315.1.fna	genomes/MF6.fna	84.50	17.43	16.20	NZ_CP193452.1 Burkholderia pseudomallei strain Bp18 chromosome 1, complete sequence	cluster_001_consensus rotated=True rotated_gene=dnaA
genomes/GCF_002110985.1.fna	genomes/MF6.fna	84.50	16.42	15.37	NZ_CP018393.1 Burkholderia pseudomallei strain 2011756296 chromosome 1, complete sequence	cluster_001_consensus rotated=True rotated_gene=dnaA
genomes/GCF_000756065.1.fna	genomes/MF6.fna	84.50	16.59	15.52	NZ_CP008784.1 Burkholderia pseudomallei MSHR5855 chromosome 1, complete sequence	cluster_001_consensus rotated=True rotated_gene=dnaA
genomes/GCF_052855615.1.fna	genomes/MF6.fna	84.50	16.89	15.45	NZ_CP193455.1 Burkholderia pseudomallei strain Bp16 chromosome 1, complete sequence	cluster_001_consensus rotated=True rotated_gene=dnaA
genomes/GCF_002111185.1.fna	genomes/MF6.fna	84.48	16.94	16.02	NZ_CP018395.1 Burkholderia pseudomallei strain 2013746776 chromosome 1, complete sequence	cluster_001_consensus rotated=True rotated_gene=dnaA
genomes/GCF_004367705.1.fna	genomes/MF6.fna	84.48	17.57	15.65	NZ_CP037976.1 Burkholderia pseudomallei strain BPs112 isolate Melioidosis patient chromosome 1, complete sequence	cluster_001_consensus rotated=True rotated_gene=dnaA
genomes/GCF_002111025.1.fna	genomes/MF6.fna	84.48	16.68	15.70	NZ_CP018406.1 Burkholderia pseudomallei strain 2013833055 chromosome 1, complete sequence	cluster_001_consensus rotated=True rotated_gene=dnaA
genomes/GCF_018228565.1.fna	genomes/MF6.fna	84.48	17.37	15.82	NZ_CP073734.1 Burkholderia pseudomallei strain AW17-23 chromosome 1, complete sequence	cluster_001_consensus rotated=True rotated_gene=dnaA
genomes/GCF_002111165.1.fna	genomes/MF6.fna	84.47	16.77	15.80	NZ_CP018389.1 Burkholderia pseudomallei strain 2011756189 chromosome 1, complete sequence	cluster_001_consensus rotated=True rotated_gene=dnaA
genomes/GCA_964417475.2.fna	genomes/MF6.fna	84.47	16.41	15.50	OZ259869.1 Burkholderia pseudomallei isolate None genome assembly, chromosome: 1	cluster_001_consensus rotated=True rotated_gene=dnaA
genomes/GCF_052854605.1.fna	genomes/MF6.fna	84.47	16.34	15.14	NZ_CP193441.1 Burkholderia pseudomallei strain Bp25 chromosome 1, complete sequence	cluster_001_consensus rotated=True rotated_gene=dnaA
genomes/GCF_018771365.1.fna	genomes/MF6.fna	84.46	17.01	16.09	NZ_CP076297.1 Burkholderia pseudomallei strain VBP21822 chromosome 1, complete sequence	cluster_001_consensus rotated=True rotated_gene=dnaA
genomes/GCF_052854615.1.fna	genomes/MF6.fna	84.46	16.83	15.59	NZ_CP193444.1 Burkholderia pseudomallei strain Bp24 chromosome 1, complete sequence	cluster_001_consensus rotated=True rotated_gene=dnaA
genomes/GCF_004526325.1.fna	genomes/MF6.fna	84.46	17.43	15.62	NZ_CP038195.1 Burkholderia pseudomallei strain BPs122 chromosome 1, complete sequence	cluster_001_consensus rotated=True rotated_gene=dnaA
genomes/GCF_001975085.1.fna	genomes/MF6.fna	84.45	16.72	15.66	NZ_CP017046.1 Burkholderia pseudomallei strain MSHR6755 chromosome 1, complete sequence	cluster_001_consensus rotated=True rotated_gene=dnaA
genomes/GCF_000511915.1.fna	genomes/MF6.fna	84.44	16.53	15.50	NZ_CP004003.1 Burkholderia pseudomallei NAU20B-16 chromosome 1, complete sequence	cluster_001_consensus rotated=True rotated_gene=dnaA
genomes/GCA_017356705.2.fna	genomes/MF6.fna	84.44	11.75	15.97	CP071525.1 Burkholderia pseudomallei strain VBM364 chromosome, complete genome	cluster_001_consensus rotated=True rotated_gene=dnaA
genomes/GCF_052857225.1.fna	genomes/MF6.fna	84.44	17.29	15.85	NZ_CP193463.1 Burkholderia pseudomallei strain Bp11 chromosome 1, complete sequence	cluster_001_consensus rotated=True rotated_gene=dnaA
genomes/GCF_038448065.1.fna	genomes/MF6.fna	84.44	16.69	15.52	NZ_CP151812.1 Burkholderia pseudomallei strain SiteA-10J chromosome 1	cluster_001_consensus rotated=True rotated_gene=dnaA
genomes/GCA_017356725.2.fna	genomes/MF6.fna	84.44	11.95	16.28	CP071526.1 Burkholderia pseudomallei strain VBM399 chromosome, complete genome	cluster_001_consensus rotated=True rotated_gene=dnaA
genomes/GCF_003546995.3.fna	genomes/MF6.fna	84.44	16.81	15.71	NZ_CP025300.3 Burkholderia pseudomallei strain H10 chromosome 1, complete sequence	cluster_001_consensus rotated=True rotated_gene=dnaA
genomes/GCF_002110925.1.fna	genomes/MF6.fna	84.43	16.93	15.77	NZ_CP018376.1 Burkholderia pseudomallei strain 2002721684 chromosome 1, complete sequence	cluster_001_consensus rotated=True rotated_gene=dnaA
genomes/GCF_005862325.1.fna	genomes/MF6.fna	84.43	17.04	15.53	NZ_CP040551.1 Burkholderia pseudomallei strain VB2514 chromosome 1, complete sequence	cluster_001_consensus rotated=True rotated_gene=dnaA
genomes/GCF_052854885.1.fna	genomes/MF6.fna	84.42	16.47	15.42	NZ_CP193445.1 Burkholderia pseudomallei strain Bp23 chromosome 1, complete sequence	cluster_001_consensus rotated=True rotated_gene=dnaA
genomes/GCF_017378435.1.fna	genomes/MF6.fna	84.42	16.76	15.69	NZ_CP071761.1 Burkholderia pseudomallei strain VBP23831 chromosome 1, complete sequence	cluster_001_consensus rotated=True rotated_gene=dnaA
genomes/GCF_000775165.1.fna	genomes/MF6.fna	84.42	15.46	14.14	NZ_CM003019.1 Burkholderia pseudomallei MSHR435 chromosome 1, whole genome shotgun sequence	cluster_001_consensus rotated=True rotated_gene=dnaA
genomes/GCF_004367725.1.fna	genomes/MF6.fna	84.41	17.53	15.60	NZ_CP037972.1 Burkholderia pseudomallei strain BPs133 isolate Melioidosis patient chromosome 1, complete sequence	cluster_001_consensus rotated=True rotated_gene=dnaA
genomes/GCF_052854315.1.fna	genomes/MF6.fna	84.40	16.47	15.75	NZ_CP193436.1 Burkholderia pseudomallei strain Bp27 chromosome 1, complete sequence	cluster_001_consensus rotated=True rotated_gene=dnaA
genomes/GCF_002110945.1.fna	genomes/MF6.fna	84.40	16.27	15.61	NZ_CP018380.1 Burkholderia pseudomallei strain 2008724734 chromosome 1, complete sequence	cluster_001_consensus rotated=True rotated_gene=dnaA
genomes/GCF_052855305.1.fna	genomes/MF6.fna	84.40	17.20	16.06	NZ_CP193450.1 Burkholderia pseudomallei strain Bp19 chromosome 1, complete sequence	cluster_001_consensus rotated=True rotated_gene=dnaA
genomes/GCF_000770535.1.fna	genomes/MF6.fna	84.39	17.00	15.85	NZ_CP009165.1 Burkholderia pseudomallei A79A chromosome 1, complete sequence	cluster_001_consensus rotated=True rotated_gene=dnaA
genomes/GCF_003798265.1.fna	genomes/MF6.fna	84.38	17.39	15.94	NZ_CP033705.1 Burkholderia pseudomallei strain FDAARGOS_592 chromosome 1, complete sequence	cluster_001_consensus rotated=True rotated_gene=dnaA
genomes/GCA_038448705.1.fna	genomes/MF6.fna	84.38	16.89	15.73	CP151804.1 Burkholderia pseudomallei strain SiteE-6D chromosome 1	cluster_001_consensus rotated=True rotated_gene=dnaA
genomes/GCF_000959125.1.fna	genomes/MF6.fna	84.38	16.64	15.44	NZ_CP004379.1 Burkholderia pseudomallei 1026b chromosome 1, complete sequence	cluster_001_consensus rotated=True rotated_gene=dnaA
genomes/GCF_008728295.1.fna	genomes/MF6.fna	84.38	17.41	15.87	NZ_CP038218.1 Burkholderia pseudomallei strain Yap5 chromosome 1, complete sequence	cluster_001_consensus rotated=True rotated_gene=dnaA
genomes/GCF_000770435.1.fna	genomes/MF6.fna	84.36	16.62	15.59	NZ_CP009271.1 Burkholderia pseudomallei MSHR1153 chromosome 1, complete sequence	cluster_001_consensus rotated=True rotated_gene=dnaA
genomes/GCF_002111285.1.fna	genomes/MF6.fna	84.35	16.19	15.44	NZ_CP018414.1 Burkholderia pseudomallei strain 3000047530 chromosome 1, complete sequence	cluster_001_consensus rotated=True rotated_gene=dnaA
genomes/GCF_000959265.1.fna	genomes/MF6.fna	84.34	16.13	15.27	NZ_CP009535.1 Burkholderia pseudomallei 7894 chromosome I, complete sequence	cluster_001_consensus rotated=True rotated_gene=dnaA
genomes/GCF_002111265.1.fna	genomes/MF6.fna	84.33	16.53	15.56	NZ_CP018408.1 Burkholderia pseudomallei strain 2013833057 chromosome 1, complete sequence	cluster_001_consensus rotated=True rotated_gene=dnaA
genomes/GCF_008728255.1.fna	genomes/MF6.fna	84.32	17.27	15.74	NZ_CP038214.1 Burkholderia pseudomallei strain Yap6 chromosome 1, complete sequence	cluster_001_consensus rotated=True rotated_gene=dnaA
genomes/GCF_002111385.1.fna	genomes/MF6.fna	84.32	16.65	15.90	NZ_CP018413.1 Burkholderia pseudomallei strain 3000015486 chromosome 1, complete sequence	cluster_001_consensus rotated=True rotated_gene=dnaA
genomes/GCF_004367685.1.fna	genomes/MF6.fna	84.31	17.55	15.70	NZ_CP037970.1 Burkholderia pseudomallei strain BPs123 chromosome 1, complete sequence	cluster_001_consensus rotated=True rotated_gene=dnaA
genomes/GCF_000182585.2.fna	genomes/MF6.fna	84.31	16.74	15.78	NC_012695.1 Burkholderia pseudomallei MSHR346 chromosome I, complete sequence	cluster_001_consensus rotated=True rotated_gene=dnaA
genomes/GCF_002111305.1.fna	genomes/MF6.fna	84.31	16.19	15.42	NZ_CP018416.1 Burkholderia pseudomallei strain 3000465972 chromosome 1, complete sequence	cluster_001_consensus rotated=True rotated_gene=dnaA
genomes/GCF_004367665.1.fna	genomes/MF6.fna	84.30	17.52	15.59	NZ_CP037974.1 Burkholderia pseudomallei strain BPs114 chromosome 1, complete sequence	cluster_001_consensus rotated=True rotated_gene=dnaA
genomes/GCF_000959145.1.fna	genomes/MF6.fna	84.28	17.12	15.97	NZ_CP009298.1 Burkholderia pseudomallei 406e chromosome 1, complete sequence	cluster_001_consensus rotated=True rotated_gene=dnaA
