accession	organism_name	genus	strain	query_genus	total_length	gc_percent	n_replicons_total	replicon_sizes	largest	second	third	sequencing_tech	checkm_completeness	checkm_contamination	ncbi_n_chromosomes	n_large_200kb	n_large_300kb	n_large_500kb	n_large_1000kb	architecture	ncbi_labelled_chromosomes	ncbi_labelled_plasmids	third_ncbi_label	third_chr_name	size_vs_label_agree	qc_pass	qc_reason
GCA_017356705.2	Burkholderia pseudomallei	Burkholderia	VBM364	Burkholderia	10601007	68	2	7387439;3213568	7387439	3213568	0	Illumina HiSeq; Oxford Nanopore MinION			2	2	2	2	2	2_large	2	0			True	True	
GCA_017356725.2	Burkholderia pseudomallei	Burkholderia	VBM399	Burkholderia	10628399	68	2	7387707;3240692	7387707	3240692	0	Illumina HiSeq; Oxford Nanopore MinION			2	2	2	2	2	2_large	2	0			True	True	
GCA_020887275.1	Burkholderia sp. SFA1	Burkholderia	SFA1	Burkholderia	9406462	63	8	3128653;1743356;1615796;1517105;494197;481972;246373;179010	3128653	1743356	1615796	Illumina NextSeq, Nanopore GridION			8	7	6	4	4	4+_large	3	5	Chromosome	3	False	True	
GCA_024298805.1	Burkholderia sp. FXe9	Burkholderia	FXe9	Burkholderia	8825357	66	4	3988163;3290308;1441107;105779	3988163	3290308	1441107	Oxford Nanopore GridION	83.22	0.3	4	3	3	3	3	3_large	2	2	Plasmid	unnamed1	False	False	completeness<95
GCA_029762415.1	Burkholderia gladioli	Burkholderia	KRS027	Burkholderia	8257358	68	3	4187756;3892275;177327	4187756	3892275	177327	PacBio	61.85	1.41	3	2	2	2	2	2_large	2	1	Plasmid	unnamed1	True	False	completeness<95
GCA_040954445.1	Burkholderia sp.	Burkholderia		Burkholderia	2503222	58.5	3	1892292;551157;59773	1892292	551157	59773	Oxford Nanopore MinION	55.46	0.64	3	2	2	2	1	2_large	2	1	Plasmid	plasmid	True	False	completeness<95
GCA_048918525.1	Burkholderia gladioli	Burkholderia	HG_1	Burkholderia	8231763	68	4	4163892;3834718;178386;54767	4163892	3834718	178386	Oxford Nanopore MinION	93.36	2.51	4	2	2	2	2	2_large	2	2	Plasmid	pHG_1-178	True	False	completeness<95
GCA_051027405.1	Burkholderia stagnalis	Burkholderia	wqa34	Burkholderia	8315245	61.5	3	4560590;3705923;48732	4560590	3705923	48732	PacBio	100	1.75	3	2	2	2	2	2_large	2	1	Plasmid	p1	True	True	
GCA_055387565.1	Burkholderia pseudomallei	Burkholderia	GTC 3P0021	Burkholderia	6960028	68	2	4080545;2879483	4080545	2879483	0	Nanopore MinION; Illumina MiSeq	95.43	1.27	2	2	2	2	2	2_large	2	0			True	True	
GCA_056494915.1	Paraburkholderia caledonica	Paraburkholderia	SM1	Paraburkholderia	8902796	61.5	4	4274904;3150938;967717;509237	4274904	3150938	967717	Oxford Nanopore R10.4			4	4	4	4	2	4+_large	2	2	Plasmid	pCAL2	False	True	
GCA_059696275.1	Burkholderia sp. SJ1	Burkholderia	unspecified.	Burkholderia	3228657	66.5	1	3228657	3228657	0	0	PacBio Sequel lle	8.09		1	1	1	1	1	1_large	1	0			True	False	completeness<95
GCA_964417475.2	Burkholderia pseudomallei	Burkholderia		Burkholderia	7364047	68	2	4123479;3240568	4123479	3240568	0	OXFORD_NANOPORE, MiSeq Illumina			2	2	2	2	2	2_large	2	0			True	True	
GCA_965199415.1	Burkholderia pseudomallei	Burkholderia	21-7286_7 R#1	Burkholderia	7312858	68	2	4090989;3221869	4090989	3221869	0	OXFORD_NANOPORE, MiSeq ILLUMINA	87.93	0.68	2	2	2	2	2	2_large	2	0			True	False	completeness<95
GCA_965199775.1	Burkholderia pseudomallei	Burkholderia	22-9817_4 R#1	Burkholderia	6984844	68	2	4100456;2884388	4100456	2884388	0	OXFORD_NANOPORE, MiSeq ILLUMINA	94.5	0.98	2	2	2	2	2	2_large	2	0			True	False	completeness<95
GCA_965217235.1	Burkholderia multivorans	Burkholderia		Burkholderia	5679994	66	2	3451707;2228287	3451707	2228287	0	MICROBESNG	70.9	8.65	2	2	2	2	2	2_large	2	0			True	False	completeness<95
GCA_965217245.1	Burkholderia multivorans	Burkholderia		Burkholderia	5480461	66.5	2	3340722;2139739	3340722	2139739	0	MICROBESNG	70.06	8.57	2	2	2	2	2	2_large	2	0			True	False	completeness<95
GCA_980298765.1	Burkholderia pseudomallei	Burkholderia	IHUMIBP5	Burkholderia	7004592	68	2	3910731;3093861	3910731	3093861	0	Illumina MiSeq ; Oxford-Nanopore GridIon	94.56	1.11	2	2	2	2	2	2_large	2	0			True	False	completeness<95
GCF_000009485.1	Burkholderia cenocepacia J2315	Burkholderia	J2315	Burkholderia	8055782	67	4	3870082;3217062;875977;92661	3870082	3217062	875977		99.34	1.17	4	3	3	3	2	3_large	3	1	Chromosome	3	True	True	
GCF_000010545.1	Burkholderia multivorans ATCC 17616	Burkholderia	ATCC 17616	Burkholderia	7008810	66.5	4	3448421;2473162;919805;167422	3448421	2473162	919805		99.33	0.56	4	3	3	3	2	3_large	3	1	Chromosome	3	True	True	
GCF_000011545.1	Burkholderia pseudomallei K96243	Burkholderia	K96243	Burkholderia	7247547	68	2	4074542;3173005	4074542	3173005	0		99.29	0.92	2	2	2	2	2	2_large	2	0			True	True	
GCF_000011705.1	Burkholderia mallei ATCC 23344	Burkholderia	ATCC 23344	Burkholderia	5835527	68.5	2	3510148;2325379	3510148	2325379	0		98.02	0.71	2	2	2	2	2	2_large	2	0			True	True	
GCF_000012365.1	Burkholderia thailandensis E264	Burkholderia	E264; ATCC 700388	Burkholderia	6723972	67.5	2	3809201;2914771	3809201	2914771	0		100	0.06	2	2	2	2	2	2_large	2	0			True	True	
GCF_000012785.1	Burkholderia pseudomallei 1710b	Burkholderia	1710b	Burkholderia	7308054	68	2	4126292;3181762	4126292	3181762	0		99.18	0.93	2	2	2	2	2	2_large	2	0			True	True	
GCF_000012945.1	Burkholderia lata	Burkholderia	383	Burkholderia	8676277	66.5	3	3694126;3587082;1395069	3694126	3587082	1395069		99.49	0.09	3	3	3	3	3	3_large	3	0	Chromosome	3	True	True	
GCF_000013645.1	Paraburkholderia xenovorans LB400	Paraburkholderia	LB400	Paraburkholderia	9731138	62.5	3	4895836;3363523;1471779	4895836	3363523	1471779		99.94	0.03	3	3	3	3	3	3_large	3	0	Chromosome	3	True	True	
GCF_000015465.1	Burkholderia mallei SAVP1	Burkholderia	SAVP1	Burkholderia	5232401	68.5	2	3497479;1734922	3497479	1734922	0		97.26	0.71	2	2	2	2	2	2_large	2	0			True	True	
GCF_000015605.1	Burkholderia mallei NCTC 10229	Burkholderia	NCTC 10229	Burkholderia	5742303	68.5	2	3458208;2284095	3458208	2284095	0		97.46	0.71	2	2	2	2	2	2_large	2	0			True	True	
GCF_000015625.1	Burkholderia mallei NCTC 10247	Burkholderia	NCTC 10247	Burkholderia	5848380	68.5	2	3495687;2352693	3495687	2352693	0		97.17	0.71	2	2	2	2	2	2_large	2	0			True	True	
GCF_000015905.1	Burkholderia pseudomallei 668	Burkholderia	668	Burkholderia	7040403	68.5	2	3912947;3127456	3912947	3127456	0		98.93	0.92	2	2	2	2	2	2_large	2	0			True	True	
GCF_000015925.1	Burkholderia pseudomallei 1106a	Burkholderia	1106a	Burkholderia	7089249	68.5	2	3988455;3100794	3988455	3100794	0		99.33	0.87	2	2	2	2	2	2_large	2	0			True	True	
GCF_000016205.1	Burkholderia vietnamiensis G4	Burkholderia	G4	Burkholderia	8391070	65.5	8	3652814;2411759;1241007;397868;265616;226679;107231;88096	3652814	2411759	1241007				8	6	4	3	3	4+_large	3	5	Chromosome	3	False	True	
GCF_000018505.1	Burkholderia multivorans ATCC 17616	Burkholderia	ATCC 17616	Burkholderia	7008622	66.5	4	3448466;2472928;919806;167422	3448466	2472928	919806		99.33	0.56	4	3	3	3	2	3_large	3	1	Chromosome	3	True	True	
GCF_000019505.1	Burkholderia orbicola MC0-3	Burkholderia	MC0-3	Burkholderia	7971389	66.5	3	3532883;3213911;1224595	3532883	3213911	1224595		100		3	3	3	3	3	3_large	3	0	Chromosome	3	True	True	
GCF_000019925.1	Burkholderia ambifaria MC40-6	Burkholderia	MC40-6	Burkholderia	7642536	66.5	4	3443583;2769414;1127947;301592	3443583	2769414	1127947		100		4	4	4	3	3	4+_large	3	1	Chromosome	3	False	True	
GCF_000020045.1	Paraburkholderia phymatum STM815	Paraburkholderia	STM815	Paraburkholderia	8676562	62.5	4	3479187;2697374;1904893;595108	3479187	2697374	1904893		99.94	0.68	4	4	4	4	3	4+_large	2	2	Plasmid	pBPHY01	False	True	
GCF_000020125.1	Paraburkholderia phytofirmans PsJN	Paraburkholderia	PsJN	Paraburkholderia	8214658	62.5	3	4467537;3625999;121122	4467537	3625999	121122		99.94	0.45	3	2	2	2	2	2_large	2	1	Plasmid	pBPHYT01	True	True	
GCF_000022645.2	Burkholderia glumae BGR1	Burkholderia	BGR1	Burkholderia	7284636	68	6	3906507;2827333;141792;141067;134346;133591	3906507	2827333	141792		99.01	0.2	6	2	2	2	2	2_large	2	4	Plasmid	bglu_2p	True	True	
GCF_000092885.1	Paraburkholderia atlantica	Paraburkholderia	CCGE1002	Paraburkholderia	7884858	63.5	4	3518940;2593966;1282816;489136	3518940	2593966	1282816		99.5		4	4	4	3	3	4+_large	3	1	Chromosome	3	False	True	
GCF_000194745.1	Burkholderia gladioli BSR3	Burkholderia	BSR3	Burkholderia	9052299	67.5	6	4413616;3700833;403586;276215;129399;128650	4413616	3700833	403586		99.99	2.23	6	4	3	2	2	3_large	2	4	Plasmid	bgla_4p	False	True	
GCF_000198775.1	Mycetohabitans rhizoxinica HKI 454	Mycetohabitans	HKI 454	Mycetohabitans	3750138	60.5	3	2755309;822304;172525	2755309	822304	172525		94.41		3	2	2	2	1	2_large	1	2	Plasmid	pBRH02	False	False	completeness<95
GCF_000203915.1	Burkholderia ambifaria AMMD	Burkholderia	AMMD	Burkholderia	7528567	67	4	3556545;2646969;1281472;43581	3556545	2646969	1281472		100		4	3	3	3	3	3_large	3	1	Chromosome	3	True	True	
GCF_000203955.1	Burkholderia cenocepacia HI2424	Burkholderia	B1	Burkholderia	7702840	67	4	3483902;2998664;1055417;164857	3483902	2998664	1055417		98.92	0.67	4	3	3	3	3	3_large	3	1	Chromosome	3	True	True	
GCF_000236065.1	Burkholderia sp. YI23	Burkholderia	YI23	Burkholderia	8896411	63.5	6	3131280;1951047;1773019;1569570;356263;115232	3131280	1951047	1773019		99.28	0.43	6	5	5	4	4	4+_large	3	3	Chromosome	2	False	True	
GCF_000236215.2	Burkholderia cenocepacia H111	Burkholderia	H111	Burkholderia	7714893	67.5	3	3572953;3102677;1039263	3572953	3102677	1039263		99.06	0.75	3	3	3	3	3	3_large	3	0	Chromosome	3	True	True	
GCF_000260515.1	Burkholderia pseudomallei 1026b	Burkholderia	1026b	Burkholderia	7231415	68	2	4092668;3138747	4092668	3138747	0		99.36	0.98	2	2	2	2	2	2_large	2	0			True	True	
GCF_000262695.1	Burkholderia sp. KJ006	Burkholderia	KJ006	Burkholderia	6629912	67	4	3145156;2356985;1082410;45361	3145156	2356985	1082410	Illumina	100		4	3	3	3	3	3_large	3	1	Chromosome	3	True	True	
GCF_000292915.1	Burkholderia cepacia GG4	Burkholderia	GG4	Burkholderia	6467321	66.5	2	3463655;3003666	3463655	3003666	0		99.14	0.64	2	2	2	2	2	2_large	2	0			True	True	
GCF_000294635.1	Burkholderia pseudomallei BPC006	Burkholderia	BPC006	Burkholderia	7155061	68	2	4001777;3153284	4001777	3153284	0		98.87	0.98	2	2	2	2	2	2_large	2	0			True	True	
GCF_000300095.1	Paraburkholderia phenoliruptrix BR3459a	Paraburkholderia	BR3459a	Paraburkholderia	7651131	63	3	4152217;2713495;785419	4152217	2713495	785419		99.5		3	3	3	3	2	3_large	2	1	Plasmid	pSYMBR3459	False	True	
GCF_000385525.1	Burkholderia thailandensis MSMB121	Burkholderia	MSMB121	Burkholderia	6731379	67.5	2	3967794;2763585	3967794	2763585	0		100	0.36	2	2	2	2	2	2_large	2	0			True	True	
GCF_000402035.1	Caballeronia insecticola	Caballeronia	RPE64	Caballeronia	6964487	63	5	3013410;1465356;1275199;900830;309692	3013410	1465356	1275199	HiSeq2000; PacBio RS; ABI 3130	99.94	1.32	5	5	5	4	3	4+_large	3	2	Plasmid	p1	False	True	
GCF_000439695.1	Burkholderia pseudomallei MSHR305	Burkholderia	MSHR305	Burkholderia	7428072	68	2	4054155;3373917	4054155	3373917	0	Illumina HiSeq (std and LMP) & PacBio RS	99.29	1.26	2	2	2	2	2	2_large	2	0			True	True	
GCF_000494855.1	Burkholderia pseudomallei NCTC 13179	Burkholderia	NCTC 13179	Burkholderia	7337157	68	2	3997089;3340068	3997089	3340068	0	454 (long insert PE data); Illumina GAiiX (100bp std); PacBio	97.26	1.14	2	2	2	2	2	2_large	2	0			True	True	
GCF_000511895.1	Burkholderia pseudomallei NCTC 13178	Burkholderia	NCTC 13178	Burkholderia	7391364	68	2	4029451;3361913	4029451	3361913	0	454 LMP; Illumina GAiiX; PacBio RS	98.17	1.05	2	2	2	2	2	2_large	2	0			True	True	
GCF_000511915.1	Burkholderia pseudomallei NAU20B-16	Burkholderia	NAU20B-16	Burkholderia	7313851	68	2	4067895;3245956	4067895	3245956	0	paired end 454; Illumina Gaii; pacBio shotgun	98.55	0.92	2	2	2	2	2	2_large	2	0			True	True	
GCF_000520895.1	Burkholderia pseudomallei MSHR511	Burkholderia	MSHR511	Burkholderia	7316085	68	2	4067942;3248143	4067942	3248143	0	paired end 454; Illumina Gaii; PacBio Data	98.91	0.92	2	2	2	2	2	2_large	2	0			True	True	
GCF_000521645.1	Burkholderia pseudomallei MSHR146	Burkholderia	MSHR146	Burkholderia	7313103	68	2	4067985;3245118	4067985	3245118	0		98.76	0.92	2	2	2	2	2	2_large	2	0			True	True	
GCF_000522545.2	Paraburkholderia caribensis MBA4	Paraburkholderia	MBA4	Paraburkholderia	9482704	62.5	3	3575012;3352623;2555069	3575012	3352623	2555069	Illumina; 454; Pacbio	99.5	0.26	3	3	3	3	3	3_large	2	1	Plasmid	plasmid	False	True	
GCF_000567905.1	Burkholderia thailandensis H0587	Burkholderia	H0587	Burkholderia	6768375	68	2	3827433;2940942	3827433	2940942	0	paired end 454; Illumina Gaii; pacBio shotgun	99.57	0.38	2	2	2	2	2	2_large	2	0			True	True	
GCF_000567925.1	Burkholderia thailandensis 2002721723	Burkholderia	2002721723	Burkholderia	6577133	67.5	2	3662415;2914718	3662415	2914718	0	paired end 454; Illumina Gaii; pacBio shotgun	98.24	0.06	2	2	2	2	2	2_large	2	0			True	True	
GCF_000567945.1	Burkholderia thailandensis E444	Burkholderia	E444	Burkholderia	6651696	67.5	2	3799595;2852101	3799595	2852101	0		99.01	0.06	2	2	2	2	2	2_large	2	0			True	True	
GCF_000583835.1	Burkholderia pseudomallei MSHR520	Burkholderia	MSHR520	Burkholderia	7450511	68	2	4059501;3391010	4059501	3391010	0	paired end 454; Illumina Gaii; pacBio shotgun	98.39	1.04	2	2	2	2	2	2_large	2	0			True	True	
GCF_000701165.1	Burkholderia cepacia JBK9	Burkholderia	JBK9	Burkholderia	8481212	67	3	3790084;3400736;1290392	3790084	3400736	1290392	PacBio	99.62	3.85	3	3	3	3	3	3_large	3	0	Chromosome	3	True	True	
GCF_000705535.2	Burkholderia seminalis	Burkholderia	869T2	Burkholderia	8022336	67	3	3561262;3012498;1448576	3561262	3012498	1448576	Illumina MiSeq; Oxford Nanopore MinION	99.89	0.03	3	3	3	3	3	3_large	3	0	Chromosome	3	True	True	
GCF_000706745.1	Burkholderia thailandensis USAMRU Malaysia #20	Burkholderia	USAMRU Malaysia #20	Burkholderia	6684359	67.5	2	3862646;2821713	3862646	2821713	0	454pe; Illumina; PacBio	99.95	0.06	2	2	2	2	2	2_large	2	0			True	True	
GCF_000755725.1	Burkholderia cenocepacia	Burkholderia	DDS 22E-1	Burkholderia	8045250	67	3	3668832;3209624;1166794	3668832	3209624	1166794	Illumina; Pacbio	88.83	7.46	3	3	3	3	3	3_large	3	0	Chromosome	3	True	False	completeness<95
GCF_000755765.1	Burkholderia pseudomallei	Burkholderia	BDP	Burkholderia	7442161	68	2	4056147;3386014	4056147	3386014	0	Illumina; 454; PacBio	99.23	1.26	2	2	2	2	2	2_large	2	0			True	True	
GCF_000755785.1	Burkholderia mallei	Burkholderia	FMH 23344	Burkholderia	5835541	68.5	2	3510187;2325354	3510187	2325354	0	Illumina; 454; PacBio	98.09	0.71	2	2	2	2	2	2_large	2	0			True	True	
GCF_000755805.1	Burkholderia cepacia	Burkholderia	DDS 7H-2	Burkholderia	8147114	67	3	3760231;3206581;1180302	3760231	3206581	1180302	Illumina; Pacbio	99.27	4.21	3	3	3	3	3	3_large	3	0	Chromosome	3	True	True	
GCF_000755825.1	Burkholderia pseudomallei	Burkholderia	BSR	Burkholderia	7272702	68	2	4058409;3214293	4058409	3214293	0	Illumina; 454; PacBio	99.07	0.98	2	2	2	2	2	2_large	2	0			True	True	
GCF_000755845.1	Burkholderia mallei	Burkholderia	6	Burkholderia	5647769	68.5	2	3501048;2146721	3501048	2146721	0	Illumina; 454 ; PacBio	94.02	1.07	2	2	2	2	2	2_large	2	0			True	False	completeness<95
GCF_000755865.1	Burkholderia mallei	Burkholderia	23344	Burkholderia	5625292	68.5	2	3531732;2093560	3531732	2093560	0	Illumina; PacBio	96.31	0.71	2	2	2	2	2	2_large	2	0			True	True	
GCF_000755885.1	Burkholderia mallei	Burkholderia	BMQ	Burkholderia	5630231	68.5	2	3533325;2096906	3533325	2096906	0	Illumina; PacBio	96.6	0.71	2	2	2	2	2	2_large	2	0			True	True	
GCF_000755905.1	Burkholderia pseudomallei HBPUB10303a	Burkholderia	HBPUB10303a	Burkholderia	7178176	68	2	3984054;3194122	3984054	3194122	0	Illumina; 454; PacBio	99.07	0.81	2	2	2	2	2	2_large	2	0			True	True	
GCF_000755925.1	Burkholderia pseudomallei HBPUB10134a	Burkholderia	HBPUB10134a	Burkholderia	7218403	68	2	4017692;3200711	4017692	3200711	0	Illumina; 454	99.36	0.87	2	2	2	2	2	2_large	2	0			True	True	
GCF_000755945.1	Burkholderia pseudomallei MSHR5858	Burkholderia	MSHR5858	Burkholderia	7072128	68.5	2	3925545;3146583	3925545	3146583	0	Illumina; PacBio	99.03	0.84	2	2	2	2	2	2_large	2	0			True	True	
GCF_000755965.1	Burkholderia pseudomallei MSHR5848	Burkholderia	MSHR5848	Burkholderia	7290434	68	2	4054219;3236215	4054219	3236215	0	Illumina; 454; PacBio	99.03	0.97	2	2	2	2	2	2_large	2	0			True	True	
GCF_000755985.1	Burkholderia oklahomensis	Burkholderia	EO147	Burkholderia	7313673	67	2	4192008;3121665	4192008	3121665	0	Illumina; PacBio	99.86	1.1	2	2	2	2	2	2_large	2	0			True	True	
GCF_000756005.1	Burkholderia multivorans	Burkholderia	DDS 15A-1	Burkholderia	7281867	66.5	3	3603686;2541526;1136655	3603686	2541526	1136655	Illumina; PacBio	98.6	3.18	3	3	3	3	3	3_large	3	0	Chromosome	3	True	True	
GCF_000756025.1	Burkholderia mallei	Burkholderia	2000031063	Burkholderia	5874930	68.5	2	3553363;2321567	3553363	2321567	0	Illumina; PacBio	97.84	0.71	2	2	2	2	2	2_large	2	0			True	True	
GCF_000756045.1	Paraburkholderia xenovorans LB400	Paraburkholderia	LB400	Paraburkholderia	9702951	62.5	3	4868129;3363006;1471816	4868129	3363006	1471816	Illumina; 454; PacBio	99.94	0.03	3	3	3	3	3	3_large	3	0	Chromosome	3	True	True	
GCF_000756065.1	Burkholderia pseudomallei MSHR5855	Burkholderia	MSHR5855	Burkholderia	7297804	68	2	4060827;3236977	4060827	3236977	0	Illumina; 454; PacBio	99.03	0.97	2	2	2	2	2	2_large	2	0			True	True	
GCF_000756085.1	Burkholderia pseudomallei	Burkholderia	BGR	Burkholderia	7231385	68	2	4092738;3138647	4092738	3138647	0	Illumina; 454; PacBio	99.36	0.97	2	2	2	2	2	2_large	2	0			True	True	
GCF_000756125.1	Burkholderia pseudomallei	Burkholderia	Mahidol-1106a	Burkholderia	7085397	68.5	2	3985223;3100174	3985223	3100174	0	Illumina; 454; PacBio	99.36	0.87	2	2	2	2	2	2_large	2	0			True	True	
GCF_000756145.1	Burkholderia pseudomallei	Burkholderia	1106a	Burkholderia	7086433	68.5	2	3984293;3102140	3984293	3102140	0	Illumina; 454	98.49	0.87	2	2	2	2	2	2_large	2	0			True	True	
GCF_000756165.1	Burkholderia pseudomallei	Burkholderia	MSHR1655	Burkholderia	7027950	68	2	4019546;3008404	4019546	3008404	0	Illumina; 454	99.24	1.03	2	2	2	2	2	2_large	2	0			True	True	
GCF_000756185.1	Burkholderia pseudomallei 576	Burkholderia	576	Burkholderia	7266604	68	2	4021786;3244818	4021786	3244818	0	Illumina; 454	99.21	0.99	2	2	2	2	2	2_large	2	0			True	True	
GCF_000757015.2	Burkholderia pseudomallei	Burkholderia	PHLS 112	Burkholderia	7202363	68	2	3976798;3225565	3976798	3225565	0	Illumina; PacBio; 454	99.14	0.81	2	2	2	2	2	2_large	2	0			True	True	
GCF_000757035.2	Burkholderia pseudomallei Pasteur 52237	Burkholderia	Pasteur 52237	Burkholderia	7325318	68	2	4140573;3184745	4140573	3184745	0	Illumina; PacBio	99.1	0.87	2	2	2	2	2	2_large	2	0			True	True	
GCF_000762285.1	Burkholderia mallei NCTC 10247	Burkholderia	NCTC 10247	Burkholderia	5827656	68.5	2	3476239;2351417	3476239	2351417	0	Illumina; PacBio	97.17	0.71	2	2	2	2	2	2_large	2	0			True	True	
GCF_000764575.1	Burkholderia pseudomallei NAU35A-3	Burkholderia	NAU35A-3	Burkholderia	7204083	68	2	3955135;3248948	3955135	3248948	0	Illumina; PacBio; 454pe	98.4	0.98	2	2	2	2	2	2_large	2	0			True	True	
GCF_000764595.1	Burkholderia thailandensis MSMB59	Burkholderia	MSMB59	Burkholderia	6739500	67.5	2	3916324;2823176	3916324	2823176	0	454; Illumina	100	0.06	2	2	2	2	2	2_large	2	0			True	True	
GCF_000764955.1	Burkholderia cenocepacia	Burkholderia	DWS 37E-2	Burkholderia	6612421	66.5	3	3241886;2375865;994670	3241886	2375865	994670	Illumina; 454	85.79	3.68	3	3	3	3	2	3_large	3	0	Chromosome	3	True	False	completeness<95
GCF_000765375.1	Burkholderia thailandensis E254	Burkholderia	E254	Burkholderia	6676730	67.5	2	3805980;2870750	3805980	2870750	0	454pe: Illumina; PacBio	99.02	0.06	2	2	2	2	2	2_large	2	0			True	True	
GCF_000770395.1	Burkholderia pseudomallei MSHR62	Burkholderia	MSHR62	Burkholderia	7225433	68	2	4031107;3194326	4031107	3194326	0	Illumina; PacBio	99.1	1.19	2	2	2	2	2	2_large	2	0			True	True	
GCF_000770455.1	Burkholderia pseudomallei B03	Burkholderia	B03	Burkholderia	7264759	68	2	4008750;3256009	4008750	3256009	0	Illumina; PacBio	99.14	1.03	2	2	2	2	2	2_large	2	0			True	True	
GCF_000770495.1	Burkholderia pseudomallei TSV 48	Burkholderia	TSV 48	Burkholderia	7337621	68	2	4110442;3227179	4110442	3227179	0	Illumina; PacBio	97.61	2.34	2	2	2	2	2	2_large	2	0			True	True	
GCF_000770515.1	Burkholderia pseudomallei K42	Burkholderia	K42	Burkholderia	7296458	68	2	3969389;3327069	3969389	3327069	0	Illumina; PacBio	98.89	0.99	2	2	2	2	2	2_large	2	0			True	True	
GCF_000770535.1	Burkholderia pseudomallei A79A	Burkholderia	A79A	Burkholderia	7272441	68	2	4008865;3263576	4008865	3263576	0	Illumina; PacBio	98.92	1.09	2	2	2	2	2	2_large	2	0			True	True	
GCF_000770565.1	Burkholderia pseudomallei	Burkholderia	TSV202	Burkholderia	7814142	67.5	4	4228716;3267160;271168;47098	4228716	3267160	271168	Illumina; PacBio	98.55	3	4	3	2	2	2	2_large	2	2	Plasmid	1	True	True	
GCF_000808035.2	Burkholderia thailandensis	Burkholderia	2003015869	Burkholderia	6729116	67.5	2	3762666;2966450	3762666	2966450	0	Illumina; 454; Pacbio	99.57	0.06	2	2	2	2	2	2_large	2	0			True	True	
GCF_000828875.1	Caballeronia cordobensis	Caballeronia	RPE67	Caballeronia	8685756	63.5	6	3090091;1787110;1680600;1438033;495745;194177	3090091	1787110	1680600	PacBio RS; ABI 3130	99.72	0.81	6	5	5	4	4	4+_large	3	3	Chromosome	3	False	True	
GCF_000835205.1	Burkholderia plantarii	Burkholderia	PG1	Burkholderia	7896538	69	2	4163767;3732771	4163767	3732771	0		98.55	1.84	2	2	2	2	2	2_large	2	0			True	True	
GCF_000953095.1	Burkholderia pseudomallei	Burkholderia	C1	Burkholderia	7161665	68	2	4044293;3117372	4044293	3117372	0	Illumina and PacBio	99.36	0.87	2	2	2	2	2	2_large	2	0			True	True	
GCF_000954175.1	Burkholderia pseudomallei	Burkholderia	vgh07	Burkholderia	7045782	68	2	4006427;3039355	4006427	3039355	0	Illumina HiSeq	98.88	0.87	2	2	2	2	2	2_large	2	0			True	True	
GCF_000959125.1	Burkholderia pseudomallei 1026b	Burkholderia	1026b	Burkholderia	7237672	68	2	4092218;3145454	4092218	3145454	0	454PE; Illumina; PacBio	98.76	0.92	2	2	2	2	2	2_large	2	0			True	True	
GCF_000959145.1	Burkholderia pseudomallei 406e	Burkholderia	406E	Burkholderia	7271506	68	2	4055060;3216446	4055060	3216446	0	Illumina; 454; PacBio	99.02	0.98	2	2	2	2	2	2_large	2	0			True	True	
GCF_000959165.1	Burkholderia mallei	Burkholderia	2002734299	Burkholderia	5742341	68.5	2	3458247;2284094	3458247	2284094	0	Illumina; PacBio; 454	97.46	0.71	2	2	2	2	2	2_large	2	0			True	True	
GCF_000959185.1	Burkholderia pseudomallei MSHR840	Burkholderia	MSHR840	Burkholderia	7129813	68	2	4021787;3108026	4021787	3108026	0	Illumina; PacBio; 454	99.13	1	2	2	2	2	2	2_large	2	0			True	True	
GCF_000959205.1	Burkholderia pseudomallei MSHR491	Burkholderia	MSHR491	Burkholderia	7356376	68	2	4088931;3267445	4088931	3267445	0	Illumina; PacBio; 454	98.59	1.17	2	2	2	2	2	2_large	2	0			True	True	
GCF_000959225.1	Burkholderia pseudomallei MSHR2543	Burkholderia	MSHR2543	Burkholderia	7446569	68	2	4240604;3205965	4240604	3205965	0	Illumina; PacBio, 454	98.94	0.94	2	2	2	2	2	2_large	2	0			True	True	
GCF_000959245.1	Burkholderia ubonensis MSMB22	Burkholderia	MSMB22	Burkholderia	7189071	67.5	3	3546310;2722556;920205	3546310	2722556	920205	Illumina; PacBio; 454	100	1.49	3	3	3	3	2	3_large	3	0	Chromosome	III	True	True	
GCF_000959265.1	Burkholderia pseudomallei 7894	Burkholderia	7894	Burkholderia	7381912	68	2	4121652;3260260	4121652	3260260	0	Illumina; PacBio; 454	99.13	1.17	2	2	2	2	2	2_large	2	0			True	True	
GCF_000959285.1	Burkholderia pseudomallei K96243	Burkholderia	K96243	Burkholderia	7247614	68	2	4074547;3173067	4074547	3173067	0	Illumina; PacBio; 454	99.32	0.92	2	2	2	2	2	2_large	2	0			True	True	
GCF_000959305.1	Burkholderia pseudomallei	Burkholderia	MSHR668	Burkholderia	7042714	68.5	2	3915257;3127457	3915257	3127457	0	Illumina; PacBio; 454	98.82	1.03	2	2	2	2	2	2_large	2	0			True	True	
GCF_000959325.1	Burkholderia humptydooensis	Burkholderia	2002721687	Burkholderia	7285824	67	3	4067533;2913181;305110	4067533	2913181	305110	Illumina; PacBio; 454	99.57	0.38	3	3	3	2	2	3_large	2	1	Plasmid	pBTU	False	True	
GCF_000959345.1	Burkholderia pseudomallei PB08298010	Burkholderia	PB08298010	Burkholderia	7375551	68	2	4185347;3190204	4185347	3190204	0	Illumina; PacBio; 454	98.82	1.24	2	2	2	2	2	2_large	2	0			True	True	
GCF_000959365.1	Burkholderia oklahomensis C6786	Burkholderia	C6786	Burkholderia	7135022	67	2	4132035;3002987	4132035	3002987	0	Illumina; PacBio; 454	100	0.77	2	2	2	2	2	2_large	2	0			True	True	
GCF_000959405.1	Burkholderia mallei	Burkholderia	11	Burkholderia	5913134	68.5	2	3559874;2353260	3559874	2353260	0	Illumina; PacBio; 454	97.46	0.71	2	2	2	2	2	2_large	2	0			True	True	
GCF_000959425.1	Burkholderia thailandensis 2002721643	Burkholderia	2002721643	Burkholderia	6722801	67.5	2	3808029;2914772	3808029	2914772	0	Illumina; PacBio; 454	99.95	0.06	2	2	2	2	2	2_large	2	0			True	True	
GCF_000959445.1	Burkholderia vietnamiensis LMG 10929	Burkholderia	LMG 10929	Burkholderia	6930496	67	4	3317416;2262093;1248367;102620	3317416	2262093	1248367	Illumina; PacBio	100	0.09	4	3	3	3	3	3_large	3	1	Chromosome	III	True	True	
GCF_000959465.1	Burkholderia mallei	Burkholderia	India86-567-2	Burkholderia	5686446	68.5	2	3560434;2126012	3560434	2126012	0	Illumina; PacBio	97.53	0.71	2	2	2	2	2	2_large	2	0			True	True	
GCF_000959485.1	Burkholderia mallei	Burkholderia	2002734306	Burkholderia	5409162	68.5	2	3550623;1858539	3550623	1858539	0	Illumina; PacBio; 454	95.58	1.2	2	2	2	2	2	2_large	2	0			True	True	
GCF_000959505.1	Burkholderia dolosa AU0158	Burkholderia	AU0158	Burkholderia	6409095	67	3	3406596;2168075;834424	3406596	2168075	834424	Illumina; PacBio	100	0.14	3	3	3	3	2	3_large	3	0	Chromosome	3	True	True	
GCF_000959525.1	Burkholderia multivorans ATCC BAA-247	Burkholderia	BAA-247	Burkholderia	6322746	67	3	3428264;2344193;550289	3428264	2344193	550289	Illumina; PacBio	97.75	0.61	3	3	3	3	2	3_large	3	0	Chromosome	3	True	True	
GCF_000959545.1	Burkholderia ambifaria AMMD	Burkholderia	AMMD	Burkholderia	7528578	67	4	3556555;2646970;1281472;43581	3556555	2646970	1281472	Illumina; PacBio	100		4	3	3	3	3	3_large	3	1	Chromosome	3	True	True	
GCF_000959605.1	Burkholderia thailandensis 34	Burkholderia	34	Burkholderia	7120198	67.5	3	3896053;2897757;326388	3896053	2897757	326388	Illumina; PacBio; 454	99.57	3.04	3	3	3	2	2	3_large	2	1	Plasmid	plasmid	False	True	
GCF_000959625.1	Burkholderia mallei	Burkholderia	2002721276	Burkholderia	5780439	68.5	2	3542936;2237503	3542936	2237503	0	Illumina; PacBio	96.48	0.71	2	2	2	2	2	2_large	2	0			True	True	
GCF_000959725.1	Burkholderia gladioli	Burkholderia	ATCC 10248	Burkholderia	8899459	67.5	5	4668573;3927513;213090;63573;26710	4668573	3927513	213090	Illumina; 454; PacBio	99.29	1.98	5	3	2	2	2	2_large	2	3	Plasmid	1	True	True	
GCF_000960995.1	Burkholderia glumae LMG 2196 = ATCC 33617	Burkholderia	ATCC 33617	Burkholderia	6820727	68	4	3659771;2820414;196020;144522	3659771	2820414	196020	Illumina; PacBio	99.01	0.2	4	2	2	2	2	2_large	2	2	Plasmid	pBIN_1	True	True	
GCF_000961515.1	Paraburkholderia fungorum	Paraburkholderia	ATCC BAA-463	Paraburkholderia	9058983	62	4	4463161;3508455;650149;437218	4463161	3508455	650149	Illumina; PacBio	99.94	1.29	4	4	4	3	2	4+_large	3	1	Chromosome	3	False	True	
GCF_000974835.2	Burkholderia cepacia	Burkholderia	LO6	Burkholderia	6419376	67	1	6419376	6419376	0	0	PaBio	91.33	1.63	1	1	1	1	1	1_large	1	0			True	False	completeness<95
GCF_001028665.1	Burkholderia pyrrocinia	Burkholderia	DSM 10685	Burkholderia	7961346	66.5	4	3584103;3214754;1049005;113484	3584103	3214754	1049005	PacBio	100	0.88	4	3	3	3	3	3_large	3	1	Chromosome	3	True	True	
GCF_001029145.1	Burkholderia contaminans	Burkholderia	MS14	Burkholderia	8509249	66.5	3	3522585;3358952;1627712	3522585	3358952	1627712	Illumina	100	0.51	3	3	3	3	3	3_large	3	0	Chromosome	3	True	True	
GCF_001277875.1	Burkholderia pseudomallei	Burkholderia	vgh16R	Burkholderia	7266508	68	2	4038504;3228004	4038504	3228004	0	PacBio	98.34	0.98	2	2	2	2	2	2_large	2	0			True	True	
GCF_001277895.1	Burkholderia pseudomallei	Burkholderia	vgh16W	Burkholderia	7266810	68	2	4038845;3227965	4038845	3227965	0	PacBio	97.18	0.76	2	2	2	2	2	2_large	2	0			True	True	
GCF_001277975.1	Burkholderia pseudomallei	Burkholderia	982	Burkholderia	7184677	68	2	4028032;3156645	4028032	3156645	0	PacBio	98.7	0.92	2	2	2	2	2	2_large	2	0			True	True	
GCF_001293045.1	Burkholderia sp. HB1	Burkholderia	HB1	Burkholderia	7206167	63	2	4081670;3124497	4081670	3124497	0	Sanger dideoxy sequencing; Illumina	100	0.43	2	2	2	2	2	2_large	2	0			True	True	
GCF_001318245.1	Burkholderia pseudomallei	Burkholderia	Bp1651	Burkholderia	7260025	68	2	4112209;3147816	4112209	3147816	0	PacBio	97.51	0.92	2	2	2	2	2	2_large	2	0			True	True	
GCF_001411495.1	Burkholderia cepacia ATCC 25416	Burkholderia	UCB 717	Burkholderia	8605945	66.5	4	3791734;3408190;1196214;209807	3791734	3408190	1196214	PacBio	99.97	1.53	4	4	3	3	3	3_large	3	1	Chromosome	3	True	True	
GCF_001411805.1	Burkholderia plantarii	Burkholderia	ATCC 43733	Burkholderia	8081051	68.5	3	4140040;3743649;197362	4140040	3743649	197362		99.15	1.79	3	2	2	2	2	2_large	2	1	Plasmid	bpln_1p	True	True	
GCF_001449005.1	Paraburkholderia caribensis	Paraburkholderia	MWAP64	Paraburkholderia	9032119	62.5	4	3688127;2890272;2011268;442452	3688127	2890272	2011268		99.04	1.28	4	4	4	3	3	4+_large	2	2	Plasmid	1	False	True	
GCF_001484665.1	Burkholderia cenocepacia	Burkholderia	ST32	Burkholderia	8090388	67	4	3822749;3086109;989585;191945	3822749	3086109	989585	454; Illumina MiSeq	97.05	2.96	4	3	3	3	2	3_large	3	1	Chromosome	3	True	True	
GCF_001513745.1	Burkholderia humptydooensis	Burkholderia	MSMB43	Burkholderia	7287809	67	3	4069152;2913543;305114	4069152	2913543	305114	PacBio	99.79	0.38	3	3	3	2	2	3_large	2	1	Plasmid	pMSMB43	False	True	
GCF_001522105.2	Burkholderia oklahomensis EO147	Burkholderia	EO147	Burkholderia	7319578	67	2	4192894;3126684	4192894	3126684	0	PacBio	99.86	1.1	2	2	2	2	2	2_large	2	0			True	True	
GCF_001522135.2	Burkholderia oklahomensis C6786	Burkholderia	C6786	Burkholderia	7134792	67	2	4131753;3003039	4131753	3003039	0	PacBio	100	0.77	2	2	2	2	2	2_large	2	0			True	True	
GCF_001522585.2	Burkholderia sp. NRF60-BP8	Burkholderia	NRF60-BP8	Burkholderia	7079943	67.5	3	3427375;2801147;851421	3427375	2801147	851421	PacBio	100	0.14	3	3	3	3	2	3_large	3	0	Chromosome	3	True	True	
GCF_001522635.2	Burkholderia mayonis	Burkholderia	BDU8	Burkholderia	7357530	66.5	2	4439942;2917588	4439942	2917588	0	PacBio	100	0.34	2	2	2	2	2	2_large	2	0			True	True	
GCF_001523745.2	Burkholderia mayonis	Burkholderia	BDU6	Burkholderia	6590914	66.5	2	3838800;2752114	3838800	2752114	0	PacBio	100	0.34	2	2	2	2	2	2_large	2	0			True	True	
GCF_001523915.2	Burkholderia sp. LA-2-3-30-S1-D2	Burkholderia	LA-2-3-30-S1-D2	Burkholderia	7129526	66.5	3	3445340;2709855;974331	3445340	2709855	974331	PacBio	100	0.21	3	3	3	3	2	3_large	3	0	Chromosome	3	True	True	
GCF_001524445.2	Burkholderia savannae	Burkholderia	MSMB266	Burkholderia	7427555	67	3	4228278;2824254;375023	4228278	2824254	375023	PacBio	100	1.24	3	3	3	2	2	3_large	2	1	Plasmid	pMSMB0266	False	True	
GCF_001524625.2	Burkholderia savannae	Burkholderia	MSMB852	Burkholderia	7081173	67.5	3	4077888;2934072;69213	4077888	2934072	69213	PacBio	99.57	0.55	3	2	2	2	2	2_large	2	1	Plasmid	pMSMB0852	True	True	
GCF_001524645.2	Burkholderia sp. MSMB0856	Burkholderia	MSMB0856	Burkholderia	7249502	66.5	4	3467548;2473077;1059546;249331	3467548	2473077	1059546	PacBio	99.89		4	4	3	3	3	3_large	3	1	Chromosome	3	True	True	
GCF_001532025.2	Burkholderia sp. MSMB617WGS	Burkholderia	MSMB617WGS	Burkholderia	6913798	67.5	2	4081657;2832141	4081657	2832141	0	PacBio	99.91	0.55	2	2	2	2	2	2_large	2	0			True	True	
GCF_001557535.2	Burkholderia sp. PAMC 26561	Burkholderia	PAMC 26561	Burkholderia	9055344	59	8	3397021;1623425;1611937;793876;793818;601076;184640;49551	3397021	1623425	1611937	PacBIO RSII	99.57	2.24	8	6	6	6	3	4+_large	3	5	Chromosome	2	False	True	
GCF_001577465.1	Burkholderia sp. PAMC 28687	Burkholderia	PAMC 28687	Burkholderia	6881273	60	8	3260450;1696029;1495500;286935;62715;52585;20973;6086	3260450	1696029	1495500	PacBio	89.29	1.47	8	4	3	3	3	3_large	3	5	Chromosome	3	True	False	completeness<95
GCF_001606115.1	Burkholderia cenocepacia	Burkholderia	842	Burkholderia	8149696	67	4	3526250;3107451;1271875;244120	3526250	3107451	1271875	PacBio	98.49	3.72	4	4	3	3	3	3_large	3	1	Chromosome	3	True	True	
GCF_001606135.1	Burkholderia cenocepacia	Burkholderia	895	Burkholderia	8731481	67	3	7459003;1072666;199812	7459003	1072666	199812	PacBio	98.99	3.62	3	2	2	2	2	2_large	2	1	Plasmid	pBcp895-1	True	True	
GCF_001611015.1	Paraburkholderia caribensis	Paraburkholderia	Bcrs1W	Paraburkholderia	9319993	62.5	3	3694000;3049409;2576584	3694000	3049409	2576584	Illumina MiSeq	99.5	1.04	3	3	3	3	3	3_large	3	0	Chromosome	3	True	True	
GCF_001634365.1	Paraburkholderia phytofirmans OLGA172	Paraburkholderia	OLGA172	Paraburkholderia	8574890	61	5	4646070;3497621;271008;137323;22868	4646070	3497621	271008	PacBio RSII	99.94	1.7	5	3	2	2	2	2_large	2	3	Plasmid	pOLGA1	True	True	
GCF_001695715.1	Burkholderia pseudomallei	Burkholderia	M1	Burkholderia	7318076	68	2	4061776;3256300	4061776	3256300	0	Illumina; PacBio	98.42	1.1	2	2	2	2	2	2_large	2	0			True	True	
GCF_001695735.1	Burkholderia pseudomallei	Burkholderia	MS	Burkholderia	7313636	68	2	4059297;3254339	4059297	3254339	0	Illumina; PacBio	96.3	0.88	2	2	2	2	2	2_large	2	0			True	True	
GCF_001718295.1	Burkholderia thailandensis	Burkholderia	2003015869	Burkholderia	6729001	67.5	2	3762719;2966282	3762719	2966282	0	PacBio	100	0.06	2	2	2	2	2	2_large	2	0			True	True	
GCF_001718315.1	Burkholderia diffusa	Burkholderia	RF2-non-BP9	Burkholderia	6857833	66.5	3	3333368;2619120;905345	3333368	2619120	905345	PacBio	99.89	0.11	3	3	3	3	2	3_large	3	0	Chromosome	3	True	True	
GCF_001718335.1	Burkholderia territorii	Burkholderia	RF8-non-BP5	Burkholderia	6902370	66.5	3	3421021;2466714;1014635	3421021	2466714	1014635	PacBio	99.89		3	3	3	3	3	3_large	3	0	Chromosome	3	True	True	
GCF_001718355.1	Burkholderia ubonensis	Burkholderia	RF23-BP41	Burkholderia	7961598	67	4	3724327;3052802;925790;258679	3724327	3052802	925790	PacBio	100	1.28	4	4	3	3	2	3_large	3	1	Chromosome	3	True	True	
GCF_001718395.1	Burkholderia cepacia	Burkholderia	INT3-BP177	Burkholderia	7337382	67	2	3728457;3608925	3728457	3608925	0	PacBio	99.34	1.04	2	2	2	2	2	2_large	2	0			True	True	
GCF_001718415.1	Burkholderia pseudomultivorans	Burkholderia	SUB-INT23-BP2	Burkholderia	7956789	67.5	3	4849929;2995708;111152	4849929	2995708	111152	PacBio	100	0.53	3	2	2	2	2	2_large	2	1	Plasmid	pINT23	True	True	
GCF_001718495.1	Burkholderia vietnamiensis	Burkholderia	FL-2-3-30-S1-D0	Burkholderia	6815283	67	3	3257130;2428798;1129355	3257130	2428798	1129355	PacBio	99.57	0.43	3	3	3	3	3	3_large	3	0	Chromosome	3	True	True	
GCF_001718515.1	Burkholderia cenocepacia	Burkholderia	FL-5-3-30-S1-D7	Burkholderia	6330751	67	2	3461321;2869430	3461321	2869430	0	PacBio			2	2	2	2	2	2_large	2	0			True	True	
GCF_001718535.1	Burkholderia seminalis	Burkholderia	FL-5-4-10-S1-D7	Burkholderia	7648944	67.5	3	3505262;3050136;1093546	3505262	3050136	1093546	PacBio	100		3	3	3	3	3	3_large	3	0	Chromosome	3	True	True	
GCF_001718555.1	Burkholderia metallica	Burkholderia	FL-6-5-30-S1-D7	Burkholderia	7424240	67	3	3556612;2967116;900512	3556612	2967116	900512	PacBio	100		3	3	3	3	2	3_large	3	0	Chromosome	3	True	True	
GCF_001718575.1	Burkholderia lata	Burkholderia	FL-7-5-30-S1-D0	Burkholderia	8354839	66.5	3	3756401;3386917;1211521	3756401	3386917	1211521	PacBio	100	1.27	3	3	3	3	3	3_large	3	0	Chromosome	3	True	True	
GCF_001718595.1	Burkholderia thailandensis	Burkholderia	MSMB59	Burkholderia	6739530	67.5	2	3917337;2822193	3917337	2822193	0	PacBio	100	0.06	2	2	2	2	2	2_large	2	0			True	True	
GCF_001718615.1	Burkholderia thailandensis	Burkholderia	2002721121	Burkholderia	6767931	68	2	3827782;2940149	3827782	2940149	0	PacBio	97.81	0.38	2	2	2	2	2	2_large	2	0			True	True	
GCF_001718635.1	Burkholderia thailandensis	Burkholderia	2002721643	Burkholderia	6950257	67.5	3	3897156;2895326;157775	3897156	2895326	157775	PacBio	100	0.06	3	2	2	2	2	2_large	2	1	Plasmid	p2002721643	True	True	
GCF_001718655.1	Burkholderia ubonensis	Burkholderia	MSMB2035	Burkholderia	7235060	67	3	3935154;3000610;299296	3935154	3000610	299296	PacBio	100	1.76	3	3	2	2	2	2_large	2	1	Plasmid	pMSMB2035	True	True	
GCF_001718695.1	Burkholderia ubonensis	Burkholderia	MSMB0783	Burkholderia	6684845	67.5	3	3268347;2186651;1229847	3268347	2186651	1229847	PacBio	98.14	0.57	3	3	3	3	3	3_large	3	0	Chromosome	3	True	True	
GCF_001718755.1	Burkholderia multivorans	Burkholderia	AU1185	Burkholderia	6620936	67	3	3525707;2533520;561709	3525707	2533520	561709	PacBio	98.55	0.9	3	3	3	3	2	3_large	3	0	Chromosome	3	True	True	
GCF_001718775.1	Burkholderia vietnamiensis	Burkholderia	AU1233	Burkholderia	6835067	67	2	5577538;1257529	5577538	1257529	0	PacBio	99.15	0.43	2	2	2	2	2	2_large	2	0			True	True	
GCF_001718795.1	Burkholderia latens	Burkholderia	AU17928	Burkholderia	6614478	66.5	4	3331737;2339576;897684;45481	3331737	2339576	897684	PacBio	100		4	3	3	3	2	3_large	3	1	Chromosome	3	True	True	
GCF_001718815.1	Burkholderia vietnamiensis	Burkholderia	HI2297	Burkholderia	6764532	67	3	3308896;2215292;1240344	3308896	2215292	1240344	PacBio	100		3	3	3	3	3	3_large	3	0	Chromosome	3	True	True	
GCF_001718835.1	Burkholderia cepacia	Burkholderia	MSMB1184WGS	Burkholderia	8003631	66.5	3	3750729;3417004;835898	3750729	3417004	835898	PacBio	94.42	4.35	3	3	3	3	2	3_large	3	0	Chromosome	3	True	False	completeness<95
GCF_001718855.1	Burkholderia ubonensis	Burkholderia	MSMB1189WGS	Burkholderia	8028759	67	3	3756926;3435939;835894	3756926	3435939	835894	PacBio	100	1.07	3	3	3	3	2	3_large	3	0	Chromosome	3	True	True	
GCF_001718875.1	Burkholderia singularis	Burkholderia	MSMB0175	Burkholderia	5705688	64.5	2	3663220;2042468	3663220	2042468	0	PacBio	99.36	1.55	2	2	2	2	2	2_large	2	0			True	True	
GCF_001718895.1	Burkholderia cenocepacia	Burkholderia	MSMB384WGS	Burkholderia	7780598	67.5	3	3588848;3069864;1121886	3588848	3069864	1121886	PacBio	98.87	1.48	3	3	3	3	3	3_large	3	0	Chromosome	3	True	True	
GCF_001718915.1	Burkholderia vietnamiensis	Burkholderia	MSMB608WGS	Burkholderia	6891714	67	4	3322910;2229737;1210488;128579	3322910	2229737	1210488	PacBio	99.57	0.28	4	3	3	3	3	3_large	3	1	Chromosome	3	True	True	
GCF_001718955.1	Burkholderia stagnalis	Burkholderia	MSMB735WGS	Burkholderia	7583807	67.5	3	3703595;3001569;878643	3703595	3001569	878643	PacBio	99.89	0.64	3	3	3	3	2	3_large	3	0	Chromosome	3	True	True	
GCF_001718975.1	Burkholderia ubonensis	Burkholderia	MSMB1471WGS	Burkholderia	7463411	67.5	4	3531036;3094056;824232;14087	3531036	3094056	824232	PacBio	100	1.38	4	3	3	3	2	3_large	3	1	Chromosome	3	True	True	
GCF_001718995.1	Burkholderia multivorans	Burkholderia	MSMB1640WGS	Burkholderia	6845362	67	3	3451669;2493865;899828	3451669	2493865	899828	PacBio	99.01	1.61	3	3	3	3	2	3_large	3	0	Chromosome	3	True	True	
GCF_001729545.1	Burkholderia mallei	Burkholderia	Bahrain1	Burkholderia	5780166	68.5	2	3553991;2226175	3553991	2226175	0	PacBio	97.44	0.71	2	2	2	2	2	2_large	2	0			True	True	
GCF_001742165.1	Burkholderia stabilis	Burkholderia	ATCC BAA-67	Burkholderia	8527947	66.5	3	3886092;3318880;1322975	3886092	3318880	1322975	PacBio	99.07	0.49	3	3	3	3	3	3_large	3	0	Chromosome	3	True	True	
GCF_001865575.2	Paraburkholderia sprentiae WSM5005	Paraburkholderia	WSM5005	Paraburkholderia	7840207	63	5	3645992;2641336;974091;487801;90987	3645992	2641336	974091	Illumina HiSeq; PacBio	99.94	0.15	5	4	4	3	2	4+_large	2	3	Plasmid	pl1WSM5005	False	True	
GCF_001885195.1	Burkholderia pseudomallei	Burkholderia	VB976100	Burkholderia	7281208	68	2	4090973;3190235	4090973	3190235	0	PacBio	97.95	1.28	2	2	2	2	2	2_large	2	0			True	True	
GCF_001887555.1	Burkholderia pseudomallei	Burkholderia	Burk178-Type1	Burkholderia	7290949	68	2	4054259;3236690	4054259	3236690	0	PacBio	98.48	0.97	2	2	2	2	2	2_large	2	0			True	True	
GCF_001887575.1	Burkholderia pseudomallei	Burkholderia	Burk178-Type2	Burkholderia	7290882	68	2	4054192;3236690	4054192	3236690	0	PacBio	98.26	0.97	2	2	2	2	2	2_large	2	0			True	True	
GCF_001922345.1	Paraburkholderia sp. SOS3	Paraburkholderia	SOS3	Paraburkholderia	7502907	63.5	3	4483385;2991945;27577	4483385	2991945	27577	PacBio	99.03	0.62	3	2	2	2	2	2_large	2	1	Plasmid	unnamed1	True	True	
GCF_001975065.1	Burkholderia pseudomallei	Burkholderia	MSHR7929	Burkholderia	7248498	68	2	3976360;3272138	3976360	3272138	0	PacBio; Illumina HiSeq	99.13	1.22	2	2	2	2	2	2_large	2	0			True	True	
GCF_001975085.1	Burkholderia pseudomallei	Burkholderia	MSHR6755	Burkholderia	7300607	68	2	4050877;3249730	4050877	3249730	0	PacBio; Illumina HiSeq	99.16	1.05	2	2	2	2	2	2_large	2	0			True	True	
GCF_001975105.1	Burkholderia pseudomallei	Burkholderia	MSHR5864	Burkholderia	7317380	68	2	4067698;3249682	4067698	3249682	0	PacBio; Illumina HiSeq	99.03	1.03	2	2	2	2	2	2_large	2	0			True	True	
GCF_001975125.1	Burkholderia pseudomallei	Burkholderia	MSHR4083	Burkholderia	7437059	68	2	4056633;3380426	4056633	3380426	0	PacBio; Illumina HiSeq	99.29	1.26	2	2	2	2	2	2_large	2	0			True	True	
GCF_001975145.1	Burkholderia pseudomallei	Burkholderia	MSHR3763	Burkholderia	7436980	68	2	4056707;3380273	4056707	3380273	0	PacBio; Illumina	99.29	1.26	2	2	2	2	2	2_large	2	0			True	True	
GCF_001980585.2	Burkholderia pseudomallei	Burkholderia	MSHR5089	Burkholderia	6998496	68	2	3880126;3118370	3880126	3118370	0	Oxford Nanopore MinION	98.1	1.04	2	2	2	2	2	2_large	2	0			True	True	
GCF_001999785.1	Burkholderia cenocepacia	Burkholderia	VC7848	Burkholderia	7499459	67	1	7499459	7499459	0	0	PacBio	98.33	1.02	1	1	1	1	1	1_large	1	0			True	True	
GCF_001999825.1	Burkholderia cenocepacia	Burkholderia	VC12802	Burkholderia	7394909	67	2	6339862;1055047	6339862	1055047	0	PacBio	98.12	0.95	2	2	2	2	2	2_large	2	0			True	True	
GCF_001999885.1	Burkholderia cenocepacia	Burkholderia	VC12308	Burkholderia	7634498	67	4	3668000;2984720;964521;17257	3668000	2984720	964521	PacBio	98.55	1.79	4	3	3	3	2	3_large	3	1	Chromosome	3	True	True	
GCF_002007585.1	Burkholderia cenocepacia	Burkholderia	CR318	Burkholderia	7664894	67	3	3511146;3097552;1056196	3511146	3097552	1056196	Sanger dideoxy sequencing; Illumina	98.53	1.95	3	3	3	3	3	3_large	3	0	Chromosome	3	True	True	
GCF_002097715.1	Burkholderia ubonensis subsp. mesacidophila	Burkholderia	ATCC 31433	Burkholderia	7840830	67	4	3737663;3308659;641159;153349	3737663	3308659	641159	PacBio	99.47	2.64	4	3	3	3	2	3_large	3	1	Chromosome	3	True	True	
GCF_002110945.1	Burkholderia pseudomallei	Burkholderia	2008724734	Burkholderia	7482386	68	2	4195298;3287088	4195298	3287088	0	PacBio	98.38	1.85	2	2	2	2	2	2_large	2	0			True	True	
GCF_002110965.1	Burkholderia pseudomallei	Burkholderia	2011756295	Burkholderia	7498324	68	2	4224888;3273436	4224888	3273436	0	PacBio	98.36	1.4	2	2	2	2	2	2_large	2	0			True	True	
GCF_002111005.1	Burkholderia pseudomallei	Burkholderia	2013746878	Burkholderia	7330383	68	2	4062516;3267867	4062516	3267867	0	PacBio	98.7	1.34	2	2	2	2	2	2_large	2	0			True	True	
GCF_002111025.1	Burkholderia pseudomallei	Burkholderia	2013833055	Burkholderia	7343829	68	2	4077823;3266006	4077823	3266006	0	PacBio	99.19	1.4	2	2	2	2	2	2_large	2	0			True	True	
GCF_002111045.1	Burkholderia pseudomallei	Burkholderia	3000015237	Burkholderia	7319687	68	2	4056450;3263237	4056450	3263237	0	PacBio	98.51	1.2	2	2	2	2	2	2_large	2	0			True	True	
GCF_002111085.1	Burkholderia pseudomallei	Burkholderia	2002721184	Burkholderia	7382136	68	2	4121819;3260317	4121819	3260317	0	PacBio	99.13	1.17	2	2	2	2	2	2_large	2	0			True	True	
GCF_002111105.1	Burkholderia pseudomallei	Burkholderia	2002734728	Burkholderia	7234496	68	2	4149750;3084746	4149750	3084746	0	PacBio	98.58	1.27	2	2	2	2	2	2_large	2	0			True	True	
GCF_002111125.1	Burkholderia pseudomallei	Burkholderia	2008724860	Burkholderia	7542656	68	3	4032598;3212183;297875	4032598	3212183	297875	PacBio	98.65	2.86	3	3	2	2	2	2_large	2	1	Plasmid	p1	True	True	
GCF_002111145.1	Burkholderia pseudomallei	Burkholderia	2010007509	Burkholderia	7186084	68	2	4047168;3138916	4047168	3138916	0	PacBio	98.76	1.45	2	2	2	2	2	2_large	2	0			True	True	
GCF_002111165.1	Burkholderia pseudomallei	Burkholderia	2011756189	Burkholderia	7344971	68	2	4099199;3245772	4099199	3245772	0	PacBio	99.1	1.07	2	2	2	2	2	2_large	2	0			True	True	
GCF_002111205.1	Burkholderia pseudomallei	Burkholderia	2013746777	Burkholderia	7270495	68	2	4191510;3078985	4191510	3078985	0	PacBio	98.8	1.27	2	2	2	2	2	2_large	2	0			True	True	
GCF_002111225.1	Burkholderia pseudomallei	Burkholderia	2013746811	Burkholderia	7200858	68	2	4012048;3188810	4012048	3188810	0	PacBio	95.19	1.02	2	2	2	2	2	2_large	2	0			True	True	
GCF_002111245.1	Burkholderia pseudomallei	Burkholderia	2013746877	Burkholderia	7330290	68	2	4062501;3267789	4062501	3267789	0	PacBio	97.01	1.4	2	2	2	2	2	2_large	2	0			True	True	
GCF_002111265.1	Burkholderia pseudomallei	Burkholderia	2013833057	Burkholderia	7343602	68	2	4077668;3265934	4077668	3265934	0	PacBio	99.05	1.4	2	2	2	2	2	2_large	2	0			True	True	
GCF_002111285.1	Burkholderia pseudomallei	Burkholderia	3000047530	Burkholderia	7436525	68	2	4191431;3245094	4191431	3245094	0	PacBio	96.46	1.61	2	2	2	2	2	2_large	2	0			True	True	
GCF_002111305.1	Burkholderia pseudomallei	Burkholderia	3000465972	Burkholderia	7428404	68	2	4121864;3306540	4121864	3306540	0	PacBio	98.59	1.51	2	2	2	2	2	2_large	2	0			True	True	
GCF_002111325.1	Burkholderia pseudomallei	Burkholderia	2002721123	Burkholderia	7235491	68	2	4027562;3207929	4027562	3207929	0	PacBio	98.75	1.78	2	2	2	2	2	2_large	2	0			True	True	
GCF_002111345.1	Burkholderia pseudomallei	Burkholderia	2002721171	Burkholderia	7191137	68	2	4046807;3144330	4046807	3144330	0	PacBio	99.14	1.71	2	2	2	2	2	2_large	2	0			True	True	
GCF_002111365.1	Burkholderia pseudomallei	Burkholderia	2008724758	Burkholderia	7383789	68	2	4135235;3248554	4135235	3248554	0	PacBio	98.36	1.25	2	2	2	2	2	2_large	2	0			True	True	
GCF_002111385.1	Burkholderia pseudomallei	Burkholderia	3000015486	Burkholderia	7447673	68	2	4177999;3269674	4177999	3269674	0	PacBio	98.79	1.8	2	2	2	2	2	2_large	2	0			True	True	
GCF_002208175.1	Burkholderia gladioli pv. gladioli	Burkholderia	KACC 11889	Burkholderia	8854837	67.5	5	4668350;3922845;210524;26639;26479	4668350	3922845	210524	PacBio	99.3	1.98	5	3	2	2	2	2_large	2	3	Plasmid	pls1	True	True	
GCF_002209085.2	Burkholderia cepacia	Burkholderia	FDAARGOS_345	Burkholderia	8569854	66.5	4	3779906;3397795;1187984;204169	3779906	3397795	1187984	PacBio; Illumina	99.97	1.46	4	4	3	3	3	3_large	3	1	Chromosome	3	True	True	
GCF_002278075.1	Paraburkholderia aromaticivorans	Paraburkholderia	BN5	Paraburkholderia	8907716	63	8	4378888;2992211;664981;489416;162757;152437;39532;27494	4378888	2992211	664981	PacBio	99.94	0.25	8	4	4	3	2	4+_large	2	6	Plasmid	pBN1	False	True	
GCF_002345985.1	Burkholderia mallei	Burkholderia	Turkey1	Burkholderia	5591869	68.5	2	3471563;2120306	3471563	2120306	0	PacBio	96.15	0.84	2	2	2	2	2	2_large	2	0			True	True	
GCF_002346005.1	Burkholderia mallei	Burkholderia	Turkey10	Burkholderia	5728982	68.5	2	3623703;2105279	3623703	2105279	0	PacBio	94.81	3.69	2	2	2	2	2	2_large	2	0			True	False	completeness<95
GCF_002346025.1	Burkholderia mallei	Burkholderia	Turkey2	Burkholderia	5592049	68.5	2	3471484;2120565	3471484	2120565	0	PacBio	96.43	0.84	2	2	2	2	2	2_large	2	0			True	True	
GCF_002346045.1	Burkholderia mallei	Burkholderia	FMH	Burkholderia	5835466	68.5	2	3510109;2325357	3510109	2325357	0	PacBio	98.09	0.71	2	2	2	2	2	2_large	2	0			True	True	
GCF_002346065.1	Burkholderia mallei	Burkholderia	Turkey3	Burkholderia	5663182	68.5	2	3558404;2104778	3558404	2104778	0	PacBio	96.49	3.41	2	2	2	2	2	2_large	2	0			True	True	
GCF_002346085.1	Burkholderia mallei	Burkholderia	Turkey4	Burkholderia	5732597	68.5	2	3625848;2106749	3625848	2106749	0	PacBio	96.6	5.26	2	2	2	2	2	2_large	2	0			True	False	contamination>5
GCF_002346105.1	Burkholderia mallei	Burkholderia	Turkey5	Burkholderia	5698260	68.5	2	3512356;2185904	3512356	2185904	0	PacBio	96.11	5.05	2	2	2	2	2	2_large	2	0			True	False	contamination>5
GCF_002346125.1	Burkholderia mallei	Burkholderia	Turkey6	Burkholderia	5747822	68.5	2	3507358;2240464	3507358	2240464	0	PacBio	95.12	4.9	2	2	2	2	2	2_large	2	0			True	True	
GCF_002346145.1	Burkholderia mallei	Burkholderia	Turkey7	Burkholderia	5725287	68.5	2	3578566;2146721	3578566	2146721	0	PacBio	96.41	2.33	2	2	2	2	2	2_large	2	0			True	True	
GCF_002346165.1	Burkholderia mallei	Burkholderia	Turkey8	Burkholderia	5694391	68.5	2	3573819;2120572	3573819	2120572	0	PacBio	96.43	4.47	2	2	2	2	2	2_large	2	0			True	True	
GCF_002346185.1	Burkholderia mallei	Burkholderia	Turkey9	Burkholderia	5774312	68.5	2	3045954;2728358	3045954	2728358	0	PacBio	96.4	5.37	2	2	2	2	2	2_large	2	0			True	False	contamination>5
GCF_002346205.1	Burkholderia mallei	Burkholderia	JHU	Burkholderia	5736590	68.5	2	3510032;2226558	3510032	2226558	0	PacBio	98.09	0.71	2	2	2	2	2	2_large	2	0			True	True	
GCF_002356275.1	Burkholderia stabilis	Burkholderia	FERMP-21014	Burkholderia	7721104	66.5	3	3625611;3163229;932264	3625611	3163229	932264	PacBio RS II	100	0.21	3	3	3	3	2	3_large	3	0	Chromosome	3	True	True	
GCF_002386205.1	Burkholderia thailandensis	Burkholderia	FDAARGOS_426	Burkholderia	6729847	67.5	2	3967822;2762025	3967822	2762025	0	PacBio; Illumina	99.29	0.36	2	2	2	2	2	2_large	2	0			True	True	
GCF_002393425.1	Burkholderia gladioli pv. gladioli	Burkholderia	FDAARGOS_389	Burkholderia	8287172	68	3	4209407;3925840;151925	4209407	3925840	151925	PacBio; Illumina	99.43	2.41	3	2	2	2	2	2_large	2	1	Plasmid	plasmid	True	True	
GCF_002407525.2	Burkholderia cepacia	Burkholderia	FDAARGOS_388	Burkholderia	8569824	66.5	4	3779890;3397791;1187978;204165	3779890	3397791	1187978	PacBio; Illumina	99.97	1.46	4	4	3	3	3	3_large	3	1	Chromosome	3	True	True	
GCF_002843645.1	Burkholderia pseudomallei	Burkholderia	MSHR1435	Burkholderia	7278330	68	2	4019555;3258775	4019555	3258775	0	PacBio	99.36	1.03	2	2	2	2	2	2_large	2	0			True	True	
GCF_002860065.1	Burkholderia pseudomallei	Burkholderia	14M0960418	Burkholderia	7222235	68	2	4091945;3130290	4091945	3130290	0	PacBio	99.37	1.3	2	2	2	2	2	2_large	2	0			True	True	
GCF_002902925.1	Paraburkholderia terrae	Paraburkholderia	DSM 17804	Paraburkholderia	10062489	62	4	3621233;3002289;2682528;756439	3621233	3002289	2682528	PacBio	99.94	0.34	4	4	4	4	3	4+_large	4	0	Chromosome	3	True	True	
GCF_002902945.1	Paraburkholderia caribensis	Paraburkholderia	DSM 13236	Paraburkholderia	9032490	62.5	4	3688145;2890530;2011334;442481	3688145	2890530	2011334	PacBio	99.94	1.28	4	4	4	3	3	4+_large	4	0	Chromosome	3	True	True	
GCF_002902965.1	Paraburkholderia hospita	Paraburkholderia	DSM 17164	Paraburkholderia	11527706	62	6	4021292;3269803;2439752;971216;725510;100133	4021292	3269803	2439752	PacBio	99.78	0.46	6	5	5	5	3	4+_large	5	1	Chromosome	3	True	True	
GCF_003019945.1	Burkholderia vietnamiensis	Burkholderia	FDAARGOS_239	Burkholderia	6930411	67	4	3317400;2262065;1248348;102598	3317400	2262065	1248348	PacBio; Illumina	100	0.09	4	3	3	3	3	3_large	3	1	Chromosome	3	True	True	
GCF_003019965.1	Burkholderia multivorans	Burkholderia	FDAARGOS_246	Burkholderia	6322859	67	3	3428385;2344186;550288	3428385	2344186	550288	PacBio; Illumina	97.75	0.61	3	3	3	3	2	3_large	2	1	Plasmid	plasmid	False	True	
GCF_003020025.1	Burkholderia thailandensis	Burkholderia	FDAARGOS_237	Burkholderia	6672812	67.5	2	3819771;2853041	3819771	2853041	0	PacBio; Illumina	99.94	0.27	2	2	2	2	2	2_large	2	0			True	True	
GCF_003020185.1	Burkholderia thailandensis	Burkholderia	FDAARGOS_238	Burkholderia	6768654	68	2	3827809;2940845	3827809	2940845	0	PacBio; Illumina	100	0.38	2	2	2	2	2	2_large	2	0			True	True	
GCF_003076415.1	Burkholderia cenocepacia	Burkholderia	PC184 Mulks	Burkholderia	7067048	67	3	3497405;2856344;713299	3497405	2856344	713299	PacBio; Illumina MiSeq	93.15	1.33	3	3	3	3	2	3_large	3	0	Chromosome	2	True	False	completeness<95
GCF_003233675.1	Burkholderia sp. JP2-270	Burkholderia	JP2-270	Burkholderia	8925310	66	5	3723585;3274969;1483367;428263;15126	3723585	3274969	1483367	PacBio	99.36	0.92	5	4	4	3	3	4+_large	3	2	Chromosome	3	False	True	
GCF_003286395.1	Paraburkholderia dokdonensis	Paraburkholderia	DCT13	Paraburkholderia	4404244	64	2	3130508;1273736	3130508	1273736	0	PacBio	96.06	1.25	2	2	2	2	2	2_large	2	0			True	True	
GCF_003330745.1	Paraburkholderia caledonica	Paraburkholderia	PHRS4	Paraburkholderia	7211159	62	3	3862683;2944711;403765	3862683	2944711	403765	PacBio	98.8	0.18	3	3	3	2	2	3_large	2	1	Plasmid	pPHRS4	False	True	
GCF_003330765.1	Burkholderia pyrrocinia	Burkholderia	mHSR5	Burkholderia	8004399	66.5	3	3619008;3400486;984905	3619008	3400486	984905	Pacbio RSII	100	0.43	3	3	3	3	2	3_large	3	0	Chromosome	mHSR5_C	True	True	
GCF_003330785.1	Paraburkholderia graminis	Paraburkholderia	PHS1	Paraburkholderia	7508450	63	3	4031601;2982346;494503	4031601	2982346	494503	PacBio	100	0.45	3	3	3	2	2	3_large	2	1	Plasmid	pPHS1_P	False	True	
GCF_003330805.1	Paraburkholderia hospita	Paraburkholderia	mHSR1	Paraburkholderia	10816561	62	4	3883124;3189135;2509140;1235162	3883124	3189135	2509140	PacBio	99.72	0.09	4	4	4	4	4	4+_large	3	1	Chromosome	mHSR1_C	False	True	
GCF_003330825.1	Paraburkholderia terricola	Paraburkholderia	mHS1	Paraburkholderia	7118039	63.5	2	4059171;3058868	4059171	3058868	0	PacBio	99.94	0.6	2	2	2	2	2	2_large	2	0			True	True	
GCF_003366075.1	Burkholderia sp. IDO3	Burkholderia	IDO3	Burkholderia	8003806	66.5	4	3591606;3139806;851589;420805	3591606	3139806	851589	PacBio	100	2.05	4	4	4	3	2	4+_large	3	1	Chromosome	3	False	True	
GCF_003368325.1	Paraburkholderia caffeinilytica	Paraburkholderia	CF1	Paraburkholderia	8324638	62	3	4531000;3619047;174591	4531000	3619047	174591	Illumina	99.5	0.24	3	2	2	2	2	2_large	2	1	Plasmid	p1	True	True	
GCF_003445415.1	Burkholderia pseudomallei	Burkholderia	BEK	Burkholderia	7191106	68	2	4033039;3158067	4033039	3158067	0	Illumina; 454; PacBio	99.1	0.84	2	2	2	2	2	2_large	2	0			True	True	
GCF_003546465.1	Burkholderia cepacia ATCC 25416	Burkholderia	25416	Burkholderia	8567011	66.5	4	3779447;3396456;1187985;203123	3779447	3396456	1187985	Illumina; 454	99.97	1.46	4	4	3	3	3	3_large	3	1	Chromosome	3	True	True	
GCF_003547015.1	Burkholderia pseudomallei	Burkholderia	R15	Burkholderia	7179387	68	2	4066496;3112891	4066496	3112891	0	PacBio	95.69	0.92	2	2	2	2	2	2_large	2	0			True	True	
GCF_003547035.1	Burkholderia pseudomallei	Burkholderia	D286	Burkholderia	7102313	68	2	3987008;3115305	3987008	3115305	0	PacBio	96.64	0.94	2	2	2	2	2	2_large	2	0			True	True	
GCF_003547055.1	Burkholderia pseudomallei	Burkholderia	PMC2000	Burkholderia	7187124	68	2	4013273;3173851	4013273	3173851	0	PacBio	98.4	0.74	2	2	2	2	2	2_large	2	0			True	True	
GCF_003568605.1	Burkholderia thailandensis E264	Burkholderia	E264	Burkholderia	6722099	67.5	2	3986340;2735759	3986340	2735759	0	Illumina; 454; PacBio	99.86	0.06	2	2	2	2	2	2_large	2	0			True	True	
GCF_003606245.1	Burkholderia pseudomallei	Burkholderia	BPHN1	Burkholderia	7293627	68	2	4075641;3217986	4075641	3217986	0	PacBio	98.74	0.76	2	2	2	2	2	2_large	2	0			True	True	
GCF_003613595.1	Burkholderia gladioli pv. gladioli	Burkholderia	FDAARGOS_188	Burkholderia	8892541	67.5	5	4668533;3923011;210568;63719;26710	4668533	3923011	210568	PacBio; Illumina	98.7	1.98	5	3	2	2	2	2_large	2	3	Plasmid	unnamed1	True	True	
GCF_003614815.1	Burkholderia thailandensis	Burkholderia	FDAARGOS_241	Burkholderia	6684124	67.5	2	3862564;2821560	3862564	2821560	0	PacBio; Illumina	97.43	0.06	2	2	2	2	2	2_large	2	0			True	True	
GCF_003614835.1	Burkholderia thailandensis	Burkholderia	FDAARGOS_242	Burkholderia	6653311	67.5	2	3801254;2852057	3801254	2852057	0	PacBio; Illumina	98.37	0.06	2	2	2	2	2	2_large	2	0			True	True	
GCF_003704285.1	Burkholderia contaminans	Burkholderia	FL-1-2-30-S1-D0	Burkholderia	8170775	66.5	3	3617292;3182734;1370749	3617292	3182734	1370749	PacBio	100	0.51	3	3	3	3	3	3_large	3	0	Chromosome	3	True	True	
GCF_003711145.1	Burkholderia lata	Burkholderia	A05	Burkholderia	8787009	66	3	3927314;3706323;1153372	3927314	3706323	1153372	PacBio	100	1.03	3	3	3	3	3	3_large	3	0	Chromosome	3	True	True	
GCF_003713105.1	Burkholderia gladioli	Burkholderia	Burkholderia gladioli Co14	Burkholderia	8320525	68	3	4171651;4002946;145928	4171651	4002946	145928	PacBio RS	99.15	2.07	3	2	2	2	2	2_large	2	1	Plasmid	p1	True	True	
GCF_003798245.1	Burkholderia pseudomallei	Burkholderia	FDAARGOS_593	Burkholderia	7255525	68	2	4098323;3157202	4098323	3157202	0	PacBio; Illumina	98.44	1.21	2	2	2	2	2	2_large	2	0			True	True	
GCF_003798265.1	Burkholderia pseudomallei	Burkholderia	FDAARGOS_592	Burkholderia	7146686	68	2	4007610;3139076	4007610	3139076	0	PacBio; Illumina	99.24	1.12	2	2	2	2	2	2_large	2	0			True	True	
GCF_003798365.1	Burkholderia pseudomallei	Burkholderia	FDAARGOS_594	Burkholderia	7180388	68	2	4003948;3176440	4003948	3176440	0	PacBio; Illumina	99.36	1.09	2	2	2	2	2	2_large	2	0			True	True	
GCF_003812365.1	Burkholderia multivorans	Burkholderia	FDAARGOS_547	Burkholderia	6394083	67.5	3	3356899;2331436;705748	3356899	2331436	705748	Pacbio; Illumina	98.04	2.15	3	3	3	3	2	3_large	3	0	Chromosome	2	True	True	
GCF_003812585.1	Burkholderia multivorans	Burkholderia	FDAARGOS_548	Burkholderia	6653864	67	3	3239301;2383823;1030740	3239301	2383823	1030740	PacBio; Illumina	98.42	1.38	3	3	3	3	3	3_large	3	0	Chromosome	2	True	True	
GCF_003812965.1	Burkholderia multivorans	Burkholderia	FDAARGOS_496	Burkholderia	7796416	67.5	3	3705094;3155590;935732	3705094	3155590	935732	PacBio; Illumina			3	3	3	3	2	3_large	3	0	Chromosome	3	True	True	
GCF_003813045.1	Burkholderia dolosa	Burkholderia	FDAARGOS_562	Burkholderia	6409101	67	3	3406611;2168066;834424	3406611	2168066	834424	PacBio; Illumina	100	0.14	3	3	3	3	2	3_large	3	0	Chromosome	2	True	True	
GCF_003966315.1	Burkholderia cenocepacia	Burkholderia	YG-3	Burkholderia	8036463	67	3	3645818;3039797;1350848	3645818	3039797	1350848	PacBio	92.44	4.88	3	3	3	3	3	3_large	3	0	Chromosome	2	True	False	completeness<95
GCF_004323015.1	Burkholderia pseudomallei	Burkholderia	BPs110	Burkholderia	6962327	68.5	2	3859639;3102688	3859639	3102688	0	Illumina MiSeq	98.11	0.87	2	2	2	2	2	2_large	2	0			True	True	
GCF_004323035.1	Burkholderia pseudomallei	Burkholderia	BPs111	Burkholderia	6966412	68.5	2	3852886;3113526	3852886	3113526	0	Illumina MiSeq	98.32	0.87	2	2	2	2	2	2_large	2	0			True	True	
GCF_004348055.1	Burkholderia pseudomallei	Burkholderia	BPs115	Burkholderia	6958638	68.5	2	3854943;3103695	3854943	3103695	0	Illumina MiSeq	98.25	0.87	2	2	2	2	2	2_large	2	0			True	True	
GCF_004348075.1	Burkholderia pseudomallei	Burkholderia	BPs116	Burkholderia	6920216	68.5	2	3850633;3069583	3850633	3069583	0	Illumina MiSeq	98.09	0.87	2	2	2	2	2	2_large	2	0			True	True	
GCF_004367665.1	Burkholderia pseudomallei	Burkholderia	BPs114	Burkholderia	6941499	68.5	2	3842045;3099454	3842045	3099454	0	Illumina MiSeq	98.18	1.09	2	2	2	2	2	2_large	2	0			True	True	
GCF_004367685.1	Burkholderia pseudomallei	Burkholderia	BPs123	Burkholderia	6975017	68.5	2	3855598;3119419	3855598	3119419	0	Illumina MiSeq	98.37	0.87	2	2	2	2	2	2_large	2	0			True	True	
GCF_004367705.1	Burkholderia pseudomallei	Burkholderia	BPs112	Burkholderia	6945494	68.5	2	3847660;3097834	3847660	3097834	0	Illumina MiSeq	97.33	0.92	2	2	2	2	2	2_large	2	0			True	True	
GCF_004367725.1	Burkholderia pseudomallei	Burkholderia	BPs133	Burkholderia	6941963	68.5	2	3842655;3099308	3842655	3099308	0	Illumina MiSeq	98.11	1.09	2	2	2	2	2	2_large	2	0			True	True	
GCF_004526325.1	Burkholderia pseudomallei	Burkholderia	BPs122	Burkholderia	6986353	68.5	2	3866281;3120072	3866281	3120072	0	Illumina MiSeq	98.4	1.09	2	2	2	2	2	2_large	2	0			True	True	
GCF_004842085.1	Burkholderia pseudomallei	Burkholderia	HNBP001	Burkholderia	7163595	68	2	3800466;3363129	3800466	3363129	0	PacBio	99.36	0.92	2	2	2	2	2	2_large	2	0			True	True	
GCF_005280735.1	Trinickia violacea	Trinickia	DHOD12	Trinickia	8576517	63	3	4775917;3695250;105350	4775917	3695250	105350	Oxford Nanopore GridION	99.85	1.16	3	2	2	2	2	2_large	3	0	Chromosome	3	False	True	
GCF_005853645.1	Burkholderia pseudomallei	Burkholderia	VB3253	Burkholderia	7180501	68	2	4017865;3162636	4017865	3162636	0	IonTorrent; Oxford Nanopore MiniION	92.17	0.88	2	2	2	2	2	2_large	2	0			True	False	completeness<95
GCF_005862325.1	Burkholderia pseudomallei	Burkholderia	VB2514	Burkholderia	7103279	68	2	3987244;3116035	3987244	3116035	0	Oxford Nanopore; IonTorrent	88.19	1.37	2	2	2	2	2	2_large	2	0			True	False	completeness<95
GCF_005937855.2	Burkholderia sp. KBS0801	Burkholderia	KBS0801	Burkholderia	7381868	66.5	3	3530666;2783599;1067603	3530666	2783599	1067603	Illumina HiSeq; Oxford Nanopore MiniION	99.83		3	3	3	3	3	3_large	3	0	Chromosome	3	True	True	
GCF_006094315.1	Burkholderia cepacia ATCC 25416	Burkholderia	ATCC 25416	Burkholderia	8574389	66.5	5	3781435;3396958;1187977;204170;3849	3781435	3396958	1187977	Oxford Nanopore GridION	99.95	1.46	5	4	3	3	3	3_large	3	2	Chromosome	3	True	True	
GCF_007556815.1	Paraburkholderia megapolitana	Paraburkholderia	LMG 23650	Paraburkholderia	7627590	62	3	4485011;3016794;125785	4485011	3016794	125785	PacBio	98.39	1.68	3	2	2	2	2	2_large	2	1	Plasmid	unnamed1	True	True	
GCF_007724625.1	Burkholderia contaminans	Burkholderia	ZCC	Burkholderia	9002241	66	5	3904889;3249718;1536075;239952;71607	3904889	3249718	1536075	PacBio RSII	97.18	0.09	5	4	3	3	3	3_large	3	2	Chromosome	3	True	True	
GCF_008693485.1	Burkholderia multivorans	Burkholderia	FDAARGOS_623	Burkholderia	6478619	67	3	3559578;2365849;553192	3559578	2365849	553192	Pacbio; Illumina	98.65	0.71	3	3	3	3	2	3_large	3	0	Chromosome	1	True	True	
GCF_008693525.1	Burkholderia multivorans	Burkholderia	FDAARGOS_622	Burkholderia	6478636	67	3	3559579;2365865;553192	3559579	2365865	553192	Pacbio; Illumina	98.65	0.71	3	3	3	3	2	3_large	3	0	Chromosome	2	True	True	
GCF_008728255.1	Burkholderia pseudomallei	Burkholderia	Yap6	Burkholderia	7104388	68	2	3932929;3171459	3932929	3171459	0	PacBio	98.94	0.87	2	2	2	2	2	2_large	2	0			True	True	
GCF_008728275.1	Burkholderia pseudomallei	Burkholderia	Yap7	Burkholderia	7080298	68.5	2	3932431;3147867	3932431	3147867	0	PacBio; Illumina MiSeq	96.19	0.81	2	2	2	2	2	2_large	2	0			True	True	
GCF_008728295.1	Burkholderia pseudomallei	Burkholderia	Yap5	Burkholderia	7106538	68	2	3934903;3171635	3934903	3171635	0	PacBio	98.98	0.87	2	2	2	2	2	2_large	2	0			True	True	
GCF_008728315.1	Burkholderia pseudomallei	Burkholderia	Yap4	Burkholderia	7091600	68.5	2	3931933;3159667	3931933	3159667	0	PacBio	98.98	0.87	2	2	2	2	2	2_large	2	0			True	True	
GCF_008728335.1	Burkholderia pseudomallei	Burkholderia	Yap3a	Burkholderia	7102482	68	2	3933419;3169063	3933419	3169063	0	PacBio; Illumina MiSeq	98.87	0.87	2	2	2	2	2	2_large	2	0			True	True	
GCF_008728355.1	Burkholderia pseudomallei	Burkholderia	Yap2a	Burkholderia	7099437	68	2	3931555;3167882	3931555	3167882	0	PacBio; Illumina MiSeq	98.98	0.87	2	2	2	2	2	2_large	2	0			True	True	
GCF_008728375.1	Burkholderia pseudomallei	Burkholderia	Yap1	Burkholderia	7141850	68	2	3933317;3208533	3933317	3208533	0	PacBio; Illumina MiSeq	98.98	0.87	2	2	2	2	2	2_large	2	0			True	True	
GCF_009191525.1	Burkholderia contaminans	Burkholderia	SK875	Burkholderia	8596045	66.5	4	3618903;3247714;1528467;200961	3618903	3247714	1528467	Illumina; PacBio	100	0.09	4	4	3	3	3	3_large	3	1	Chromosome	SK875-3	True	True	
GCF_009578005.1	Burkholderia glumae	Burkholderia	GX	Burkholderia	6866154	68	5	3712850;2750046;201571;105587;96100	3712850	2750046	201571	Nanopore	95.91	0.3	5	3	2	2	2	2_large	2	3	Plasmid	pWSGX1	True	True	
GCF_009586235.1	Burkholderia cepacia	Burkholderia	BC16	Burkholderia	8366868	67	3	3688624;3430130;1248114	3688624	3430130	1248114	Oxford Nanopore GridION	99.57	2.06	3	3	3	3	3	3_large	3	0	Chromosome	3	True	True	
GCF_009730035.1	Burkholderia multivorans	Burkholderia	FDAARGOS_719	Burkholderia	6565647	67.5	5	3422468;2434081;702621;3898;2579	3422468	2434081	702621	Pacbio; Illumina	98.34	1.29	5	3	3	3	2	3_large	3	2	Chromosome	3	True	True	
GCF_009730175.1	Burkholderia multivorans	Burkholderia	FDAARGOS_726	Burkholderia	6518690	67.5	3	3350628;2418100;749962	3350628	2418100	749962	Pacbio; Illumina	98.01	2.78	3	3	3	3	2	3_large	3	0	Chromosome	2	True	True	
GCF_009730195.1	Burkholderia multivorans	Burkholderia	FDAARGOS_722	Burkholderia	6590444	67	3	3432204;2365727;792513	3432204	2365727	792513	Pacbio; Illumina	97.99	1.27	3	3	3	3	2	3_large	3	0	Chromosome	2	True	True	
GCF_009749345.1	Burkholderia pseudomallei	Burkholderia	B03	Burkholderia	7266637	68	2	4009467;3257170	4009467	3257170	0	Oxford Nanopore; Illumina HiSeq	96.24	1.09	2	2	2	2	2	2_large	2	0			True	True	
GCF_009755625.1	Burkholderia contaminans	Burkholderia	XL73	Burkholderia	8656859	66.5	5	3643456;3247807;1541420;152473;71703	3643456	3247807	1541420	PacBio	99.79	0.09	5	3	3	3	3	3_large	3	2	Chromosome	1	True	True	
GCF_009789655.1	Paraburkholderia acidiphila	Paraburkholderia	7Q-K02	Paraburkholderia	7804892	64.5	4	3177533;2192838;1330706;1103815	3177533	2192838	1330706	Oxford Nanopore GridION	99.68	0.38	4	4	4	4	4	4+_large	4	0	Chromosome	3	True	True	
GCF_009789675.1	Paraburkholderia acidisoli	Paraburkholderia	DHF22	Paraburkholderia	7945061	65.5	5	3240103;1829290;1436412;1253746;185510	3240103	1829290	1436412	Oxford Nanopore GridION	99.68	2.02	5	4	4	4	4	4+_large	4	1	Chromosome	3	True	True	
GCF_009857095.1	Burkholderia glumae AU6208	Burkholderia	AU6208	Burkholderia	6530819	68.5	3	3629551;2779201;122067	3629551	2779201	122067	Nanopore	97.21	0.11	3	2	2	2	2	2_large	2	1	Plasmid	pwszb	True	True	
GCF_009931375.1	Burkholderia glumae	Burkholderia	257sh-1	Burkholderia	6691685	68	4	3537953;2763738;214469;175525	3537953	2763738	214469	PacBio	98.5	0.11	4	3	2	2	2	2_large	2	2	Plasmid	plas1	True	True	
GCF_009938265.1	Burkholderia sp. THE68	Burkholderia	THE68	Burkholderia	7982451	63	6	2845320;1707579;1527330;1020949;637291;243982	2845320	1707579	1527330	Illumina NextSeq; Nanopore GridION	100	1.29	6	6	5	5	4	4+_large	4	2	Plasmid	BTHE68_p1	False	True	
GCF_011039955.1	Caballeronia sp. SBC2	Caballeronia	SBC2	Caballeronia	9323419	59.5	8	3989243;1990521;1831039;794780;377315;195179;120676;24666	3989243	1990521	1831039	Illumina; Nanopore	99.72	1.95	8	5	5	4	3	4+_large	1	7	Plasmid	pSBC2-2	False	True	
GCF_011493005.1	Caballeronia sp. SBC1	Caballeronia	SBC1	Caballeronia	8848153	59.5	5	4010354;1996666;1826371;734052;280710	4010354	1996666	1826371	Illumina; Nanopore	99.94	1.6	5	5	4	4	3	4+_large	1	4	Plasmid	pSBC1_2	False	True	
GCF_011578485.1	Burkholderia thailandensis	Burkholderia	BPM	Burkholderia	6601257	68	2	3725540;2875717	3725540	2875717	0	Illumina HiSeq; PacBio Sequel	99.57	1.34	2	2	2	2	2	2_large	2	0			True	True	
GCF_012689525.1	Paraburkholderia aromaticivorans	Paraburkholderia	AR20-38	Paraburkholderia	10840732	62	4	4573438;3638240;2486079;142975	4573438	3638240	2486079	Illumina NovaSeq PE150; Nanopore PromethION	99.8	0.47	4	3	3	3	3	3_large	3	1	Chromosome	1	True	True	
GCF_012974245.1	Burkholderia glumae	Burkholderia	HN1	Burkholderia	6680415	68	5	3611155;2869204;185112;7606;7338	3611155	2869204	185112	Nanopore	97.18	0.34	5	2	2	2	2	2_large	2	3	Plasmid	pBGHN1-1	True	True	
GCF_013122645.1	Burkholderia glumae	Burkholderia	HN2	Burkholderia	6560085	68.5	3	3532897;2745532;281656	3532897	2745532	281656	Nanopore	97.07	0.53	3	3	2	2	2	2_large	2	1	Plasmid	pbghn2	True	True	
GCF_013307145.1	Burkholderia glumae	Burkholderia	411gr-6	Burkholderia	6747595	68.5	4	3601960;2783312;193251;169072	3601960	2783312	193251	PacBio	94.36	0.21	4	2	2	2	2	2_large	2	2	Plasmid	unnamed1	True	False	completeness<95
GCF_013307165.1	Burkholderia glumae	Burkholderia	336gr-1	Burkholderia	6879338	68	5	3596519;2850144;185577;135963;111135	3596519	2850144	185577	PacBio	98.76	0.62	5	2	2	2	2	2_large	2	3	Plasmid	unnamed1	True	True	
GCF_013378095.1	Paraburkholderia caribensis	Paraburkholderia	852011	Paraburkholderia	8468517	63	3	3659608;2895821;1913088	3659608	2895821	1913088	PacBio	99.5	1.21	3	3	3	3	3	3_large	2	1	Plasmid	plasmid	False	True	
GCF_013426895.1	Paraburkholderia largidicola	Paraburkholderia	PGU16	Paraburkholderia	9470940	62.5	5	3759946;2703868;2342401;606703;58022	3759946	2703868	2342401	PacBio RS II; ABI 3730xl	99.62	0.83	5	4	4	4	3	4+_large	2	3	Plasmid	PPGU16_p1	False	True	
GCF_013426915.1	Paraburkholderia sp. PGU19	Paraburkholderia	PGU19	Paraburkholderia	11246397	61.5	5	3864670;2707317;2380791;1440798;852821	3864670	2707317	2380791	PacBio RS II	97.48	2.02	5	5	5	5	4	4+_large	2	3	Plasmid	PPGU19_p1	False	True	
GCF_013822785.1	Burkholderia sp. MBR-1	Burkholderia	MBR-1	Burkholderia	7106862	66.5	5	3233781;2210956;1198966;356237;106922	3233781	2210956	1198966	Oxford Nanopore PromethION	100	0.46	5	4	4	3	3	4+_large	3	2	Chromosome	3	False	True	
GCF_014171495.1	Paraburkholderia tropica	Paraburkholderia	IAC135	Paraburkholderia	8824362	64.5	5	3280377;1937775;1583983;1567213;455014	3280377	1937775	1583983	PacBio RSII	98.66	0.89	5	5	5	4	4	4+_large	5	0	Chromosome	C	True	True	
GCF_014211915.1	Burkholderia cenocepacia	Burkholderia	PS27	Burkholderia	7607708	67	4	3507573;2857915;1082076;160144	3507573	2857915	1082076	PacBio	96.35	2.51	4	3	3	3	3	3_large	3	1	Chromosome	3	True	True	
GCF_014263355.1	Burkholderia gladioli	Burkholderia	CGB10	Burkholderia	8423203	68	3	4272194;3985347;165662	4272194	3985347	165662	Oxford Nanopore	94.09	2.01	3	2	2	2	2	2_large	3	0	Chromosome	3	False	False	completeness<95
GCF_014357995.1	Burkholderia cenocepacia	Burkholderia	K56-2	Burkholderia	7741920	67	4	3673077;3211025;765157;92661	3673077	3211025	765157	Illumina HiSeq; Oxford Nanopore GridION	97.9	1.17	4	3	3	3	2	3_large	3	1	Chromosome	3	True	True	
GCF_014854795.1	Burkholderia cepacia	Burkholderia	39628	Burkholderia	8403907	67	3	3683734;3415325;1304848	3683734	3415325	1304848	PacBio	96.76	2.21	3	3	3	3	3	3_large	3	0	Chromosome	3	True	True	
GCF_016026055.1	Burkholderia glumae	Burkholderia	FDAARGOS_949	Burkholderia	6820876	68	4	3659799;2820518;196019;144540	3659799	2820518	196019	Pacbio; Illumina	99.01	0.2	4	2	2	2	2	2_large	2	2	Plasmid	unnamed2	True	True	
GCF_016027435.1	Burkholderia oklahomensis	Burkholderia	FDAARGOS_900	Burkholderia	7319520	67	2	4192837;3126683	4192837	3126683	0	Pacbio; Illumina	99.75	1.1	2	2	2	2	2	2_large	2	0			True	True	
GCF_016027455.1	Burkholderia humptydooensis	Burkholderia	FDAARGOS_899	Burkholderia	7286661	67	3	4068027;2913520;305114	4068027	2913520	305114	Pacbio; Illumina	99.79	0.38	3	3	3	2	2	3_large	2	1	Plasmid	plasmid	False	True	
GCF_016127755.1	Burkholderia ambifaria	Burkholderia	FDAARGOS_1027	Burkholderia	7523597	67	4	3556545;2646970;1281477;38605	3556545	2646970	1281477	Pacbio; Illumina	100		4	3	3	3	3	3_large	3	1	Chromosome	3	True	True	
GCF_016128195.1	Paraburkholderia ginsengisoli	Paraburkholderia	FDAARGOS_1049	Paraburkholderia	6597255	63.5	3	3756046;2627215;213994	3756046	2627215	213994	Pacbio; Illumina	98.75	0.45	3	3	2	2	2	2_large	2	1	Plasmid	plasmid	True	True	
GCF_016458785.1	Burkholderia ambifaria	Burkholderia	BJQ0010	Burkholderia	6301945	67	7	3480598;2704441;28289;25260;24595;19679;19083	3480598	2704441	28289	PacBio RSII	100	0.05	7	2	2	2	2	2_large	2	5	Plasmid	unnamed1	True	True	
GCF_016458805.1	Burkholderia anthina	Burkholderia	BJQ0011	Burkholderia	6456500	66.5	2	3464850;2991650	3464850	2991650	0	PacBio RSII	100	0.21	2	2	2	2	2	2_large	2	0			True	True	
GCF_016598875.1	Burkholderia glumae	Burkholderia	FDAARGOS_921	Burkholderia	6845664	68	5	3659785;2820468;196019;144520;24872	3659785	2820468	196019	Pacbio; Illumina	99.01	0.2	5	2	2	2	2	2_large	2	3	Plasmid	unnamed1	True	True	
GCF_016698705.1	Burkholderia gladioli	Burkholderia	BBB-01	Burkholderia	8201484	68	3	4180205;3913767;107512	4180205	3913767	107512	Illumina MiSeq	99.86	2.15	3	2	2	2	2	2_large	2	1	Plasmid	p3	True	True	
GCF_016774495.1	Burkholderia thailandensis	Burkholderia	AW34-19p	Burkholderia	6961330	67.5	3	3830943;2826723;303664	3830943	2826723	303664	Illumina MiSeq; Oxford Nanopore MinION	96.72	0.06	3	3	3	2	2	3_large	2	1	Plasmid	p1	False	True	
GCF_016864355.1	Burkholderia pseudomallei	Burkholderia	VB29710	Burkholderia	7470254	68	2	4166395;3303859	4166395	3303859	0	Illumina HiSeq; Oxford Nanopore MinION	96.86	1.15	2	2	2	2	2	2_large	2	0			True	True	
GCF_016889205.1	Burkholderia dolosa	Burkholderia	FDAARGOS_1272	Burkholderia	6409097	67	3	3406606;2168068;834423	3406606	2168068	834423	Pacbio; Illumina	100	0.14	3	3	3	3	2	3_large	3	0	Chromosome	3	True	True	
GCF_016899425.1	Burkholderia sp. MS389	Burkholderia	MS389	Burkholderia	7746250	66.5	3	3563380;3002449;1180421	3563380	3002449	1180421	PacBio Sequel	99.47	0.48	3	3	3	3	3	3_large	3	0	Chromosome	3	True	True	
GCF_016899445.1	Burkholderia sp. MS455	Burkholderia	MS455	Burkholderia	8055789	66	4	3538138;3288546;1031707;197398	3538138	3288546	1031707	PacBio RSII	99.34	0.6	4	3	3	3	3	3_large	3	1	Chromosome	1	True	True	
GCF_017165175.1	Burkholderia multivorans	Burkholderia	P2Bm2011a	Burkholderia	6705051	67	4	3416863;2429771;696464;161953	3416863	2429771	696464	Hybrid nanopore and illumina	97.53	2.29	4	3	3	3	2	3_large	3	1	Chromosome	3	True	True	
GCF_017165195.1	Burkholderia multivorans	Burkholderia	P1Bm2015	Burkholderia	6499180	67	3	3330593;2439726;728861	3330593	2439726	728861	Hybrid nanopore and illumina	98.06	1.78	3	3	3	3	2	3_large	3	0	Chromosome	3	True	True	
GCF_017165475.1	Burkholderia multivorans	Burkholderia	P1Bm2014	Burkholderia	6497010	67.5	3	3329413;2438740;728857	3329413	2438740	728857	Hybrid nanopore and illumina	98.07	1.78	3	3	3	3	2	3_large	3	0	Chromosome	3	True	True	
GCF_017165495.1	Burkholderia multivorans	Burkholderia	P1Bm2012b	Burkholderia	6495911	67.5	3	3328426;2438624;728861	3328426	2438624	728861	Hybrid nanopore and illumina	98.07	1.78	3	3	3	3	2	3_large	3	0	Chromosome	3	True	True	
GCF_017165515.1	Burkholderia multivorans	Burkholderia	P1Bm2011b	Burkholderia	6496880	67.5	3	3328959;2439060;728861	3328959	2439060	728861	Hybrid nanopore and illumina	98.07	1.78	3	3	3	3	2	3_large	3	0	Chromosome	3	True	True	
GCF_017165535.1	Burkholderia multivorans	Burkholderia	P1Bm2011a	Burkholderia	6498339	67.5	3	3329349;2440132;728858	3329349	2440132	728858	Hybrid nanopore and illumina	97.33	1.78	3	3	3	3	2	3_large	3	0	Chromosome	3	True	True	
GCF_017165555.1	Burkholderia multivorans	Burkholderia	P1Bm2009	Burkholderia	6569085	67	4	3328147;2440183;728850;71905	3328147	2440183	728850	Hybrid nanopore and illumina	98.04	1.78	4	3	3	3	2	3_large	3	1	Chromosome	3	True	True	
GCF_017220215.1	Caballeronia sp. M1242	Caballeronia	M1242	Caballeronia	5755538	64	4	2932255;1320836;913575;588872	2932255	1320836	913575	Illumina NextSeq; Oxford Nanopore GridION	99.46	0.06	4	4	4	4	2	4+_large	1	3	Plasmid	unnamed2	False	True	
GCF_017378155.1	Burkholderia pseudomallei	Burkholderia	VBM21822	Burkholderia	7378952	68	3	4046673;3330822;1457	4046673	3330822	1457	Illumina HiSeq; Oxford Nanopore MinION	99.25	1.27	3	2	2	2	2	2_large	3	0	Chromosome	3	False	True	
GCF_017378195.1	Burkholderia pseudomallei	Burkholderia	VBM21885	Burkholderia	7320639	68	2	4117487;3203152	4117487	3203152	0	Illumina HiSeq; Oxford Nanopore MinION	98.59	1.05	2	2	2	2	2	2_large	2	0			True	True	
GCF_017378235.1	Burkholderia pseudomallei	Burkholderia	VBM23831	Burkholderia	7369223	68	3	3924767;3222599;221857	3924767	3222599	221857	Illumina HiSeq; Oxford Nanopore MinION	96.62	2.28	3	3	2	2	2	2_large	3	0	Chromosome	3	False	True	
GCF_017378275.1	Burkholderia pseudomallei	Burkholderia	VBP399	Burkholderia	7270936	68	2	4071067;3199869	4071067	3199869	0	Illumina HiSeq; Oxford Nanopore MinION	99.15	1.25	2	2	2	2	2	2_large	2	0			True	True	
GCF_017378315.2	Burkholderia pseudomallei	Burkholderia	VBP364	Burkholderia	7146338	68	2	4071728;3074610	4071728	3074610	0	Illumina HiSeq; Oxford Nanopore MinION	97.89	0.76	2	2	2	2	2	2_large	2	0			True	True	
GCF_017378355.1	Burkholderia pseudomallei	Burkholderia	VBP21885	Burkholderia	7220562	68	2	4049558;3171004	4049558	3171004	0	Illumina HiSeq; Oxford Nanopore MinION	97.49	0.94	2	2	2	2	2	2_large	2	0			True	True	
GCF_017378435.1	Burkholderia pseudomallei	Burkholderia	VBP23831	Burkholderia	7299287	68	2	4044757;3254530	4044757	3254530	0	Illumina HiSeq; Oxford Nanopore MinION	99.06	1.05	2	2	2	2	2	2_large	2	0			True	True	
GCF_017514945.1	Burkholderia anthina	Burkholderia	1CH1	Burkholderia	8457373	66.5	5	3942398;3086006;1005275;271215;152479	3942398	3086006	1005275	Oxford Nanopore; Illumina MiSeq	99.89	2.3	5	4	3	3	3	3_large	3	2	Chromosome	3	True	True	
GCF_017815595.1	Burkholderia latens	Burkholderia	AU0505	Burkholderia	5689981	66.5	3	3230902;2400076;59003	3230902	2400076	59003	Illumina MiSeq; Oxford Nanopore MinION	99.89		3	2	2	2	2	2_large	2	1	Plasmid	pAU0505	True	True	
GCF_017815615.1	Burkholderia latens	Burkholderia	AU2934	Burkholderia	6564452	66.5	4	3328387;2289068;901857;45140	3328387	2289068	901857	Illumina MiSeq; Oxford Nanopore MinION	100		4	3	3	3	2	3_large	3	1	Chromosome	3	True	True	
GCF_017858835.1	Burkholderia glumae	Burkholderia	957856-41-c	Burkholderia	6948206	68	4	3761157;2836688;181392;168969	3761157	2836688	181392	PacBio	98.82	0.62	4	2	2	2	2	2_large	2	2	Plasmid	unnamed1	True	True	
GCF_018223765.1	Burkholderia cenocepacia	Burkholderia	toggle2	Burkholderia	8055108	67	5	3737356;3176312;984325;134189;22926	3737356	3176312	984325	Oxford Nanopore GridION	96.23	2.28	5	3	3	3	2	3_large	3	2	Chromosome	3	True	True	
GCF_018223785.1	Burkholderia contaminans	Burkholderia	toggle1	Burkholderia	9280736	66	6	3844277;3267640;1531612;395748;164302;77157	3844277	3267640	1531612	Oxford Nanopore GridION	100	0.37	6	4	4	3	3	4+_large	3	3	Chromosome	1	False	True	
GCF_018223805.1	Burkholderia cenocepacia	Burkholderia	toggle4	Burkholderia	7908060	67	3	3704668;3219652;983740	3704668	3219652	983740	Oxford Nanopore GridION	97.96	2.9	3	3	3	3	2	3_large	3	0	Chromosome	2	True	True	
GCF_018228345.1	Burkholderia pseudomallei	Burkholderia	WC19	Burkholderia	7104428	68	3	3947811;3144211;12406	3947811	3144211	12406	Illumina HiSeq; Oxford Nanopore GridION	98.77	1.13	3	2	2	2	2	2_large	2	1	Plasmid	p1	True	True	
GCF_018228385.1	Burkholderia pseudomallei	Burkholderia	BD5	Burkholderia	7120338	68	3	3990066;3117866;12406	3990066	3117866	12406	Illumina HiSeq; Oxford Nanopore GridION	98.85	1.14	3	2	2	2	2	2_large	2	1	Plasmid	p1	True	True	
GCF_018228525.1	Burkholderia pseudomallei	Burkholderia	N2	Burkholderia	7151311	68	3	3995906;3142999;12406	3995906	3142999	12406	Illumina HiSeq; Oxford Nanopore GridION	98.8	1.2	3	2	2	2	2	2_large	2	1	Plasmid	p1	True	True	
GCF_018228545.1	Burkholderia pseudomallei	Burkholderia	AW9	Burkholderia	7024372	68	3	3944884;3067082;12406	3944884	3067082	12406	Illumina HiSeq; Oxford Nanopore GridION	97.96	1.13	3	2	2	2	2	2_large	2	1	Plasmid	p1	True	True	
GCF_018228565.1	Burkholderia pseudomallei	Burkholderia	AW17-23	Burkholderia	7101487	68	3	3945139;3143942;12406	3945139	3143942	12406	Illumina HiSeq; Oxford Nanopore GridION	98.74	1.13	3	2	2	2	2	2_large	2	1	Plasmid	p1	True	True	
GCF_018228585.1	Burkholderia pseudomallei	Burkholderia	AW44	Burkholderia	7138315	68	3	3985679;3140230;12406	3985679	3140230	12406	Illumina HiSeq; Oxford Nanopore GridION	98.85	1.2	3	2	2	2	2	2_large	2	1	Plasmid	p1	True	True	
GCF_018228605.1	Burkholderia pseudomallei	Burkholderia	AW17-22	Burkholderia	7138134	68	3	3985970;3139758;12406	3985970	3139758	12406	Illumina HiSeq; Oxford Nanopore GridION	98.77	1.2	3	2	2	2	2	2_large	2	1	Plasmid	p1	True	True	
GCF_018228625.1	Burkholderia cenocepacia	Burkholderia	toggle3	Burkholderia	8143477	67	6	3809848;3191508;984365;134199;22930;627	3809848	3191508	984365	Oxford Nanopore GridION	97.76	2.62	6	3	3	3	2	3_large	3	3	Chromosome	3	True	True	
GCF_018408855.1	Caballeronia sp. NK8	Caballeronia	NK8	Caballeronia	9216772	62.5	7	3069135;1684880;1492200;1015131;848037;671923;435466	3069135	1684880	1492200	Illumina Hiseq 2000; PacBio RS II	99.46	0.26	7	7	7	6	4	4+_large	3	4	Chromosome	2	False	True	
GCF_018417535.1	Burkholderia pyrrocinia	Burkholderia	Hargis	Burkholderia	8538927	66.5	3	3911642;3307718;1319567	3911642	3307718	1319567	PacBio Sequel	100	0.88	3	3	3	3	3	3_large	3	0	Chromosome	3	True	True	
GCF_018771365.1	Burkholderia pseudomallei	Burkholderia	VBP21822	Burkholderia	7377022	68	4	4046877;3250235;62793;17117	4046877	3250235	62793	Illumina HiSeq; Oxford Nanopore MinION	98.7	1.33	4	2	2	2	2	2_large	2	2	Plasmid	p1VBP21822	True	True	
GCF_019428685.1	Paraburkholderia edwinii	Paraburkholderia	Pe01	Paraburkholderia	8298884	62.5	2	4926881;3372003	4926881	3372003	0	Illumina; PacBio	98.73	1.8	2	2	2	2	2	2_large	2	0			True	True	
GCF_019915365.1	Burkholderia contaminans	Burkholderia	SCAID TST1-2021 (11/270)	Burkholderia	8363142	66.5	6	3770220;3129934;1359055;49329;27417;27187	3770220	3129934	1359055	PacBio Sequel	93.98	0.3	6	3	3	3	3	3_large	3	3	Chromosome	3	True	False	completeness<95
GCF_019930785.1	Burkholderia dolosa	Burkholderia	FDAARGOS_1463	Burkholderia	6195642	67	3	3410295;2168154;617193	3410295	2168154	617193	Pacbio; Illumina	100	0.14	3	3	3	3	2	3_large	3	0	Chromosome	3	True	True	
GCF_020099355.1	Burkholderia vietnamiensis	Burkholderia	FDAARGOS_1488	Burkholderia	6930499	67	4	3317416;2262096;1248367;102620	3317416	2262096	1248367	Pacbio; Illumina	100	0.09	4	3	3	3	3	3_large	3	1	Chromosome	3	True	True	
GCF_020544345.1	Paraburkholderia caribensis	Paraburkholderia	IAC-BECa88	Paraburkholderia	8442553	63	3	3678836;2747648;2016069	3678836	2747648	2016069	PacBio	96.88	0.09	3	3	3	3	3	3_large	3	0	Chromosome	3	True	True	
GCF_020736245.1	Burkholderia dolosa	Burkholderia	FDAARGOS_1544	Burkholderia	6411456	67	3	3408891;2168154;834411	3408891	2168154	834411	Pacbio; Illumina	100	0.14	3	3	3	3	2	3_large	3	0	Chromosome	3	True	True	
GCF_020843905.1	Burkholderia ambifaria	Burkholderia	B21-008	Burkholderia	7421842	66.5	3	3458711;2790852;1172279	3458711	2790852	1172279	PacBio Sequel	96.5		3	3	3	3	3	3_large	3	0	Chromosome	3	True	True	
GCF_020843925.1	Burkholderia ambifaria	Burkholderia	B21-006	Burkholderia	7605080	66.5	4	3485251;2746885;1156961;215983	3485251	2746885	1156961	PacBio Sequel	99.36		4	4	3	3	3	3_large	3	1	Chromosome	3	True	True	
GCF_020843945.1	Burkholderia sp. B21-007	Burkholderia	B21-007	Burkholderia	7796014	66.5	3	3516315;3226031;1053668	3516315	3226031	1053668	PacBio Sequel	100	0.21	3	3	3	3	3	3_large	3	0	Chromosome	3	True	True	
GCF_020843965.1	Burkholderia sp. B21-005	Burkholderia	B21-005	Burkholderia	7720745	66.5	3	3525632;3132505;1062608	3525632	3132505	1062608	PacBio Sequel	98.89	0.21	3	3	3	3	3	3_large	3	0	Chromosome	3	True	True	
GCF_020843985.1	Burkholderia ambifaria	Burkholderia	B21-004	Burkholderia	7493330	66.5	3	3493642;2827353;1172335	3493642	2827353	1172335	PacBio Sequel	100	0.21	3	3	3	3	3	3_large	3	0	Chromosome	3	True	True	
GCF_020885575.1	Paraburkholderia terrae	Paraburkholderia	KU-64	Paraburkholderia	10391472	62	6	3616985;3118312;2314843;905722;365189;70421	3616985	3118312	2314843	PacBio RSII	99.94	1.23	6	5	5	4	3	4+_large	4	2	Chromosome	3	False	True	
GCF_021344035.2	Burkholderia cepacia	Burkholderia	JK11	Burkholderia	8970404	66.5	4	3826233;3787680;1328515;27976	3826233	3787680	1328515	PacBio	99.52	2.87	4	3	3	3	3	3_large	3	1	Chromosome	3	True	True	
GCF_021484945.1	Burkholderia cepacia	Burkholderia	CMCC(B)23005	Burkholderia	8636651	66.5	3	3739938;3474201;1422512	3739938	3474201	1422512	Oxford Nanopore; DNBSEQ	98.75	2.87	3	3	3	3	3	3_large	3	0	Chromosome	3	True	True	
GCF_021535065.1	Burkholderia cenocepacia	Burkholderia	CMCC(B)23006	Burkholderia	8112046	66.5	4	3525059;3224222;1096197;266568	3525059	3224222	1096197	Oxford Nanopore; DNBSEQ	95.68	3.99	4	4	3	3	3	3_large	1	3	Plasmid	unnamed2	False	True	
GCF_021899435.1	Burkholderia aenigmatica	Burkholderia	CMCC(B)23010	Burkholderia	9449413	66	4	3810362;3713971;1476313;448767	3810362	3713971	1476313	Oxford Nanopore; DNBSEQ	94.75	1.65	4	4	4	3	3	4+_large	3	1	Chromosome	3	False	False	completeness<95
GCF_022213445.1	Burkholderia vietnamiensis	Burkholderia	FDAARGOS_721	Burkholderia	7018556	67	4	3402659;2300155;1090554;225188	3402659	2300155	1090554	Pacbio; Illumina	100	0.21	4	4	3	3	3	3_large	3	1	Chromosome	2	True	True	
GCF_022533485.1	Burkholderia contaminans	Burkholderia	B17-01563-1	Burkholderia	8617690	66.5	4	3627156;3278817;1529712;182005	3627156	3278817	1529712	Oxford Nanopore MinION; Illumina NovaSeq	100	0.09	4	3	3	3	3	3_large	3	1	Chromosome	3	True	True	
GCF_022809715.1	Burkholderia pyrrocinia	Burkholderia	JK-SH007	Burkholderia	7693326	66.5	3	3636047;3004083;1053196	3636047	3004083	1053196	Illumina HiSeq; Oxford Nanopore PromethION	99.85	0.14	3	3	3	3	3	3_large	3	0	Chromosome	3	True	True	
GCF_022879575.1	Caballeronia sp. SL2Y3	Caballeronia	SL2Y3	Caballeronia	5511597	64	5	2839232;1226494;749981;675748;20142	2839232	1226494	749981	Illumina HiSeq; Oxford Nanopore MinION	99.84	0.09	5	4	4	4	2	4+_large	3	2	Plasmid	p1	False	True	
GCF_022879595.1	Caballeronia sp. Lep1P3	Caballeronia	Lep1P3	Caballeronia	6178487	63.5	6	3096937;1331437;819395;469500;259212;202006	3096937	1331437	819395	Illumina HiSeq; Oxford Nanopore MinION	99.94	0.7	6	6	4	3	2	4+_large	3	3	Plasmid	p1	False	True	
GCF_022879615.1	Caballeronia grimmiae	Caballeronia	Lep1A1	Caballeronia	6650744	63	8	2870354;1226197;916501;652162;424980;363975;131480;65095	2870354	1226197	916501	Illumina HiSeq; Oxford Nanopore MinION	99.5	0.92	8	6	6	4	2	4+_large	3	5	Plasmid	p1	False	True	
GCF_022879815.1	Caballeronia zhejiangensis	Caballeronia	A33_M4_a	Caballeronia	7412165	63	7	3035511;1407959;1094832;759539;666467;439699;8158	3035511	1407959	1094832	Illumina HiSeq; Oxford Nanopore MinION	99.94	1	7	6	6	5	3	4+_large	3	4	Plasmid	p1	False	True	
GCF_023053515.1	Burkholderia cepacia	Burkholderia	BRDJ	Burkholderia	8745840	66.5	3	3808121;3539936;1397783	3808121	3539936	1397783	PacBio	99.37	1.74	3	3	3	3	3	3_large	3	0	Chromosome	1	True	True	
GCF_023169865.1	Paraburkholderia terrae	Paraburkholderia	KU-15	Paraburkholderia	10422345	62	6	3743440;2877408;2290229;754536;692026;64706	3743440	2877408	2290229	PacBio RSII	100	2.27	6	5	5	5	3	4+_large	5	1	Chromosome	3	True	True	
GCF_023170545.1	Caballeronia sp. Sq4a	Caballeronia	Sq4a	Caballeronia	6008638	64	5	2943172;1217329;1088009;685228;74900	2943172	1217329	1088009	Illumina HiSeq; Oxford Nanopore MinION	99.46	0.09	5	4	4	4	3	4+_large	3	2	Chromosome	3	False	True	
GCF_023373625.1	Burkholderia multivorans	Burkholderia	2007Ycf278	Burkholderia	6439223	67	3	3570861;2334973;533389	3570861	2334973	533389	PacBio Sequel	98.2	0.92	3	3	3	3	2	3_large	3	0	Chromosome	3	True	True	
GCF_023373645.1	Burkholderia multivorans	Burkholderia	2006Ycf877	Burkholderia	6439216	67	3	3570838;2334987;533391	3570838	2334987	533391	PacBio Sequel	98.23	0.92	3	3	3	3	2	3_large	3	0	Chromosome	3	True	True	
GCF_023373665.1	Burkholderia multivorans	Burkholderia	2005Ycf971III	Burkholderia	6308839	67	3	3398546;2358532;551761	3398546	2358532	551761	PacBio Sequel	98.11	0.52	3	3	3	3	2	3_large	3	0	Chromosome	3	True	True	
GCF_023373685.1	Burkholderia multivorans	Burkholderia	2004Ycf1069VI	Burkholderia	6308780	67	3	3398495;2358536;551749	3398495	2358536	551749	PacBio Sequel	98.16	0.52	3	3	3	3	2	3_large	3	0	Chromosome	3	True	True	
GCF_023373725.1	Burkholderia vietnamiensis	Burkholderia	2003Ycf867	Burkholderia	6606386	67	4	3275779;2145061;1111696;73850	3275779	2145061	1111696	PacBio Sequel	99.57		4	3	3	3	3	3_large	3	1	Chromosome	3	True	True	
GCF_023374315.1	Burkholderia multivorans	Burkholderia	2020Y71628512IV	Burkholderia	6263981	67	3	3359399;2352823;551759	3359399	2352823	551759	PacBio Sequel	97.93	0.52	3	3	3	3	2	3_large	3	0	Chromosome	3	True	True	
GCF_023374335.1	Burkholderia cenocepacia	Burkholderia	2019Y71443953II	Burkholderia	7650863	67.5	3	3511327;3122052;1017484	3511327	3122052	1017484	PacBio Sequel	98.36	1.2	3	3	3	3	3	3_large	3	0	Chromosome	3	True	True	
GCF_023374355.1	Burkholderia multivorans	Burkholderia	2019Y71421880II	Burkholderia	6382921	67	3	3398001;2442620;542300	3398001	2442620	542300	PacBio Sequel	97.28	0.48	3	3	3	3	2	3_large	3	0	Chromosome	3	True	True	
GCF_023374375.1	Burkholderia multivorans	Burkholderia	2019Y71417852IX	Burkholderia	6753950	67	4	3466987;2402736;728076;156151	3466987	2402736	728076	PacBio Sequel	98.32	2.43	4	3	3	3	2	3_large	3	1	Chromosome	3	True	True	
GCF_023374395.1	Burkholderia multivorans	Burkholderia	2019Y60005016V	Burkholderia	6270722	67	3	3360663;2358312;551747	3360663	2358312	551747	PacBio Sequel	98.14	0.52	3	3	3	3	2	3_large	3	0	Chromosome	3	True	True	
GCF_023374415.1	Burkholderia multivorans	Burkholderia	2017Y71087112III	Burkholderia	6752520	67	4	3465544;2402749;728075;156152	3465544	2402749	728075	PacBio Sequel	98.32	2.15	4	3	3	3	2	3_large	3	1	Chromosome	3	True	True	
GCF_023374435.1	Burkholderia multivorans	Burkholderia	2017Y71079786	Burkholderia	6735859	67	3	3484443;2435330;816086	3484443	2435330	816086	PacBio Sequel	98.34	3.54	3	3	3	3	2	3_large	3	0	Chromosome	3	True	True	
GCF_023374455.1	Burkholderia multivorans	Burkholderia	2017Y71078597II	Burkholderia	6253231	67	3	3365308;2309426;578497	3365308	2309426	578497	PacBio Sequel	97.5	1	3	3	3	3	2	3_large	3	0	Chromosome	3	True	True	
GCF_023374475.1	Burkholderia cepacia	Burkholderia	2017Y70952565VI	Burkholderia	8499470	66.5	2	4997612;3501858	4997612	3501858	0	PacBio Sequel	98.94	2.63	2	2	2	2	2	2_large	2	0			True	True	
GCF_023374495.1	Burkholderia multivorans	Burkholderia	2016Y70910410I	Burkholderia	6276559	67	3	3393740;2336499;546320	3393740	2336499	546320	PacBio Sequel	97.88	1.52	3	3	3	3	2	3_large	3	0	Chromosome	3	True	True	
GCF_023374515.1	Burkholderia multivorans	Burkholderia	2016Y70888756VI	Burkholderia	6401487	67	4	3374995;2349819;560674;115999	3374995	2349819	560674	PacBio Sequel	97.5	1.39	4	3	3	3	2	3_large	3	1	Chromosome	3	True	True	
GCF_023374535.1	Burkholderia multivorans	Burkholderia	2016Y70836300	Burkholderia	6378777	67	3	3374577;2439213;564987	3374577	2439213	564987	PacBio Sequel	97.42	1.34	3	3	3	3	2	3_large	3	0	Chromosome	3	True	True	
GCF_023374575.1	Burkholderia multivorans	Burkholderia	2015Y70629342III	Burkholderia	6619305	67	3	3569564;2432265;617476	3569564	2432265	617476	PacBio Sequel	97.86	2.5	3	3	3	3	2	3_large	3	0	Chromosome	3	True	True	
GCF_023374595.1	Burkholderia multivorans	Burkholderia	2014Y70532416II	Burkholderia	6752535	67	4	3465546;2402759;728078;156152	3465546	2402759	728078	PacBio Sequel	98.32	2.43	4	3	3	3	2	3_large	3	1	Chromosome	3	True	True	
GCF_023374615.1	Burkholderia multivorans	Burkholderia	2014Y70522077	Burkholderia	6253241	67	3	3365315;2309425;578501	3365315	2309425	578501	PacBio Sequel	97.32	1.01	3	3	3	3	2	3_large	3	0	Chromosome	3	True	True	
GCF_023374635.1	Burkholderia multivorans	Burkholderia	2014Y70518672I	Burkholderia	6349948	67	3	3347122;2439884;562942	3347122	2439884	562942	PacBio Sequel	97.73	1.36	3	3	3	3	2	3_large	3	0	Chromosome	3	True	True	
GCF_023374655.1	Burkholderia multivorans	Burkholderia	2014Y70439247	Burkholderia	6239154	67	3	3378067;2437988;423099	3378067	2437988	423099	PacBio Sequel	96.62	1.34	3	3	3	2	2	3_large	3	0	Chromosome	3	True	True	
GCF_023374675.1	Burkholderia cepacia	Burkholderia	2011Ycf793I	Burkholderia	8513808	66.5	3	3639129;3516028;1358651	3639129	3516028	1358651	PacBio Sequel	99.65	2.71	3	3	3	3	3	3_large	3	0	Chromosome	2	True	True	
GCF_023374695.1	Burkholderia multivorans	Burkholderia	2011Ycf521III	Burkholderia	6365401	67	4	3383971;2406999;563563;10868	3383971	2406999	563563	PacBio Sequel	98.19	0.64	4	3	3	3	2	3_large	3	1	Chromosome	2	True	True	
GCF_023374715.1	Burkholderia cepacia	Burkholderia	2011Ycf427V	Burkholderia	8502540	66.5	3	3639150;3504726;1358664	3639150	3504726	1358664	PacBio Sequel	99.57	2.63	3	3	3	3	3	3_large	3	0	Chromosome	3	True	True	
GCF_023374735.1	Burkholderia multivorans	Burkholderia	2010Ycf635	Burkholderia	6393452	67	4	3414095;2404909;563580;10868	3414095	2404909	563580	PacBio Sequel	98.18	0.64	4	3	3	3	2	3_large	3	1	Chromosome	3	True	True	
GCF_023374755.1	Burkholderia multivorans	Burkholderia	2010Ycf576V	Burkholderia	6310294	67	3	3400005;2358520;551769	3400005	2358520	551769	PacBio Sequel	98.16	0.52	3	3	3	3	2	3_large	3	0	Chromosome	3	True	True	
GCF_023374775.1	Burkholderia multivorans	Burkholderia	2010Ycf503	Burkholderia	6534180	67	6	3488591;2288622;546597;106647;89642;14081	3488591	2288622	546597	PacBio Sequel	98.25	0.81	6	3	3	3	2	3_large	3	3	Chromosome	3	True	True	
GCF_023374795.1	Burkholderia multivorans	Burkholderia	2010Ycf41	Burkholderia	6370777	67	3	3369738;2436911;564128	3369738	2436911	564128	PacBio Sequel	97.73	1.34	3	3	3	3	2	3_large	3	0	Chromosome	3	True	True	
GCF_023374815.1	Burkholderia multivorans	Burkholderia	2010Ycf31III	Burkholderia	6350436	67	3	3440126;2358546;551764	3440126	2358546	551764	PacBio Sequel	98.1	0.8	3	3	3	3	2	3_large	3	0	Chromosome	3	True	True	
GCF_023374835.1	Burkholderia cenocepacia	Burkholderia	2009Ycf95III	Burkholderia	7651873	67.5	3	3511529;3122641;1017703	3511529	3122641	1017703	PacBio Sequel	98.11	1.17	3	3	3	3	3	3_large	3	0	Chromosome	3	True	True	
GCF_023374855.1	Burkholderia cenocepacia	Burkholderia	2008Ycf657	Burkholderia	7651939	67.5	3	3511584;3122654;1017701	3511584	3122654	1017701	PacBio Sequel	98.05	1.2	3	3	3	3	3	3_large	3	0	Chromosome	3	True	True	
GCF_023374875.1	Burkholderia multivorans	Burkholderia	2008Ycf542	Burkholderia	6752512	67	4	3465547;2402736;728078;156151	3465547	2402736	728078	PacBio Sequel	98.27	2.43	4	3	3	3	2	3_large	3	1	Chromosome	3	True	True	
GCF_023374895.1	Burkholderia multivorans	Burkholderia	2007Ycf875II	Burkholderia	6258145	67	2	3372199;2885946	3372199	2885946	0	PacBio Sequel	97.52	1.01	2	2	2	2	2	2_large	2	0			True	True	
GCF_023658595.1	Burkholderia gladioli	Burkholderia	BK04	Burkholderia	8039389	68.5	2	4166767;3872622	4166767	3872622	0	Illumina NovaSeq; PacBio Sequel	100	2.63	2	2	2	2	2	2_large	2	0			True	True	
GCF_024022955.1	Burkholderia glumae	Burkholderia	GR20004	Burkholderia	7024186	68	5	3746832;2864763;154173;136716;121702	3746832	2864763	154173	PacBio Sequel; Illumina HiSeq	98.96	0.62	5	2	2	2	2	2_large	2	3	Plasmid	unnamed1	True	True	
GCF_024072595.1	Paraburkholderia fungorum	Paraburkholderia	OTU2BAGNBA1	Paraburkholderia	9122278	62	4	4941516;3586118;447409;147235	4941516	3586118	447409	PacBio	99.94	2.43	4	3	3	2	2	3_large	2	2	Plasmid	unnamed2	False	True	
GCF_024072715.1	Paraburkholderia fungorum	Paraburkholderia	OTU2BAGNBA2	Paraburkholderia	9120800	62	4	4941518;3584633;447414;147235	4941518	3584633	447414	PacBio	99.94	2.43	4	3	3	2	2	3_large	2	2	Plasmid	unnamed1	False	True	
GCF_024123895.1	Paraburkholderia fungorum	Paraburkholderia	OTU2SAUBB1	Paraburkholderia	9357004	61.5	6	4780939;3534758;434832;294790;227758;83927	4780939	3534758	434832	PacBio	99.94	1.22	6	5	3	2	2	3_large	2	4	Plasmid	unnamed1	False	True	
GCF_024381035.2	Burkholderia arboris	Burkholderia	MEC_B345	Burkholderia	8573812	67	3	3787783;3525317;1260712	3787783	3525317	1260712	MGI2000; Nanopore	99.49	0.48	3	3	3	3	3	3_large	2	1	Plasmid	pla_1	False	True	
GCF_024600575.1	Burkholderia cepacia	Burkholderia	N3009-2YT	Burkholderia	8425983	66.5	3	3611571;3408063;1406349	3611571	3408063	1406349	Nanopore	98.21	3.33	3	3	3	3	3	3_large	3	0	Chromosome	3	True	True	
GCF_024661975.1	Burkholderia contaminans	Burkholderia	DM32	Burkholderia	8481745	66.5	4	3812061;3173531;1246460;249693	3812061	3173531	1246460	Oxford Nanopore; Illumina NovaSeq	99.57	0.09	4	4	3	3	3	3_large	4	0	Chromosome	3	False	True	
GCF_024662395.1	Burkholderia glumae	Burkholderia	BGR85S	Burkholderia	6981950	68	5	3738765;2820186;189346;128913;104740	3738765	2820186	189346	PacBio RSII	98.69	0.2	5	2	2	2	2	2_large	2	3	Plasmid	p85s1p	True	True	
GCF_024662415.1	Burkholderia glumae	Burkholderia	R93	Burkholderia	6829297	68	4	3644544;2808990;204816;170947	3644544	2808990	204816	PacBio RSII	99.15	0.73	4	3	2	2	2	2_large	2	2	Plasmid	pr931p	True	True	
GCF_024662435.1	Burkholderia glumae	Burkholderia	BGR33S	Burkholderia	6933614	68	4	3791140;2812129;185317;145028	3791140	2812129	185317	PacBio RSII	98.71	0.2	4	2	2	2	2	2_large	2	2	Plasmid	p33s2p	True	True	
GCF_024662455.1	Burkholderia glumae	Burkholderia	BGR39S	Burkholderia	7098777	68	6	3726678;2828244;141000;136971;132942;132942	3726678	2828244	141000	PacBio RSII	98.71	0.2	6	2	2	2	2	2_large	2	4	Plasmid	p39s2p	True	True	
GCF_024662475.1	Burkholderia glumae	Burkholderia	BGR82S	Burkholderia	7284104	68	6	3912005;2828244;141000;141000;132942;128913	3912005	2828244	141000	PacBio RSII	98.79	0.2	6	2	2	2	2	2_large	2	4	Plasmid	p82s2p	True	True	
GCF_024662615.1	Burkholderia glumae	Burkholderia	BGR49S	Burkholderia	7284104	68	6	3912005;2828244;141000;141000;132942;128913	3912005	2828244	141000	PacBio RSII	98.09	0.2	6	2	2	2	2	2_large	2	4	Plasmid	p49s2p	True	True	
GCF_024662735.1	Burkholderia glumae	Burkholderia	BGR57S	Burkholderia	7284104	68	6	3912005;2828244;141000;141000;132942;128913	3912005	2828244	141000	PacBio RSII	98.79	0.2	6	2	2	2	2	2_large	2	4	Plasmid	p57s2p	True	True	
GCF_024662895.1	Burkholderia glumae	Burkholderia	BGR59S	Burkholderia	7284104	68	6	3912005;2828244;141000;141000;132942;128913	3912005	2828244	141000	PacBio RSII	98.79	0.2	6	2	2	2	2	2_large	2	4	Plasmid	p59s2p	True	True	
GCF_024663015.1	Burkholderia glumae	Burkholderia	R5	Burkholderia	6943692	68	5	3673124;2846341;198988;172554;52685	3673124	2846341	198988	PacBio RSII	99.01	0.26	5	2	2	2	2	2_large	2	3	Plasmid	pR51p	True	True	
GCF_024663135.1	Burkholderia glumae	Burkholderia	BGR86S	Burkholderia	7102794	68	7	3625957;2852417;185317;132942;124884;92653;88624	3625957	2852417	185317	PacBio RSII	98.79	0.2	7	2	2	2	2	2_large	2	5	Plasmid	p86s1p	True	True	
GCF_024663255.1	Burkholderia glumae	Burkholderia	SL-947S	Burkholderia	6981950	68	5	3738765;2820186;189346;128913;104740	3738765	2820186	189346	PacBio RSII	98.79	0.2	5	2	2	2	2	2_large	2	3	Plasmid	p947s1p	True	True	
GCF_024663375.1	Burkholderia glumae	Burkholderia	TW34RS	Burkholderia	7284104	68	6	3912005;2828244;141000;141000;132942;128913	3912005	2828244	141000	PacBio RSII	99.01	0.2	6	2	2	2	2	2_large	2	4	Plasmid	ptw34rs2p	True	True	
GCF_024663615.1	Burkholderia glumae	Burkholderia	PERW1RS	Burkholderia	7284098	68	6	3912004;2828243;140999;140999;132941;128912	3912004	2828243	140999	PacBio RSII	99.01	0.2	6	2	2	2	2	2_large	2	4	Plasmid	perw1rs2p	True	True	
GCF_024663775.1	Burkholderia glumae	Burkholderia	PW30RS	Burkholderia	7328421	68	6	3912005;2872561;141000;141000;132942;128913	3912005	2872561	141000	PacBio RSII	99.01	0.2	6	2	2	2	2	2_large	2	4	Plasmid	pw30rs2p	True	True	
GCF_024663895.1	Burkholderia glumae	Burkholderia	EW10RS	Burkholderia	7284104	68	6	3912005;2828244;141000;141000;132942;128913	3912005	2828244	141000	PacBio RSII	99.01	0.2	6	2	2	2	2	2_large	2	4	Plasmid	pew10rs2p	True	True	
GCF_024663975.1	Burkholderia glumae	Burkholderia	SW2RS	Burkholderia	7284108	68	6	3912006;2828245;141000;141000;132943;128914	3912006	2828245	141000	PacBio RSII	98.96	0.2	6	2	2	2	2	2_large	2	4	Plasmid	psw2rs2p	True	True	
GCF_024663995.1	Burkholderia glumae	Burkholderia	POW17RS	Burkholderia	7284098	68	6	3912004;2828243;140999;140999;132941;128912	3912004	2828243	140999	PacBio RSII	99.01	0.2	6	2	2	2	2	2_large	2	4	Plasmid	pow17rs2p	True	True	
GCF_024664015.1	Burkholderia glumae	Burkholderia	BGR19S	Burkholderia	6994036	68	5	3690419;2852417;225605;124884;100711	3690419	2852417	225605	PacBio RSII	98.79	0.62	5	3	2	2	2	2_large	2	3	Plasmid	p19s1p	True	True	
GCF_024664035.1	Burkholderia glumae	Burkholderia	SEW1RS	Burkholderia	7284108	68	6	3912006;2828245;141000;141000;132943;128914	3912006	2828245	141000	PacBio RSII	99.01	0.2	6	2	2	2	2	2_large	2	4	Plasmid	pse1rs2p	True	True	
GCF_024664055.1	Burkholderia glumae	Burkholderia	BGR22S	Burkholderia	7175325	68	6	3827400;2836302;177259;132942;116826;84596	3827400	2836302	177259	PacBio RSII	98.65	0.28	6	2	2	2	2	2_large	2	4	Plasmid	p22s1p	True	True	
GCF_024664075.1	Burkholderia glumae	Burkholderia	BGR28S	Burkholderia	7018198	68	6	3779053;2796013;169201;136971;120855;16105	3779053	2796013	169201	PacBio RSII	98.79	0.2	6	2	2	2	2	2_large	2	4	Plasmid	p28s1p	True	True	
GCF_024664095.1	Burkholderia glumae	Burkholderia	BGR35S	Burkholderia	7172030	68	6	3702773;2834421;204789;172021;139253;118773	3702773	2834421	204789	PacBio RSII	97.59	0.34	6	3	2	2	2	2_large	2	4	Plasmid	p35s1p	True	True	
GCF_024664115.1	Burkholderia glumae	Burkholderia	BGR79S	Burkholderia	7018200	68	6	3734736;2783927;189346;116826;112798;80567	3734736	2783927	189346	PacBio RSII	98.79	0.42	6	2	2	2	2	2_large	2	4	Plasmid	p79s1p	True	True	
GCF_024664135.1	Burkholderia glumae	Burkholderia	BGR76S	Burkholderia	7259930	68	6	3593726;2880619;362586;177259;141000;104740	3593726	2880619	362586	PacBio RSII	98.79	0.2	6	3	3	2	2	3_large	2	4	Plasmid	p76s1p	False	True	
GCF_024664155.1	Burkholderia glumae	Burkholderia	BGR68S	Burkholderia	7284104	68	6	3912005;2828244;141000;141000;132942;128913	3912005	2828244	141000	PacBio RSII	98.79	0.2	6	2	2	2	2	2_large	2	4	Plasmid	p68s2p	True	True	
GCF_024664175.1	Burkholderia glumae	Burkholderia	BGR73S	Burkholderia	7284104	68	6	3912005;2828244;141000;141000;132942;128913	3912005	2828244	141000	PacBio RSII	98.79	0.2	6	2	2	2	2	2_large	2	4	Plasmid	p73s2p	True	True	
GCF_024664195.1	Burkholderia glumae	Burkholderia	YH8	Burkholderia	7020504	68	5	3764216;2908152;147448;139256;61432	3764216	2908152	147448	PacBio RSII	98.79	0.2	5	2	2	2	2	2_large	2	3	Plasmid	pyh81p	True	True	
GCF_024664215.1	Burkholderia glumae	Burkholderia	BGR48S	Burkholderia	6885247	68	6	3625957;2735580;177259;132942;112798;100711	3625957	2735580	177259	PacBio RSII	98.79	0.11	6	2	2	2	2	2_large	2	4	Plasmid	p48s1p	True	True	
GCF_024664235.1	Burkholderia glumae	Burkholderia	R2	Burkholderia	6851335	68	5	3651865;2728074;177826;152564;141006	3651865	2728074	177826	PacBio RSII	98.72	0.25	5	2	2	2	2	2_large	2	3	Plasmid	pr21p	True	True	
GCF_024664255.1	Burkholderia glumae	Burkholderia	SL-2395S	Burkholderia	7014187	68	4	3775023;2840330;269922;128912	3775023	2840330	269922	PacBio RSII	98.62	0.25	4	3	2	2	2	2_large	2	2	Plasmid	psl2395s1p	True	True	
GCF_024664275.1	Burkholderia glumae	Burkholderia	BGR81S	Burkholderia	7042383	68	5	6490471;197403;141000;132942;80567	6490471	197403	141000	PacBio RSII	98.65	0.11	5	1	1	1	1	1_large	1	4	Plasmid	p81s2p	True	True	
GCF_024730645.1	Burkholderia sp. EMB26	Burkholderia		Burkholderia	7543458	67.5	3	3561162;3022085;960211	3561162	3022085	960211	Oxford Nanopore GridION; Illumina HiSeq	100		3	3	3	3	2	3_large	3	0	Chromosome	3	True	True	
GCF_024732225.1	Burkholderia pyrrocinia	Burkholderia	LWK2	Burkholderia	7619908	66.5	3	3713209;3026422;880277	3713209	3026422	880277	Oxford Nanopore	100	0.53	3	3	3	3	2	3_large	2	1	Plasmid	pBPJTT	False	True	
GCF_024760585.1	Burkholderia glumae	Burkholderia	BGR13S	Burkholderia	6832882	68	5	4105390;2248089;221577;136971;120855	4105390	2248089	221577	PacBio RSII	98.37	0.11	5	3	2	2	2	2_large	2	3	Plasmid	p1_BGR13S	True	True	
GCF_024760605.1	Burkholderia glumae	Burkholderia	BGR15S	Burkholderia	7203527	68	6	3742794;2880619;161144;153086;136971;128913	3742794	2880619	161144	PacBio RSII	98.79	0.2	6	2	2	2	2	2_large	2	4	Plasmid	p3_BGR15S	True	True	
GCF_024760625.1	Burkholderia glumae	Burkholderia	BGR21S	Burkholderia	7014181	68	5	3815313;2787956;181288;128913;100711	3815313	2787956	181288	PacBio RSII	98.28	0.34	5	2	2	2	2	2_large	2	3	Plasmid	p1_BGR21S	True	True	
GCF_024760645.1	Burkholderia glumae	Burkholderia	BGR80S	Burkholderia	7002094	68	5	6450182;197403;141000;132942;80567	6450182	197403	141000	PacBio RSII	98.61	0.11	5	1	1	1	1	1_large	1	4	Plasmid	p2_BGR80S	True	True	
GCF_025244785.1	Burkholderia gladioli	Burkholderia	ZN-S4	Burkholderia	8287697	68	4	4167159;3932966;145919;41653	4167159	3932966	145919	PacBio	100	1.98	4	2	2	2	2	2_large	2	2	Plasmid	unnamed2	True	True	
GCF_025560745.1	Burkholderia sp. S-53	Burkholderia	S-53	Burkholderia	8254067	66.5	3	3696988;3361469;1195610	3696988	3361469	1195610	Illumina HiSeq	99.89	0.43	3	3	3	3	3	3_large	3	0	Chromosome	1	True	True	
GCF_025643495.1	Burkholderia multivorans	Burkholderia	NML180963	Burkholderia	6455318	67	4	3495006;2259977;559470;140865	3495006	2259977	559470	Oxford Nanopore MiniION	97.83	0.89	4	3	3	3	2	3_large	3	1	Chromosome	3	True	True	
GCF_025643515.1	Burkholderia contaminans	Burkholderia	NML151013	Burkholderia	8666185	66.5	5	3846952;3158005;1349539;240894;70795	3846952	3158005	1349539	Oxford Nanopore MiniION	99.83	0.37	5	4	3	3	3	3_large	3	2	Chromosome	3	True	True	
GCF_025643555.1	Burkholderia multivorans	Burkholderia	NML140411	Burkholderia	6308387	67	3	3417441;2341839;549107	3417441	2341839	549107	Oxford Nanopore MiniION	97.41	0.93	3	3	3	3	2	3_large	3	0	Chromosome	3	True	True	
GCF_025643575.1	Burkholderia cenocepacia	Burkholderia	NML110041	Burkholderia	7971239	67	4	3777894;3216338;882513;94494	3777894	3216338	882513	Oxford Nanopore MiniION	98.26	1.17	4	3	3	3	2	3_large	3	1	Chromosome	3	True	True	
GCF_026315005.1	Burkholderia pseudomallei	Burkholderia	MSHR7744	Burkholderia	7039884	68	2	4070995;2968889	4070995	2968889	0	Oxford Nanopore MinION; Illumina MiSeq	98.46	1.47	2	2	2	2	2	2_large	2	0			True	True	
GCF_026315025.1	Burkholderia pseudomallei	Burkholderia	MSHR1713	Burkholderia	7026608	68	2	4018017;3008591	4018017	3008591	0	Oxford Nanopore MinION; Illumina MiSeq	98.09	0.98	2	2	2	2	2	2_large	2	0			True	True	
GCF_026315045.1	Burkholderia pseudomallei	Burkholderia	MSHR1464	Burkholderia	7026580	68	2	4018161;3008419	4018161	3008419	0	Oxford Nanopore MinION; Illumina MiSeq	99.29	1.03	2	2	2	2	2	2_large	2	0			True	True	
GCF_026651625.1	Burkholderia gladioli	Burkholderia	Lv-StA	Burkholderia	8561812	68	4	4282277;3986150;191503;101882	4282277	3986150	191503	PacBio	99.86	2.27	4	2	2	2	2	2_large	2	2	Plasmid	unnamed1	True	True	
GCF_026651975.1	Burkholderia glumae	Burkholderia	YH38	Burkholderia	7300229	68	6	3912007;2844361;141001;141001;132944;128915	3912007	2844361	141001	PacBio RSII	99.01	0.2	6	2	2	2	2	2_large	2	4	Plasmid	p2_YH38	True	True	
GCF_026651995.1	Burkholderia glumae	Burkholderia	YH43	Burkholderia	7304258	68	6	3912007;2848390;141001;141001;132944;128915	3912007	2848390	141001	PacBio RSII	99.01	0.2	6	2	2	2	2	2_large	2	4	Plasmid	p2_YH43	True	True	
GCF_026652015.1	Burkholderia glumae	Burkholderia	YH67	Burkholderia	7292172	68	6	3912007;2836304;141001;141001;132944;128915	3912007	2836304	141001	PacBio RSII	99.01	0.2	6	2	2	2	2	2_large	2	4	Plasmid	p2_YH67	True	True	
GCF_026683835.2	Burkholderia ambifaria	Burkholderia	CEP0996	Burkholderia	7386767	66.5	3	3490225;2696226;1200316	3490225	2696226	1200316	Oxford Nanopore; Illumina	100		3	3	3	3	3	3_large	3	0	Chromosome	3	True	True	
GCF_026683855.2	Burkholderia ambifaria	Burkholderia	HSJ1	Burkholderia	7483311	67	3	3556328;2647171;1279812	3556328	2647171	1279812	Illumina MiSeq; PacBio RSII	99.43		3	3	3	3	3	3_large	3	0	Chromosome	3	True	True	
GCF_026683875.2	Burkholderia ambifaria	Burkholderia	HSJ1v	Burkholderia	7482570	67	3	3555659;2647092;1279819	3555659	2647092	1279819	Illumina; PacBio RSII	100		3	3	3	3	3	3_large	3	0	Chromosome	3	True	True	
GCF_026958255.1	Burkholderia ambifaria	Burkholderia	Q53	Burkholderia	7403578	66.5	3	3495354;2728612;1179612	3495354	2728612	1179612	Illumina NextSeq; Oxford Nanopore MinION	100		3	3	3	3	3	3_large	3	0	Chromosome	3	True	True	
GCF_028201395.1	Burkholderia pseudomallei	Burkholderia	MSHR5087	Burkholderia	6998733	68	2	3880899;3117834	3880899	3117834	0	Illumina MiSeq; Oxford Nanopore MinION	98.1	1.31	2	2	2	2	2	2_large	2	0			True	True	
GCF_028462305.2	Burkholderia cepacia	Burkholderia	SCCH90 Bcn202840	Burkholderia	8399083	67	3	3708767;3460727;1229589	3708767	3460727	1229589	Illumina; Oxford Nanopore GridION	98.89	2.01	3	3	3	3	3	3_large	3	0	Chromosome	3	True	True	
GCF_028473685.1	Paraburkholderia bryophila	Paraburkholderia	CA002	Paraburkholderia	8171535	63	2	4704593;3466942	4704593	3466942	0	Illumina; Oxford Nanopore MinION	99.88	0.58	2	2	2	2	2	2_large	2	0			True	True	
GCF_028657905.1	Burkholderia sp. FERM BP-3421	Burkholderia	FERM BP-3421	Burkholderia	7732058	67.5	4	3899588;3002736;591164;238570	3899588	3002736	591164	Illumina; Oxford Nanopore	99.11	1.43	4	4	3	3	2	3_large	2	2	Plasmid	p1	False	True	
GCF_029536165.1	Paraburkholderia sp. SUR17	Paraburkholderia	SUR17	Paraburkholderia	7027268	65	2	3926784;3100484	3926784	3100484	0	Oxford Nanopore	99.5	0.79	2	2	2	2	2	2_large	2	0			True	True	
GCF_029590335.1	Burkholderia contaminans	Burkholderia	5080	Burkholderia	8789975	66	6	3799460;3244835;1529354;95791;70779;49756	3799460	3244835	1529354	Oxford Nanopore; Illumina	99.95	0.51	6	3	3	3	3	3_large	3	3	Chromosome	3	True	True	
GCF_029633645.1	Burkholderia contaminans	Burkholderia	FFH2055	Burkholderia	8214913	66.5	3	3531688;3330511;1352714	3531688	3330511	1352714	Illumina MiSeq	99.26	0.09	3	3	3	3	3	3_large	3	0	Chromosome	3	True	True	
GCF_029633805.1	Burkholderia contaminans	Burkholderia	FFI45	Burkholderia	8863406	66	5	3730746;3207179;1577351;198595;149535	3730746	3207179	1577351	Illumina MiSeq	93.76	0.38	5	3	3	3	3	3_large	3	2	Chromosome	3	True	False	completeness<95
GCF_029633825.1	Burkholderia contaminans	Burkholderia	LMG 23361	Burkholderia	9436857	66	7	3816246;3261244;1528525;391552;199797;162811;76682	3816246	3261244	1528525	Illumina MiSeq	98.2	0.37	7	4	4	3	3	4+_large	3	4	Chromosome	3	False	True	
GCF_029910195.1	Burkholderia sp. JSH-S8	Burkholderia	JSH-S8	Burkholderia	9049616	66.5	4	4252710;2467808;1343392;985706	4252710	2467808	1343392	Oxford Nanopore	100	1.44	4	4	4	4	3	4+_large	3	1	Chromosome	2	False	True	
GCF_029910215.1	Paraburkholderia sp. D15	Paraburkholderia	D15	Paraburkholderia	8325170	63.5	3	4485038;3338875;501257	4485038	3338875	501257	Oxford Nanopore	99.94	0.29	3	3	3	3	2	3_large	2	1	Plasmid	pla	False	True	
GCF_029962485.1	Burkholderia cepacia	Burkholderia	ZJ1	Burkholderia	7704383	66.5	3	3544176;3267341;892866	3544176	3267341	892866	PacBio Sequel	98.6	2.05	3	3	3	3	2	3_large	3	0	Chromosome	3	True	True	
GCF_030078435.1	Burkholderia vietnamiensis	Burkholderia	LMG16232	Burkholderia	6739172	67	3	3314184;2219983;1205005	3314184	2219983	1205005	Oxford Nanopore MinION; Illumina NextSeq	98.62		3	3	3	3	3	3_large	3	0	Chromosome	3	True	True	
GCF_030297195.1	Burkholderia pseudomallei	Burkholderia	GTC3P0019	Burkholderia	7102390	68	2	3958117;3144273	3958117	3144273	0	Illumina NovaSeq; Nanopore MiNION	98.8	0.97	2	2	2	2	2	2_large	2	0			True	True	
GCF_030297215.1	Burkholderia pseudomallei	Burkholderia	GTC3P0050	Burkholderia	7199295	68	2	4060923;3138372	4060923	3138372	0	Illumina NovaSeq; Nanopore MiNION	98.44	1.22	2	2	2	2	2	2_large	2	0			True	True	
GCF_030297235.1	Burkholderia pseudomallei	Burkholderia	GTC3P0054	Burkholderia	7249463	68	2	4050793;3198670	4050793	3198670	0	Illumina NovaSeq; Nanopore MiNION	97.13	0.98	2	2	2	2	2	2_large	2	0			True	True	
GCF_030297255.1	Burkholderia pseudomallei	Burkholderia	GTC3P0254T	Burkholderia	7081111	68	2	3937683;3143428	3937683	3143428	0	Illumina NovaSeq; Nanopore MiNION	98.85	0.92	2	2	2	2	2	2_large	2	0			True	True	
GCF_030297275.1	Burkholderia pseudomallei	Burkholderia	Kanagawa	Burkholderia	7134388	68.5	2	4035111;3099277	4035111	3099277	0	Illumina NovaSeq; Nanopore MiNION	98.47	0.69	2	2	2	2	2	2_large	2	0			True	True	
GCF_030297295.1	Burkholderia pseudomallei	Burkholderia	Tokushima	Burkholderia	7173407	68	2	3997477;3175930	3997477	3175930	0	Illumina NovaSeq; Nanopore MiNION	97.47	0.85	2	2	2	2	2	2_large	2	0			True	True	
GCF_030297315.1	Burkholderia pseudomallei	Burkholderia	KM376	Burkholderia	7106098	68	3	3937533;3143756;24809	3937533	3143756	24809	Illumina NovaSeq; Nanopore MiNION	98.51	1.35	3	2	2	2	2	2_large	2	1	Plasmid	pKM376	True	True	
GCF_030297335.1	Burkholderia pseudomallei	Burkholderia	KM390	Burkholderia	7276189	68	2	4104708;3171481	4104708	3171481	0	Illumina NovaSeq; Nanopore MiNION	98.69	0.69	2	2	2	2	2	2_large	2	0			True	True	
GCF_030297355.1	Burkholderia pseudomallei	Burkholderia	KM391	Burkholderia	7102800	68	2	3957973;3144827	3957973	3144827	0	Illumina NovaSeq; Nanopore MiNION	98.27	0.98	2	2	2	2	2	2_large	2	0			True	True	
GCF_030316055.1	Paraburkholderia bonniea	Paraburkholderia	BbQS395	Paraburkholderia	4009384	59	2	3124405;884979	3124405	884979	0	Oxford Nanopore; Illumina; PacBio	98.95	0.45	2	2	2	2	1	2_large	2	0			True	True	
GCF_030316075.1	Paraburkholderia bonniea	Paraburkholderia	BbQS433	Paraburkholderia	4013440	59	2	3128458;884982	3128458	884982	0	Oxford Nanopore; Illumina; PacBio	98.95	0.45	2	2	2	2	1	2_large	2	0			True	True	
GCF_030374675.1	Burkholderia anthina	Burkholderia	SO82	Burkholderia	7843004	67	4	3584230;3002478;1022242;234054	3584230	3002478	1022242	PacBio Sequel II	99.89	0.96	4	4	3	3	3	3_large	3	1	Chromosome	3	True	True	
GCF_030412785.1	Paraburkholderia sabiae	Paraburkholderia	LMG 24235	Paraburkholderia	9909294	62	4	6584006;2309677;615744;399867	6584006	2309677	615744	PacBio Sequel	99.94	0.4	4	4	4	3	2	4+_large	2	2	Plasmid	pPs24235_1	False	True	
GCF_030505635.1	Burkholderia glumae	Burkholderia	BD_21g	Burkholderia	7584466	68.5	6	3855283;3417499;123248;88744;53064;46628	3855283	3417499	123248	Illumina NovaSeq	99.01	1.95	6	2	2	2	2	2_large	2	4	Plasmid	p1_21g	True	True	
GCF_030644525.1	Burkholderia plantarii	Burkholderia	KACC 18964	Burkholderia	8124970	68.5	3	4199852;3731345;193773	4199852	3731345	193773	PacBio RSII; Illumina HiSeq	99.15	1.65	3	2	2	2	2	2_large	2	1	Plasmid	p1	True	True	
GCF_030848725.1	Burkholderia dolosa	Burkholderia	N149	Burkholderia	6506221	67	4	3298494;2211974;828162;167591	3298494	2211974	828162	BGI-SEQ500; Oxford Nanopore MinION	100		4	3	3	3	2	3_large	3	1	Chromosome	3	True	True	
GCF_031356765.1	Paraburkholderia phenoliruptrix	Paraburkholderia	T36S-14	Paraburkholderia	7362592	63	2	4104520;3258072	4104520	3258072	0	PacBio Sequel; Illumina	99.94	0.06	2	2	2	2	2	2_large	2	0			True	True	
GCF_031585635.1	Paraburkholderia sp. FT54	Paraburkholderia	FT54	Paraburkholderia	8645533	62	5	4214684;2949897;936489;514023;30440	4214684	2949897	936489	PacBio Sequel; Illumina	99.94	0.69	5	4	4	4	2	4+_large	3	2	Chromosome	3	False	True	
GCF_032806925.1	Paraburkholderia kirstenboschensis	Paraburkholderia	F3	Paraburkholderia	8950019	61.5	3	4098314;3052929;1798776	4098314	3052929	1798776	PacBio Sequel	99.27	0.57	3	3	3	3	3	3_large	3	0	Chromosome	3	True	True	
GCF_033391855.2	Paraburkholderia terrae	Paraburkholderia	COX	Paraburkholderia	10446414	62	4	3985594;3201017;2163235;1096568	3985594	3201017	2163235	Oxford Nanopore GridION	99.5	2.45	4	4	4	4	4	4+_large	4	0	Chromosome	2	True	True	
GCF_033675275.1	Burkholderia thailandensis	Burkholderia	SBXPR001	Burkholderia	7015772	67.5	2	3920696;3095076	3920696	3095076	0	PacBio	99.34	0.38	2	2	2	2	2	2_large	2	0			True	True	
GCF_033675305.1	Burkholderia thailandensis	Burkholderia	SBXCC001	Burkholderia	6842881	67.5	2	3823994;3018887	3823994	3018887	0	PacBio	96.89	0.5	2	2	2	2	2	2_large	2	0			True	True	
GCF_033675325.1	Burkholderia cepacia	Burkholderia	10223	Burkholderia	8703468	66.5	4	3848587;3329779;1312533;212569	3848587	3329779	1312533	PacBio	97.28	2.53	4	4	3	3	3	3_large	3	1	Chromosome	2	True	True	
GCF_033870355.1	Burkholderia mallei	Burkholderia	Zagreb	Burkholderia	5821656	68.5	2	3152963;2668693	3152963	2668693	0	Illumina MiSeq; Oxford Nanopore MinION	97.78	0.71	2	2	2	2	2	2_large	2	0			True	True	
GCF_033870375.1	Burkholderia mallei	Burkholderia	Mukteswar	Burkholderia	5755398	68.5	2	3558661;2196737	3558661	2196737	0	Illumina MiSeq; Oxford Nanopore MinION	97.78	0.71	2	2	2	2	2	2_large	2	0			True	True	
GCF_033870395.1	Burkholderia mallei	Burkholderia	Bogor	Burkholderia	5822796	68.5	1	5822796	5822796	0	0	Illumina MiSeq; Oxford Nanopore MinION	97.78	0.71	1	1	1	1	1	1_large	1	0			True	True	
GCF_033956065.1	Burkholderia mallei	Burkholderia	ATCC 23344	Burkholderia	5834748	68.5	2	3510110;2324638	3510110	2324638	0	Illumina MiSeq; Oxford Nanopore MinION	98.09	0.71	2	2	2	2	2	2_large	2	0			True	True	
GCF_034047095.1	Robbsia andropogonis	Robbsia	BLB1	Robbsia	6828120	59	7	3671051;1375786;1063849;210877;206007;176508;124042	3671051	1375786	1063849	BGISEQ-500 and ONT PromethION	92.14	1.49	7	5	3	3	3	3_large	3	4	Chromosome	3	True	False	completeness<95
GCF_034424375.1	Paraburkholderia kururiensis	Paraburkholderia	HAMBI 2494	Paraburkholderia	6711709	65.5	2	6677280;34429	6677280	34429	0	PacBio Sequel	99.94	0.07	2	1	1	1	1	1_large	1	1			True	True	
GCF_034424545.1	Trinickia caryophylli	Trinickia	HAMBI_2159	Trinickia	6589281	64.5	2	4294907;2294374	4294907	2294374	0	PacBio Sequel	99.68	0.51	2	2	2	2	2	2_large	2	0			True	True	
GCF_035621555.1	Burkholderia thailandensis	Burkholderia	2022DZh	Burkholderia	6879740	67.5	3	3804194;2860001;215545	3804194	2860001	215545	Illumina NovaSeq; PacBio Sequel	100	0.11	3	3	2	2	2	2_large	2	1	Plasmid	plasmid	True	True	
GCF_036352035.1	Burkholderia multivorans	Burkholderia	2023CK-01339	Burkholderia	6693153	67	3	3512161;2436595;744397	3512161	2436595	744397	Illumina MiSeq; Oxford Nanopore GridION	98.32	1.93	3	3	3	3	2	3_large	1	2	Plasmid	unnamed2	False	True	
GCF_036362805.1	Burkholderia multivorans	Burkholderia	N167	Burkholderia	6213519	67	3	3363426;2296428;553665	3363426	2296428	553665	Oxford Nanopore MinION	97.87	0.59	3	3	3	3	2	3_large	3	0	Chromosome	3	True	True	
GCF_036837415.1	Burkholderia gladioli	Burkholderia	KACC 18962	Burkholderia	8619142	68	3	4358639;3979285;281218	4358639	3979285	281218	Illumina HiSeq; PacBio RSII	99.86	2.47	3	3	2	2	2	2_large	2	1	Plasmid	p1	True	True	
GCF_036839165.1	Burkholderia gladioli	Burkholderia	KACC 18963	Burkholderia	8624592	68	3	4358648;3979224;286720	4358648	3979224	286720	PacBio RSII; Illumina HiSeq	99.86	2.47	3	3	2	2	2	2_large	2	1	Plasmid	p1	True	True	
GCF_037055255.1	Burkholderia pyrrocinia	Burkholderia	JBC226	Burkholderia	8685226	66	3	3779152;3596266;1309808	3779152	3596266	1309808	PacBio Sequel; Illumina	99.89	0.88	3	3	3	3	3	3_large	3	0	Chromosome	3	True	True	
GCF_037101255.1	Paraburkholderia sp. 22B1P	Paraburkholderia	22B1P	Paraburkholderia	9922990	62	4	3784668;3049510;2481578;607234	3784668	3049510	2481578	PacBio SequelII; Illumina NovaSeq 6000	99.94	0.98	4	4	4	4	3	4+_large	2	2	Plasmid	p22B1P1	False	True	
GCF_037101275.1	Burkholderia contaminans	Burkholderia	GalA64	Burkholderia	7613229	67	3	3445782;3017943;1149504	3445782	3017943	1149504	Sequel IIe	100		3	3	3	3	3	3_large	3	0	Chromosome	1	True	True	
GCF_037477895.1	Mycetohabitans endofungorum	Mycetohabitans	B13/HKI 0402	Mycetohabitans	3550038	60.5	2	2760408;789630	2760408	789630	0	PacBio RSII	97.51		2	2	2	2	1	2_large	1	1			False	True	
GCF_037477905.1	Mycetohabitans endofungorum	Mycetohabitans	B14/HKI 0403	Mycetohabitans	3643928	60.5	3	2674176;768340;201412	2674176	768340	201412	PacBio RSII	97.96		3	3	2	2	1	2_large	1	2	Plasmid	unnamed2	False	True	
GCF_037478035.1	Mycetohabitans endofungorum	Mycetohabitans	B60	Mycetohabitans	3610257	61	3	2736534;716486;157237	2736534	716486	157237	PacBio Sequel	98.04		3	2	2	2	1	2_large	1	2	Plasmid	plasmid	False	True	
GCF_037478045.1	Mycetohabitans rhizoxinica	Mycetohabitans	B49	Mycetohabitans	3533936	61	2	2710688;823248	2710688	823248	0	PacBio Sequel	97.53		2	2	2	2	1	2_large	1	1			False	True	
GCF_037478055.1	Mycetohabitans rhizoxinica	Mycetohabitans	B47	Mycetohabitans	3471072	61	2	2646852;824220	2646852	824220	0	PacBio Sequel	98.65		2	2	2	2	1	2_large	1	1			False	True	
GCF_037478065.1	Mycetohabitans rhizoxinica	Mycetohabitans	B12	Mycetohabitans	3802698	60.5	3	2776699;857052;168947	2776699	857052	168947	PacBio Sequel	98.18		3	2	2	2	1	2_large	1	2	Plasmid	plasmid	False	True	
GCF_037478075.1	Mycetohabitans endofungorum	Mycetohabitans	B5	Mycetohabitans	3355449	61	2	2592175;763274	2592175	763274	0	PacBio Sequel	97.51	0.45	2	2	2	2	1	2_large	1	1			False	True	
GCF_037478085.1	Mycetohabitans endofungorum	Mycetohabitans	B3	Mycetohabitans	3541851	60.5	2	2686710;855141	2686710	855141	0	PacBio Sequel	97.96		2	2	2	2	1	2_large	1	1			False	True	
GCF_038050405.1	Paraburkholderia sp. IMGN_8	Paraburkholderia	SJ_3	Paraburkholderia	9114050	61.5	2	4664177;4449873	4664177	4449873	0	PacBio Sequel; Illumina	99.94	0.04	2	2	2	2	2	2_large	2	0			True	True	
GCF_038452255.1	Burkholderia pyrrocinia	Burkholderia	BX1	Burkholderia	8043122	66.5	3	3727794;3466835;848493	3727794	3466835	848493	Oxford Nanopore PromethION	98.94	0.64	3	3	3	3	2	3_large	2	1	Plasmid	plasmid	False	True	
GCF_038723655.1	Burkholderia arboris	Burkholderia	PN-1	Burkholderia	8478060	67	3	3651544;3471056;1355460	3651544	3471056	1355460	Illumina HiSeq; PacBio Sequel	99.86	0.48	3	3	3	3	3	3_large	3	0	Chromosome	2	True	True	
GCF_038782865.1	Burkholderia ambifaria	Burkholderia	CF3	Burkholderia	7573820	66.5	3	4682183;2651331;240306	4682183	2651331	240306	PacBio Sequel; Illumina NovaSeq	99.99		3	3	2	2	2	2_large	2	1	Plasmid	plas1	True	True	
GCF_038983115.1	Burkholderia pseudomallei	Burkholderia	SCBP007	Burkholderia	7163158	68	2	3964337;3198821	3964337	3198821	0	Complete Genomics	99.36	0.87	2	2	2	2	2	2_large	2	0			True	True	
GCF_038983225.1	Burkholderia pseudomallei	Burkholderia	SCBP001	Burkholderia	7163721	68	2	3964321;3199400	3964321	3199400	0	Complete Genomics	99.36	0.87	2	2	2	2	2	2_large	2	0			True	True	
GCF_039621805.1	Paraburkholderia sp. PREW-6R	Paraburkholderia		Paraburkholderia	7009858	62.5	4	3453605;2121176;1091221;343856	3453605	2121176	1091221	Illumina NovaSeq; PacBio Sequel	99.72	0.22	4	4	4	3	3	4+_large	2	2	Plasmid	unnamed1	False	True	
GCF_039728355.1	Burkholderia cenocepacia	Burkholderia	TY921	Burkholderia	8270568	66.5	5	3780142;3225523;1017452;159028;88423	3780142	3225523	1017452	Oxford Nanopore; BGI	98.62	1.78	5	3	3	3	3	3_large	3	2	Chromosome	3	True	True	
GCF_039848545.1	Burkholderia stagnalis	Burkholderia	YJ-2	Burkholderia	7705355	67.5	3	3664175;3167812;873368	3664175	3167812	873368	PacBio	99.89	0.77	3	3	3	3	2	3_large	1	2	Plasmid	plas2	False	True	
GCF_039852015.1	Robbsia sp. KACC 23696	Robbsia	KACC 23696	Robbsia	6320538	61.5	3	3518780;1581533;1220225	3518780	1581533	1220225	Illumina NovaSeq; PacBio Sequel	92.13	0.82	3	3	3	3	3	3_large	3	0	Chromosome	Ch3	True	False	completeness<95
GCF_040215475.1	Burkholderia contaminans	Burkholderia	UnB1430	Burkholderia	8416198	66.5	3	3637183;3249807;1529208	3637183	3249807	1529208	Oxford Nanopore PromethION	100	0.09	3	3	3	3	3	3_large	3	0	Chromosome	3	True	True	
GCF_040314805.1	Trinickia caryophylli	Trinickia	ATCC 25418	Trinickia	6589249	64.5	2	4294889;2294360	4294889	2294360	0	PacBio Sequel; Illumina NovaSeq	99.68	0.51	2	2	2	2	2	2_large	2	0			True	True	
GCF_040361905.1	Paraburkholderia terrae	Paraburkholderia	KU-46	Paraburkholderia	10833180	62	5	3660500;3017103;2148366;1161355;845856	3660500	3017103	2148366	PacBio SequelIIe	99.94	1.58	5	5	5	5	4	4+_large	5	0	Chromosome	3	True	True	
GCF_040735455.1	Burkholderia semiarida	Burkholderia	HNBS001	Burkholderia	7581782	67	4	3533168;2809008;1062595;177011	3533168	2809008	1062595	PacBio; Illumina	99.89	0.73	4	3	3	3	3	3_large	3	1	Chromosome	3	True	True	
GCF_040761425.1	Burkholderia sp. Ed8	Burkholderia	Ed8	Burkholderia	8481333	66.5	5	3809753;3048481;1094235;267232;261632	3809753	3048481	1094235	Oxford Nanopore MinION	99.88	0.33	5	5	3	3	3	3_large	2	3	Plasmid	unnamed3	False	True	
GCF_041070875.1	Burkholderia cepacia	Burkholderia	JK6	Burkholderia	8104269	67	3	3600495;3307321;1196453	3600495	3307321	1196453	PacBio Sequel; Illumina NovaSeq	99.37	1.21	3	3	3	3	3	3_large	3	0	Chromosome	3	True	True	
GCF_041205585.2	Burkholderia cenocepacia	Burkholderia	GIMC4612:Bcn34P14	Burkholderia	7380693	67	4	3538567;3164445;608063;69618	3538567	3164445	608063	Illumina; Oxford Nanopore GridION	96.81	1.92	4	3	3	3	2	3_large	3	1	Chromosome	3	True	True	
GCF_042604585.1	Burkholderia gladioli	Burkholderia	BCC1697	Burkholderia	8123711	68	2	4159160;3964551	4159160	3964551	0	Illumina HiSeq; PacBio RSII	99.86	1.96	2	2	2	2	2	2_large	2	0			True	True	
GCF_042604595.1	Burkholderia gladioli	Burkholderia	BCC0238	Burkholderia	8643150	68	4	4218485;4046521;189442;188702	4218485	4046521	189442	PacBio RSII	100	3.04	4	2	2	2	2	2_large	2	2	Plasmid	BCC0238_unnamed2	True	True	
GCF_043193125.1	Burkholderia ambifaria	Burkholderia	BCC0191	Burkholderia	7624201	66.5	3	3564602;2949100;1110499	3564602	2949100	1110499	Illumina HiSeq; Oxford Nanopore MinION	100	0.43	3	3	3	3	3	3_large	3	0	Chromosome	3	True	True	
GCF_044057485.1	Burkholderia contaminans	Burkholderia	PCR-C_Y9	Burkholderia	8701806	66	5	3612598;3246353;1531168;239984;71703	3612598	3246353	1531168	Oxford Nanopore	100	0.09	5	4	3	3	3	3_large	3	2	Chromosome	1	True	True	
GCF_044501195.1	Burkholderia anthina	Burkholderia	LMG 22950	Burkholderia	8619681	66.5	4	3704100;3316690;1465948;132943	3704100	3316690	1465948	Oxford Nanopore MinION	99.91	1.13	4	3	3	3	3	3_large	3	1	Chromosome	3	True	True	
GCF_045345775.1	Burkholderia semiarida	Burkholderia	SYBS718	Burkholderia	7610422	67	4	3559746;2799897;1087154;163625	3559746	2799897	1087154	PacBio Sequel; Illumina HiSeq	99.89	0.45	4	3	3	3	3	3_large	2	2	Plasmid	p1	False	True	
GCF_045348565.1	Paraburkholderia fungorum	Paraburkholderia	zafu-N9	Paraburkholderia	9651458	61.5	4	5249169;3633723;403533;365033	5249169	3633723	403533	Illumina; PacBio Sequel	99.5	1.27	4	4	4	2	2	4+_large	2	2	Plasmid	unnamed1	False	True	
GCF_045862465.1	Burkholderia gladioli pv. gladioli	Burkholderia	MAFF 302385	Burkholderia	8664973	67.5	4	4563288;3800749;180710;120226	4563288	3800749	180710	PacBio RS II	98.58	2.28	4	2	2	2	2	2_large	2	2	Plasmid	pBGLAD1	True	True	
GCF_045925845.1	Burkholderia pyrrocinia	Burkholderia	DLL-114	Burkholderia	8357852	66	5	3687230;3026459;1014137;362812;267214	3687230	3026459	1014137	Illumina; PacBio	100	0.17	5	5	4	3	3	4+_large	3	2	Chromosome	3	False	True	
GCF_046773525.1	Burkholderia cepacia	Burkholderia	zafu-111	Burkholderia	8245772	66.5	3	3764863;3418465;1062444	3764863	3418465	1062444	Illumina	99.32	2.06	3	3	3	3	3	3_large	3	0	Chromosome	3	True	True	
GCF_047127275.1	Burkholderia lata	Burkholderia	JAB02	Burkholderia	8790866	66.5	4	3731061;3418796;1354427;286582	3731061	3418796	1354427	Illumina NextSeq; Oxford Nanopore	99.57		4	4	3	3	3	3_large	3	1	Chromosome	3	True	True	
GCF_047325075.1	Paraburkholderia phenoliruptrix	Paraburkholderia	CT11-68	Paraburkholderia	6797873	63.5	2	4115846;2682027	4115846	2682027	0	Illumina NextSeq, Oxford Nanopore MinION	99.5	0.52	2	2	2	2	2	2_large	2	0			True	True	
GCF_047497155.1	Burkholderia sp. 22PA0106	Burkholderia	22PA0106	Burkholderia	7748036	66.5	2	4330113;3417923	4330113	3417923	0	Oxford Nanopore MinION	99.27	1.03	2	2	2	2	2	2_large	2	0			True	True	
GCF_047497165.1	Burkholderia sp. 22PA0099	Burkholderia	22PA0099	Burkholderia	7730252	66.5	2	4232728;3497524	4232728	3497524	0	Oxford Nanopore MinION	99.21	1.36	2	2	2	2	2	2_large	2	0			True	True	
GCF_047902435.1	Burkholderia cepacia	Burkholderia	L303	Burkholderia	8751342	66.5	4	3790643;3375692;1411079;173928	3790643	3375692	1411079	PacBio	99.35	3.11	4	3	3	3	3	3_large	1	3	Plasmid	unnamed2	False	True	
GCF_048565175.1	Burkholderia gladioli	Burkholderia	BG-GF5	Burkholderia	8219190	68	2	4218311;4000879	4218311	4000879	0	Illumina	100	1.98	2	2	2	2	2	2_large	2	0			True	True	
GCF_048565265.1	Burkholderia theae	Burkholderia	XITOU	Burkholderia	8536486	66.5	3	3718748;3438352;1379386	3718748	3438352	1379386	Illumina MiSeq; Oxford Nanopore GridION	99.79	1.79	3	3	3	3	3	3_large	3	0	Chromosome	3	True	True	
GCF_048627025.1	Burkholderia aenigmatica	Burkholderia	ST2120	Burkholderia	8909914	65.5	9	3646165;3399615;1194331;321572;161663;107656;52076;24833;2003	3646165	3399615	1194331	Oxford Nanopore PromethION	99.15	2.43	9	4	4	3	3	4+_large	3	6	Chromosome	2	False	True	
GCF_048688115.1	Burkholderia thailandensis	Burkholderia	HNBT001	Burkholderia	6788923	67.5	2	3929948;2858975	3929948	2858975	0	Illumina; PacBio	99.91	1.76	2	2	2	2	2	2_large	2	0			True	True	
GCF_048917655.1	Burkholderia gladioli	Burkholderia	HG_5	Burkholderia	8231303	68	4	4163677;3834485;178373;54768	4163677	3834485	178373	Oxford Nanopore MinION	99.54	2.51	4	2	2	2	2	2_large	2	2	Plasmid	pHG_5-178	True	True	
GCF_048917665.1	Burkholderia gladioli	Burkholderia	HG_4	Burkholderia	8231748	68	4	4163896;3834690;178381;54781	4163896	3834690	178381	Oxford Nanopore MinION	91.1	2.09	4	2	2	2	2	2_large	2	2	Plasmid	pHG_4-178	True	False	completeness<95
GCF_048917685.1	Burkholderia gladioli	Burkholderia	HG_2	Burkholderia	8231327	68	4	4163675;3834513;178372;54767	4163675	3834513	178372	Oxford Nanopore MinION	99.27	2.51	4	2	2	2	2	2_large	2	2	Plasmid	pHG_2-178	True	True	
GCF_049177125.1	Paraburkholderia sp. DD10	Paraburkholderia	DD10	Paraburkholderia	7684915	63.5	3	4077509;3394556;212850	4077509	3394556	212850	Oxford Nanopore	99.85	1.81	3	3	2	2	2	2_large	2	1	Plasmid	plasmid	True	True	
GCF_049487195.1	Burkholderia sp. NLJ2	Burkholderia	NLJ2	Burkholderia	8161153	66.5	3	3615827;3268913;1276413	3615827	3268913	1276413	PacBio Sequel	99.57	0.56	3	3	3	3	3	3_large	3	0	Chromosome	2	True	True	
GCF_049913365.1	Burkholderia ambifaria	Burkholderia	R-30	Burkholderia	7467149	66.5	3	3535213;2774643;1157293	3535213	2774643	1157293	Illumina HiSeq; Oxford Nanopore GridION	99.79	0.21	3	3	3	3	3	3_large	3	0	Chromosome	3	True	True	
GCF_049942845.1	Burkholderia sp. R-40	Burkholderia	R-40	Burkholderia	7484842	66.5	3	3524452;2805731;1154659	3524452	2805731	1154659	Illumina HiSeq; Oxford Nanopore MinION	100	0.21	3	3	3	3	3	3_large	3	0	Chromosome	3	True	True	
GCF_050320195.1	Burkholderia pseudomallei	Burkholderia	490f	Burkholderia	7472557	68	2	4015981;3456576	4015981	3456576	0	Illumina NextSeq; Oxford Nanopore GridION	99.32	5.67	2	2	2	2	2	2_large	2	0			True	False	contamination>5
GCF_050430075.1	Robbsia andropogonis	Robbsia	FG-1	Robbsia	6011680	59	8	3612886;1112911;557219;178005;153059;138375;130044;129181	3612886	1112911	557219	Illumina; Nanopore	92.02	0.82	8	3	3	3	2	3_large	3	5	Chromosome	3	True	False	completeness<95
GCF_050500075.1	Paraburkholderia tropica	Paraburkholderia	FMD144	Paraburkholderia	8696763	64.5	5	3382895;1952731;1644569;1524649;191919	3382895	1952731	1644569	Oxford Nanopore GridION; Illumina NovaSeq	99.23	0.45	5	4	4	4	4	4+_large	5	0	Chromosome	3	False	True	
GCF_050613125.1	Burkholderia gladioli	Burkholderia	ZBSF BH07	Burkholderia	8558021	68	3	4217528;4049529;290964	4217528	4049529	290964	PacBio	100	2.24	3	3	2	2	2	2_large	2	1	Plasmid	p1	True	True	
GCF_050613135.1	Burkholderia cepacia	Burkholderia	R7-5	Burkholderia	8235260	67	3	3636339;3325566;1273355	3636339	3325566	1273355	Oxford Nanopore	99.67	2.38	3	3	3	3	3	3_large	3	0	Chromosome	3	True	True	
GCF_050627075.1	Paraburkholderia fungorum	Paraburkholderia	25c37	Paraburkholderia	9322396	61.5	4	4729159;3508438;647572;437227	4729159	3508438	647572	PacBio Sequel	99.5	1.29	4	4	4	3	2	4+_large	3	1	Chromosome	3	False	True	
GCF_050627395.1	Paraburkholderia fungorum	Paraburkholderia	18a25	Paraburkholderia	9322411	61.5	4	4729161;3508453;647572;437225	4729161	3508453	647572	PacBio Sequel	99.94	1.29	4	4	4	3	2	4+_large	3	1	Chromosome	3	False	True	
GCF_050632305.1	Burkholderia contaminans	Burkholderia	P1	Burkholderia	8133029	67	4	3611118;3146357;1249564;125990	3611118	3146357	1249564	PacBio Sequel	98.3	0.56	4	3	3	3	3	3_large	3	1	Chromosome	3	True	True	
GCF_050632315.1	Burkholderia contaminans	Burkholderia	P5	Burkholderia	8131868	67	4	3611832;3146363;1249208;124465	3611832	3146363	1249208	PacBio Sequel	98.61	0.56	4	3	3	3	3	3_large	3	1	Chromosome	3	True	True	
GCF_050632325.1	Burkholderia cepacia	Burkholderia	P7	Burkholderia	8380083	67	3	3756401;3391474;1232208	3756401	3391474	1232208	PacBio Sequel	99.1	1.37	3	3	3	3	3	3_large	3	0	Chromosome	3	True	True	
GCF_050632335.1	Burkholderia contaminans	Burkholderia	P2	Burkholderia	8133726	67	4	3611822;3146358;1249557;125989	3611822	3146358	1249557	PacBio Sequel	98.9	0.56	4	3	3	3	3	3_large	3	1	Chromosome	3	True	True	
GCF_050632345.1	Burkholderia contaminans	Burkholderia	P6	Burkholderia	8131953	67	4	3611841;3146071;1249576;124465	3611841	3146071	1249576	PacBio Sequel	99.36	0.56	4	3	3	3	3	3_large	3	1	Chromosome	3	True	True	
GCF_050632355.1	Burkholderia cepacia	Burkholderia	P3	Burkholderia	8544351	66.5	3	3636668;3452404;1455279	3636668	3452404	1455279	PacBio Sequel	99.22	1.89	3	3	3	3	3	3_large	3	0	Chromosome	3	True	True	
GCF_050813845.1	Burkholderia sp. F1	Burkholderia	F1	Burkholderia	8392102	67	3	4012682;3569160;810260	4012682	3569160	810260	Oxford Nanopore MinION; Illumina MiSeq	99.74	1.54	3	3	3	3	2	3_large	3	0	Chromosome	3	True	True	
GCF_050858985.1	Burkholderia sp. M6-3	Burkholderia	M6-3	Burkholderia	8155157	61.5	4	3921720;3340423;531418;361596	3921720	3340423	531418	Oxford Nanopore	99.57	0.19	4	4	4	3	2	4+_large	2	2	Plasmid	p3	False	True	
GCF_050920555.1	Burkholderia gladioli pv. alliicola	Burkholderia	strain 7648	Burkholderia	8400513	68	3	4316582;3916618;167313	4316582	3916618	167313	Illumina HiSeq; PacBio Sequel	99.86	2.52	3	2	2	2	2	2_large	2	1	Plasmid	unnamed1	True	True	
GCF_050955445.1	Paraburkholderia sp. RHO2	Paraburkholderia	RHO2	Paraburkholderia	6032508	68.5	3	5409342;615672;7494	5409342	615672	7494	PacBio	63.28	11.31	3	2	2	2	1	2_large	1	2	Plasmid	unnamed2	False	False	completeness<95
GCF_050990585.1	Paraburkholderia phenoliruptrix	Paraburkholderia	PAR2	Paraburkholderia	6451923	64	2	3767830;2684093	3767830	2684093	0	PacBio	99.94	0.45	2	2	2	2	2	2_large	2	0			True	True	
GCF_050990595.1	Paraburkholderia sacchari	Paraburkholderia	PAR1	Paraburkholderia	8053473	64	5	3204364;2350248;1064117;1028322;406422	3204364	2350248	1064117	PacBio	99.1	0.69	5	5	5	4	4	4+_large	4	1	Chromosome	3	False	True	
GCF_051027425.1	Paraburkholderia caffeinilytica	Paraburkholderia	wqa52	Paraburkholderia	8315257	61.5	3	4560583;3705942;48732	4560583	3705942	48732	PacBio	99.94	0.25	3	2	2	2	2	2_large	2	1	Plasmid	p1	True	True	
GCF_051124805.1	Paraburkholderia sp. A3RO-2L	Paraburkholderia	A3RO-2L	Paraburkholderia	8564644	64	8	3235930;2201119;1142246;876996;611493;385804;90691;20365	3235930	2201119	1142246	Illumina MiniSeq; Oxford Nanopore MinION	98.96	4.76	8	6	6	5	3	4+_large	5	3	Chromosome	3	False	True	
GCF_051125205.1	Paraburkholderia sp. A1BS-2L	Paraburkholderia	A1BS-2L	Paraburkholderia	7917054	64	6	3243926;2151576;1164524;878557;383350;95121	3243926	2151576	1164524	Illumina MiniSeq; Oxford Nanopore MinION	98.96	0.54	6	5	5	4	3	4+_large	4	2	Chromosome	3	False	True	
GCF_051125215.1	Paraburkholderia sp. A3BS-1L	Paraburkholderia	A3BS-1L	Paraburkholderia	8570583	64	6	3315905;2177893;1262688;1038708;755024;20365	3315905	2177893	1262688	Illumina MiniSeq; Oxford Nanopore MinION	98.96	0.91	6	5	5	5	4	4+_large	5	1	Chromosome	3	True	True	
GCF_051125545.1	Paraburkholderia sp. A2RO-4L	Paraburkholderia	A2RO-4L	Paraburkholderia	8568209	64	8	3299055;2154813;1162407;876996;619140;384638;62148;9012	3299055	2154813	1162407	Illumina MiniSeq; Oxford Nanopore MinION	98.96	4.76	8	6	6	5	3	4+_large	5	3	Chromosome	3	False	True	
GCF_051355645.1	Burkholderia lata	Burkholderia	DSM 23089	Burkholderia	8684896	66.5	3	3694126;3595701;1395069	3694126	3595701	1395069	Illumina NovaSeq; Oxford Nanopore	99.49	0.09	3	3	3	3	3	3_large	3	0	Chromosome	2	True	True	
GCF_051560065.1	Burkholderia pseudomallei	Burkholderia	TSV268_S	Burkholderia	7224456	68	2	4021247;3203209	4021247	3203209	0	Complete Genomics	99.09	1.09	2	2	2	2	2	2_large	2	0			True	True	
GCF_051560085.1	Burkholderia pseudomallei	Burkholderia	TSV270_S	Burkholderia	7183693	68	2	3971785;3211908	3971785	3211908	0	Complete Genomics	98.87	0.98	2	2	2	2	2	2_large	2	0			True	True	
GCF_051560105.1	Burkholderia pseudomallei	Burkholderia	TSV287_S	Burkholderia	7337113	68	2	4052639;3284474	4052639	3284474	0	Complete Genomics	98.76	1.32	2	2	2	2	2	2_large	2	0			True	True	
GCF_051560125.1	Burkholderia pseudomallei	Burkholderia	TSV140_S	Burkholderia	7362880	68	3	4045573;3288499;28808	4045573	3288499	28808	Complete Genomics	99.19	1.57	3	2	2	2	2	2_large	2	1	Plasmid	unnamed1	True	True	
GCF_051560145.1	Burkholderia pseudomallei	Burkholderia	TSV82_R	Burkholderia	7313889	68	2	4024493;3289396	4024493	3289396	0	Complete Genomics	98.97	1.05	2	2	2	2	2	2_large	2	0			True	True	
GCF_051615025.1	Caballeronia sp. DA-9	Caballeronia	DA-9	Caballeronia	7703284	59.5	5	3704918;2175802;1389204;218840;214520	3704918	2175802	1389204	PacBio; Illumina NovaSeq	99.94	1.06	5	5	3	3	3	3_large	3	2	Chromosome	1	True	True	
GCF_052222725.1	Burkholderia gladioli	Burkholderia	YNK-FB0053	Burkholderia	8148635	68	2	4234222;3914413	4234222	3914413	0	Illumina; PacBio	99.86	2.41	2	2	2	2	2	2_large	2	0			True	True	
GCF_052854005.1	Burkholderia pseudomallei	Burkholderia	Bp30	Burkholderia	7301610	68	2	4058535;3243075	4058535	3243075	0	Oxford Nanopore; Illumina	99.38	1.27	2	2	2	2	2	2_large	2	0			True	True	
GCF_052854015.1	Burkholderia pseudomallei	Burkholderia	Bp29	Burkholderia	7337715	68	2	4142467;3195248	4142467	3195248	0	Oxford Nanopore; Illumina	99.31	1.2	2	2	2	2	2	2_large	2	0			True	True	
GCF_052854305.1	Burkholderia pseudomallei	Burkholderia	Bp26	Burkholderia	7337923	68	3	4063971;3142130;131822	4063971	3142130	131822	Oxford Nanopore; Illumina	99.05	1.41	3	2	2	2	2	2_large	2	1	Plasmid	pBP26	True	True	
GCF_052854315.1	Burkholderia pseudomallei	Burkholderia	Bp27	Burkholderia	7456996	68	2	4263701;3193295	4263701	3193295	0	Oxford Nanopore; Illumina	99.05	1.09	2	2	2	2	2	2_large	2	0			True	True	
GCF_052854605.1	Burkholderia pseudomallei	Burkholderia	Bp25	Burkholderia	7226306	68	2	4051624;3174682	4051624	3174682	0	Oxford Nanopore; Illumina	99.15	0.87	2	2	2	2	2	2_large	2	0			True	True	
GCF_052854615.1	Burkholderia pseudomallei	Burkholderia	Bp24	Burkholderia	7226221	68	2	4051444;3174777	4051444	3174777	0	Oxford Nanopore; Illumina	99.15	0.87	2	2	2	2	2	2_large	2	0			True	True	
GCF_052854885.1	Burkholderia pseudomallei	Burkholderia	Bp23	Burkholderia	7300111	68	2	4087561;3212550	4087561	3212550	0	Oxford Nanopore; Illumina	99.15	0.87	2	2	2	2	2	2_large	2	0			True	True	
GCF_052854895.1	Burkholderia pseudomallei	Burkholderia	Bp22	Burkholderia	7072286	68	2	3971349;3100937	3971349	3100937	0	Oxford Nanopore; Illumina	98.92	0.87	2	2	2	2	2	2_large	2	0			True	True	
GCF_052855305.1	Burkholderia pseudomallei	Burkholderia	Bp19	Burkholderia	7283335	68	2	4088868;3194467	4088868	3194467	0	Oxford Nanopore; Illumina	99.2	1.06	2	2	2	2	2	2_large	2	0			True	True	
GCF_052855315.1	Burkholderia pseudomallei	Burkholderia	Bp18	Burkholderia	7246324	68	2	4051722;3194602	4051722	3194602	0	Oxford Nanopore; Illumina	99.2	1.06	2	2	2	2	2	2_large	2	0			True	True	
GCF_052855605.1	Burkholderia pseudomallei	Burkholderia	Bp17	Burkholderia	7185644	68	2	4038557;3147087	4038557	3147087	0	Oxford Nanopore; Illumina	99.1	1.22	2	2	2	2	2	2_large	2	0			True	True	
GCF_052855615.1	Burkholderia pseudomallei	Burkholderia	Bp16	Burkholderia	7131998	68	2	4007748;3124250	4007748	3124250	0	Oxford Nanopore; Illumina	98.87	0.91	2	2	2	2	2	2_large	2	0			True	True	
GCF_052855985.1	Burkholderia pseudomallei	Burkholderia	Bp15	Burkholderia	7130256	68	2	4007637;3122619	4007637	3122619	0	Oxford Nanopore; Illumina	98.87	0.86	2	2	2	2	2	2_large	2	0			True	True	
GCF_052856205.1	Burkholderia pseudomallei	Burkholderia	Bp14	Burkholderia	7024618	68.5	2	3906615;3118003	3906615	3118003	0	Oxford Nanopore; Illumina	98.81	0.97	2	2	2	2	2	2_large	2	0			True	True	
GCF_052857015.1	Burkholderia pseudomallei	Burkholderia	Bp13	Burkholderia	7072326	68.5	2	3951380;3120946	3951380	3120946	0	Oxford Nanopore; Illumina	99.03	0.97	2	2	2	2	2	2_large	2	0			True	True	
GCF_052857225.1	Burkholderia pseudomallei	Burkholderia	Bp11	Burkholderia	7147827	68	2	3976171;3171656	3976171	3171656	0	Oxford Nanopore; Illumina	99.02	1.05	2	2	2	2	2	2_large	2	0			True	True	
GCF_052857935.1	Burkholderia pseudomallei	Burkholderia	Bp06	Burkholderia	7159108	68	2	4009207;3149901	4009207	3149901	0	Oxford Nanopore; Illumina	98.92	0.92	2	2	2	2	2	2_large	2	0			True	True	
GCF_052858145.1	Burkholderia pseudomallei	Burkholderia	Bp05	Burkholderia	7230632	68	2	4080232;3150400	4080232	3150400	0	Oxford Nanopore; Illumina	98.92	1	2	2	2	2	2	2_large	2	0			True	True	
GCF_052858685.1	Burkholderia pseudomallei	Burkholderia	Bp02	Burkholderia	7275229	68	2	4091997;3183232	4091997	3183232	0	Oxford Nanopore; Illumina	99.35	0.97	2	2	2	2	2	2_large	2	0			True	True	
GCF_052858755.1	Burkholderia pseudomallei	Burkholderia	Bp01	Burkholderia	7206361	68	2	4092017;3114344	4092017	3114344	0	Oxford Nanopore; Illumina	99.35	0.91	2	2	2	2	2	2_large	2	0			True	True	
GCF_053038975.1	Burkholderia sola	Burkholderia	BC00107	Burkholderia	7610546	67	3	3504123;2862001;1244422	3504123	2862001	1244422	Oxford Nanopore MinION, Illumina NextSeq	100	0.43	3	3	3	3	3	3_large	3	0	Chromosome	3	True	True	
GCF_053153985.1	Burkholderia vietnamiensis	Burkholderia	HNBV001	Burkholderia	7087161	67	4	3292540;2366034;1060975;367612	3292540	2366034	1060975	Illumina; PacBio	100	0.43	4	4	4	3	3	4+_large	3	1	Chromosome	BV001C3	False	True	
GCF_053209605.1	Burkholderia sola	Burkholderia	BC00106	Burkholderia	7608365	67	3	3503982;2859967;1244416	3503982	2859967	1244416	Oxford Nanopore MinION, Illumina NextSeq	99.79	0.43	3	3	3	3	3	3_large	3	0	Chromosome	3	True	True	
GCF_053348855.1	Burkholderia metallica	Burkholderia	NN518	Burkholderia	7767695	67	4	3580165;2960641;978336;248553	3580165	2960641	978336	PacBio	100		4	4	3	3	2	3_large	3	1	Chromosome	3	True	True	
GCF_053470105.1	Burkholderia gladioli	Burkholderia	ZJ-SD	Burkholderia	8358073	68	3	4292444;3913691;151938	4292444	3913691	151938	Illumina; Oxford Nanopore	99.81	2.41	3	2	2	2	2	2_large	2	1	Plasmid	plasmid	True	True	
GCF_053470145.1	Burkholderia gladioli	Burkholderia	ZJ-MD	Burkholderia	8357995	68	3	4292446;3913611;151938	4292446	3913611	151938	Illumina; Oxford Nanopore	99.86	2.41	3	2	2	2	2	2_large	2	1	Plasmid	plasmid	True	True	
GCF_053760385.1	Caballeronia sp. KNU42	Caballeronia	KNU42	Caballeronia	9270113	60	4	4237236;2718970;2004775;309132	4237236	2718970	2004775	Oxford Nanopore	99.45	0.48	4	4	4	3	3	4+_large	3	1	Chromosome	3	False	True	
GCF_054073385.1	Burkholderia pyrrocinia	Burkholderia	NP45	Burkholderia	8009996	66	4	3615813;3112656;972273;309254	3615813	3112656	972273	Oxford Nanopore PromethION	100	0.17	4	4	4	3	2	4+_large	2	2	Plasmid	unnamed1	False	True	
GCF_054073395.1	Burkholderia pyrrocinia	Burkholderia	NP42	Burkholderia	8152415	66	5	3667483;3084765;972174;314915;113078	3667483	3084765	972174	Oxford Nanopore PromethION	100	0.17	5	4	4	3	2	4+_large	2	3	Plasmid	unnamed4	False	True	
GCF_054166125.1	Paraburkholderia strydomiana	Paraburkholderia	SI08	Paraburkholderia	7790637	61.5	3	3953781;3305954;530902	3953781	3305954	530902	Oxford Nanopore MinION	96.49	0.09	3	3	3	3	2	3_large	1	2	Chromosome	chromosome	False	True	
GCF_054166145.1	Paraburkholderia strydomiana	Paraburkholderia	SI07	Paraburkholderia	7849785	62	9	3974054;2962017;454603;330751;104768;7966;7138;5457;3031	3974054	2962017	454603	Oxford Nanopore MinION	94.85	0.22	9	4	4	2	2	4+_large	1	8	Plasmid	p6	False	False	completeness<95
GCF_054166155.1	Paraburkholderia strydomiana	Paraburkholderia	SI09	Paraburkholderia	7790621	61.5	3	3953764;3305952;530905	3953764	3305952	530905	Oxford Nanopore MinION	97.62	0.09	3	3	3	3	2	3_large	1	2	Plasmid	p2	False	True	
GCF_054166185.1	Burkholderia ambifaria	Burkholderia	SI05	Burkholderia	8076343	66.5	4	3551557;3014549;1268256;241981	3551557	3014549	1268256	Oxford Nanopore MinION	99.35	0.92	4	4	3	3	3	3_large	1	3	Chromosome	chromosome	False	True	
GCF_054166195.1	Paraburkholderia graminis	Paraburkholderia	SI06	Paraburkholderia	7242740	63	3	4255561;2861885;125294	4255561	2861885	125294	Oxford Nanopore MinION	98.68	0.45	3	2	2	2	2	2_large	1	2	Plasmid	p2	False	True	
GCF_054166225.1	Paraburkholderia strydomiana	Paraburkholderia	SI04	Paraburkholderia	7765181	62	3	4325843;3194468;244870	4325843	3194468	244870	Oxford Nanopore MinION	99.72	0.22	3	3	2	2	2	2_large	1	2	Plasmid	p2	False	True	
GCF_054166245.1	Paraburkholderia strydomiana	Paraburkholderia	SI01	Paraburkholderia	7790703	61.5	3	3953818;3305972;530913	3953818	3305972	530913	Oxford Nanopore MinION	94.29	0.09	3	3	3	3	2	3_large	1	2	Plasmid	p1	False	False	completeness<95
GCF_054166265.1	Paraburkholderia strydomiana	Paraburkholderia	SI02	Paraburkholderia	7767803	62	3	4325818;3195775;246210	4325818	3195775	246210	Oxford Nanopore MinION	99.3	0.22	3	3	2	2	2	2_large	1	2	Plasmid	p2	False	True	
GCF_054187845.1	Burkholderia gladioli	Burkholderia	BGLCN	Burkholderia	8473517	68	6	4134938;3794154;174243;133828;121370;114984	4134938	3794154	174243	Illumina NovaSeq; Oxford Nanopore PromethION	99.47	2.09	6	2	2	2	2	2_large	2	4	Plasmid	unnamed4	True	True	
GCF_054558305.1	Burkholderia contaminans	Burkholderia	T-34	Burkholderia	8396978	66.5	3	3623305;3245198;1528475	3623305	3245198	1528475	PacBio RS II; Illumina MiSeq	100	0.09	3	3	3	3	3	3_large	3	0	Chromosome	3	True	True	
GCF_054955335.1	Burkholderia contaminans	Burkholderia	BTS-5	Burkholderia	7026270	66.5	2	6953363;72907	6953363	72907	0	Oxford Nanopore MinION	100	0.09	2	1	1	1	1	1_large	1	1			True	True	
GCF_055386035.1	Burkholderia gladioli	Burkholderia	NB6	Burkholderia	8890888	67.5	5	4393699;3758526;402366;273163;63134	4393699	3758526	402366	Pacbio Sequel	99.86	2.09	5	4	3	2	2	3_large	2	3	Plasmid	pNB61	False	True	
GCF_055387925.1	Burkholderia mallei	Burkholderia	GTC 3P0077	Burkholderia	5873785	68.5	2	3545820;2327965	3545820	2327965	0	Nanopore MinION; Illumina MiSeq	97.21	0.71	2	2	2	2	2	2_large	2	0			True	True	
GCF_055391905.1	Paraburkholderia monticola	Paraburkholderia	Pam10	Paraburkholderia	7741569	64	3	3798262;2645723;1297584	3798262	2645723	1297584	PacBio RS2	99.94		3	3	3	3	3	3_large	1	2	Plasmid	pPam10_2	False	True	
GCF_055397325.1	Paraburkholderia largidicola	Paraburkholderia	F2	Paraburkholderia	9283128	62.5	4	3654066;2945934;2302010;381118	3654066	2945934	2302010	PacBio RS II	99.78	1.21	4	4	4	3	3	4+_large	2	2	Plasmid	PPGUF2_p1	False	True	
GCF_055397665.1	Burkholderia mallei	Burkholderia	mongolia_1	Burkholderia	5779021	68.5	2	3557849;2221172	3557849	2221172	0	PacBio Sequel II	97.49	0.71	2	2	2	2	2	2_large	2	0			True	True	
GCF_055397955.1	Burkholderia gladioli	Burkholderia	MAFF301064	Burkholderia	8450160	68	3	4287547;3924332;238281	4287547	3924332	238281	Oxford Nanopore PromethION	99.47	2.68	3	3	2	2	2	2_large	2	1	Plasmid	pM1064	True	True	
GCF_055810255.1	Burkholderia thailandensis	Burkholderia	2025TL	Burkholderia	6544388	68	2	3725482;2818906	3725482	2818906	0	PacBio revio; Illumina NovaSeq	99.57	0.06	2	2	2	2	2	2_large	2	0			True	True	
GCF_056270685.1	Paraburkholderia sp. PAMB 6768	Paraburkholderia	PAMB 6768	Paraburkholderia	3967861	66	1	3967861	3967861	0	0	PacBio Revio system	97.04	1.4	1	1	1	1	1	1_large	1	0			True	True	
GCF_056591095.1	Paraburkholderia terricola	Paraburkholderia	NP30	Paraburkholderia	7299512	63.5	2	4047245;3252267	4047245	3252267	0	Oxford Nanopore MinION	99.5	0.62	2	2	2	2	2	2_large	2	0			True	True	
GCF_056640905.1	Burkholderia pyrrocinia	Burkholderia	B26	Burkholderia	8792532	66	5	3550458;3328575;954527;927285;31687	3550458	3328575	954527	Oxford Nanopore	99.43	0.21	5	4	4	4	2	4+_large	2	3	Plasmid	unnamed2	False	True	
GCF_056783395.1	Burkholderia pyrrocinia	Burkholderia	R74	Burkholderia	8347169	66.5	3	3680772;3428300;1238097	3680772	3428300	1238097	Illumina NovaSeq; PacBio	100	2.27	3	3	3	3	3	3_large	2	1	Plasmid	punamed1	False	True	
GCF_056847505.1	Mycetohabitans endofungorum	Mycetohabitans	B23	Mycetohabitans	3642467	61	3	2749645;788413;104409	2749645	788413	104409	Oxford Nanopore PromethION	97.67		3	2	2	2	1	2_large	1	2	Plasmid	unnamed2	False	True	
GCF_056867595.1	Mycetohabitans rhizoxinica	Mycetohabitans	B1	Mycetohabitans	3749950	60.5	3	2755165;822270;172515	2755165	822270	172515	Oxford Nanopore PromethION	98.65		3	2	2	2	1	2_large	1	2	Plasmid	unnamed2	False	True	
GCF_056868365.1	Mycetohabitans rhizoxinica	Mycetohabitans	B58	Mycetohabitans	3668316	60.5	3	2710334;802776;155206	2710334	802776	155206	Oxford Nanopore PromethION	97.83		3	2	2	2	1	2_large	1	2	Plasmid	unnamed2	False	True	
GCF_056868375.1	Mycetohabitans rhizoxinica	Mycetohabitans	B82	Mycetohabitans	3454439	61	2	2530141;924298	2530141	924298	0	Oxford Nanopore PromethION	97.53		2	2	2	2	1	2_large	1	1			False	True	
GCF_056880615.1	Mycetohabitans rhizoxinica	Mycetohabitans	B62	Mycetohabitans	3429197	61	2	2619673;809524	2619673	809524	0	Oxford Nanopore PromethION	98.65		2	2	2	2	1	2_large	1	1			False	True	
GCF_057005415.2	Burkholderia sp. KL41	Burkholderia	KL41	Burkholderia	8751402	66.5	3	3768457;3685627;1297318	3768457	3685627	1297318	Oxford Nanopore MinION; Illumina NovaSeq	100	0.85	3	3	3	3	3	3_large	3	0	Chromosome	3	True	True	
GCF_057369595.1	Burkholderia cepacia complex sp. TUM26381	Burkholderia	TUM26381	Burkholderia	8348641	67	4	3577940;3419015;1253950;97736	3577940	3419015	1253950	Oxford Nanopore MinION	100	0.48	4	3	3	3	3	3_large	3	1	Chromosome	TUM26381_c3	True	True	
GCF_057439935.1	Burkholderia cepacia complex sp. TUM26381	Burkholderia	TUM26381	Burkholderia	8348641	67	4	3577940;3419015;1253950;97736	3577940	3419015	1253950	Oxford Nanopore MinION	100	0.48	4	3	3	3	3	3_large	3	1	Chromosome	3	True	True	
GCF_057587595.1	Paraburkholderia sp. PAMB 6768	Paraburkholderia	PAMB 6768	Paraburkholderia	6692374	66.5	2	3967760;2724614	3967760	2724614	0	PacBio Revio system; Illumina	99.67	3.74	2	2	2	2	2	2_large	2	0			True	True	
GCF_057612605.2	Caballeronia sp. A2-2	Caballeronia	A2-2	Caballeronia	7805734	60.5	6	3455682;1590018;1587408;698130;315739;158757	3455682	1590018	1587408	PacBio HiFi	99.27	0.62	6	5	5	4	3	4+_large	3	3	Chromosome	3	False	True	
GCF_057748135.1	Paraburkholderia sp. PAMB 6770	Paraburkholderia	PAMB 6770	Paraburkholderia	6600633	66.5	2	3876019;2724614	3876019	2724614	0	Illumina; PacBio Revio system	99.72	3.51	2	2	2	2	2	2_large	2	0			True	True	
GCF_058448765.1	Burkholderia gladioli	Burkholderia	CG8	Burkholderia	8619391	67.5	8	4208177;3851263;253778;163990;123076;8769;6780;3558	4208177	3851263	253778	Oxford Nanopore GridION	99.47	2.3	8	3	2	2	2	2_large	2	6	Plasmid	pCG8.01	True	True	
GCF_059089405.1	Burkholderia pyrrocinia	Burkholderia	NP46	Burkholderia	8054959	66.5	3	3634232;3373875;1046852	3634232	3373875	1046852	Oxford Nanopore MinION	100	0.57	3	3	3	3	3	3_large	3	0	Chromosome	3	True	True	
GCF_059622985.1	Paraburkholderia agricolaris	Paraburkholderia	QS70	Paraburkholderia	8882443	61.5	2	4794767;4087676	4794767	4087676	0	PacBio	99.72	0.31	2	2	2	2	2	2_large	2	0			True	True	
GCF_902141795.1	Burkholderia pseudomallei	Burkholderia		Burkholderia	7102313	68	2	3987008;3115305	3987008	3115305	0	PACBIO	96.64	0.94	2	2	2	2	2	2_large	2	0			True	True	
GCF_902141815.1	Burkholderia pseudomallei	Burkholderia		Burkholderia	7179387	68	2	4066496;3112891	4066496	3112891	0	PACBIO	95.69	0.92	2	2	2	2	2	2_large	2	0			True	True	
GCF_902141835.1	Burkholderia pseudomallei	Burkholderia		Burkholderia	7187124	68	2	4013273;3173851	4013273	3173851	0	PACBIO	98.4	0.74	2	2	2	2	2	2_large	2	0			True	True	
GCF_902459535.1	Paraburkholderia dioscoreae	Paraburkholderia	Msb3	Paraburkholderia	8347503	62.5	5	4479997;3505044;204567;93611;64284	4479997	3505044	204567	PacBio	99.85	0.47	5	3	2	2	2	2_large	2	3	Plasmid	pI	True	True	
GCF_904865725.1	Burkholderia cepacia	Burkholderia		Burkholderia	7944011	67	4	3799937;3006131;1023737;114206	3799937	3006131	1023737	MinION	99.32	3.23	4	3	3	3	3	3_large	3	1	Chromosome	3	True	True	
GCF_905400185.1	Burkholderia sola	Burkholderia	R-12632 substr. R-12632	Burkholderia	8113492	66.5	4	3575181;3050481;1347483;140347	3575181	3050481	1347483	Illumina HiSeq 4000,Oxford Nanopore MinION	100	0.48	4	3	3	3	3	3_large	3	1	Chromosome	3	True	True	
GCF_939576165.1	Burkholderia mallei	Burkholderia	34	Burkholderia	5647473	68.5	1	5647473	5647473	0	0	Illumina MiSeq, MinION	95.41	0.71	1	1	1	1	1	1_large	1	0			True	True	
GCF_964026365.1	Caballeronia sp. S22	Caballeronia		Caballeronia	9367595	62.5	7	3233214;1822652;1447788;1169233;892580;630138;171990	3233214	1822652	1447788	PacBio RS II	99.94	0.55	7	6	6	6	4	4+_large	3	4	Plasmid	p2	False	True	
GCF_964261745.1	Caballeronia sp. S22	Caballeronia		Caballeronia	9367595	62.5	7	3233214;1822652;1447788;1169233;892580;630138;171990	3233214	1822652	1447788	PacBio RS II	99.94	0.55	7	6	6	6	4	4+_large	1	6	Plasmid	c	False	True	
GCF_964264985.1	Burkholderia mycopellens	Burkholderia	LMG 21824	Burkholderia	7799642	66	4	3585571;3046645;999322;168104	3585571	3046645	999322	MinION,Illumina NovaSeq 6000	99.54	0.14	4	3	3	3	2	3_large	3	1	Chromosome	3	True	True	
GCF_964264995.1	Burkholderia crassaminum	Burkholderia	R-18634	Burkholderia	8395221	66.5	3	3689806;3601574;1103841	3689806	3601574	1103841	MinION,Illumina NovaSeq 6000	99.91	0.1	3	3	3	3	3	3_large	3	0	Chromosome	3	True	True	
GCF_964265005.1	Burkholderia crassaminum	Burkholderia	LMG 32019	Burkholderia	8395173	66.5	3	3689843;3601505;1103825	3689843	3601505	1103825	MinION,Illumina HiSeq 4000	99.91	0.1	3	3	3	3	3	3_large	3	0	Chromosome	3	True	True	
GCF_964265015.1	Burkholderia crassaminum	Burkholderia	R-36351	Burkholderia	9008239	66	5	3945256;3495121;1200466;197214;170182	3945256	3495121	1200466	MinION,Illumina HiSeq 4000	99.85	0.51	5	3	3	3	3	3_large	3	2	Chromosome	3	True	True	
GCF_964265025.1	Burkholderia mycopellens	Burkholderia	R-15933	Burkholderia	8541262	66	3	3917836;3486477;1136949	3917836	3486477	1136949	MinION,Illumina HiSeq 4000	99.57	0.42	3	3	3	3	3	3_large	3	0	Chromosome	3	True	True	
GCF_965118185.1	Paraburkholderia kururiensis	Paraburkholderia		Paraburkholderia	7745863	64.5	3	4117855;3440003;188005	4117855	3440003	188005	MICROBESNG	99.94	0.82	3	2	2	2	2	2_large	2	1	Plasmid	p1	True	True	
GCF_965199385.1	Burkholderia pseudomallei	Burkholderia	21-7286_1 R#1	Burkholderia	7210132	68	2	3960616;3249516	3960616	3249516	0	OXFORD_NANOPORE, MiSeq ILLUMINA	98.83	1.16	2	2	2	2	2	2_large	2	0			True	True	
GCF_965199395.1	Burkholderia pseudomallei	Burkholderia	21-07286_3 R#1	Burkholderia	7225637	68	2	3978699;3246938	3978699	3246938	0	OXFORD_NANOPORE, MiSeq ILLUMINA	99.14	1.18	2	2	2	2	2	2_large	2	0			True	True	
GCF_965199405.1	Burkholderia pseudomallei	Burkholderia	21-7286_6 R#1	Burkholderia	7209212	68	2	3963159;3246053	3963159	3246053	0	OXFORD_NANOPORE, MiSeq ILLUMINA	98.36	1.11	2	2	2	2	2	2_large	2	0			True	True	
GCF_965199425.1	Burkholderia pseudomallei	Burkholderia	21-7286_3 R#2.1	Burkholderia	7207001	68	2	3960129;3246872	3960129	3246872	0	OXFORD_NANOPORE, MiSeq ILLUMINA	99.14	1.11	2	2	2	2	2	2_large	2	0			True	True	
GCF_965199435.1	Burkholderia pseudomallei	Burkholderia	21-7286_5 R#1	Burkholderia	7208982	68	2	3960448;3248534	3960448	3248534	0	OXFORD_NANOPORE, MiSeq ILLUMINA	98.81	1.11	2	2	2	2	2	2_large	2	0			True	True	
GCF_965199445.1	Burkholderia pseudomallei	Burkholderia	21-7286_3 R#2.2	Burkholderia	7207138	68	2	3960138;3247000	3960138	3247000	0	OXFORD_NANOPORE, MiSeq ILLUMINA	99.14	1.16	2	2	2	2	2	2_large	2	0			True	True	
GCF_965199455.1	Burkholderia pseudomallei	Burkholderia	21-7286_5 R#2	Burkholderia	7208977	68	2	3960447;3248530	3960447	3248530	0	OXFORD_NANOPORE, MiSeq ILLUMINA	98.81	1.11	2	2	2	2	2	2_large	2	0			True	True	
GCF_965199515.1	Burkholderia pseudomallei	Burkholderia	21-7286_9 R#1	Burkholderia	7208594	68	2	3961601;3246993	3961601	3246993	0	OXFORD_NANOPORE, MiSeq ILLUMINA	99.03	1.16	2	2	2	2	2	2_large	2	0			True	True	
GCF_965199545.1	Burkholderia pseudomallei	Burkholderia	22-9817_2 R#1	Burkholderia	7184493	68	2	3963009;3221484	3963009	3221484	0	OXFORD_NANOPORE, MiSeq ILLUMINA	99.14	1.11	2	2	2	2	2	2_large	2	0			True	True	
GCF_965199625.1	Burkholderia pseudomallei	Burkholderia	21-7286_8 R#1	Burkholderia	7209083	68	2	3962433;3246650	3962433	3246650	0	OXFORD_NANOPORE, MiSeq ILLUMINA	99.03	1.11	2	2	2	2	2	2_large	2	0			True	True	
GCF_965199835.1	Burkholderia pseudomallei	Burkholderia	22-9817_4 R#2	Burkholderia	7409962	68	2	4100445;3309517	4100445	3309517	0	OXFORD_NANOPORE, MiSeq ILLUMINA	99.16	1.11	2	2	2	2	2	2_large	2	0			True	True	
GCF_965199925.1	Burkholderia pseudomallei	Burkholderia	22-9817_3 R#1	Burkholderia	7326734	68	2	4178342;3148392	4178342	3148392	0	OXFORD_NANOPORE, MiSeq ILLUMINA	99.18	0.92	2	2	2	2	2	2_large	2	0			True	True	
GCF_965201125.1	Burkholderia pseudomallei	Burkholderia	22-9817_5 R#1	Burkholderia	7455937	68	2	4199711;3256226	4199711	3256226	0	OXFORD_NANOPORE, MiSeq ILLUMINA	99.01	1.05	2	2	2	2	2	2_large	2	0			True	True	
GCF_965202565.1	Burkholderia pseudomallei	Burkholderia	21-7286_4 R#1	Burkholderia	7356076	68	2	4100101;3255975	4100101	3255975	0	OXFORD_NANOPORE, MiSeq ILLUMINA	98.63	1.18	2	2	2	2	2	2_large	2	0			True	True	
GCF_965211575.1	Burkholderia pseudomallei	Burkholderia	21-7286_2 R#1	Burkholderia	7208854	68	2	3960027;3248827	3960027	3248827	0	OXFORD_NANOPORE, MiSeq ILLUMINA	98.83	1.11	2	2	2	2	2	2_large	2	0			True	True	
GCF_965211595.1	Burkholderia pseudomallei	Burkholderia	22-9817_1 R#1	Burkholderia	7184000	68	2	3961589;3222411	3961589	3222411	0	OXFORD_NANOPORE, MiSeq ILLUMINA	99.14	1.11	2	2	2	2	2	2_large	2	0			True	True	
GCF_980295165.1	Burkholderia pseudomallei	Burkholderia	IHUMIBP1	Burkholderia	7179580	68	2	3999849;3179731	3999849	3179731	0	Illumina MiSeq ; Oxford-Nanopore GridIon	99.05	0.84	2	2	2	2	2	2_large	2	0			True	True	
GCF_980300355.1	Burkholderia pseudomallei	Burkholderia	IHUMIBP4	Burkholderia	7112312	68	2	3996870;3115442	3996870	3115442	0	Illumina MiSeq ; Oxford-Nanopore GridIon	99.34	0.96	2	2	2	2	2	2_large	2	0			True	True	
GCF_980300905.1	Burkholderia pseudomallei	Burkholderia	IHUMIBP2-2	Burkholderia	7252108	68	2	4051212;3200896	4051212	3200896	0	Illumina MiSeq ; Oxford-Nanopore GridIon	99.18	1.03	2	2	2	2	2	2_large	2	0			True	True	
GCF_980300945.1	Burkholderia pseudomallei	Burkholderia	IHUMIBP2-1	Burkholderia	7253255	68	2	4052460;3200795	4052460	3200795	0	Illumina MiSeq ; Oxford-Nanopore GridIon	98.85	1.03	2	2	2	2	2	2_large	2	0			True	True	
GCF_980300965.1	Burkholderia pseudomallei	Burkholderia	IHUMIBP3	Burkholderia	7373500	68	2	4155369;3218131	4155369	3218131	0	Illumina MiSeq ; Oxford-Nanopore GridIon	99.02	1.09	2	2	2	2	2	2_large	2	0			True	True	
GCF_984667665.1	Burkholderia arboris	Burkholderia	LMG 24066	Burkholderia	8408331	66.5	5	3630971;3532587;1190410;40662;13701	3630971	3532587	1190410	OXFORD_NANOPORE,ILLUMINA	100	0.48	5	3	3	3	3	3_large	3	2	Chromosome	LMG24066_3	True	True	
GCF_984667675.1	Burkholderia arboris	Burkholderia	R-11808	Burkholderia	8029815	66.5	3	3681322;3316512;1031981	3681322	3316512	1031981	OXFORD_NANOPORE,ILLUMINA	99.08	1.22	3	3	3	3	3	3_large	3	0	Chromosome	R11808_3	True	True	
GCF_984667725.1	Burkholderia arboris	Burkholderia	R-13059	Burkholderia	8548741	66.5	3	3700756;3479138;1368847	3700756	3479138	1368847	OXFORD_NANOPORE,ILLUMINA	99.91	0.37	3	3	3	3	3	3_large	3	0	Chromosome	R13059_3	True	True	
GCF_984667835.1	Burkholderia arboris	Burkholderia	LMG 14939	Burkholderia	8644649	66.5	5	3656760;3382556;1282155;170705;152473	3656760	3382556	1282155	OXFORD_NANOPORE,ILLUMINA	100	0.44	5	3	3	3	3	3_large	3	2	Chromosome	LMG14939_3	True	True	
GCF_984667895.1	Burkholderia arboris	Burkholderia	R-22599	Burkholderia	8630262	66.5	4	3701063;3349714;1224010;355475	3701063	3349714	1224010	OXFORD_NANOPORE,ILLUMINA	100	2.22	4	4	4	3	3	4+_large	3	1	Chromosome	R22599_3	False	True	
GCF_984667945.1	Burkholderia arboris	Burkholderia	LMG 24269	Burkholderia	8478303	66.5	5	3676711;3415142;1232707;82948;70795	3676711	3415142	1232707	OXFORD_NANOPORE,ILLUMINA	100	0.51	5	3	3	3	3	3_large	3	2	Chromosome	LMG24269_3	True	True	
GCF_984667955.1	Burkholderia arboris	Burkholderia	R-132	Burkholderia	7062385	67	3	3614124;3423854;24407	3614124	3423854	24407	OXFORD_NANOPORE,ILLUMINA	99.15	0.51	3	2	2	2	2	2_large	2	1	Plasmid	R132_3	True	True	
GCF_984667975.1	Burkholderia sp. LMG 33096	Burkholderia	LMG 33096	Burkholderia	8322459	66.5	4	3609742;3370433;1271489;70795	3609742	3370433	1271489	OXFORD_NANOPORE,ILLUMINA	99.91	0.37	4	3	3	3	3	3_large	3	1	Chromosome	R71783_3	True	True	
GCF_984668005.1	Burkholderia arboris	Burkholderia	R-16036	Burkholderia	8487940	66.5	3	3790333;3521856;1175751	3790333	3521856	1175751	OXFORD_NANOPORE,ILLUMINA	99.57	0.37	3	3	3	3	3	3_large	3	0	Chromosome	R16036_3	True	True	
GCF_984668195.1	Burkholderia sp. LMG 33096	Burkholderia	R-14554	Burkholderia	8407262	67	4	3724312;3390539;1241080;51331	3724312	3390539	1241080	OXFORD_NANOPORE,ILLUMINA	99.91	0.37	4	3	3	3	3	3_large	3	1	Chromosome	R14554_3	True	True	
GCF_984668265.1	Burkholderia arboris	Burkholderia	R-18163	Burkholderia	8222350	67	3	3550230;3401831;1270289	3550230	3401831	1270289	OXFORD_NANOPORE,ILLUMINA	100	0.48	3	3	3	3	3	3_large	3	0	Chromosome	R18163_3	True	True	
GCF_984668355.1	Burkholderia sp. LMG 33096	Burkholderia	R-20536	Burkholderia	8260049	66.5	3	3772722;3342179;1145148	3772722	3342179	1145148	OXFORD_NANOPORE,ILLUMINA	99.91	0.37	3	3	3	3	3	3_large	3	0	Chromosome	R20536_3	True	True	
GCF_984668395.1	Burkholderia arboris	Burkholderia	R-1925	Burkholderia	8553272	66.5	3	3700732;3479142;1373398	3700732	3479142	1373398	OXFORD_NANOPORE,ILLUMINA	99.91	0.37	3	3	3	3	3	3_large	3	0	Chromosome	R1925_3	True	True	
GCF_984668525.1	Burkholderia sp. LMG 34232	Burkholderia	R-24929	Burkholderia	7963786	67	3	3512147;3197900;1253739	3512147	3197900	1253739	OXFORD_NANOPORE,ILLUMINA	100		3	3	3	3	3	3_large	3	0	Chromosome	R24929_3	True	True	
GCF_984669265.1	Burkholderia sp. LMG 34232	Burkholderia	R-50709	Burkholderia	7726903	66.5	3	3668084;3091526;967293	3668084	3091526	967293	OXFORD_NANOPORE,ILLUMINA	100	0.67	3	3	3	3	2	3_large	3	0	Chromosome	R50709_3	True	True	
GCF_984669325.1	Burkholderia sp. LMG 33096	Burkholderia	R-72673	Burkholderia	7050970	67	3	3609742;3370433;70795	3609742	3370433	70795	OXFORD_NANOPORE,ILLUMINA	99.91	0.37	3	2	2	2	2	2_large	2	1	Plasmid	R72673_3	True	True	
GCF_984669335.1	Burkholderia arboris	Burkholderia	R-8833	Burkholderia	8513936	66.5	3	3724193;3515367;1274376	3724193	3515367	1274376	OXFORD_NANOPORE,ILLUMINA	99.57	0.37	3	3	3	3	3	3_large	3	0	Chromosome	R8833_3	True	True	
GCF_984669415.1	Burkholderia arboris	Burkholderia	R-72680	Burkholderia	8478303	66.5	5	3676711;3415142;1232707;82948;70795	3676711	3415142	1232707	OXFORD_NANOPORE,ILLUMINA	100	0.51	5	3	3	3	3	3_large	3	2	Chromosome	R72680_3	True	True	
GCF_984669565.1	Burkholderia arboris	Burkholderia	R-10957	Burkholderia	8491779	67	4	3629775;3426442;1280661;154901	3629775	3426442	1280661	OXFORD_NANOPORE,ILLUMINA	99.86	0.48	4	3	3	3	3	3_large	3	1	Chromosome	R10957_3	True	True	
GCF_984669585.1	Burkholderia arboris	Burkholderia	LMG 6988	Burkholderia	8002732	67	3	3624047;3411081;967604	3624047	3411081	967604	OXFORD_NANOPORE,ILLUMINA	100	0.37	3	3	3	3	2	3_large	3	0	Chromosome	LMG6988_3	True	True	
GCF_984669685.1	Burkholderia arboris	Burkholderia	LMG 24270	Burkholderia	8630252	66.5	4	3701045;3349698;1224034;355475	3701045	3349698	1224034	OXFORD_NANOPORE,ILLUMINA	100	2.22	4	4	4	3	3	4+_large	3	1	Chromosome	LMG24270_3	False	True	
GCF_984669705.1	Burkholderia sp. LMG 34232	Burkholderia	LMG 34232	Burkholderia	8158794	66.5	3	3602122;3219997;1336675	3602122	3219997	1336675	OXFORD_NANOPORE	100	0.03	3	3	3	3	3	3_large	3	0	Chromosome	LMG34232_3	True	True	
GCF_984671675.1	Burkholderia sp. LMG 33096	Burkholderia	R-18413	Burkholderia	7067216	67	2	3712491;3354725	3712491	3354725	0	OXFORD_NANOPORE,ILLUMINA	99.91	0.37	2	2	2	2	2	2_large	2	0			True	True	
GCF_984671695.1	Burkholderia arboris	Burkholderia	R-16920	Burkholderia	7411693	66.5	3	3729666;3557304;124723	3729666	3557304	124723	OXFORD_NANOPORE,ILLUMINA	100	0.39	3	2	2	2	2	2_large	2	1	Plasmid	R16920_3	True	True	
MF6	Burkholderia sola	Burkholderia		Burkholderia	7797931	66.5	5	3592343;2983592;1179882;33003;9111	3592343	2983592	1179882					3	3	3	3	3_large	5	0	Chromosome	chromosome	False	True	
MF7	Burkholderia sp.	Burkholderia		Burkholderia	8695339	66.5	63	2762977;976231;857810;774369;513992;477523;344507;318422;277037;263971;222092;216555;207126;205724;155622;91333;3926;3138;2414;2158;2121;1878;1605;1504;1114;1074;736;669;661;571;429;404;383;348;344;303;271;218;218;203;199;190;189;165;163;163;149;149;149;149;148;148;148;147;147;145;131;130;130;118;115;96;90	2762977	976231	857810					14	8	5	1	4+_large	63	0	Chromosome	chromosome	False	True	
