query	accession	organism	architecture	pC3_present	n_hits_any	n_hits_tier1	best_tier	best_pident	best_qcovs	best_bitscore	best_evalue	best_contig	best_contig_len	best_contig_rank	best_subject_len	best_start	best_end
CT354_CFFIHE_03684	GCA_017356705.2	Burkholderia pseudomallei	2_large	False	0	0											
CT354_CFFIHE_03684	GCA_017356725.2	Burkholderia pseudomallei	2_large	False	0	0											
CT354_CFFIHE_03684	GCA_020887275.1	Burkholderia sp. SFA1	4+_large	False	0	0											
CT354_CFFIHE_03684	GCA_024298805.1	Burkholderia sp. FXe9	3_large	True	0	0											
CT354_CFFIHE_03684	GCA_029762415.1	Burkholderia gladioli	2_large	False	0	0											
CT354_CFFIHE_03684	GCA_040954445.1	Burkholderia sp.	2_large	False	0	0											
CT354_CFFIHE_03684	GCA_048918525.1	Burkholderia gladioli	2_large	False	0	0											
CT354_CFFIHE_03684	GCA_051027405.1	Burkholderia stagnalis	2_large	False	0	0											
CT354_CFFIHE_03684	GCA_055387565.1	Burkholderia pseudomallei	2_large	False	0	0											
CT354_CFFIHE_03684	GCA_056494915.1	Paraburkholderia caledonica	4+_large	False	0	0											
CT354_CFFIHE_03684	GCA_059696275.1	Burkholderia sp. SJ1	1_large	False	0	0											
CT354_CFFIHE_03684	GCA_964417475.2	Burkholderia pseudomallei	2_large	False	0	0											
CT354_CFFIHE_03684	GCA_965199415.1	Burkholderia pseudomallei	2_large	False	0	0											
CT354_CFFIHE_03684	GCA_965199775.1	Burkholderia pseudomallei	2_large	False	0	0											
CT354_CFFIHE_03684	GCA_965217235.1	Burkholderia multivorans	2_large	False	0	0											
CT354_CFFIHE_03684	GCA_965217245.1	Burkholderia multivorans	2_large	False	0	0											
CT354_CFFIHE_03684	GCA_980298765.1	Burkholderia pseudomallei	2_large	False	0	0											
CT354_CFFIHE_03684	GCF_000009485.1	Burkholderia cenocepacia J2315	3_large	True	0	0											
CT354_CFFIHE_03684	GCF_000010545.1	Burkholderia multivorans ATCC 17616	3_large	True	0	0											
CT354_CFFIHE_03684	GCF_000011545.1	Burkholderia pseudomallei K96243	2_large	False	0	0											
CT354_CFFIHE_03684	GCF_000011705.1	Burkholderia mallei ATCC 23344	2_large	False	0	0											
CT354_CFFIHE_03684	GCF_000012365.1	Burkholderia thailandensis E264	2_large	False	0	0											
CT354_CFFIHE_03684	GCF_000012785.1	Burkholderia pseudomallei 1710b	2_large	False	0	0											
CT354_CFFIHE_03684	GCF_000012945.1	Burkholderia lata	3_large	True	0	0											
CT354_CFFIHE_03684	GCF_000013645.1	Paraburkholderia xenovorans LB400	3_large	False	0	0											
CT354_CFFIHE_03684	GCF_000015465.1	Burkholderia mallei SAVP1	2_large	False	0	0											
CT354_CFFIHE_03684	GCF_000015605.1	Burkholderia mallei NCTC 10229	2_large	False	0	0											
CT354_CFFIHE_03684	GCF_000015625.1	Burkholderia mallei NCTC 10247	2_large	False	0	0											
CT354_CFFIHE_03684	GCF_000015905.1	Burkholderia pseudomallei 668	2_large	False	0	0											
CT354_CFFIHE_03684	GCF_000015925.1	Burkholderia pseudomallei 1106a	2_large	False	0	0											
CT354_CFFIHE_03684	GCF_000016205.1	Burkholderia vietnamiensis G4	4+_large	True	0	0											
CT354_CFFIHE_03684	GCF_000018505.1	Burkholderia multivorans ATCC 17616	3_large	True	0	0											
CT354_CFFIHE_03684	GCF_000019505.1	Burkholderia orbicola MC0-3	3_large	True	0	0											
CT354_CFFIHE_03684	GCF_000019925.1	Burkholderia ambifaria MC40-6	4+_large	True	0	0											
CT354_CFFIHE_03684	GCF_000020045.1	Paraburkholderia phymatum STM815	4+_large	False	0	0											
CT354_CFFIHE_03684	GCF_000020125.1	Paraburkholderia phytofirmans PsJN	2_large	False	0	0											
CT354_CFFIHE_03684	GCF_000022645.2	Burkholderia glumae BGR1	2_large	False	0	0											
CT354_CFFIHE_03684	GCF_000092885.1	Paraburkholderia atlantica	4+_large	False	0	0											
CT354_CFFIHE_03684	GCF_000194745.1	Burkholderia gladioli BSR3	3_large	False	0	0											
CT354_CFFIHE_03684	GCF_000198775.1	Mycetohabitans rhizoxinica HKI 454	2_large	False	0	0											
CT354_CFFIHE_03684	GCF_000203915.1	Burkholderia ambifaria AMMD	3_large	True	0	0											
CT354_CFFIHE_03684	GCF_000203955.1	Burkholderia cenocepacia HI2424	3_large	True	0	0											
CT354_CFFIHE_03684	GCF_000236065.1	Burkholderia sp. YI23	4+_large	False	0	0											
CT354_CFFIHE_03684	GCF_000236215.2	Burkholderia cenocepacia H111	3_large	True	0	0											
CT354_CFFIHE_03684	GCF_000260515.1	Burkholderia pseudomallei 1026b	2_large	False	0	0											
CT354_CFFIHE_03684	GCF_000262695.1	Burkholderia sp. KJ006	3_large	True	0	0											
CT354_CFFIHE_03684	GCF_000292915.1	Burkholderia cepacia GG4	2_large	False	0	0											
CT354_CFFIHE_03684	GCF_000294635.1	Burkholderia pseudomallei BPC006	2_large	False	0	0											
CT354_CFFIHE_03684	GCF_000300095.1	Paraburkholderia phenoliruptrix BR3459a	3_large	False	0	0											
CT354_CFFIHE_03684	GCF_000385525.1	Burkholderia thailandensis MSMB121	2_large	False	0	0											
CT354_CFFIHE_03684	GCF_000402035.1	Caballeronia insecticola	4+_large	False	0	0											
CT354_CFFIHE_03684	GCF_000439695.1	Burkholderia pseudomallei MSHR305	2_large	False	0	0											
CT354_CFFIHE_03684	GCF_000494855.1	Burkholderia pseudomallei NCTC 13179	2_large	False	0	0											
CT354_CFFIHE_03684	GCF_000511895.1	Burkholderia pseudomallei NCTC 13178	2_large	False	0	0											
CT354_CFFIHE_03684	GCF_000511915.1	Burkholderia pseudomallei NAU20B-16	2_large	False	0	0											
CT354_CFFIHE_03684	GCF_000520895.1	Burkholderia pseudomallei MSHR511	2_large	False	0	0											
CT354_CFFIHE_03684	GCF_000521645.1	Burkholderia pseudomallei MSHR146	2_large	False	0	0											
CT354_CFFIHE_03684	GCF_000522545.2	Paraburkholderia caribensis MBA4	3_large	False	0	0											
CT354_CFFIHE_03684	GCF_000567905.1	Burkholderia thailandensis H0587	2_large	False	0	0											
CT354_CFFIHE_03684	GCF_000567925.1	Burkholderia thailandensis 2002721723	2_large	False	0	0											
CT354_CFFIHE_03684	GCF_000567945.1	Burkholderia thailandensis E444	2_large	False	0	0											
CT354_CFFIHE_03684	GCF_000583835.1	Burkholderia pseudomallei MSHR520	2_large	False	0	0											
CT354_CFFIHE_03684	GCF_000701165.1	Burkholderia cepacia JBK9	3_large	True	0	0											
CT354_CFFIHE_03684	GCF_000705535.2	Burkholderia seminalis	3_large	True	0	0											
CT354_CFFIHE_03684	GCF_000706745.1	Burkholderia thailandensis USAMRU Malaysia #20	2_large	False	0	0											
CT354_CFFIHE_03684	GCF_000755725.1	Burkholderia cenocepacia	3_large	True	0	0											
CT354_CFFIHE_03684	GCF_000755765.1	Burkholderia pseudomallei	2_large	False	0	0											
CT354_CFFIHE_03684	GCF_000755785.1	Burkholderia mallei	2_large	False	0	0											
CT354_CFFIHE_03684	GCF_000755805.1	Burkholderia cepacia	3_large	True	0	0											
CT354_CFFIHE_03684	GCF_000755825.1	Burkholderia pseudomallei	2_large	False	0	0											
CT354_CFFIHE_03684	GCF_000755845.1	Burkholderia mallei	2_large	False	0	0											
CT354_CFFIHE_03684	GCF_000755865.1	Burkholderia mallei	2_large	False	0	0											
CT354_CFFIHE_03684	GCF_000755885.1	Burkholderia mallei	2_large	False	0	0											
CT354_CFFIHE_03684	GCF_000755905.1	Burkholderia pseudomallei HBPUB10303a	2_large	False	0	0											
CT354_CFFIHE_03684	GCF_000755925.1	Burkholderia pseudomallei HBPUB10134a	2_large	False	0	0											
CT354_CFFIHE_03684	GCF_000755945.1	Burkholderia pseudomallei MSHR5858	2_large	False	0	0											
CT354_CFFIHE_03684	GCF_000755965.1	Burkholderia pseudomallei MSHR5848	2_large	False	0	0											
CT354_CFFIHE_03684	GCF_000755985.1	Burkholderia oklahomensis	2_large	False	0	0											
CT354_CFFIHE_03684	GCF_000756005.1	Burkholderia multivorans	3_large	True	0	0											
CT354_CFFIHE_03684	GCF_000756025.1	Burkholderia mallei	2_large	False	0	0											
CT354_CFFIHE_03684	GCF_000756045.1	Paraburkholderia xenovorans LB400	3_large	False	0	0											
CT354_CFFIHE_03684	GCF_000756065.1	Burkholderia pseudomallei MSHR5855	2_large	False	0	0											
CT354_CFFIHE_03684	GCF_000756085.1	Burkholderia pseudomallei	2_large	False	0	0											
CT354_CFFIHE_03684	GCF_000756125.1	Burkholderia pseudomallei	2_large	False	0	0											
CT354_CFFIHE_03684	GCF_000756145.1	Burkholderia pseudomallei	2_large	False	0	0											
CT354_CFFIHE_03684	GCF_000756165.1	Burkholderia pseudomallei	2_large	False	0	0											
CT354_CFFIHE_03684	GCF_000756185.1	Burkholderia pseudomallei 576	2_large	False	0	0											
CT354_CFFIHE_03684	GCF_000757015.2	Burkholderia pseudomallei	2_large	False	0	0											
CT354_CFFIHE_03684	GCF_000757035.2	Burkholderia pseudomallei Pasteur 52237	2_large	False	0	0											
CT354_CFFIHE_03684	GCF_000762285.1	Burkholderia mallei NCTC 10247	2_large	False	0	0											
CT354_CFFIHE_03684	GCF_000764575.1	Burkholderia pseudomallei NAU35A-3	2_large	False	0	0											
CT354_CFFIHE_03684	GCF_000764595.1	Burkholderia thailandensis MSMB59	2_large	False	0	0											
CT354_CFFIHE_03684	GCF_000764955.1	Burkholderia cenocepacia	3_large	True	0	0											
CT354_CFFIHE_03684	GCF_000765375.1	Burkholderia thailandensis E254	2_large	False	0	0											
CT354_CFFIHE_03684	GCF_000770395.1	Burkholderia pseudomallei MSHR62	2_large	False	0	0											
CT354_CFFIHE_03684	GCF_000770455.1	Burkholderia pseudomallei B03	2_large	False	0	0											
CT354_CFFIHE_03684	GCF_000770495.1	Burkholderia pseudomallei TSV 48	2_large	False	0	0											
CT354_CFFIHE_03684	GCF_000770515.1	Burkholderia pseudomallei K42	2_large	False	0	0											
CT354_CFFIHE_03684	GCF_000770535.1	Burkholderia pseudomallei A79A	2_large	False	0	0											
CT354_CFFIHE_03684	GCF_000770565.1	Burkholderia pseudomallei	2_large	False	0	0											
CT354_CFFIHE_03684	GCF_000808035.2	Burkholderia thailandensis	2_large	False	0	0											
CT354_CFFIHE_03684	GCF_000828875.1	Caballeronia cordobensis	4+_large	False	0	0											
CT354_CFFIHE_03684	GCF_000835205.1	Burkholderia plantarii	2_large	False	0	0											
CT354_CFFIHE_03684	GCF_000953095.1	Burkholderia pseudomallei	2_large	False	0	0											
CT354_CFFIHE_03684	GCF_000954175.1	Burkholderia pseudomallei	2_large	False	0	0											
CT354_CFFIHE_03684	GCF_000959125.1	Burkholderia pseudomallei 1026b	2_large	False	0	0											
CT354_CFFIHE_03684	GCF_000959145.1	Burkholderia pseudomallei 406e	2_large	False	0	0											
CT354_CFFIHE_03684	GCF_000959165.1	Burkholderia mallei	2_large	False	0	0											
CT354_CFFIHE_03684	GCF_000959185.1	Burkholderia pseudomallei MSHR840	2_large	False	0	0											
CT354_CFFIHE_03684	GCF_000959205.1	Burkholderia pseudomallei MSHR491	2_large	False	0	0											
CT354_CFFIHE_03684	GCF_000959225.1	Burkholderia pseudomallei MSHR2543	2_large	False	0	0											
CT354_CFFIHE_03684	GCF_000959245.1	Burkholderia ubonensis MSMB22	3_large	False	0	0											
CT354_CFFIHE_03684	GCF_000959265.1	Burkholderia pseudomallei 7894	2_large	False	0	0											
CT354_CFFIHE_03684	GCF_000959285.1	Burkholderia pseudomallei K96243	2_large	False	0	0											
CT354_CFFIHE_03684	GCF_000959305.1	Burkholderia pseudomallei	2_large	False	0	0											
CT354_CFFIHE_03684	GCF_000959325.1	Burkholderia humptydooensis	3_large	False	0	0											
CT354_CFFIHE_03684	GCF_000959345.1	Burkholderia pseudomallei PB08298010	2_large	False	0	0											
CT354_CFFIHE_03684	GCF_000959365.1	Burkholderia oklahomensis C6786	2_large	False	0	0											
CT354_CFFIHE_03684	GCF_000959405.1	Burkholderia mallei	2_large	False	0	0											
CT354_CFFIHE_03684	GCF_000959425.1	Burkholderia thailandensis 2002721643	2_large	False	0	0											
CT354_CFFIHE_03684	GCF_000959445.1	Burkholderia vietnamiensis LMG 10929	3_large	True	0	0											
CT354_CFFIHE_03684	GCF_000959465.1	Burkholderia mallei	2_large	False	0	0											
CT354_CFFIHE_03684	GCF_000959485.1	Burkholderia mallei	2_large	False	0	0											
CT354_CFFIHE_03684	GCF_000959505.1	Burkholderia dolosa AU0158	3_large	True	0	0											
CT354_CFFIHE_03684	GCF_000959525.1	Burkholderia multivorans ATCC BAA-247	3_large	True	0	0											
CT354_CFFIHE_03684	GCF_000959545.1	Burkholderia ambifaria AMMD	3_large	True	0	0											
CT354_CFFIHE_03684	GCF_000959605.1	Burkholderia thailandensis 34	3_large	False	0	0											
CT354_CFFIHE_03684	GCF_000959625.1	Burkholderia mallei	2_large	False	0	0											
CT354_CFFIHE_03684	GCF_000959725.1	Burkholderia gladioli	2_large	False	0	0											
CT354_CFFIHE_03684	GCF_000960995.1	Burkholderia glumae LMG 2196 = ATCC 33617	2_large	False	0	0											
CT354_CFFIHE_03684	GCF_000961515.1	Paraburkholderia fungorum	4+_large	False	0	0											
CT354_CFFIHE_03684	GCF_000974835.2	Burkholderia cepacia	1_large	False	0	0											
CT354_CFFIHE_03684	GCF_001028665.1	Burkholderia pyrrocinia	3_large	True	0	0											
CT354_CFFIHE_03684	GCF_001029145.1	Burkholderia contaminans	3_large	True	0	0											
CT354_CFFIHE_03684	GCF_001277875.1	Burkholderia pseudomallei	2_large	False	0	0											
CT354_CFFIHE_03684	GCF_001277895.1	Burkholderia pseudomallei	2_large	False	0	0											
CT354_CFFIHE_03684	GCF_001277975.1	Burkholderia pseudomallei	2_large	False	0	0											
CT354_CFFIHE_03684	GCF_001293045.1	Burkholderia sp. HB1	2_large	False	0	0											
CT354_CFFIHE_03684	GCF_001318245.1	Burkholderia pseudomallei	2_large	False	0	0											
CT354_CFFIHE_03684	GCF_001411495.1	Burkholderia cepacia ATCC 25416	3_large	True	0	0											
CT354_CFFIHE_03684	GCF_001411805.1	Burkholderia plantarii	2_large	False	0	0											
CT354_CFFIHE_03684	GCF_001449005.1	Paraburkholderia caribensis	4+_large	False	0	0											
CT354_CFFIHE_03684	GCF_001484665.1	Burkholderia cenocepacia	3_large	True	0	0											
CT354_CFFIHE_03684	GCF_001513745.1	Burkholderia humptydooensis	3_large	False	0	0											
CT354_CFFIHE_03684	GCF_001522105.2	Burkholderia oklahomensis EO147	2_large	False	0	0											
CT354_CFFIHE_03684	GCF_001522135.2	Burkholderia oklahomensis C6786	2_large	False	0	0											
CT354_CFFIHE_03684	GCF_001522585.2	Burkholderia sp. NRF60-BP8	3_large	True	0	0											
CT354_CFFIHE_03684	GCF_001522635.2	Burkholderia mayonis	2_large	False	0	0											
CT354_CFFIHE_03684	GCF_001523745.2	Burkholderia mayonis	2_large	False	0	0											
CT354_CFFIHE_03684	GCF_001523915.2	Burkholderia sp. LA-2-3-30-S1-D2	3_large	True	0	0											
CT354_CFFIHE_03684	GCF_001524445.2	Burkholderia savannae	3_large	False	0	0											
CT354_CFFIHE_03684	GCF_001524625.2	Burkholderia savannae	2_large	False	0	0											
CT354_CFFIHE_03684	GCF_001524645.2	Burkholderia sp. MSMB0856	3_large	True	0	0											
CT354_CFFIHE_03684	GCF_001532025.2	Burkholderia sp. MSMB617WGS	2_large	False	0	0											
CT354_CFFIHE_03684	GCF_001557535.2	Burkholderia sp. PAMC 26561	4+_large	False	0	0											
CT354_CFFIHE_03684	GCF_001577465.1	Burkholderia sp. PAMC 28687	3_large	False	0	0											
CT354_CFFIHE_03684	GCF_001606115.1	Burkholderia cenocepacia	3_large	True	0	0											
CT354_CFFIHE_03684	GCF_001606135.1	Burkholderia cenocepacia	2_large	True	0	0											
CT354_CFFIHE_03684	GCF_001611015.1	Paraburkholderia caribensis	3_large	False	0	0											
CT354_CFFIHE_03684	GCF_001634365.1	Paraburkholderia phytofirmans OLGA172	2_large	False	0	0											
CT354_CFFIHE_03684	GCF_001695715.1	Burkholderia pseudomallei	2_large	False	0	0											
CT354_CFFIHE_03684	GCF_001695735.1	Burkholderia pseudomallei	2_large	False	0	0											
CT354_CFFIHE_03684	GCF_001718295.1	Burkholderia thailandensis	2_large	False	0	0											
CT354_CFFIHE_03684	GCF_001718315.1	Burkholderia diffusa	3_large	True	0	0											
CT354_CFFIHE_03684	GCF_001718335.1	Burkholderia territorii	3_large	True	0	0											
CT354_CFFIHE_03684	GCF_001718355.1	Burkholderia ubonensis	3_large	True	0	0											
CT354_CFFIHE_03684	GCF_001718395.1	Burkholderia cepacia	2_large	False	0	0											
CT354_CFFIHE_03684	GCF_001718415.1	Burkholderia pseudomultivorans	2_large	False	0	0											
CT354_CFFIHE_03684	GCF_001718495.1	Burkholderia vietnamiensis	3_large	True	0	0											
CT354_CFFIHE_03684	GCF_001718515.1	Burkholderia cenocepacia	2_large	False	0	0											
CT354_CFFIHE_03684	GCF_001718535.1	Burkholderia seminalis	3_large	True	0	0											
CT354_CFFIHE_03684	GCF_001718555.1	Burkholderia metallica	3_large	True	0	0											
CT354_CFFIHE_03684	GCF_001718575.1	Burkholderia lata	3_large	True	0	0											
CT354_CFFIHE_03684	GCF_001718595.1	Burkholderia thailandensis	2_large	False	0	0											
CT354_CFFIHE_03684	GCF_001718615.1	Burkholderia thailandensis	2_large	False	0	0											
CT354_CFFIHE_03684	GCF_001718635.1	Burkholderia thailandensis	2_large	False	0	0											
CT354_CFFIHE_03684	GCF_001718655.1	Burkholderia ubonensis	2_large	False	0	0											
CT354_CFFIHE_03684	GCF_001718695.1	Burkholderia ubonensis	3_large	True	0	0											
CT354_CFFIHE_03684	GCF_001718755.1	Burkholderia multivorans	3_large	True	0	0											
CT354_CFFIHE_03684	GCF_001718775.1	Burkholderia vietnamiensis	2_large	True	0	0											
CT354_CFFIHE_03684	GCF_001718795.1	Burkholderia latens	3_large	True	0	0											
CT354_CFFIHE_03684	GCF_001718815.1	Burkholderia vietnamiensis	3_large	True	0	0											
CT354_CFFIHE_03684	GCF_001718835.1	Burkholderia cepacia	3_large	True	0	0											
CT354_CFFIHE_03684	GCF_001718855.1	Burkholderia ubonensis	3_large	True	0	0											
CT354_CFFIHE_03684	GCF_001718875.1	Burkholderia singularis	2_large	False	0	0											
CT354_CFFIHE_03684	GCF_001718895.1	Burkholderia cenocepacia	3_large	True	0	0											
CT354_CFFIHE_03684	GCF_001718915.1	Burkholderia vietnamiensis	3_large	True	0	0											
CT354_CFFIHE_03684	GCF_001718955.1	Burkholderia stagnalis	3_large	True	0	0											
CT354_CFFIHE_03684	GCF_001718975.1	Burkholderia ubonensis	3_large	True	0	0											
CT354_CFFIHE_03684	GCF_001718995.1	Burkholderia multivorans	3_large	True	0	0											
CT354_CFFIHE_03684	GCF_001729545.1	Burkholderia mallei	2_large	False	0	0											
CT354_CFFIHE_03684	GCF_001742165.1	Burkholderia stabilis	3_large	True	0	0											
CT354_CFFIHE_03684	GCF_001865575.2	Paraburkholderia sprentiae WSM5005	4+_large	False	0	0											
CT354_CFFIHE_03684	GCF_001885195.1	Burkholderia pseudomallei	2_large	False	0	0											
CT354_CFFIHE_03684	GCF_001887555.1	Burkholderia pseudomallei	2_large	False	0	0											
CT354_CFFIHE_03684	GCF_001887575.1	Burkholderia pseudomallei	2_large	False	0	0											
CT354_CFFIHE_03684	GCF_001922345.1	Paraburkholderia sp. SOS3	2_large	False	0	0											
CT354_CFFIHE_03684	GCF_001975065.1	Burkholderia pseudomallei	2_large	False	0	0											
CT354_CFFIHE_03684	GCF_001975085.1	Burkholderia pseudomallei	2_large	False	0	0											
CT354_CFFIHE_03684	GCF_001975105.1	Burkholderia pseudomallei	2_large	False	0	0											
CT354_CFFIHE_03684	GCF_001975125.1	Burkholderia pseudomallei	2_large	False	0	0											
CT354_CFFIHE_03684	GCF_001975145.1	Burkholderia pseudomallei	2_large	False	0	0											
CT354_CFFIHE_03684	GCF_001980585.2	Burkholderia pseudomallei	2_large	False	0	0											
CT354_CFFIHE_03684	GCF_001999785.1	Burkholderia cenocepacia	1_large	False	0	0											
CT354_CFFIHE_03684	GCF_001999825.1	Burkholderia cenocepacia	2_large	True	0	0											
CT354_CFFIHE_03684	GCF_001999885.1	Burkholderia cenocepacia	3_large	True	0	0											
CT354_CFFIHE_03684	GCF_002007585.1	Burkholderia cenocepacia	3_large	True	0	0											
CT354_CFFIHE_03684	GCF_002097715.1	Burkholderia ubonensis subsp. mesacidophila	3_large	False	0	0											
CT354_CFFIHE_03684	GCF_002110945.1	Burkholderia pseudomallei	2_large	False	0	0											
CT354_CFFIHE_03684	GCF_002110965.1	Burkholderia pseudomallei	2_large	False	0	0											
CT354_CFFIHE_03684	GCF_002111005.1	Burkholderia pseudomallei	2_large	False	0	0											
CT354_CFFIHE_03684	GCF_002111025.1	Burkholderia pseudomallei	2_large	False	0	0											
CT354_CFFIHE_03684	GCF_002111045.1	Burkholderia pseudomallei	2_large	False	0	0											
CT354_CFFIHE_03684	GCF_002111085.1	Burkholderia pseudomallei	2_large	False	0	0											
CT354_CFFIHE_03684	GCF_002111105.1	Burkholderia pseudomallei	2_large	False	0	0											
CT354_CFFIHE_03684	GCF_002111125.1	Burkholderia pseudomallei	2_large	False	0	0											
CT354_CFFIHE_03684	GCF_002111145.1	Burkholderia pseudomallei	2_large	False	0	0											
CT354_CFFIHE_03684	GCF_002111165.1	Burkholderia pseudomallei	2_large	False	0	0											
CT354_CFFIHE_03684	GCF_002111205.1	Burkholderia pseudomallei	2_large	False	0	0											
CT354_CFFIHE_03684	GCF_002111225.1	Burkholderia pseudomallei	2_large	False	0	0											
CT354_CFFIHE_03684	GCF_002111245.1	Burkholderia pseudomallei	2_large	False	0	0											
CT354_CFFIHE_03684	GCF_002111265.1	Burkholderia pseudomallei	2_large	False	0	0											
CT354_CFFIHE_03684	GCF_002111285.1	Burkholderia pseudomallei	2_large	False	0	0											
CT354_CFFIHE_03684	GCF_002111305.1	Burkholderia pseudomallei	2_large	False	0	0											
CT354_CFFIHE_03684	GCF_002111325.1	Burkholderia pseudomallei	2_large	False	0	0											
CT354_CFFIHE_03684	GCF_002111345.1	Burkholderia pseudomallei	2_large	False	0	0											
CT354_CFFIHE_03684	GCF_002111365.1	Burkholderia pseudomallei	2_large	False	0	0											
CT354_CFFIHE_03684	GCF_002111385.1	Burkholderia pseudomallei	2_large	False	0	0											
CT354_CFFIHE_03684	GCF_002208175.1	Burkholderia gladioli pv. gladioli	2_large	False	0	0											
CT354_CFFIHE_03684	GCF_002209085.2	Burkholderia cepacia	3_large	True	0	0											
CT354_CFFIHE_03684	GCF_002278075.1	Paraburkholderia aromaticivorans	4+_large	False	0	0											
CT354_CFFIHE_03684	GCF_002345985.1	Burkholderia mallei	2_large	False	0	0											
CT354_CFFIHE_03684	GCF_002346005.1	Burkholderia mallei	2_large	False	0	0											
CT354_CFFIHE_03684	GCF_002346025.1	Burkholderia mallei	2_large	False	0	0											
CT354_CFFIHE_03684	GCF_002346045.1	Burkholderia mallei	2_large	False	0	0											
CT354_CFFIHE_03684	GCF_002346065.1	Burkholderia mallei	2_large	False	0	0											
CT354_CFFIHE_03684	GCF_002346085.1	Burkholderia mallei	2_large	False	0	0											
CT354_CFFIHE_03684	GCF_002346105.1	Burkholderia mallei	2_large	False	0	0											
CT354_CFFIHE_03684	GCF_002346125.1	Burkholderia mallei	2_large	False	0	0											
CT354_CFFIHE_03684	GCF_002346145.1	Burkholderia mallei	2_large	False	0	0											
CT354_CFFIHE_03684	GCF_002346165.1	Burkholderia mallei	2_large	False	0	0											
CT354_CFFIHE_03684	GCF_002346185.1	Burkholderia mallei	2_large	False	0	0											
CT354_CFFIHE_03684	GCF_002346205.1	Burkholderia mallei	2_large	False	0	0											
CT354_CFFIHE_03684	GCF_002356275.1	Burkholderia stabilis	3_large	True	0	0											
CT354_CFFIHE_03684	GCF_002386205.1	Burkholderia thailandensis	2_large	False	0	0											
CT354_CFFIHE_03684	GCF_002393425.1	Burkholderia gladioli pv. gladioli	2_large	False	0	0											
CT354_CFFIHE_03684	GCF_002407525.2	Burkholderia cepacia	3_large	True	0	0											
CT354_CFFIHE_03684	GCF_002843645.1	Burkholderia pseudomallei	2_large	False	0	0											
CT354_CFFIHE_03684	GCF_002860065.1	Burkholderia pseudomallei	2_large	False	0	0											
CT354_CFFIHE_03684	GCF_002902925.1	Paraburkholderia terrae	4+_large	False	0	0											
CT354_CFFIHE_03684	GCF_002902945.1	Paraburkholderia caribensis	4+_large	False	0	0											
CT354_CFFIHE_03684	GCF_002902965.1	Paraburkholderia hospita	4+_large	False	0	0											
CT354_CFFIHE_03684	GCF_003019945.1	Burkholderia vietnamiensis	3_large	True	0	0											
CT354_CFFIHE_03684	GCF_003019965.1	Burkholderia multivorans	3_large	True	0	0											
CT354_CFFIHE_03684	GCF_003020025.1	Burkholderia thailandensis	2_large	False	0	0											
CT354_CFFIHE_03684	GCF_003020185.1	Burkholderia thailandensis	2_large	False	0	0											
CT354_CFFIHE_03684	GCF_003076415.1	Burkholderia cenocepacia	3_large	True	0	0											
CT354_CFFIHE_03684	GCF_003233675.1	Burkholderia sp. JP2-270	4+_large	True	0	0											
CT354_CFFIHE_03684	GCF_003286395.1	Paraburkholderia dokdonensis	2_large	False	0	0											
CT354_CFFIHE_03684	GCF_003330745.1	Paraburkholderia caledonica	3_large	False	0	0											
CT354_CFFIHE_03684	GCF_003330765.1	Burkholderia pyrrocinia	3_large	True	0	0											
CT354_CFFIHE_03684	GCF_003330785.1	Paraburkholderia graminis	3_large	False	0	0											
CT354_CFFIHE_03684	GCF_003330805.1	Paraburkholderia hospita	4+_large	False	0	0											
CT354_CFFIHE_03684	GCF_003330825.1	Paraburkholderia terricola	2_large	False	0	0											
CT354_CFFIHE_03684	GCF_003366075.1	Burkholderia sp. IDO3	4+_large	True	0	0											
CT354_CFFIHE_03684	GCF_003368325.1	Paraburkholderia caffeinilytica	2_large	False	0	0											
CT354_CFFIHE_03684	GCF_003445415.1	Burkholderia pseudomallei	2_large	False	0	0											
CT354_CFFIHE_03684	GCF_003546465.1	Burkholderia cepacia ATCC 25416	3_large	True	0	0											
CT354_CFFIHE_03684	GCF_003547015.1	Burkholderia pseudomallei	2_large	False	0	0											
CT354_CFFIHE_03684	GCF_003547035.1	Burkholderia pseudomallei	2_large	False	0	0											
CT354_CFFIHE_03684	GCF_003547055.1	Burkholderia pseudomallei	2_large	False	0	0											
CT354_CFFIHE_03684	GCF_003568605.1	Burkholderia thailandensis E264	2_large	False	0	0											
CT354_CFFIHE_03684	GCF_003606245.1	Burkholderia pseudomallei	2_large	False	0	0											
CT354_CFFIHE_03684	GCF_003613595.1	Burkholderia gladioli pv. gladioli	2_large	False	0	0											
CT354_CFFIHE_03684	GCF_003614815.1	Burkholderia thailandensis	2_large	False	0	0											
CT354_CFFIHE_03684	GCF_003614835.1	Burkholderia thailandensis	2_large	False	0	0											
CT354_CFFIHE_03684	GCF_003704285.1	Burkholderia contaminans	3_large	True	0	0											
CT354_CFFIHE_03684	GCF_003711145.1	Burkholderia lata	3_large	True	0	0											
CT354_CFFIHE_03684	GCF_003713105.1	Burkholderia gladioli	2_large	False	0	0											
CT354_CFFIHE_03684	GCF_003798245.1	Burkholderia pseudomallei	2_large	False	0	0											
CT354_CFFIHE_03684	GCF_003798265.1	Burkholderia pseudomallei	2_large	False	0	0											
CT354_CFFIHE_03684	GCF_003798365.1	Burkholderia pseudomallei	2_large	False	0	0											
CT354_CFFIHE_03684	GCF_003812365.1	Burkholderia multivorans	3_large	True	0	0											
CT354_CFFIHE_03684	GCF_003812585.1	Burkholderia multivorans	3_large	False	0	0											
CT354_CFFIHE_03684	GCF_003812965.1	Burkholderia multivorans	3_large	True	0	0											
CT354_CFFIHE_03684	GCF_003813045.1	Burkholderia dolosa	3_large	True	0	0											
CT354_CFFIHE_03684	GCF_003966315.1	Burkholderia cenocepacia	3_large	True	0	0											
CT354_CFFIHE_03684	GCF_004323015.1	Burkholderia pseudomallei	2_large	False	0	0											
CT354_CFFIHE_03684	GCF_004323035.1	Burkholderia pseudomallei	2_large	False	0	0											
CT354_CFFIHE_03684	GCF_004348055.1	Burkholderia pseudomallei	2_large	False	0	0											
CT354_CFFIHE_03684	GCF_004348075.1	Burkholderia pseudomallei	2_large	False	0	0											
CT354_CFFIHE_03684	GCF_004367665.1	Burkholderia pseudomallei	2_large	False	0	0											
CT354_CFFIHE_03684	GCF_004367685.1	Burkholderia pseudomallei	2_large	False	0	0											
CT354_CFFIHE_03684	GCF_004367705.1	Burkholderia pseudomallei	2_large	False	0	0											
CT354_CFFIHE_03684	GCF_004367725.1	Burkholderia pseudomallei	2_large	False	0	0											
CT354_CFFIHE_03684	GCF_004526325.1	Burkholderia pseudomallei	2_large	False	0	0											
CT354_CFFIHE_03684	GCF_004842085.1	Burkholderia pseudomallei	2_large	False	0	0											
CT354_CFFIHE_03684	GCF_005280735.1	Trinickia violacea	2_large	False	0	0											
CT354_CFFIHE_03684	GCF_005853645.1	Burkholderia pseudomallei	2_large	False	0	0											
CT354_CFFIHE_03684	GCF_005862325.1	Burkholderia pseudomallei	2_large	False	0	0											
CT354_CFFIHE_03684	GCF_005937855.2	Burkholderia sp. KBS0801	3_large	True	0	0											
CT354_CFFIHE_03684	GCF_006094315.1	Burkholderia cepacia ATCC 25416	3_large	True	0	0											
CT354_CFFIHE_03684	GCF_007556815.1	Paraburkholderia megapolitana	2_large	False	0	0											
CT354_CFFIHE_03684	GCF_007724625.1	Burkholderia contaminans	3_large	True	0	0											
CT354_CFFIHE_03684	GCF_008693485.1	Burkholderia multivorans	3_large	True	0	0											
CT354_CFFIHE_03684	GCF_008693525.1	Burkholderia multivorans	3_large	True	0	0											
CT354_CFFIHE_03684	GCF_008728255.1	Burkholderia pseudomallei	2_large	False	0	0											
CT354_CFFIHE_03684	GCF_008728275.1	Burkholderia pseudomallei	2_large	False	0	0											
CT354_CFFIHE_03684	GCF_008728295.1	Burkholderia pseudomallei	2_large	False	0	0											
CT354_CFFIHE_03684	GCF_008728315.1	Burkholderia pseudomallei	2_large	False	0	0											
CT354_CFFIHE_03684	GCF_008728335.1	Burkholderia pseudomallei	2_large	False	0	0											
CT354_CFFIHE_03684	GCF_008728355.1	Burkholderia pseudomallei	2_large	False	0	0											
CT354_CFFIHE_03684	GCF_008728375.1	Burkholderia pseudomallei	2_large	False	0	0											
CT354_CFFIHE_03684	GCF_009191525.1	Burkholderia contaminans	3_large	True	0	0											
CT354_CFFIHE_03684	GCF_009578005.1	Burkholderia glumae	2_large	False	0	0											
CT354_CFFIHE_03684	GCF_009586235.1	Burkholderia cepacia	3_large	True	0	0											
CT354_CFFIHE_03684	GCF_009730035.1	Burkholderia multivorans	3_large	True	0	0											
CT354_CFFIHE_03684	GCF_009730175.1	Burkholderia multivorans	3_large	True	0	0											
CT354_CFFIHE_03684	GCF_009730195.1	Burkholderia multivorans	3_large	True	0	0											
CT354_CFFIHE_03684	GCF_009749345.1	Burkholderia pseudomallei	2_large	False	0	0											
CT354_CFFIHE_03684	GCF_009755625.1	Burkholderia contaminans	3_large	True	0	0											
CT354_CFFIHE_03684	GCF_009789655.1	Paraburkholderia acidiphila	4+_large	False	0	0											
CT354_CFFIHE_03684	GCF_009789675.1	Paraburkholderia acidisoli	4+_large	False	0	0											
CT354_CFFIHE_03684	GCF_009857095.1	Burkholderia glumae AU6208	2_large	False	0	0											
CT354_CFFIHE_03684	GCF_009931375.1	Burkholderia glumae	2_large	False	0	0											
CT354_CFFIHE_03684	GCF_009938265.1	Burkholderia sp. THE68	4+_large	False	0	0											
CT354_CFFIHE_03684	GCF_011039955.1	Caballeronia sp. SBC2	4+_large	False	0	0											
CT354_CFFIHE_03684	GCF_011493005.1	Caballeronia sp. SBC1	4+_large	False	0	0											
CT354_CFFIHE_03684	GCF_011578485.1	Burkholderia thailandensis	2_large	False	0	0											
CT354_CFFIHE_03684	GCF_012689525.1	Paraburkholderia aromaticivorans	3_large	False	0	0											
CT354_CFFIHE_03684	GCF_012974245.1	Burkholderia glumae	2_large	False	0	0											
CT354_CFFIHE_03684	GCF_013122645.1	Burkholderia glumae	2_large	False	0	0											
CT354_CFFIHE_03684	GCF_013307145.1	Burkholderia glumae	2_large	False	0	0											
CT354_CFFIHE_03684	GCF_013307165.1	Burkholderia glumae	2_large	False	0	0											
CT354_CFFIHE_03684	GCF_013378095.1	Paraburkholderia caribensis	3_large	False	0	0											
CT354_CFFIHE_03684	GCF_013426895.1	Paraburkholderia largidicola	4+_large	False	0	0											
CT354_CFFIHE_03684	GCF_013426915.1	Paraburkholderia sp. PGU19	4+_large	False	0	0											
CT354_CFFIHE_03684	GCF_013822785.1	Burkholderia sp. MBR-1	4+_large	True	0	0											
CT354_CFFIHE_03684	GCF_014171495.1	Paraburkholderia tropica	4+_large	False	0	0											
CT354_CFFIHE_03684	GCF_014211915.1	Burkholderia cenocepacia	3_large	True	0	0											
CT354_CFFIHE_03684	GCF_014263355.1	Burkholderia gladioli	2_large	False	0	0											
CT354_CFFIHE_03684	GCF_014357995.1	Burkholderia cenocepacia	3_large	True	0	0											
CT354_CFFIHE_03684	GCF_014854795.1	Burkholderia cepacia	3_large	True	0	0											
CT354_CFFIHE_03684	GCF_016026055.1	Burkholderia glumae	2_large	False	0	0											
CT354_CFFIHE_03684	GCF_016027435.1	Burkholderia oklahomensis	2_large	False	0	0											
CT354_CFFIHE_03684	GCF_016027455.1	Burkholderia humptydooensis	3_large	False	0	0											
CT354_CFFIHE_03684	GCF_016127755.1	Burkholderia ambifaria	3_large	True	0	0											
CT354_CFFIHE_03684	GCF_016128195.1	Paraburkholderia ginsengisoli	2_large	False	0	0											
CT354_CFFIHE_03684	GCF_016458785.1	Burkholderia ambifaria	2_large	False	0	0											
CT354_CFFIHE_03684	GCF_016458805.1	Burkholderia anthina	2_large	False	0	0											
CT354_CFFIHE_03684	GCF_016598875.1	Burkholderia glumae	2_large	False	0	0											
CT354_CFFIHE_03684	GCF_016698705.1	Burkholderia gladioli	2_large	False	0	0											
CT354_CFFIHE_03684	GCF_016774495.1	Burkholderia thailandensis	3_large	False	0	0											
CT354_CFFIHE_03684	GCF_016864355.1	Burkholderia pseudomallei	2_large	False	0	0											
CT354_CFFIHE_03684	GCF_016889205.1	Burkholderia dolosa	3_large	True	0	0											
CT354_CFFIHE_03684	GCF_016899425.1	Burkholderia sp. MS389	3_large	True	1	1	1	98.6	100.0	682	0.0	NZ_CP045996.1	1180421	3	2867	588652	597255
CT354_CFFIHE_03684	GCF_016899445.1	Burkholderia sp. MS455	3_large	True	0	0											
CT354_CFFIHE_03684	GCF_017165175.1	Burkholderia multivorans	3_large	True	0	0											
CT354_CFFIHE_03684	GCF_017165195.1	Burkholderia multivorans	3_large	True	0	0											
CT354_CFFIHE_03684	GCF_017165475.1	Burkholderia multivorans	3_large	True	0	0											
CT354_CFFIHE_03684	GCF_017165495.1	Burkholderia multivorans	3_large	True	0	0											
CT354_CFFIHE_03684	GCF_017165515.1	Burkholderia multivorans	3_large	True	0	0											
CT354_CFFIHE_03684	GCF_017165535.1	Burkholderia multivorans	3_large	True	0	0											
CT354_CFFIHE_03684	GCF_017165555.1	Burkholderia multivorans	3_large	True	0	0											
CT354_CFFIHE_03684	GCF_017220215.1	Caballeronia sp. M1242	4+_large	False	0	0											
CT354_CFFIHE_03684	GCF_017378155.1	Burkholderia pseudomallei	2_large	False	0	0											
CT354_CFFIHE_03684	GCF_017378195.1	Burkholderia pseudomallei	2_large	False	0	0											
CT354_CFFIHE_03684	GCF_017378235.1	Burkholderia pseudomallei	2_large	False	0	0											
CT354_CFFIHE_03684	GCF_017378275.1	Burkholderia pseudomallei	2_large	False	0	0											
CT354_CFFIHE_03684	GCF_017378315.2	Burkholderia pseudomallei	2_large	False	0	0											
CT354_CFFIHE_03684	GCF_017378355.1	Burkholderia pseudomallei	2_large	False	0	0											
CT354_CFFIHE_03684	GCF_017378435.1	Burkholderia pseudomallei	2_large	False	0	0											
CT354_CFFIHE_03684	GCF_017514945.1	Burkholderia anthina	3_large	True	0	0											
CT354_CFFIHE_03684	GCF_017815595.1	Burkholderia latens	2_large	False	0	0											
CT354_CFFIHE_03684	GCF_017815615.1	Burkholderia latens	3_large	True	0	0											
CT354_CFFIHE_03684	GCF_017858835.1	Burkholderia glumae	2_large	False	0	0											
CT354_CFFIHE_03684	GCF_018223765.1	Burkholderia cenocepacia	3_large	True	0	0											
CT354_CFFIHE_03684	GCF_018223785.1	Burkholderia contaminans	4+_large	True	0	0											
CT354_CFFIHE_03684	GCF_018223805.1	Burkholderia cenocepacia	3_large	True	0	0											
CT354_CFFIHE_03684	GCF_018228345.1	Burkholderia pseudomallei	2_large	False	0	0											
CT354_CFFIHE_03684	GCF_018228385.1	Burkholderia pseudomallei	2_large	False	0	0											
CT354_CFFIHE_03684	GCF_018228525.1	Burkholderia pseudomallei	2_large	False	0	0											
CT354_CFFIHE_03684	GCF_018228545.1	Burkholderia pseudomallei	2_large	False	0	0											
CT354_CFFIHE_03684	GCF_018228565.1	Burkholderia pseudomallei	2_large	False	0	0											
CT354_CFFIHE_03684	GCF_018228585.1	Burkholderia pseudomallei	2_large	False	0	0											
CT354_CFFIHE_03684	GCF_018228605.1	Burkholderia pseudomallei	2_large	False	0	0											
CT354_CFFIHE_03684	GCF_018228625.1	Burkholderia cenocepacia	3_large	True	0	0											
CT354_CFFIHE_03684	GCF_018408855.1	Caballeronia sp. NK8	4+_large	False	0	0											
CT354_CFFIHE_03684	GCF_018417535.1	Burkholderia pyrrocinia	3_large	True	0	0											
CT354_CFFIHE_03684	GCF_018771365.1	Burkholderia pseudomallei	2_large	False	0	0											
CT354_CFFIHE_03684	GCF_019428685.1	Paraburkholderia edwinii	2_large	False	0	0											
CT354_CFFIHE_03684	GCF_019915365.1	Burkholderia contaminans	3_large	True	0	0											
CT354_CFFIHE_03684	GCF_019930785.1	Burkholderia dolosa	3_large	True	0	0											
CT354_CFFIHE_03684	GCF_020099355.1	Burkholderia vietnamiensis	3_large	True	0	0											
CT354_CFFIHE_03684	GCF_020544345.1	Paraburkholderia caribensis	3_large	False	0	0											
CT354_CFFIHE_03684	GCF_020736245.1	Burkholderia dolosa	3_large	True	0	0											
CT354_CFFIHE_03684	GCF_020843905.1	Burkholderia ambifaria	3_large	True	0	0											
CT354_CFFIHE_03684	GCF_020843925.1	Burkholderia ambifaria	3_large	True	0	0											
CT354_CFFIHE_03684	GCF_020843945.1	Burkholderia sp. B21-007	3_large	True	0	0											
CT354_CFFIHE_03684	GCF_020843965.1	Burkholderia sp. B21-005	3_large	True	0	0											
CT354_CFFIHE_03684	GCF_020843985.1	Burkholderia ambifaria	3_large	True	0	0											
CT354_CFFIHE_03684	GCF_020885575.1	Paraburkholderia terrae	4+_large	False	0	0											
CT354_CFFIHE_03684	GCF_021344035.2	Burkholderia cepacia	3_large	True	0	0											
CT354_CFFIHE_03684	GCF_021484945.1	Burkholderia cepacia	3_large	True	0	0											
CT354_CFFIHE_03684	GCF_021535065.1	Burkholderia cenocepacia	3_large	True	0	0											
CT354_CFFIHE_03684	GCF_021899435.1	Burkholderia aenigmatica	4+_large	True	0	0											
CT354_CFFIHE_03684	GCF_022213445.1	Burkholderia vietnamiensis	3_large	True	0	0											
CT354_CFFIHE_03684	GCF_022533485.1	Burkholderia contaminans	3_large	True	0	0											
CT354_CFFIHE_03684	GCF_022809715.1	Burkholderia pyrrocinia	3_large	True	0	0											
CT354_CFFIHE_03684	GCF_022879575.1	Caballeronia sp. SL2Y3	4+_large	False	0	0											
CT354_CFFIHE_03684	GCF_022879595.1	Caballeronia sp. Lep1P3	4+_large	False	0	0											
CT354_CFFIHE_03684	GCF_022879615.1	Caballeronia grimmiae	4+_large	False	0	0											
CT354_CFFIHE_03684	GCF_022879815.1	Caballeronia zhejiangensis	4+_large	False	0	0											
CT354_CFFIHE_03684	GCF_023053515.1	Burkholderia cepacia	3_large	True	0	0											
CT354_CFFIHE_03684	GCF_023169865.1	Paraburkholderia terrae	4+_large	False	0	0											
CT354_CFFIHE_03684	GCF_023170545.1	Caballeronia sp. Sq4a	4+_large	False	0	0											
CT354_CFFIHE_03684	GCF_023373625.1	Burkholderia multivorans	3_large	True	0	0											
CT354_CFFIHE_03684	GCF_023373645.1	Burkholderia multivorans	3_large	True	0	0											
CT354_CFFIHE_03684	GCF_023373665.1	Burkholderia multivorans	3_large	True	0	0											
CT354_CFFIHE_03684	GCF_023373685.1	Burkholderia multivorans	3_large	True	0	0											
CT354_CFFIHE_03684	GCF_023373725.1	Burkholderia vietnamiensis	3_large	True	0	0											
CT354_CFFIHE_03684	GCF_023374315.1	Burkholderia multivorans	3_large	True	0	0											
CT354_CFFIHE_03684	GCF_023374335.1	Burkholderia cenocepacia	3_large	True	0	0											
CT354_CFFIHE_03684	GCF_023374355.1	Burkholderia multivorans	3_large	True	0	0											
CT354_CFFIHE_03684	GCF_023374375.1	Burkholderia multivorans	3_large	True	0	0											
CT354_CFFIHE_03684	GCF_023374395.1	Burkholderia multivorans	3_large	True	0	0											
CT354_CFFIHE_03684	GCF_023374415.1	Burkholderia multivorans	3_large	True	0	0											
CT354_CFFIHE_03684	GCF_023374435.1	Burkholderia multivorans	3_large	True	0	0											
CT354_CFFIHE_03684	GCF_023374455.1	Burkholderia multivorans	3_large	True	0	0											
CT354_CFFIHE_03684	GCF_023374475.1	Burkholderia cepacia	2_large	False	0	0											
CT354_CFFIHE_03684	GCF_023374495.1	Burkholderia multivorans	3_large	True	0	0											
CT354_CFFIHE_03684	GCF_023374515.1	Burkholderia multivorans	3_large	True	0	0											
CT354_CFFIHE_03684	GCF_023374535.1	Burkholderia multivorans	3_large	True	0	0											
CT354_CFFIHE_03684	GCF_023374575.1	Burkholderia multivorans	3_large	True	0	0											
CT354_CFFIHE_03684	GCF_023374595.1	Burkholderia multivorans	3_large	True	0	0											
CT354_CFFIHE_03684	GCF_023374615.1	Burkholderia multivorans	3_large	True	0	0											
CT354_CFFIHE_03684	GCF_023374635.1	Burkholderia multivorans	3_large	True	0	0											
CT354_CFFIHE_03684	GCF_023374655.1	Burkholderia multivorans	3_large	True	0	0											
CT354_CFFIHE_03684	GCF_023374675.1	Burkholderia cepacia	3_large	True	0	0											
CT354_CFFIHE_03684	GCF_023374695.1	Burkholderia multivorans	3_large	True	0	0											
CT354_CFFIHE_03684	GCF_023374715.1	Burkholderia cepacia	3_large	True	0	0											
CT354_CFFIHE_03684	GCF_023374735.1	Burkholderia multivorans	3_large	True	0	0											
CT354_CFFIHE_03684	GCF_023374755.1	Burkholderia multivorans	3_large	True	0	0											
CT354_CFFIHE_03684	GCF_023374775.1	Burkholderia multivorans	3_large	True	0	0											
CT354_CFFIHE_03684	GCF_023374795.1	Burkholderia multivorans	3_large	True	0	0											
CT354_CFFIHE_03684	GCF_023374815.1	Burkholderia multivorans	3_large	True	0	0											
CT354_CFFIHE_03684	GCF_023374835.1	Burkholderia cenocepacia	3_large	True	0	0											
CT354_CFFIHE_03684	GCF_023374855.1	Burkholderia cenocepacia	3_large	True	0	0											
CT354_CFFIHE_03684	GCF_023374875.1	Burkholderia multivorans	3_large	True	0	0											
CT354_CFFIHE_03684	GCF_023374895.1	Burkholderia multivorans	2_large	False	0	0											
CT354_CFFIHE_03684	GCF_023658595.1	Burkholderia gladioli	2_large	False	0	0											
CT354_CFFIHE_03684	GCF_024022955.1	Burkholderia glumae	2_large	False	0	0											
CT354_CFFIHE_03684	GCF_024072595.1	Paraburkholderia fungorum	3_large	False	0	0											
CT354_CFFIHE_03684	GCF_024072715.1	Paraburkholderia fungorum	3_large	False	0	0											
CT354_CFFIHE_03684	GCF_024123895.1	Paraburkholderia fungorum	3_large	False	0	0											
CT354_CFFIHE_03684	GCF_024381035.2	Burkholderia arboris	3_large	True	0	0											
CT354_CFFIHE_03684	GCF_024600575.1	Burkholderia cepacia	3_large	True	0	0											
CT354_CFFIHE_03684	GCF_024661975.1	Burkholderia contaminans	3_large	True	0	0											
CT354_CFFIHE_03684	GCF_024662395.1	Burkholderia glumae	2_large	False	0	0											
CT354_CFFIHE_03684	GCF_024662415.1	Burkholderia glumae	2_large	False	0	0											
CT354_CFFIHE_03684	GCF_024662435.1	Burkholderia glumae	2_large	False	0	0											
CT354_CFFIHE_03684	GCF_024662455.1	Burkholderia glumae	2_large	False	0	0											
CT354_CFFIHE_03684	GCF_024662475.1	Burkholderia glumae	2_large	False	0	0											
CT354_CFFIHE_03684	GCF_024662615.1	Burkholderia glumae	2_large	False	0	0											
CT354_CFFIHE_03684	GCF_024662735.1	Burkholderia glumae	2_large	False	0	0											
CT354_CFFIHE_03684	GCF_024662895.1	Burkholderia glumae	2_large	False	0	0											
CT354_CFFIHE_03684	GCF_024663015.1	Burkholderia glumae	2_large	False	0	0											
CT354_CFFIHE_03684	GCF_024663135.1	Burkholderia glumae	2_large	False	0	0											
CT354_CFFIHE_03684	GCF_024663255.1	Burkholderia glumae	2_large	False	0	0											
CT354_CFFIHE_03684	GCF_024663375.1	Burkholderia glumae	2_large	False	0	0											
CT354_CFFIHE_03684	GCF_024663615.1	Burkholderia glumae	2_large	False	0	0											
CT354_CFFIHE_03684	GCF_024663775.1	Burkholderia glumae	2_large	False	0	0											
CT354_CFFIHE_03684	GCF_024663895.1	Burkholderia glumae	2_large	False	0	0											
CT354_CFFIHE_03684	GCF_024663975.1	Burkholderia glumae	2_large	False	0	0											
CT354_CFFIHE_03684	GCF_024663995.1	Burkholderia glumae	2_large	False	0	0											
CT354_CFFIHE_03684	GCF_024664015.1	Burkholderia glumae	2_large	False	0	0											
CT354_CFFIHE_03684	GCF_024664035.1	Burkholderia glumae	2_large	False	0	0											
CT354_CFFIHE_03684	GCF_024664055.1	Burkholderia glumae	2_large	False	0	0											
CT354_CFFIHE_03684	GCF_024664075.1	Burkholderia glumae	2_large	False	0	0											
CT354_CFFIHE_03684	GCF_024664095.1	Burkholderia glumae	2_large	False	0	0											
CT354_CFFIHE_03684	GCF_024664115.1	Burkholderia glumae	2_large	False	0	0											
CT354_CFFIHE_03684	GCF_024664135.1	Burkholderia glumae	3_large	False	0	0											
CT354_CFFIHE_03684	GCF_024664155.1	Burkholderia glumae	2_large	False	0	0											
CT354_CFFIHE_03684	GCF_024664175.1	Burkholderia glumae	2_large	False	0	0											
CT354_CFFIHE_03684	GCF_024664195.1	Burkholderia glumae	2_large	False	0	0											
CT354_CFFIHE_03684	GCF_024664215.1	Burkholderia glumae	2_large	False	0	0											
CT354_CFFIHE_03684	GCF_024664235.1	Burkholderia glumae	2_large	False	0	0											
CT354_CFFIHE_03684	GCF_024664255.1	Burkholderia glumae	2_large	False	0	0											
CT354_CFFIHE_03684	GCF_024664275.1	Burkholderia glumae	1_large	False	0	0											
CT354_CFFIHE_03684	GCF_024730645.1	Burkholderia sp. EMB26	3_large	True	0	0											
CT354_CFFIHE_03684	GCF_024732225.1	Burkholderia pyrrocinia	3_large	True	0	0											
CT354_CFFIHE_03684	GCF_024760585.1	Burkholderia glumae	2_large	False	0	0											
CT354_CFFIHE_03684	GCF_024760605.1	Burkholderia glumae	2_large	False	0	0											
CT354_CFFIHE_03684	GCF_024760625.1	Burkholderia glumae	2_large	False	0	0											
CT354_CFFIHE_03684	GCF_024760645.1	Burkholderia glumae	1_large	False	0	0											
CT354_CFFIHE_03684	GCF_025244785.1	Burkholderia gladioli	2_large	False	0	0											
CT354_CFFIHE_03684	GCF_025560745.1	Burkholderia sp. S-53	3_large	True	0	0											
CT354_CFFIHE_03684	GCF_025643495.1	Burkholderia multivorans	3_large	True	0	0											
CT354_CFFIHE_03684	GCF_025643515.1	Burkholderia contaminans	3_large	True	0	0											
CT354_CFFIHE_03684	GCF_025643555.1	Burkholderia multivorans	3_large	True	0	0											
CT354_CFFIHE_03684	GCF_025643575.1	Burkholderia cenocepacia	3_large	True	0	0											
CT354_CFFIHE_03684	GCF_026315005.1	Burkholderia pseudomallei	2_large	False	0	0											
CT354_CFFIHE_03684	GCF_026315025.1	Burkholderia pseudomallei	2_large	False	0	0											
CT354_CFFIHE_03684	GCF_026315045.1	Burkholderia pseudomallei	2_large	False	0	0											
CT354_CFFIHE_03684	GCF_026651625.1	Burkholderia gladioli	2_large	False	0	0											
CT354_CFFIHE_03684	GCF_026651975.1	Burkholderia glumae	2_large	False	0	0											
CT354_CFFIHE_03684	GCF_026651995.1	Burkholderia glumae	2_large	False	0	0											
CT354_CFFIHE_03684	GCF_026652015.1	Burkholderia glumae	2_large	False	0	0											
CT354_CFFIHE_03684	GCF_026683835.2	Burkholderia ambifaria	3_large	True	0	0											
CT354_CFFIHE_03684	GCF_026683855.2	Burkholderia ambifaria	3_large	True	0	0											
CT354_CFFIHE_03684	GCF_026683875.2	Burkholderia ambifaria	3_large	True	0	0											
CT354_CFFIHE_03684	GCF_026958255.1	Burkholderia ambifaria	3_large	True	0	0											
CT354_CFFIHE_03684	GCF_028201395.1	Burkholderia pseudomallei	2_large	False	0	0											
CT354_CFFIHE_03684	GCF_028462305.2	Burkholderia cepacia	3_large	True	0	0											
CT354_CFFIHE_03684	GCF_028473685.1	Paraburkholderia bryophila	2_large	False	0	0											
CT354_CFFIHE_03684	GCF_028657905.1	Burkholderia sp. FERM BP-3421	3_large	False	0	0											
CT354_CFFIHE_03684	GCF_029536165.1	Paraburkholderia sp. SUR17	2_large	False	0	0											
CT354_CFFIHE_03684	GCF_029590335.1	Burkholderia contaminans	3_large	True	0	0											
CT354_CFFIHE_03684	GCF_029633645.1	Burkholderia contaminans	3_large	True	0	0											
CT354_CFFIHE_03684	GCF_029633805.1	Burkholderia contaminans	3_large	True	0	0											
CT354_CFFIHE_03684	GCF_029633825.1	Burkholderia contaminans	4+_large	True	0	0											
CT354_CFFIHE_03684	GCF_029910195.1	Burkholderia sp. JSH-S8	4+_large	False	0	0											
CT354_CFFIHE_03684	GCF_029910215.1	Paraburkholderia sp. D15	3_large	False	0	0											
CT354_CFFIHE_03684	GCF_029962485.1	Burkholderia cepacia	3_large	True	0	0											
CT354_CFFIHE_03684	GCF_030078435.1	Burkholderia vietnamiensis	3_large	True	0	0											
CT354_CFFIHE_03684	GCF_030297195.1	Burkholderia pseudomallei	2_large	False	0	0											
CT354_CFFIHE_03684	GCF_030297215.1	Burkholderia pseudomallei	2_large	False	0	0											
CT354_CFFIHE_03684	GCF_030297235.1	Burkholderia pseudomallei	2_large	False	0	0											
CT354_CFFIHE_03684	GCF_030297255.1	Burkholderia pseudomallei	2_large	False	0	0											
CT354_CFFIHE_03684	GCF_030297275.1	Burkholderia pseudomallei	2_large	False	0	0											
CT354_CFFIHE_03684	GCF_030297295.1	Burkholderia pseudomallei	2_large	False	0	0											
CT354_CFFIHE_03684	GCF_030297315.1	Burkholderia pseudomallei	2_large	False	0	0											
CT354_CFFIHE_03684	GCF_030297335.1	Burkholderia pseudomallei	2_large	False	0	0											
CT354_CFFIHE_03684	GCF_030297355.1	Burkholderia pseudomallei	2_large	False	0	0											
CT354_CFFIHE_03684	GCF_030316055.1	Paraburkholderia bonniea	2_large	False	0	0											
CT354_CFFIHE_03684	GCF_030316075.1	Paraburkholderia bonniea	2_large	False	0	0											
CT354_CFFIHE_03684	GCF_030374675.1	Burkholderia anthina	3_large	True	1	1	1	95.5	100.0	665	0.0	NZ_CP126322.1	1022242	3	2867	711224	719827
CT354_CFFIHE_03684	GCF_030412785.1	Paraburkholderia sabiae	4+_large	False	0	0											
CT354_CFFIHE_03684	GCF_030505635.1	Burkholderia glumae	2_large	False	0	0											
CT354_CFFIHE_03684	GCF_030644525.1	Burkholderia plantarii	2_large	False	0	0											
CT354_CFFIHE_03684	GCF_030848725.1	Burkholderia dolosa	3_large	True	0	0											
CT354_CFFIHE_03684	GCF_031356765.1	Paraburkholderia phenoliruptrix	2_large	False	0	0											
CT354_CFFIHE_03684	GCF_031585635.1	Paraburkholderia sp. FT54	4+_large	False	0	0											
CT354_CFFIHE_03684	GCF_032806925.1	Paraburkholderia kirstenboschensis	3_large	False	0	0											
CT354_CFFIHE_03684	GCF_033391855.2	Paraburkholderia terrae	4+_large	False	0	0											
CT354_CFFIHE_03684	GCF_033675275.1	Burkholderia thailandensis	2_large	False	0	0											
CT354_CFFIHE_03684	GCF_033675305.1	Burkholderia thailandensis	2_large	False	0	0											
CT354_CFFIHE_03684	GCF_033675325.1	Burkholderia cepacia	3_large	True	0	0											
CT354_CFFIHE_03684	GCF_033870355.1	Burkholderia mallei	2_large	False	0	0											
CT354_CFFIHE_03684	GCF_033870375.1	Burkholderia mallei	2_large	False	0	0											
CT354_CFFIHE_03684	GCF_033870395.1	Burkholderia mallei	1_large	False	0	0											
CT354_CFFIHE_03684	GCF_033956065.1	Burkholderia mallei	2_large	False	0	0											
CT354_CFFIHE_03684	GCF_034047095.1	Robbsia andropogonis	3_large	False	0	0											
CT354_CFFIHE_03684	GCF_034424375.1	Paraburkholderia kururiensis	1_large	False	0	0											
CT354_CFFIHE_03684	GCF_034424545.1	Trinickia caryophylli	2_large	False	0	0											
CT354_CFFIHE_03684	GCF_035621555.1	Burkholderia thailandensis	2_large	False	0	0											
CT354_CFFIHE_03684	GCF_036352035.1	Burkholderia multivorans	3_large	True	0	0											
CT354_CFFIHE_03684	GCF_036362805.1	Burkholderia multivorans	3_large	True	0	0											
CT354_CFFIHE_03684	GCF_036837415.1	Burkholderia gladioli	2_large	False	0	0											
CT354_CFFIHE_03684	GCF_036839165.1	Burkholderia gladioli	2_large	False	0	0											
CT354_CFFIHE_03684	GCF_037055255.1	Burkholderia pyrrocinia	3_large	True	0	0											
CT354_CFFIHE_03684	GCF_037101255.1	Paraburkholderia sp. 22B1P	4+_large	False	0	0											
CT354_CFFIHE_03684	GCF_037101275.1	Burkholderia contaminans	3_large	True	0	0											
CT354_CFFIHE_03684	GCF_037477895.1	Mycetohabitans endofungorum	2_large	False	0	0											
CT354_CFFIHE_03684	GCF_037477905.1	Mycetohabitans endofungorum	2_large	False	0	0											
CT354_CFFIHE_03684	GCF_037478035.1	Mycetohabitans endofungorum	2_large	False	0	0											
CT354_CFFIHE_03684	GCF_037478045.1	Mycetohabitans rhizoxinica	2_large	False	0	0											
CT354_CFFIHE_03684	GCF_037478055.1	Mycetohabitans rhizoxinica	2_large	False	0	0											
CT354_CFFIHE_03684	GCF_037478065.1	Mycetohabitans rhizoxinica	2_large	False	0	0											
CT354_CFFIHE_03684	GCF_037478075.1	Mycetohabitans endofungorum	2_large	False	0	0											
CT354_CFFIHE_03684	GCF_037478085.1	Mycetohabitans endofungorum	2_large	False	0	0											
CT354_CFFIHE_03684	GCF_038050405.1	Paraburkholderia sp. IMGN_8	2_large	False	0	0											
CT354_CFFIHE_03684	GCF_038452255.1	Burkholderia pyrrocinia	3_large	True	0	0											
CT354_CFFIHE_03684	GCF_038723655.1	Burkholderia arboris	3_large	True	0	0											
CT354_CFFIHE_03684	GCF_038782865.1	Burkholderia ambifaria	2_large	False	0	0											
CT354_CFFIHE_03684	GCF_038983115.1	Burkholderia pseudomallei	2_large	False	0	0											
CT354_CFFIHE_03684	GCF_038983225.1	Burkholderia pseudomallei	2_large	False	0	0											
CT354_CFFIHE_03684	GCF_039621805.1	Paraburkholderia sp. PREW-6R	4+_large	False	0	0											
CT354_CFFIHE_03684	GCF_039728355.1	Burkholderia cenocepacia	3_large	True	0	0											
CT354_CFFIHE_03684	GCF_039848545.1	Burkholderia stagnalis	3_large	True	0	0											
CT354_CFFIHE_03684	GCF_039852015.1	Robbsia sp. KACC 23696	3_large	False	0	0											
CT354_CFFIHE_03684	GCF_040215475.1	Burkholderia contaminans	3_large	True	0	0											
CT354_CFFIHE_03684	GCF_040314805.1	Trinickia caryophylli	2_large	False	0	0											
CT354_CFFIHE_03684	GCF_040361905.1	Paraburkholderia terrae	4+_large	False	0	0											
CT354_CFFIHE_03684	GCF_040735455.1	Burkholderia semiarida	3_large	True	1	1	1	95.2	100.0	520	4.06e-166	NZ_CP136805.1	1062595	3	2867	713085	721688
CT354_CFFIHE_03684	GCF_040761425.1	Burkholderia sp. Ed8	3_large	True	0	0											
CT354_CFFIHE_03684	GCF_041070875.1	Burkholderia cepacia	3_large	True	0	0											
CT354_CFFIHE_03684	GCF_041205585.2	Burkholderia cenocepacia	3_large	True	0	0											
CT354_CFFIHE_03684	GCF_042604585.1	Burkholderia gladioli	2_large	False	0	0											
CT354_CFFIHE_03684	GCF_042604595.1	Burkholderia gladioli	2_large	False	0	0											
CT354_CFFIHE_03684	GCF_043193125.1	Burkholderia ambifaria	3_large	True	0	0											
CT354_CFFIHE_03684	GCF_044057485.1	Burkholderia contaminans	3_large	True	0	0											
CT354_CFFIHE_03684	GCF_044501195.1	Burkholderia anthina	3_large	True	0	0											
CT354_CFFIHE_03684	GCF_045345775.1	Burkholderia semiarida	3_large	True	1	1	1	95.5	100.0	665	0.0	NZ_CP174278.1	1087154	3	2867	866865	875468
CT354_CFFIHE_03684	GCF_045348565.1	Paraburkholderia fungorum	4+_large	False	0	0											
CT354_CFFIHE_03684	GCF_045862465.1	Burkholderia gladioli pv. gladioli	2_large	False	0	0											
CT354_CFFIHE_03684	GCF_045925845.1	Burkholderia pyrrocinia	4+_large	True	0	0											
CT354_CFFIHE_03684	GCF_046773525.1	Burkholderia cepacia	3_large	True	0	0											
CT354_CFFIHE_03684	GCF_047127275.1	Burkholderia lata	3_large	True	0	0											
CT354_CFFIHE_03684	GCF_047325075.1	Paraburkholderia phenoliruptrix	2_large	False	0	0											
CT354_CFFIHE_03684	GCF_047497155.1	Burkholderia sp. 22PA0106	2_large	False	0	0											
CT354_CFFIHE_03684	GCF_047497165.1	Burkholderia sp. 22PA0099	2_large	False	0	0											
CT354_CFFIHE_03684	GCF_047902435.1	Burkholderia cepacia	3_large	True	0	0											
CT354_CFFIHE_03684	GCF_048565175.1	Burkholderia gladioli	2_large	False	0	0											
CT354_CFFIHE_03684	GCF_048565265.1	Burkholderia theae	3_large	True	0	0											
CT354_CFFIHE_03684	GCF_048627025.1	Burkholderia aenigmatica	4+_large	True	0	0											
CT354_CFFIHE_03684	GCF_048688115.1	Burkholderia thailandensis	2_large	False	0	0											
CT354_CFFIHE_03684	GCF_048917655.1	Burkholderia gladioli	2_large	False	0	0											
CT354_CFFIHE_03684	GCF_048917665.1	Burkholderia gladioli	2_large	False	0	0											
CT354_CFFIHE_03684	GCF_048917685.1	Burkholderia gladioli	2_large	False	0	0											
CT354_CFFIHE_03684	GCF_049177125.1	Paraburkholderia sp. DD10	2_large	False	0	0											
CT354_CFFIHE_03684	GCF_049487195.1	Burkholderia sp. NLJ2	3_large	True	0	0											
CT354_CFFIHE_03684	GCF_049913365.1	Burkholderia ambifaria	3_large	True	0	0											
CT354_CFFIHE_03684	GCF_049942845.1	Burkholderia sp. R-40	3_large	True	0	0											
CT354_CFFIHE_03684	GCF_050320195.1	Burkholderia pseudomallei	2_large	False	0	0											
CT354_CFFIHE_03684	GCF_050430075.1	Robbsia andropogonis	3_large	False	0	0											
CT354_CFFIHE_03684	GCF_050500075.1	Paraburkholderia tropica	4+_large	False	0	0											
CT354_CFFIHE_03684	GCF_050613125.1	Burkholderia gladioli	2_large	False	0	0											
CT354_CFFIHE_03684	GCF_050613135.1	Burkholderia cepacia	3_large	True	0	0											
CT354_CFFIHE_03684	GCF_050627075.1	Paraburkholderia fungorum	4+_large	False	0	0											
CT354_CFFIHE_03684	GCF_050627395.1	Paraburkholderia fungorum	4+_large	False	0	0											
CT354_CFFIHE_03684	GCF_050632305.1	Burkholderia contaminans	3_large	True	0	0											
CT354_CFFIHE_03684	GCF_050632315.1	Burkholderia contaminans	3_large	True	0	0											
CT354_CFFIHE_03684	GCF_050632325.1	Burkholderia cepacia	3_large	True	0	0											
CT354_CFFIHE_03684	GCF_050632335.1	Burkholderia contaminans	3_large	True	0	0											
CT354_CFFIHE_03684	GCF_050632345.1	Burkholderia contaminans	3_large	True	0	0											
CT354_CFFIHE_03684	GCF_050632355.1	Burkholderia cepacia	3_large	True	0	0											
CT354_CFFIHE_03684	GCF_050813845.1	Burkholderia sp. F1	3_large	False	0	0											
CT354_CFFIHE_03684	GCF_050858985.1	Burkholderia sp. M6-3	4+_large	False	0	0											
CT354_CFFIHE_03684	GCF_050920555.1	Burkholderia gladioli pv. alliicola	2_large	False	0	0											
CT354_CFFIHE_03684	GCF_050955445.1	Paraburkholderia sp. RHO2	2_large	False	0	0											
CT354_CFFIHE_03684	GCF_050990585.1	Paraburkholderia phenoliruptrix	2_large	False	0	0											
CT354_CFFIHE_03684	GCF_050990595.1	Paraburkholderia sacchari	4+_large	False	0	0											
CT354_CFFIHE_03684	GCF_051027425.1	Paraburkholderia caffeinilytica	2_large	False	0	0											
CT354_CFFIHE_03684	GCF_051124805.1	Paraburkholderia sp. A3RO-2L	4+_large	False	0	0											
CT354_CFFIHE_03684	GCF_051125205.1	Paraburkholderia sp. A1BS-2L	4+_large	False	0	0											
CT354_CFFIHE_03684	GCF_051125215.1	Paraburkholderia sp. A3BS-1L	4+_large	False	0	0											
CT354_CFFIHE_03684	GCF_051125545.1	Paraburkholderia sp. A2RO-4L	4+_large	False	0	0											
CT354_CFFIHE_03684	GCF_051355645.1	Burkholderia lata	3_large	True	0	0											
CT354_CFFIHE_03684	GCF_051560065.1	Burkholderia pseudomallei	2_large	False	0	0											
CT354_CFFIHE_03684	GCF_051560085.1	Burkholderia pseudomallei	2_large	False	0	0											
CT354_CFFIHE_03684	GCF_051560105.1	Burkholderia pseudomallei	2_large	False	0	0											
CT354_CFFIHE_03684	GCF_051560125.1	Burkholderia pseudomallei	2_large	False	0	0											
CT354_CFFIHE_03684	GCF_051560145.1	Burkholderia pseudomallei	2_large	False	0	0											
CT354_CFFIHE_03684	GCF_051615025.1	Caballeronia sp. DA-9	3_large	False	0	0											
CT354_CFFIHE_03684	GCF_052222725.1	Burkholderia gladioli	2_large	False	0	0											
CT354_CFFIHE_03684	GCF_052854005.1	Burkholderia pseudomallei	2_large	False	0	0											
CT354_CFFIHE_03684	GCF_052854015.1	Burkholderia pseudomallei	2_large	False	0	0											
CT354_CFFIHE_03684	GCF_052854305.1	Burkholderia pseudomallei	2_large	False	0	0											
CT354_CFFIHE_03684	GCF_052854315.1	Burkholderia pseudomallei	2_large	False	0	0											
CT354_CFFIHE_03684	GCF_052854605.1	Burkholderia pseudomallei	2_large	False	0	0											
CT354_CFFIHE_03684	GCF_052854615.1	Burkholderia pseudomallei	2_large	False	0	0											
CT354_CFFIHE_03684	GCF_052854885.1	Burkholderia pseudomallei	2_large	False	0	0											
CT354_CFFIHE_03684	GCF_052854895.1	Burkholderia pseudomallei	2_large	False	0	0											
CT354_CFFIHE_03684	GCF_052855305.1	Burkholderia pseudomallei	2_large	False	0	0											
CT354_CFFIHE_03684	GCF_052855315.1	Burkholderia pseudomallei	2_large	False	0	0											
CT354_CFFIHE_03684	GCF_052855605.1	Burkholderia pseudomallei	2_large	False	0	0											
CT354_CFFIHE_03684	GCF_052855615.1	Burkholderia pseudomallei	2_large	False	0	0											
CT354_CFFIHE_03684	GCF_052855985.1	Burkholderia pseudomallei	2_large	False	0	0											
CT354_CFFIHE_03684	GCF_052856205.1	Burkholderia pseudomallei	2_large	False	0	0											
CT354_CFFIHE_03684	GCF_052857015.1	Burkholderia pseudomallei	2_large	False	0	0											
CT354_CFFIHE_03684	GCF_052857225.1	Burkholderia pseudomallei	2_large	False	0	0											
CT354_CFFIHE_03684	GCF_052857935.1	Burkholderia pseudomallei	2_large	False	0	0											
CT354_CFFIHE_03684	GCF_052858145.1	Burkholderia pseudomallei	2_large	False	0	0											
CT354_CFFIHE_03684	GCF_052858685.1	Burkholderia pseudomallei	2_large	False	0	0											
CT354_CFFIHE_03684	GCF_052858755.1	Burkholderia pseudomallei	2_large	False	0	0											
CT354_CFFIHE_03684	GCF_053038975.1	Burkholderia sola	3_large	True	1	1	1	97.5	100.0	675	0.0	NZ_CP199961.1	1244422	3	2867	340742	349345
CT354_CFFIHE_03684	GCF_053153985.1	Burkholderia vietnamiensis	4+_large	True	0	0											
CT354_CFFIHE_03684	GCF_053209605.1	Burkholderia sola	3_large	True	1	1	1	97.7	100.0	677	0.0	NZ_CP199987.1	1244416	3	2867	340742	349345
CT354_CFFIHE_03684	GCF_053348855.1	Burkholderia metallica	3_large	True	0	0											
CT354_CFFIHE_03684	GCF_053470105.1	Burkholderia gladioli	2_large	False	0	0											
CT354_CFFIHE_03684	GCF_053470145.1	Burkholderia gladioli	2_large	False	0	0											
CT354_CFFIHE_03684	GCF_053760385.1	Caballeronia sp. KNU42	4+_large	False	0	0											
CT354_CFFIHE_03684	GCF_054073385.1	Burkholderia pyrrocinia	4+_large	True	0	0											
CT354_CFFIHE_03684	GCF_054073395.1	Burkholderia pyrrocinia	4+_large	True	0	0											
CT354_CFFIHE_03684	GCF_054166125.1	Paraburkholderia strydomiana	3_large	False	0	0											
CT354_CFFIHE_03684	GCF_054166145.1	Paraburkholderia strydomiana	4+_large	False	0	0											
CT354_CFFIHE_03684	GCF_054166155.1	Paraburkholderia strydomiana	3_large	False	0	0											
CT354_CFFIHE_03684	GCF_054166185.1	Burkholderia ambifaria	3_large	True	0	0											
CT354_CFFIHE_03684	GCF_054166195.1	Paraburkholderia graminis	2_large	False	0	0											
CT354_CFFIHE_03684	GCF_054166225.1	Paraburkholderia strydomiana	2_large	False	0	0											
CT354_CFFIHE_03684	GCF_054166245.1	Paraburkholderia strydomiana	3_large	False	0	0											
CT354_CFFIHE_03684	GCF_054166265.1	Paraburkholderia strydomiana	2_large	False	0	0											
CT354_CFFIHE_03684	GCF_054187845.1	Burkholderia gladioli	2_large	False	0	0											
CT354_CFFIHE_03684	GCF_054558305.1	Burkholderia contaminans	3_large	True	0	0											
CT354_CFFIHE_03684	GCF_054955335.1	Burkholderia contaminans	1_large	False	0	0											
CT354_CFFIHE_03684	GCF_055386035.1	Burkholderia gladioli	3_large	False	0	0											
CT354_CFFIHE_03684	GCF_055387925.1	Burkholderia mallei	2_large	False	0	0											
CT354_CFFIHE_03684	GCF_055391905.1	Paraburkholderia monticola	3_large	False	0	0											
CT354_CFFIHE_03684	GCF_055397325.1	Paraburkholderia largidicola	4+_large	False	0	0											
CT354_CFFIHE_03684	GCF_055397665.1	Burkholderia mallei	2_large	False	0	0											
CT354_CFFIHE_03684	GCF_055397955.1	Burkholderia gladioli	2_large	False	0	0											
CT354_CFFIHE_03684	GCF_055810255.1	Burkholderia thailandensis	2_large	False	0	0											
CT354_CFFIHE_03684	GCF_056270685.1	Paraburkholderia sp. PAMB 6768	1_large	False	0	0											
CT354_CFFIHE_03684	GCF_056591095.1	Paraburkholderia terricola	2_large	False	0	0											
CT354_CFFIHE_03684	GCF_056640905.1	Burkholderia pyrrocinia	4+_large	True	0	0											
CT354_CFFIHE_03684	GCF_056783395.1	Burkholderia pyrrocinia	3_large	True	0	0											
CT354_CFFIHE_03684	GCF_056847505.1	Mycetohabitans endofungorum	2_large	False	0	0											
CT354_CFFIHE_03684	GCF_056867595.1	Mycetohabitans rhizoxinica	2_large	False	0	0											
CT354_CFFIHE_03684	GCF_056868365.1	Mycetohabitans rhizoxinica	2_large	False	0	0											
CT354_CFFIHE_03684	GCF_056868375.1	Mycetohabitans rhizoxinica	2_large	False	0	0											
CT354_CFFIHE_03684	GCF_056880615.1	Mycetohabitans rhizoxinica	2_large	False	0	0											
CT354_CFFIHE_03684	GCF_057005415.2	Burkholderia sp. KL41	3_large	True	0	0											
CT354_CFFIHE_03684	GCF_057369595.1	Burkholderia cepacia complex sp. TUM26381	3_large	True	0	0											
CT354_CFFIHE_03684	GCF_057439935.1	Burkholderia cepacia complex sp. TUM26381	3_large	True	0	0											
CT354_CFFIHE_03684	GCF_057587595.1	Paraburkholderia sp. PAMB 6768	2_large	False	0	0											
CT354_CFFIHE_03684	GCF_057612605.2	Caballeronia sp. A2-2	4+_large	False	0	0											
CT354_CFFIHE_03684	GCF_057748135.1	Paraburkholderia sp. PAMB 6770	2_large	False	0	0											
CT354_CFFIHE_03684	GCF_058448765.1	Burkholderia gladioli	2_large	False	0	0											
CT354_CFFIHE_03684	GCF_059089405.1	Burkholderia pyrrocinia	3_large	True	0	0											
CT354_CFFIHE_03684	GCF_059622985.1	Paraburkholderia agricolaris	2_large	False	0	0											
CT354_CFFIHE_03684	GCF_902141795.1	Burkholderia pseudomallei	2_large	False	0	0											
CT354_CFFIHE_03684	GCF_902141815.1	Burkholderia pseudomallei	2_large	False	0	0											
CT354_CFFIHE_03684	GCF_902141835.1	Burkholderia pseudomallei	2_large	False	0	0											
CT354_CFFIHE_03684	GCF_902459535.1	Paraburkholderia dioscoreae	2_large	False	0	0											
CT354_CFFIHE_03684	GCF_904865725.1	Burkholderia cepacia	3_large	True	0	0											
CT354_CFFIHE_03684	GCF_905400185.1	Burkholderia sola	3_large	True	1	1	1	100.0	100.0	692	0.0	NZ_FR989677.1	1347483	3	2867	519133	527736
CT354_CFFIHE_03684	GCF_939576165.1	Burkholderia mallei	1_large	False	0	0											
CT354_CFFIHE_03684	GCF_964026365.1	Caballeronia sp. S22	4+_large	False	0	0											
CT354_CFFIHE_03684	GCF_964261745.1	Caballeronia sp. S22	4+_large	False	0	0											
CT354_CFFIHE_03684	GCF_964264985.1	Burkholderia mycopellens	3_large	True	0	0											
CT354_CFFIHE_03684	GCF_964264995.1	Burkholderia crassaminum	3_large	True	0	0											
CT354_CFFIHE_03684	GCF_964265005.1	Burkholderia crassaminum	3_large	True	0	0											
CT354_CFFIHE_03684	GCF_964265015.1	Burkholderia crassaminum	3_large	True	0	0											
CT354_CFFIHE_03684	GCF_964265025.1	Burkholderia mycopellens	3_large	True	0	0											
CT354_CFFIHE_03684	GCF_965118185.1	Paraburkholderia kururiensis	2_large	False	0	0											
CT354_CFFIHE_03684	GCF_965199385.1	Burkholderia pseudomallei	2_large	False	0	0											
CT354_CFFIHE_03684	GCF_965199395.1	Burkholderia pseudomallei	2_large	False	0	0											
CT354_CFFIHE_03684	GCF_965199405.1	Burkholderia pseudomallei	2_large	False	0	0											
CT354_CFFIHE_03684	GCF_965199425.1	Burkholderia pseudomallei	2_large	False	0	0											
CT354_CFFIHE_03684	GCF_965199435.1	Burkholderia pseudomallei	2_large	False	0	0											
CT354_CFFIHE_03684	GCF_965199445.1	Burkholderia pseudomallei	2_large	False	0	0											
CT354_CFFIHE_03684	GCF_965199455.1	Burkholderia pseudomallei	2_large	False	0	0											
CT354_CFFIHE_03684	GCF_965199515.1	Burkholderia pseudomallei	2_large	False	0	0											
CT354_CFFIHE_03684	GCF_965199545.1	Burkholderia pseudomallei	2_large	False	0	0											
CT354_CFFIHE_03684	GCF_965199625.1	Burkholderia pseudomallei	2_large	False	0	0											
CT354_CFFIHE_03684	GCF_965199835.1	Burkholderia pseudomallei	2_large	False	0	0											
CT354_CFFIHE_03684	GCF_965199925.1	Burkholderia pseudomallei	2_large	False	0	0											
CT354_CFFIHE_03684	GCF_965201125.1	Burkholderia pseudomallei	2_large	False	0	0											
CT354_CFFIHE_03684	GCF_965202565.1	Burkholderia pseudomallei	2_large	False	0	0											
CT354_CFFIHE_03684	GCF_965211575.1	Burkholderia pseudomallei	2_large	False	0	0											
CT354_CFFIHE_03684	GCF_965211595.1	Burkholderia pseudomallei	2_large	False	0	0											
CT354_CFFIHE_03684	GCF_980295165.1	Burkholderia pseudomallei	2_large	False	0	0											
CT354_CFFIHE_03684	GCF_980300355.1	Burkholderia pseudomallei	2_large	False	0	0											
CT354_CFFIHE_03684	GCF_980300905.1	Burkholderia pseudomallei	2_large	False	0	0											
CT354_CFFIHE_03684	GCF_980300945.1	Burkholderia pseudomallei	2_large	False	0	0											
CT354_CFFIHE_03684	GCF_980300965.1	Burkholderia pseudomallei	2_large	False	0	0											
CT354_CFFIHE_03684	GCF_984667665.1	Burkholderia arboris	3_large	True	0	0											
CT354_CFFIHE_03684	GCF_984667675.1	Burkholderia arboris	3_large	True	0	0											
CT354_CFFIHE_03684	GCF_984667725.1	Burkholderia arboris	3_large	True	0	0											
CT354_CFFIHE_03684	GCF_984667835.1	Burkholderia arboris	3_large	True	0	0											
CT354_CFFIHE_03684	GCF_984667895.1	Burkholderia arboris	4+_large	True	0	0											
CT354_CFFIHE_03684	GCF_984667945.1	Burkholderia arboris	3_large	True	0	0											
CT354_CFFIHE_03684	GCF_984667955.1	Burkholderia arboris	2_large	False	0	0											
CT354_CFFIHE_03684	GCF_984667975.1	Burkholderia sp. LMG 33096	3_large	True	0	0											
CT354_CFFIHE_03684	GCF_984668005.1	Burkholderia arboris	3_large	True	0	0											
CT354_CFFIHE_03684	GCF_984668195.1	Burkholderia sp. LMG 33096	3_large	True	0	0											
CT354_CFFIHE_03684	GCF_984668265.1	Burkholderia arboris	3_large	True	0	0											
CT354_CFFIHE_03684	GCF_984668355.1	Burkholderia sp. LMG 33096	3_large	True	0	0											
CT354_CFFIHE_03684	GCF_984668395.1	Burkholderia arboris	3_large	True	0	0											
CT354_CFFIHE_03684	GCF_984668525.1	Burkholderia sp. LMG 34232	3_large	True	0	0											
CT354_CFFIHE_03684	GCF_984669265.1	Burkholderia sp. LMG 34232	3_large	True	0	0											
CT354_CFFIHE_03684	GCF_984669325.1	Burkholderia sp. LMG 33096	2_large	False	0	0											
CT354_CFFIHE_03684	GCF_984669335.1	Burkholderia arboris	3_large	True	0	0											
CT354_CFFIHE_03684	GCF_984669415.1	Burkholderia arboris	3_large	True	0	0											
CT354_CFFIHE_03684	GCF_984669565.1	Burkholderia arboris	3_large	True	0	0											
CT354_CFFIHE_03684	GCF_984669585.1	Burkholderia arboris	3_large	True	0	0											
CT354_CFFIHE_03684	GCF_984669685.1	Burkholderia arboris	4+_large	True	0	0											
CT354_CFFIHE_03684	GCF_984669705.1	Burkholderia sp. LMG 34232	3_large	True	0	0											
CT354_CFFIHE_03684	GCF_984671675.1	Burkholderia sp. LMG 33096	2_large	False	0	0											
CT354_CFFIHE_03684	GCF_984671695.1	Burkholderia arboris	2_large	False	0	0											
CT354_CFFIHE_03684	MF6	Burkholderia sola (MF6)	3_large	True	1	1	1	100.0	100.0	692	0.0	cluster_003_consensus	1179882	3	2867	358906	367509
CT354_CFFIHE_03684	MF7	Burkholderia sola (MF7)	4+_large	True	1	1	1	100.0	100.0	692	0.0	BMF7_NODE_3_len_857810_cov_35_9645_ID_6095484.64	857810	3	2867	409940	418543
DEGQ_CFFIHE_02734	GCA_017356705.2	Burkholderia pseudomallei	2_large	False	4	1	1	86.2	99.0	816	0.0	CP071525.1	7387439	1	495	6614196	6615683
DEGQ_CFFIHE_02734	GCA_017356725.2	Burkholderia pseudomallei	2_large	False	4	1	1	86.2	99.0	816	0.0	CP071526.1	7387707	1	495	6614351	6615838
DEGQ_CFFIHE_02734	GCA_020887275.1	Burkholderia sp. SFA1	4+_large	False	4	1	1	73.4	99.0	687	0.0	AP022305.1	3128653	1	505	528738	530255
DEGQ_CFFIHE_02734	GCA_024298805.1	Burkholderia sp. FXe9	3_large	True	6	1	1	97.8	100.0	960	0.0	CP101279.1	3988163	1	493	751412	752893
DEGQ_CFFIHE_02734	GCA_029762415.1	Burkholderia gladioli	2_large	False	4	1	1	84.6	100.0	777	0.0	CP121773.1	4187756	1	500	4153763	4155265
DEGQ_CFFIHE_02734	GCA_040954445.1	Burkholderia sp.	2_large	False	1	1	1	79.6	100.0	747	0.0	CP144361.1	1892292	1	501	790101	791606
DEGQ_CFFIHE_02734	GCA_048918525.1	Burkholderia gladioli	2_large	False	4	1	1	85.3	100.0	782	0.0	CP183180.1	4163892	1	497	3544299	3545792
DEGQ_CFFIHE_02734	GCA_051027405.1	Burkholderia stagnalis	2_large	False	5	1	1	78.5	99.0	736	0.0	CP186318.1	4560590	1	505	3769691	3771208
DEGQ_CFFIHE_02734	GCA_055387565.1	Burkholderia pseudomallei	2_large	False	4	1	1	86.2	99.0	817	0.0	AP040305.1	4080545	1	495	3762217	3763704
DEGQ_CFFIHE_02734	GCA_056494915.1	Paraburkholderia caledonica	4+_large	False	4	1	1	77.5	99.0	730	0.0	CP195753.1	4274904	1	506	3695284	3696804
DEGQ_CFFIHE_02734	GCA_059696275.1	Burkholderia sp. SJ1	1_large	False	1	0	3	40.2	99.0	300	8.15e-94	AP040121.1	3228657	1	531	2827668	2829263
DEGQ_CFFIHE_02734	GCA_964417475.2	Burkholderia pseudomallei	2_large	False	4	1	1	86.2	99.0	817	0.0	OZ259869.1	4123479	1	495	1089543	1091030
DEGQ_CFFIHE_02734	GCA_965199415.1	Burkholderia pseudomallei	2_large	False	4	1	1	86.2	99.0	817	0.0	OZ241173.1	4090989	1	495	2715495	2716982
DEGQ_CFFIHE_02734	GCA_965199775.1	Burkholderia pseudomallei	2_large	False	4	1	1	86.2	99.0	817	0.0	OZ241381.1	4100456	1	495	2154569	2156056
DEGQ_CFFIHE_02734	GCA_965217235.1	Burkholderia multivorans	2_large	False	4	1	1	88.7	100.0	822	0.0	OZ244256.1	3451707	1	492	2880602	2882080
DEGQ_CFFIHE_02734	GCA_965217245.1	Burkholderia multivorans	2_large	False	4	1	1	89.0	99.0	828	0.0	OZ244258.1	3340722	1	492	2805084	2806562
DEGQ_CFFIHE_02734	GCA_980298765.1	Burkholderia pseudomallei	2_large	False	4	1	1	86.2	99.0	816	0.0	OZ412837.1	3910731	1	495	577842	579329
DEGQ_CFFIHE_02734	GCF_000009485.1	Burkholderia cenocepacia J2315	3_large	True	5	1	1	98.0	100.0	958	0.0	NC_011000.1	3870082	1	494	3106541	3108025
DEGQ_CFFIHE_02734	GCF_000010545.1	Burkholderia multivorans ATCC 17616	3_large	True	6	1	1	92.9	100.0	872	0.0	NC_010804.1	3448421	1	494	2776436	2777920
DEGQ_CFFIHE_02734	GCF_000011545.1	Burkholderia pseudomallei K96243	2_large	False	4	1	1	86.2	99.0	816	0.0	NC_006350.1	4074542	1	495	938204	939691
DEGQ_CFFIHE_02734	GCF_000011705.1	Burkholderia mallei ATCC 23344	2_large	False	4	1	1	86.2	99.0	817	0.0	NC_006348.1	3510148	1	495	326183	327670
DEGQ_CFFIHE_02734	GCF_000012365.1	Burkholderia thailandensis E264	2_large	False	4	1	1	86.8	99.0	820	0.0	NC_007651.1	3809201	1	495	775210	776697
DEGQ_CFFIHE_02734	GCF_000012785.1	Burkholderia pseudomallei 1710b	2_large	False	4	1	1	86.2	99.0	817	0.0	NC_007434.1	4126292	1	495	1057204	1058691
DEGQ_CFFIHE_02734	GCF_000012945.1	Burkholderia lata	3_large	True	5	1	1	97.6	100.0	955	0.0	NC_007510.1	3694126	1	494	3074444	3075928
DEGQ_CFFIHE_02734	GCF_000013645.1	Paraburkholderia xenovorans LB400	3_large	False	4	1	1	77.8	99.0	731	0.0	NC_007951.1	4895836	1	503	4107979	4109490
DEGQ_CFFIHE_02734	GCF_000015465.1	Burkholderia mallei SAVP1	2_large	False	4	1	1	86.2	99.0	817	0.0	NC_008785.1	3497479	1	495	614187	615674
DEGQ_CFFIHE_02734	GCF_000015605.1	Burkholderia mallei NCTC 10229	2_large	False	4	1	1	86.2	99.0	817	0.0	NC_008836.1	3458208	1	495	2478680	2480167
DEGQ_CFFIHE_02734	GCF_000015625.1	Burkholderia mallei NCTC 10247	2_large	False	4	1	1	86.2	99.0	817	0.0	NC_009080.1	3495687	1	495	49285	50772
DEGQ_CFFIHE_02734	GCF_000015905.1	Burkholderia pseudomallei 668	2_large	False	4	1	1	86.2	99.0	817	0.0	NC_009074.1	3912947	1	495	825683	827170
DEGQ_CFFIHE_02734	GCF_000015925.1	Burkholderia pseudomallei 1106a	2_large	False	4	1	1	86.2	99.0	817	0.0	NC_009076.1	3988455	1	495	833854	835341
DEGQ_CFFIHE_02734	GCF_000016205.1	Burkholderia vietnamiensis G4	4+_large	True	5	1	1	94.3	100.0	898	0.0	NC_009256.1	3652814	1	494	3022079	3023563
DEGQ_CFFIHE_02734	GCF_000018505.1	Burkholderia multivorans ATCC 17616	3_large	True	6	1	1	92.9	100.0	872	0.0	NC_010084.1	3448466	1	494	746853	748337
DEGQ_CFFIHE_02734	GCF_000019505.1	Burkholderia orbicola MC0-3	3_large	True	4	1	1	99.2	100.0	969	0.0	NC_010508.1	3532883	1	493	2946570	2948051
DEGQ_CFFIHE_02734	GCF_000019925.1	Burkholderia ambifaria MC40-6	4+_large	True	4	1	1	94.5	100.0	899	0.0	NC_010551.1	3443583	1	494	2815812	2817296
DEGQ_CFFIHE_02734	GCF_000020045.1	Paraburkholderia phymatum STM815	4+_large	False	6	1	1	77.0	99.0	698	0.0	NC_010622.1	3479187	1	500	534937	536439
DEGQ_CFFIHE_02734	GCF_000020125.1	Paraburkholderia phytofirmans PsJN	2_large	False	4	1	1	78.0	99.0	734	0.0	NC_010681.1	4467537	1	504	3678789	3680303
DEGQ_CFFIHE_02734	GCF_000022645.2	Burkholderia glumae BGR1	2_large	False	4	1	1	86.1	100.0	797	0.0	NC_012724.2	3906507	1	496	3358492	3359982
DEGQ_CFFIHE_02734	GCF_000092885.1	Paraburkholderia atlantica	4+_large	False	7	1	1	77.3	99.0	690	0.0	NC_014117.1	3518940	1	508	2814789	2816315
DEGQ_CFFIHE_02734	GCF_000194745.1	Burkholderia gladioli BSR3	3_large	False	4	1	1	85.3	100.0	782	0.0	NC_015381.1	4413616	1	497	3755519	3757012
DEGQ_CFFIHE_02734	GCF_000198775.1	Mycetohabitans rhizoxinica HKI 454	2_large	False	3	1	1	73.9	99.0	685	0.0	NC_014718.1	822304	2	486	440960	442420
DEGQ_CFFIHE_02734	GCF_000203915.1	Burkholderia ambifaria AMMD	3_large	True	4	1	1	94.5	100.0	899	0.0	NC_008390.1	3556545	1	494	2932491	2933975
DEGQ_CFFIHE_02734	GCF_000203955.1	Burkholderia cenocepacia HI2424	3_large	True	4	1	1	99.2	100.0	969	0.0	NC_008542.1	3483902	1	493	2897298	2898779
DEGQ_CFFIHE_02734	GCF_000236065.1	Burkholderia sp. YI23	4+_large	False	4	1	1	73.4	99.0	687	0.0	NC_016589.1	3131280	1	505	539250	540767
DEGQ_CFFIHE_02734	GCF_000236215.2	Burkholderia cenocepacia H111	3_large	True	4	1	1	98.2	100.0	961	0.0	NZ_HG938370.1	3572953	1	494	2902646	2904130
DEGQ_CFFIHE_02734	GCF_000260515.1	Burkholderia pseudomallei 1026b	2_large	False	4	1	1	86.2	99.0	817	0.0	NC_017831.1	4092668	1	495	3042734	3044221
DEGQ_CFFIHE_02734	GCF_000262695.1	Burkholderia sp. KJ006	3_large	True	5	1	1	94.3	100.0	898	0.0	NC_017920.1	3145156	1	494	2573121	2574605
DEGQ_CFFIHE_02734	GCF_000292915.1	Burkholderia cepacia GG4	2_large	False	4	1	1	94.5	100.0	905	0.0	NC_018513.1	3463655	1	494	902362	903846
DEGQ_CFFIHE_02734	GCF_000294635.1	Burkholderia pseudomallei BPC006	2_large	False	4	1	1	86.2	99.0	817	0.0	NC_018527.1	4001777	1	495	817892	819379
DEGQ_CFFIHE_02734	GCF_000300095.1	Paraburkholderia phenoliruptrix BR3459a	3_large	False	5	1	1	79.3	99.0	743	0.0	NC_018695.1	4152217	1	502	3439914	3441422
DEGQ_CFFIHE_02734	GCF_000385525.1	Burkholderia thailandensis MSMB121	2_large	False	5	1	1	86.3	99.0	811	0.0	NC_021173.1	3967794	1	496	3315501	3316991
DEGQ_CFFIHE_02734	GCF_000402035.1	Caballeronia insecticola	4+_large	False	4	1	1	74.1	100.0	704	0.0	NC_021287.1	3013410	1	502	517090	518598
DEGQ_CFFIHE_02734	GCF_000439695.1	Burkholderia pseudomallei MSHR305	2_large	False	5	1	1	86.2	99.0	817	0.0	NC_021884.1	4054155	1	495	1465627	1467114
DEGQ_CFFIHE_02734	GCF_000494855.1	Burkholderia pseudomallei NCTC 13179	2_large	False	4	1	1	86.2	99.0	817	0.0	NC_022659.1	3997089	1	495	842056	843543
DEGQ_CFFIHE_02734	GCF_000511895.1	Burkholderia pseudomallei NCTC 13178	2_large	False	4	1	1	86.2	99.0	817	0.0	NZ_CP004001.1	4029451	1	495	2438739	2440226
DEGQ_CFFIHE_02734	GCF_000511915.1	Burkholderia pseudomallei NAU20B-16	2_large	False	4	1	1	86.2	99.0	817	0.0	NZ_CP004003.1	4067895	1	495	784368	785855
DEGQ_CFFIHE_02734	GCF_000520895.1	Burkholderia pseudomallei MSHR511	2_large	False	4	1	1	86.2	99.0	817	0.0	NZ_CP004023.1	4067942	1	495	3041702	3043189
DEGQ_CFFIHE_02734	GCF_000521645.1	Burkholderia pseudomallei MSHR146	2_large	False	4	1	1	86.2	99.0	817	0.0	NZ_CP004042.1	4067985	1	495	3186947	3188434
DEGQ_CFFIHE_02734	GCF_000522545.2	Paraburkholderia caribensis MBA4	3_large	False	5	1	1	76.3	99.0	691	0.0	NZ_CP012746.1	3575012	1	504	233456	234970
DEGQ_CFFIHE_02734	GCF_000567905.1	Burkholderia thailandensis H0587	2_large	False	4	1	1	87.0	99.0	823	0.0	NZ_CP004089.1	3827433	1	495	3416700	3418187
DEGQ_CFFIHE_02734	GCF_000567925.1	Burkholderia thailandensis 2002721723	2_large	False	4	1	1	86.8	99.0	820	0.0	NZ_CP004097.1	3662415	1	495	796393	797880
DEGQ_CFFIHE_02734	GCF_000567945.1	Burkholderia thailandensis E444	2_large	False	4	1	1	86.8	99.0	820	0.0	NZ_CP004117.1	3799595	1	495	1999958	2001445
DEGQ_CFFIHE_02734	GCF_000583835.1	Burkholderia pseudomallei MSHR520	2_large	False	5	1	1	86.2	99.0	817	0.0	NZ_CP004368.1	4059501	1	495	3586531	3588018
DEGQ_CFFIHE_02734	GCF_000701165.1	Burkholderia cepacia JBK9	3_large	True	7	1	1	97.4	100.0	956	0.0	NZ_CP013730.1	3790084	1	494	1073035	1074519
DEGQ_CFFIHE_02734	GCF_000705535.2	Burkholderia seminalis	3_large	True	4	1	1	98.4	100.0	967	0.0	NZ_CP072520.1	3561262	1	493	2963365	2964846
DEGQ_CFFIHE_02734	GCF_000706745.1	Burkholderia thailandensis USAMRU Malaysia #20	2_large	False	4	1	1	86.8	99.0	820	0.0	NZ_CP004383.1	3862646	1	495	3715153	3716640
DEGQ_CFFIHE_02734	GCF_000755725.1	Burkholderia cenocepacia	3_large	True	5	1	1	94.5	100.0	905	0.0	NZ_CP007783.1	3668832	1	494	2942241	2943725
DEGQ_CFFIHE_02734	GCF_000755765.1	Burkholderia pseudomallei	2_large	False	5	1	1	86.2	99.0	817	0.0	NZ_CP009209.1	4056147	1	495	2686623	2688110
DEGQ_CFFIHE_02734	GCF_000755785.1	Burkholderia mallei	2_large	False	4	1	1	86.2	99.0	817	0.0	NZ_CP009148.1	3510187	1	495	118641	120128
DEGQ_CFFIHE_02734	GCF_000755805.1	Burkholderia cepacia	3_large	True	4	1	1	98.2	100.0	961	0.0	NZ_CP007787.1	3760231	1	494	2648537	2650021
DEGQ_CFFIHE_02734	GCF_000755825.1	Burkholderia pseudomallei	2_large	False	4	1	1	86.2	99.0	817	0.0	NZ_CP009128.1	4058409	1	495	3781470	3782957
DEGQ_CFFIHE_02734	GCF_000755845.1	Burkholderia mallei	2_large	False	4	1	1	86.2	99.0	817	0.0	NZ_CP008711.1	3501048	1	495	319635	321122
DEGQ_CFFIHE_02734	GCF_000755865.1	Burkholderia mallei	2_large	False	4	1	1	86.2	99.0	817	0.0	NZ_CP008704.1	3531732	1	495	1856208	1857695
DEGQ_CFFIHE_02734	GCF_000755885.1	Burkholderia mallei	2_large	False	4	1	1	86.2	99.0	817	0.0	NZ_CP008723.1	3533325	1	495	1830519	1832006
DEGQ_CFFIHE_02734	GCF_000755905.1	Burkholderia pseudomallei HBPUB10303a	2_large	False	4	1	1	86.2	99.0	817	0.0	NZ_CP008894.1	3984054	1	495	603217	604704
DEGQ_CFFIHE_02734	GCF_000755925.1	Burkholderia pseudomallei HBPUB10134a	2_large	False	4	1	1	86.2	99.0	817	0.0	NZ_CP008911.1	4017692	1	495	371016	372503
DEGQ_CFFIHE_02734	GCF_000755945.1	Burkholderia pseudomallei MSHR5858	2_large	False	4	1	1	86.2	99.0	817	0.0	NZ_CP008892.1	3925545	1	495	459490	460977
DEGQ_CFFIHE_02734	GCF_000755965.1	Burkholderia pseudomallei MSHR5848	2_large	False	5	1	1	86.2	99.0	817	0.0	NZ_CP008909.1	4054219	1	495	1146807	1148294
DEGQ_CFFIHE_02734	GCF_000755985.1	Burkholderia oklahomensis	2_large	False	4	1	1	85.8	99.0	811	0.0	NZ_CP008726.1	4192008	1	494	253763	255247
DEGQ_CFFIHE_02734	GCF_000756005.1	Burkholderia multivorans	3_large	True	6	1	1	92.7	100.0	871	0.0	NZ_CP008730.1	3603686	1	494	2523769	2525253
DEGQ_CFFIHE_02734	GCF_000756025.1	Burkholderia mallei	2_large	False	4	1	1	86.2	99.0	817	0.0	NZ_CP008732.1	3553363	1	495	934409	935896
DEGQ_CFFIHE_02734	GCF_000756045.1	Paraburkholderia xenovorans LB400	3_large	False	4	1	1	77.8	99.0	731	0.0	NZ_CP008760.1	4868129	1	503	3133875	3135386
DEGQ_CFFIHE_02734	GCF_000756065.1	Burkholderia pseudomallei MSHR5855	2_large	False	5	1	1	86.2	99.0	817	0.0	NZ_CP008784.1	4060827	1	495	3921217	3922704
DEGQ_CFFIHE_02734	GCF_000756085.1	Burkholderia pseudomallei	2_large	False	4	1	1	86.2	99.0	817	0.0	NZ_CP008834.1	4092738	1	495	611860	613347
DEGQ_CFFIHE_02734	GCF_000756125.1	Burkholderia pseudomallei	2_large	False	4	1	1	86.2	99.0	817	0.0	NZ_CP008781.1	3985223	1	495	907841	909328
DEGQ_CFFIHE_02734	GCF_000756145.1	Burkholderia pseudomallei	2_large	False	4	1	1	86.2	99.0	817	0.0	NZ_CP008758.1	3984293	1	495	3090310	3091797
DEGQ_CFFIHE_02734	GCF_000756165.1	Burkholderia pseudomallei	2_large	False	4	1	1	86.2	99.0	817	0.0	NZ_CP008780.1	4019546	1	495	1464032	1465519
DEGQ_CFFIHE_02734	GCF_000756185.1	Burkholderia pseudomallei 576	2_large	False	4	1	1	86.2	99.0	817	0.0	NZ_CP008777.1	4021786	1	495	3711452	3712939
DEGQ_CFFIHE_02734	GCF_000757015.2	Burkholderia pseudomallei	2_large	False	4	1	1	86.2	99.0	817	0.0	NZ_CP009585.1	3976798	1	495	3727337	3728824
DEGQ_CFFIHE_02734	GCF_000757035.2	Burkholderia pseudomallei Pasteur 52237	2_large	False	4	1	1	86.2	99.0	817	0.0	NZ_CP009899.1	4140573	1	495	1709867	1711354
DEGQ_CFFIHE_02734	GCF_000762285.1	Burkholderia mallei NCTC 10247	2_large	False	4	1	1	86.2	99.0	817	0.0	NZ_CP007802.1	3476239	1	495	3265789	3267276
DEGQ_CFFIHE_02734	GCF_000764575.1	Burkholderia pseudomallei NAU35A-3	2_large	False	4	1	1	86.2	99.0	817	0.0	NZ_CP004377.1	3955135	1	495	1650474	1651961
DEGQ_CFFIHE_02734	GCF_000764595.1	Burkholderia thailandensis MSMB59	2_large	False	4	1	1	86.8	99.0	820	0.0	NZ_CP004385.1	3916324	1	495	3570673	3572160
DEGQ_CFFIHE_02734	GCF_000764955.1	Burkholderia cenocepacia	3_large	True	4	1	1	94.3	100.0	902	0.0	NZ_CP007781.1	3241886	1	494	267594	269078
DEGQ_CFFIHE_02734	GCF_000765375.1	Burkholderia thailandensis E254	2_large	False	4	1	1	86.8	99.0	820	0.0	NZ_CP004381.1	3805980	1	495	1881302	1882789
DEGQ_CFFIHE_02734	GCF_000770395.1	Burkholderia pseudomallei MSHR62	2_large	False	4	1	1	86.2	99.0	817	0.0	NZ_CP009235.1	4031107	1	495	1820655	1822142
DEGQ_CFFIHE_02734	GCF_000770455.1	Burkholderia pseudomallei B03	2_large	False	4	1	1	86.2	99.0	817	0.0	NZ_CP009151.1	4008750	1	495	3969460	3970947
DEGQ_CFFIHE_02734	GCF_000770495.1	Burkholderia pseudomallei TSV 48	2_large	False	4	1	1	86.2	99.0	817	0.0	NZ_CP009161.1	4110442	1	495	677467	678954
DEGQ_CFFIHE_02734	GCF_000770515.1	Burkholderia pseudomallei K42	2_large	False	4	1	1	86.2	99.0	817	0.0	NZ_CP009162.1	3969389	1	495	1056133	1057620
DEGQ_CFFIHE_02734	GCF_000770535.1	Burkholderia pseudomallei A79A	2_large	False	4	1	1	86.2	99.0	817	0.0	NZ_CP009165.1	4008865	1	495	3913224	3914711
DEGQ_CFFIHE_02734	GCF_000770565.1	Burkholderia pseudomallei	2_large	False	4	1	1	86.2	99.0	817	0.0	NZ_CP009157.1	4228716	1	495	2241862	2243349
DEGQ_CFFIHE_02734	GCF_000808035.2	Burkholderia thailandensis	2_large	False	4	1	1	87.0	99.0	823	0.0	NZ_CP008914.2	3762666	1	495	1758078	1759565
DEGQ_CFFIHE_02734	GCF_000828875.1	Caballeronia cordobensis	4+_large	False	4	1	1	73.2	99.0	686	0.0	NZ_AP014576.1	3090091	1	505	510919	512436
DEGQ_CFFIHE_02734	GCF_000835205.1	Burkholderia plantarii	2_large	False	5	1	1	86.5	100.0	788	0.0	NZ_CP002580.1	4163767	1	497	3574813	3576306
DEGQ_CFFIHE_02734	GCF_000953095.1	Burkholderia pseudomallei	2_large	False	4	1	1	86.2	99.0	817	0.0	NZ_LK936442.1	4044293	1	495	877363	878850
DEGQ_CFFIHE_02734	GCF_000954175.1	Burkholderia pseudomallei	2_large	False	4	1	1	86.2	99.0	817	0.0	NZ_CP010973.1	4006427	1	495	868519	870006
DEGQ_CFFIHE_02734	GCF_000959125.1	Burkholderia pseudomallei 1026b	2_large	False	4	1	1	86.2	99.0	817	0.0	NZ_CP004379.1	4092218	1	495	1582208	1583695
DEGQ_CFFIHE_02734	GCF_000959145.1	Burkholderia pseudomallei 406e	2_large	False	4	1	1	86.2	99.0	817	0.0	NZ_CP009298.1	4055060	1	495	2622217	2623704
DEGQ_CFFIHE_02734	GCF_000959165.1	Burkholderia mallei	2_large	False	4	1	1	86.2	99.0	817	0.0	NZ_CP009337.1	3458247	1	495	659304	660791
DEGQ_CFFIHE_02734	GCF_000959185.1	Burkholderia pseudomallei MSHR840	2_large	False	5	1	1	86.2	99.0	817	0.0	NZ_CP009474.1	4021787	1	495	482669	484156
DEGQ_CFFIHE_02734	GCF_000959205.1	Burkholderia pseudomallei MSHR491	2_large	False	4	1	1	86.2	99.0	817	0.0	NZ_CP009485.1	4088931	1	495	1545315	1546802
DEGQ_CFFIHE_02734	GCF_000959225.1	Burkholderia pseudomallei MSHR2543	2_large	False	4	1	1	86.2	99.0	817	0.0	NZ_CP009478.1	4240604	1	495	3551069	3552556
DEGQ_CFFIHE_02734	GCF_000959245.1	Burkholderia ubonensis MSMB22	3_large	False	6	1	1	92.9	100.0	890	0.0	NZ_CP009488.1	3546310	1	494	2451300	2452784
DEGQ_CFFIHE_02734	GCF_000959265.1	Burkholderia pseudomallei 7894	2_large	False	4	1	1	86.2	99.0	817	0.0	NZ_CP009535.1	4121652	1	495	2926008	2927495
DEGQ_CFFIHE_02734	GCF_000959285.1	Burkholderia pseudomallei K96243	2_large	False	4	1	1	86.2	99.0	816	0.0	NZ_CP009538.1	4074547	1	495	765129	766616
DEGQ_CFFIHE_02734	GCF_000959305.1	Burkholderia pseudomallei	2_large	False	4	1	1	86.2	99.0	817	0.0	NZ_CP009545.1	3915257	1	495	3319606	3321093
DEGQ_CFFIHE_02734	GCF_000959325.1	Burkholderia humptydooensis	3_large	False	5	1	1	86.1	99.0	810	0.0	NZ_CP009549.1	4067533	1	496	3501386	3502876
DEGQ_CFFIHE_02734	GCF_000959345.1	Burkholderia pseudomallei PB08298010	2_large	False	4	1	1	86.2	99.0	817	0.0	NZ_CP009551.1	4185347	1	495	401270	402757
DEGQ_CFFIHE_02734	GCF_000959365.1	Burkholderia oklahomensis C6786	2_large	False	4	1	1	86.0	99.0	814	0.0	NZ_CP009555.1	4132035	1	494	902068	903552
DEGQ_CFFIHE_02734	GCF_000959405.1	Burkholderia mallei	2_large	False	4	1	1	86.2	99.0	817	0.0	NZ_CP009587.1	3559874	1	495	1373837	1375324
DEGQ_CFFIHE_02734	GCF_000959425.1	Burkholderia thailandensis 2002721643	2_large	False	4	1	1	86.8	99.0	820	0.0	NZ_CP009601.1	3808029	1	495	3648480	3649967
DEGQ_CFFIHE_02734	GCF_000959445.1	Burkholderia vietnamiensis LMG 10929	3_large	True	6	1	1	94.3	100.0	898	0.0	NZ_CP009631.1	3317416	1	494	1394869	1396353
DEGQ_CFFIHE_02734	GCF_000959465.1	Burkholderia mallei	2_large	False	4	1	1	86.2	99.0	817	0.0	NZ_CP009642.1	3560434	1	495	3527945	3529432
DEGQ_CFFIHE_02734	GCF_000959485.1	Burkholderia mallei	2_large	False	4	1	1	86.2	99.0	817	0.0	NZ_CP009707.1	3550623	1	495	554312	555799
DEGQ_CFFIHE_02734	GCF_000959505.1	Burkholderia dolosa AU0158	3_large	True	5	1	1	92.9	100.0	882	0.0	NZ_CP009795.1	3406596	1	494	514289	515773
DEGQ_CFFIHE_02734	GCF_000959525.1	Burkholderia multivorans ATCC BAA-247	3_large	True	6	1	1	92.9	100.0	872	0.0	NZ_CP009832.1	3428264	1	494	2940928	2942412
DEGQ_CFFIHE_02734	GCF_000959545.1	Burkholderia ambifaria AMMD	3_large	True	4	1	1	94.5	100.0	899	0.0	NZ_CP009798.1	3556555	1	494	2307236	2308720
DEGQ_CFFIHE_02734	GCF_000959605.1	Burkholderia thailandensis 34	3_large	False	5	1	1	86.5	99.0	816	0.0	NZ_CP010017.1	3896053	1	497	1214548	1216041
DEGQ_CFFIHE_02734	GCF_000959625.1	Burkholderia mallei	2_large	False	4	1	1	86.2	99.0	817	0.0	NZ_CP010065.1	3542936	1	495	750464	751951
DEGQ_CFFIHE_02734	GCF_000959725.1	Burkholderia gladioli	2_large	False	4	1	1	84.6	100.0	780	0.0	NZ_CP009323.1	4668573	1	501	872778	874283
DEGQ_CFFIHE_02734	GCF_000960995.1	Burkholderia glumae LMG 2196 = ATCC 33617	2_large	False	4	1	1	86.1	100.0	797	0.0	NZ_CP009435.1	3659771	1	496	444240	445730
DEGQ_CFFIHE_02734	GCF_000961515.1	Paraburkholderia fungorum	4+_large	False	5	1	1	79.3	99.0	739	0.0	NZ_CP010026.1	4463161	1	502	2414210	2415718
DEGQ_CFFIHE_02734	GCF_000974835.2	Burkholderia cepacia	1_large	False	5	1	1	92.9	100.0	882	0.0	NZ_CP011301.1	6419376	1	494	1739505	1740989
DEGQ_CFFIHE_02734	GCF_001028665.1	Burkholderia pyrrocinia	3_large	True	5	1	1	97.4	100.0	953	0.0	NZ_CP011503.1	3584103	1	494	671488	672972
DEGQ_CFFIHE_02734	GCF_001029145.1	Burkholderia contaminans	3_large	True	5	1	1	97.6	100.0	956	0.0	NZ_CP009744.1	3358952	2	494	2344043	2345527
DEGQ_CFFIHE_02734	GCF_001277875.1	Burkholderia pseudomallei	2_large	False	4	1	1	86.2	99.0	817	0.0	NZ_CP012515.1	4038504	1	495	880336	881823
DEGQ_CFFIHE_02734	GCF_001277895.1	Burkholderia pseudomallei	2_large	False	4	1	1	86.2	99.0	817	0.0	NZ_CP012517.1	4038845	1	495	880620	882107
DEGQ_CFFIHE_02734	GCF_001277975.1	Burkholderia pseudomallei	2_large	False	4	1	1	86.2	99.0	817	0.0	NZ_CP012576.1	4028032	1	495	3561350	3562837
DEGQ_CFFIHE_02734	GCF_001293045.1	Burkholderia sp. HB1	2_large	False	3	1	1	78.6	99.0	732	0.0	NZ_CP012192.1	4081670	1	502	3395349	3396857
DEGQ_CFFIHE_02734	GCF_001318245.1	Burkholderia pseudomallei	2_large	False	5	1	1	86.2	99.0	817	0.0	NZ_CP012041.1	4112209	1	495	3701852	3703339
DEGQ_CFFIHE_02734	GCF_001411495.1	Burkholderia cepacia ATCC 25416	3_large	True	4	1	1	97.6	100.0	955	0.0	NZ_CP012981.1	3791734	1	494	208751	210235
DEGQ_CFFIHE_02734	GCF_001411805.1	Burkholderia plantarii	2_large	False	5	1	1	86.5	100.0	788	0.0	NZ_CP007212.1	4140040	1	497	3547116	3548609
DEGQ_CFFIHE_02734	GCF_001449005.1	Paraburkholderia caribensis	4+_large	False	5	1	1	76.8	99.0	696	0.0	NZ_CP013102.1	3688127	1	502	3565427	3566935
DEGQ_CFFIHE_02734	GCF_001484665.1	Burkholderia cenocepacia	3_large	True	4	1	1	98.2	100.0	961	0.0	NZ_CP011917.1	3822749	1	494	2106194	2107678
DEGQ_CFFIHE_02734	GCF_001513745.1	Burkholderia humptydooensis	3_large	False	5	1	1	86.1	99.0	810	0.0	NZ_CP013380.1	4069152	1	496	3375430	3376920
DEGQ_CFFIHE_02734	GCF_001522105.2	Burkholderia oklahomensis EO147	2_large	False	4	1	1	85.8	99.0	811	0.0	NZ_CP013357.1	4192894	1	494	3427437	3428921
DEGQ_CFFIHE_02734	GCF_001522135.2	Burkholderia oklahomensis C6786	2_large	False	4	1	1	86.0	99.0	814	0.0	NZ_CP013358.1	4131753	1	494	3371777	3373261
DEGQ_CFFIHE_02734	GCF_001522585.2	Burkholderia sp. NRF60-BP8	3_large	True	5	1	1	98.4	100.0	961	0.0	NZ_CP013373.1	3427375	1	494	2825911	2827395
DEGQ_CFFIHE_02734	GCF_001522635.2	Burkholderia mayonis	2_large	False	4	1	1	86.4	99.0	813	0.0	NZ_CP013389.1	4439942	1	495	3701739	3703226
DEGQ_CFFIHE_02734	GCF_001523745.2	Burkholderia mayonis	2_large	False	4	1	1	85.8	99.0	780	0.0	NZ_CP013386.1	3838800	1	495	890516	892003
DEGQ_CFFIHE_02734	GCF_001523915.2	Burkholderia sp. LA-2-3-30-S1-D2	3_large	True	5	1	1	94.7	100.0	891	0.0	NZ_CP013384.1	3445340	1	494	717140	718624
DEGQ_CFFIHE_02734	GCF_001524445.2	Burkholderia savannae	3_large	False	4	1	1	85.2	99.0	786	0.0	NZ_CP013417.1	4228278	1	495	3155934	3157421
DEGQ_CFFIHE_02734	GCF_001524625.2	Burkholderia savannae	2_large	False	4	1	1	85.0	99.0	786	0.0	NZ_CP013424.1	4077888	1	495	3258187	3259674
DEGQ_CFFIHE_02734	GCF_001524645.2	Burkholderia sp. MSMB0856	3_large	True	4	1	1	94.5	100.0	903	0.0	NZ_CP013427.1	3467548	1	494	2886709	2888193
DEGQ_CFFIHE_02734	GCF_001532025.2	Burkholderia sp. MSMB617WGS	2_large	False	4	1	1	85.0	99.0	786	0.0	NZ_CP013457.1	4081657	1	495	3289862	3291349
DEGQ_CFFIHE_02734	GCF_001557535.2	Burkholderia sp. PAMC 26561	4+_large	False	4	1	1	75.0	99.0	707	0.0	NZ_CP014306.1	3397021	1	514	1960824	1962368
DEGQ_CFFIHE_02734	GCF_001577465.1	Burkholderia sp. PAMC 28687	3_large	False	4	1	1	75.0	99.0	707	0.0	NZ_CP014505.1	3260450	1	514	564777	566321
DEGQ_CFFIHE_02734	GCF_001606115.1	Burkholderia cenocepacia	3_large	True	4	1	1	98.2	100.0	961	0.0	NZ_CP015033.1	3526250	1	494	1526597	1528081
DEGQ_CFFIHE_02734	GCF_001606135.1	Burkholderia cenocepacia	2_large	True	4	1	1	98.2	100.0	961	0.0	NZ_CP015036.1	7459003	1	494	6563994	6565478
DEGQ_CFFIHE_02734	GCF_001611015.1	Paraburkholderia caribensis	3_large	False	5	1	1	76.8	99.0	696	0.0	NZ_CP013347.1	3694000	1	502	575823	577331
DEGQ_CFFIHE_02734	GCF_001634365.1	Paraburkholderia phytofirmans OLGA172	2_large	False	5	1	1	79.0	99.0	732	0.0	NZ_CP014578.1	4646070	1	499	3871755	3873254
DEGQ_CFFIHE_02734	GCF_001695715.1	Burkholderia pseudomallei	2_large	False	4	1	1	86.2	99.0	817	0.0	NZ_CP016638.1	4061776	1	495	2754490	2755977
DEGQ_CFFIHE_02734	GCF_001695735.1	Burkholderia pseudomallei	2_large	False	4	1	1	86.2	99.0	817	0.0	NZ_CP016636.1	4059297	1	495	2752424	2753911
DEGQ_CFFIHE_02734	GCF_001718295.1	Burkholderia thailandensis	2_large	False	4	1	1	87.0	99.0	823	0.0	NZ_CP013360.1	3762719	1	495	3071354	3072841
DEGQ_CFFIHE_02734	GCF_001718315.1	Burkholderia diffusa	3_large	True	5	1	1	96.2	100.0	943	0.0	NZ_CP013362.1	3333368	1	494	2742824	2744308
DEGQ_CFFIHE_02734	GCF_001718335.1	Burkholderia territorii	3_large	True	5	1	1	96.4	100.0	945	0.0	NZ_CP013366.1	3421021	1	494	2818352	2819836
DEGQ_CFFIHE_02734	GCF_001718355.1	Burkholderia ubonensis	3_large	True	6	1	1	92.7	100.0	889	0.0	NZ_CP013370.1	3724327	1	494	3031476	3032960
DEGQ_CFFIHE_02734	GCF_001718395.1	Burkholderia cepacia	2_large	False	5	1	1	97.6	100.0	955	0.0	NZ_CP013375.1	3728457	1	494	3118523	3120007
DEGQ_CFFIHE_02734	GCF_001718415.1	Burkholderia pseudomultivorans	2_large	False	5	1	1	94.3	100.0	903	0.0	NZ_CP013378.1	4849929	1	494	4243504	4244988
DEGQ_CFFIHE_02734	GCF_001718495.1	Burkholderia vietnamiensis	3_large	True	5	1	1	94.3	100.0	898	0.0	NZ_CP013393.1	3257130	1	494	2629074	2630558
DEGQ_CFFIHE_02734	GCF_001718515.1	Burkholderia cenocepacia	2_large	False	4	1	1	99.2	100.0	969	0.0	NZ_CP013397.1	3461321	1	493	2850894	2852375
DEGQ_CFFIHE_02734	GCF_001718535.1	Burkholderia seminalis	3_large	True	4	1	1	98.4	100.0	967	0.0	NZ_CP013398.1	3505262	1	493	2897514	2898995
DEGQ_CFFIHE_02734	GCF_001718555.1	Burkholderia metallica	3_large	True	4	1	1	97.0	100.0	949	0.0	NZ_CP013401.1	3556612	1	494	2973339	2974823
DEGQ_CFFIHE_02734	GCF_001718575.1	Burkholderia lata	3_large	True	5	1	1	97.6	100.0	956	0.0	NZ_CP013404.1	3756401	1	494	3093513	3094997
DEGQ_CFFIHE_02734	GCF_001718595.1	Burkholderia thailandensis	2_large	False	4	1	1	86.8	99.0	820	0.0	NZ_CP013407.1	3917337	1	495	926108	927595
DEGQ_CFFIHE_02734	GCF_001718615.1	Burkholderia thailandensis	2_large	False	4	1	1	87.0	99.0	823	0.0	NZ_CP013409.1	3827782	1	495	3102523	3104010
DEGQ_CFFIHE_02734	GCF_001718635.1	Burkholderia thailandensis	2_large	False	4	1	1	86.5	99.0	816	0.0	NZ_CP013411.1	3897156	1	497	1059716	1061209
DEGQ_CFFIHE_02734	GCF_001718655.1	Burkholderia ubonensis	2_large	False	6	1	1	92.5	100.0	886	0.0	NZ_CP013414.1	3935154	1	494	3293229	3294713
DEGQ_CFFIHE_02734	GCF_001718695.1	Burkholderia ubonensis	3_large	True	5	1	1	92.1	100.0	883	0.0	NZ_CP013420.1	3268347	1	494	3082550	3084034
DEGQ_CFFIHE_02734	GCF_001718755.1	Burkholderia multivorans	3_large	True	5	1	1	92.9	100.0	872	0.0	NZ_CP013430.1	3525707	1	494	2904269	2905753
DEGQ_CFFIHE_02734	GCF_001718775.1	Burkholderia vietnamiensis	2_large	True	5	1	1	94.3	100.0	898	0.0	NZ_CP013433.1	5577538	1	494	5018156	5019640
DEGQ_CFFIHE_02734	GCF_001718795.1	Burkholderia latens	3_large	True	4	1	1	94.5	100.0	903	0.0	NZ_CP013435.1	3331737	1	494	2735712	2737196
DEGQ_CFFIHE_02734	GCF_001718815.1	Burkholderia vietnamiensis	3_large	True	5	1	1	94.3	100.0	898	0.0	NZ_CP013439.1	3308896	1	494	2723529	2725013
DEGQ_CFFIHE_02734	GCF_001718835.1	Burkholderia cepacia	3_large	True	7	1	1	97.0	100.0	949	0.0	NZ_CP013443.1	3750729	1	494	3099750	3101234
DEGQ_CFFIHE_02734	GCF_001718855.1	Burkholderia ubonensis	3_large	True	7	1	1	92.7	100.0	888	0.0	NZ_CP013446.1	3756926	1	494	3105186	3106670
DEGQ_CFFIHE_02734	GCF_001718875.1	Burkholderia singularis	2_large	False	3	1	1	84.2	99.0	805	0.0	NZ_CP013448.1	3663220	1	494	3323267	3324751
DEGQ_CFFIHE_02734	GCF_001718895.1	Burkholderia cenocepacia	3_large	True	4	1	1	98.2	100.0	961	0.0	NZ_CP013450.1	3588848	1	494	2978560	2980044
DEGQ_CFFIHE_02734	GCF_001718915.1	Burkholderia vietnamiensis	3_large	True	5	1	1	94.1	100.0	895	0.0	NZ_CP013453.1	3322910	1	494	2729546	2731030
DEGQ_CFFIHE_02734	GCF_001718955.1	Burkholderia stagnalis	3_large	True	6	1	1	91.3	100.0	874	0.0	NZ_CP013459.1	3703595	1	495	3110028	3111515
DEGQ_CFFIHE_02734	GCF_001718975.1	Burkholderia ubonensis	3_large	True	6	1	1	92.7	100.0	890	0.0	NZ_CP013463.1	3531036	1	494	2899686	2901170
DEGQ_CFFIHE_02734	GCF_001718995.1	Burkholderia multivorans	3_large	True	6	1	1	92.7	100.0	871	0.0	NZ_CP013467.1	3451669	1	494	2857888	2859372
DEGQ_CFFIHE_02734	GCF_001729545.1	Burkholderia mallei	2_large	False	4	1	1	86.2	99.0	817	0.0	NZ_CP017175.1	3553991	1	495	3373690	3375177
DEGQ_CFFIHE_02734	GCF_001742165.1	Burkholderia stabilis	3_large	True	6	1	1	97.0	100.0	954	0.0	NZ_CP016442.1	3886092	1	494	3380624	3382108
DEGQ_CFFIHE_02734	GCF_001865575.2	Paraburkholderia sprentiae WSM5005	4+_large	False	7	1	1	79.2	99.0	719	0.0	NZ_CP017561.2	3645992	1	504	2933252	2934766
DEGQ_CFFIHE_02734	GCF_001885195.1	Burkholderia pseudomallei	2_large	False	4	1	1	86.2	99.0	817	0.0	NZ_CP018054.1	4090973	1	495	3277279	3278766
DEGQ_CFFIHE_02734	GCF_001887555.1	Burkholderia pseudomallei	2_large	False	5	1	1	86.2	99.0	817	0.0	NZ_CP016909.1	4054259	1	495	3300665	3302152
DEGQ_CFFIHE_02734	GCF_001887575.1	Burkholderia pseudomallei	2_large	False	5	1	1	86.2	99.0	817	0.0	NZ_CP016911.1	4054192	1	495	3300594	3302081
DEGQ_CFFIHE_02734	GCF_001922345.1	Paraburkholderia sp. SOS3	2_large	False	4	1	1	76.1	99.0	705	0.0	NZ_CP018811.1	4483385	1	504	779646	781160
DEGQ_CFFIHE_02734	GCF_001975065.1	Burkholderia pseudomallei	2_large	False	4	1	1	86.2	99.0	817	0.0	NZ_CP017044.1	3976360	1	495	750313	751800
DEGQ_CFFIHE_02734	GCF_001975085.1	Burkholderia pseudomallei	2_large	False	4	1	1	86.2	99.0	817	0.0	NZ_CP017046.1	4050877	1	495	763558	765045
DEGQ_CFFIHE_02734	GCF_001975105.1	Burkholderia pseudomallei	2_large	False	4	1	1	86.2	99.0	817	0.0	NZ_CP017048.1	4067698	1	495	763525	765012
DEGQ_CFFIHE_02734	GCF_001975125.1	Burkholderia pseudomallei	2_large	False	5	1	1	86.2	99.0	817	0.0	NZ_CP017050.1	4056633	1	495	768559	770046
DEGQ_CFFIHE_02734	GCF_001975145.1	Burkholderia pseudomallei	2_large	False	5	1	1	86.2	99.0	817	0.0	NZ_CP017052.1	4056707	1	495	768554	770041
DEGQ_CFFIHE_02734	GCF_001980585.2	Burkholderia pseudomallei	2_large	False	4	1	1	86.2	99.0	817	0.0	NZ_CP116601.1	3880126	1	495	2616040	2617527
DEGQ_CFFIHE_02734	GCF_001999785.1	Burkholderia cenocepacia	1_large	False	4	1	1	99.2	100.0	969	0.0	NZ_CP019668.1	7499459	1	493	5558490	5559971
DEGQ_CFFIHE_02734	GCF_001999825.1	Burkholderia cenocepacia	2_large	True	4	1	1	99.2	100.0	969	0.0	NZ_CP019670.1	6339862	1	493	1801168	1802649
DEGQ_CFFIHE_02734	GCF_001999885.1	Burkholderia cenocepacia	3_large	True	5	1	1	98.2	100.0	961	0.0	NZ_CP019674.1	3668000	1	494	2941699	2943183
DEGQ_CFFIHE_02734	GCF_002007585.1	Burkholderia cenocepacia	3_large	True	4	1	1	99.2	100.0	969	0.0	NZ_CP017238.1	3511146	1	493	3013443	3014924
DEGQ_CFFIHE_02734	GCF_002097715.1	Burkholderia ubonensis subsp. mesacidophila	3_large	False	7	1	1	92.7	100.0	888	0.0	NZ_CP020737.1	3737663	1	494	3062446	3063930
DEGQ_CFFIHE_02734	GCF_002110945.1	Burkholderia pseudomallei	2_large	False	4	1	1	86.2	99.0	817	0.0	NZ_CP018380.1	4195298	1	495	3606355	3607842
DEGQ_CFFIHE_02734	GCF_002110965.1	Burkholderia pseudomallei	2_large	False	5	1	1	86.2	99.0	817	0.0	NZ_CP018391.1	4224888	1	495	2000544	2002031
DEGQ_CFFIHE_02734	GCF_002111005.1	Burkholderia pseudomallei	2_large	False	4	1	1	86.2	99.0	817	0.0	NZ_CP018405.1	4062516	1	495	3524037	3525524
DEGQ_CFFIHE_02734	GCF_002111025.1	Burkholderia pseudomallei	2_large	False	4	1	1	86.2	99.0	817	0.0	NZ_CP018406.1	4077823	1	495	2584940	2586427
DEGQ_CFFIHE_02734	GCF_002111045.1	Burkholderia pseudomallei	2_large	False	4	1	1	86.2	99.0	817	0.0	NZ_CP018410.1	4056450	1	495	2946824	2948311
DEGQ_CFFIHE_02734	GCF_002111085.1	Burkholderia pseudomallei	2_large	False	4	1	1	86.2	99.0	817	0.0	NZ_CP018373.1	4121819	1	495	702137	703624
DEGQ_CFFIHE_02734	GCF_002111105.1	Burkholderia pseudomallei	2_large	False	4	1	1	86.2	99.0	817	0.0	NZ_CP018418.1	4149750	1	495	1379456	1380943
DEGQ_CFFIHE_02734	GCF_002111125.1	Burkholderia pseudomallei	2_large	False	4	1	1	86.2	99.0	817	0.0	NZ_CP018384.1	4032598	1	495	962344	963831
DEGQ_CFFIHE_02734	GCF_002111145.1	Burkholderia pseudomallei	2_large	False	4	1	1	86.2	99.0	817	0.0	NZ_CP018387.1	4047168	1	495	1450584	1452071
DEGQ_CFFIHE_02734	GCF_002111165.1	Burkholderia pseudomallei	2_large	False	4	1	1	86.2	99.0	817	0.0	NZ_CP018389.1	4099199	1	495	3184921	3186408
DEGQ_CFFIHE_02734	GCF_002111205.1	Burkholderia pseudomallei	2_large	False	4	1	1	86.2	99.0	817	0.0	NZ_CP018399.1	4191510	1	495	1878922	1880409
DEGQ_CFFIHE_02734	GCF_002111225.1	Burkholderia pseudomallei	2_large	False	4	1	1	86.2	99.0	816	0.0	NZ_CP018400.1	4012048	1	495	3020782	3022269
DEGQ_CFFIHE_02734	GCF_002111245.1	Burkholderia pseudomallei	2_large	False	4	1	1	86.2	99.0	817	0.0	NZ_CP018403.1	4062501	1	495	68202	69689
DEGQ_CFFIHE_02734	GCF_002111265.1	Burkholderia pseudomallei	2_large	False	4	1	1	86.2	99.0	817	0.0	NZ_CP018408.1	4077668	1	495	2216581	2218068
DEGQ_CFFIHE_02734	GCF_002111285.1	Burkholderia pseudomallei	2_large	False	4	1	1	86.2	99.0	817	0.0	NZ_CP018414.1	4191431	1	495	3071821	3073308
DEGQ_CFFIHE_02734	GCF_002111305.1	Burkholderia pseudomallei	2_large	False	4	1	1	86.2	99.0	817	0.0	NZ_CP018416.1	4121864	1	495	1899528	1901015
DEGQ_CFFIHE_02734	GCF_002111325.1	Burkholderia pseudomallei	2_large	False	4	1	1	86.2	99.0	817	0.0	NZ_CP018369.1	4027562	1	495	3464073	3465560
DEGQ_CFFIHE_02734	GCF_002111345.1	Burkholderia pseudomallei	2_large	False	4	1	1	86.2	99.0	817	0.0	NZ_CP018372.1	4046807	1	495	945311	946798
DEGQ_CFFIHE_02734	GCF_002111365.1	Burkholderia pseudomallei	2_large	False	4	1	1	86.2	99.0	817	0.0	NZ_CP018383.1	4135235	1	495	2103261	2104748
DEGQ_CFFIHE_02734	GCF_002111385.1	Burkholderia pseudomallei	2_large	False	4	1	1	86.2	99.0	817	0.0	NZ_CP018413.1	4177999	1	495	808660	810147
DEGQ_CFFIHE_02734	GCF_002208175.1	Burkholderia gladioli pv. gladioli	2_large	False	4	1	1	84.6	100.0	780	0.0	NZ_CP022005.1	4668350	1	501	4031629	4033134
DEGQ_CFFIHE_02734	GCF_002209085.2	Burkholderia cepacia	3_large	True	4	1	1	97.6	100.0	955	0.0	NZ_CP022083.2	3779906	1	494	1950767	1952251
DEGQ_CFFIHE_02734	GCF_002278075.1	Paraburkholderia aromaticivorans	4+_large	False	4	1	1	78.4	99.0	734	0.0	NZ_CP022989.1	4378888	1	503	1877197	1878708
DEGQ_CFFIHE_02734	GCF_002345985.1	Burkholderia mallei	2_large	False	4	1	1	86.2	99.0	817	0.0	NZ_CP009725.1	3471563	1	495	3260177	3261664
DEGQ_CFFIHE_02734	GCF_002346005.1	Burkholderia mallei	2_large	False	4	1	1	86.2	99.0	817	0.0	NZ_CP010348.1	3623703	1	495	3412333	3413820
DEGQ_CFFIHE_02734	GCF_002346025.1	Burkholderia mallei	2_large	False	4	1	1	86.2	99.0	817	0.0	NZ_CP009727.1	3471484	1	495	3260110	3261597
DEGQ_CFFIHE_02734	GCF_002346045.1	Burkholderia mallei	2_large	False	4	1	1	86.2	99.0	817	0.0	NZ_CP009929.1	3510109	1	495	326114	327601
DEGQ_CFFIHE_02734	GCF_002346065.1	Burkholderia mallei	2_large	False	4	1	1	86.2	99.0	817	0.0	NZ_CP009729.1	3558404	1	495	3343699	3345186
DEGQ_CFFIHE_02734	GCF_002346085.1	Burkholderia mallei	2_large	False	4	1	1	86.2	99.0	817	0.0	NZ_CP009731.1	3625848	1	495	3396913	3398400
DEGQ_CFFIHE_02734	GCF_002346105.1	Burkholderia mallei	2_large	False	4	1	1	86.2	99.0	817	0.0	NZ_CP009733.1	3512356	1	495	3283426	3284913
DEGQ_CFFIHE_02734	GCF_002346125.1	Burkholderia mallei	2_large	False	4	1	1	86.2	99.0	817	0.0	NZ_CP009735.1	3507358	1	495	3260893	3262380
DEGQ_CFFIHE_02734	GCF_002346145.1	Burkholderia mallei	2_large	False	4	1	1	86.2	99.0	817	0.0	NZ_CP009737.1	3578566	1	495	3332093	3333580
DEGQ_CFFIHE_02734	GCF_002346165.1	Burkholderia mallei	2_large	False	4	1	1	86.2	99.0	817	0.0	NZ_CP009739.1	3573819	1	495	3362445	3363932
DEGQ_CFFIHE_02734	GCF_002346185.1	Burkholderia mallei	2_large	False	6	1	1	86.2	99.0	817	0.0	NZ_CP009741.1	3045954	1	495	2834636	2836123
DEGQ_CFFIHE_02734	GCF_002346205.1	Burkholderia mallei	2_large	False	4	1	1	86.2	99.0	817	0.0	NZ_CP009931.1	3510032	1	495	326114	327601
DEGQ_CFFIHE_02734	GCF_002356275.1	Burkholderia stabilis	3_large	True	5	1	1	97.8	100.0	958	0.0	NZ_AP018111.1	3625611	1	494	1581033	1582517
DEGQ_CFFIHE_02734	GCF_002386205.1	Burkholderia thailandensis	2_large	False	5	1	1	86.3	99.0	811	0.0	NZ_CP023499.1	3967822	1	496	639775	641265
DEGQ_CFFIHE_02734	GCF_002393425.1	Burkholderia gladioli pv. gladioli	2_large	False	4	1	1	84.8	100.0	780	0.0	NZ_CP023522.1	4209407	1	499	3623380	3624879
DEGQ_CFFIHE_02734	GCF_002407525.2	Burkholderia cepacia	3_large	True	4	1	1	97.6	100.0	955	0.0	NZ_CP023518.1	3779890	1	494	1060550	1062034
DEGQ_CFFIHE_02734	GCF_002843645.1	Burkholderia pseudomallei	2_large	False	4	1	1	86.2	99.0	817	0.0	NZ_CP025264.1	4019555	1	495	3238419	3239906
DEGQ_CFFIHE_02734	GCF_002860065.1	Burkholderia pseudomallei	2_large	False	4	1	1	86.2	99.0	817	0.0	NZ_CP019042.1	4091945	1	495	2160775	2162262
DEGQ_CFFIHE_02734	GCF_002902925.1	Paraburkholderia terrae	4+_large	False	5	1	1	77.1	99.0	697	0.0	NZ_CP026111.1	3621233	1	503	528557	530068
DEGQ_CFFIHE_02734	GCF_002902945.1	Paraburkholderia caribensis	4+_large	False	5	1	1	76.8	99.0	696	0.0	NZ_CP026101.1	3688145	1	502	583626	585134
DEGQ_CFFIHE_02734	GCF_002902965.1	Paraburkholderia hospita	4+_large	False	6	1	1	76.3	99.0	690	0.0	NZ_CP026105.1	4021292	1	504	595682	597196
DEGQ_CFFIHE_02734	GCF_003019945.1	Burkholderia vietnamiensis	3_large	True	6	1	1	94.3	100.0	898	0.0	NZ_CP020394.1	3317400	1	494	1805147	1806631
DEGQ_CFFIHE_02734	GCF_003019965.1	Burkholderia multivorans	3_large	True	6	1	1	92.9	100.0	872	0.0	NZ_CP020397.1	3428385	1	494	2925299	2926783
DEGQ_CFFIHE_02734	GCF_003020025.1	Burkholderia thailandensis	2_large	False	4	1	1	86.8	99.0	820	0.0	NZ_CP020390.1	3819771	1	495	1541627	1543114
DEGQ_CFFIHE_02734	GCF_003020185.1	Burkholderia thailandensis	2_large	False	4	1	1	87.0	99.0	823	0.0	NZ_CP020392.1	3827809	1	495	489213	490700
DEGQ_CFFIHE_02734	GCF_003076415.1	Burkholderia cenocepacia	3_large	True	4	1	1	99.2	100.0	969	0.0	NZ_CP021069.1	3497405	1	493	2233858	2235339
DEGQ_CFFIHE_02734	GCF_003233675.1	Burkholderia sp. JP2-270	4+_large	True	5	1	1	97.6	100.0	958	0.0	NZ_CP029824.1	3723585	1	494	1437795	1439279
DEGQ_CFFIHE_02734	GCF_003286395.1	Paraburkholderia dokdonensis	2_large	False	4	1	1	78.5	99.0	725	0.0	NZ_CP029640.1	3130508	1	497	2458749	2460242
DEGQ_CFFIHE_02734	GCF_003330745.1	Paraburkholderia caledonica	3_large	False	4	1	1	77.7	99.0	732	0.0	NZ_CP024905.1	3862683	1	506	3193594	3195114
DEGQ_CFFIHE_02734	GCF_003330765.1	Burkholderia pyrrocinia	3_large	True	7	1	1	98.6	100.0	964	0.0	NZ_CP024902.1	3619008	1	494	2995115	2996599
DEGQ_CFFIHE_02734	GCF_003330785.1	Paraburkholderia graminis	3_large	False	3	1	1	78.4	99.0	729	0.0	NZ_CP024934.1	4031601	1	502	3308960	3310468
DEGQ_CFFIHE_02734	GCF_003330805.1	Paraburkholderia hospita	4+_large	False	5	1	1	76.1	99.0	690	0.0	NZ_CP024937.1	3883124	1	504	558609	560123
DEGQ_CFFIHE_02734	GCF_003330825.1	Paraburkholderia terricola	2_large	False	5	1	1	79.4	99.0	731	0.0	NZ_CP024941.1	4059171	1	500	3336162	3337664
DEGQ_CFFIHE_02734	GCF_003366075.1	Burkholderia sp. IDO3	4+_large	True	6	1	1	94.5	100.0	901	0.0	NZ_CP028963.1	3591606	1	494	2957695	2959179
DEGQ_CFFIHE_02734	GCF_003368325.1	Paraburkholderia caffeinilytica	2_large	False	5	1	1	78.4	99.0	712	0.0	NZ_CP031467.1	4531000	1	502	1431446	1432954
DEGQ_CFFIHE_02734	GCF_003445415.1	Burkholderia pseudomallei	2_large	False	4	1	1	86.2	99.0	817	0.0	NZ_CP008755.1	4033039	1	495	1021494	1022981
DEGQ_CFFIHE_02734	GCF_003546465.1	Burkholderia cepacia ATCC 25416	3_large	True	4	1	1	97.6	100.0	955	0.0	NZ_CP007746.1	3779447	1	494	694756	696240
DEGQ_CFFIHE_02734	GCF_003547015.1	Burkholderia pseudomallei	2_large	False	4	1	1	86.2	99.0	817	0.0	NZ_CP025304.1	4066496	1	495	858811	860298
DEGQ_CFFIHE_02734	GCF_003547035.1	Burkholderia pseudomallei	2_large	False	4	1	1	86.2	99.0	817	0.0	NZ_CP025306.1	3987008	1	495	836734	838221
DEGQ_CFFIHE_02734	GCF_003547055.1	Burkholderia pseudomallei	2_large	False	4	1	1	86.2	99.0	817	0.0	NZ_CP025302.1	4013273	1	495	865202	866689
DEGQ_CFFIHE_02734	GCF_003568605.1	Burkholderia thailandensis E264	2_large	False	4	1	1	86.8	99.0	820	0.0	NZ_CP008785.1	3986340	1	495	2814066	2815553
DEGQ_CFFIHE_02734	GCF_003606245.1	Burkholderia pseudomallei	2_large	False	4	1	1	86.2	99.0	817	0.0	NZ_CP023775.1	4075641	1	495	547674	549161
DEGQ_CFFIHE_02734	GCF_003613595.1	Burkholderia gladioli pv. gladioli	2_large	False	4	1	1	84.6	100.0	780	0.0	NZ_CP022213.1	4668533	1	501	1214044	1215549
DEGQ_CFFIHE_02734	GCF_003614815.1	Burkholderia thailandensis	2_large	False	5	1	1	86.8	99.0	820	0.0	NZ_CP022214.1	3862564	1	495	480591	482078
DEGQ_CFFIHE_02734	GCF_003614835.1	Burkholderia thailandensis	2_large	False	4	1	1	86.8	99.0	820	0.0	NZ_CP022217.1	3801254	1	495	2570399	2571886
DEGQ_CFFIHE_02734	GCF_003704285.1	Burkholderia contaminans	3_large	True	4	1	1	97.6	100.0	956	0.0	NZ_CP013390.1	3617292	1	494	2971617	2973101
DEGQ_CFFIHE_02734	GCF_003711145.1	Burkholderia lata	3_large	True	5	1	1	97.0	100.0	950	0.0	NZ_CP024943.1	3927314	1	494	3293636	3295120
DEGQ_CFFIHE_02734	GCF_003713105.1	Burkholderia gladioli	2_large	False	4	1	1	85.0	100.0	781	0.0	NZ_CP033430.1	4171651	1	499	153222	154721
DEGQ_CFFIHE_02734	GCF_003798245.1	Burkholderia pseudomallei	2_large	False	4	1	1	86.2	99.0	817	0.0	NZ_CP033703.1	4098323	1	495	410711	412198
DEGQ_CFFIHE_02734	GCF_003798265.1	Burkholderia pseudomallei	2_large	False	4	1	1	86.2	99.0	816	0.0	NZ_CP033705.1	4007610	1	495	1921072	1922559
DEGQ_CFFIHE_02734	GCF_003798365.1	Burkholderia pseudomallei	2_large	False	4	1	1	86.2	99.0	817	0.0	NZ_CP033702.1	4003948	1	495	71894	73381
DEGQ_CFFIHE_02734	GCF_003812365.1	Burkholderia multivorans	3_large	True	5	1	1	92.5	100.0	869	0.0	NZ_CP033750.1	3356899	1	494	2267066	2268550
DEGQ_CFFIHE_02734	GCF_003812585.1	Burkholderia multivorans	3_large	False	6	1	1	92.7	100.0	871	0.0	NZ_CP033745.1	3239301	1	494	2573770	2575254
DEGQ_CFFIHE_02734	GCF_003812965.1	Burkholderia multivorans	3_large	True	7	1	1	92.3	100.0	887	0.0	NZ_CP033856.1	3705094	1	494	1280104	1281588
DEGQ_CFFIHE_02734	GCF_003813045.1	Burkholderia dolosa	3_large	True	5	1	1	92.9	100.0	882	0.0	NZ_CP033840.1	3406611	1	494	1676500	1677984
DEGQ_CFFIHE_02734	GCF_003966315.1	Burkholderia cenocepacia	3_large	True	6	1	1	99.4	100.0	971	0.0	NZ_CP034545.1	3645818	1	493	3047574	3049055
DEGQ_CFFIHE_02734	GCF_004323015.1	Burkholderia pseudomallei	2_large	False	4	1	1	86.2	99.0	817	0.0	NZ_CP036452.1	3859639	1	495	844316	845803
DEGQ_CFFIHE_02734	GCF_004323035.1	Burkholderia pseudomallei	2_large	False	4	1	1	86.2	99.0	817	0.0	NZ_CP036454.1	3852886	1	495	841167	842654
DEGQ_CFFIHE_02734	GCF_004348055.1	Burkholderia pseudomallei	2_large	False	4	1	1	86.2	99.0	817	0.0	NZ_CP037758.1	3854943	1	495	818206	819693
DEGQ_CFFIHE_02734	GCF_004348075.1	Burkholderia pseudomallei	2_large	False	4	1	1	86.2	99.0	817	0.0	NZ_CP037760.1	3850633	1	495	797157	798644
DEGQ_CFFIHE_02734	GCF_004367665.1	Burkholderia pseudomallei	2_large	False	4	1	1	86.2	99.0	817	0.0	NZ_CP037974.1	3842045	1	495	815433	816920
DEGQ_CFFIHE_02734	GCF_004367685.1	Burkholderia pseudomallei	2_large	False	4	1	1	86.2	99.0	817	0.0	NZ_CP037970.1	3855598	1	495	834126	835613
DEGQ_CFFIHE_02734	GCF_004367705.1	Burkholderia pseudomallei	2_large	False	4	1	1	86.2	99.0	817	0.0	NZ_CP037976.1	3847660	1	495	808150	809637
DEGQ_CFFIHE_02734	GCF_004367725.1	Burkholderia pseudomallei	2_large	False	4	1	1	86.2	99.0	817	0.0	NZ_CP037972.1	3842655	1	495	816190	817677
DEGQ_CFFIHE_02734	GCF_004526325.1	Burkholderia pseudomallei	2_large	False	4	1	1	86.2	99.0	817	0.0	NZ_CP038195.1	3866281	1	495	842187	843674
DEGQ_CFFIHE_02734	GCF_004842085.1	Burkholderia pseudomallei	2_large	False	4	1	1	86.2	99.0	817	0.0	NZ_CP038805.1	3800466	1	495	3038873	3040360
DEGQ_CFFIHE_02734	GCF_005280735.1	Trinickia violacea	2_large	False	8	1	1	81.0	99.0	765	0.0	NZ_CP040077.1	4775917	1	495	815928	817415
DEGQ_CFFIHE_02734	GCF_005853645.1	Burkholderia pseudomallei	2_large	False	4	1	1	86.2	99.0	817	0.0	NZ_CP040531.1	4017865	1	495	3964738	3966225
DEGQ_CFFIHE_02734	GCF_005862325.1	Burkholderia pseudomallei	2_large	False	4	1	1	86.2	99.0	817	0.0	NZ_CP040552.1	3987244	1	495	126240	127727
DEGQ_CFFIHE_02734	GCF_005937855.2	Burkholderia sp. KBS0801	3_large	True	4	1	1	94.5	100.0	899	0.0	NZ_CP042177.1	3530666	1	494	2880694	2882178
DEGQ_CFFIHE_02734	GCF_006094315.1	Burkholderia cepacia ATCC 25416	3_large	True	4	1	1	97.6	100.0	955	0.0	NZ_CP034553.1	3781435	1	494	3146966	3148450
DEGQ_CFFIHE_02734	GCF_007556815.1	Paraburkholderia megapolitana	2_large	False	5	1	1	75.7	99.0	723	0.0	NZ_CP041745.1	4485011	1	503	3721891	3723402
DEGQ_CFFIHE_02734	GCF_007724625.1	Burkholderia contaminans	3_large	True	5	1	1	97.8	100.0	960	0.0	NZ_CP042164.1	3904889	1	493	3008546	3010027
DEGQ_CFFIHE_02734	GCF_008693485.1	Burkholderia multivorans	3_large	True	5	1	1	93.1	100.0	872	0.0	NZ_CP044054.1	3559578	1	494	2494604	2496088
DEGQ_CFFIHE_02734	GCF_008693525.1	Burkholderia multivorans	3_large	True	5	1	1	93.1	100.0	872	0.0	NZ_CP044058.1	3559579	1	494	3142944	3144428
DEGQ_CFFIHE_02734	GCF_008728255.1	Burkholderia pseudomallei	2_large	False	4	1	1	86.2	99.0	817	0.0	NZ_CP038214.1	3932929	1	495	335606	337093
DEGQ_CFFIHE_02734	GCF_008728275.1	Burkholderia pseudomallei	2_large	False	4	1	1	86.2	99.0	817	0.0	NZ_CP038216.1	3932431	1	495	340836	342323
DEGQ_CFFIHE_02734	GCF_008728295.1	Burkholderia pseudomallei	2_large	False	4	1	1	86.2	99.0	817	0.0	NZ_CP038218.1	3934903	1	495	2664871	2666358
DEGQ_CFFIHE_02734	GCF_008728315.1	Burkholderia pseudomallei	2_large	False	4	1	1	86.2	99.0	817	0.0	NZ_CP038220.1	3931933	1	495	1115893	1117380
DEGQ_CFFIHE_02734	GCF_008728335.1	Burkholderia pseudomallei	2_large	False	4	1	1	86.2	99.0	817	0.0	NZ_CP038222.1	3933419	1	495	2249165	2250652
DEGQ_CFFIHE_02734	GCF_008728355.1	Burkholderia pseudomallei	2_large	False	4	1	1	86.2	99.0	817	0.0	NZ_CP038224.1	3931555	1	495	24130	25617
DEGQ_CFFIHE_02734	GCF_008728375.1	Burkholderia pseudomallei	2_large	False	4	1	1	86.2	99.0	817	0.0	NZ_CP038226.1	3933317	1	495	537414	538901
DEGQ_CFFIHE_02734	GCF_009191525.1	Burkholderia contaminans	3_large	True	5	1	1	97.8	100.0	960	0.0	NZ_CP028807.1	3618903	1	493	1847351	1848832
DEGQ_CFFIHE_02734	GCF_009578005.1	Burkholderia glumae	2_large	False	4	1	1	86.1	100.0	797	0.0	NZ_CP045087.1	3712850	1	496	646251	647741
DEGQ_CFFIHE_02734	GCF_009586235.1	Burkholderia cepacia	3_large	True	5	1	1	97.6	100.0	955	0.0	NZ_CP045235.1	3688624	1	494	3041736	3043220
DEGQ_CFFIHE_02734	GCF_009730035.1	Burkholderia multivorans	3_large	True	5	1	1	92.9	100.0	872	0.0	NZ_CP046336.1	3422468	1	494	140880	142364
DEGQ_CFFIHE_02734	GCF_009730175.1	Burkholderia multivorans	3_large	True	5	1	1	92.9	100.0	872	0.0	NZ_CP046343.1	3350628	1	494	2174898	2176382
DEGQ_CFFIHE_02734	GCF_009730195.1	Burkholderia multivorans	3_large	True	6	1	1	92.7	100.0	871	0.0	NZ_CP046346.1	3432204	1	494	2664114	2665598
DEGQ_CFFIHE_02734	GCF_009749345.1	Burkholderia pseudomallei	2_large	False	4	1	1	86.2	99.0	817	0.0	NZ_CP046584.1	4009467	1	495	3521327	3522814
DEGQ_CFFIHE_02734	GCF_009755625.1	Burkholderia contaminans	3_large	True	5	1	1	97.8	100.0	960	0.0	NZ_CP046609.1	3643456	1	493	3022355	3023836
DEGQ_CFFIHE_02734	GCF_009789655.1	Paraburkholderia acidiphila	4+_large	False	8	1	1	78.6	99.0	728	0.0	NZ_CP046909.1	3177533	1	501	2547890	2549395
DEGQ_CFFIHE_02734	GCF_009789675.1	Paraburkholderia acidisoli	4+_large	False	4	1	1	78.8	99.0	723	0.0	NZ_CP046913.1	3240103	1	499	2538304	2539803
DEGQ_CFFIHE_02734	GCF_009857095.1	Burkholderia glumae AU6208	2_large	False	4	1	1	86.1	100.0	797	0.0	NZ_CP047315.1	3629551	1	496	2584608	2586098
DEGQ_CFFIHE_02734	GCF_009931375.1	Burkholderia glumae	2_large	False	4	1	1	86.3	100.0	799	0.0	NZ_CP035900.1	3537953	1	496	1691619	1693109
DEGQ_CFFIHE_02734	GCF_009938265.1	Burkholderia sp. THE68	4+_large	False	4	1	1	72.6	99.0	675	0.0	NZ_AP022315.1	2845320	1	501	495042	496547
DEGQ_CFFIHE_02734	GCF_011039955.1	Caballeronia sp. SBC2	4+_large	False	4	1	1	75.8	99.0	712	0.0	NZ_CP049316.1	3989243	1	510	746917	748449
DEGQ_CFFIHE_02734	GCF_011493005.1	Caballeronia sp. SBC1	4+_large	False	4	1	1	75.8	99.0	712	0.0	NZ_CP049156.1	4010354	1	510	763021	764553
DEGQ_CFFIHE_02734	GCF_011578485.1	Burkholderia thailandensis	2_large	False	4	1	1	86.8	99.0	820	0.0	NZ_CP050020.1	3725540	1	495	757489	758976
DEGQ_CFFIHE_02734	GCF_012689525.1	Paraburkholderia aromaticivorans	3_large	False	5	1	1	77.6	99.0	734	0.0	NZ_CP051516.1	4573438	1	507	3810523	3812046
DEGQ_CFFIHE_02734	GCF_012974245.1	Burkholderia glumae	2_large	False	4	1	1	86.1	100.0	797	0.0	NZ_CP052867.1	3611155	1	496	1866350	1867840
DEGQ_CFFIHE_02734	GCF_013122645.1	Burkholderia glumae	2_large	False	4	1	1	86.1	100.0	797	0.0	NZ_CP052132.1	3532897	1	496	2841595	2843085
DEGQ_CFFIHE_02734	GCF_013307145.1	Burkholderia glumae	2_large	False	4	1	1	86.3	100.0	799	0.0	NZ_CP021157.1	3601960	1	496	2477068	2478558
DEGQ_CFFIHE_02734	GCF_013307165.1	Burkholderia glumae	2_large	False	4	1	1	86.1	100.0	797	0.0	NZ_CP023203.1	3596519	1	496	419997	421487
DEGQ_CFFIHE_02734	GCF_013378095.1	Paraburkholderia caribensis	3_large	False	5	1	1	77.0	99.0	697	0.0	NZ_CP015958.1	3659608	1	502	1464881	1466389
DEGQ_CFFIHE_02734	GCF_013426895.1	Paraburkholderia largidicola	4+_large	False	5	1	1	76.8	99.0	704	0.0	NZ_AP023174.1	3759946	1	505	575372	576889
DEGQ_CFFIHE_02734	GCF_013426915.1	Paraburkholderia sp. PGU19	4+_large	False	6	1	1	77.4	99.0	700	0.0	NZ_AP023179.1	3864670	1	502	658841	660349
DEGQ_CFFIHE_02734	GCF_013822785.1	Burkholderia sp. MBR-1	4+_large	True	5	1	1	94.1	100.0	895	0.0	NZ_CP053609.1	3233781	1	494	1078300	1079784
DEGQ_CFFIHE_02734	GCF_014171495.1	Paraburkholderia tropica	4+_large	False	7	1	1	78.1	99.0	719	0.0	NZ_CP049134.1	3280377	1	503	2611244	2612755
DEGQ_CFFIHE_02734	GCF_014211915.1	Burkholderia cenocepacia	3_large	True	4	1	1	99.2	100.0	969	0.0	NZ_CP060039.1	3507573	1	493	3436064	3437545
DEGQ_CFFIHE_02734	GCF_014263355.1	Burkholderia gladioli	2_large	False	4	1	1	85.3	100.0	781	0.0	NZ_CP054468.1	4272194	1	497	3529962	3531455
DEGQ_CFFIHE_02734	GCF_014357995.1	Burkholderia cenocepacia	3_large	True	4	1	1	98.0	100.0	958	0.0	NZ_CP053300.1	3673077	1	494	1065273	1066757
DEGQ_CFFIHE_02734	GCF_014854795.1	Burkholderia cepacia	3_large	True	5	1	1	97.6	100.0	955	0.0	NZ_CP032009.1	3683734	1	494	2516642	2518126
DEGQ_CFFIHE_02734	GCF_016026055.1	Burkholderia glumae	2_large	False	4	1	1	86.1	100.0	797	0.0	NZ_CP065601.1	3659799	1	496	3056201	3057691
DEGQ_CFFIHE_02734	GCF_016027435.1	Burkholderia oklahomensis	2_large	False	4	1	1	85.8	99.0	811	0.0	NZ_CP065683.1	4192837	1	494	1022400	1023884
DEGQ_CFFIHE_02734	GCF_016027455.1	Burkholderia humptydooensis	3_large	False	5	1	1	86.1	99.0	810	0.0	NZ_CP065686.1	4068027	1	496	812950	814440
DEGQ_CFFIHE_02734	GCF_016127755.1	Burkholderia ambifaria	3_large	True	4	1	1	94.5	100.0	899	0.0	NZ_CP066037.1	3556545	1	494	308336	309820
DEGQ_CFFIHE_02734	GCF_016128195.1	Paraburkholderia ginsengisoli	2_large	False	5	1	1	76.7	99.0	701	0.0	NZ_CP066075.1	3756046	1	504	3376055	3377569
DEGQ_CFFIHE_02734	GCF_016458785.1	Burkholderia ambifaria	2_large	False	4	1	1	94.5	100.0	899	0.0	NZ_CP066762.1	3480598	1	494	2872555	2874039
DEGQ_CFFIHE_02734	GCF_016458805.1	Burkholderia anthina	2_large	False	4	1	1	94.5	100.0	902	0.0	NZ_CP066769.1	3464850	1	494	2861999	2863483
DEGQ_CFFIHE_02734	GCF_016598875.1	Burkholderia glumae	2_large	False	4	1	1	86.1	100.0	797	0.0	NZ_CP066791.1	3659785	1	496	1575502	1576992
DEGQ_CFFIHE_02734	GCF_016698705.1	Burkholderia gladioli	2_large	False	5	1	1	85.0	100.0	781	0.0	NZ_CP068049.1	4180205	1	499	3550584	3552083
DEGQ_CFFIHE_02734	GCF_016774495.1	Burkholderia thailandensis	3_large	False	4	1	1	86.8	99.0	820	0.0	NZ_CP068709.1	3830943	1	495	3178788	3180275
DEGQ_CFFIHE_02734	GCF_016864355.1	Burkholderia pseudomallei	2_large	False	4	1	1	86.2	99.0	817	0.0	NZ_CP069360.1	4166395	1	495	1172895	1174382
DEGQ_CFFIHE_02734	GCF_016889205.1	Burkholderia dolosa	3_large	True	5	1	1	92.9	100.0	882	0.0	NZ_CP069482.1	3406606	1	494	745253	746737
DEGQ_CFFIHE_02734	GCF_016899425.1	Burkholderia sp. MS389	3_large	True	4	1	1	100.0	100.0	979	0.0	NZ_CP045994.1	3563380	1	493	2981334	2982815
DEGQ_CFFIHE_02734	GCF_016899445.1	Burkholderia sp. MS455	3_large	True	4	1	1	96.6	100.0	948	0.0	NZ_CP041779.1	3538138	1	496	2918647	2920137
DEGQ_CFFIHE_02734	GCF_017165175.1	Burkholderia multivorans	3_large	True	5	1	1	92.9	100.0	872	0.0	NZ_CP048441.1	3416863	1	494	2795314	2796798
DEGQ_CFFIHE_02734	GCF_017165195.1	Burkholderia multivorans	3_large	True	5	1	1	92.9	100.0	872	0.0	NZ_CP048445.1	3330593	1	494	2710299	2711783
DEGQ_CFFIHE_02734	GCF_017165475.1	Burkholderia multivorans	3_large	True	5	1	1	92.9	100.0	872	0.0	NZ_CP048448.1	3329413	1	494	2709065	2710549
DEGQ_CFFIHE_02734	GCF_017165495.1	Burkholderia multivorans	3_large	True	5	1	1	92.9	100.0	872	0.0	NZ_CP048451.1	3328426	1	494	2708090	2709574
DEGQ_CFFIHE_02734	GCF_017165515.1	Burkholderia multivorans	3_large	True	5	1	1	92.9	100.0	872	0.0	NZ_CP048454.1	3328959	1	494	2708611	2710095
DEGQ_CFFIHE_02734	GCF_017165535.1	Burkholderia multivorans	3_large	True	5	1	1	92.9	100.0	872	0.0	NZ_CP048457.1	3329349	1	494	2709005	2710489
DEGQ_CFFIHE_02734	GCF_017165555.1	Burkholderia multivorans	3_large	True	5	1	1	92.9	100.0	872	0.0	NZ_CP048460.1	3328147	1	494	2707803	2709287
DEGQ_CFFIHE_02734	GCF_017220215.1	Caballeronia sp. M1242	4+_large	False	4	1	1	75.4	99.0	665	0.0	NZ_CP071129.1	2932255	1	500	487407	488909
DEGQ_CFFIHE_02734	GCF_017378155.1	Burkholderia pseudomallei	2_large	False	5	1	1	86.2	99.0	817	0.0	NZ_CP071746.1	4046673	1	495	3308612	3310099
DEGQ_CFFIHE_02734	GCF_017378195.1	Burkholderia pseudomallei	2_large	False	4	1	1	86.2	99.0	817	0.0	NZ_CP071749.1	4117487	1	495	3336876	3338363
DEGQ_CFFIHE_02734	GCF_017378235.1	Burkholderia pseudomallei	2_large	False	4	1	1	86.2	99.0	817	0.0	NZ_CP071751.1	3924767	1	495	609758	611245
DEGQ_CFFIHE_02734	GCF_017378275.1	Burkholderia pseudomallei	2_large	False	4	1	1	86.2	99.0	817	0.0	NZ_CP071757.1	4071067	1	495	3293665	3295152
DEGQ_CFFIHE_02734	GCF_017378315.2	Burkholderia pseudomallei	2_large	False	4	1	1	86.2	99.0	816	0.0	NZ_CP071754.2	4071728	1	495	977623	979110
DEGQ_CFFIHE_02734	GCF_017378355.1	Burkholderia pseudomallei	2_large	False	4	1	1	86.2	99.0	817	0.0	NZ_CP071759.1	4049558	1	495	2402780	2404267
DEGQ_CFFIHE_02734	GCF_017378435.1	Burkholderia pseudomallei	2_large	False	4	1	1	86.2	99.0	817	0.0	NZ_CP071761.1	4044757	1	495	3302370	3303857
DEGQ_CFFIHE_02734	GCF_017514945.1	Burkholderia anthina	3_large	True	5	1	1	94.5	100.0	901	0.0	NZ_CP071825.1	3942398	1	494	647849	649333
DEGQ_CFFIHE_02734	GCF_017815595.1	Burkholderia latens	2_large	False	4	1	1	94.5	100.0	903	0.0	NZ_CP072601.1	3230902	1	494	1600240	1601724
DEGQ_CFFIHE_02734	GCF_017815615.1	Burkholderia latens	3_large	True	4	1	1	94.5	100.0	903	0.0	NZ_CP072604.1	3328387	1	494	2719811	2721295
DEGQ_CFFIHE_02734	GCF_017858835.1	Burkholderia glumae	2_large	False	4	1	1	86.1	100.0	797	0.0	NZ_CP021074.1	3761157	1	496	2786911	2788401
DEGQ_CFFIHE_02734	GCF_018223765.1	Burkholderia cenocepacia	3_large	True	5	1	1	98.2	100.0	961	0.0	NZ_CP073673.1	3737356	1	494	1353579	1355063
DEGQ_CFFIHE_02734	GCF_018223785.1	Burkholderia contaminans	4+_large	True	5	1	1	97.8	100.0	960	0.0	NZ_CP073665.1	3844277	1	493	443612	445093
DEGQ_CFFIHE_02734	GCF_018223805.1	Burkholderia cenocepacia	3_large	True	4	1	1	98.2	100.0	961	0.0	NZ_CP073674.1	3704668	1	494	3092058	3093542
DEGQ_CFFIHE_02734	GCF_018228345.1	Burkholderia pseudomallei	2_large	False	4	1	1	86.2	99.0	817	0.0	NZ_CP073722.1	3947811	1	495	3130061	3131548
DEGQ_CFFIHE_02734	GCF_018228385.1	Burkholderia pseudomallei	2_large	False	4	1	1	86.2	99.0	817	0.0	NZ_CP073728.1	3990066	1	495	3134272	3135759
DEGQ_CFFIHE_02734	GCF_018228525.1	Burkholderia pseudomallei	2_large	False	4	1	1	86.2	99.0	817	0.0	NZ_CP073725.1	3995906	1	495	3189242	3190729
DEGQ_CFFIHE_02734	GCF_018228545.1	Burkholderia pseudomallei	2_large	False	4	1	1	86.2	99.0	817	0.0	NZ_CP073740.1	3944884	1	495	3129857	3131344
DEGQ_CFFIHE_02734	GCF_018228565.1	Burkholderia pseudomallei	2_large	False	4	1	1	86.2	99.0	817	0.0	NZ_CP073734.1	3945139	1	495	3130056	3131543
DEGQ_CFFIHE_02734	GCF_018228585.1	Burkholderia pseudomallei	2_large	False	4	1	1	86.2	99.0	817	0.0	NZ_CP073731.1	3985679	1	495	1363503	1364990
DEGQ_CFFIHE_02734	GCF_018228605.1	Burkholderia pseudomallei	2_large	False	4	1	1	86.2	99.0	817	0.0	NZ_CP073737.1	3985970	1	495	3214203	3215690
DEGQ_CFFIHE_02734	GCF_018228625.1	Burkholderia cenocepacia	3_large	True	4	1	1	98.2	100.0	961	0.0	NZ_CP073702.1	3809848	1	494	626615	628099
DEGQ_CFFIHE_02734	GCF_018408855.1	Caballeronia sp. NK8	4+_large	False	4	1	1	72.6	99.0	675	0.0	NZ_AP024322.1	3069135	1	501	583774	585279
DEGQ_CFFIHE_02734	GCF_018417535.1	Burkholderia pyrrocinia	3_large	True	5	1	1	97.4	100.0	956	0.0	NZ_CP070977.1	3911642	1	494	3763127	3764611
DEGQ_CFFIHE_02734	GCF_018771365.1	Burkholderia pseudomallei	2_large	False	5	1	1	86.2	99.0	817	0.0	NZ_CP076297.1	4046877	1	495	3308795	3310282
DEGQ_CFFIHE_02734	GCF_019428685.1	Paraburkholderia edwinii	2_large	False	5	1	1	76.4	99.0	710	0.0	NZ_CP080095.1	4926881	1	505	4540998	4542515
DEGQ_CFFIHE_02734	GCF_019915365.1	Burkholderia contaminans	3_large	True	5	1	1	97.8	100.0	960	0.0	NZ_CP082807.1	3770220	1	493	3157176	3158657
DEGQ_CFFIHE_02734	GCF_019930785.1	Burkholderia dolosa	3_large	True	5	1	1	92.9	100.0	882	0.0	NZ_CP082882.1	3410295	1	494	70203	71687
DEGQ_CFFIHE_02734	GCF_020099355.1	Burkholderia vietnamiensis	3_large	True	6	1	1	94.3	100.0	898	0.0	NZ_CP083655.1	3317416	1	494	1999735	2001219
DEGQ_CFFIHE_02734	GCF_020544345.1	Paraburkholderia caribensis	3_large	False	5	1	1	77.0	99.0	697	0.0	NZ_CP065403.1	3678836	1	501	622424	623929
DEGQ_CFFIHE_02734	GCF_020736245.1	Burkholderia dolosa	3_large	True	5	1	1	92.9	100.0	882	0.0	NZ_CP085967.1	3408891	1	494	2536715	2538199
DEGQ_CFFIHE_02734	GCF_020843905.1	Burkholderia ambifaria	3_large	True	4	1	1	94.5	100.0	899	0.0	NZ_CP086291.1	3458711	1	494	2822006	2823490
DEGQ_CFFIHE_02734	GCF_020843925.1	Burkholderia ambifaria	3_large	True	4	1	1	94.5	100.0	899	0.0	NZ_CP086297.1	3485251	1	494	2872619	2874103
DEGQ_CFFIHE_02734	GCF_020843945.1	Burkholderia sp. B21-007	3_large	True	5	1	1	96.2	100.0	938	0.0	NZ_CP086294.1	3516315	1	494	2904690	2906174
DEGQ_CFFIHE_02734	GCF_020843965.1	Burkholderia sp. B21-005	3_large	True	5	1	1	96.2	100.0	938	0.0	NZ_CP086301.1	3525632	1	494	2887749	2889233
DEGQ_CFFIHE_02734	GCF_020843985.1	Burkholderia ambifaria	3_large	True	4	1	1	94.5	100.0	899	0.0	NZ_CP086304.1	3493642	1	494	2850325	2851809
DEGQ_CFFIHE_02734	GCF_020885575.1	Paraburkholderia terrae	4+_large	False	6	1	1	76.9	99.0	697	0.0	NZ_AP024955.1	3616985	1	503	518254	519765
DEGQ_CFFIHE_02734	GCF_021344035.2	Burkholderia cepacia	3_large	True	6	1	1	97.6	100.0	955	0.0	NZ_CP158565.1	3787680	2	494	715788	717272
DEGQ_CFFIHE_02734	GCF_021484945.1	Burkholderia cepacia	3_large	True	4	1	1	97.4	100.0	952	0.0	NZ_CP090608.1	3739938	1	494	3126379	3127863
DEGQ_CFFIHE_02734	GCF_021535065.1	Burkholderia cenocepacia	3_large	True	4	1	1	99.0	100.0	974	0.0	NZ_CP091012.1	3525059	1	692	2915978	2918056
DEGQ_CFFIHE_02734	GCF_021899435.1	Burkholderia aenigmatica	4+_large	True	5	1	1	97.0	100.0	950	0.0	NZ_CP091646.1	3810362	1	494	3171751	3173235
DEGQ_CFFIHE_02734	GCF_022213445.1	Burkholderia vietnamiensis	3_large	True	7	1	1	94.1	100.0	895	0.0	NZ_CP091985.1	3402659	1	494	1455624	1457108
DEGQ_CFFIHE_02734	GCF_022533485.1	Burkholderia contaminans	3_large	True	6	1	1	97.8	100.0	960	0.0	NZ_CP092851.1	3627156	1	493	3011386	3012867
DEGQ_CFFIHE_02734	GCF_022809715.1	Burkholderia pyrrocinia	3_large	True	4	1	1	96.8	100.0	951	0.0	NZ_CP094459.1	3636047	1	494	3016452	3017936
DEGQ_CFFIHE_02734	GCF_022879575.1	Caballeronia sp. SL2Y3	4+_large	False	4	1	1	75.4	99.0	670	0.0	NZ_CP084260.1	2839232	1	500	478960	480462
DEGQ_CFFIHE_02734	GCF_022879595.1	Caballeronia sp. Lep1P3	4+_large	False	5	1	1	75.8	99.0	694	0.0	NZ_CP084265.1	3096937	1	500	2574198	2575700
DEGQ_CFFIHE_02734	GCF_022879615.1	Caballeronia grimmiae	4+_large	False	4	1	1	74.0	99.0	682	0.0	NZ_CP084271.1	2870354	1	504	2344836	2346350
DEGQ_CFFIHE_02734	GCF_022879815.1	Caballeronia zhejiangensis	4+_large	False	4	1	1	75.2	99.0	671	0.0	NZ_CP084283.1	3035511	1	501	485319	486824
DEGQ_CFFIHE_02734	GCF_023053515.1	Burkholderia cepacia	3_large	True	4	1	1	97.4	100.0	952	0.0	NZ_CP095498.1	3808121	1	494	3198120	3199604
DEGQ_CFFIHE_02734	GCF_023169865.1	Paraburkholderia terrae	4+_large	False	6	1	1	76.9	99.0	691	0.0	NZ_AP025256.1	3743440	1	503	520022	521533
DEGQ_CFFIHE_02734	GCF_023170545.1	Caballeronia sp. Sq4a	4+_large	False	4	1	1	75.8	99.0	668	0.0	NZ_CP084250.1	2943172	1	500	507640	509142
DEGQ_CFFIHE_02734	GCF_023373625.1	Burkholderia multivorans	3_large	True	5	1	1	92.9	100.0	872	0.0	NZ_CP090771.1	3570861	1	494	653460	654944
DEGQ_CFFIHE_02734	GCF_023373645.1	Burkholderia multivorans	3_large	True	5	1	1	92.9	100.0	872	0.0	NZ_CP090774.1	3570838	1	494	655906	657390
DEGQ_CFFIHE_02734	GCF_023373665.1	Burkholderia multivorans	3_large	True	5	1	1	92.9	100.0	872	0.0	NZ_CP090779.1	3398546	1	494	2710368	2711852
DEGQ_CFFIHE_02734	GCF_023373685.1	Burkholderia multivorans	3_large	True	5	1	1	92.9	100.0	872	0.0	NZ_CP090782.1	3398495	1	494	687134	688618
DEGQ_CFFIHE_02734	GCF_023373725.1	Burkholderia vietnamiensis	3_large	True	5	1	1	94.3	100.0	898	0.0	NZ_CP090786.1	3275779	1	494	2355926	2357410
DEGQ_CFFIHE_02734	GCF_023374315.1	Burkholderia multivorans	3_large	True	5	1	1	92.9	100.0	872	0.0	NZ_CP090673.1	3359399	1	494	2416592	2418076
DEGQ_CFFIHE_02734	GCF_023374335.1	Burkholderia cenocepacia	3_large	True	4	1	1	98.2	100.0	961	0.0	NZ_CP090676.1	3511327	1	494	2840922	2842406
DEGQ_CFFIHE_02734	GCF_023374355.1	Burkholderia multivorans	3_large	True	5	1	1	92.9	100.0	872	0.0	NZ_CP090680.1	3398001	1	494	2755082	2756566
DEGQ_CFFIHE_02734	GCF_023374375.1	Burkholderia multivorans	3_large	True	5	1	1	92.9	100.0	872	0.0	NZ_CP090682.1	3466987	1	494	2764645	2766129
DEGQ_CFFIHE_02734	GCF_023374395.1	Burkholderia multivorans	3_large	True	5	1	1	92.9	100.0	872	0.0	NZ_CP090687.1	3360663	1	494	2710622	2712106
DEGQ_CFFIHE_02734	GCF_023374415.1	Burkholderia multivorans	3_large	True	5	1	1	92.9	100.0	872	0.0	NZ_CP090689.1	3465544	1	494	701544	703028
DEGQ_CFFIHE_02734	GCF_023374435.1	Burkholderia multivorans	3_large	True	5	1	1	92.9	100.0	872	0.0	NZ_CP090692.1	3484443	1	494	643499	644983
DEGQ_CFFIHE_02734	GCF_023374455.1	Burkholderia multivorans	3_large	True	5	1	1	93.1	100.0	872	0.0	NZ_CP090695.1	3365308	1	494	648341	649825
DEGQ_CFFIHE_02734	GCF_023374475.1	Burkholderia cepacia	2_large	False	6	1	1	97.6	100.0	955	0.0	NZ_CP090699.1	4997612	1	494	669241	670725
DEGQ_CFFIHE_02734	GCF_023374495.1	Burkholderia multivorans	3_large	True	5	1	1	92.9	100.0	872	0.0	NZ_CP090701.1	3393740	1	494	2208333	2209817
DEGQ_CFFIHE_02734	GCF_023374515.1	Burkholderia multivorans	3_large	True	5	1	1	92.9	100.0	872	0.0	NZ_CP090703.1	3374995	1	494	2674457	2675941
DEGQ_CFFIHE_02734	GCF_023374535.1	Burkholderia multivorans	3_large	True	5	1	1	92.9	100.0	872	0.0	NZ_CP090707.1	3374577	1	494	2424715	2426199
DEGQ_CFFIHE_02734	GCF_023374575.1	Burkholderia multivorans	3_large	True	5	1	1	92.9	100.0	872	0.0	NZ_CP090714.1	3569564	1	494	2874058	2875542
DEGQ_CFFIHE_02734	GCF_023374595.1	Burkholderia multivorans	3_large	True	5	1	1	92.9	100.0	872	0.0	NZ_CP090718.1	3465546	1	494	701553	703037
DEGQ_CFFIHE_02734	GCF_023374615.1	Burkholderia multivorans	3_large	True	5	1	1	93.1	100.0	872	0.0	NZ_CP090721.1	3365315	1	494	2726756	2728240
DEGQ_CFFIHE_02734	GCF_023374635.1	Burkholderia multivorans	3_large	True	5	1	1	92.9	100.0	872	0.0	NZ_CP090724.1	3347122	1	494	948634	950118
DEGQ_CFFIHE_02734	GCF_023374655.1	Burkholderia multivorans	3_large	True	5	1	1	92.9	100.0	872	0.0	NZ_CP090728.1	3378067	1	494	662578	664062
DEGQ_CFFIHE_02734	GCF_023374675.1	Burkholderia cepacia	3_large	True	6	1	1	97.6	100.0	955	0.0	NZ_CP090730.1	3639129	1	494	1067204	1068688
DEGQ_CFFIHE_02734	GCF_023374695.1	Burkholderia multivorans	3_large	True	5	1	1	92.9	100.0	872	0.0	NZ_CP090733.1	3383971	1	494	888995	890479
DEGQ_CFFIHE_02734	GCF_023374715.1	Burkholderia cepacia	3_large	True	6	1	1	97.6	100.0	955	0.0	NZ_CP090737.1	3639150	1	494	693076	694560
DEGQ_CFFIHE_02734	GCF_023374735.1	Burkholderia multivorans	3_large	True	5	1	1	92.9	100.0	872	0.0	NZ_CP090740.1	3414095	1	494	723684	725168
DEGQ_CFFIHE_02734	GCF_023374755.1	Burkholderia multivorans	3_large	True	5	1	1	92.9	100.0	872	0.0	NZ_CP090746.1	3400005	1	494	688391	689875
DEGQ_CFFIHE_02734	GCF_023374775.1	Burkholderia multivorans	3_large	True	5	1	1	92.9	100.0	872	0.0	NZ_CP090747.1	3488591	1	494	648162	649646
DEGQ_CFFIHE_02734	GCF_023374795.1	Burkholderia multivorans	3_large	True	5	1	1	92.9	100.0	872	0.0	NZ_CP090753.1	3369738	1	494	2422959	2424443
DEGQ_CFFIHE_02734	GCF_023374815.1	Burkholderia multivorans	3_large	True	5	1	1	92.9	100.0	872	0.0	NZ_CP090757.1	3440126	1	494	687067	688551
DEGQ_CFFIHE_02734	GCF_023374835.1	Burkholderia cenocepacia	3_large	True	4	1	1	98.2	100.0	961	0.0	NZ_CP090760.1	3511529	1	494	1053653	1055137
DEGQ_CFFIHE_02734	GCF_023374855.1	Burkholderia cenocepacia	3_large	True	4	1	1	98.2	100.0	961	0.0	NZ_CP090763.1	3511584	1	494	682148	683632
DEGQ_CFFIHE_02734	GCF_023374875.1	Burkholderia multivorans	3_large	True	5	1	1	92.9	100.0	872	0.0	NZ_CP090766.1	3465547	1	494	701553	703037
DEGQ_CFFIHE_02734	GCF_023374895.1	Burkholderia multivorans	2_large	False	5	1	1	93.1	100.0	872	0.0	NZ_CP090770.1	3372199	1	494	648372	649856
DEGQ_CFFIHE_02734	GCF_023658595.1	Burkholderia gladioli	2_large	False	4	1	1	85.0	100.0	781	0.0	NZ_CP098321.1	4166767	1	499	3558157	3559656
DEGQ_CFFIHE_02734	GCF_024022955.1	Burkholderia glumae	2_large	False	4	1	1	86.1	100.0	797	0.0	NZ_CP099587.1	3746832	1	496	3180158	3181648
DEGQ_CFFIHE_02734	GCF_024072595.1	Paraburkholderia fungorum	3_large	False	5	1	1	79.3	99.0	739	0.0	NZ_CP099623.1	4941516	1	502	4173390	4174898
DEGQ_CFFIHE_02734	GCF_024072715.1	Paraburkholderia fungorum	3_large	False	5	1	1	79.3	99.0	739	0.0	NZ_CP099627.1	4941518	1	502	4173392	4174900
DEGQ_CFFIHE_02734	GCF_024123895.1	Paraburkholderia fungorum	3_large	False	5	1	1	79.3	99.0	739	0.0	NZ_CP099647.1	4780939	1	502	4032768	4034276
DEGQ_CFFIHE_02734	GCF_024381035.2	Burkholderia arboris	3_large	True	5	1	1	97.4	100.0	956	0.0	NZ_CP101524.1	3787783	1	494	3162177	3163661
DEGQ_CFFIHE_02734	GCF_024600575.1	Burkholderia cepacia	3_large	True	7	1	1	97.6	100.0	955	0.0	NZ_CP102329.1	3611571	1	494	2986497	2987981
DEGQ_CFFIHE_02734	GCF_024661975.1	Burkholderia contaminans	3_large	True	5	1	1	97.6	100.0	959	0.0	NZ_CP102482.1	3812061	1	493	3171484	3172965
DEGQ_CFFIHE_02734	GCF_024662395.1	Burkholderia glumae	2_large	False	4	1	1	86.1	100.0	797	0.0	NZ_CP100131.1	3738765	1	496	3159413	3160903
DEGQ_CFFIHE_02734	GCF_024662415.1	Burkholderia glumae	2_large	False	4	1	1	86.1	100.0	797	0.0	NZ_CP100136.1	3644544	1	496	3044982	3046472
DEGQ_CFFIHE_02734	GCF_024662435.1	Burkholderia glumae	2_large	False	4	1	1	86.1	100.0	797	0.0	NZ_CP100140.1	3791140	1	496	3241453	3242943
DEGQ_CFFIHE_02734	GCF_024662455.1	Burkholderia glumae	2_large	False	4	1	1	86.1	100.0	797	0.0	NZ_CP100144.1	3726678	1	496	3167931	3169421
DEGQ_CFFIHE_02734	GCF_024662475.1	Burkholderia glumae	2_large	False	4	1	1	86.1	100.0	797	0.0	NZ_CP100150.1	3912005	1	496	3367816	3369306
DEGQ_CFFIHE_02734	GCF_024662615.1	Burkholderia glumae	2_large	False	4	1	1	86.1	100.0	797	0.0	NZ_CP100156.1	3912005	1	496	3190963	3192453
DEGQ_CFFIHE_02734	GCF_024662735.1	Burkholderia glumae	2_large	False	4	1	1	86.1	100.0	797	0.0	NZ_CP100162.1	3912005	1	496	3367822	3369312
DEGQ_CFFIHE_02734	GCF_024662895.1	Burkholderia glumae	2_large	False	4	1	1	86.1	100.0	797	0.0	NZ_CP100168.1	3912005	1	496	3364244	3365734
DEGQ_CFFIHE_02734	GCF_024663015.1	Burkholderia glumae	2_large	False	4	1	1	86.1	100.0	797	0.0	NZ_CP100181.1	3673124	1	496	3124070	3125560
DEGQ_CFFIHE_02734	GCF_024663135.1	Burkholderia glumae	2_large	False	4	1	1	86.1	100.0	797	0.0	NZ_CP100174.1	3625957	1	496	3078680	3080170
DEGQ_CFFIHE_02734	GCF_024663255.1	Burkholderia glumae	2_large	False	4	1	1	86.1	100.0	797	0.0	NZ_CP100186.1	3738765	1	496	3159422	3160912
DEGQ_CFFIHE_02734	GCF_024663375.1	Burkholderia glumae	2_large	False	4	1	1	86.1	100.0	797	0.0	NZ_CP100191.1	3912005	1	496	3364245	3365735
DEGQ_CFFIHE_02734	GCF_024663615.1	Burkholderia glumae	2_large	False	4	1	1	86.1	100.0	797	0.0	NZ_CP100197.1	3912004	1	496	3364233	3365723
DEGQ_CFFIHE_02734	GCF_024663775.1	Burkholderia glumae	2_large	False	4	1	1	86.1	100.0	797	0.0	NZ_CP100203.1	3912005	1	496	3364245	3365735
DEGQ_CFFIHE_02734	GCF_024663895.1	Burkholderia glumae	2_large	False	4	1	1	86.1	100.0	797	0.0	NZ_CP100209.1	3912005	1	496	3364245	3365735
DEGQ_CFFIHE_02734	GCF_024663975.1	Burkholderia glumae	2_large	False	4	1	1	86.1	100.0	797	0.0	NZ_CP100215.1	3912006	1	496	3364223	3365713
DEGQ_CFFIHE_02734	GCF_024663995.1	Burkholderia glumae	2_large	False	4	1	1	86.1	100.0	797	0.0	NZ_CP100221.1	3912004	1	496	3364243	3365733
DEGQ_CFFIHE_02734	GCF_024664015.1	Burkholderia glumae	2_large	False	4	1	1	86.1	100.0	797	0.0	NZ_CP100233.1	3690419	1	496	3089676	3091166
DEGQ_CFFIHE_02734	GCF_024664035.1	Burkholderia glumae	2_large	False	4	1	1	86.1	100.0	797	0.0	NZ_CP100227.1	3912006	1	496	3364245	3365735
DEGQ_CFFIHE_02734	GCF_024664055.1	Burkholderia glumae	2_large	False	4	1	1	86.1	100.0	797	0.0	NZ_CP100238.1	3827400	1	496	3279316	3280806
DEGQ_CFFIHE_02734	GCF_024664075.1	Burkholderia glumae	2_large	False	4	1	1	86.1	100.0	797	0.0	NZ_CP100244.1	3779053	1	496	3234139	3235629
DEGQ_CFFIHE_02734	GCF_024664095.1	Burkholderia glumae	2_large	False	4	1	1	86.1	100.0	797	0.0	NZ_CP100250.1	3702773	1	496	3116434	3117924
DEGQ_CFFIHE_02734	GCF_024664115.1	Burkholderia glumae	2_large	False	4	1	1	86.3	100.0	799	0.0	NZ_CP100262.1	3734736	1	496	3165837	3167327
DEGQ_CFFIHE_02734	GCF_024664135.1	Burkholderia glumae	3_large	False	4	1	1	86.1	100.0	797	0.0	NZ_CP100256.1	3593726	1	496	3049249	3050739
DEGQ_CFFIHE_02734	GCF_024664155.1	Burkholderia glumae	2_large	False	4	1	1	86.1	100.0	797	0.0	NZ_CP100268.1	3912005	1	496	3367823	3369313
DEGQ_CFFIHE_02734	GCF_024664175.1	Burkholderia glumae	2_large	False	4	1	1	86.1	100.0	797	0.0	NZ_CP100274.1	3912005	1	496	3367821	3369311
DEGQ_CFFIHE_02734	GCF_024664195.1	Burkholderia glumae	2_large	False	4	1	1	86.1	100.0	797	0.0	NZ_CP100280.1	3764216	1	496	3167223	3168713
DEGQ_CFFIHE_02734	GCF_024664215.1	Burkholderia glumae	2_large	False	4	1	1	86.1	100.0	797	0.0	NZ_CP100285.1	3625957	1	496	3012043	3013533
DEGQ_CFFIHE_02734	GCF_024664235.1	Burkholderia glumae	2_large	False	4	1	1	86.1	100.0	797	0.0	NZ_CP100291.1	3651865	1	496	3098033	3099523
DEGQ_CFFIHE_02734	GCF_024664255.1	Burkholderia glumae	2_large	False	4	1	1	86.1	100.0	797	0.0	NZ_CP100296.1	3775023	1	496	3154773	3156263
DEGQ_CFFIHE_02734	GCF_024664275.1	Burkholderia glumae	1_large	False	4	1	1	86.1	100.0	797	0.0	NZ_CP100300.1	6490471	1	496	5943758	5945248
DEGQ_CFFIHE_02734	GCF_024730645.1	Burkholderia sp. EMB26	3_large	True	4	1	1	98.2	100.0	961	0.0	NZ_CP078070.1	3561162	1	494	2962246	2963730
DEGQ_CFFIHE_02734	GCF_024732225.1	Burkholderia pyrrocinia	3_large	True	6	1	1	97.4	100.0	956	0.0	NZ_CP091307.1	3713209	1	494	2500505	2501989
DEGQ_CFFIHE_02734	GCF_024760585.1	Burkholderia glumae	2_large	False	4	1	1	86.1	100.0	797	0.0	NZ_CP033656.1	4105390	1	496	3471069	3472559
DEGQ_CFFIHE_02734	GCF_024760605.1	Burkholderia glumae	2_large	False	4	1	1	86.1	100.0	797	0.0	NZ_CP033664.1	3742794	1	496	3196148	3197638
DEGQ_CFFIHE_02734	GCF_024760625.1	Burkholderia glumae	2_large	False	4	1	1	86.3	100.0	799	0.0	NZ_CP033666.1	3815313	1	496	3195546	3197036
DEGQ_CFFIHE_02734	GCF_024760645.1	Burkholderia glumae	1_large	False	4	1	1	86.1	100.0	797	0.0	NZ_CP033672.1	6450182	1	496	5904204	5905694
DEGQ_CFFIHE_02734	GCF_025244785.1	Burkholderia gladioli	2_large	False	4	1	1	85.0	100.0	781	0.0	NZ_CP104214.1	4167159	1	499	3542657	3544156
DEGQ_CFFIHE_02734	GCF_025560745.1	Burkholderia sp. S-53	3_large	True	4	1	1	97.4	100.0	954	0.0	NZ_CP090483.1	3696988	1	494	3045862	3047346
DEGQ_CFFIHE_02734	GCF_025643495.1	Burkholderia multivorans	3_large	True	5	1	1	92.9	100.0	872	0.0	NZ_CP102458.1	3495006	1	494	2839321	2840805
DEGQ_CFFIHE_02734	GCF_025643515.1	Burkholderia contaminans	3_large	True	5	1	1	97.8	100.0	960	0.0	NZ_CP102462.1	3846952	1	493	3216974	3218455
DEGQ_CFFIHE_02734	GCF_025643555.1	Burkholderia multivorans	3_large	True	5	1	1	92.9	100.0	872	0.0	NZ_CP102472.1	3417441	1	494	2788520	2790004
DEGQ_CFFIHE_02734	GCF_025643575.1	Burkholderia cenocepacia	3_large	True	5	1	1	98.0	100.0	958	0.0	NZ_CP102475.1	3777894	1	494	3113108	3114592
DEGQ_CFFIHE_02734	GCF_026315005.1	Burkholderia pseudomallei	2_large	False	4	1	1	86.2	99.0	817	0.0	NZ_CP111136.1	4070995	1	495	3237155	3238642
DEGQ_CFFIHE_02734	GCF_026315025.1	Burkholderia pseudomallei	2_large	False	4	1	1	86.2	99.0	817	0.0	NZ_CP111139.1	4018017	1	495	2693028	2694515
DEGQ_CFFIHE_02734	GCF_026315045.1	Burkholderia pseudomallei	2_large	False	4	1	1	86.2	99.0	817	0.0	NZ_CP111141.1	4018161	1	495	1329469	1330956
DEGQ_CFFIHE_02734	GCF_026651625.1	Burkholderia gladioli	2_large	False	4	1	1	85.0	100.0	781	0.0	NZ_CP031452.1	4282277	1	499	1736037	1737536
DEGQ_CFFIHE_02734	GCF_026651975.1	Burkholderia glumae	2_large	False	4	1	1	86.1	100.0	797	0.0	NZ_CP033641.1	3912007	1	496	3364224	3365714
DEGQ_CFFIHE_02734	GCF_026651995.1	Burkholderia glumae	2_large	False	4	1	1	86.1	100.0	797	0.0	NZ_CP033645.1	3912007	1	496	3364210	3365700
DEGQ_CFFIHE_02734	GCF_026652015.1	Burkholderia glumae	2_large	False	4	1	1	86.1	100.0	797	0.0	NZ_CP033653.1	3912007	1	496	3364224	3365714
DEGQ_CFFIHE_02734	GCF_026683835.2	Burkholderia ambifaria	3_large	True	4	1	1	94.3	100.0	896	0.0	NZ_CP113272.2	3490225	1	494	2855121	2856605
DEGQ_CFFIHE_02734	GCF_026683855.2	Burkholderia ambifaria	3_large	True	4	1	1	94.5	100.0	899	0.0	NZ_CP113278.2	3556328	1	494	2932078	2933562
DEGQ_CFFIHE_02734	GCF_026683875.2	Burkholderia ambifaria	3_large	True	4	1	1	94.5	100.0	899	0.0	NZ_CP113275.2	3555659	1	494	2932198	2933682
DEGQ_CFFIHE_02734	GCF_026958255.1	Burkholderia ambifaria	3_large	True	4	1	1	94.5	100.0	899	0.0	NZ_CP092843.1	3495354	1	494	2870971	2872455
DEGQ_CFFIHE_02734	GCF_028201395.1	Burkholderia pseudomallei	2_large	False	4	1	1	86.2	99.0	817	0.0	NZ_CP116403.1	3880899	1	495	3153807	3155294
DEGQ_CFFIHE_02734	GCF_028462305.2	Burkholderia cepacia	3_large	True	4	1	1	97.6	100.0	955	0.0	NZ_CP159409.1	3708767	1	494	3092438	3093922
DEGQ_CFFIHE_02734	GCF_028473685.1	Paraburkholderia bryophila	2_large	False	5	1	1	78.5	99.0	737	0.0	NZ_CP099394.1	4704593	1	505	3875759	3877276
DEGQ_CFFIHE_02734	GCF_028657905.1	Burkholderia sp. FERM BP-3421	3_large	False	4	1	1	85.6	99.0	807	0.0	NZ_CP117782.1	3899588	1	493	2341803	2343284
DEGQ_CFFIHE_02734	GCF_029536165.1	Paraburkholderia sp. SUR17	2_large	False	6	1	1	78.0	100.0	733	0.0	NZ_CP120508.1	3926784	1	500	489429	490931
DEGQ_CFFIHE_02734	GCF_029590335.1	Burkholderia contaminans	3_large	True	5	1	1	97.8	100.0	960	0.0	NZ_CP120947.1	3799460	1	493	3176983	3178464
DEGQ_CFFIHE_02734	GCF_029633645.1	Burkholderia contaminans	3_large	True	5	1	1	97.6	100.0	956	0.0	NZ_CP090632.1	3531688	1	494	1176546	1178030
DEGQ_CFFIHE_02734	GCF_029633805.1	Burkholderia contaminans	3_large	True	5	1	1	96.8	96.0	916	0.0	NZ_CP090635.1	3730746	1	477	2553290	2554723
DEGQ_CFFIHE_02734	GCF_029633825.1	Burkholderia contaminans	4+_large	True	6	1	1	97.8	100.0	960	0.0	NZ_CP090640.1	3816246	1	493	407139	408620
DEGQ_CFFIHE_02734	GCF_029910195.1	Burkholderia sp. JSH-S8	4+_large	False	5	1	1	92.1	100.0	878	0.0	NZ_CP110391.1	4252710	1	495	3521312	3522799
DEGQ_CFFIHE_02734	GCF_029910215.1	Paraburkholderia sp. D15	3_large	False	4	1	1	78.6	99.0	738	0.0	NZ_CP110395.1	4485038	1	504	3705441	3706955
DEGQ_CFFIHE_02734	GCF_029962485.1	Burkholderia cepacia	3_large	True	5	1	1	96.8	100.0	950	0.0	NZ_CP073637.1	3544176	1	494	2949955	2951439
DEGQ_CFFIHE_02734	GCF_030078435.1	Burkholderia vietnamiensis	3_large	True	5	1	1	94.3	100.0	898	0.0	NZ_CP120730.1	3314184	1	494	526625	528109
DEGQ_CFFIHE_02734	GCF_030297195.1	Burkholderia pseudomallei	2_large	False	4	1	1	86.2	99.0	817	0.0	NZ_AP028071.1	3958117	1	495	854112	855599
DEGQ_CFFIHE_02734	GCF_030297215.1	Burkholderia pseudomallei	2_large	False	4	1	1	86.2	99.0	817	0.0	NZ_AP028073.1	4060923	1	495	907307	908794
DEGQ_CFFIHE_02734	GCF_030297235.1	Burkholderia pseudomallei	2_large	False	4	1	1	86.2	99.0	817	0.0	NZ_AP028075.1	4050793	1	495	890740	892227
DEGQ_CFFIHE_02734	GCF_030297255.1	Burkholderia pseudomallei	2_large	False	4	1	1	86.2	99.0	817	0.0	NZ_AP028077.1	3937683	1	495	891871	893358
DEGQ_CFFIHE_02734	GCF_030297275.1	Burkholderia pseudomallei	2_large	False	4	1	1	86.2	99.0	817	0.0	NZ_AP028079.1	4035111	1	495	856187	857674
DEGQ_CFFIHE_02734	GCF_030297295.1	Burkholderia pseudomallei	2_large	False	4	1	1	86.2	99.0	817	0.0	NZ_AP028081.1	3997477	1	495	842206	843693
DEGQ_CFFIHE_02734	GCF_030297315.1	Burkholderia pseudomallei	2_large	False	4	1	1	86.2	99.0	817	0.0	NZ_AP028083.1	3937533	1	495	891852	893339
DEGQ_CFFIHE_02734	GCF_030297335.1	Burkholderia pseudomallei	2_large	False	4	1	1	86.2	99.0	817	0.0	NZ_AP028086.1	4104708	1	495	840078	841565
DEGQ_CFFIHE_02734	GCF_030297355.1	Burkholderia pseudomallei	2_large	False	4	1	1	86.2	99.0	817	0.0	NZ_AP028088.1	3957973	1	495	854074	855561
DEGQ_CFFIHE_02734	GCF_030316055.1	Paraburkholderia bonniea	2_large	False	2	0	3	47.4	90.0	385	9.92e-128	NZ_CP128231.1	3124405	1	496	2342948	2344438
DEGQ_CFFIHE_02734	GCF_030316075.1	Paraburkholderia bonniea	2_large	False	2	0	3	47.4	90.0	385	9.92e-128	NZ_CP128229.1	3128458	1	496	2346995	2348485
DEGQ_CFFIHE_02734	GCF_030374675.1	Burkholderia anthina	3_large	True	4	1	1	98.8	100.0	969	0.0	NZ_CP126321.1	3584230	1	493	608672	610153
DEGQ_CFFIHE_02734	GCF_030412785.1	Paraburkholderia sabiae	4+_large	False	5	1	1	77.8	99.0	709	0.0	NZ_CP125295.1	6584006	1	502	556149	557657
DEGQ_CFFIHE_02734	GCF_030505635.1	Burkholderia glumae	2_large	False	4	1	1	86.1	100.0	797	0.0	NZ_CP130145.1	3417499	2	496	2867156	2868646
DEGQ_CFFIHE_02734	GCF_030644525.1	Burkholderia plantarii	2_large	False	5	1	1	86.5	100.0	788	0.0	NZ_CP066798.1	4199852	1	497	1656135	1657628
DEGQ_CFFIHE_02734	GCF_030848725.1	Burkholderia dolosa	3_large	True	4	1	1	92.9	100.0	882	0.0	NZ_CP132922.1	3298494	1	494	2702590	2704074
DEGQ_CFFIHE_02734	GCF_031356765.1	Paraburkholderia phenoliruptrix	2_large	False	5	1	1	79.2	99.0	742	0.0	NZ_CP119873.1	4104520	1	503	720992	722503
DEGQ_CFFIHE_02734	GCF_031585635.1	Paraburkholderia sp. FT54	4+_large	False	5	1	1	77.7	99.0	718	0.0	NZ_CP134195.1	4214684	1	507	722591	724114
DEGQ_CFFIHE_02734	GCF_032806925.1	Paraburkholderia kirstenboschensis	3_large	False	5	1	1	77.5	99.0	734	0.0	NZ_CP136513.1	4098314	1	506	2091370	2092890
DEGQ_CFFIHE_02734	GCF_033391855.2	Paraburkholderia terrae	4+_large	False	6	1	1	76.5	99.0	691	0.0	NZ_CM138824.1	3985594	1	504	3749596	3751110
DEGQ_CFFIHE_02734	GCF_033675275.1	Burkholderia thailandensis	2_large	False	4	1	1	87.0	99.0	823	0.0	NZ_QXCS01000002.1	3920696	1	495	668769	670256
DEGQ_CFFIHE_02734	GCF_033675305.1	Burkholderia thailandensis	2_large	False	4	1	1	87.0	99.0	823	0.0	NZ_QXCT01000002.1	3823994	1	495	2565067	2566554
DEGQ_CFFIHE_02734	GCF_033675325.1	Burkholderia cepacia	3_large	True	5	1	1	97.6	100.0	955	0.0	NZ_QXCU01000001.1	3848587	1	494	3383716	3385200
DEGQ_CFFIHE_02734	GCF_033870355.1	Burkholderia mallei	2_large	False	4	1	1	86.2	99.0	817	0.0	NZ_CP124606.1	2668693	2	495	818583	820070
DEGQ_CFFIHE_02734	GCF_033870375.1	Burkholderia mallei	2_large	False	4	1	1	86.2	99.0	817	0.0	NZ_CP124603.1	3558661	1	495	1383211	1384698
DEGQ_CFFIHE_02734	GCF_033870395.1	Burkholderia mallei	1_large	False	4	1	1	86.2	99.0	817	0.0	NZ_CP124604.1	5822796	1	495	3651596	3653083
DEGQ_CFFIHE_02734	GCF_033956065.1	Burkholderia mallei	2_large	False	4	1	1	86.2	99.0	817	0.0	NZ_CP124608.1	3510110	1	495	326152	327639
DEGQ_CFFIHE_02734	GCF_034047095.1	Robbsia andropogonis	3_large	False	3	1	1	65.2	99.0	660	0.0	NZ_CP139170.1	3671051	1	518	1302417	1303973
DEGQ_CFFIHE_02734	GCF_034424375.1	Paraburkholderia kururiensis	1_large	False	6	1	1	78.1	100.0	736	0.0	NZ_CP139965.1	6677280	1	497	4838973	4840466
DEGQ_CFFIHE_02734	GCF_034424545.1	Trinickia caryophylli	2_large	False	4	1	1	79.2	99.0	749	0.0	NZ_CP139970.1	4294907	1	494	2963332	2964816
DEGQ_CFFIHE_02734	GCF_035621555.1	Burkholderia thailandensis	2_large	False	4	1	1	86.8	99.0	820	0.0	NZ_CP141809.1	3804194	1	495	3093194	3094681
DEGQ_CFFIHE_02734	GCF_036352035.1	Burkholderia multivorans	3_large	True	5	1	1	92.9	100.0	872	0.0	NZ_CP143552.1	3512161	1	494	2937187	2938671
DEGQ_CFFIHE_02734	GCF_036362805.1	Burkholderia multivorans	3_large	True	5	1	1	93.1	100.0	872	0.0	NZ_CP143589.1	3363426	1	494	2792672	2794156
DEGQ_CFFIHE_02734	GCF_036837415.1	Burkholderia gladioli	2_large	False	4	1	1	84.8	100.0	780	0.0	NZ_CP045573.1	4358639	1	499	1813432	1814931
DEGQ_CFFIHE_02734	GCF_036839165.1	Burkholderia gladioli	2_large	False	4	1	1	84.8	100.0	780	0.0	NZ_CP045576.1	4358648	1	499	1007216	1008715
DEGQ_CFFIHE_02734	GCF_037055255.1	Burkholderia pyrrocinia	3_large	True	5	1	1	97.4	100.0	953	0.0	NZ_CP146376.1	3779152	1	494	2810853	2812337
DEGQ_CFFIHE_02734	GCF_037101255.1	Paraburkholderia sp. 22B1P	4+_large	False	5	1	1	76.8	99.0	704	0.0	NZ_AP028996.1	3784668	1	505	554778	556295
DEGQ_CFFIHE_02734	GCF_037101275.1	Burkholderia contaminans	3_large	True	4	1	1	99.2	100.0	969	0.0	NZ_AP029053.1	3445782	1	493	1623854	1625335
DEGQ_CFFIHE_02734	GCF_037477895.1	Mycetohabitans endofungorum	2_large	False	3	1	1	74.5	99.0	688	0.0	NZ_CP132745.1	789630	2	486	427891	429351
DEGQ_CFFIHE_02734	GCF_037477905.1	Mycetohabitans endofungorum	2_large	False	3	1	1	74.5	99.0	687	0.0	NZ_CP132742.1	768340	2	486	368252	369712
DEGQ_CFFIHE_02734	GCF_037478035.1	Mycetohabitans endofungorum	2_large	False	3	1	1	74.5	99.0	687	0.0	NZ_CP062169.1	716486	2	486	412404	413864
DEGQ_CFFIHE_02734	GCF_037478045.1	Mycetohabitans rhizoxinica	2_large	False	3	1	1	73.5	99.0	682	0.0	NZ_CP062172.1	823248	2	486	513392	514852
DEGQ_CFFIHE_02734	GCF_037478055.1	Mycetohabitans rhizoxinica	2_large	False	3	1	1	73.9	99.0	684	0.0	NZ_CP062173.1	824220	2	486	519230	520690
DEGQ_CFFIHE_02734	GCF_037478065.1	Mycetohabitans rhizoxinica	2_large	False	3	1	1	73.9	99.0	685	0.0	NZ_CP062175.1	857052	2	486	529873	531333
DEGQ_CFFIHE_02734	GCF_037478075.1	Mycetohabitans endofungorum	2_large	False	3	1	1	73.1	99.0	677	0.0	NZ_CP062179.1	763274	2	486	428789	430249
DEGQ_CFFIHE_02734	GCF_037478085.1	Mycetohabitans endofungorum	2_large	False	3	1	1	74.5	99.0	688	0.0	NZ_CP062180.1	855141	2	486	516963	518423
DEGQ_CFFIHE_02734	GCF_038050405.1	Paraburkholderia sp. IMGN_8	2_large	False	7	1	1	78.8	99.0	739	0.0	NZ_CP150900.1	4664177	1	504	707905	709419
DEGQ_CFFIHE_02734	GCF_038452255.1	Burkholderia pyrrocinia	3_large	True	5	1	1	98.0	100.0	961	0.0	NZ_CP150849.1	3727794	1	494	3114482	3115966
DEGQ_CFFIHE_02734	GCF_038723655.1	Burkholderia arboris	3_large	True	5	1	1	97.4	100.0	956	0.0	NZ_CP109821.1	3651544	1	494	3022171	3023655
DEGQ_CFFIHE_02734	GCF_038782865.1	Burkholderia ambifaria	2_large	False	4	1	1	94.5	100.0	899	0.0	NZ_CP152371.1	4682183	1	494	415713	417197
DEGQ_CFFIHE_02734	GCF_038983115.1	Burkholderia pseudomallei	2_large	False	4	1	1	86.4	99.0	819	0.0	NZ_JAQIYQ010000001.1	3964337	1	495	3188306	3189793
DEGQ_CFFIHE_02734	GCF_038983225.1	Burkholderia pseudomallei	2_large	False	4	1	1	86.4	99.0	819	0.0	NZ_JAQIYP010000001.1	3964321	1	495	3188290	3189777
DEGQ_CFFIHE_02734	GCF_039621805.1	Paraburkholderia sp. PREW-6R	4+_large	False	4	1	1	78.0	99.0	731	0.0	NZ_CP155073.1	3453605	1	509	2745812	2747341
DEGQ_CFFIHE_02734	GCF_039728355.1	Burkholderia cenocepacia	3_large	True	4	1	1	98.0	100.0	958	0.0	NZ_CP155787.1	3780142	1	494	3181417	3182901
DEGQ_CFFIHE_02734	GCF_039848545.1	Burkholderia stagnalis	3_large	True	6	1	1	91.3	100.0	874	0.0	NZ_CP156685.1	3664175	1	495	1144034	1145521
DEGQ_CFFIHE_02734	GCF_039852015.1	Robbsia sp. KACC 23696	3_large	False	3	1	1	65.3	100.0	646	0.0	NZ_CP156626.1	3518780	1	520	1250861	1252423
DEGQ_CFFIHE_02734	GCF_040215475.1	Burkholderia contaminans	3_large	True	5	1	1	97.8	100.0	960	0.0	NZ_CP157953.1	3637183	1	493	3628814	3630295
DEGQ_CFFIHE_02734	GCF_040314805.1	Trinickia caryophylli	2_large	False	4	1	1	79.2	99.0	749	0.0	NZ_CP131477.1	4294889	1	494	3579274	3580758
DEGQ_CFFIHE_02734	GCF_040361905.1	Paraburkholderia terrae	4+_large	False	6	1	1	76.3	99.0	690	0.0	NZ_AP029613.1	3660500	1	504	548938	550452
DEGQ_CFFIHE_02734	GCF_040735455.1	Burkholderia semiarida	3_large	True	4	1	1	98.8	100.0	969	0.0	NZ_CP136803.1	3533168	1	493	2884176	2885657
DEGQ_CFFIHE_02734	GCF_040761425.1	Burkholderia sp. Ed8	3_large	True	4	1	1	98.4	100.0	967	0.0	NZ_CP142886.1	3809753	1	493	474085	475566
DEGQ_CFFIHE_02734	GCF_041070875.1	Burkholderia cepacia	3_large	True	4	1	1	97.6	100.0	955	0.0	NZ_CP163499.1	3600495	1	494	698006	699490
DEGQ_CFFIHE_02734	GCF_041205585.2	Burkholderia cenocepacia	3_large	True	4	1	1	98.2	100.0	961	0.0	NZ_CM145221.1	3538567	1	494	2924976	2926460
DEGQ_CFFIHE_02734	GCF_042604585.1	Burkholderia gladioli	2_large	False	4	1	1	85.0	100.0	781	0.0	NZ_CP152482.1	4159160	1	499	3504657	3506156
DEGQ_CFFIHE_02734	GCF_042604595.1	Burkholderia gladioli	2_large	False	4	1	1	84.6	100.0	780	0.0	NZ_CP152478.1	4218485	1	501	3587412	3588917
DEGQ_CFFIHE_02734	GCF_043193125.1	Burkholderia ambifaria	3_large	True	4	1	1	94.7	100.0	901	0.0	NZ_CP142981.1	3564602	1	494	2928943	2930427
DEGQ_CFFIHE_02734	GCF_044057485.1	Burkholderia contaminans	3_large	True	5	1	1	97.8	100.0	960	0.0	NZ_CP172007.1	3612598	1	493	2996826	2998307
DEGQ_CFFIHE_02734	GCF_044501195.1	Burkholderia anthina	3_large	True	6	1	1	94.3	100.0	900	0.0	NZ_CP162532.1	3704100	1	494	2953819	2955303
DEGQ_CFFIHE_02734	GCF_045345775.1	Burkholderia semiarida	3_large	True	4	1	1	98.8	100.0	969	0.0	NZ_CP174276.1	3559746	1	493	2934048	2935529
DEGQ_CFFIHE_02734	GCF_045348565.1	Paraburkholderia fungorum	4+_large	False	5	1	1	79.3	99.0	739	0.0	NZ_CP157346.1	5249169	1	502	4467913	4469421
DEGQ_CFFIHE_02734	GCF_045862465.1	Burkholderia gladioli pv. gladioli	2_large	False	5	1	1	85.0	100.0	781	0.0	NZ_AP024337.1	4563288	1	499	3926758	3928257
DEGQ_CFFIHE_02734	GCF_045925845.1	Burkholderia pyrrocinia	4+_large	True	4	1	1	96.8	100.0	951	0.0	NZ_CP174521.1	3687230	1	494	3069678	3071162
DEGQ_CFFIHE_02734	GCF_046773525.1	Burkholderia cepacia	3_large	True	5	1	1	97.0	100.0	950	0.0	NZ_CP177244.1	3764863	1	494	1427209	1428693
DEGQ_CFFIHE_02734	GCF_047127275.1	Burkholderia lata	3_large	True	5	1	1	97.6	100.0	956	0.0	NZ_CP098396.1	3731061	1	494	2556059	2557543
DEGQ_CFFIHE_02734	GCF_047325075.1	Paraburkholderia phenoliruptrix	2_large	False	5	1	1	79.3	99.0	743	0.0	NZ_CP168531.1	4115846	1	502	1102147	1103655
DEGQ_CFFIHE_02734	GCF_047497155.1	Burkholderia sp. 22PA0106	2_large	False	4	1	1	83.0	100.0	748	0.0	NZ_CP163163.1	4330113	1	500	3288826	3290328
DEGQ_CFFIHE_02734	GCF_047497165.1	Burkholderia sp. 22PA0099	2_large	False	4	1	1	82.2	100.0	746	0.0	NZ_CP163165.1	4232728	1	501	917385	918890
DEGQ_CFFIHE_02734	GCF_047902435.1	Burkholderia cepacia	3_large	True	6	1	1	97.6	100.0	955	0.0	NZ_CP138378.1	3790643	1	494	3177208	3178692
DEGQ_CFFIHE_02734	GCF_048565175.1	Burkholderia gladioli	2_large	False	4	1	1	85.3	100.0	781	0.0	NZ_CP183460.1	4218311	1	497	3593495	3594988
DEGQ_CFFIHE_02734	GCF_048565265.1	Burkholderia theae	3_large	True	5	1	1	97.0	100.0	950	0.0	NZ_CP183461.1	3718748	1	494	3095208	3096692
DEGQ_CFFIHE_02734	GCF_048627025.1	Burkholderia aenigmatica	4+_large	True	5	1	1	96.4	100.0	941	0.0	NZ_CP184468.1	3646165	1	495	3003467	3004954
DEGQ_CFFIHE_02734	GCF_048688115.1	Burkholderia thailandensis	2_large	False	4	1	1	86.8	99.0	820	0.0	NZ_CP166681.1	3929948	1	495	3287542	3289029
DEGQ_CFFIHE_02734	GCF_048917655.1	Burkholderia gladioli	2_large	False	4	1	1	85.3	100.0	782	0.0	NZ_CP183166.1	4163677	1	497	3544070	3545563
DEGQ_CFFIHE_02734	GCF_048917665.1	Burkholderia gladioli	2_large	False	4	1	1	85.3	100.0	782	0.0	NZ_CP183173.1	4163896	1	497	3543617	3545110
DEGQ_CFFIHE_02734	GCF_048917685.1	Burkholderia gladioli	2_large	False	4	1	1	85.3	100.0	782	0.0	NZ_CP183177.1	4163675	1	497	3544068	3545561
DEGQ_CFFIHE_02734	GCF_049177125.1	Paraburkholderia sp. DD10	2_large	False	5	1	1	79.4	99.0	731	0.0	NZ_CP185393.1	4077509	1	500	2701797	2703299
DEGQ_CFFIHE_02734	GCF_049487195.1	Burkholderia sp. NLJ2	3_large	True	5	1	1	97.2	100.0	952	0.0	NZ_CP137808.1	3615827	1	494	2968779	2970263
DEGQ_CFFIHE_02734	GCF_049913365.1	Burkholderia ambifaria	3_large	True	4	1	1	94.5	100.0	899	0.0	NZ_CP184381.1	3535213	1	494	2926107	2927591
DEGQ_CFFIHE_02734	GCF_049942845.1	Burkholderia sp. R-40	3_large	True	4	1	1	94.5	100.0	899	0.0	NZ_CP187967.1	3524452	1	494	2903498	2904982
DEGQ_CFFIHE_02734	GCF_050320195.1	Burkholderia pseudomallei	2_large	False	4	1	1	86.2	99.0	816	0.0	NZ_CP190013.1	4015981	1	495	2598699	2600186
DEGQ_CFFIHE_02734	GCF_050430075.1	Robbsia andropogonis	3_large	False	3	1	1	65.2	99.0	658	0.0	NZ_CP191271.1	3612886	1	518	1065400	1066956
DEGQ_CFFIHE_02734	GCF_050500075.1	Paraburkholderia tropica	4+_large	False	7	1	1	78.1	99.0	719	0.0	NZ_CP191362.1	3382895	1	503	1602481	1603992
DEGQ_CFFIHE_02734	GCF_050613125.1	Burkholderia gladioli	2_large	False	4	1	1	85.0	100.0	781	0.0	NZ_CP192536.1	4217528	1	499	3561151	3562650
DEGQ_CFFIHE_02734	GCF_050613135.1	Burkholderia cepacia	3_large	True	5	1	1	97.6	100.0	955	0.0	NZ_CP192533.1	3636339	1	494	2116144	2117628
DEGQ_CFFIHE_02734	GCF_050627075.1	Paraburkholderia fungorum	4+_large	False	5	1	1	79.3	99.0	739	0.0	NZ_CP192477.1	4729159	1	502	4304848	4306356
DEGQ_CFFIHE_02734	GCF_050627395.1	Paraburkholderia fungorum	4+_large	False	5	1	1	79.3	99.0	739	0.0	NZ_CP192495.1	4729161	1	502	1593803	1595311
DEGQ_CFFIHE_02734	GCF_050632305.1	Burkholderia contaminans	3_large	True	4	1	1	97.4	100.0	952	0.0	NZ_CP192556.1	3611118	1	494	2784814	2786298
DEGQ_CFFIHE_02734	GCF_050632315.1	Burkholderia contaminans	3_large	True	4	1	1	97.4	100.0	952	0.0	NZ_CP192545.1	3611832	1	494	706783	708267
DEGQ_CFFIHE_02734	GCF_050632325.1	Burkholderia cepacia	3_large	True	5	1	1	97.6	100.0	955	0.0	NZ_CP192560.1	3756401	1	494	3044765	3046249
DEGQ_CFFIHE_02734	GCF_050632335.1	Burkholderia contaminans	3_large	True	4	1	1	97.4	100.0	952	0.0	NZ_CP192552.1	3611822	1	494	2904228	2905712
DEGQ_CFFIHE_02734	GCF_050632345.1	Burkholderia contaminans	3_large	True	4	1	1	97.4	100.0	952	0.0	NZ_CP192563.1	3611841	1	494	799990	801474
DEGQ_CFFIHE_02734	GCF_050632355.1	Burkholderia cepacia	3_large	True	5	1	1	97.6	100.0	955	0.0	NZ_CP192549.1	3636668	1	494	2893497	2894981
DEGQ_CFFIHE_02734	GCF_050813845.1	Burkholderia sp. F1	3_large	False	6	1	1	92.5	100.0	887	0.0	NZ_CP172421.1	4012682	1	494	3390956	3392440
DEGQ_CFFIHE_02734	GCF_050858985.1	Burkholderia sp. M6-3	4+_large	False	4	1	1	77.7	99.0	731	0.0	NZ_CP110090.1	3921720	1	506	3238540	3240060
DEGQ_CFFIHE_02734	GCF_050920555.1	Burkholderia gladioli pv. alliicola	2_large	False	4	1	1	85.1	100.0	781	0.0	NZ_CP129639.1	4316582	1	497	3684853	3686346
DEGQ_CFFIHE_02734	GCF_050955445.1	Paraburkholderia sp. RHO2	2_large	False	5	0	4	37.0	53.0	167	4.71e-44	NZ_CP162617.1	5409342	1	502	1656599	1658107
DEGQ_CFFIHE_02734	GCF_050990585.1	Paraburkholderia phenoliruptrix	2_large	False	5	1	1	79.2	99.0	742	0.0	NZ_CP158825.1	3767830	1	503	3056285	3057796
DEGQ_CFFIHE_02734	GCF_050990595.1	Paraburkholderia sacchari	4+_large	False	6	1	1	79.7	99.0	724	0.0	NZ_CP158827.1	3204364	1	497	2512701	2514194
DEGQ_CFFIHE_02734	GCF_051027425.1	Paraburkholderia caffeinilytica	2_large	False	5	1	1	78.5	99.0	736	0.0	NZ_CP186552.1	4560583	1	505	3769685	3771202
DEGQ_CFFIHE_02734	GCF_051124805.1	Paraburkholderia sp. A3RO-2L	4+_large	False	7	1	1	79.9	99.0	723	0.0	NZ_CP123187.1	3235930	1	497	2579433	2580926
DEGQ_CFFIHE_02734	GCF_051125205.1	Paraburkholderia sp. A1BS-2L	4+_large	False	7	1	1	79.9	99.0	723	0.0	NZ_CP120428.1	3243926	1	497	2571602	2573095
DEGQ_CFFIHE_02734	GCF_051125215.1	Paraburkholderia sp. A3BS-1L	4+_large	False	9	1	1	79.9	99.0	723	0.0	NZ_CP120442.1	3315905	1	497	2689314	2690807
DEGQ_CFFIHE_02734	GCF_051125545.1	Paraburkholderia sp. A2RO-4L	4+_large	False	7	1	1	79.9	99.0	723	0.0	NZ_CP120434.1	3299055	1	497	2608186	2609679
DEGQ_CFFIHE_02734	GCF_051355645.1	Burkholderia lata	3_large	True	5	1	1	97.6	100.0	955	0.0	NZ_CP195707.1	3694126	1	494	3074369	3075853
DEGQ_CFFIHE_02734	GCF_051560065.1	Burkholderia pseudomallei	2_large	False	4	1	1	86.2	99.0	817	0.0	NZ_CM121435.1	4021247	1	495	893528	895015
DEGQ_CFFIHE_02734	GCF_051560085.1	Burkholderia pseudomallei	2_large	False	4	1	1	86.2	99.0	817	0.0	NZ_CM121437.1	3971785	1	495	3162573	3164060
DEGQ_CFFIHE_02734	GCF_051560105.1	Burkholderia pseudomallei	2_large	False	4	1	1	86.2	99.0	817	0.0	NZ_CM121439.1	4052639	1	495	2081092	2082579
DEGQ_CFFIHE_02734	GCF_051560125.1	Burkholderia pseudomallei	2_large	False	4	1	1	86.2	99.0	817	0.0	NZ_CM121441.1	4045573	1	495	492498	493985
DEGQ_CFFIHE_02734	GCF_051560145.1	Burkholderia pseudomallei	2_large	False	4	1	1	86.2	99.0	817	0.0	NZ_CM121443.1	4024493	1	495	3021473	3022960
DEGQ_CFFIHE_02734	GCF_051615025.1	Caballeronia sp. DA-9	3_large	False	4	1	1	74.9	99.0	707	0.0	NZ_CP195133.1	3704918	1	514	713201	714745
DEGQ_CFFIHE_02734	GCF_052222725.1	Burkholderia gladioli	2_large	False	4	1	1	84.8	100.0	780	0.0	NZ_CM125933.1	4234222	1	499	3599909	3601408
DEGQ_CFFIHE_02734	GCF_052854005.1	Burkholderia pseudomallei	2_large	False	4	1	1	86.2	99.0	817	0.0	NZ_CP193432.1	4058535	1	495	3896838	3898325
DEGQ_CFFIHE_02734	GCF_052854015.1	Burkholderia pseudomallei	2_large	False	4	1	1	86.2	99.0	817	0.0	NZ_CP193435.1	4142467	1	495	3394639	3396126
DEGQ_CFFIHE_02734	GCF_052854305.1	Burkholderia pseudomallei	2_large	False	4	1	1	86.2	99.0	817	0.0	NZ_CP193438.1	4063971	1	495	998226	999713
DEGQ_CFFIHE_02734	GCF_052854315.1	Burkholderia pseudomallei	2_large	False	4	1	1	86.2	99.0	817	0.0	NZ_CP193436.1	4263701	1	495	4058255	4059742
DEGQ_CFFIHE_02734	GCF_052854605.1	Burkholderia pseudomallei	2_large	False	4	1	1	86.2	99.0	816	0.0	NZ_CP193441.1	4051624	1	495	357631	359118
DEGQ_CFFIHE_02734	GCF_052854615.1	Burkholderia pseudomallei	2_large	False	4	1	1	86.2	99.0	816	0.0	NZ_CP193444.1	4051444	1	495	3534972	3536459
DEGQ_CFFIHE_02734	GCF_052854885.1	Burkholderia pseudomallei	2_large	False	4	1	1	86.2	99.0	816	0.0	NZ_CP193445.1	4087561	1	495	357590	359077
DEGQ_CFFIHE_02734	GCF_052854895.1	Burkholderia pseudomallei	2_large	False	4	1	1	86.2	99.0	817	0.0	NZ_CP193448.1	3971349	1	495	1471710	1473197
DEGQ_CFFIHE_02734	GCF_052855305.1	Burkholderia pseudomallei	2_large	False	4	1	1	86.2	99.0	817	0.0	NZ_CP193450.1	4088868	1	495	2229062	2230549
DEGQ_CFFIHE_02734	GCF_052855315.1	Burkholderia pseudomallei	2_large	False	4	1	1	86.2	99.0	817	0.0	NZ_CP193452.1	4051722	1	495	2901095	2902582
DEGQ_CFFIHE_02734	GCF_052855605.1	Burkholderia pseudomallei	2_large	False	4	1	1	86.2	99.0	817	0.0	NZ_CP193453.1	4038557	1	495	2859504	2860991
DEGQ_CFFIHE_02734	GCF_052855615.1	Burkholderia pseudomallei	2_large	False	4	1	1	86.2	99.0	817	0.0	NZ_CP193455.1	4007748	1	495	2148876	2150363
DEGQ_CFFIHE_02734	GCF_052855985.1	Burkholderia pseudomallei	2_large	False	4	1	1	86.2	99.0	817	0.0	NZ_CP193458.1	4007637	1	495	2148808	2150295
DEGQ_CFFIHE_02734	GCF_052856205.1	Burkholderia pseudomallei	2_large	False	4	1	1	86.2	99.0	817	0.0	NZ_CP193459.1	3906615	1	495	3309026	3310513
DEGQ_CFFIHE_02734	GCF_052857015.1	Burkholderia pseudomallei	2_large	False	4	1	1	86.2	99.0	817	0.0	NZ_CP193462.1	3951380	1	495	2130313	2131800
DEGQ_CFFIHE_02734	GCF_052857225.1	Burkholderia pseudomallei	2_large	False	4	1	1	86.2	99.0	817	0.0	NZ_CP193463.1	3976171	1	495	1433511	1434998
DEGQ_CFFIHE_02734	GCF_052857935.1	Burkholderia pseudomallei	2_large	False	4	1	1	86.2	99.0	817	0.0	NZ_CP193466.1	4009207	1	495	3507568	3509055
DEGQ_CFFIHE_02734	GCF_052858145.1	Burkholderia pseudomallei	2_large	False	4	1	1	86.2	99.0	817	0.0	NZ_CP193468.1	4080232	1	495	1692456	1693943
DEGQ_CFFIHE_02734	GCF_052858685.1	Burkholderia pseudomallei	2_large	False	4	1	1	86.2	99.0	817	0.0	NZ_CP193470.1	4091997	1	495	2942666	2944153
DEGQ_CFFIHE_02734	GCF_052858755.1	Burkholderia pseudomallei	2_large	False	4	1	1	86.2	99.0	817	0.0	NZ_CP193471.1	4092017	1	495	981640	983127
DEGQ_CFFIHE_02734	GCF_053038975.1	Burkholderia sola	3_large	True	4	1	1	99.6	100.0	976	0.0	NZ_CP199959.1	3504123	1	493	2903733	2905214
DEGQ_CFFIHE_02734	GCF_053153985.1	Burkholderia vietnamiensis	4+_large	True	5	1	1	94.3	100.0	898	0.0	NZ_CP195304.1	3292540	1	494	2737832	2739316
DEGQ_CFFIHE_02734	GCF_053209605.1	Burkholderia sola	3_large	True	4	1	1	99.6	100.0	976	0.0	NZ_CP199985.1	3503982	1	493	2903603	2905084
DEGQ_CFFIHE_02734	GCF_053348855.1	Burkholderia metallica	3_large	True	4	1	1	97.0	100.0	949	0.0	NZ_CM130027.1	3580165	1	494	2389109	2390593
DEGQ_CFFIHE_02734	GCF_053470105.1	Burkholderia gladioli	2_large	False	4	1	1	84.8	100.0	780	0.0	NZ_CM130275.1	4292444	1	499	3619174	3620673
DEGQ_CFFIHE_02734	GCF_053470145.1	Burkholderia gladioli	2_large	False	4	1	1	84.8	100.0	780	0.0	NZ_CM130277.1	4292446	1	499	3619176	3620675
DEGQ_CFFIHE_02734	GCF_053760385.1	Caballeronia sp. KNU42	4+_large	False	4	1	1	74.3	99.0	704	0.0	NZ_CM132388.1	4237236	1	511	3688184	3689719
DEGQ_CFFIHE_02734	GCF_054073385.1	Burkholderia pyrrocinia	4+_large	True	4	1	1	96.6	100.0	951	0.0	NZ_CM133398.1	3615813	1	494	3350340	3351824
DEGQ_CFFIHE_02734	GCF_054073395.1	Burkholderia pyrrocinia	4+_large	True	4	1	1	96.6	100.0	951	0.0	NZ_CM133400.1	3667483	1	494	3225255	3226739
DEGQ_CFFIHE_02734	GCF_054166125.1	Paraburkholderia strydomiana	3_large	False	4	1	1	77.9	99.0	733	0.0	NZ_JBSWBW010000003.1	3953781	1	506	3551282	3552802
DEGQ_CFFIHE_02734	GCF_054166145.1	Paraburkholderia strydomiana	4+_large	False	4	1	1	72.8	99.0	672	0.0	NZ_JBSWBX010000005.1	3974054	1	508	238694	240220
DEGQ_CFFIHE_02734	GCF_054166155.1	Paraburkholderia strydomiana	3_large	False	4	1	1	77.9	99.0	733	0.0	NZ_JBSWBV010000002.1	3953764	1	506	3551262	3552782
DEGQ_CFFIHE_02734	GCF_054166185.1	Burkholderia ambifaria	3_large	True	4	1	1	94.7	100.0	900	0.0	NZ_JBSWBZ010000002.1	3551557	1	494	3114094	3115578
DEGQ_CFFIHE_02734	GCF_054166195.1	Paraburkholderia graminis	2_large	False	3	1	1	78.4	99.0	729	0.0	NZ_JBSWBY010000002.1	4255561	1	502	320605	322113
DEGQ_CFFIHE_02734	GCF_054166225.1	Paraburkholderia strydomiana	2_large	False	4	1	1	77.1	99.0	729	0.0	NZ_JBSWCA010000002.1	4325843	1	509	3920102	3921631
DEGQ_CFFIHE_02734	GCF_054166245.1	Paraburkholderia strydomiana	3_large	False	4	1	1	77.9	99.0	733	0.0	NZ_JBSWCC010000003.1	3953818	1	506	234631	236151
DEGQ_CFFIHE_02734	GCF_054166265.1	Paraburkholderia strydomiana	2_large	False	4	1	1	77.1	99.0	729	0.0	NZ_JBSWCB010000002.1	4325818	1	509	1365837	1367366
DEGQ_CFFIHE_02734	GCF_054187845.1	Burkholderia gladioli	2_large	False	4	1	1	85.3	100.0	782	0.0	NZ_CM135174.1	4134938	1	497	3004738	3006231
DEGQ_CFFIHE_02734	GCF_054558305.1	Burkholderia contaminans	3_large	True	5	1	1	97.8	100.0	960	0.0	NZ_AP045830.1	3623305	1	493	3004898	3006379
DEGQ_CFFIHE_02734	GCF_054955335.1	Burkholderia contaminans	1_large	False	5	1	1	97.8	100.0	960	0.0	NZ_CM143258.1	6953363	1	493	5192366	5193847
DEGQ_CFFIHE_02734	GCF_055386035.1	Burkholderia gladioli	3_large	False	4	1	1	85.3	100.0	782	0.0	NZ_AP028973.1	4393699	1	497	3696855	3698348
DEGQ_CFFIHE_02734	GCF_055387925.1	Burkholderia mallei	2_large	False	4	1	1	86.2	99.0	817	0.0	NZ_AP040281.1	3545820	1	495	3168129	3169616
DEGQ_CFFIHE_02734	GCF_055391905.1	Paraburkholderia monticola	3_large	False	8	1	1	77.5	99.0	711	0.0	NZ_AP043692.1	3798262	1	508	3057296	3058822
DEGQ_CFFIHE_02734	GCF_055397325.1	Paraburkholderia largidicola	4+_large	False	5	1	1	76.6	99.0	702	0.0	NZ_AP028200.1	3654066	1	505	512840	514357
DEGQ_CFFIHE_02734	GCF_055397665.1	Burkholderia mallei	2_large	False	4	1	1	86.2	99.0	817	0.0	NZ_AP029029.1	3557849	1	495	3344484	3345971
DEGQ_CFFIHE_02734	GCF_055397955.1	Burkholderia gladioli	2_large	False	4	1	1	85.0	100.0	781	0.0	NZ_AP029056.1	4287547	1	499	3644655	3646154
DEGQ_CFFIHE_02734	GCF_055810255.1	Burkholderia thailandensis	2_large	False	4	1	1	86.8	99.0	820	0.0	NZ_CM147944.1	3725482	1	495	3054211	3055698
DEGQ_CFFIHE_02734	GCF_056270685.1	Paraburkholderia sp. PAMB 6768	1_large	False	3	1	1	74.7	99.0	704	0.0	NZ_CM149885.1	3967861	1	502	2385272	2386780
DEGQ_CFFIHE_02734	GCF_056591095.1	Paraburkholderia terricola	2_large	False	5	1	1	79.4	99.0	731	0.0	NZ_CM152658.1	4047245	1	500	3643942	3645444
DEGQ_CFFIHE_02734	GCF_056640905.1	Burkholderia pyrrocinia	4+_large	True	5	1	1	98.0	100.0	961	0.0	NZ_CM153254.1	3550458	1	494	2915691	2917175
DEGQ_CFFIHE_02734	GCF_056783395.1	Burkholderia pyrrocinia	3_large	True	5	1	1	97.8	100.0	958	0.0	NZ_CM165588.1	3680772	1	494	3052136	3053620
DEGQ_CFFIHE_02734	GCF_056847505.1	Mycetohabitans endofungorum	2_large	False	3	1	1	73.1	99.0	681	0.0	NZ_CP184775.1	788413	2	486	490917	492377
DEGQ_CFFIHE_02734	GCF_056867595.1	Mycetohabitans rhizoxinica	2_large	False	3	1	1	73.9	99.0	685	0.0	NZ_CP184277.1	822270	2	486	496405	497865
DEGQ_CFFIHE_02734	GCF_056868365.1	Mycetohabitans rhizoxinica	2_large	False	3	1	1	73.7	99.0	682	0.0	NZ_CP184772.1	802776	2	486	499414	500874
DEGQ_CFFIHE_02734	GCF_056868375.1	Mycetohabitans rhizoxinica	2_large	False	3	1	1	73.5	99.0	682	0.0	NZ_CP184792.1	924298	2	486	633867	635327
DEGQ_CFFIHE_02734	GCF_056880615.1	Mycetohabitans rhizoxinica	2_large	False	3	1	1	73.7	99.0	683	0.0	NZ_CP178342.1	809524	2	486	483232	484692
DEGQ_CFFIHE_02734	GCF_057005415.2	Burkholderia sp. KL41	3_large	True	5	1	1	97.4	100.0	954	0.0	NZ_CM174446.1	3768457	1	494	3120704	3122188
DEGQ_CFFIHE_02734	GCF_057369595.1	Burkholderia cepacia complex sp. TUM26381	3_large	True	5	1	1	97.4	100.0	956	0.0	NZ_CM170668.1	3577940	1	494	2955166	2956650
DEGQ_CFFIHE_02734	GCF_057439935.1	Burkholderia cepacia complex sp. TUM26381	3_large	True	5	1	1	97.4	100.0	956	0.0	NZ_CM172006.1	3577940	1	494	2955166	2956650
DEGQ_CFFIHE_02734	GCF_057587595.1	Paraburkholderia sp. PAMB 6768	2_large	False	5	1	1	74.7	99.0	704	0.0	NZ_CM172484.1	3967760	1	502	2915959	2917467
DEGQ_CFFIHE_02734	GCF_057612605.2	Caballeronia sp. A2-2	4+_large	False	4	1	1	73.4	99.0	683	0.0	NZ_CM172587.1	3455682	1	508	1110854	1112380
DEGQ_CFFIHE_02734	GCF_057748135.1	Paraburkholderia sp. PAMB 6770	2_large	False	5	1	1	74.7	99.0	704	0.0	NZ_CM173238.1	3876019	1	502	2989488	2990996
DEGQ_CFFIHE_02734	GCF_058448765.1	Burkholderia gladioli	2_large	False	4	1	1	85.3	100.0	782	0.0	NZ_CP186748.1	4208177	1	497	1239334	1240827
DEGQ_CFFIHE_02734	GCF_059089405.1	Burkholderia pyrrocinia	3_large	True	4	1	1	96.6	100.0	950	0.0	NZ_CM180997.1	3634232	1	494	2405428	2406912
DEGQ_CFFIHE_02734	GCF_059622985.1	Paraburkholderia agricolaris	2_large	False	5	1	1	78.9	99.0	736	0.0	NZ_CM184411.1	4794767	1	505	4028358	4029875
DEGQ_CFFIHE_02734	GCF_902141795.1	Burkholderia pseudomallei	2_large	False	4	1	1	86.2	99.0	817	0.0	NZ_LR595896.1	3987008	1	495	836734	838221
DEGQ_CFFIHE_02734	GCF_902141815.1	Burkholderia pseudomallei	2_large	False	4	1	1	86.2	99.0	817	0.0	NZ_LR595898.1	4066496	1	495	858811	860298
DEGQ_CFFIHE_02734	GCF_902141835.1	Burkholderia pseudomallei	2_large	False	4	1	1	86.2	99.0	817	0.0	NZ_LR595894.1	4013273	1	495	865202	866689
DEGQ_CFFIHE_02734	GCF_902459535.1	Paraburkholderia dioscoreae	2_large	False	5	1	1	78.2	99.0	729	0.0	NZ_LR699553.1	4479997	1	503	3754905	3756416
DEGQ_CFFIHE_02734	GCF_904865725.1	Burkholderia cepacia	3_large	True	4	1	1	98.2	100.0	961	0.0	NZ_LR890523.1	3799937	1	494	3179333	3180817
DEGQ_CFFIHE_02734	GCF_905400185.1	Burkholderia sola	3_large	True	4	1	1	100.0	100.0	979	0.0	NZ_FR989675.1	3575181	1	493	2953499	2954980
DEGQ_CFFIHE_02734	GCF_939576165.1	Burkholderia mallei	1_large	False	4	1	1	86.2	99.0	817	0.0	NZ_OW622535.1	5647473	1	495	3835166	3836653
DEGQ_CFFIHE_02734	GCF_964026365.1	Caballeronia sp. S22	4+_large	False	4	1	1	75.4	99.0	686	0.0	NZ_OZ032133.1	3233214	1	500	2741487	2742989
DEGQ_CFFIHE_02734	GCF_964261745.1	Caballeronia sp. S22	4+_large	False	4	1	1	75.4	99.0	686	0.0	NZ_OZ180035.1	3233214	1	500	2741487	2742989
DEGQ_CFFIHE_02734	GCF_964264985.1	Burkholderia mycopellens	3_large	True	5	1	1	97.4	100.0	953	0.0	NZ_OZ183792.1	3585571	1	494	2981557	2983041
DEGQ_CFFIHE_02734	GCF_964264995.1	Burkholderia crassaminum	3_large	True	5	1	1	97.2	100.0	951	0.0	NZ_OZ183797.1	3689806	1	494	3062738	3064222
DEGQ_CFFIHE_02734	GCF_964265005.1	Burkholderia crassaminum	3_large	True	5	1	1	97.2	100.0	951	0.0	NZ_OZ183799.1	3689843	1	494	3062774	3064258
DEGQ_CFFIHE_02734	GCF_964265015.1	Burkholderia crassaminum	3_large	True	6	1	1	97.2	100.0	951	0.0	NZ_OZ183805.1	3945256	1	494	3294750	3296234
DEGQ_CFFIHE_02734	GCF_964265025.1	Burkholderia mycopellens	3_large	True	6	1	1	97.4	100.0	953	0.0	NZ_OZ183802.1	3917836	1	494	3258759	3260243
DEGQ_CFFIHE_02734	GCF_965118185.1	Paraburkholderia kururiensis	2_large	False	6	1	1	78.1	100.0	736	0.0	NZ_OZ221290.1	4117855	1	497	567169	568662
DEGQ_CFFIHE_02734	GCF_965199385.1	Burkholderia pseudomallei	2_large	False	4	1	1	86.2	99.0	817	0.0	NZ_OZ241166.1	3960616	1	495	1109190	1110677
DEGQ_CFFIHE_02734	GCF_965199395.1	Burkholderia pseudomallei	2_large	False	4	1	1	86.2	99.0	817	0.0	NZ_OZ241168.1	3978699	1	495	2647091	2648578
DEGQ_CFFIHE_02734	GCF_965199405.1	Burkholderia pseudomallei	2_large	False	4	1	1	86.2	99.0	817	0.0	NZ_OZ241171.1	3963159	1	495	2650070	2651557
DEGQ_CFFIHE_02734	GCF_965199425.1	Burkholderia pseudomallei	2_large	False	4	1	1	86.2	99.0	817	0.0	NZ_OZ241174.1	3960129	1	495	2856286	2857773
DEGQ_CFFIHE_02734	GCF_965199435.1	Burkholderia pseudomallei	2_large	False	4	1	1	86.2	99.0	817	0.0	NZ_OZ241176.1	3960448	1	495	2856783	2858270
DEGQ_CFFIHE_02734	GCF_965199445.1	Burkholderia pseudomallei	2_large	False	4	1	1	86.2	99.0	817	0.0	NZ_OZ241178.1	3960138	1	495	2647079	2648566
DEGQ_CFFIHE_02734	GCF_965199455.1	Burkholderia pseudomallei	2_large	False	4	1	1	86.2	99.0	817	0.0	NZ_OZ241180.1	3960447	1	495	3930491	3931978
DEGQ_CFFIHE_02734	GCF_965199515.1	Burkholderia pseudomallei	2_large	False	4	1	1	86.2	99.0	817	0.0	NZ_OZ241213.1	3961601	1	495	2648805	2650292
DEGQ_CFFIHE_02734	GCF_965199545.1	Burkholderia pseudomallei	2_large	False	4	1	1	86.2	99.0	817	0.0	NZ_OZ241211.1	3963009	1	495	1109473	1110960
DEGQ_CFFIHE_02734	GCF_965199625.1	Burkholderia pseudomallei	2_large	False	4	1	1	86.2	99.0	817	0.0	NZ_OZ241209.1	3962433	1	495	2386022	2387509
DEGQ_CFFIHE_02734	GCF_965199835.1	Burkholderia pseudomallei	2_large	False	4	1	1	86.2	99.0	817	0.0	NZ_OZ241393.1	4100445	1	495	2772223	2773710
DEGQ_CFFIHE_02734	GCF_965199925.1	Burkholderia pseudomallei	2_large	False	4	1	1	86.2	99.0	817	0.0	NZ_OZ241391.1	4178342	1	495	3715712	3717199
DEGQ_CFFIHE_02734	GCF_965201125.1	Burkholderia pseudomallei	2_large	False	4	1	1	86.2	99.0	817	0.0	NZ_OZ241753.1	4199711	1	495	3107619	3109106
DEGQ_CFFIHE_02734	GCF_965202565.1	Burkholderia pseudomallei	2_large	False	4	1	1	86.2	99.0	817	0.0	NZ_OZ241825.1	4100101	1	495	2731023	2732510
DEGQ_CFFIHE_02734	GCF_965211575.1	Burkholderia pseudomallei	2_large	False	4	1	1	86.2	99.0	817	0.0	NZ_OZ242940.1	3960027	1	495	2647894	2649381
DEGQ_CFFIHE_02734	GCF_965211595.1	Burkholderia pseudomallei	2_large	False	4	1	1	86.2	99.0	817	0.0	NZ_OZ242944.1	3961589	1	495	1109579	1111066
DEGQ_CFFIHE_02734	GCF_980295165.1	Burkholderia pseudomallei	2_large	False	4	1	1	86.2	99.0	817	0.0	NZ_OZ412831.1	3999849	1	495	3001988	3003475
DEGQ_CFFIHE_02734	GCF_980300355.1	Burkholderia pseudomallei	2_large	False	4	1	1	86.2	99.0	817	0.0	NZ_OZ412839.1	3996870	1	495	1139257	1140744
DEGQ_CFFIHE_02734	GCF_980300905.1	Burkholderia pseudomallei	2_large	False	4	1	1	86.2	99.0	817	0.0	NZ_OZ412842.1	4051212	1	495	1051260	1052747
DEGQ_CFFIHE_02734	GCF_980300945.1	Burkholderia pseudomallei	2_large	False	4	1	1	86.2	99.0	817	0.0	NZ_OZ412844.1	4052460	1	495	1802503	1803990
DEGQ_CFFIHE_02734	GCF_980300965.1	Burkholderia pseudomallei	2_large	False	4	1	1	86.2	99.0	817	0.0	NZ_OZ412845.1	4155369	1	495	594455	595942
DEGQ_CFFIHE_02734	GCF_984667665.1	Burkholderia arboris	3_large	True	6	1	1	97.4	100.0	956	0.0	NZ_OZ480169.1	3630971	1	494	3007906	3009390
DEGQ_CFFIHE_02734	GCF_984667675.1	Burkholderia arboris	3_large	True	5	1	1	97.2	100.0	955	0.0	NZ_OZ480166.1	3681322	1	494	3063863	3065347
DEGQ_CFFIHE_02734	GCF_984667725.1	Burkholderia arboris	3_large	True	5	1	1	97.6	100.0	956	0.0	NZ_OZ480174.1	3700756	1	494	3085828	3087312
DEGQ_CFFIHE_02734	GCF_984667835.1	Burkholderia arboris	3_large	True	5	1	1	97.2	100.0	955	0.0	NZ_OZ480193.1	3656760	1	494	3038807	3040291
DEGQ_CFFIHE_02734	GCF_984667895.1	Burkholderia arboris	4+_large	True	5	1	1	97.2	100.0	955	0.0	NZ_OZ480182.1	3701063	1	494	3083096	3084580
DEGQ_CFFIHE_02734	GCF_984667945.1	Burkholderia arboris	3_large	True	5	1	1	97.2	100.0	955	0.0	NZ_OZ480177.1	3676711	1	494	3058758	3060242
DEGQ_CFFIHE_02734	GCF_984667955.1	Burkholderia arboris	2_large	False	5	1	1	97.2	100.0	955	0.0	NZ_OZ480214.1	3614124	1	494	2996171	2997655
DEGQ_CFFIHE_02734	GCF_984667975.1	Burkholderia sp. LMG 33096	3_large	True	6	1	1	97.6	100.0	957	0.0	NZ_OZ480186.1	3609742	1	494	3010561	3012045
DEGQ_CFFIHE_02734	GCF_984668005.1	Burkholderia arboris	3_large	True	5	1	1	97.2	100.0	955	0.0	NZ_OZ480190.1	3790333	1	494	3170102	3171586
DEGQ_CFFIHE_02734	GCF_984668195.1	Burkholderia sp. LMG 33096	3_large	True	6	1	1	97.6	100.0	957	0.0	NZ_OZ480201.1	3724312	1	494	3133107	3134591
DEGQ_CFFIHE_02734	GCF_984668265.1	Burkholderia arboris	3_large	True	5	1	1	97.4	100.0	956	0.0	NZ_OZ480208.1	3550230	1	494	2943864	2945348
DEGQ_CFFIHE_02734	GCF_984668355.1	Burkholderia sp. LMG 33096	3_large	True	6	1	1	97.6	100.0	957	0.0	NZ_OZ480198.1	3772722	1	494	3180091	3181575
DEGQ_CFFIHE_02734	GCF_984668395.1	Burkholderia arboris	3_large	True	5	1	1	97.6	100.0	956	0.0	NZ_OZ480205.1	3700732	1	494	3085825	3087309
DEGQ_CFFIHE_02734	GCF_984668525.1	Burkholderia sp. LMG 34232	3_large	True	5	1	1	98.0	100.0	957	0.0	NZ_OZ480211.1	3512147	1	493	2911222	2912703
DEGQ_CFFIHE_02734	GCF_984669265.1	Burkholderia sp. LMG 34232	3_large	True	5	1	1	98.0	100.0	957	0.0	NZ_OZ480217.1	3668084	1	493	3012828	3014309
DEGQ_CFFIHE_02734	GCF_984669325.1	Burkholderia sp. LMG 33096	2_large	False	6	1	1	97.6	100.0	957	0.0	NZ_OZ480220.1	3609742	1	494	3010561	3012045
DEGQ_CFFIHE_02734	GCF_984669335.1	Burkholderia arboris	3_large	True	5	1	1	97.2	100.0	955	0.0	NZ_OZ480223.1	3724193	1	494	3116211	3117695
DEGQ_CFFIHE_02734	GCF_984669415.1	Burkholderia arboris	3_large	True	5	1	1	97.2	100.0	955	0.0	NZ_OZ480226.1	3676711	1	494	3058758	3060242
DEGQ_CFFIHE_02734	GCF_984669565.1	Burkholderia arboris	3_large	True	5	1	1	97.4	100.0	956	0.0	NZ_OZ480231.1	3629775	1	494	3017558	3019042
DEGQ_CFFIHE_02734	GCF_984669585.1	Burkholderia arboris	3_large	True	5	1	1	97.2	100.0	955	0.0	NZ_OZ480235.1	3624047	1	494	3006037	3007521
DEGQ_CFFIHE_02734	GCF_984669685.1	Burkholderia arboris	4+_large	True	5	1	1	97.2	100.0	955	0.0	NZ_OZ480238.1	3701045	1	494	3083090	3084574
DEGQ_CFFIHE_02734	GCF_984669705.1	Burkholderia sp. LMG 34232	3_large	True	5	1	1	97.4	100.0	957	0.0	NZ_OZ480242.1	3602122	1	493	2979082	2980563
DEGQ_CFFIHE_02734	GCF_984671675.1	Burkholderia sp. LMG 33096	2_large	False	5	1	1	97.6	100.0	957	0.0	NZ_OZ480245.1	3712491	1	494	3123417	3124901
DEGQ_CFFIHE_02734	GCF_984671695.1	Burkholderia arboris	2_large	False	5	1	1	97.2	100.0	955	0.0	NZ_OZ480247.1	3729666	1	494	3093784	3095268
DEGQ_CFFIHE_02734	MF6	Burkholderia sola (MF6)	3_large	True	4	1	1	100.0	100.0	979	0.0	cluster_001_consensus	3592343	1	493	2923467	2924948
DEGQ_CFFIHE_02734	MF7	Burkholderia sola (MF7)	4+_large	True	5	1	1	100.0	100.0	979	0.0	BMF7_NODE_5_len_513992_cov_36_785_ID_6095322.47	513992	5	493	90519	92000
FULL_CFFIHE_03684	GCA_017356705.2	Burkholderia pseudomallei	2_large	False	0	0											
FULL_CFFIHE_03684	GCA_017356725.2	Burkholderia pseudomallei	2_large	False	0	0											
FULL_CFFIHE_03684	GCA_020887275.1	Burkholderia sp. SFA1	4+_large	False	0	0											
FULL_CFFIHE_03684	GCA_024298805.1	Burkholderia sp. FXe9	3_large	True	0	0											
FULL_CFFIHE_03684	GCA_029762415.1	Burkholderia gladioli	2_large	False	0	0											
FULL_CFFIHE_03684	GCA_040954445.1	Burkholderia sp.	2_large	False	0	0											
FULL_CFFIHE_03684	GCA_048918525.1	Burkholderia gladioli	2_large	False	0	0											
FULL_CFFIHE_03684	GCA_051027405.1	Burkholderia stagnalis	2_large	False	1	0	4	31.8	5.0	59.7	1.40e-06	CP186319.1	3705923	2	324	3541197	3542171
FULL_CFFIHE_03684	GCA_055387565.1	Burkholderia pseudomallei	2_large	False	1	0	4	25.1	25.0	59.3	5.14e-06	AP040305.1	4080545	1	2024	3500121	3506195
FULL_CFFIHE_03684	GCA_056494915.1	Paraburkholderia caledonica	4+_large	False	0	0											
FULL_CFFIHE_03684	GCA_059696275.1	Burkholderia sp. SJ1	1_large	False	0	0											
FULL_CFFIHE_03684	GCA_964417475.2	Burkholderia pseudomallei	2_large	False	0	0											
FULL_CFFIHE_03684	GCA_965199415.1	Burkholderia pseudomallei	2_large	False	1	0	4	25.2	25.0	61.2	1.57e-06	OZ241173.1	4090989	1	2031	2972674	2978769
FULL_CFFIHE_03684	GCA_965199775.1	Burkholderia pseudomallei	2_large	False	0	0											
FULL_CFFIHE_03684	GCA_965217235.1	Burkholderia multivorans	2_large	False	0	0											
FULL_CFFIHE_03684	GCA_965217245.1	Burkholderia multivorans	2_large	False	0	0											
FULL_CFFIHE_03684	GCA_980298765.1	Burkholderia pseudomallei	2_large	False	1	0	4	25.1	25.0	60.1	3.27e-06	OZ412837.1	3910731	1	2031	324158	330253
FULL_CFFIHE_03684	GCF_000009485.1	Burkholderia cenocepacia J2315	3_large	True	0	0											
FULL_CFFIHE_03684	GCF_000010545.1	Burkholderia multivorans ATCC 17616	3_large	True	0	0											
FULL_CFFIHE_03684	GCF_000011545.1	Burkholderia pseudomallei K96243	2_large	False	0	0											
FULL_CFFIHE_03684	GCF_000011705.1	Burkholderia mallei ATCC 23344	2_large	False	0	0											
FULL_CFFIHE_03684	GCF_000012365.1	Burkholderia thailandensis E264	2_large	False	0	0											
FULL_CFFIHE_03684	GCF_000012785.1	Burkholderia pseudomallei 1710b	2_large	False	0	0											
FULL_CFFIHE_03684	GCF_000012945.1	Burkholderia lata	3_large	True	2	0	4	26.1	10.0	63.2	3.49e-07	NC_007510.1	3694126	1	1998	1953877	1959873
FULL_CFFIHE_03684	GCF_000013645.1	Paraburkholderia xenovorans LB400	3_large	False	0	0											
FULL_CFFIHE_03684	GCF_000015465.1	Burkholderia mallei SAVP1	2_large	False	0	0											
FULL_CFFIHE_03684	GCF_000015605.1	Burkholderia mallei NCTC 10229	2_large	False	0	0											
FULL_CFFIHE_03684	GCF_000015625.1	Burkholderia mallei NCTC 10247	2_large	False	0	0											
FULL_CFFIHE_03684	GCF_000015905.1	Burkholderia pseudomallei 668	2_large	False	0	0											
FULL_CFFIHE_03684	GCF_000015925.1	Burkholderia pseudomallei 1106a	2_large	False	1	0	4	24.6	25.0	59.3	5.98e-06	NC_009076.1	3988455	1	2031	589117	595212
FULL_CFFIHE_03684	GCF_000016205.1	Burkholderia vietnamiensis G4	4+_large	True	0	0											
FULL_CFFIHE_03684	GCF_000018505.1	Burkholderia multivorans ATCC 17616	3_large	True	0	0											
FULL_CFFIHE_03684	GCF_000019505.1	Burkholderia orbicola MC0-3	3_large	True	0	0											
FULL_CFFIHE_03684	GCF_000019925.1	Burkholderia ambifaria MC40-6	4+_large	True	0	0											
FULL_CFFIHE_03684	GCF_000020045.1	Paraburkholderia phymatum STM815	4+_large	False	0	0											
FULL_CFFIHE_03684	GCF_000020125.1	Paraburkholderia phytofirmans PsJN	2_large	False	0	0											
FULL_CFFIHE_03684	GCF_000022645.2	Burkholderia glumae BGR1	2_large	False	3	0	4	23.6	20.0	65.5	6.16e-08	NC_012721.2	2827333	2	1560	1694672	1699354
FULL_CFFIHE_03684	GCF_000092885.1	Paraburkholderia atlantica	4+_large	False	0	0											
FULL_CFFIHE_03684	GCF_000194745.1	Burkholderia gladioli BSR3	3_large	False	1	0	4	29.5	11.0	77.0	2.39e-11	NC_015383.1	403586	3	2059	385557	391736
FULL_CFFIHE_03684	GCF_000198775.1	Mycetohabitans rhizoxinica HKI 454	2_large	False	0	0											
FULL_CFFIHE_03684	GCF_000203915.1	Burkholderia ambifaria AMMD	3_large	True	0	0											
FULL_CFFIHE_03684	GCF_000203955.1	Burkholderia cenocepacia HI2424	3_large	True	0	0											
FULL_CFFIHE_03684	GCF_000236065.1	Burkholderia sp. YI23	4+_large	False	0	0											
FULL_CFFIHE_03684	GCF_000236215.2	Burkholderia cenocepacia H111	3_large	True	0	0											
FULL_CFFIHE_03684	GCF_000260515.1	Burkholderia pseudomallei 1026b	2_large	False	0	0											
FULL_CFFIHE_03684	GCF_000262695.1	Burkholderia sp. KJ006	3_large	True	0	0											
FULL_CFFIHE_03684	GCF_000292915.1	Burkholderia cepacia GG4	2_large	False	0	0											
FULL_CFFIHE_03684	GCF_000294635.1	Burkholderia pseudomallei BPC006	2_large	False	1	0	4	24.6	25.0	59.3	5.98e-06	NC_018527.1	4001777	1	2031	573186	579281
FULL_CFFIHE_03684	GCF_000300095.1	Paraburkholderia phenoliruptrix BR3459a	3_large	False	0	0											
FULL_CFFIHE_03684	GCF_000385525.1	Burkholderia thailandensis MSMB121	2_large	False	0	0											
FULL_CFFIHE_03684	GCF_000402035.1	Caballeronia insecticola	4+_large	False	0	0											
FULL_CFFIHE_03684	GCF_000439695.1	Burkholderia pseudomallei MSHR305	2_large	False	0	0											
FULL_CFFIHE_03684	GCF_000494855.1	Burkholderia pseudomallei NCTC 13179	2_large	False	0	0											
FULL_CFFIHE_03684	GCF_000511895.1	Burkholderia pseudomallei NCTC 13178	2_large	False	1	0	4	25.2	25.0	60.8	1.64e-06	NZ_CP004001.1	4029451	1	2031	2681368	2687463
FULL_CFFIHE_03684	GCF_000511915.1	Burkholderia pseudomallei NAU20B-16	2_large	False	0	0											
FULL_CFFIHE_03684	GCF_000520895.1	Burkholderia pseudomallei MSHR511	2_large	False	0	0											
FULL_CFFIHE_03684	GCF_000521645.1	Burkholderia pseudomallei MSHR146	2_large	False	0	0											
FULL_CFFIHE_03684	GCF_000522545.2	Paraburkholderia caribensis MBA4	3_large	False	0	0											
FULL_CFFIHE_03684	GCF_000567905.1	Burkholderia thailandensis H0587	2_large	False	0	0											
FULL_CFFIHE_03684	GCF_000567925.1	Burkholderia thailandensis 2002721723	2_large	False	0	0											
FULL_CFFIHE_03684	GCF_000567945.1	Burkholderia thailandensis E444	2_large	False	0	0											
FULL_CFFIHE_03684	GCF_000583835.1	Burkholderia pseudomallei MSHR520	2_large	False	0	0											
FULL_CFFIHE_03684	GCF_000701165.1	Burkholderia cepacia JBK9	3_large	True	1	0	4	36.2	5.0	80.5	2.22e-12	NZ_CP013731.1	3400736	2	1989	1502783	1508752
FULL_CFFIHE_03684	GCF_000705535.2	Burkholderia seminalis	3_large	True	0	0											
FULL_CFFIHE_03684	GCF_000706745.1	Burkholderia thailandensis USAMRU Malaysia #20	2_large	False	0	0											
FULL_CFFIHE_03684	GCF_000755725.1	Burkholderia cenocepacia	3_large	True	0	0											
FULL_CFFIHE_03684	GCF_000755765.1	Burkholderia pseudomallei	2_large	False	0	0											
FULL_CFFIHE_03684	GCF_000755785.1	Burkholderia mallei	2_large	False	0	0											
FULL_CFFIHE_03684	GCF_000755805.1	Burkholderia cepacia	3_large	True	0	0											
FULL_CFFIHE_03684	GCF_000755825.1	Burkholderia pseudomallei	2_large	False	0	0											
FULL_CFFIHE_03684	GCF_000755845.1	Burkholderia mallei	2_large	False	1	0	4	25.5	25.0	64.7	1.24e-07	NZ_CP008711.1	3501048	1	1841	538800	544325
FULL_CFFIHE_03684	GCF_000755865.1	Burkholderia mallei	2_large	False	0	0											
FULL_CFFIHE_03684	GCF_000755885.1	Burkholderia mallei	2_large	False	0	0											
FULL_CFFIHE_03684	GCF_000755905.1	Burkholderia pseudomallei HBPUB10303a	2_large	False	0	0											
FULL_CFFIHE_03684	GCF_000755925.1	Burkholderia pseudomallei HBPUB10134a	2_large	False	0	0											
FULL_CFFIHE_03684	GCF_000755945.1	Burkholderia pseudomallei MSHR5858	2_large	False	0	0											
FULL_CFFIHE_03684	GCF_000755965.1	Burkholderia pseudomallei MSHR5848	2_large	False	0	0											
FULL_CFFIHE_03684	GCF_000755985.1	Burkholderia oklahomensis	2_large	False	0	0											
FULL_CFFIHE_03684	GCF_000756005.1	Burkholderia multivorans	3_large	True	1	0	4	23.7	16.0	73.9	1.61e-10	NZ_CP008728.1	1136655	3	1455	357522	361889
FULL_CFFIHE_03684	GCF_000756025.1	Burkholderia mallei	2_large	False	0	0											
FULL_CFFIHE_03684	GCF_000756045.1	Paraburkholderia xenovorans LB400	3_large	False	0	0											
FULL_CFFIHE_03684	GCF_000756065.1	Burkholderia pseudomallei MSHR5855	2_large	False	0	0											
FULL_CFFIHE_03684	GCF_000756085.1	Burkholderia pseudomallei	2_large	False	0	0											
FULL_CFFIHE_03684	GCF_000756125.1	Burkholderia pseudomallei	2_large	False	1	0	4	24.6	25.0	59.3	5.98e-06	NZ_CP008781.1	3985223	1	2031	1147916	1154011
FULL_CFFIHE_03684	GCF_000756145.1	Burkholderia pseudomallei	2_large	False	1	0	4	24.6	25.0	59.3	5.98e-06	NZ_CP008758.1	3984293	1	2031	3330271	3336366
FULL_CFFIHE_03684	GCF_000756165.1	Burkholderia pseudomallei	2_large	False	0	0											
FULL_CFFIHE_03684	GCF_000756185.1	Burkholderia pseudomallei 576	2_large	False	0	0											
FULL_CFFIHE_03684	GCF_000757015.2	Burkholderia pseudomallei	2_large	False	0	0											
FULL_CFFIHE_03684	GCF_000757035.2	Burkholderia pseudomallei Pasteur 52237	2_large	False	0	0											
FULL_CFFIHE_03684	GCF_000762285.1	Burkholderia mallei NCTC 10247	2_large	False	0	0											
FULL_CFFIHE_03684	GCF_000764575.1	Burkholderia pseudomallei NAU35A-3	2_large	False	0	0											
FULL_CFFIHE_03684	GCF_000764595.1	Burkholderia thailandensis MSMB59	2_large	False	0	0											
FULL_CFFIHE_03684	GCF_000764955.1	Burkholderia cenocepacia	3_large	True	0	0											
FULL_CFFIHE_03684	GCF_000765375.1	Burkholderia thailandensis E254	2_large	False	0	0											
FULL_CFFIHE_03684	GCF_000770395.1	Burkholderia pseudomallei MSHR62	2_large	False	1	0	4	25.2	25.0	60.8	1.94e-06	NZ_CP009235.1	4031107	1	2031	1559256	1565351
FULL_CFFIHE_03684	GCF_000770455.1	Burkholderia pseudomallei B03	2_large	False	0	0											
FULL_CFFIHE_03684	GCF_000770495.1	Burkholderia pseudomallei TSV 48	2_large	False	0	0											
FULL_CFFIHE_03684	GCF_000770515.1	Burkholderia pseudomallei K42	2_large	False	0	0											
FULL_CFFIHE_03684	GCF_000770535.1	Burkholderia pseudomallei A79A	2_large	False	0	0											
FULL_CFFIHE_03684	GCF_000770565.1	Burkholderia pseudomallei	2_large	False	3	0	4	26.8	23.0	76.3	3.36e-11	NZ_CP009157.1	4228716	1	1785	329812	335169
FULL_CFFIHE_03684	GCF_000808035.2	Burkholderia thailandensis	2_large	False	0	0											
FULL_CFFIHE_03684	GCF_000828875.1	Caballeronia cordobensis	4+_large	False	0	0											
FULL_CFFIHE_03684	GCF_000835205.1	Burkholderia plantarii	2_large	False	1	0	4	23.3	21.0	66.2	3.98e-08	NZ_CP002580.1	4163767	1	1552	1732179	1736837
FULL_CFFIHE_03684	GCF_000953095.1	Burkholderia pseudomallei	2_large	False	1	0	4	24.9	14.0	63.5	2.66e-07	NZ_LK936442.1	4044293	1	1604	2011783	2016597
FULL_CFFIHE_03684	GCF_000954175.1	Burkholderia pseudomallei	2_large	False	1	0	4	24.7	25.0	58.9	6.13e-06	NZ_CP010973.1	4006427	1	2031	622734	628829
FULL_CFFIHE_03684	GCF_000959125.1	Burkholderia pseudomallei 1026b	2_large	False	0	0											
FULL_CFFIHE_03684	GCF_000959145.1	Burkholderia pseudomallei 406e	2_large	False	0	0											
FULL_CFFIHE_03684	GCF_000959165.1	Burkholderia mallei	2_large	False	0	0											
FULL_CFFIHE_03684	GCF_000959185.1	Burkholderia pseudomallei MSHR840	2_large	False	0	0											
FULL_CFFIHE_03684	GCF_000959205.1	Burkholderia pseudomallei MSHR491	2_large	False	1	0	4	24.8	25.0	62.4	6.91e-07	NZ_CP009485.1	4088931	1	2031	1836638	1842733
FULL_CFFIHE_03684	GCF_000959225.1	Burkholderia pseudomallei MSHR2543	2_large	False	0	0											
FULL_CFFIHE_03684	GCF_000959245.1	Burkholderia ubonensis MSMB22	3_large	False	0	0											
FULL_CFFIHE_03684	GCF_000959265.1	Burkholderia pseudomallei 7894	2_large	False	0	0											
FULL_CFFIHE_03684	GCF_000959285.1	Burkholderia pseudomallei K96243	2_large	False	0	0											
FULL_CFFIHE_03684	GCF_000959305.1	Burkholderia pseudomallei	2_large	False	0	0											
FULL_CFFIHE_03684	GCF_000959325.1	Burkholderia humptydooensis	3_large	False	0	0											
FULL_CFFIHE_03684	GCF_000959345.1	Burkholderia pseudomallei PB08298010	2_large	False	1	0	4	24.9	14.0	63.5	2.77e-07	NZ_CP009551.1	4185347	1	1604	3387957	3392771
FULL_CFFIHE_03684	GCF_000959365.1	Burkholderia oklahomensis C6786	2_large	False	0	0											
FULL_CFFIHE_03684	GCF_000959405.1	Burkholderia mallei	2_large	False	0	0											
FULL_CFFIHE_03684	GCF_000959425.1	Burkholderia thailandensis 2002721643	2_large	False	0	0											
FULL_CFFIHE_03684	GCF_000959445.1	Burkholderia vietnamiensis LMG 10929	3_large	True	0	0											
FULL_CFFIHE_03684	GCF_000959465.1	Burkholderia mallei	2_large	False	0	0											
FULL_CFFIHE_03684	GCF_000959485.1	Burkholderia mallei	2_large	False	1	0	4	25.5	25.0	64.7	1.11e-07	NZ_CP009707.1	3550623	1	1839	774651	780170
FULL_CFFIHE_03684	GCF_000959505.1	Burkholderia dolosa AU0158	3_large	True	0	0											
FULL_CFFIHE_03684	GCF_000959525.1	Burkholderia multivorans ATCC BAA-247	3_large	True	0	0											
FULL_CFFIHE_03684	GCF_000959545.1	Burkholderia ambifaria AMMD	3_large	True	0	0											
FULL_CFFIHE_03684	GCF_000959605.1	Burkholderia thailandensis 34	3_large	False	0	0											
FULL_CFFIHE_03684	GCF_000959625.1	Burkholderia mallei	2_large	False	0	0											
FULL_CFFIHE_03684	GCF_000959725.1	Burkholderia gladioli	2_large	False	0	0											
FULL_CFFIHE_03684	GCF_000960995.1	Burkholderia glumae LMG 2196 = ATCC 33617	2_large	False	2	0	4	23.3	20.0	68.6	8.54e-09	NZ_CP009433.1	196020	3	1561	120662	125347
FULL_CFFIHE_03684	GCF_000961515.1	Paraburkholderia fungorum	4+_large	False	0	0											
FULL_CFFIHE_03684	GCF_000974835.2	Burkholderia cepacia	1_large	False	0	0											
FULL_CFFIHE_03684	GCF_001028665.1	Burkholderia pyrrocinia	3_large	True	0	0											
FULL_CFFIHE_03684	GCF_001029145.1	Burkholderia contaminans	3_large	True	0	0											
FULL_CFFIHE_03684	GCF_001277875.1	Burkholderia pseudomallei	2_large	False	1	0	4	25.1	25.0	59.7	3.77e-06	NZ_CP012515.1	4038504	1	2031	636063	642158
FULL_CFFIHE_03684	GCF_001277895.1	Burkholderia pseudomallei	2_large	False	1	0	4	25.1	25.0	59.7	3.77e-06	NZ_CP012517.1	4038845	1	2031	636261	642356
FULL_CFFIHE_03684	GCF_001277975.1	Burkholderia pseudomallei	2_large	False	1	0	4	24.7	25.0	58.5	9.34e-06	NZ_CP012576.1	4028032	1	2031	3804009	3810104
FULL_CFFIHE_03684	GCF_001293045.1	Burkholderia sp. HB1	2_large	False	0	0											
FULL_CFFIHE_03684	GCF_001318245.1	Burkholderia pseudomallei	2_large	False	0	0											
FULL_CFFIHE_03684	GCF_001411495.1	Burkholderia cepacia ATCC 25416	3_large	True	0	0											
FULL_CFFIHE_03684	GCF_001411805.1	Burkholderia plantarii	2_large	False	0	0											
FULL_CFFIHE_03684	GCF_001449005.1	Paraburkholderia caribensis	4+_large	False	0	0											
FULL_CFFIHE_03684	GCF_001484665.1	Burkholderia cenocepacia	3_large	True	1	0	4	37.5	6.0	72.4	6.03e-10	NZ_CP011917.1	3822749	1	1985	3057984	3063941
FULL_CFFIHE_03684	GCF_001513745.1	Burkholderia humptydooensis	3_large	False	0	0											
FULL_CFFIHE_03684	GCF_001522105.2	Burkholderia oklahomensis EO147	2_large	False	0	0											
FULL_CFFIHE_03684	GCF_001522135.2	Burkholderia oklahomensis C6786	2_large	False	0	0											
FULL_CFFIHE_03684	GCF_001522585.2	Burkholderia sp. NRF60-BP8	3_large	True	0	0											
FULL_CFFIHE_03684	GCF_001522635.2	Burkholderia mayonis	2_large	False	0	0											
FULL_CFFIHE_03684	GCF_001523745.2	Burkholderia mayonis	2_large	False	0	0											
FULL_CFFIHE_03684	GCF_001523915.2	Burkholderia sp. LA-2-3-30-S1-D2	3_large	True	1	0	4	35.6	3.0	63.9	1.94e-07	NZ_CP013383.1	2709855	2	1579	391973	396712
FULL_CFFIHE_03684	GCF_001524445.2	Burkholderia savannae	3_large	False	0	0											
FULL_CFFIHE_03684	GCF_001524625.2	Burkholderia savannae	2_large	False	0	0											
FULL_CFFIHE_03684	GCF_001524645.2	Burkholderia sp. MSMB0856	3_large	True	0	0											
FULL_CFFIHE_03684	GCF_001532025.2	Burkholderia sp. MSMB617WGS	2_large	False	0	0											
FULL_CFFIHE_03684	GCF_001557535.2	Burkholderia sp. PAMC 26561	4+_large	False	0	0											
FULL_CFFIHE_03684	GCF_001577465.1	Burkholderia sp. PAMC 28687	3_large	False	1	0	4	36.9	3.0	60.8	1.98e-06	NZ_CP014505.1	3260450	1	1981	255425	261370
FULL_CFFIHE_03684	GCF_001606115.1	Burkholderia cenocepacia	3_large	True	1	0	4	30.3	8.0	61.6	6.44e-07	NZ_CP015034.1	3107451	2	646	1284332	1286272
FULL_CFFIHE_03684	GCF_001606135.1	Burkholderia cenocepacia	2_large	True	0	0											
FULL_CFFIHE_03684	GCF_001611015.1	Paraburkholderia caribensis	3_large	False	0	0											
FULL_CFFIHE_03684	GCF_001634365.1	Paraburkholderia phytofirmans OLGA172	2_large	False	0	0											
FULL_CFFIHE_03684	GCF_001695715.1	Burkholderia pseudomallei	2_large	False	0	0											
FULL_CFFIHE_03684	GCF_001695735.1	Burkholderia pseudomallei	2_large	False	0	0											
FULL_CFFIHE_03684	GCF_001718295.1	Burkholderia thailandensis	2_large	False	0	0											
FULL_CFFIHE_03684	GCF_001718315.1	Burkholderia diffusa	3_large	True	1	0	4	27.7	8.0	63.9	7.33e-08	NZ_CP013363.1	2619120	2	393	2592026	2593207
FULL_CFFIHE_03684	GCF_001718335.1	Burkholderia territorii	3_large	True	0	0											
FULL_CFFIHE_03684	GCF_001718355.1	Burkholderia ubonensis	3_large	True	1	0	4	25.1	13.0	64.7	1.37e-07	NZ_CP013371.1	3052802	2	2027	2091842	2097925
FULL_CFFIHE_03684	GCF_001718395.1	Burkholderia cepacia	2_large	False	0	0											
FULL_CFFIHE_03684	GCF_001718415.1	Burkholderia pseudomultivorans	2_large	False	1	0	4	29.6	6.0	60.8	1.76e-06	NZ_CP013377.1	2995708	2	1955	20053	25920
FULL_CFFIHE_03684	GCF_001718495.1	Burkholderia vietnamiensis	3_large	True	0	0											
FULL_CFFIHE_03684	GCF_001718515.1	Burkholderia cenocepacia	2_large	False	0	0											
FULL_CFFIHE_03684	GCF_001718535.1	Burkholderia seminalis	3_large	True	1	0	4	37.5	6.0	74.7	1.12e-10	NZ_CP013398.1	3505262	1	1985	14726	20683
FULL_CFFIHE_03684	GCF_001718555.1	Burkholderia metallica	3_large	True	0	0											
FULL_CFFIHE_03684	GCF_001718575.1	Burkholderia lata	3_large	True	0	0											
FULL_CFFIHE_03684	GCF_001718595.1	Burkholderia thailandensis	2_large	False	0	0											
FULL_CFFIHE_03684	GCF_001718615.1	Burkholderia thailandensis	2_large	False	0	0											
FULL_CFFIHE_03684	GCF_001718635.1	Burkholderia thailandensis	2_large	False	0	0											
FULL_CFFIHE_03684	GCF_001718655.1	Burkholderia ubonensis	2_large	False	0	0											
FULL_CFFIHE_03684	GCF_001718695.1	Burkholderia ubonensis	3_large	True	0	0											
FULL_CFFIHE_03684	GCF_001718755.1	Burkholderia multivorans	3_large	True	0	0											
FULL_CFFIHE_03684	GCF_001718775.1	Burkholderia vietnamiensis	2_large	True	0	0											
FULL_CFFIHE_03684	GCF_001718795.1	Burkholderia latens	3_large	True	0	0											
FULL_CFFIHE_03684	GCF_001718815.1	Burkholderia vietnamiensis	3_large	True	0	0											
FULL_CFFIHE_03684	GCF_001718835.1	Burkholderia cepacia	3_large	True	1	0	4	32.4	5.0	62.8	4.11e-07	NZ_CP013444.1	3417004	2	1526	1632076	1636656
FULL_CFFIHE_03684	GCF_001718855.1	Burkholderia ubonensis	3_large	True	1	0	4	32.4	5.0	63.2	3.71e-07	NZ_CP013447.1	3435939	2	1526	1649248	1653828
FULL_CFFIHE_03684	GCF_001718875.1	Burkholderia singularis	2_large	False	0	0											
FULL_CFFIHE_03684	GCF_001718895.1	Burkholderia cenocepacia	3_large	True	0	0											
FULL_CFFIHE_03684	GCF_001718915.1	Burkholderia vietnamiensis	3_large	True	0	0											
FULL_CFFIHE_03684	GCF_001718955.1	Burkholderia stagnalis	3_large	True	0	0											
FULL_CFFIHE_03684	GCF_001718975.1	Burkholderia ubonensis	3_large	True	1	0	4	26.6	16.0	67.0	2.23e-08	NZ_CP013464.1	3094056	2	2090	2155065	2161337
FULL_CFFIHE_03684	GCF_001718995.1	Burkholderia multivorans	3_large	True	1	0	4	23.7	16.0	73.6	2.28e-10	NZ_CP013468.1	899828	3	1524	62859	67433
FULL_CFFIHE_03684	GCF_001729545.1	Burkholderia mallei	2_large	False	0	0											
FULL_CFFIHE_03684	GCF_001742165.1	Burkholderia stabilis	3_large	True	0	0											
FULL_CFFIHE_03684	GCF_001865575.2	Paraburkholderia sprentiae WSM5005	4+_large	False	0	0											
FULL_CFFIHE_03684	GCF_001885195.1	Burkholderia pseudomallei	2_large	False	0	0											
FULL_CFFIHE_03684	GCF_001887555.1	Burkholderia pseudomallei	2_large	False	0	0											
FULL_CFFIHE_03684	GCF_001887575.1	Burkholderia pseudomallei	2_large	False	0	0											
FULL_CFFIHE_03684	GCF_001922345.1	Paraburkholderia sp. SOS3	2_large	False	0	0											
FULL_CFFIHE_03684	GCF_001975065.1	Burkholderia pseudomallei	2_large	False	0	0											
FULL_CFFIHE_03684	GCF_001975085.1	Burkholderia pseudomallei	2_large	False	0	0											
FULL_CFFIHE_03684	GCF_001975105.1	Burkholderia pseudomallei	2_large	False	0	0											
FULL_CFFIHE_03684	GCF_001975125.1	Burkholderia pseudomallei	2_large	False	0	0											
FULL_CFFIHE_03684	GCF_001975145.1	Burkholderia pseudomallei	2_large	False	0	0											
FULL_CFFIHE_03684	GCF_001980585.2	Burkholderia pseudomallei	2_large	False	0	0											
FULL_CFFIHE_03684	GCF_001999785.1	Burkholderia cenocepacia	1_large	False	0	0											
FULL_CFFIHE_03684	GCF_001999825.1	Burkholderia cenocepacia	2_large	True	1	0	4	24.7	16.0	66.6	3.63e-08	NZ_CP019670.1	6339862	1	2074	3419116	3425340
FULL_CFFIHE_03684	GCF_001999885.1	Burkholderia cenocepacia	3_large	True	0	0											
FULL_CFFIHE_03684	GCF_002007585.1	Burkholderia cenocepacia	3_large	True	0	0											
FULL_CFFIHE_03684	GCF_002097715.1	Burkholderia ubonensis subsp. mesacidophila	3_large	False	0	0											
FULL_CFFIHE_03684	GCF_002110945.1	Burkholderia pseudomallei	2_large	False	0	0											
FULL_CFFIHE_03684	GCF_002110965.1	Burkholderia pseudomallei	2_large	False	1	0	4	32.7	7.0	65.1	1.00e-07	NZ_CP018391.1	4224888	1	1749	143480	148729
FULL_CFFIHE_03684	GCF_002111005.1	Burkholderia pseudomallei	2_large	False	0	0											
FULL_CFFIHE_03684	GCF_002111025.1	Burkholderia pseudomallei	2_large	False	0	0											
FULL_CFFIHE_03684	GCF_002111045.1	Burkholderia pseudomallei	2_large	False	0	0											
FULL_CFFIHE_03684	GCF_002111085.1	Burkholderia pseudomallei	2_large	False	0	0											
FULL_CFFIHE_03684	GCF_002111105.1	Burkholderia pseudomallei	2_large	False	0	0											
FULL_CFFIHE_03684	GCF_002111125.1	Burkholderia pseudomallei	2_large	False	0	0											
FULL_CFFIHE_03684	GCF_002111145.1	Burkholderia pseudomallei	2_large	False	0	0											
FULL_CFFIHE_03684	GCF_002111165.1	Burkholderia pseudomallei	2_large	False	0	0											
FULL_CFFIHE_03684	GCF_002111205.1	Burkholderia pseudomallei	2_large	False	0	0											
FULL_CFFIHE_03684	GCF_002111225.1	Burkholderia pseudomallei	2_large	False	0	0											
FULL_CFFIHE_03684	GCF_002111245.1	Burkholderia pseudomallei	2_large	False	0	0											
FULL_CFFIHE_03684	GCF_002111265.1	Burkholderia pseudomallei	2_large	False	0	0											
FULL_CFFIHE_03684	GCF_002111285.1	Burkholderia pseudomallei	2_large	False	0	0											
FULL_CFFIHE_03684	GCF_002111305.1	Burkholderia pseudomallei	2_large	False	0	0											
FULL_CFFIHE_03684	GCF_002111325.1	Burkholderia pseudomallei	2_large	False	0	0											
FULL_CFFIHE_03684	GCF_002111345.1	Burkholderia pseudomallei	2_large	False	0	0											
FULL_CFFIHE_03684	GCF_002111365.1	Burkholderia pseudomallei	2_large	False	1	0	4	24.9	14.0	63.5	2.77e-07	NZ_CP018383.1	4135235	1	1604	3245772	3250586
FULL_CFFIHE_03684	GCF_002111385.1	Burkholderia pseudomallei	2_large	False	1	0	4	24.7	25.0	58.5	9.03e-06	NZ_CP018413.1	4177999	1	2031	568513	574608
FULL_CFFIHE_03684	GCF_002208175.1	Burkholderia gladioli pv. gladioli	2_large	False	0	0											
FULL_CFFIHE_03684	GCF_002209085.2	Burkholderia cepacia	3_large	True	0	0											
FULL_CFFIHE_03684	GCF_002278075.1	Paraburkholderia aromaticivorans	4+_large	False	0	0											
FULL_CFFIHE_03684	GCF_002345985.1	Burkholderia mallei	2_large	False	0	0											
FULL_CFFIHE_03684	GCF_002346005.1	Burkholderia mallei	2_large	False	0	0											
FULL_CFFIHE_03684	GCF_002346025.1	Burkholderia mallei	2_large	False	0	0											
FULL_CFFIHE_03684	GCF_002346045.1	Burkholderia mallei	2_large	False	0	0											
FULL_CFFIHE_03684	GCF_002346065.1	Burkholderia mallei	2_large	False	0	0											
FULL_CFFIHE_03684	GCF_002346085.1	Burkholderia mallei	2_large	False	0	0											
FULL_CFFIHE_03684	GCF_002346105.1	Burkholderia mallei	2_large	False	0	0											
FULL_CFFIHE_03684	GCF_002346125.1	Burkholderia mallei	2_large	False	0	0											
FULL_CFFIHE_03684	GCF_002346145.1	Burkholderia mallei	2_large	False	0	0											
FULL_CFFIHE_03684	GCF_002346165.1	Burkholderia mallei	2_large	False	0	0											
FULL_CFFIHE_03684	GCF_002346185.1	Burkholderia mallei	2_large	False	0	0											
FULL_CFFIHE_03684	GCF_002346205.1	Burkholderia mallei	2_large	False	0	0											
FULL_CFFIHE_03684	GCF_002356275.1	Burkholderia stabilis	3_large	True	1	0	4	32.2	4.0	58.5	7.92e-06	NZ_AP018112.1	3163229	2	1957	624913	630786
FULL_CFFIHE_03684	GCF_002386205.1	Burkholderia thailandensis	2_large	False	0	0											
FULL_CFFIHE_03684	GCF_002393425.1	Burkholderia gladioli pv. gladioli	2_large	False	0	0											
FULL_CFFIHE_03684	GCF_002407525.2	Burkholderia cepacia	3_large	True	0	0											
FULL_CFFIHE_03684	GCF_002843645.1	Burkholderia pseudomallei	2_large	False	0	0											
FULL_CFFIHE_03684	GCF_002860065.1	Burkholderia pseudomallei	2_large	False	0	0											
FULL_CFFIHE_03684	GCF_002902925.1	Paraburkholderia terrae	4+_large	False	0	0											
FULL_CFFIHE_03684	GCF_002902945.1	Paraburkholderia caribensis	4+_large	False	0	0											
FULL_CFFIHE_03684	GCF_002902965.1	Paraburkholderia hospita	4+_large	False	1	0	4	27.5	9.0	63.9	2.31e-07	NZ_CP026106.1	3269803	2	2586	1115703	1123463
FULL_CFFIHE_03684	GCF_003019945.1	Burkholderia vietnamiensis	3_large	True	0	0											
FULL_CFFIHE_03684	GCF_003019965.1	Burkholderia multivorans	3_large	True	0	0											
FULL_CFFIHE_03684	GCF_003020025.1	Burkholderia thailandensis	2_large	False	0	0											
FULL_CFFIHE_03684	GCF_003020185.1	Burkholderia thailandensis	2_large	False	0	0											
FULL_CFFIHE_03684	GCF_003076415.1	Burkholderia cenocepacia	3_large	True	0	0											
FULL_CFFIHE_03684	GCF_003233675.1	Burkholderia sp. JP2-270	4+_large	True	0	0											
FULL_CFFIHE_03684	GCF_003286395.1	Paraburkholderia dokdonensis	2_large	False	1	0	4	33.6	5.0	59.7	3.95e-06	NZ_CP029641.1	1273736	2	1525	989782	994359
FULL_CFFIHE_03684	GCF_003330745.1	Paraburkholderia caledonica	3_large	False	0	0											
FULL_CFFIHE_03684	GCF_003330765.1	Burkholderia pyrrocinia	3_large	True	0	0											
FULL_CFFIHE_03684	GCF_003330785.1	Paraburkholderia graminis	3_large	False	0	0											
FULL_CFFIHE_03684	GCF_003330805.1	Paraburkholderia hospita	4+_large	False	0	0											
FULL_CFFIHE_03684	GCF_003330825.1	Paraburkholderia terricola	2_large	False	0	0											
FULL_CFFIHE_03684	GCF_003366075.1	Burkholderia sp. IDO3	4+_large	True	0	0											
FULL_CFFIHE_03684	GCF_003368325.1	Paraburkholderia caffeinilytica	2_large	False	0	0											
FULL_CFFIHE_03684	GCF_003445415.1	Burkholderia pseudomallei	2_large	False	2	0	4	24.9	14.0	63.2	3.25e-07	NZ_CP008755.1	4033039	1	1604	3943263	3948077
FULL_CFFIHE_03684	GCF_003546465.1	Burkholderia cepacia ATCC 25416	3_large	True	0	0											
FULL_CFFIHE_03684	GCF_003547015.1	Burkholderia pseudomallei	2_large	False	0	0											
FULL_CFFIHE_03684	GCF_003547035.1	Burkholderia pseudomallei	2_large	False	0	0											
FULL_CFFIHE_03684	GCF_003547055.1	Burkholderia pseudomallei	2_large	False	0	0											
FULL_CFFIHE_03684	GCF_003568605.1	Burkholderia thailandensis E264	2_large	False	0	0											
FULL_CFFIHE_03684	GCF_003606245.1	Burkholderia pseudomallei	2_large	False	1	0	4	24.9	14.0	63.9	2.00e-07	NZ_CP023775.1	4075641	1	1604	1655050	1659864
FULL_CFFIHE_03684	GCF_003613595.1	Burkholderia gladioli pv. gladioli	2_large	False	0	0											
FULL_CFFIHE_03684	GCF_003614815.1	Burkholderia thailandensis	2_large	False	0	0											
FULL_CFFIHE_03684	GCF_003614835.1	Burkholderia thailandensis	2_large	False	0	0											
FULL_CFFIHE_03684	GCF_003704285.1	Burkholderia contaminans	3_large	True	2	0	4	30.9	5.0	60.5	1.59e-06	NZ_CP013391.1	3182734	2	566	2735270	2736970
FULL_CFFIHE_03684	GCF_003711145.1	Burkholderia lata	3_large	True	0	0											
FULL_CFFIHE_03684	GCF_003713105.1	Burkholderia gladioli	2_large	False	0	0											
FULL_CFFIHE_03684	GCF_003798245.1	Burkholderia pseudomallei	2_large	False	1	0	4	25.2	25.0	60.1	2.95e-06	NZ_CP033703.1	4098323	1	2031	150928	157023
FULL_CFFIHE_03684	GCF_003798265.1	Burkholderia pseudomallei	2_large	False	0	0											
FULL_CFFIHE_03684	GCF_003798365.1	Burkholderia pseudomallei	2_large	False	0	0											
FULL_CFFIHE_03684	GCF_003812365.1	Burkholderia multivorans	3_large	True	0	0											
FULL_CFFIHE_03684	GCF_003812585.1	Burkholderia multivorans	3_large	False	1	0	4	23.7	16.0	73.6	2.48e-10	NZ_CP033746.1	1030740	3	1524	236430	241004
FULL_CFFIHE_03684	GCF_003812965.1	Burkholderia multivorans	3_large	True	0	0											
FULL_CFFIHE_03684	GCF_003813045.1	Burkholderia dolosa	3_large	True	0	0											
FULL_CFFIHE_03684	GCF_003966315.1	Burkholderia cenocepacia	3_large	True	0	0											
FULL_CFFIHE_03684	GCF_004323015.1	Burkholderia pseudomallei	2_large	False	0	0											
FULL_CFFIHE_03684	GCF_004323035.1	Burkholderia pseudomallei	2_large	False	0	0											
FULL_CFFIHE_03684	GCF_004348055.1	Burkholderia pseudomallei	2_large	False	0	0											
FULL_CFFIHE_03684	GCF_004348075.1	Burkholderia pseudomallei	2_large	False	0	0											
FULL_CFFIHE_03684	GCF_004367665.1	Burkholderia pseudomallei	2_large	False	0	0											
FULL_CFFIHE_03684	GCF_004367685.1	Burkholderia pseudomallei	2_large	False	0	0											
FULL_CFFIHE_03684	GCF_004367705.1	Burkholderia pseudomallei	2_large	False	0	0											
FULL_CFFIHE_03684	GCF_004367725.1	Burkholderia pseudomallei	2_large	False	0	0											
FULL_CFFIHE_03684	GCF_004526325.1	Burkholderia pseudomallei	2_large	False	0	0											
FULL_CFFIHE_03684	GCF_004842085.1	Burkholderia pseudomallei	2_large	False	1	0	4	24.7	25.0	58.5	9.34e-06	NZ_CP038805.1	3800466	1	2031	3280295	3286390
FULL_CFFIHE_03684	GCF_005280735.1	Trinickia violacea	2_large	False	0	0											
FULL_CFFIHE_03684	GCF_005853645.1	Burkholderia pseudomallei	2_large	False	1	0	4	24.7	25.0	58.5	9.42e-06	NZ_CP040531.1	4017865	1	2031	190569	196664
FULL_CFFIHE_03684	GCF_005862325.1	Burkholderia pseudomallei	2_large	False	1	0	4	25.1	25.0	59.3	5.50e-06	NZ_CP040552.1	3987244	1	2031	362695	368790
FULL_CFFIHE_03684	GCF_005937855.2	Burkholderia sp. KBS0801	3_large	True	0	0											
FULL_CFFIHE_03684	GCF_006094315.1	Burkholderia cepacia ATCC 25416	3_large	True	0	0											
FULL_CFFIHE_03684	GCF_007556815.1	Paraburkholderia megapolitana	2_large	False	1	0	4	28.1	88.0	658	0.0	NZ_CP041743.1	3016794	2	2848	1065377	1073923
FULL_CFFIHE_03684	GCF_007724625.1	Burkholderia contaminans	3_large	True	1	0	4	25.0	17.0	80.1	1.90e-12	NZ_CP042167.1	239952	4	855	80171	82738
FULL_CFFIHE_03684	GCF_008693485.1	Burkholderia multivorans	3_large	True	0	0											
FULL_CFFIHE_03684	GCF_008693525.1	Burkholderia multivorans	3_large	True	0	0											
FULL_CFFIHE_03684	GCF_008728255.1	Burkholderia pseudomallei	2_large	False	1	0	4	25.5	25.0	63.9	1.96e-07	NZ_CP038214.1	3932929	1	2027	84029	90112
FULL_CFFIHE_03684	GCF_008728275.1	Burkholderia pseudomallei	2_large	False	1	0	4	25.5	25.0	63.9	1.96e-07	NZ_CP038216.1	3932431	1	2027	89195	95278
FULL_CFFIHE_03684	GCF_008728295.1	Burkholderia pseudomallei	2_large	False	1	0	4	25.5	25.0	63.9	1.96e-07	NZ_CP038218.1	3934903	1	2027	2911886	2917969
FULL_CFFIHE_03684	GCF_008728315.1	Burkholderia pseudomallei	2_large	False	1	0	4	25.5	25.0	63.9	1.96e-07	NZ_CP038220.1	3931933	1	2027	1362847	1368930
FULL_CFFIHE_03684	GCF_008728335.1	Burkholderia pseudomallei	2_large	False	1	0	4	25.5	25.0	63.9	1.96e-07	NZ_CP038222.1	3933419	1	2027	1997580	2003663
FULL_CFFIHE_03684	GCF_008728355.1	Burkholderia pseudomallei	2_large	False	1	0	4	25.5	25.0	63.9	1.96e-07	NZ_CP038224.1	3931555	1	2027	271100	277183
FULL_CFFIHE_03684	GCF_008728375.1	Burkholderia pseudomallei	2_large	False	1	0	4	25.5	25.0	63.9	1.96e-07	NZ_CP038226.1	3933317	1	2027	784507	790590
FULL_CFFIHE_03684	GCF_009191525.1	Burkholderia contaminans	3_large	True	1	0	4	25.0	17.0	79.3	4.96e-12	NZ_CP028810.1	200961	4	1958	118994	124870
FULL_CFFIHE_03684	GCF_009578005.1	Burkholderia glumae	2_large	False	2	0	4	23.3	20.0	68.6	8.12e-09	NZ_CP045089.1	201571	3	1561	137339	142024
FULL_CFFIHE_03684	GCF_009586235.1	Burkholderia cepacia	3_large	True	3	0	4	26.7	14.0	67.0	2.37e-08	NZ_CP045236.1	3430130	2	2090	3242954	3249226
FULL_CFFIHE_03684	GCF_009730035.1	Burkholderia multivorans	3_large	True	0	0											
FULL_CFFIHE_03684	GCF_009730175.1	Burkholderia multivorans	3_large	True	1	0	4	29.8	6.0	58.5	9.37e-06	NZ_CP046341.1	2418100	2	1955	371659	377526
FULL_CFFIHE_03684	GCF_009730195.1	Burkholderia multivorans	3_large	True	1	0	4	23.7	16.0	74.3	1.51e-10	NZ_CP046345.1	792513	3	1455	333087	337454
FULL_CFFIHE_03684	GCF_009749345.1	Burkholderia pseudomallei	2_large	False	0	0											
FULL_CFFIHE_03684	GCF_009755625.1	Burkholderia contaminans	3_large	True	1	0	4	25.0	17.0	79.3	4.96e-12	NZ_CP046610.1	152473	4	1958	146240	152116
FULL_CFFIHE_03684	GCF_009789655.1	Paraburkholderia acidiphila	4+_large	False	0	0											
FULL_CFFIHE_03684	GCF_009789675.1	Paraburkholderia acidisoli	4+_large	False	0	0											
FULL_CFFIHE_03684	GCF_009857095.1	Burkholderia glumae AU6208	2_large	False	0	0											
FULL_CFFIHE_03684	GCF_009931375.1	Burkholderia glumae	2_large	False	2	0	4	23.8	20.0	72.4	6.03e-10	NZ_CP035901.1	2763738	2	1558	2302565	2307241
FULL_CFFIHE_03684	GCF_009938265.1	Burkholderia sp. THE68	4+_large	False	0	0											
FULL_CFFIHE_03684	GCF_011039955.1	Caballeronia sp. SBC2	4+_large	False	1	0	4	31.2	8.0	72.4	5.53e-10	NZ_CP049318.1	1831039	3	1959	145339	151218
FULL_CFFIHE_03684	GCF_011493005.1	Caballeronia sp. SBC1	4+_large	False	1	0	4	31.2	8.0	72.4	5.44e-10	NZ_CP049158.1	1826371	3	1956	145392	151262
FULL_CFFIHE_03684	GCF_011578485.1	Burkholderia thailandensis	2_large	False	0	0											
FULL_CFFIHE_03684	GCF_012689525.1	Paraburkholderia aromaticivorans	3_large	False	1	0	4	25.9	91.0	514	1.64e-144	NZ_CP051515.1	3638240	2	2803	1792250	1800661
FULL_CFFIHE_03684	GCF_012974245.1	Burkholderia glumae	2_large	False	1	0	4	23.4	20.0	67.4	1.74e-08	NZ_CP052864.1	2869204	2	1558	2277355	2282031
FULL_CFFIHE_03684	GCF_013122645.1	Burkholderia glumae	2_large	False	2	0	4	23.4	20.0	68.2	9.08e-09	NZ_CP052134.1	281656	3	1255	62986	66753
FULL_CFFIHE_03684	GCF_013307145.1	Burkholderia glumae	2_large	False	1	0	4	23.8	20.0	72.4	6.03e-10	NZ_CP021158.1	2783312	2	1558	566768	571444
FULL_CFFIHE_03684	GCF_013307165.1	Burkholderia glumae	2_large	False	3	0	4	23.3	21.0	70.9	1.48e-09	NZ_CP023206.1	135963	4	1558	9501	14177
FULL_CFFIHE_03684	GCF_013378095.1	Paraburkholderia caribensis	3_large	False	0	0											
FULL_CFFIHE_03684	GCF_013426895.1	Paraburkholderia largidicola	4+_large	False	0	0											
FULL_CFFIHE_03684	GCF_013426915.1	Paraburkholderia sp. PGU19	4+_large	False	1	0	4	27.1	14.0	63.5	2.52e-07	NZ_AP023182.1	1440798	4	1511	1062794	1067329
FULL_CFFIHE_03684	GCF_013822785.1	Burkholderia sp. MBR-1	4+_large	True	0	0											
FULL_CFFIHE_03684	GCF_014171495.1	Paraburkholderia tropica	4+_large	False	0	0											
FULL_CFFIHE_03684	GCF_014211915.1	Burkholderia cenocepacia	3_large	True	0	0											
FULL_CFFIHE_03684	GCF_014263355.1	Burkholderia gladioli	2_large	False	0	0											
FULL_CFFIHE_03684	GCF_014357995.1	Burkholderia cenocepacia	3_large	True	0	0											
FULL_CFFIHE_03684	GCF_014854795.1	Burkholderia cepacia	3_large	True	2	0	4	24.1	22.0	60.1	3.27e-06	NZ_CP032009.1	3683734	1	1559	3585955	3590634
FULL_CFFIHE_03684	GCF_016026055.1	Burkholderia glumae	2_large	False	2	0	4	23.3	20.0	68.6	8.54e-09	NZ_CP065603.1	196019	3	1561	117307	121992
FULL_CFFIHE_03684	GCF_016027435.1	Burkholderia oklahomensis	2_large	False	0	0											
FULL_CFFIHE_03684	GCF_016027455.1	Burkholderia humptydooensis	3_large	False	0	0											
FULL_CFFIHE_03684	GCF_016127755.1	Burkholderia ambifaria	3_large	True	0	0											
FULL_CFFIHE_03684	GCF_016128195.1	Paraburkholderia ginsengisoli	2_large	False	0	0											
FULL_CFFIHE_03684	GCF_016458785.1	Burkholderia ambifaria	2_large	False	1	0	4	34.8	5.0	73.6	2.26e-10	NZ_CP066762.1	3480598	1	1989	268457	274426
FULL_CFFIHE_03684	GCF_016458805.1	Burkholderia anthina	2_large	False	0	0											
FULL_CFFIHE_03684	GCF_016598875.1	Burkholderia glumae	2_large	False	2	0	4	23.3	20.0	68.6	8.54e-09	NZ_CP066789.1	196019	3	1561	184797	189482
FULL_CFFIHE_03684	GCF_016698705.1	Burkholderia gladioli	2_large	False	0	0											
FULL_CFFIHE_03684	GCF_016774495.1	Burkholderia thailandensis	3_large	False	0	0											
FULL_CFFIHE_03684	GCF_016864355.1	Burkholderia pseudomallei	2_large	False	0	0											
FULL_CFFIHE_03684	GCF_016889205.1	Burkholderia dolosa	3_large	True	0	0											
FULL_CFFIHE_03684	GCF_016899425.1	Burkholderia sp. MS389	3_large	True	2	1	1	99.5	100.0	5733	0.0	NZ_CP045996.1	1180421	3	2867	588652	597255
FULL_CFFIHE_03684	GCF_016899445.1	Burkholderia sp. MS455	3_large	True	1	0	4	30.1	6.0	61.6	1.03e-06	NZ_CP041778.1	3288546	2	2653	2401417	2409378
FULL_CFFIHE_03684	GCF_017165175.1	Burkholderia multivorans	3_large	True	1	0	4	27.4	8.0	59.3	5.25e-06	NZ_CP048442.1	2429771	2	1974	19834	25758
FULL_CFFIHE_03684	GCF_017165195.1	Burkholderia multivorans	3_large	True	1	0	4	27.4	8.0	59.3	5.25e-06	NZ_CP048446.1	2439726	2	1974	19699	25623
FULL_CFFIHE_03684	GCF_017165475.1	Burkholderia multivorans	3_large	True	1	0	4	27.4	8.0	59.3	5.25e-06	NZ_CP048449.1	2438740	2	1974	19723	25647
FULL_CFFIHE_03684	GCF_017165495.1	Burkholderia multivorans	3_large	True	1	0	4	27.4	8.0	59.3	5.25e-06	NZ_CP048452.1	2438624	2	1974	19722	25646
FULL_CFFIHE_03684	GCF_017165515.1	Burkholderia multivorans	3_large	True	1	0	4	27.4	8.0	59.3	5.25e-06	NZ_CP048455.1	2439060	2	1974	19723	25647
FULL_CFFIHE_03684	GCF_017165535.1	Burkholderia multivorans	3_large	True	1	0	4	27.4	8.0	59.3	5.25e-06	NZ_CP048458.1	2440132	2	1974	19915	25839
FULL_CFFIHE_03684	GCF_017165555.1	Burkholderia multivorans	3_large	True	1	0	4	27.4	8.0	59.3	5.25e-06	NZ_CP048461.1	2440183	2	1974	19915	25839
FULL_CFFIHE_03684	GCF_017220215.1	Caballeronia sp. M1242	4+_large	False	0	0											
FULL_CFFIHE_03684	GCF_017378155.1	Burkholderia pseudomallei	2_large	False	1	0	4	25.1	25.0	62.8	4.94e-07	NZ_CP071746.1	4046673	1	2027	3545128	3551211
FULL_CFFIHE_03684	GCF_017378195.1	Burkholderia pseudomallei	2_large	False	2	0	4	31.2	10.0	79.0	6.08e-12	NZ_CP071749.1	4117487	1	1767	1528682	1533985
FULL_CFFIHE_03684	GCF_017378235.1	Burkholderia pseudomallei	2_large	False	2	0	4	24.9	14.0	63.5	2.77e-07	NZ_CP071753.1	221857	3	1604	71110	75924
FULL_CFFIHE_03684	GCF_017378275.1	Burkholderia pseudomallei	2_large	False	1	0	4	24.8	25.0	58.9	6.40e-06	NZ_CP071757.1	4071067	1	2031	3537445	3543540
FULL_CFFIHE_03684	GCF_017378315.2	Burkholderia pseudomallei	2_large	False	0	0											
FULL_CFFIHE_03684	GCF_017378355.1	Burkholderia pseudomallei	2_large	False	2	0	4	31.2	10.0	79.0	6.08e-12	NZ_CP071759.1	4049558	1	1767	89296	94599
FULL_CFFIHE_03684	GCF_017378435.1	Burkholderia pseudomallei	2_large	False	0	0											
FULL_CFFIHE_03684	GCF_017514945.1	Burkholderia anthina	3_large	True	1	0	4	25.0	17.0	78.2	6.21e-12	NZ_CP071829.1	152479	5	616	92929	94779
FULL_CFFIHE_03684	GCF_017815595.1	Burkholderia latens	2_large	False	0	0											
FULL_CFFIHE_03684	GCF_017815615.1	Burkholderia latens	3_large	True	0	0											
FULL_CFFIHE_03684	GCF_017858835.1	Burkholderia glumae	2_large	False	2	0	4	23.8	20.0	67.0	2.46e-08	NZ_CP021075.1	2836688	2	1560	2034519	2039201
FULL_CFFIHE_03684	GCF_018223765.1	Burkholderia cenocepacia	3_large	True	1	0	4	37.5	6.0	72.0	6.67e-10	NZ_CP073673.1	3737356	1	1985	1969272	1975229
FULL_CFFIHE_03684	GCF_018223785.1	Burkholderia contaminans	4+_large	True	0	0											
FULL_CFFIHE_03684	GCF_018223805.1	Burkholderia cenocepacia	3_large	True	0	0											
FULL_CFFIHE_03684	GCF_018228345.1	Burkholderia pseudomallei	2_large	False	1	0	4	25.1	25.0	59.3	5.50e-06	NZ_CP073722.1	3947811	1	2031	3388944	3395039
FULL_CFFIHE_03684	GCF_018228385.1	Burkholderia pseudomallei	2_large	False	1	0	4	25.1	25.0	59.3	5.50e-06	NZ_CP073728.1	3990066	1	2031	3440862	3446957
FULL_CFFIHE_03684	GCF_018228525.1	Burkholderia pseudomallei	2_large	False	1	0	4	25.1	25.0	59.3	5.50e-06	NZ_CP073725.1	3995906	1	2031	3446857	3452952
FULL_CFFIHE_03684	GCF_018228545.1	Burkholderia pseudomallei	2_large	False	1	0	4	25.1	25.0	59.3	5.50e-06	NZ_CP073740.1	3944884	1	2031	3387388	3393483
FULL_CFFIHE_03684	GCF_018228565.1	Burkholderia pseudomallei	2_large	False	1	0	4	25.1	25.0	59.3	5.50e-06	NZ_CP073734.1	3945139	1	2031	3387577	3393672
FULL_CFFIHE_03684	GCF_018228585.1	Burkholderia pseudomallei	2_large	False	1	0	4	25.1	25.0	59.3	5.50e-06	NZ_CP073731.1	3985679	1	2031	1621011	1627106
FULL_CFFIHE_03684	GCF_018228605.1	Burkholderia pseudomallei	2_large	False	1	0	4	25.1	25.0	59.3	5.50e-06	NZ_CP073737.1	3985970	1	2031	3471709	3477804
FULL_CFFIHE_03684	GCF_018228625.1	Burkholderia cenocepacia	3_large	True	1	0	4	37.5	6.0	72.0	6.67e-10	NZ_CP073702.1	3809848	1	1985	6458	12415
FULL_CFFIHE_03684	GCF_018408855.1	Caballeronia sp. NK8	4+_large	False	0	0											
FULL_CFFIHE_03684	GCF_018417535.1	Burkholderia pyrrocinia	3_large	True	0	0											
FULL_CFFIHE_03684	GCF_018771365.1	Burkholderia pseudomallei	2_large	False	1	0	4	25.1	25.0	62.8	4.94e-07	NZ_CP076297.1	4046877	1	2027	3545334	3551417
FULL_CFFIHE_03684	GCF_019428685.1	Paraburkholderia edwinii	2_large	False	0	0											
FULL_CFFIHE_03684	GCF_019915365.1	Burkholderia contaminans	3_large	True	0	0											
FULL_CFFIHE_03684	GCF_019930785.1	Burkholderia dolosa	3_large	True	0	0											
FULL_CFFIHE_03684	GCF_020099355.1	Burkholderia vietnamiensis	3_large	True	0	0											
FULL_CFFIHE_03684	GCF_020544345.1	Paraburkholderia caribensis	3_large	False	0	0											
FULL_CFFIHE_03684	GCF_020736245.1	Burkholderia dolosa	3_large	True	0	0											
FULL_CFFIHE_03684	GCF_020843905.1	Burkholderia ambifaria	3_large	True	1	0	4	34.8	5.0	73.9	2.06e-10	NZ_CP086291.1	3458711	1	1989	251579	257548
FULL_CFFIHE_03684	GCF_020843925.1	Burkholderia ambifaria	3_large	True	0	0											
FULL_CFFIHE_03684	GCF_020843945.1	Burkholderia sp. B21-007	3_large	True	0	0											
FULL_CFFIHE_03684	GCF_020843965.1	Burkholderia sp. B21-005	3_large	True	0	0											
FULL_CFFIHE_03684	GCF_020843985.1	Burkholderia ambifaria	3_large	True	1	0	4	28.7	9.0	59.3	5.54e-06	NZ_CP086306.1	1172335	3	1547	272067	276710
FULL_CFFIHE_03684	GCF_020885575.1	Paraburkholderia terrae	4+_large	False	0	0											
FULL_CFFIHE_03684	GCF_021344035.2	Burkholderia cepacia	3_large	True	3	0	4	26.8	14.0	67.0	2.27e-08	NZ_CP158564.1	3826233	1	2091	3255715	3261990
FULL_CFFIHE_03684	GCF_021484945.1	Burkholderia cepacia	3_large	True	1	0	4	24.1	22.0	60.8	1.65e-06	NZ_CP090608.1	3739938	1	1559	399584	404263
FULL_CFFIHE_03684	GCF_021535065.1	Burkholderia cenocepacia	3_large	True	0	0											
FULL_CFFIHE_03684	GCF_021899435.1	Burkholderia aenigmatica	4+_large	True	1	0	4	27.7	7.0	68.9	7.07e-09	NZ_CP091647.1	3713971	2	1977	418537	424470
FULL_CFFIHE_03684	GCF_022213445.1	Burkholderia vietnamiensis	3_large	True	0	0											
FULL_CFFIHE_03684	GCF_022533485.1	Burkholderia contaminans	3_large	True	0	0											
FULL_CFFIHE_03684	GCF_022809715.1	Burkholderia pyrrocinia	3_large	True	1	0	4	25.1	25.0	73.9	1.77e-10	NZ_CP094460.1	3004083	2	1403	2231190	2235401
FULL_CFFIHE_03684	GCF_022879575.1	Caballeronia sp. SL2Y3	4+_large	False	0	0											
FULL_CFFIHE_03684	GCF_022879595.1	Caballeronia sp. Lep1P3	4+_large	False	0	0											
FULL_CFFIHE_03684	GCF_022879615.1	Caballeronia grimmiae	4+_large	False	0	0											
FULL_CFFIHE_03684	GCF_022879815.1	Caballeronia zhejiangensis	4+_large	False	0	0											
FULL_CFFIHE_03684	GCF_023053515.1	Burkholderia cepacia	3_large	True	0	0											
FULL_CFFIHE_03684	GCF_023169865.1	Paraburkholderia terrae	4+_large	False	0	0											
FULL_CFFIHE_03684	GCF_023170545.1	Caballeronia sp. Sq4a	4+_large	False	0	0											
FULL_CFFIHE_03684	GCF_023373625.1	Burkholderia multivorans	3_large	True	1	0	4	27.4	7.0	62.0	7.42e-07	NZ_CP090773.1	2334973	2	1980	2307807	2313749
FULL_CFFIHE_03684	GCF_023373645.1	Burkholderia multivorans	3_large	True	1	0	4	27.4	7.0	62.0	7.42e-07	NZ_CP090776.1	2334987	2	1980	2297840	2303782
FULL_CFFIHE_03684	GCF_023373665.1	Burkholderia multivorans	3_large	True	0	0											
FULL_CFFIHE_03684	GCF_023373685.1	Burkholderia multivorans	3_large	True	0	0											
FULL_CFFIHE_03684	GCF_023373725.1	Burkholderia vietnamiensis	3_large	True	0	0											
FULL_CFFIHE_03684	GCF_023374315.1	Burkholderia multivorans	3_large	True	0	0											
FULL_CFFIHE_03684	GCF_023374335.1	Burkholderia cenocepacia	3_large	True	1	0	4	37.5	6.0	73.6	2.56e-10	NZ_CP090676.1	3511327	1	1985	3455840	3461797
FULL_CFFIHE_03684	GCF_023374355.1	Burkholderia multivorans	3_large	True	0	0											
FULL_CFFIHE_03684	GCF_023374375.1	Burkholderia multivorans	3_large	True	0	0											
FULL_CFFIHE_03684	GCF_023374395.1	Burkholderia multivorans	3_large	True	0	0											
FULL_CFFIHE_03684	GCF_023374415.1	Burkholderia multivorans	3_large	True	0	0											
FULL_CFFIHE_03684	GCF_023374435.1	Burkholderia multivorans	3_large	True	1	0	4	23.8	16.0	75.9	5.15e-11	NZ_CP090693.1	816086	3	2008	411939	417965
FULL_CFFIHE_03684	GCF_023374455.1	Burkholderia multivorans	3_large	True	0	0											
FULL_CFFIHE_03684	GCF_023374475.1	Burkholderia cepacia	2_large	False	0	0											
FULL_CFFIHE_03684	GCF_023374495.1	Burkholderia multivorans	3_large	True	0	0											
FULL_CFFIHE_03684	GCF_023374515.1	Burkholderia multivorans	3_large	True	0	0											
FULL_CFFIHE_03684	GCF_023374535.1	Burkholderia multivorans	3_large	True	0	0											
FULL_CFFIHE_03684	GCF_023374575.1	Burkholderia multivorans	3_large	True	0	0											
FULL_CFFIHE_03684	GCF_023374595.1	Burkholderia multivorans	3_large	True	0	0											
FULL_CFFIHE_03684	GCF_023374615.1	Burkholderia multivorans	3_large	True	0	0											
FULL_CFFIHE_03684	GCF_023374635.1	Burkholderia multivorans	3_large	True	0	0											
FULL_CFFIHE_03684	GCF_023374655.1	Burkholderia multivorans	3_large	True	0	0											
FULL_CFFIHE_03684	GCF_023374675.1	Burkholderia cepacia	3_large	True	0	0											
FULL_CFFIHE_03684	GCF_023374695.1	Burkholderia multivorans	3_large	True	0	0											
FULL_CFFIHE_03684	GCF_023374715.1	Burkholderia cepacia	3_large	True	0	0											
FULL_CFFIHE_03684	GCF_023374735.1	Burkholderia multivorans	3_large	True	0	0											
FULL_CFFIHE_03684	GCF_023374755.1	Burkholderia multivorans	3_large	True	0	0											
FULL_CFFIHE_03684	GCF_023374775.1	Burkholderia multivorans	3_large	True	1	0	4	27.4	7.0	62.0	7.12e-07	NZ_CP090748.1	2288622	2	1980	2246700	2252642
FULL_CFFIHE_03684	GCF_023374795.1	Burkholderia multivorans	3_large	True	0	0											
FULL_CFFIHE_03684	GCF_023374815.1	Burkholderia multivorans	3_large	True	0	0											
FULL_CFFIHE_03684	GCF_023374835.1	Burkholderia cenocepacia	3_large	True	1	0	4	37.5	6.0	73.6	2.56e-10	NZ_CP090760.1	3511529	1	1985	434254	440211
FULL_CFFIHE_03684	GCF_023374855.1	Burkholderia cenocepacia	3_large	True	1	0	4	37.5	6.0	73.6	2.56e-10	NZ_CP090763.1	3511584	1	1985	62749	68706
FULL_CFFIHE_03684	GCF_023374875.1	Burkholderia multivorans	3_large	True	0	0											
FULL_CFFIHE_03684	GCF_023374895.1	Burkholderia multivorans	2_large	False	0	0											
FULL_CFFIHE_03684	GCF_023658595.1	Burkholderia gladioli	2_large	False	0	0											
FULL_CFFIHE_03684	GCF_024022955.1	Burkholderia glumae	2_large	False	2	0	4	23.8	20.0	67.0	2.46e-08	NZ_CP099583.1	2864763	2	1560	1703478	1708160
FULL_CFFIHE_03684	GCF_024072595.1	Paraburkholderia fungorum	3_large	False	2	0	4	38.9	4.0	67.8	1.13e-08	NZ_CP099623.1	4941516	1	1213	2339661	2343302
FULL_CFFIHE_03684	GCF_024072715.1	Paraburkholderia fungorum	3_large	False	2	0	4	38.9	4.0	67.8	1.13e-08	NZ_CP099627.1	4941518	1	1213	2339662	2343303
FULL_CFFIHE_03684	GCF_024123895.1	Paraburkholderia fungorum	3_large	False	0	0											
FULL_CFFIHE_03684	GCF_024381035.2	Burkholderia arboris	3_large	True	1	0	4	36.2	5.0	80.5	2.22e-12	NZ_CP101525.1	3525317	2	1989	954995	960964
FULL_CFFIHE_03684	GCF_024600575.1	Burkholderia cepacia	3_large	True	1	0	4	29.6	9.0	72.0	6.72e-10	NZ_CP102330.1	3408063	2	1968	2504522	2510428
FULL_CFFIHE_03684	GCF_024661975.1	Burkholderia contaminans	3_large	True	2	0	4	25.0	17.0	79.3	4.96e-12	NZ_CP102485.1	249693	4	1958	176290	182166
FULL_CFFIHE_03684	GCF_024662395.1	Burkholderia glumae	2_large	False	3	0	4	23.6	20.0	71.2	1.06e-09	NZ_CP100133.1	189346	3	1561	52734	57419
FULL_CFFIHE_03684	GCF_024662415.1	Burkholderia glumae	2_large	False	2	0	4	23.9	20.0	75.5	5.67e-11	NZ_CP100137.1	2808990	2	1558	1747525	1752201
FULL_CFFIHE_03684	GCF_024662435.1	Burkholderia glumae	2_large	False	2	0	4	23.4	20.0	69.7	3.16e-09	NZ_CP100143.1	185317	3	1561	132247	136932
FULL_CFFIHE_03684	GCF_024662455.1	Burkholderia glumae	2_large	False	3	0	4	23.6	20.0	65.5	6.16e-08	NZ_CP100145.1	2828244	2	1560	1695626	1700308
FULL_CFFIHE_03684	GCF_024662475.1	Burkholderia glumae	2_large	False	3	0	4	23.6	20.0	65.5	6.16e-08	NZ_CP100151.1	2828244	2	1560	1695623	1700305
FULL_CFFIHE_03684	GCF_024662615.1	Burkholderia glumae	2_large	False	3	0	4	23.6	20.0	65.5	6.16e-08	NZ_CP100157.1	2828244	2	1560	1695625	1700307
FULL_CFFIHE_03684	GCF_024662735.1	Burkholderia glumae	2_large	False	3	0	4	23.6	20.0	65.5	6.16e-08	NZ_CP100163.1	2828244	2	1560	1695643	1700325
FULL_CFFIHE_03684	GCF_024662895.1	Burkholderia glumae	2_large	False	3	0	4	23.6	20.0	65.5	6.16e-08	NZ_CP100169.1	2828244	2	1560	1695641	1700323
FULL_CFFIHE_03684	GCF_024663015.1	Burkholderia glumae	2_large	False	1	0	4	23.6	20.0	65.5	6.16e-08	NZ_CP100182.1	2846341	2	1560	1706154	1710836
FULL_CFFIHE_03684	GCF_024663135.1	Burkholderia glumae	2_large	False	3	0	4	23.7	20.0	70.9	1.60e-09	NZ_CP100177.1	124884	5	1547	54573	59216
FULL_CFFIHE_03684	GCF_024663255.1	Burkholderia glumae	2_large	False	3	0	4	23.6	20.0	71.2	1.06e-09	NZ_CP100188.1	189346	3	1561	52726	57411
FULL_CFFIHE_03684	GCF_024663375.1	Burkholderia glumae	2_large	False	3	0	4	23.6	20.0	65.5	6.16e-08	NZ_CP100192.1	2828244	2	1560	1695641	1700323
FULL_CFFIHE_03684	GCF_024663615.1	Burkholderia glumae	2_large	False	3	0	4	23.6	20.0	65.5	6.16e-08	NZ_CP100198.1	2828243	2	1560	1695626	1700308
FULL_CFFIHE_03684	GCF_024663775.1	Burkholderia glumae	2_large	False	3	0	4	23.6	20.0	65.5	6.16e-08	NZ_CP100204.1	2872561	2	1560	1741443	1746125
FULL_CFFIHE_03684	GCF_024663895.1	Burkholderia glumae	2_large	False	3	0	4	23.6	20.0	65.5	6.16e-08	NZ_CP100210.1	2828244	2	1560	1695637	1700319
FULL_CFFIHE_03684	GCF_024663975.1	Burkholderia glumae	2_large	False	3	0	4	23.6	20.0	65.5	6.16e-08	NZ_CP100216.1	2828245	2	1560	1695627	1700309
FULL_CFFIHE_03684	GCF_024663995.1	Burkholderia glumae	2_large	False	3	0	4	23.6	20.0	65.5	6.16e-08	NZ_CP100222.1	2828243	2	1560	1695639	1700321
FULL_CFFIHE_03684	GCF_024664015.1	Burkholderia glumae	2_large	False	1	0	4	23.8	20.0	67.0	2.46e-08	NZ_CP100234.1	2852417	2	1560	1720744	1725426
FULL_CFFIHE_03684	GCF_024664035.1	Burkholderia glumae	2_large	False	3	0	4	23.6	20.0	65.5	6.16e-08	NZ_CP100228.1	2828245	2	1560	1695630	1700312
FULL_CFFIHE_03684	GCF_024664055.1	Burkholderia glumae	2_large	False	3	0	4	23.3	20.0	69.3	5.11e-09	NZ_CP100242.1	116826	5	1561	52844	57529
FULL_CFFIHE_03684	GCF_024664075.1	Burkholderia glumae	2_large	False	2	0	4	23.8	20.0	67.0	2.46e-08	NZ_CP100245.1	2796013	2	1560	1665357	1670039
FULL_CFFIHE_03684	GCF_024664095.1	Burkholderia glumae	2_large	False	2	0	4	23.8	20.0	67.0	2.46e-08	NZ_CP100251.1	2834421	2	1560	1730292	1734974
FULL_CFFIHE_03684	GCF_024664115.1	Burkholderia glumae	2_large	False	2	0	4	23.3	21.0	63.5	2.51e-07	NZ_CP100263.1	2783927	2	1543	1677784	1682415
FULL_CFFIHE_03684	GCF_024664135.1	Burkholderia glumae	3_large	False	3	0	4	23.8	20.0	67.0	2.46e-08	NZ_CP100257.1	2880619	2	1560	1711946	1716628
FULL_CFFIHE_03684	GCF_024664155.1	Burkholderia glumae	2_large	False	3	0	4	23.6	20.0	65.5	6.16e-08	NZ_CP100269.1	2828244	2	1560	1695640	1700322
FULL_CFFIHE_03684	GCF_024664175.1	Burkholderia glumae	2_large	False	3	0	4	23.6	20.0	65.5	6.16e-08	NZ_CP100275.1	2828244	2	1560	1695636	1700318
FULL_CFFIHE_03684	GCF_024664195.1	Burkholderia glumae	2_large	False	1	0	4	23.8	20.0	67.0	2.46e-08	NZ_CP100281.1	2908152	2	1560	1716216	1720898
FULL_CFFIHE_03684	GCF_024664215.1	Burkholderia glumae	2_large	False	3	0	4	24.4	20.0	72.8	3.96e-10	NZ_CP100287.1	177259	3	1558	48783	53459
FULL_CFFIHE_03684	GCF_024664235.1	Burkholderia glumae	2_large	False	2	0	4	23.8	20.0	73.2	3.37e-10	NZ_CP100292.1	2728074	2	1558	1048872	1053548
FULL_CFFIHE_03684	GCF_024664255.1	Burkholderia glumae	2_large	False	2	0	4	23.8	20.0	73.2	3.37e-10	NZ_CP100297.1	2840330	2	1558	1097013	1101689
FULL_CFFIHE_03684	GCF_024664275.1	Burkholderia glumae	1_large	False	2	0	4	23.8	20.0	67.0	2.46e-08	NZ_CP100300.1	6490471	1	1560	1972730	1977412
FULL_CFFIHE_03684	GCF_024730645.1	Burkholderia sp. EMB26	3_large	True	1	0	4	36.4	6.0	73.6	2.66e-11	NZ_CP078070.1	3561162	1	297	19696	20589
FULL_CFFIHE_03684	GCF_024732225.1	Burkholderia pyrrocinia	3_large	True	0	0											
FULL_CFFIHE_03684	GCF_024760585.1	Burkholderia glumae	2_large	False	3	0	4	24.4	20.0	72.8	3.96e-10	NZ_CP033659.1	120855	5	1558	48784	53460
FULL_CFFIHE_03684	GCF_024760605.1	Burkholderia glumae	2_large	False	3	0	4	23.8	20.0	67.0	2.46e-08	NZ_CP033665.1	2880619	2	1560	1711045	1715727
FULL_CFFIHE_03684	GCF_024760625.1	Burkholderia glumae	2_large	False	2	0	4	23.3	21.0	63.5	2.51e-07	NZ_CP033667.1	2787956	2	1543	1681246	1685877
FULL_CFFIHE_03684	GCF_024760645.1	Burkholderia glumae	1_large	False	2	0	4	23.8	20.0	67.0	2.46e-08	NZ_CP033672.1	6450182	1	1560	1972731	1977413
FULL_CFFIHE_03684	GCF_025244785.1	Burkholderia gladioli	2_large	False	0	0											
FULL_CFFIHE_03684	GCF_025560745.1	Burkholderia sp. S-53	3_large	True	0	0											
FULL_CFFIHE_03684	GCF_025643495.1	Burkholderia multivorans	3_large	True	0	0											
FULL_CFFIHE_03684	GCF_025643515.1	Burkholderia contaminans	3_large	True	1	0	4	25.0	17.0	80.1	2.49e-12	NZ_CP102465.1	240894	4	1132	50359	53757
FULL_CFFIHE_03684	GCF_025643555.1	Burkholderia multivorans	3_large	True	0	0											
FULL_CFFIHE_03684	GCF_025643575.1	Burkholderia cenocepacia	3_large	True	0	0											
FULL_CFFIHE_03684	GCF_026315005.1	Burkholderia pseudomallei	2_large	False	0	0											
FULL_CFFIHE_03684	GCF_026315025.1	Burkholderia pseudomallei	2_large	False	0	0											
FULL_CFFIHE_03684	GCF_026315045.1	Burkholderia pseudomallei	2_large	False	0	0											
FULL_CFFIHE_03684	GCF_026651625.1	Burkholderia gladioli	2_large	False	0	0											
FULL_CFFIHE_03684	GCF_026651975.1	Burkholderia glumae	2_large	False	3	0	4	23.6	20.0	65.5	6.16e-08	NZ_CP033642.1	2844361	2	1560	1711976	1716658
FULL_CFFIHE_03684	GCF_026651995.1	Burkholderia glumae	2_large	False	3	0	4	23.6	20.0	65.5	6.16e-08	NZ_CP033643.1	2848390	2	1560	1711968	1716650
FULL_CFFIHE_03684	GCF_026652015.1	Burkholderia glumae	2_large	False	3	0	4	23.6	20.0	65.5	6.16e-08	NZ_CP033654.1	2836304	2	1560	1703902	1708584
FULL_CFFIHE_03684	GCF_026683835.2	Burkholderia ambifaria	3_large	True	1	0	4	34.8	5.0	73.9	1.97e-10	NZ_CP113272.2	3490225	1	1989	268726	274695
FULL_CFFIHE_03684	GCF_026683855.2	Burkholderia ambifaria	3_large	True	0	0											
FULL_CFFIHE_03684	GCF_026683875.2	Burkholderia ambifaria	3_large	True	0	0											
FULL_CFFIHE_03684	GCF_026958255.1	Burkholderia ambifaria	3_large	True	1	0	4	35.5	5.0	79.3	5.10e-12	NZ_CP092843.1	3495354	1	1989	289495	295464
FULL_CFFIHE_03684	GCF_028201395.1	Burkholderia pseudomallei	2_large	False	0	0											
FULL_CFFIHE_03684	GCF_028462305.2	Burkholderia cepacia	3_large	True	1	0	4	24.1	22.0	60.8	1.60e-06	NZ_CP159409.1	3708767	1	1559	405416	410095
FULL_CFFIHE_03684	GCF_028473685.1	Paraburkholderia bryophila	2_large	False	0	0											
FULL_CFFIHE_03684	GCF_028657905.1	Burkholderia sp. FERM BP-3421	3_large	False	1	0	4	25.6	15.0	69.3	3.44e-09	NZ_CP117779.1	238570	4	710	106128	108260
FULL_CFFIHE_03684	GCF_029536165.1	Paraburkholderia sp. SUR17	2_large	False	0	0											
FULL_CFFIHE_03684	GCF_029590335.1	Burkholderia contaminans	3_large	True	0	0											
FULL_CFFIHE_03684	GCF_029633645.1	Burkholderia contaminans	3_large	True	0	0											
FULL_CFFIHE_03684	GCF_029633805.1	Burkholderia contaminans	3_large	True	3	0	4	25.0	17.0	79.3	4.96e-12	NZ_CP090638.1	198595	4	1958	73751	79627
FULL_CFFIHE_03684	GCF_029633825.1	Burkholderia contaminans	4+_large	True	1	0	4	25.0	17.0	79.3	4.96e-12	NZ_CP090644.1	199797	5	1958	125165	131041
FULL_CFFIHE_03684	GCF_029910195.1	Burkholderia sp. JSH-S8	4+_large	False	0	0											
FULL_CFFIHE_03684	GCF_029910215.1	Paraburkholderia sp. D15	3_large	False	0	0											
FULL_CFFIHE_03684	GCF_029962485.1	Burkholderia cepacia	3_large	True	1	0	4	29.0	6.0	60.5	2.39e-06	NZ_CP073637.1	3544176	1	1995	3123911	3129898
FULL_CFFIHE_03684	GCF_030078435.1	Burkholderia vietnamiensis	3_large	True	0	0											
FULL_CFFIHE_03684	GCF_030297195.1	Burkholderia pseudomallei	2_large	False	1	0	4	25.1	25.0	59.3	5.50e-06	NZ_AP028071.1	3958117	1	2031	591752	597847
FULL_CFFIHE_03684	GCF_030297215.1	Burkholderia pseudomallei	2_large	False	1	0	4	25.1	25.0	59.3	4.89e-06	NZ_AP028073.1	4060923	1	2031	645168	651263
FULL_CFFIHE_03684	GCF_030297235.1	Burkholderia pseudomallei	2_large	False	1	0	4	25.1	25.0	59.3	4.89e-06	NZ_AP028075.1	4050793	1	2031	628725	634820
FULL_CFFIHE_03684	GCF_030297255.1	Burkholderia pseudomallei	2_large	False	1	0	4	25.1	25.0	59.3	5.50e-06	NZ_AP028077.1	3937683	1	2031	629545	635640
FULL_CFFIHE_03684	GCF_030297275.1	Burkholderia pseudomallei	2_large	False	1	0	4	24.7	25.0	58.5	9.34e-06	NZ_AP028079.1	4035111	1	2031	612235	618330
FULL_CFFIHE_03684	GCF_030297295.1	Burkholderia pseudomallei	2_large	False	0	0											
FULL_CFFIHE_03684	GCF_030297315.1	Burkholderia pseudomallei	2_large	False	1	0	4	25.1	25.0	59.3	5.50e-06	NZ_AP028083.1	3937533	1	2031	629542	635637
FULL_CFFIHE_03684	GCF_030297335.1	Burkholderia pseudomallei	2_large	False	0	0											
FULL_CFFIHE_03684	GCF_030297355.1	Burkholderia pseudomallei	2_large	False	1	0	4	25.1	25.0	59.3	5.50e-06	NZ_AP028088.1	3957973	1	2031	591728	597823
FULL_CFFIHE_03684	GCF_030316055.1	Paraburkholderia bonniea	2_large	False	0	0											
FULL_CFFIHE_03684	GCF_030316075.1	Paraburkholderia bonniea	2_large	False	0	0											
FULL_CFFIHE_03684	GCF_030374675.1	Burkholderia anthina	3_large	True	1	1	1	94.8	100.0	5288	0.0	NZ_CP126322.1	1022242	3	2867	711224	719827
FULL_CFFIHE_03684	GCF_030412785.1	Paraburkholderia sabiae	4+_large	False	0	0											
FULL_CFFIHE_03684	GCF_030505635.1	Burkholderia glumae	2_large	False	0	0											
FULL_CFFIHE_03684	GCF_030644525.1	Burkholderia plantarii	2_large	False	0	0											
FULL_CFFIHE_03684	GCF_030848725.1	Burkholderia dolosa	3_large	True	0	0											
FULL_CFFIHE_03684	GCF_031356765.1	Paraburkholderia phenoliruptrix	2_large	False	0	0											
FULL_CFFIHE_03684	GCF_031585635.1	Paraburkholderia sp. FT54	4+_large	False	0	0											
FULL_CFFIHE_03684	GCF_032806925.1	Paraburkholderia kirstenboschensis	3_large	False	0	0											
FULL_CFFIHE_03684	GCF_033391855.2	Paraburkholderia terrae	4+_large	False	0	0											
FULL_CFFIHE_03684	GCF_033675275.1	Burkholderia thailandensis	2_large	False	0	0											
FULL_CFFIHE_03684	GCF_033675305.1	Burkholderia thailandensis	2_large	False	0	0											
FULL_CFFIHE_03684	GCF_033675325.1	Burkholderia cepacia	3_large	True	0	0											
FULL_CFFIHE_03684	GCF_033870355.1	Burkholderia mallei	2_large	False	0	0											
FULL_CFFIHE_03684	GCF_033870375.1	Burkholderia mallei	2_large	False	0	0											
FULL_CFFIHE_03684	GCF_033870395.1	Burkholderia mallei	1_large	False	0	0											
FULL_CFFIHE_03684	GCF_033956065.1	Burkholderia mallei	2_large	False	0	0											
FULL_CFFIHE_03684	GCF_034047095.1	Robbsia andropogonis	3_large	False	0	0											
FULL_CFFIHE_03684	GCF_034424375.1	Paraburkholderia kururiensis	1_large	False	0	0											
FULL_CFFIHE_03684	GCF_034424545.1	Trinickia caryophylli	2_large	False	0	0											
FULL_CFFIHE_03684	GCF_035621555.1	Burkholderia thailandensis	2_large	False	0	0											
FULL_CFFIHE_03684	GCF_036352035.1	Burkholderia multivorans	3_large	True	0	0											
FULL_CFFIHE_03684	GCF_036362805.1	Burkholderia multivorans	3_large	True	1	0	4	27.8	7.0	63.5	2.60e-07	NZ_CP143590.1	2296428	2	1980	19745	25687
FULL_CFFIHE_03684	GCF_036837415.1	Burkholderia gladioli	2_large	False	0	0											
FULL_CFFIHE_03684	GCF_036839165.1	Burkholderia gladioli	2_large	False	0	0											
FULL_CFFIHE_03684	GCF_037055255.1	Burkholderia pyrrocinia	3_large	True	0	0											
FULL_CFFIHE_03684	GCF_037101255.1	Paraburkholderia sp. 22B1P	4+_large	False	0	0											
FULL_CFFIHE_03684	GCF_037101275.1	Burkholderia contaminans	3_large	True	1	0	4	38.1	6.0	75.5	6.03e-11	NZ_AP029053.1	3445782	1	1985	2247887	2253844
FULL_CFFIHE_03684	GCF_037477895.1	Mycetohabitans endofungorum	2_large	False	0	0											
FULL_CFFIHE_03684	GCF_037477905.1	Mycetohabitans endofungorum	2_large	False	0	0											
FULL_CFFIHE_03684	GCF_037478035.1	Mycetohabitans endofungorum	2_large	False	0	0											
FULL_CFFIHE_03684	GCF_037478045.1	Mycetohabitans rhizoxinica	2_large	False	0	0											
FULL_CFFIHE_03684	GCF_037478055.1	Mycetohabitans rhizoxinica	2_large	False	0	0											
FULL_CFFIHE_03684	GCF_037478065.1	Mycetohabitans rhizoxinica	2_large	False	0	0											
FULL_CFFIHE_03684	GCF_037478075.1	Mycetohabitans endofungorum	2_large	False	0	0											
FULL_CFFIHE_03684	GCF_037478085.1	Mycetohabitans endofungorum	2_large	False	0	0											
FULL_CFFIHE_03684	GCF_038050405.1	Paraburkholderia sp. IMGN_8	2_large	False	0	0											
FULL_CFFIHE_03684	GCF_038452255.1	Burkholderia pyrrocinia	3_large	True	2	0	4	24.6	21.0	66.2	4.19e-08	NZ_CP150851.1	848493	3	2479	262102	269541
FULL_CFFIHE_03684	GCF_038723655.1	Burkholderia arboris	3_large	True	0	0											
FULL_CFFIHE_03684	GCF_038782865.1	Burkholderia ambifaria	2_large	False	1	0	4	29.6	7.0	79.0	5.74e-12	NZ_CP152371.1	4682183	1	1989	4245561	4251530
FULL_CFFIHE_03684	GCF_038983115.1	Burkholderia pseudomallei	2_large	False	0	0											
FULL_CFFIHE_03684	GCF_038983225.1	Burkholderia pseudomallei	2_large	False	0	0											
FULL_CFFIHE_03684	GCF_039621805.1	Paraburkholderia sp. PREW-6R	4+_large	False	0	0											
FULL_CFFIHE_03684	GCF_039728355.1	Burkholderia cenocepacia	3_large	True	0	0											
FULL_CFFIHE_03684	GCF_039848545.1	Burkholderia stagnalis	3_large	True	0	0											
FULL_CFFIHE_03684	GCF_039852015.1	Robbsia sp. KACC 23696	3_large	False	0	0											
FULL_CFFIHE_03684	GCF_040215475.1	Burkholderia contaminans	3_large	True	0	0											
FULL_CFFIHE_03684	GCF_040314805.1	Trinickia caryophylli	2_large	False	0	0											
FULL_CFFIHE_03684	GCF_040361905.1	Paraburkholderia terrae	4+_large	False	0	0											
FULL_CFFIHE_03684	GCF_040735455.1	Burkholderia semiarida	3_large	True	1	1	1	94.8	100.0	5298	0.0	NZ_CP136805.1	1062595	3	2867	713085	721688
FULL_CFFIHE_03684	GCF_040761425.1	Burkholderia sp. Ed8	3_large	True	0	0											
FULL_CFFIHE_03684	GCF_041070875.1	Burkholderia cepacia	3_large	True	0	0											
FULL_CFFIHE_03684	GCF_041205585.2	Burkholderia cenocepacia	3_large	True	0	0											
FULL_CFFIHE_03684	GCF_042604585.1	Burkholderia gladioli	2_large	False	0	0											
FULL_CFFIHE_03684	GCF_042604595.1	Burkholderia gladioli	2_large	False	0	0											
FULL_CFFIHE_03684	GCF_043193125.1	Burkholderia ambifaria	3_large	True	2	0	4	29.6	7.0	75.5	7.08e-11	NZ_CP142981.1	3564602	1	1989	301631	307600
FULL_CFFIHE_03684	GCF_044057485.1	Burkholderia contaminans	3_large	True	1	0	4	25.0	17.0	79.3	4.96e-12	NZ_CP172008.1	239984	4	1958	85810	91686
FULL_CFFIHE_03684	GCF_044501195.1	Burkholderia anthina	3_large	True	1	0	4	27.8	88.0	610	6.61e-175	NZ_CP162534.1	1465948	3	2834	571140	579644
FULL_CFFIHE_03684	GCF_045345775.1	Burkholderia semiarida	3_large	True	2	1	1	94.8	100.0	5323	0.0	NZ_CP174278.1	1087154	3	2867	866865	875468
FULL_CFFIHE_03684	GCF_045348565.1	Paraburkholderia fungorum	4+_large	False	0	0											
FULL_CFFIHE_03684	GCF_045862465.1	Burkholderia gladioli pv. gladioli	2_large	False	0	0											
FULL_CFFIHE_03684	GCF_045925845.1	Burkholderia pyrrocinia	4+_large	True	0	0											
FULL_CFFIHE_03684	GCF_046773525.1	Burkholderia cepacia	3_large	True	0	0											
FULL_CFFIHE_03684	GCF_047127275.1	Burkholderia lata	3_large	True	0	0											
FULL_CFFIHE_03684	GCF_047325075.1	Paraburkholderia phenoliruptrix	2_large	False	0	0											
FULL_CFFIHE_03684	GCF_047497155.1	Burkholderia sp. 22PA0106	2_large	False	0	0											
FULL_CFFIHE_03684	GCF_047497165.1	Burkholderia sp. 22PA0099	2_large	False	0	0											
FULL_CFFIHE_03684	GCF_047902435.1	Burkholderia cepacia	3_large	True	1	0	4	29.6	9.0	72.0	6.72e-10	NZ_CP138379.1	3375692	2	1968	2162757	2168663
FULL_CFFIHE_03684	GCF_048565175.1	Burkholderia gladioli	2_large	False	0	0											
FULL_CFFIHE_03684	GCF_048565265.1	Burkholderia theae	3_large	True	0	0											
FULL_CFFIHE_03684	GCF_048627025.1	Burkholderia aenigmatica	4+_large	True	0	0											
FULL_CFFIHE_03684	GCF_048688115.1	Burkholderia thailandensis	2_large	False	0	0											
FULL_CFFIHE_03684	GCF_048917655.1	Burkholderia gladioli	2_large	False	0	0											
FULL_CFFIHE_03684	GCF_048917665.1	Burkholderia gladioli	2_large	False	0	0											
FULL_CFFIHE_03684	GCF_048917685.1	Burkholderia gladioli	2_large	False	0	0											
FULL_CFFIHE_03684	GCF_049177125.1	Paraburkholderia sp. DD10	2_large	False	0	0											
FULL_CFFIHE_03684	GCF_049487195.1	Burkholderia sp. NLJ2	3_large	True	0	0											
FULL_CFFIHE_03684	GCF_049913365.1	Burkholderia ambifaria	3_large	True	0	0											
FULL_CFFIHE_03684	GCF_049942845.1	Burkholderia sp. R-40	3_large	True	0	0											
FULL_CFFIHE_03684	GCF_050320195.1	Burkholderia pseudomallei	2_large	False	0	0											
FULL_CFFIHE_03684	GCF_050430075.1	Robbsia andropogonis	3_large	False	0	0											
FULL_CFFIHE_03684	GCF_050500075.1	Paraburkholderia tropica	4+_large	False	0	0											
FULL_CFFIHE_03684	GCF_050613125.1	Burkholderia gladioli	2_large	False	0	0											
FULL_CFFIHE_03684	GCF_050613135.1	Burkholderia cepacia	3_large	True	0	0											
FULL_CFFIHE_03684	GCF_050627075.1	Paraburkholderia fungorum	4+_large	False	0	0											
FULL_CFFIHE_03684	GCF_050627395.1	Paraburkholderia fungorum	4+_large	False	0	0											
FULL_CFFIHE_03684	GCF_050632305.1	Burkholderia contaminans	3_large	True	0	0											
FULL_CFFIHE_03684	GCF_050632315.1	Burkholderia contaminans	3_large	True	0	0											
FULL_CFFIHE_03684	GCF_050632325.1	Burkholderia cepacia	3_large	True	1	0	4	28.0	13.0	77.4	1.81e-11	NZ_CP192561.1	3391474	2	1974	3363252	3369176
FULL_CFFIHE_03684	GCF_050632335.1	Burkholderia contaminans	3_large	True	0	0											
FULL_CFFIHE_03684	GCF_050632345.1	Burkholderia contaminans	3_large	True	0	0											
FULL_CFFIHE_03684	GCF_050632355.1	Burkholderia cepacia	3_large	True	0	0											
FULL_CFFIHE_03684	GCF_050813845.1	Burkholderia sp. F1	3_large	False	3	0	4	29.9	6.0	70.5	2.02e-09	NZ_CP172421.1	4012682	1	1977	11436	17369
FULL_CFFIHE_03684	GCF_050858985.1	Burkholderia sp. M6-3	4+_large	False	0	0											
FULL_CFFIHE_03684	GCF_050920555.1	Burkholderia gladioli pv. alliicola	2_large	False	0	0											
FULL_CFFIHE_03684	GCF_050955445.1	Paraburkholderia sp. RHO2	2_large	False	0	0											
FULL_CFFIHE_03684	GCF_050990585.1	Paraburkholderia phenoliruptrix	2_large	False	0	0											
FULL_CFFIHE_03684	GCF_050990595.1	Paraburkholderia sacchari	4+_large	False	0	0											
FULL_CFFIHE_03684	GCF_051027425.1	Paraburkholderia caffeinilytica	2_large	False	1	0	4	31.8	5.0	59.7	1.40e-06	NZ_CP186553.1	3705942	2	324	3541216	3542190
FULL_CFFIHE_03684	GCF_051124805.1	Paraburkholderia sp. A3RO-2L	4+_large	False	1	0	4	33.1	5.0	60.5	2.51e-06	NZ_CP123189.1	1142246	3	1543	903621	908252
FULL_CFFIHE_03684	GCF_051125205.1	Paraburkholderia sp. A1BS-2L	4+_large	False	1	0	4	33.1	5.0	60.5	2.51e-06	NZ_CP120430.1	1164524	3	1543	513665	518296
FULL_CFFIHE_03684	GCF_051125215.1	Paraburkholderia sp. A3BS-1L	4+_large	False	1	0	4	33.1	5.0	60.5	2.53e-06	NZ_CP120444.1	1262688	3	1543	314159	318790
FULL_CFFIHE_03684	GCF_051125545.1	Paraburkholderia sp. A2RO-4L	4+_large	False	1	0	4	33.1	5.0	60.5	2.51e-06	NZ_CP120436.1	1162407	3	1543	505006	509637
FULL_CFFIHE_03684	GCF_051355645.1	Burkholderia lata	3_large	True	2	0	4	26.1	10.0	63.2	3.49e-07	NZ_CP195707.1	3694126	1	1998	1953802	1959798
FULL_CFFIHE_03684	GCF_051560065.1	Burkholderia pseudomallei	2_large	False	1	0	4	24.7	25.0	58.5	8.95e-06	NZ_CM121435.1	4021247	1	2031	1136191	1142286
FULL_CFFIHE_03684	GCF_051560085.1	Burkholderia pseudomallei	2_large	False	1	0	4	24.7	25.0	58.5	9.49e-06	NZ_CM121437.1	3971785	1	2031	3405204	3411299
FULL_CFFIHE_03684	GCF_051560105.1	Burkholderia pseudomallei	2_large	False	1	0	4	24.7	25.0	60.1	3.00e-06	NZ_CM121439.1	4052639	1	2031	1823407	1829502
FULL_CFFIHE_03684	GCF_051560125.1	Burkholderia pseudomallei	2_large	False	1	0	4	24.7	25.0	58.5	8.88e-06	NZ_CM121441.1	4045573	1	2031	231972	238067
FULL_CFFIHE_03684	GCF_051560145.1	Burkholderia pseudomallei	2_large	False	0	0											
FULL_CFFIHE_03684	GCF_051615025.1	Caballeronia sp. DA-9	3_large	False	0	0											
FULL_CFFIHE_03684	GCF_052222725.1	Burkholderia gladioli	2_large	False	0	0											
FULL_CFFIHE_03684	GCF_052854005.1	Burkholderia pseudomallei	2_large	False	1	0	4	24.9	14.0	63.2	3.09e-07	NZ_CP193432.1	4058535	1	1604	2761070	2765884
FULL_CFFIHE_03684	GCF_052854015.1	Burkholderia pseudomallei	2_large	False	1	0	4	25.0	19.0	75.1	8.45e-11	NZ_CP193435.1	4142467	1	1585	2328623	2333380
FULL_CFFIHE_03684	GCF_052854305.1	Burkholderia pseudomallei	2_large	False	0	0											
FULL_CFFIHE_03684	GCF_052854315.1	Burkholderia pseudomallei	2_large	False	0	0											
FULL_CFFIHE_03684	GCF_052854605.1	Burkholderia pseudomallei	2_large	False	0	0											
FULL_CFFIHE_03684	GCF_052854615.1	Burkholderia pseudomallei	2_large	False	0	0											
FULL_CFFIHE_03684	GCF_052854885.1	Burkholderia pseudomallei	2_large	False	0	0											
FULL_CFFIHE_03684	GCF_052854895.1	Burkholderia pseudomallei	2_large	False	1	0	4	24.7	25.0	58.5	9.34e-06	NZ_CP193448.1	3971349	1	2031	1712779	1718874
FULL_CFFIHE_03684	GCF_052855305.1	Burkholderia pseudomallei	2_large	False	0	0											
FULL_CFFIHE_03684	GCF_052855315.1	Burkholderia pseudomallei	2_large	False	0	0											
FULL_CFFIHE_03684	GCF_052855605.1	Burkholderia pseudomallei	2_large	False	1	0	4	25.1	25.0	59.3	5.50e-06	NZ_CP193453.1	4038557	1	2031	3100144	3106239
FULL_CFFIHE_03684	GCF_052855615.1	Burkholderia pseudomallei	2_large	False	1	0	4	25.1	25.0	59.3	5.50e-06	NZ_CP193455.1	4007748	1	2031	2399682	2405777
FULL_CFFIHE_03684	GCF_052855985.1	Burkholderia pseudomallei	2_large	False	1	0	4	25.1	25.0	59.3	5.50e-06	NZ_CP193458.1	4007637	1	2031	2399584	2405679
FULL_CFFIHE_03684	GCF_052856205.1	Burkholderia pseudomallei	2_large	False	0	0											
FULL_CFFIHE_03684	GCF_052857015.1	Burkholderia pseudomallei	2_large	False	0	0											
FULL_CFFIHE_03684	GCF_052857225.1	Burkholderia pseudomallei	2_large	False	0	0											
FULL_CFFIHE_03684	GCF_052857935.1	Burkholderia pseudomallei	2_large	False	1	0	4	24.6	25.0	59.3	5.98e-06	NZ_CP193466.1	4009207	1	2031	3747446	3753541
FULL_CFFIHE_03684	GCF_052858145.1	Burkholderia pseudomallei	2_large	False	1	0	4	24.6	25.0	59.3	5.98e-06	NZ_CP193468.1	4080232	1	2031	1447979	1454074
FULL_CFFIHE_03684	GCF_052858685.1	Burkholderia pseudomallei	2_large	False	1	0	4	25.1	25.0	59.3	4.73e-06	NZ_CP193470.1	4091997	1	2031	3182730	3188825
FULL_CFFIHE_03684	GCF_052858755.1	Burkholderia pseudomallei	2_large	False	1	0	4	25.1	25.0	59.3	4.73e-06	NZ_CP193471.1	4092017	1	2031	1221781	1227876
FULL_CFFIHE_03684	GCF_053038975.1	Burkholderia sola	3_large	True	1	1	1	97.6	100.0	5640	0.0	NZ_CP199961.1	1244422	3	2867	340742	349345
FULL_CFFIHE_03684	GCF_053153985.1	Burkholderia vietnamiensis	4+_large	True	0	0											
FULL_CFFIHE_03684	GCF_053209605.1	Burkholderia sola	3_large	True	1	1	1	97.7	100.0	5641	0.0	NZ_CP199987.1	1244416	3	2867	340742	349345
FULL_CFFIHE_03684	GCF_053348855.1	Burkholderia metallica	3_large	True	1	0	4	23.7	13.0	63.5	2.66e-07	NZ_JBRZEL010000002.1	248553	4	1781	69988	75333
FULL_CFFIHE_03684	GCF_053470105.1	Burkholderia gladioli	2_large	False	0	0											
FULL_CFFIHE_03684	GCF_053470145.1	Burkholderia gladioli	2_large	False	0	0											
FULL_CFFIHE_03684	GCF_053760385.1	Caballeronia sp. KNU42	4+_large	False	0	0											
FULL_CFFIHE_03684	GCF_054073385.1	Burkholderia pyrrocinia	4+_large	True	0	0											
FULL_CFFIHE_03684	GCF_054073395.1	Burkholderia pyrrocinia	4+_large	True	0	0											
FULL_CFFIHE_03684	GCF_054166125.1	Paraburkholderia strydomiana	3_large	False	0	0											
FULL_CFFIHE_03684	GCF_054166145.1	Paraburkholderia strydomiana	4+_large	False	0	0											
FULL_CFFIHE_03684	GCF_054166155.1	Paraburkholderia strydomiana	3_large	False	0	0											
FULL_CFFIHE_03684	GCF_054166185.1	Burkholderia ambifaria	3_large	True	1	0	4	34.8	5.0	73.6	2.22e-10	NZ_JBSWBZ010000002.1	3551557	1	1989	2235542	2241511
FULL_CFFIHE_03684	GCF_054166195.1	Paraburkholderia graminis	2_large	False	0	0											
FULL_CFFIHE_03684	GCF_054166225.1	Paraburkholderia strydomiana	2_large	False	0	0											
FULL_CFFIHE_03684	GCF_054166245.1	Paraburkholderia strydomiana	3_large	False	0	0											
FULL_CFFIHE_03684	GCF_054166265.1	Paraburkholderia strydomiana	2_large	False	0	0											
FULL_CFFIHE_03684	GCF_054187845.1	Burkholderia gladioli	2_large	False	0	0											
FULL_CFFIHE_03684	GCF_054558305.1	Burkholderia contaminans	3_large	True	0	0											
FULL_CFFIHE_03684	GCF_054955335.1	Burkholderia contaminans	1_large	False	0	0											
FULL_CFFIHE_03684	GCF_055386035.1	Burkholderia gladioli	3_large	False	1	0	4	29.5	11.0	76.6	3.02e-11	NZ_AP028975.1	402366	3	1872	103596	109214
FULL_CFFIHE_03684	GCF_055387925.1	Burkholderia mallei	2_large	False	0	0											
FULL_CFFIHE_03684	GCF_055391905.1	Paraburkholderia monticola	3_large	False	0	0											
FULL_CFFIHE_03684	GCF_055397325.1	Paraburkholderia largidicola	4+_large	False	0	0											
FULL_CFFIHE_03684	GCF_055397665.1	Burkholderia mallei	2_large	False	0	0											
FULL_CFFIHE_03684	GCF_055397955.1	Burkholderia gladioli	2_large	False	0	0											
FULL_CFFIHE_03684	GCF_055810255.1	Burkholderia thailandensis	2_large	False	0	0											
FULL_CFFIHE_03684	GCF_056270685.1	Paraburkholderia sp. PAMB 6768	1_large	False	0	0											
FULL_CFFIHE_03684	GCF_056591095.1	Paraburkholderia terricola	2_large	False	0	0											
FULL_CFFIHE_03684	GCF_056640905.1	Burkholderia pyrrocinia	4+_large	True	0	0											
FULL_CFFIHE_03684	GCF_056783395.1	Burkholderia pyrrocinia	3_large	True	1	0	4	26.7	15.0	65.5	7.24e-08	NZ_CM165589.1	3428300	2	2082	1573888	1580136
FULL_CFFIHE_03684	GCF_056847505.1	Mycetohabitans endofungorum	2_large	False	0	0											
FULL_CFFIHE_03684	GCF_056867595.1	Mycetohabitans rhizoxinica	2_large	False	0	0											
FULL_CFFIHE_03684	GCF_056868365.1	Mycetohabitans rhizoxinica	2_large	False	0	0											
FULL_CFFIHE_03684	GCF_056868375.1	Mycetohabitans rhizoxinica	2_large	False	0	0											
FULL_CFFIHE_03684	GCF_056880615.1	Mycetohabitans rhizoxinica	2_large	False	0	0											
FULL_CFFIHE_03684	GCF_057005415.2	Burkholderia sp. KL41	3_large	True	3	0	4	26.8	14.0	67.4	2.14e-08	NZ_CM174447.1	3685627	2	2091	497202	503477
FULL_CFFIHE_03684	GCF_057369595.1	Burkholderia cepacia complex sp. TUM26381	3_large	True	1	0	4	36.2	5.0	80.5	2.15e-12	NZ_CM170669.1	3419015	2	1989	3389932	3395901
FULL_CFFIHE_03684	GCF_057439935.1	Burkholderia cepacia complex sp. TUM26381	3_large	True	1	0	4	36.2	5.0	80.5	2.15e-12	NZ_CM172007.1	3419015	2	1989	3389932	3395901
FULL_CFFIHE_03684	GCF_057587595.1	Paraburkholderia sp. PAMB 6768	2_large	False	0	0											
FULL_CFFIHE_03684	GCF_057612605.2	Caballeronia sp. A2-2	4+_large	False	1	0	4	24.3	13.0	63.9	9.59e-08	NZ_CM173618.1	1590018	2	443	82115	83446
FULL_CFFIHE_03684	GCF_057748135.1	Paraburkholderia sp. PAMB 6770	2_large	False	0	0											
FULL_CFFIHE_03684	GCF_058448765.1	Burkholderia gladioli	2_large	False	1	0	4	30.2	11.0	78.6	8.30e-12	NZ_CP186754.1	123076	5	2059	93681	99860
FULL_CFFIHE_03684	GCF_059089405.1	Burkholderia pyrrocinia	3_large	True	0	0											
FULL_CFFIHE_03684	GCF_059622985.1	Paraburkholderia agricolaris	2_large	False	0	0											
FULL_CFFIHE_03684	GCF_902141795.1	Burkholderia pseudomallei	2_large	False	0	0											
FULL_CFFIHE_03684	GCF_902141815.1	Burkholderia pseudomallei	2_large	False	0	0											
FULL_CFFIHE_03684	GCF_902141835.1	Burkholderia pseudomallei	2_large	False	0	0											
FULL_CFFIHE_03684	GCF_902459535.1	Paraburkholderia dioscoreae	2_large	False	0	0											
FULL_CFFIHE_03684	GCF_904865725.1	Burkholderia cepacia	3_large	True	1	0	4	25.0	17.0	79.3	4.96e-12	NZ_LR890526.1	114206	4	1958	53376	59252
FULL_CFFIHE_03684	GCF_905400185.1	Burkholderia sola	3_large	True	2	1	1	99.8	100.0	5751	0.0	NZ_FR989677.1	1347483	3	2867	519133	527736
FULL_CFFIHE_03684	GCF_939576165.1	Burkholderia mallei	1_large	False	0	0											
FULL_CFFIHE_03684	GCF_964026365.1	Caballeronia sp. S22	4+_large	False	0	0											
FULL_CFFIHE_03684	GCF_964261745.1	Caballeronia sp. S22	4+_large	False	0	0											
FULL_CFFIHE_03684	GCF_964264985.1	Burkholderia mycopellens	3_large	True	0	0											
FULL_CFFIHE_03684	GCF_964264995.1	Burkholderia crassaminum	3_large	True	0	0											
FULL_CFFIHE_03684	GCF_964265005.1	Burkholderia crassaminum	3_large	True	0	0											
FULL_CFFIHE_03684	GCF_964265015.1	Burkholderia crassaminum	3_large	True	0	0											
FULL_CFFIHE_03684	GCF_964265025.1	Burkholderia mycopellens	3_large	True	1	0	4	30.0	7.0	62.4	6.88e-07	NZ_OZ183803.1	3486477	2	1982	20027	25975
FULL_CFFIHE_03684	GCF_965118185.1	Paraburkholderia kururiensis	2_large	False	1	0	4	27.0	15.0	95.1	7.88e-17	NZ_OZ221290.1	4117855	1	2039	457118	463237
FULL_CFFIHE_03684	GCF_965199385.1	Burkholderia pseudomallei	2_large	False	1	0	4	24.7	25.0	58.5	9.90e-06	NZ_OZ241166.1	3960616	1	2031	848445	854540
FULL_CFFIHE_03684	GCF_965199395.1	Burkholderia pseudomallei	2_large	False	1	0	4	24.7	25.0	58.5	9.90e-06	NZ_OZ241168.1	3978699	1	2031	2903323	2909418
FULL_CFFIHE_03684	GCF_965199405.1	Burkholderia pseudomallei	2_large	False	1	0	4	24.7	25.0	58.5	9.90e-06	NZ_OZ241171.1	3963159	1	2031	2906179	2912274
FULL_CFFIHE_03684	GCF_965199425.1	Burkholderia pseudomallei	2_large	False	1	0	4	24.7	25.0	58.5	9.90e-06	NZ_OZ241174.1	3960129	1	2031	3112518	3118613
FULL_CFFIHE_03684	GCF_965199435.1	Burkholderia pseudomallei	2_large	False	1	0	4	24.7	25.0	58.5	9.90e-06	NZ_OZ241176.1	3960448	1	2031	3112878	3118973
FULL_CFFIHE_03684	GCF_965199445.1	Burkholderia pseudomallei	2_large	False	1	0	4	24.7	25.0	58.5	9.90e-06	NZ_OZ241178.1	3960138	1	2031	2903311	2909406
FULL_CFFIHE_03684	GCF_965199455.1	Burkholderia pseudomallei	2_large	False	1	0	4	24.7	25.0	58.5	9.90e-06	NZ_OZ241180.1	3960447	1	2031	226138	232233
FULL_CFFIHE_03684	GCF_965199515.1	Burkholderia pseudomallei	2_large	False	1	0	4	24.7	25.0	58.5	9.90e-06	NZ_OZ241213.1	3961601	1	2031	2904887	2910982
FULL_CFFIHE_03684	GCF_965199545.1	Burkholderia pseudomallei	2_large	False	1	0	4	24.7	25.0	58.5	9.90e-06	NZ_OZ241211.1	3963009	1	2031	848874	854969
FULL_CFFIHE_03684	GCF_965199625.1	Burkholderia pseudomallei	2_large	False	1	0	4	24.7	25.0	58.5	9.90e-06	NZ_OZ241209.1	3962433	1	2031	2642374	2648469
FULL_CFFIHE_03684	GCF_965199835.1	Burkholderia pseudomallei	2_large	False	0	0											
FULL_CFFIHE_03684	GCF_965199925.1	Burkholderia pseudomallei	2_large	False	1	0	4	25.1	10.0	60.8	1.36e-06	NZ_OZ241391.1	4178342	1	755	1368194	1370461
FULL_CFFIHE_03684	GCF_965201125.1	Burkholderia pseudomallei	2_large	False	1	0	4	31.8	9.0	69.3	5.43e-09	NZ_OZ241753.1	4199711	1	1780	1299725	1305067
FULL_CFFIHE_03684	GCF_965202565.1	Burkholderia pseudomallei	2_large	False	0	0											
FULL_CFFIHE_03684	GCF_965211575.1	Burkholderia pseudomallei	2_large	False	1	0	4	24.7	25.0	58.5	9.90e-06	NZ_OZ242940.1	3960027	1	2031	2903952	2910047
FULL_CFFIHE_03684	GCF_965211595.1	Burkholderia pseudomallei	2_large	False	1	0	4	24.7	25.0	58.5	9.90e-06	NZ_OZ242944.1	3961589	1	2031	848978	855073
FULL_CFFIHE_03684	GCF_980295165.1	Burkholderia pseudomallei	2_large	False	1	0	4	25.1	25.0	59.3	5.50e-06	NZ_OZ412831.1	3999849	1	2031	3246240	3252335
FULL_CFFIHE_03684	GCF_980300355.1	Burkholderia pseudomallei	2_large	False	0	0											
FULL_CFFIHE_03684	GCF_980300905.1	Burkholderia pseudomallei	2_large	False	0	0											
FULL_CFFIHE_03684	GCF_980300945.1	Burkholderia pseudomallei	2_large	False	0	0											
FULL_CFFIHE_03684	GCF_980300965.1	Burkholderia pseudomallei	2_large	False	1	0	4	28.5	9.0	66.2	3.47e-08	NZ_OZ412845.1	4155369	1	736	2855429	2857639
FULL_CFFIHE_03684	GCF_984667665.1	Burkholderia arboris	3_large	True	2	0	4	36.2	5.0	80.5	2.11e-12	NZ_OZ480170.1	3532587	2	1989	3503503	3509472
FULL_CFFIHE_03684	GCF_984667675.1	Burkholderia arboris	3_large	True	0	0											
FULL_CFFIHE_03684	GCF_984667725.1	Burkholderia arboris	3_large	True	1	0	4	36.0	5.0	72.4	5.26e-10	NZ_OZ480175.1	3479138	2	2058	231843	238019
FULL_CFFIHE_03684	GCF_984667835.1	Burkholderia arboris	3_large	True	1	0	4	25.0	17.0	79.3	4.96e-12	NZ_OZ480197.1	152473	5	1958	129148	135024
FULL_CFFIHE_03684	GCF_984667895.1	Burkholderia arboris	4+_large	True	0	0											
FULL_CFFIHE_03684	GCF_984667945.1	Burkholderia arboris	3_large	True	0	0											
FULL_CFFIHE_03684	GCF_984667955.1	Burkholderia arboris	2_large	False	0	0											
FULL_CFFIHE_03684	GCF_984667975.1	Burkholderia sp. LMG 33096	3_large	True	0	0											
FULL_CFFIHE_03684	GCF_984668005.1	Burkholderia arboris	3_large	True	1	0	4	33.3	4.0	60.8	2.00e-06	NZ_OZ480190.1	3790333	1	1995	3346438	3352425
FULL_CFFIHE_03684	GCF_984668195.1	Burkholderia sp. LMG 33096	3_large	True	0	0											
FULL_CFFIHE_03684	GCF_984668265.1	Burkholderia arboris	3_large	True	1	0	4	36.2	5.0	80.5	2.15e-12	NZ_OZ480209.1	3401831	2	1989	3372747	3378716
FULL_CFFIHE_03684	GCF_984668355.1	Burkholderia sp. LMG 33096	3_large	True	0	0											
FULL_CFFIHE_03684	GCF_984668395.1	Burkholderia arboris	3_large	True	1	0	4	36.0	5.0	72.4	5.26e-10	NZ_OZ480206.1	3479142	2	2058	231843	238019
FULL_CFFIHE_03684	GCF_984668525.1	Burkholderia sp. LMG 34232	3_large	True	0	0											
FULL_CFFIHE_03684	GCF_984669265.1	Burkholderia sp. LMG 34232	3_large	True	0	0											
FULL_CFFIHE_03684	GCF_984669325.1	Burkholderia sp. LMG 33096	2_large	False	0	0											
FULL_CFFIHE_03684	GCF_984669335.1	Burkholderia arboris	3_large	True	1	0	4	29.6	8.0	76.6	2.77e-11	NZ_OZ480223.1	3724193	1	1377	19222	23355
FULL_CFFIHE_03684	GCF_984669415.1	Burkholderia arboris	3_large	True	0	0											
FULL_CFFIHE_03684	GCF_984669565.1	Burkholderia arboris	3_large	True	2	0	4	25.0	17.0	80.5	1.60e-12	NZ_OZ480234.1	154901	4	1271	109712	113527
FULL_CFFIHE_03684	GCF_984669585.1	Burkholderia arboris	3_large	True	0	0											
FULL_CFFIHE_03684	GCF_984669685.1	Burkholderia arboris	4+_large	True	0	0											
FULL_CFFIHE_03684	GCF_984669705.1	Burkholderia sp. LMG 34232	3_large	True	0	0											
FULL_CFFIHE_03684	GCF_984671675.1	Burkholderia sp. LMG 33096	2_large	False	0	0											
FULL_CFFIHE_03684	GCF_984671695.1	Burkholderia arboris	2_large	False	1	0	4	27.8	7.0	67.8	1.00e-08	NZ_OZ480247.1	3729666	1	819	8584	11043
FULL_CFFIHE_03684	MF6	Burkholderia sola (MF6)	3_large	True	2	1	1	100.0	100.0	5761	0.0	cluster_003_consensus	1179882	3	2867	358906	367509
FULL_CFFIHE_03684	MF7	Burkholderia sola (MF7)	4+_large	True	2	1	1	100.0	100.0	5761	0.0	BMF7_NODE_3_len_857810_cov_35_9645_ID_6095484.64	857810	3	2867	409940	418543
