protein	genome	locus_tag	any_signature	interpro_entry	n_databases
GCF_016899425.1|KEDGBJ_05955	GCF_016899425.1	KEDGBJ_05955	True	True	7
GCF_016899425.1|KEDGBJ_05956	GCF_016899425.1	KEDGBJ_05956	True	True	5
GCF_016899425.1|KEDGBJ_05957	GCF_016899425.1	KEDGBJ_05957	True	True	4
GCF_016899425.1|KEDGBJ_05958	GCF_016899425.1	KEDGBJ_05958	True	True	7
GCF_016899425.1|KEDGBJ_05959	GCF_016899425.1	KEDGBJ_05959	True	True	5
GCF_016899425.1|KEDGBJ_05960	GCF_016899425.1	KEDGBJ_05960	True	True	4
GCF_016899425.1|KEDGBJ_05961	GCF_016899425.1	KEDGBJ_05961	True	True	4
GCF_016899425.1|KEDGBJ_05962	GCF_016899425.1	KEDGBJ_05962	True	True	7
GCF_016899425.1|KEDGBJ_05963	GCF_016899425.1	KEDGBJ_05963	True	True	6
GCF_016899425.1|KEDGBJ_05966	GCF_016899425.1	KEDGBJ_05966	False	False	1
GCF_016899425.1|KEDGBJ_05967	GCF_016899425.1	KEDGBJ_05967	True	True	8
GCF_016899425.1|KEDGBJ_05968	GCF_016899425.1	KEDGBJ_05968	True	True	9
GCF_016899425.1|KEDGBJ_05969	GCF_016899425.1	KEDGBJ_05969	True	True	7
GCF_016899425.1|KEDGBJ_05970	GCF_016899425.1	KEDGBJ_05970	True	True	5
GCF_016899425.1|KEDGBJ_05971	GCF_016899425.1	KEDGBJ_05971	True	True	6
GCF_016899425.1|KEDGBJ_05972	GCF_016899425.1	KEDGBJ_05972	True	True	6
GCF_016899425.1|KEDGBJ_05973	GCF_016899425.1	KEDGBJ_05973	True	True	6
GCF_016899425.1|KEDGBJ_05974	GCF_016899425.1	KEDGBJ_05974	True	True	10
GCF_016899425.1|KEDGBJ_05975	GCF_016899425.1	KEDGBJ_05975	True	True	8
GCF_016899425.1|KEDGBJ_05976	GCF_016899425.1	KEDGBJ_05976	True	True	4
GCF_016899425.1|KEDGBJ_05977	GCF_016899425.1	KEDGBJ_05977	True	True	5
GCF_016899425.1|KEDGBJ_05978	GCF_016899425.1	KEDGBJ_05978	True	True	6
GCF_016899425.1|KEDGBJ_05979	GCF_016899425.1	KEDGBJ_05979	True	True	4
GCF_016899425.1|KEDGBJ_05980	GCF_016899425.1	KEDGBJ_05980	True	True	4
GCF_016899425.1|KEDGBJ_05981	GCF_016899425.1	KEDGBJ_05981	True	True	10
GCF_016899425.1|KEDGBJ_05982	GCF_016899425.1	KEDGBJ_05982	True	True	10
GCF_016899425.1|KEDGBJ_05984	GCF_016899425.1	KEDGBJ_05984	True	True	6
GCF_016899425.1|KEDGBJ_05985	GCF_016899425.1	KEDGBJ_05985	True	True	3
GCF_016899425.1|KEDGBJ_05986	GCF_016899425.1	KEDGBJ_05986	True	True	5
GCF_016899425.1|KEDGBJ_05987	GCF_016899425.1	KEDGBJ_05987	True	True	4
GCF_016899425.1|KEDGBJ_05988	GCF_016899425.1	KEDGBJ_05988	True	True	9
GCF_016899425.1|KEDGBJ_05989	GCF_016899425.1	KEDGBJ_05989	True	True	5
GCF_016899425.1|KEDGBJ_05990	GCF_016899425.1	KEDGBJ_05990	True	True	7
GCF_016899425.1|KEDGBJ_05991	GCF_016899425.1	KEDGBJ_05991	True	True	8
GCF_016899425.1|KEDGBJ_05992	GCF_016899425.1	KEDGBJ_05992	True	True	5
GCF_016899425.1|KEDGBJ_05993	GCF_016899425.1	KEDGBJ_05993	True	False	3
GCF_016899425.1|KEDGBJ_05994	GCF_016899425.1	KEDGBJ_05994	True	False	1
GCF_016899425.1|KEDGBJ_05995	GCF_016899425.1	KEDGBJ_05995	True	True	6
GCF_016899425.1|KEDGBJ_05996	GCF_016899425.1	KEDGBJ_05996	True	True	6
GCF_016899425.1|KEDGBJ_05997	GCF_016899425.1	KEDGBJ_05997	True	True	2
GCF_016899425.1|KEDGBJ_05998	GCF_016899425.1	KEDGBJ_05998	True	True	7
GCF_016899425.1|KEDGBJ_05999	GCF_016899425.1	KEDGBJ_05999	True	True	11
GCF_016899425.1|KEDGBJ_06000	GCF_016899425.1	KEDGBJ_06000	True	True	8
GCF_016899425.1|KEDGBJ_06002	GCF_016899425.1	KEDGBJ_06002	True	True	4
GCF_016899425.1|KEDGBJ_06003	GCF_016899425.1	KEDGBJ_06003	True	True	5
GCF_016899425.1|KEDGBJ_06005	GCF_016899425.1	KEDGBJ_06005	True	True	10
GCF_016899425.1|KEDGBJ_06006	GCF_016899425.1	KEDGBJ_06006	True	True	11
GCF_016899425.1|KEDGBJ_06008	GCF_016899425.1	KEDGBJ_06008	False	False	1
GCF_016899425.1|KEDGBJ_06009	GCF_016899425.1	KEDGBJ_06009	True	True	6
GCF_016899425.1|KEDGBJ_06010	GCF_016899425.1	KEDGBJ_06010	True	True	7
GCF_016899425.1|KEDGBJ_06011	GCF_016899425.1	KEDGBJ_06011	True	True	4
GCF_016899425.1|KEDGBJ_06012	GCF_016899425.1	KEDGBJ_06012	True	True	4
GCF_016899425.1|KEDGBJ_06013	GCF_016899425.1	KEDGBJ_06013	True	True	7
GCF_016899425.1|KEDGBJ_06014	GCF_016899425.1	KEDGBJ_06014	True	True	8
GCF_016899425.1|KEDGBJ_06015	GCF_016899425.1	KEDGBJ_06015	True	True	2
GCF_016899425.1|KEDGBJ_06016	GCF_016899425.1	KEDGBJ_06016	True	True	7
GCF_016899425.1|KEDGBJ_06017	GCF_016899425.1	KEDGBJ_06017	True	True	3
GCF_016899425.1|KEDGBJ_06018	GCF_016899425.1	KEDGBJ_06018	True	True	6
GCF_016899425.1|KEDGBJ_06019	GCF_016899425.1	KEDGBJ_06019	True	True	10
GCF_016899425.1|KEDGBJ_06020	GCF_016899425.1	KEDGBJ_06020	True	True	7
GCF_016899425.1|KEDGBJ_06021	GCF_016899425.1	KEDGBJ_06021	True	True	6
GCF_016899425.1|KEDGBJ_06023	GCF_016899425.1	KEDGBJ_06023	True	True	5
GCF_016899425.1|KEDGBJ_06024	GCF_016899425.1	KEDGBJ_06024	True	True	6
GCF_016899425.1|KEDGBJ_06027	GCF_016899425.1	KEDGBJ_06027	True	True	5
GCF_016899425.1|KEDGBJ_06028	GCF_016899425.1	KEDGBJ_06028	True	True	2
GCF_016899425.1|KEDGBJ_06029	GCF_016899425.1	KEDGBJ_06029	True	True	2
GCF_016899425.1|KEDGBJ_06032	GCF_016899425.1	KEDGBJ_06032	True	True	7
GCF_016899425.1|KEDGBJ_06033	GCF_016899425.1	KEDGBJ_06033	False	False	1
GCF_016899425.1|KEDGBJ_06035	GCF_016899425.1	KEDGBJ_06035	True	True	4
GCF_016899425.1|KEDGBJ_06036	GCF_016899425.1	KEDGBJ_06036	True	True	6
GCF_016899425.1|KEDGBJ_06037	GCF_016899425.1	KEDGBJ_06037	True	True	3
GCF_016899425.1|KEDGBJ_06039	GCF_016899425.1	KEDGBJ_06039	True	True	7
GCF_016899425.1|KEDGBJ_06040	GCF_016899425.1	KEDGBJ_06040	True	True	5
GCF_016899425.1|KEDGBJ_06041	GCF_016899425.1	KEDGBJ_06041	True	True	4
GCF_016899425.1|KEDGBJ_06042	GCF_016899425.1	KEDGBJ_06042	True	True	5
GCF_016899425.1|KEDGBJ_06043	GCF_016899425.1	KEDGBJ_06043	True	True	1
GCF_016899425.1|KEDGBJ_06044	GCF_016899425.1	KEDGBJ_06044	True	True	1
GCF_016899425.1|KEDGBJ_06045	GCF_016899425.1	KEDGBJ_06045	True	True	7
GCF_016899425.1|KEDGBJ_06046	GCF_016899425.1	KEDGBJ_06046	True	True	6
GCF_016899425.1|KEDGBJ_06047	GCF_016899425.1	KEDGBJ_06047	True	True	6
GCF_016899425.1|KEDGBJ_06048	GCF_016899425.1	KEDGBJ_06048	True	True	6
GCF_016899425.1|KEDGBJ_06049	GCF_016899425.1	KEDGBJ_06049	True	True	9
GCF_016899425.1|KEDGBJ_06050	GCF_016899425.1	KEDGBJ_06050	True	True	10
GCF_016899425.1|KEDGBJ_06051	GCF_016899425.1	KEDGBJ_06051	True	True	3
GCF_016899425.1|KEDGBJ_06052	GCF_016899425.1	KEDGBJ_06052	True	True	7
GCF_016899425.1|KEDGBJ_06053	GCF_016899425.1	KEDGBJ_06053	True	True	5
GCF_016899425.1|KEDGBJ_06054	GCF_016899425.1	KEDGBJ_06054	True	True	10
GCF_016899425.1|KEDGBJ_06055	GCF_016899425.1	KEDGBJ_06055	True	True	5
GCF_016899425.1|KEDGBJ_06056	GCF_016899425.1	KEDGBJ_06056	True	True	7
GCF_016899425.1|KEDGBJ_06057	GCF_016899425.1	KEDGBJ_06057	True	True	6
GCF_016899425.1|KEDGBJ_06058	GCF_016899425.1	KEDGBJ_06058	True	True	9
GCF_016899425.1|KEDGBJ_06059	GCF_016899425.1	KEDGBJ_06059	True	True	9
GCF_016899425.1|KEDGBJ_06060	GCF_016899425.1	KEDGBJ_06060	True	True	6
GCF_016899425.1|KEDGBJ_06061	GCF_016899425.1	KEDGBJ_06061	True	True	7
GCF_016899425.1|KEDGBJ_06064	GCF_016899425.1	KEDGBJ_06064	True	True	3
GCF_016899425.1|KEDGBJ_06065	GCF_016899425.1	KEDGBJ_06065	True	True	6
GCF_016899425.1|KEDGBJ_06071	GCF_016899425.1	KEDGBJ_06071	False	False	1
GCF_016899425.1|KEDGBJ_06072	GCF_016899425.1	KEDGBJ_06072	True	True	1
GCF_016899425.1|KEDGBJ_06073	GCF_016899425.1	KEDGBJ_06073	True	True	7
GCF_016899425.1|KEDGBJ_06074	GCF_016899425.1	KEDGBJ_06074	True	True	5
GCF_016899425.1|KEDGBJ_06075	GCF_016899425.1	KEDGBJ_06075	True	True	6
GCF_016899425.1|KEDGBJ_06076	GCF_016899425.1	KEDGBJ_06076	True	False	2
GCF_016899425.1|KEDGBJ_06077	GCF_016899425.1	KEDGBJ_06077	True	True	7
GCF_016899425.1|KEDGBJ_06078	GCF_016899425.1	KEDGBJ_06078	True	True	9
GCF_016899425.1|KEDGBJ_06079	GCF_016899425.1	KEDGBJ_06079	True	True	10
GCF_016899425.1|KEDGBJ_06080	GCF_016899425.1	KEDGBJ_06080	True	True	9
GCF_016899425.1|KEDGBJ_06081	GCF_016899425.1	KEDGBJ_06081	True	True	4
GCF_016899425.1|KEDGBJ_06082	GCF_016899425.1	KEDGBJ_06082	True	True	5
GCF_016899425.1|KEDGBJ_06083	GCF_016899425.1	KEDGBJ_06083	True	True	4
GCF_016899425.1|KEDGBJ_06084	GCF_016899425.1	KEDGBJ_06084	True	True	2
GCF_016899425.1|KEDGBJ_06085	GCF_016899425.1	KEDGBJ_06085	True	True	6
GCF_016899425.1|KEDGBJ_06086	GCF_016899425.1	KEDGBJ_06086	True	True	2
GCF_016899425.1|KEDGBJ_06087	GCF_016899425.1	KEDGBJ_06087	True	True	5
GCF_016899425.1|KEDGBJ_06088	GCF_016899425.1	KEDGBJ_06088	True	True	6
GCF_016899425.1|KEDGBJ_06089	GCF_016899425.1	KEDGBJ_06089	True	True	5
GCF_016899425.1|KEDGBJ_06091	GCF_016899425.1	KEDGBJ_06091	True	True	5
GCF_016899425.1|KEDGBJ_06092	GCF_016899425.1	KEDGBJ_06092	True	True	4
GCF_016899425.1|KEDGBJ_06093	GCF_016899425.1	KEDGBJ_06093	True	True	1
GCF_016899425.1|KEDGBJ_06094	GCF_016899425.1	KEDGBJ_06094	True	True	2
GCF_016899425.1|KEDGBJ_06095	GCF_016899425.1	KEDGBJ_06095	True	True	9
GCF_016899425.1|KEDGBJ_06096	GCF_016899425.1	KEDGBJ_06096	True	True	4
GCF_016899425.1|KEDGBJ_06097	GCF_016899425.1	KEDGBJ_06097	True	True	7
GCF_016899425.1|KEDGBJ_06099	GCF_016899425.1	KEDGBJ_06099	True	True	9
GCF_016899425.1|KEDGBJ_06100	GCF_016899425.1	KEDGBJ_06100	True	True	5
GCF_016899425.1|KEDGBJ_06101	GCF_016899425.1	KEDGBJ_06101	True	True	6
GCF_016899425.1|KEDGBJ_06102	GCF_016899425.1	KEDGBJ_06102	True	True	6
GCF_016899425.1|KEDGBJ_06103	GCF_016899425.1	KEDGBJ_06103	True	True	5
GCF_016899425.1|KEDGBJ_06104	GCF_016899425.1	KEDGBJ_06104	False	False	1
GCF_016899425.1|KEDGBJ_06105	GCF_016899425.1	KEDGBJ_06105	True	True	6
GCF_016899425.1|KEDGBJ_06106	GCF_016899425.1	KEDGBJ_06106	True	True	3
GCF_016899425.1|KEDGBJ_06107	GCF_016899425.1	KEDGBJ_06107	True	True	2
GCF_016899425.1|KEDGBJ_06108	GCF_016899425.1	KEDGBJ_06108	True	True	2
GCF_016899425.1|KEDGBJ_06109	GCF_016899425.1	KEDGBJ_06109	True	True	6
GCF_016899425.1|KEDGBJ_06110	GCF_016899425.1	KEDGBJ_06110	True	True	7
GCF_016899425.1|KEDGBJ_06111	GCF_016899425.1	KEDGBJ_06111	True	True	1
GCF_016899425.1|KEDGBJ_06112	GCF_016899425.1	KEDGBJ_06112	True	True	4
GCF_016899425.1|KEDGBJ_06113	GCF_016899425.1	KEDGBJ_06113	True	True	6
GCF_016899425.1|KEDGBJ_06114	GCF_016899425.1	KEDGBJ_06114	True	True	7
GCF_016899425.1|KEDGBJ_06115	GCF_016899425.1	KEDGBJ_06115	True	True	8
GCF_016899425.1|KEDGBJ_06117	GCF_016899425.1	KEDGBJ_06117	True	True	6
GCF_016899425.1|KEDGBJ_06118	GCF_016899425.1	KEDGBJ_06118	True	True	7
GCF_016899425.1|KEDGBJ_06119	GCF_016899425.1	KEDGBJ_06119	True	True	7
GCF_016899425.1|KEDGBJ_06120	GCF_016899425.1	KEDGBJ_06120	True	True	10
GCF_016899425.1|KEDGBJ_06121	GCF_016899425.1	KEDGBJ_06121	True	True	9
GCF_016899425.1|KEDGBJ_06122	GCF_016899425.1	KEDGBJ_06122	False	False	2
GCF_016899425.1|KEDGBJ_06123	GCF_016899425.1	KEDGBJ_06123	True	True	3
GCF_016899425.1|KEDGBJ_06124	GCF_016899425.1	KEDGBJ_06124	True	True	6
GCF_016899425.1|KEDGBJ_06125	GCF_016899425.1	KEDGBJ_06125	True	True	7
GCF_016899425.1|KEDGBJ_06127	GCF_016899425.1	KEDGBJ_06127	True	True	6
GCF_016899425.1|KEDGBJ_06128	GCF_016899425.1	KEDGBJ_06128	True	True	4
GCF_016899425.1|KEDGBJ_06129	GCF_016899425.1	KEDGBJ_06129	True	True	8
GCF_016899425.1|KEDGBJ_06130	GCF_016899425.1	KEDGBJ_06130	True	True	4
GCF_016899425.1|KEDGBJ_06131	GCF_016899425.1	KEDGBJ_06131	True	True	1
GCF_016899425.1|KEDGBJ_06132	GCF_016899425.1	KEDGBJ_06132	True	True	7
GCF_016899425.1|KEDGBJ_06133	GCF_016899425.1	KEDGBJ_06133	True	True	5
GCF_016899425.1|KEDGBJ_06134	GCF_016899425.1	KEDGBJ_06134	True	True	6
GCF_016899425.1|KEDGBJ_06135	GCF_016899425.1	KEDGBJ_06135	True	True	7
GCF_016899425.1|KEDGBJ_06136	GCF_016899425.1	KEDGBJ_06136	True	True	6
GCF_016899425.1|KEDGBJ_06137	GCF_016899425.1	KEDGBJ_06137	True	True	1
GCF_016899425.1|KEDGBJ_06138	GCF_016899425.1	KEDGBJ_06138	True	True	2
GCF_016899425.1|KEDGBJ_06139	GCF_016899425.1	KEDGBJ_06139	True	True	7
GCF_016899425.1|KEDGBJ_06140	GCF_016899425.1	KEDGBJ_06140	True	True	8
GCF_016899425.1|KEDGBJ_06141	GCF_016899425.1	KEDGBJ_06141	True	True	8
GCF_016899425.1|KEDGBJ_06142	GCF_016899425.1	KEDGBJ_06142	True	True	7
GCF_016899425.1|KEDGBJ_06143	GCF_016899425.1	KEDGBJ_06143	True	True	6
GCF_016899425.1|KEDGBJ_06144	GCF_016899425.1	KEDGBJ_06144	True	True	7
GCF_016899425.1|KEDGBJ_06145	GCF_016899425.1	KEDGBJ_06145	True	True	8
GCF_016899425.1|KEDGBJ_06146	GCF_016899425.1	KEDGBJ_06146	True	True	7
GCF_016899425.1|KEDGBJ_06147	GCF_016899425.1	KEDGBJ_06147	True	True	9
GCF_016899425.1|KEDGBJ_06148	GCF_016899425.1	KEDGBJ_06148	True	True	6
GCF_016899425.1|KEDGBJ_06149	GCF_016899425.1	KEDGBJ_06149	True	True	7
GCF_016899425.1|KEDGBJ_06150	GCF_016899425.1	KEDGBJ_06150	True	True	4
GCF_016899425.1|KEDGBJ_06151	GCF_016899425.1	KEDGBJ_06151	True	True	8
GCF_016899425.1|KEDGBJ_06152	GCF_016899425.1	KEDGBJ_06152	True	True	9
GCF_016899425.1|KEDGBJ_06153	GCF_016899425.1	KEDGBJ_06153	True	True	5
GCF_016899425.1|KEDGBJ_06154	GCF_016899425.1	KEDGBJ_06154	True	True	6
GCF_016899425.1|KEDGBJ_06155	GCF_016899425.1	KEDGBJ_06155	True	True	2
GCF_016899425.1|KEDGBJ_06156	GCF_016899425.1	KEDGBJ_06156	True	True	6
GCF_016899425.1|KEDGBJ_06157	GCF_016899425.1	KEDGBJ_06157	True	True	7
GCF_016899425.1|KEDGBJ_06158	GCF_016899425.1	KEDGBJ_06158	True	True	7
GCF_016899425.1|KEDGBJ_06159	GCF_016899425.1	KEDGBJ_06159	False	False	2
GCF_016899425.1|KEDGBJ_06160	GCF_016899425.1	KEDGBJ_06160	True	True	6
GCF_016899425.1|KEDGBJ_06161	GCF_016899425.1	KEDGBJ_06161	True	True	3
GCF_016899425.1|KEDGBJ_06162	GCF_016899425.1	KEDGBJ_06162	True	True	6
GCF_016899425.1|KEDGBJ_06163	GCF_016899425.1	KEDGBJ_06163	False	False	1
GCF_016899425.1|KEDGBJ_06165	GCF_016899425.1	KEDGBJ_06165	True	True	6
GCF_016899425.1|KEDGBJ_06166	GCF_016899425.1	KEDGBJ_06166	True	True	8
GCF_016899425.1|KEDGBJ_06167	GCF_016899425.1	KEDGBJ_06167	True	True	6
GCF_016899425.1|KEDGBJ_06168	GCF_016899425.1	KEDGBJ_06168	True	True	5
GCF_016899425.1|KEDGBJ_06169	GCF_016899425.1	KEDGBJ_06169	True	True	5
GCF_016899425.1|KEDGBJ_06170	GCF_016899425.1	KEDGBJ_06170	True	True	2
GCF_016899425.1|KEDGBJ_06171	GCF_016899425.1	KEDGBJ_06171	True	True	2
GCF_016899425.1|KEDGBJ_06172	GCF_016899425.1	KEDGBJ_06172	False	False	1
GCF_016899425.1|KEDGBJ_06173	GCF_016899425.1	KEDGBJ_06173	True	True	8
GCF_016899425.1|KEDGBJ_06174	GCF_016899425.1	KEDGBJ_06174	True	True	6
GCF_016899425.1|KEDGBJ_06175	GCF_016899425.1	KEDGBJ_06175	True	True	7
GCF_016899425.1|KEDGBJ_06176	GCF_016899425.1	KEDGBJ_06176	True	True	5
GCF_016899425.1|KEDGBJ_06177	GCF_016899425.1	KEDGBJ_06177	True	True	3
GCF_016899425.1|KEDGBJ_06178	GCF_016899425.1	KEDGBJ_06178	True	True	8
GCF_016899425.1|KEDGBJ_06179	GCF_016899425.1	KEDGBJ_06179	True	True	10
GCF_016899425.1|KEDGBJ_06180	GCF_016899425.1	KEDGBJ_06180	True	True	7
GCF_016899425.1|KEDGBJ_06181	GCF_016899425.1	KEDGBJ_06181	True	True	7
GCF_016899425.1|KEDGBJ_06182	GCF_016899425.1	KEDGBJ_06182	False	False	1
GCF_016899425.1|KEDGBJ_06183	GCF_016899425.1	KEDGBJ_06183	True	True	2
GCF_016899425.1|KEDGBJ_06184	GCF_016899425.1	KEDGBJ_06184	True	True	5
GCF_016899425.1|KEDGBJ_06185	GCF_016899425.1	KEDGBJ_06185	True	True	6
GCF_016899425.1|KEDGBJ_06186	GCF_016899425.1	KEDGBJ_06186	True	True	7
GCF_016899425.1|KEDGBJ_06187	GCF_016899425.1	KEDGBJ_06187	True	True	8
GCF_016899425.1|KEDGBJ_06188	GCF_016899425.1	KEDGBJ_06188	True	True	10
GCF_016899425.1|KEDGBJ_06189	GCF_016899425.1	KEDGBJ_06189	True	True	5
GCF_016899425.1|KEDGBJ_06190	GCF_016899425.1	KEDGBJ_06190	True	True	10
GCF_016899425.1|KEDGBJ_06191	GCF_016899425.1	KEDGBJ_06191	True	True	6
GCF_016899425.1|KEDGBJ_06192	GCF_016899425.1	KEDGBJ_06192	True	True	6
GCF_016899425.1|KEDGBJ_06193	GCF_016899425.1	KEDGBJ_06193	True	True	8
GCF_016899425.1|KEDGBJ_06194	GCF_016899425.1	KEDGBJ_06194	True	True	3
GCF_016899425.1|KEDGBJ_06196	GCF_016899425.1	KEDGBJ_06196	True	True	3
GCF_016899425.1|KEDGBJ_06197	GCF_016899425.1	KEDGBJ_06197	True	True	8
GCF_016899425.1|KEDGBJ_06199	GCF_016899425.1	KEDGBJ_06199	True	True	6
GCF_016899425.1|KEDGBJ_06200	GCF_016899425.1	KEDGBJ_06200	True	True	3
GCF_016899425.1|KEDGBJ_06201	GCF_016899425.1	KEDGBJ_06201	True	True	4
GCF_016899425.1|KEDGBJ_06202	GCF_016899425.1	KEDGBJ_06202	True	True	8
GCF_016899425.1|KEDGBJ_06203	GCF_016899425.1	KEDGBJ_06203	True	True	8
GCF_016899425.1|KEDGBJ_06204	GCF_016899425.1	KEDGBJ_06204	True	True	7
GCF_016899425.1|KEDGBJ_06205	GCF_016899425.1	KEDGBJ_06205	True	True	2
GCF_016899425.1|KEDGBJ_06206	GCF_016899425.1	KEDGBJ_06206	True	True	4
GCF_016899425.1|KEDGBJ_06208	GCF_016899425.1	KEDGBJ_06208	False	False	2
GCF_016899425.1|KEDGBJ_06209	GCF_016899425.1	KEDGBJ_06209	True	True	4
GCF_016899425.1|KEDGBJ_06210	GCF_016899425.1	KEDGBJ_06210	True	True	3
GCF_016899425.1|KEDGBJ_06211	GCF_016899425.1	KEDGBJ_06211	True	True	1
GCF_016899425.1|KEDGBJ_06213	GCF_016899425.1	KEDGBJ_06213	True	True	6
GCF_016899425.1|KEDGBJ_06214	GCF_016899425.1	KEDGBJ_06214	False	False	1
GCF_016899425.1|KEDGBJ_06215	GCF_016899425.1	KEDGBJ_06215	True	True	2
GCF_016899425.1|KEDGBJ_06216	GCF_016899425.1	KEDGBJ_06216	True	True	5
GCF_016899425.1|KEDGBJ_06217	GCF_016899425.1	KEDGBJ_06217	True	True	3
GCF_016899425.1|KEDGBJ_06218	GCF_016899425.1	KEDGBJ_06218	True	True	8
GCF_016899425.1|KEDGBJ_06219	GCF_016899425.1	KEDGBJ_06219	True	True	7
GCF_016899425.1|KEDGBJ_06220	GCF_016899425.1	KEDGBJ_06220	True	True	7
GCF_016899425.1|KEDGBJ_06221	GCF_016899425.1	KEDGBJ_06221	True	True	3
GCF_016899425.1|KEDGBJ_06222	GCF_016899425.1	KEDGBJ_06222	True	True	4
GCF_016899425.1|KEDGBJ_06223	GCF_016899425.1	KEDGBJ_06223	True	True	7
GCF_016899425.1|KEDGBJ_06224	GCF_016899425.1	KEDGBJ_06224	True	True	8
GCF_016899425.1|KEDGBJ_06225	GCF_016899425.1	KEDGBJ_06225	True	True	7
GCF_016899425.1|KEDGBJ_06226	GCF_016899425.1	KEDGBJ_06226	True	True	6
GCF_016899425.1|KEDGBJ_06227	GCF_016899425.1	KEDGBJ_06227	True	True	7
GCF_016899425.1|KEDGBJ_06228	GCF_016899425.1	KEDGBJ_06228	True	True	6
GCF_016899425.1|KEDGBJ_06231	GCF_016899425.1	KEDGBJ_06231	True	True	6
GCF_016899425.1|KEDGBJ_06232	GCF_016899425.1	KEDGBJ_06232	True	True	10
GCF_016899425.1|KEDGBJ_06233	GCF_016899425.1	KEDGBJ_06233	True	True	3
GCF_016899425.1|KEDGBJ_06235	GCF_016899425.1	KEDGBJ_06235	True	True	5
GCF_016899425.1|KEDGBJ_06236	GCF_016899425.1	KEDGBJ_06236	True	True	7
GCF_016899425.1|KEDGBJ_06237	GCF_016899425.1	KEDGBJ_06237	True	True	5
GCF_016899425.1|KEDGBJ_06238	GCF_016899425.1	KEDGBJ_06238	True	True	3
GCF_016899425.1|KEDGBJ_06239	GCF_016899425.1	KEDGBJ_06239	True	True	7
GCF_016899425.1|KEDGBJ_06240	GCF_016899425.1	KEDGBJ_06240	True	True	4
GCF_016899425.1|KEDGBJ_06241	GCF_016899425.1	KEDGBJ_06241	True	True	7
GCF_016899425.1|KEDGBJ_06242	GCF_016899425.1	KEDGBJ_06242	True	True	5
GCF_016899425.1|KEDGBJ_06243	GCF_016899425.1	KEDGBJ_06243	True	True	4
GCF_016899425.1|KEDGBJ_06245	GCF_016899425.1	KEDGBJ_06245	True	True	3
GCF_016899425.1|KEDGBJ_06246	GCF_016899425.1	KEDGBJ_06246	True	True	3
GCF_016899425.1|KEDGBJ_06247	GCF_016899425.1	KEDGBJ_06247	True	True	6
GCF_016899425.1|KEDGBJ_06248	GCF_016899425.1	KEDGBJ_06248	True	True	3
GCF_016899425.1|KEDGBJ_06249	GCF_016899425.1	KEDGBJ_06249	True	True	4
GCF_016899425.1|KEDGBJ_06250	GCF_016899425.1	KEDGBJ_06250	True	True	4
GCF_016899425.1|KEDGBJ_06251	GCF_016899425.1	KEDGBJ_06251	True	True	9
GCF_016899425.1|KEDGBJ_06252	GCF_016899425.1	KEDGBJ_06252	False	False	1
GCF_016899425.1|KEDGBJ_06253	GCF_016899425.1	KEDGBJ_06253	True	True	5
GCF_016899425.1|KEDGBJ_06255	GCF_016899425.1	KEDGBJ_06255	True	True	3
GCF_016899425.1|KEDGBJ_06256	GCF_016899425.1	KEDGBJ_06256	True	True	6
GCF_016899425.1|KEDGBJ_06257	GCF_016899425.1	KEDGBJ_06257	True	True	4
GCF_016899425.1|KEDGBJ_06258	GCF_016899425.1	KEDGBJ_06258	True	True	5
GCF_016899425.1|KEDGBJ_06259	GCF_016899425.1	KEDGBJ_06259	True	True	3
GCF_016899425.1|KEDGBJ_06260	GCF_016899425.1	KEDGBJ_06260	True	True	4
GCF_016899425.1|KEDGBJ_06261	GCF_016899425.1	KEDGBJ_06261	True	True	2
GCF_016899425.1|KEDGBJ_06262	GCF_016899425.1	KEDGBJ_06262	True	True	4
GCF_016899425.1|KEDGBJ_06263	GCF_016899425.1	KEDGBJ_06263	True	True	6
GCF_016899425.1|KEDGBJ_06264	GCF_016899425.1	KEDGBJ_06264	True	True	5
GCF_016899425.1|KEDGBJ_06265	GCF_016899425.1	KEDGBJ_06265	True	True	3
GCF_016899425.1|KEDGBJ_06266	GCF_016899425.1	KEDGBJ_06266	True	True	4
GCF_016899425.1|KEDGBJ_06267	GCF_016899425.1	KEDGBJ_06267	False	False	1
GCF_016899425.1|KEDGBJ_06269	GCF_016899425.1	KEDGBJ_06269	True	True	4
GCF_016899425.1|KEDGBJ_06271	GCF_016899425.1	KEDGBJ_06271	False	False	1
GCF_016899425.1|KEDGBJ_06272	GCF_016899425.1	KEDGBJ_06272	True	True	3
GCF_016899425.1|KEDGBJ_06273	GCF_016899425.1	KEDGBJ_06273	True	True	2
GCF_016899425.1|KEDGBJ_06274	GCF_016899425.1	KEDGBJ_06274	True	True	8
GCF_016899425.1|KEDGBJ_06275	GCF_016899425.1	KEDGBJ_06275	True	True	6
GCF_016899425.1|KEDGBJ_06276	GCF_016899425.1	KEDGBJ_06276	True	True	3
GCF_016899425.1|KEDGBJ_06277	GCF_016899425.1	KEDGBJ_06277	True	True	2
GCF_016899425.1|KEDGBJ_06278	GCF_016899425.1	KEDGBJ_06278	True	True	8
GCF_016899425.1|KEDGBJ_06279	GCF_016899425.1	KEDGBJ_06279	True	True	5
GCF_016899425.1|KEDGBJ_06280	GCF_016899425.1	KEDGBJ_06280	True	True	7
GCF_016899425.1|KEDGBJ_06281	GCF_016899425.1	KEDGBJ_06281	True	True	2
GCF_016899425.1|KEDGBJ_06282	GCF_016899425.1	KEDGBJ_06282	True	True	4
GCF_016899425.1|KEDGBJ_06283	GCF_016899425.1	KEDGBJ_06283	True	True	7
GCF_016899425.1|KEDGBJ_06284	GCF_016899425.1	KEDGBJ_06284	True	True	8
GCF_016899425.1|KEDGBJ_06285	GCF_016899425.1	KEDGBJ_06285	True	True	1
GCF_016899425.1|KEDGBJ_06286	GCF_016899425.1	KEDGBJ_06286	True	True	1
GCF_016899425.1|KEDGBJ_06287	GCF_016899425.1	KEDGBJ_06287	True	True	6
GCF_016899425.1|KEDGBJ_06288	GCF_016899425.1	KEDGBJ_06288	True	False	3
GCF_016899425.1|KEDGBJ_06289	GCF_016899425.1	KEDGBJ_06289	True	True	4
GCF_016899425.1|KEDGBJ_06290	GCF_016899425.1	KEDGBJ_06290	True	True	6
GCF_016899425.1|KEDGBJ_06291	GCF_016899425.1	KEDGBJ_06291	True	True	8
GCF_016899425.1|KEDGBJ_06292	GCF_016899425.1	KEDGBJ_06292	True	True	7
GCF_016899425.1|KEDGBJ_06293	GCF_016899425.1	KEDGBJ_06293	True	True	10
GCF_016899425.1|KEDGBJ_06294	GCF_016899425.1	KEDGBJ_06294	True	True	3
GCF_016899425.1|KEDGBJ_06296	GCF_016899425.1	KEDGBJ_06296	True	True	3
GCF_016899425.1|KEDGBJ_06297	GCF_016899425.1	KEDGBJ_06297	True	True	6
GCF_016899425.1|KEDGBJ_06298	GCF_016899425.1	KEDGBJ_06298	True	True	3
GCF_016899425.1|KEDGBJ_06299	GCF_016899425.1	KEDGBJ_06299	True	True	9
GCF_016899425.1|KEDGBJ_06300	GCF_016899425.1	KEDGBJ_06300	True	True	6
GCF_016899425.1|KEDGBJ_06301	GCF_016899425.1	KEDGBJ_06301	True	True	5
GCF_016899425.1|KEDGBJ_06302	GCF_016899425.1	KEDGBJ_06302	True	True	8
GCF_016899425.1|KEDGBJ_06303	GCF_016899425.1	KEDGBJ_06303	True	True	3
GCF_016899425.1|KEDGBJ_06304	GCF_016899425.1	KEDGBJ_06304	True	True	5
GCF_016899425.1|KEDGBJ_06306	GCF_016899425.1	KEDGBJ_06306	True	True	8
GCF_016899425.1|KEDGBJ_06307	GCF_016899425.1	KEDGBJ_06307	True	True	8
GCF_016899425.1|KEDGBJ_06308	GCF_016899425.1	KEDGBJ_06308	True	True	6
GCF_016899425.1|KEDGBJ_06309	GCF_016899425.1	KEDGBJ_06309	True	True	8
GCF_016899425.1|KEDGBJ_06310	GCF_016899425.1	KEDGBJ_06310	False	False	1
GCF_016899425.1|KEDGBJ_06313	GCF_016899425.1	KEDGBJ_06313	True	True	1
GCF_016899425.1|KEDGBJ_06315	GCF_016899425.1	KEDGBJ_06315	True	True	8
GCF_016899425.1|KEDGBJ_06316	GCF_016899425.1	KEDGBJ_06316	True	True	9
GCF_016899425.1|KEDGBJ_06317	GCF_016899425.1	KEDGBJ_06317	True	True	6
GCF_016899425.1|KEDGBJ_06318	GCF_016899425.1	KEDGBJ_06318	True	True	8
GCF_016899425.1|KEDGBJ_06319	GCF_016899425.1	KEDGBJ_06319	True	True	1
GCF_016899425.1|KEDGBJ_06320	GCF_016899425.1	KEDGBJ_06320	True	True	4
GCF_016899425.1|KEDGBJ_06321	GCF_016899425.1	KEDGBJ_06321	True	True	6
GCF_016899425.1|KEDGBJ_06322	GCF_016899425.1	KEDGBJ_06322	True	True	4
GCF_016899425.1|KEDGBJ_06323	GCF_016899425.1	KEDGBJ_06323	True	True	7
GCF_016899425.1|KEDGBJ_06324	GCF_016899425.1	KEDGBJ_06324	True	True	7
GCF_016899425.1|KEDGBJ_06325	GCF_016899425.1	KEDGBJ_06325	True	True	9
GCF_016899425.1|KEDGBJ_06326	GCF_016899425.1	KEDGBJ_06326	True	True	6
GCF_016899425.1|KEDGBJ_06327	GCF_016899425.1	KEDGBJ_06327	True	True	8
GCF_016899425.1|KEDGBJ_06328	GCF_016899425.1	KEDGBJ_06328	True	True	7
GCF_016899425.1|KEDGBJ_06329	GCF_016899425.1	KEDGBJ_06329	True	True	10
GCF_016899425.1|KEDGBJ_06330	GCF_016899425.1	KEDGBJ_06330	True	True	5
GCF_016899425.1|KEDGBJ_06331	GCF_016899425.1	KEDGBJ_06331	True	True	7
GCF_016899425.1|KEDGBJ_06332	GCF_016899425.1	KEDGBJ_06332	True	True	5
GCF_016899425.1|KEDGBJ_06333	GCF_016899425.1	KEDGBJ_06333	False	False	1
GCF_016899425.1|KEDGBJ_06334	GCF_016899425.1	KEDGBJ_06334	True	True	7
GCF_016899425.1|KEDGBJ_06335	GCF_016899425.1	KEDGBJ_06335	True	True	9
GCF_016899425.1|KEDGBJ_06336	GCF_016899425.1	KEDGBJ_06336	True	True	6
GCF_016899425.1|KEDGBJ_06337	GCF_016899425.1	KEDGBJ_06337	True	True	7
GCF_016899425.1|KEDGBJ_06338	GCF_016899425.1	KEDGBJ_06338	True	True	6
GCF_016899425.1|KEDGBJ_06339	GCF_016899425.1	KEDGBJ_06339	True	True	7
GCF_016899425.1|KEDGBJ_06343	GCF_016899425.1	KEDGBJ_06343	True	True	1
GCF_016899425.1|KEDGBJ_06344	GCF_016899425.1	KEDGBJ_06344	True	True	4
GCF_016899425.1|KEDGBJ_06345	GCF_016899425.1	KEDGBJ_06345	True	True	1
GCF_016899425.1|KEDGBJ_06346	GCF_016899425.1	KEDGBJ_06346	True	True	2
GCF_016899425.1|KEDGBJ_06347	GCF_016899425.1	KEDGBJ_06347	True	True	5
GCF_016899425.1|KEDGBJ_06348	GCF_016899425.1	KEDGBJ_06348	True	True	5
GCF_016899425.1|KEDGBJ_06349	GCF_016899425.1	KEDGBJ_06349	True	True	8
GCF_016899425.1|KEDGBJ_06350	GCF_016899425.1	KEDGBJ_06350	True	True	6
GCF_016899425.1|KEDGBJ_06351	GCF_016899425.1	KEDGBJ_06351	True	True	5
GCF_016899425.1|KEDGBJ_06352	GCF_016899425.1	KEDGBJ_06352	True	True	7
GCF_016899425.1|KEDGBJ_06353	GCF_016899425.1	KEDGBJ_06353	True	True	6
GCF_016899425.1|KEDGBJ_06355	GCF_016899425.1	KEDGBJ_06355	True	True	8
GCF_016899425.1|KEDGBJ_06356	GCF_016899425.1	KEDGBJ_06356	True	True	10
GCF_016899425.1|KEDGBJ_06357	GCF_016899425.1	KEDGBJ_06357	True	True	6
GCF_016899425.1|KEDGBJ_06358	GCF_016899425.1	KEDGBJ_06358	True	True	9
GCF_016899425.1|KEDGBJ_06359	GCF_016899425.1	KEDGBJ_06359	True	False	1
GCF_016899425.1|KEDGBJ_06361	GCF_016899425.1	KEDGBJ_06361	True	True	6
GCF_016899425.1|KEDGBJ_06362	GCF_016899425.1	KEDGBJ_06362	True	True	5
GCF_016899425.1|KEDGBJ_06363	GCF_016899425.1	KEDGBJ_06363	True	True	3
GCF_016899425.1|KEDGBJ_06364	GCF_016899425.1	KEDGBJ_06364	True	True	2
GCF_016899425.1|KEDGBJ_06366	GCF_016899425.1	KEDGBJ_06366	True	True	5
GCF_016899425.1|KEDGBJ_06367	GCF_016899425.1	KEDGBJ_06367	True	True	6
GCF_016899425.1|KEDGBJ_06368	GCF_016899425.1	KEDGBJ_06368	True	True	9
GCF_016899425.1|KEDGBJ_06369	GCF_016899425.1	KEDGBJ_06369	True	True	3
GCF_016899425.1|KEDGBJ_06370	GCF_016899425.1	KEDGBJ_06370	True	True	5
GCF_016899425.1|KEDGBJ_06371	GCF_016899425.1	KEDGBJ_06371	True	True	3
GCF_016899425.1|KEDGBJ_06372	GCF_016899425.1	KEDGBJ_06372	True	True	3
GCF_016899425.1|KEDGBJ_06373	GCF_016899425.1	KEDGBJ_06373	False	False	1
GCF_016899425.1|KEDGBJ_06374	GCF_016899425.1	KEDGBJ_06374	True	True	10
GCF_016899425.1|KEDGBJ_06375	GCF_016899425.1	KEDGBJ_06375	True	True	5
GCF_016899425.1|KEDGBJ_06376	GCF_016899425.1	KEDGBJ_06376	True	True	6
GCF_016899425.1|KEDGBJ_06377	GCF_016899425.1	KEDGBJ_06377	True	True	8
GCF_016899425.1|KEDGBJ_06378	GCF_016899425.1	KEDGBJ_06378	True	True	5
GCF_016899425.1|KEDGBJ_06379	GCF_016899425.1	KEDGBJ_06379	True	True	7
GCF_016899425.1|KEDGBJ_06380	GCF_016899425.1	KEDGBJ_06380	True	True	8
GCF_016899425.1|KEDGBJ_06381	GCF_016899425.1	KEDGBJ_06381	True	True	8
GCF_016899425.1|KEDGBJ_06382	GCF_016899425.1	KEDGBJ_06382	True	True	4
GCF_016899425.1|KEDGBJ_06383	GCF_016899425.1	KEDGBJ_06383	True	True	5
GCF_016899425.1|KEDGBJ_06384	GCF_016899425.1	KEDGBJ_06384	True	True	5
GCF_016899425.1|KEDGBJ_06385	GCF_016899425.1	KEDGBJ_06385	True	True	5
GCF_016899425.1|KEDGBJ_06386	GCF_016899425.1	KEDGBJ_06386	True	True	8
GCF_016899425.1|KEDGBJ_06387	GCF_016899425.1	KEDGBJ_06387	True	True	4
GCF_016899425.1|KEDGBJ_06388	GCF_016899425.1	KEDGBJ_06388	True	True	5
GCF_016899425.1|KEDGBJ_06389	GCF_016899425.1	KEDGBJ_06389	True	True	4
GCF_016899425.1|KEDGBJ_06390	GCF_016899425.1	KEDGBJ_06390	True	True	6
GCF_016899425.1|KEDGBJ_06391	GCF_016899425.1	KEDGBJ_06391	True	True	6
GCF_016899425.1|KEDGBJ_06392	GCF_016899425.1	KEDGBJ_06392	True	True	4
GCF_016899425.1|KEDGBJ_06393	GCF_016899425.1	KEDGBJ_06393	True	True	6
GCF_016899425.1|KEDGBJ_06394	GCF_016899425.1	KEDGBJ_06394	True	True	5
GCF_016899425.1|KEDGBJ_06395	GCF_016899425.1	KEDGBJ_06395	True	True	4
GCF_016899425.1|KEDGBJ_06396	GCF_016899425.1	KEDGBJ_06396	True	True	6
GCF_016899425.1|KEDGBJ_06397	GCF_016899425.1	KEDGBJ_06397	True	True	1
GCF_016899425.1|KEDGBJ_06398	GCF_016899425.1	KEDGBJ_06398	True	True	6
GCF_016899425.1|KEDGBJ_06399	GCF_016899425.1	KEDGBJ_06399	True	True	6
GCF_016899425.1|KEDGBJ_06400	GCF_016899425.1	KEDGBJ_06400	True	True	6
GCF_016899425.1|KEDGBJ_06401	GCF_016899425.1	KEDGBJ_06401	True	True	5
GCF_016899425.1|KEDGBJ_06402	GCF_016899425.1	KEDGBJ_06402	True	True	6
GCF_016899425.1|KEDGBJ_06403	GCF_016899425.1	KEDGBJ_06403	True	True	2
GCF_016899425.1|KEDGBJ_06404	GCF_016899425.1	KEDGBJ_06404	True	True	2
GCF_016899425.1|KEDGBJ_06405	GCF_016899425.1	KEDGBJ_06405	True	True	2
GCF_016899425.1|KEDGBJ_06406	GCF_016899425.1	KEDGBJ_06406	True	True	6
GCF_016899425.1|KEDGBJ_06407	GCF_016899425.1	KEDGBJ_06407	True	True	1
GCF_016899425.1|KEDGBJ_06408	GCF_016899425.1	KEDGBJ_06408	True	True	1
GCF_016899425.1|KEDGBJ_06409	GCF_016899425.1	KEDGBJ_06409	False	False	1
GCF_016899425.1|KEDGBJ_06410	GCF_016899425.1	KEDGBJ_06410	True	True	1
GCF_016899425.1|KEDGBJ_06411	GCF_016899425.1	KEDGBJ_06411	True	True	1
GCF_016899425.1|KEDGBJ_06412	GCF_016899425.1	KEDGBJ_06412	True	True	1
GCF_016899425.1|KEDGBJ_06413	GCF_016899425.1	KEDGBJ_06413	True	True	3
GCF_016899425.1|KEDGBJ_06414	GCF_016899425.1	KEDGBJ_06414	True	True	3
GCF_016899425.1|KEDGBJ_06415	GCF_016899425.1	KEDGBJ_06415	True	True	4
GCF_016899425.1|KEDGBJ_06416	GCF_016899425.1	KEDGBJ_06416	True	True	4
GCF_016899425.1|KEDGBJ_06417	GCF_016899425.1	KEDGBJ_06417	True	False	1
GCF_016899425.1|KEDGBJ_06418	GCF_016899425.1	KEDGBJ_06418	True	True	1
GCF_016899425.1|KEDGBJ_06419	GCF_016899425.1	KEDGBJ_06419	True	True	1
GCF_016899425.1|KEDGBJ_06420	GCF_016899425.1	KEDGBJ_06420	True	True	1
GCF_016899425.1|KEDGBJ_06421	GCF_016899425.1	KEDGBJ_06421	True	True	5
GCF_016899425.1|KEDGBJ_06422	GCF_016899425.1	KEDGBJ_06422	True	True	8
GCF_016899425.1|KEDGBJ_06423	GCF_016899425.1	KEDGBJ_06423	True	True	3
GCF_016899425.1|KEDGBJ_06424	GCF_016899425.1	KEDGBJ_06424	True	True	2
GCF_016899425.1|KEDGBJ_06425	GCF_016899425.1	KEDGBJ_06425	True	True	1
GCF_016899425.1|KEDGBJ_06426	GCF_016899425.1	KEDGBJ_06426	True	True	5
GCF_016899425.1|KEDGBJ_06427	GCF_016899425.1	KEDGBJ_06427	True	True	3
GCF_016899425.1|KEDGBJ_06428	GCF_016899425.1	KEDGBJ_06428	True	True	8
GCF_016899425.1|KEDGBJ_06429	GCF_016899425.1	KEDGBJ_06429	True	True	4
GCF_016899425.1|KEDGBJ_06430	GCF_016899425.1	KEDGBJ_06430	True	True	6
GCF_016899425.1|KEDGBJ_06431	GCF_016899425.1	KEDGBJ_06431	True	True	6
GCF_016899425.1|KEDGBJ_06432	GCF_016899425.1	KEDGBJ_06432	True	True	9
GCF_016899425.1|KEDGBJ_06433	GCF_016899425.1	KEDGBJ_06433	True	True	10
GCF_016899425.1|KEDGBJ_06434	GCF_016899425.1	KEDGBJ_06434	True	True	8
GCF_016899425.1|KEDGBJ_06435	GCF_016899425.1	KEDGBJ_06435	True	True	11
GCF_016899425.1|KEDGBJ_06436	GCF_016899425.1	KEDGBJ_06436	True	True	7
GCF_016899425.1|KEDGBJ_06437	GCF_016899425.1	KEDGBJ_06437	True	True	6
GCF_016899425.1|KEDGBJ_06438	GCF_016899425.1	KEDGBJ_06438	True	True	5
GCF_016899425.1|KEDGBJ_06439	GCF_016899425.1	KEDGBJ_06439	True	True	4
GCF_016899425.1|KEDGBJ_06441	GCF_016899425.1	KEDGBJ_06441	True	True	4
GCF_016899425.1|KEDGBJ_06442	GCF_016899425.1	KEDGBJ_06442	True	True	7
GCF_016899425.1|KEDGBJ_06443	GCF_016899425.1	KEDGBJ_06443	True	True	8
GCF_016899425.1|KEDGBJ_06444	GCF_016899425.1	KEDGBJ_06444	True	True	5
GCF_016899425.1|KEDGBJ_06445	GCF_016899425.1	KEDGBJ_06445	True	True	5
GCF_016899425.1|KEDGBJ_06446	GCF_016899425.1	KEDGBJ_06446	True	True	4
GCF_016899425.1|KEDGBJ_06449	GCF_016899425.1	KEDGBJ_06449	True	True	9
GCF_016899425.1|KEDGBJ_06450	GCF_016899425.1	KEDGBJ_06450	True	True	5
GCF_016899425.1|KEDGBJ_06451	GCF_016899425.1	KEDGBJ_06451	True	True	7
GCF_016899425.1|KEDGBJ_06452	GCF_016899425.1	KEDGBJ_06452	True	True	7
GCF_016899425.1|KEDGBJ_06453	GCF_016899425.1	KEDGBJ_06453	True	True	6
GCF_016899425.1|KEDGBJ_06454	GCF_016899425.1	KEDGBJ_06454	True	True	7
GCF_016899425.1|KEDGBJ_06455	GCF_016899425.1	KEDGBJ_06455	True	False	1
GCF_016899425.1|KEDGBJ_06456	GCF_016899425.1	KEDGBJ_06456	True	True	6
GCF_016899425.1|KEDGBJ_06457	GCF_016899425.1	KEDGBJ_06457	True	True	3
GCF_016899425.1|KEDGBJ_06458	GCF_016899425.1	KEDGBJ_06458	True	True	5
GCF_016899425.1|KEDGBJ_06459	GCF_016899425.1	KEDGBJ_06459	True	True	7
GCF_016899425.1|KEDGBJ_06461	GCF_016899425.1	KEDGBJ_06461	True	True	6
GCF_016899425.1|KEDGBJ_06462	GCF_016899425.1	KEDGBJ_06462	True	True	6
GCF_016899425.1|KEDGBJ_06463	GCF_016899425.1	KEDGBJ_06463	True	True	6
GCF_016899425.1|KEDGBJ_06464	GCF_016899425.1	KEDGBJ_06464	True	True	8
GCF_016899425.1|KEDGBJ_06465	GCF_016899425.1	KEDGBJ_06465	True	True	11
GCF_016899425.1|KEDGBJ_06466	GCF_016899425.1	KEDGBJ_06466	True	True	8
GCF_016899425.1|KEDGBJ_06467	GCF_016899425.1	KEDGBJ_06467	True	True	6
GCF_016899425.1|KEDGBJ_06468	GCF_016899425.1	KEDGBJ_06468	True	True	4
GCF_016899425.1|KEDGBJ_06469	GCF_016899425.1	KEDGBJ_06469	True	True	7
GCF_016899425.1|KEDGBJ_06470	GCF_016899425.1	KEDGBJ_06470	True	True	6
GCF_016899425.1|KEDGBJ_06472	GCF_016899425.1	KEDGBJ_06472	True	True	10
GCF_016899425.1|KEDGBJ_06473	GCF_016899425.1	KEDGBJ_06473	True	True	4
GCF_016899425.1|KEDGBJ_06474	GCF_016899425.1	KEDGBJ_06474	True	True	8
GCF_016899425.1|KEDGBJ_06475	GCF_016899425.1	KEDGBJ_06475	True	True	6
GCF_016899425.1|KEDGBJ_06476	GCF_016899425.1	KEDGBJ_06476	True	True	1
GCF_016899425.1|KEDGBJ_06477	GCF_016899425.1	KEDGBJ_06477	True	True	4
GCF_016899425.1|KEDGBJ_06478	GCF_016899425.1	KEDGBJ_06478	True	True	9
GCF_016899425.1|KEDGBJ_06479	GCF_016899425.1	KEDGBJ_06479	True	True	5
GCF_016899425.1|KEDGBJ_06480	GCF_016899425.1	KEDGBJ_06480	True	True	7
GCF_016899425.1|KEDGBJ_06481	GCF_016899425.1	KEDGBJ_06481	True	True	8
GCF_016899425.1|KEDGBJ_06482	GCF_016899425.1	KEDGBJ_06482	True	True	7
GCF_016899425.1|KEDGBJ_06483	GCF_016899425.1	KEDGBJ_06483	True	True	8
GCF_016899425.1|KEDGBJ_06484	GCF_016899425.1	KEDGBJ_06484	True	True	9
GCF_016899425.1|KEDGBJ_06485	GCF_016899425.1	KEDGBJ_06485	True	True	8
GCF_016899425.1|KEDGBJ_06486	GCF_016899425.1	KEDGBJ_06486	True	True	10
GCF_016899425.1|KEDGBJ_06487	GCF_016899425.1	KEDGBJ_06487	True	True	3
GCF_016899425.1|KEDGBJ_06489	GCF_016899425.1	KEDGBJ_06489	True	True	6
GCF_016899425.1|KEDGBJ_06490	GCF_016899425.1	KEDGBJ_06490	True	True	9
GCF_016899425.1|KEDGBJ_06491	GCF_016899425.1	KEDGBJ_06491	True	True	10
GCF_016899425.1|KEDGBJ_06492	GCF_016899425.1	KEDGBJ_06492	False	False	1
GCF_016899425.1|KEDGBJ_06494	GCF_016899425.1	KEDGBJ_06494	True	True	5
GCF_016899425.1|KEDGBJ_06495	GCF_016899425.1	KEDGBJ_06495	True	True	4
GCF_016899425.1|KEDGBJ_06496	GCF_016899425.1	KEDGBJ_06496	True	True	8
GCF_016899425.1|KEDGBJ_06497	GCF_016899425.1	KEDGBJ_06497	True	True	6
GCF_016899425.1|KEDGBJ_06498	GCF_016899425.1	KEDGBJ_06498	True	True	6
GCF_016899425.1|KEDGBJ_06499	GCF_016899425.1	KEDGBJ_06499	True	True	4
GCF_016899425.1|KEDGBJ_06500	GCF_016899425.1	KEDGBJ_06500	True	True	6
GCF_016899425.1|KEDGBJ_06501	GCF_016899425.1	KEDGBJ_06501	True	True	3
GCF_016899425.1|KEDGBJ_06502	GCF_016899425.1	KEDGBJ_06502	True	True	5
GCF_016899425.1|KEDGBJ_06503	GCF_016899425.1	KEDGBJ_06503	True	True	7
GCF_016899425.1|KEDGBJ_06504	GCF_016899425.1	KEDGBJ_06504	True	True	4
GCF_016899425.1|KEDGBJ_06505	GCF_016899425.1	KEDGBJ_06505	True	True	6
GCF_016899425.1|KEDGBJ_06506	GCF_016899425.1	KEDGBJ_06506	True	True	6
GCF_016899425.1|KEDGBJ_06507	GCF_016899425.1	KEDGBJ_06507	True	True	5
GCF_016899425.1|KEDGBJ_06508	GCF_016899425.1	KEDGBJ_06508	True	True	6
GCF_016899425.1|KEDGBJ_06509	GCF_016899425.1	KEDGBJ_06509	True	True	4
GCF_016899425.1|KEDGBJ_06510	GCF_016899425.1	KEDGBJ_06510	True	True	9
GCF_016899425.1|KEDGBJ_06511	GCF_016899425.1	KEDGBJ_06511	True	True	6
GCF_016899425.1|KEDGBJ_06512	GCF_016899425.1	KEDGBJ_06512	True	True	4
GCF_016899425.1|KEDGBJ_06513	GCF_016899425.1	KEDGBJ_06513	True	True	5
GCF_016899425.1|KEDGBJ_06514	GCF_016899425.1	KEDGBJ_06514	True	True	7
GCF_016899425.1|KEDGBJ_06515	GCF_016899425.1	KEDGBJ_06515	True	True	8
GCF_016899425.1|KEDGBJ_06516	GCF_016899425.1	KEDGBJ_06516	True	True	9
GCF_016899425.1|KEDGBJ_06517	GCF_016899425.1	KEDGBJ_06517	True	True	3
GCF_016899425.1|KEDGBJ_06518	GCF_016899425.1	KEDGBJ_06518	True	True	5
GCF_016899425.1|KEDGBJ_06519	GCF_016899425.1	KEDGBJ_06519	True	True	5
GCF_016899425.1|KEDGBJ_06520	GCF_016899425.1	KEDGBJ_06520	True	True	4
GCF_016899425.1|KEDGBJ_06521	GCF_016899425.1	KEDGBJ_06521	True	True	6
GCF_016899425.1|KEDGBJ_06522	GCF_016899425.1	KEDGBJ_06522	True	True	4
GCF_016899425.1|KEDGBJ_06523	GCF_016899425.1	KEDGBJ_06523	True	True	5
GCF_016899425.1|KEDGBJ_06525	GCF_016899425.1	KEDGBJ_06525	True	True	6
GCF_016899425.1|KEDGBJ_06526	GCF_016899425.1	KEDGBJ_06526	True	True	9
GCF_016899425.1|KEDGBJ_06527	GCF_016899425.1	KEDGBJ_06527	True	True	9
GCF_016899425.1|KEDGBJ_06528	GCF_016899425.1	KEDGBJ_06528	True	True	4
GCF_016899425.1|KEDGBJ_06529	GCF_016899425.1	KEDGBJ_06529	True	True	6
GCF_016899425.1|KEDGBJ_06530	GCF_016899425.1	KEDGBJ_06530	True	True	8
GCF_016899425.1|KEDGBJ_06531	GCF_016899425.1	KEDGBJ_06531	True	True	7
GCF_016899425.1|KEDGBJ_06532	GCF_016899425.1	KEDGBJ_06532	True	True	5
GCF_016899425.1|KEDGBJ_06533	GCF_016899425.1	KEDGBJ_06533	True	True	7
GCF_016899425.1|KEDGBJ_06534	GCF_016899425.1	KEDGBJ_06534	True	True	5
GCF_016899425.1|KEDGBJ_06537	GCF_016899425.1	KEDGBJ_06537	True	True	1
GCF_016899425.1|KEDGBJ_06538	GCF_016899425.1	KEDGBJ_06538	True	True	8
GCF_016899425.1|KEDGBJ_06539	GCF_016899425.1	KEDGBJ_06539	True	True	7
GCF_016899425.1|KEDGBJ_06540	GCF_016899425.1	KEDGBJ_06540	True	True	6
GCF_016899425.1|KEDGBJ_06541	GCF_016899425.1	KEDGBJ_06541	True	True	4
GCF_016899425.1|KEDGBJ_06542	GCF_016899425.1	KEDGBJ_06542	True	True	7
GCF_016899425.1|KEDGBJ_06543	GCF_016899425.1	KEDGBJ_06543	True	True	2
GCF_016899425.1|KEDGBJ_06544	GCF_016899425.1	KEDGBJ_06544	True	True	7
GCF_016899425.1|KEDGBJ_06545	GCF_016899425.1	KEDGBJ_06545	True	True	7
GCF_016899425.1|KEDGBJ_06546	GCF_016899425.1	KEDGBJ_06546	True	True	9
GCF_016899425.1|KEDGBJ_06547	GCF_016899425.1	KEDGBJ_06547	True	True	9
GCF_016899425.1|KEDGBJ_06548	GCF_016899425.1	KEDGBJ_06548	True	True	5
GCF_016899425.1|KEDGBJ_06549	GCF_016899425.1	KEDGBJ_06549	True	True	6
GCF_016899425.1|KEDGBJ_06550	GCF_016899425.1	KEDGBJ_06550	True	True	7
GCF_016899425.1|KEDGBJ_06551	GCF_016899425.1	KEDGBJ_06551	True	True	9
GCF_016899425.1|KEDGBJ_06552	GCF_016899425.1	KEDGBJ_06552	True	True	7
GCF_016899425.1|KEDGBJ_06553	GCF_016899425.1	KEDGBJ_06553	True	True	6
GCF_016899425.1|KEDGBJ_06554	GCF_016899425.1	KEDGBJ_06554	True	True	7
GCF_016899425.1|KEDGBJ_06555	GCF_016899425.1	KEDGBJ_06555	True	True	9
GCF_016899425.1|KEDGBJ_06556	GCF_016899425.1	KEDGBJ_06556	True	True	4
GCF_016899425.1|KEDGBJ_06557	GCF_016899425.1	KEDGBJ_06557	True	True	6
GCF_016899425.1|KEDGBJ_06558	GCF_016899425.1	KEDGBJ_06558	True	True	4
GCF_016899425.1|KEDGBJ_06559	GCF_016899425.1	KEDGBJ_06559	True	True	4
GCF_016899425.1|KEDGBJ_06560	GCF_016899425.1	KEDGBJ_06560	True	True	4
GCF_016899425.1|KEDGBJ_06561	GCF_016899425.1	KEDGBJ_06561	True	True	7
GCF_016899425.1|KEDGBJ_06562	GCF_016899425.1	KEDGBJ_06562	True	True	8
GCF_016899425.1|KEDGBJ_06563	GCF_016899425.1	KEDGBJ_06563	True	True	6
GCF_016899425.1|KEDGBJ_06564	GCF_016899425.1	KEDGBJ_06564	True	True	2
GCF_016899425.1|KEDGBJ_06565	GCF_016899425.1	KEDGBJ_06565	True	True	5
GCF_016899425.1|KEDGBJ_06566	GCF_016899425.1	KEDGBJ_06566	True	True	7
GCF_016899425.1|KEDGBJ_06567	GCF_016899425.1	KEDGBJ_06567	True	True	9
GCF_016899425.1|KEDGBJ_06568	GCF_016899425.1	KEDGBJ_06568	True	True	9
GCF_016899425.1|KEDGBJ_06569	GCF_016899425.1	KEDGBJ_06569	True	True	4
GCF_016899425.1|KEDGBJ_06570	GCF_016899425.1	KEDGBJ_06570	True	True	9
GCF_016899425.1|KEDGBJ_06571	GCF_016899425.1	KEDGBJ_06571	True	True	8
GCF_016899425.1|KEDGBJ_06572	GCF_016899425.1	KEDGBJ_06572	True	True	8
GCF_016899425.1|KEDGBJ_06573	GCF_016899425.1	KEDGBJ_06573	True	True	9
GCF_016899425.1|KEDGBJ_06574	GCF_016899425.1	KEDGBJ_06574	True	True	7
GCF_016899425.1|KEDGBJ_06575	GCF_016899425.1	KEDGBJ_06575	True	True	5
GCF_016899425.1|KEDGBJ_06576	GCF_016899425.1	KEDGBJ_06576	True	True	7
GCF_016899425.1|KEDGBJ_06577	GCF_016899425.1	KEDGBJ_06577	True	True	7
GCF_016899425.1|KEDGBJ_06578	GCF_016899425.1	KEDGBJ_06578	True	True	6
GCF_016899425.1|KEDGBJ_06579	GCF_016899425.1	KEDGBJ_06579	True	True	6
GCF_016899425.1|KEDGBJ_06580	GCF_016899425.1	KEDGBJ_06580	True	True	6
GCF_016899425.1|KEDGBJ_06581	GCF_016899425.1	KEDGBJ_06581	True	True	6
GCF_016899425.1|KEDGBJ_06582	GCF_016899425.1	KEDGBJ_06582	True	True	7
GCF_016899425.1|KEDGBJ_06583	GCF_016899425.1	KEDGBJ_06583	True	True	6
GCF_016899425.1|KEDGBJ_06584	GCF_016899425.1	KEDGBJ_06584	True	True	7
GCF_016899425.1|KEDGBJ_06585	GCF_016899425.1	KEDGBJ_06585	True	True	7
GCF_016899425.1|KEDGBJ_06586	GCF_016899425.1	KEDGBJ_06586	True	True	3
GCF_016899425.1|KEDGBJ_06587	GCF_016899425.1	KEDGBJ_06587	True	True	3
GCF_016899425.1|KEDGBJ_06588	GCF_016899425.1	KEDGBJ_06588	True	True	5
GCF_016899425.1|KEDGBJ_06589	GCF_016899425.1	KEDGBJ_06589	True	True	6
GCF_016899425.1|KEDGBJ_06590	GCF_016899425.1	KEDGBJ_06590	True	True	5
GCF_016899425.1|KEDGBJ_06591	GCF_016899425.1	KEDGBJ_06591	True	True	4
GCF_016899425.1|KEDGBJ_06592	GCF_016899425.1	KEDGBJ_06592	True	True	8
GCF_016899425.1|KEDGBJ_06593	GCF_016899425.1	KEDGBJ_06593	True	True	5
GCF_016899425.1|KEDGBJ_06594	GCF_016899425.1	KEDGBJ_06594	True	True	7
GCF_016899425.1|KEDGBJ_06595	GCF_016899425.1	KEDGBJ_06595	True	True	11
GCF_016899425.1|KEDGBJ_06596	GCF_016899425.1	KEDGBJ_06596	True	True	9
GCF_016899425.1|KEDGBJ_06597	GCF_016899425.1	KEDGBJ_06597	True	True	6
GCF_016899425.1|KEDGBJ_06598	GCF_016899425.1	KEDGBJ_06598	True	True	4
GCF_016899425.1|KEDGBJ_06599	GCF_016899425.1	KEDGBJ_06599	True	True	5
GCF_016899425.1|KEDGBJ_06600	GCF_016899425.1	KEDGBJ_06600	True	True	5
GCF_016899425.1|KEDGBJ_06601	GCF_016899425.1	KEDGBJ_06601	False	False	1
GCF_016899425.1|KEDGBJ_06602	GCF_016899425.1	KEDGBJ_06602	True	True	10
GCF_016899425.1|KEDGBJ_06604	GCF_016899425.1	KEDGBJ_06604	True	True	6
GCF_016899425.1|KEDGBJ_06605	GCF_016899425.1	KEDGBJ_06605	True	True	8
GCF_016899425.1|KEDGBJ_06606	GCF_016899425.1	KEDGBJ_06606	True	True	1
GCF_016899425.1|KEDGBJ_06607	GCF_016899425.1	KEDGBJ_06607	True	True	6
GCF_016899425.1|KEDGBJ_06608	GCF_016899425.1	KEDGBJ_06608	True	True	8
GCF_016899425.1|KEDGBJ_06609	GCF_016899425.1	KEDGBJ_06609	True	True	5
GCF_016899425.1|KEDGBJ_06610	GCF_016899425.1	KEDGBJ_06610	True	True	5
GCF_016899425.1|KEDGBJ_06611	GCF_016899425.1	KEDGBJ_06611	True	True	6
GCF_016899425.1|KEDGBJ_06612	GCF_016899425.1	KEDGBJ_06612	True	True	6
GCF_016899425.1|KEDGBJ_06613	GCF_016899425.1	KEDGBJ_06613	True	True	9
GCF_016899425.1|KEDGBJ_06614	GCF_016899425.1	KEDGBJ_06614	True	True	4
GCF_016899425.1|KEDGBJ_06615	GCF_016899425.1	KEDGBJ_06615	True	True	5
GCF_016899425.1|KEDGBJ_06616	GCF_016899425.1	KEDGBJ_06616	True	True	2
GCF_016899425.1|KEDGBJ_06617	GCF_016899425.1	KEDGBJ_06617	True	True	2
GCF_016899425.1|KEDGBJ_06618	GCF_016899425.1	KEDGBJ_06618	True	True	7
GCF_016899425.1|KEDGBJ_06619	GCF_016899425.1	KEDGBJ_06619	True	True	3
GCF_016899425.1|KEDGBJ_06620	GCF_016899425.1	KEDGBJ_06620	True	True	6
GCF_016899425.1|KEDGBJ_06621	GCF_016899425.1	KEDGBJ_06621	True	True	4
GCF_016899425.1|KEDGBJ_06622	GCF_016899425.1	KEDGBJ_06622	True	True	7
GCF_016899425.1|KEDGBJ_06623	GCF_016899425.1	KEDGBJ_06623	True	True	8
GCF_016899425.1|KEDGBJ_06624	GCF_016899425.1	KEDGBJ_06624	True	True	4
GCF_016899425.1|KEDGBJ_06625	GCF_016899425.1	KEDGBJ_06625	True	True	4
GCF_016899425.1|KEDGBJ_06626	GCF_016899425.1	KEDGBJ_06626	True	True	3
GCF_016899425.1|KEDGBJ_06627	GCF_016899425.1	KEDGBJ_06627	True	True	8
GCF_016899425.1|KEDGBJ_06628	GCF_016899425.1	KEDGBJ_06628	True	True	7
GCF_016899425.1|KEDGBJ_06629	GCF_016899425.1	KEDGBJ_06629	True	True	7
GCF_016899425.1|KEDGBJ_06630	GCF_016899425.1	KEDGBJ_06630	True	True	7
GCF_016899425.1|KEDGBJ_06631	GCF_016899425.1	KEDGBJ_06631	True	True	5
GCF_016899425.1|KEDGBJ_06633	GCF_016899425.1	KEDGBJ_06633	True	True	2
GCF_016899425.1|KEDGBJ_06634	GCF_016899425.1	KEDGBJ_06634	False	False	1
GCF_016899425.1|KEDGBJ_06635	GCF_016899425.1	KEDGBJ_06635	True	True	2
GCF_016899425.1|KEDGBJ_06636	GCF_016899425.1	KEDGBJ_06636	True	True	3
GCF_016899425.1|KEDGBJ_06637	GCF_016899425.1	KEDGBJ_06637	True	True	5
GCF_016899425.1|KEDGBJ_06638	GCF_016899425.1	KEDGBJ_06638	True	True	5
GCF_016899425.1|KEDGBJ_06639	GCF_016899425.1	KEDGBJ_06639	True	True	4
GCF_016899425.1|KEDGBJ_06641	GCF_016899425.1	KEDGBJ_06641	True	True	4
GCF_016899425.1|KEDGBJ_06644	GCF_016899425.1	KEDGBJ_06644	True	True	8
GCF_016899425.1|KEDGBJ_06645	GCF_016899425.1	KEDGBJ_06645	True	True	7
GCF_016899425.1|KEDGBJ_06646	GCF_016899425.1	KEDGBJ_06646	True	True	8
GCF_016899425.1|KEDGBJ_06647	GCF_016899425.1	KEDGBJ_06647	True	True	6
GCF_016899425.1|KEDGBJ_06648	GCF_016899425.1	KEDGBJ_06648	False	False	1
GCF_016899425.1|KEDGBJ_06649	GCF_016899425.1	KEDGBJ_06649	True	True	8
GCF_016899425.1|KEDGBJ_06651	GCF_016899425.1	KEDGBJ_06651	True	True	3
GCF_016899425.1|KEDGBJ_06652	GCF_016899425.1	KEDGBJ_06652	True	True	2
GCF_016899425.1|KEDGBJ_06653	GCF_016899425.1	KEDGBJ_06653	True	True	2
GCF_016899425.1|KEDGBJ_06654	GCF_016899425.1	KEDGBJ_06654	True	True	3
GCF_016899425.1|KEDGBJ_06655	GCF_016899425.1	KEDGBJ_06655	True	True	8
GCF_016899425.1|KEDGBJ_06656	GCF_016899425.1	KEDGBJ_06656	True	True	8
GCF_016899425.1|KEDGBJ_06657	GCF_016899425.1	KEDGBJ_06657	True	True	9
GCF_016899425.1|KEDGBJ_06659	GCF_016899425.1	KEDGBJ_06659	True	True	6
GCF_016899425.1|KEDGBJ_06661	GCF_016899425.1	KEDGBJ_06661	True	True	6
GCF_016899425.1|KEDGBJ_06662	GCF_016899425.1	KEDGBJ_06662	True	True	6
GCF_016899425.1|KEDGBJ_06663	GCF_016899425.1	KEDGBJ_06663	True	True	7
GCF_016899425.1|KEDGBJ_06664	GCF_016899425.1	KEDGBJ_06664	True	True	5
GCF_016899425.1|KEDGBJ_06665	GCF_016899425.1	KEDGBJ_06665	True	True	7
GCF_016899425.1|KEDGBJ_06666	GCF_016899425.1	KEDGBJ_06666	True	True	5
GCF_016899425.1|KEDGBJ_06667	GCF_016899425.1	KEDGBJ_06667	True	True	9
GCF_016899425.1|KEDGBJ_06668	GCF_016899425.1	KEDGBJ_06668	True	True	9
GCF_016899425.1|KEDGBJ_06669	GCF_016899425.1	KEDGBJ_06669	True	True	6
GCF_016899425.1|KEDGBJ_06670	GCF_016899425.1	KEDGBJ_06670	True	True	7
GCF_016899425.1|KEDGBJ_06671	GCF_016899425.1	KEDGBJ_06671	True	True	6
GCF_016899425.1|KEDGBJ_06672	GCF_016899425.1	KEDGBJ_06672	True	True	9
GCF_016899425.1|KEDGBJ_06674	GCF_016899425.1	KEDGBJ_06674	True	True	5
GCF_016899425.1|KEDGBJ_06675	GCF_016899425.1	KEDGBJ_06675	True	True	5
GCF_016899425.1|KEDGBJ_06677	GCF_016899425.1	KEDGBJ_06677	True	True	7
GCF_016899425.1|KEDGBJ_06678	GCF_016899425.1	KEDGBJ_06678	True	True	7
GCF_016899425.1|KEDGBJ_06679	GCF_016899425.1	KEDGBJ_06679	True	True	8
GCF_016899425.1|KEDGBJ_06680	GCF_016899425.1	KEDGBJ_06680	True	True	4
GCF_016899425.1|KEDGBJ_06681	GCF_016899425.1	KEDGBJ_06681	True	True	7
GCF_016899425.1|KEDGBJ_06682	GCF_016899425.1	KEDGBJ_06682	True	True	6
GCF_016899425.1|KEDGBJ_06683	GCF_016899425.1	KEDGBJ_06683	True	True	6
GCF_016899425.1|KEDGBJ_06684	GCF_016899425.1	KEDGBJ_06684	True	True	5
GCF_016899425.1|KEDGBJ_06685	GCF_016899425.1	KEDGBJ_06685	True	True	5
GCF_016899425.1|KEDGBJ_06686	GCF_016899425.1	KEDGBJ_06686	True	True	6
GCF_016899425.1|KEDGBJ_06687	GCF_016899425.1	KEDGBJ_06687	True	True	8
GCF_016899425.1|KEDGBJ_06688	GCF_016899425.1	KEDGBJ_06688	True	True	1
GCF_016899425.1|KEDGBJ_06689	GCF_016899425.1	KEDGBJ_06689	True	True	3
GCF_016899425.1|KEDGBJ_06691	GCF_016899425.1	KEDGBJ_06691	True	True	7
GCF_016899425.1|KEDGBJ_06692	GCF_016899425.1	KEDGBJ_06692	True	True	4
GCF_016899425.1|KEDGBJ_06693	GCF_016899425.1	KEDGBJ_06693	True	True	2
GCF_016899425.1|KEDGBJ_06694	GCF_016899425.1	KEDGBJ_06694	True	True	8
GCF_016899425.1|KEDGBJ_06695	GCF_016899425.1	KEDGBJ_06695	True	True	8
GCF_016899425.1|KEDGBJ_06696	GCF_016899425.1	KEDGBJ_06696	True	True	10
GCF_016899425.1|KEDGBJ_06697	GCF_016899425.1	KEDGBJ_06697	True	True	8
GCF_016899425.1|KEDGBJ_06698	GCF_016899425.1	KEDGBJ_06698	True	True	8
GCF_016899425.1|KEDGBJ_06699	GCF_016899425.1	KEDGBJ_06699	True	True	6
GCF_016899425.1|KEDGBJ_06700	GCF_016899425.1	KEDGBJ_06700	True	True	7
GCF_016899425.1|KEDGBJ_06701	GCF_016899425.1	KEDGBJ_06701	False	False	1
GCF_016899425.1|KEDGBJ_06702	GCF_016899425.1	KEDGBJ_06702	True	True	2
GCF_016899425.1|KEDGBJ_06704	GCF_016899425.1	KEDGBJ_06704	True	True	3
GCF_016899425.1|KEDGBJ_06705	GCF_016899425.1	KEDGBJ_06705	True	True	7
GCF_016899425.1|KEDGBJ_06706	GCF_016899425.1	KEDGBJ_06706	True	True	1
GCF_016899425.1|KEDGBJ_06707	GCF_016899425.1	KEDGBJ_06707	False	False	1
GCF_016899425.1|KEDGBJ_06708	GCF_016899425.1	KEDGBJ_06708	True	True	2
GCF_016899425.1|KEDGBJ_06709	GCF_016899425.1	KEDGBJ_06709	True	True	3
GCF_016899425.1|KEDGBJ_06710	GCF_016899425.1	KEDGBJ_06710	True	True	8
GCF_016899425.1|KEDGBJ_06711	GCF_016899425.1	KEDGBJ_06711	True	True	10
GCF_016899425.1|KEDGBJ_06712	GCF_016899425.1	KEDGBJ_06712	True	True	13
GCF_016899425.1|KEDGBJ_06713	GCF_016899425.1	KEDGBJ_06713	True	True	1
GCF_016899425.1|KEDGBJ_06714	GCF_016899425.1	KEDGBJ_06714	True	True	4
GCF_016899425.1|KEDGBJ_06715	GCF_016899425.1	KEDGBJ_06715	True	True	2
GCF_016899425.1|KEDGBJ_06716	GCF_016899425.1	KEDGBJ_06716	True	True	9
GCF_016899425.1|KEDGBJ_06717	GCF_016899425.1	KEDGBJ_06717	True	True	3
GCF_016899425.1|KEDGBJ_06718	GCF_016899425.1	KEDGBJ_06718	False	False	1
GCF_016899425.1|KEDGBJ_06720	GCF_016899425.1	KEDGBJ_06720	False	False	1
GCF_016899425.1|KEDGBJ_06722	GCF_016899425.1	KEDGBJ_06722	False	False	1
GCF_016899425.1|KEDGBJ_06723	GCF_016899425.1	KEDGBJ_06723	True	True	7
GCF_016899425.1|KEDGBJ_06724	GCF_016899425.1	KEDGBJ_06724	True	True	5
GCF_016899425.1|KEDGBJ_06725	GCF_016899425.1	KEDGBJ_06725	True	True	6
GCF_016899425.1|KEDGBJ_06726	GCF_016899425.1	KEDGBJ_06726	True	True	8
GCF_016899425.1|KEDGBJ_06727	GCF_016899425.1	KEDGBJ_06727	True	True	3
GCF_016899425.1|KEDGBJ_06728	GCF_016899425.1	KEDGBJ_06728	True	True	2
GCF_016899425.1|KEDGBJ_06729	GCF_016899425.1	KEDGBJ_06729	True	True	4
GCF_016899425.1|KEDGBJ_06730	GCF_016899425.1	KEDGBJ_06730	True	True	11
GCF_016899425.1|KEDGBJ_06731	GCF_016899425.1	KEDGBJ_06731	False	False	1
GCF_016899425.1|KEDGBJ_06732	GCF_016899425.1	KEDGBJ_06732	True	True	2
GCF_016899425.1|KEDGBJ_06733	GCF_016899425.1	KEDGBJ_06733	True	True	8
GCF_016899425.1|KEDGBJ_06734	GCF_016899425.1	KEDGBJ_06734	True	True	5
GCF_016899425.1|KEDGBJ_06735	GCF_016899425.1	KEDGBJ_06735	True	True	5
GCF_016899425.1|KEDGBJ_06736	GCF_016899425.1	KEDGBJ_06736	True	True	6
GCF_016899425.1|KEDGBJ_06737	GCF_016899425.1	KEDGBJ_06737	True	True	11
GCF_016899425.1|KEDGBJ_06738	GCF_016899425.1	KEDGBJ_06738	True	True	3
GCF_016899425.1|KEDGBJ_06739	GCF_016899425.1	KEDGBJ_06739	True	True	4
GCF_016899425.1|KEDGBJ_06740	GCF_016899425.1	KEDGBJ_06740	True	True	9
GCF_016899425.1|KEDGBJ_06741	GCF_016899425.1	KEDGBJ_06741	True	True	10
GCF_016899425.1|KEDGBJ_06742	GCF_016899425.1	KEDGBJ_06742	True	True	5
GCF_016899425.1|KEDGBJ_06743	GCF_016899425.1	KEDGBJ_06743	True	True	5
GCF_016899425.1|KEDGBJ_06744	GCF_016899425.1	KEDGBJ_06744	True	True	4
GCF_016899425.1|KEDGBJ_06745	GCF_016899425.1	KEDGBJ_06745	True	True	5
GCF_016899425.1|KEDGBJ_06746	GCF_016899425.1	KEDGBJ_06746	True	True	5
GCF_016899425.1|KEDGBJ_06747	GCF_016899425.1	KEDGBJ_06747	True	True	6
GCF_016899425.1|KEDGBJ_06748	GCF_016899425.1	KEDGBJ_06748	True	True	7
GCF_016899425.1|KEDGBJ_06750	GCF_016899425.1	KEDGBJ_06750	True	True	10
GCF_016899425.1|KEDGBJ_06751	GCF_016899425.1	KEDGBJ_06751	True	True	5
GCF_016899425.1|KEDGBJ_06752	GCF_016899425.1	KEDGBJ_06752	False	False	1
GCF_016899425.1|KEDGBJ_06753	GCF_016899425.1	KEDGBJ_06753	True	True	11
GCF_016899425.1|KEDGBJ_06754	GCF_016899425.1	KEDGBJ_06754	True	True	4
GCF_016899425.1|KEDGBJ_06755	GCF_016899425.1	KEDGBJ_06755	True	True	7
GCF_016899425.1|KEDGBJ_06756	GCF_016899425.1	KEDGBJ_06756	True	False	1
GCF_016899425.1|KEDGBJ_06757	GCF_016899425.1	KEDGBJ_06757	True	True	7
GCF_016899425.1|KEDGBJ_06758	GCF_016899425.1	KEDGBJ_06758	True	True	4
GCF_016899425.1|KEDGBJ_06759	GCF_016899425.1	KEDGBJ_06759	True	True	8
GCF_016899425.1|KEDGBJ_06761	GCF_016899425.1	KEDGBJ_06761	True	True	1
GCF_016899425.1|KEDGBJ_06762	GCF_016899425.1	KEDGBJ_06762	True	True	2
GCF_016899425.1|KEDGBJ_06763	GCF_016899425.1	KEDGBJ_06763	True	True	6
GCF_016899425.1|KEDGBJ_06764	GCF_016899425.1	KEDGBJ_06764	True	True	6
GCF_016899425.1|KEDGBJ_06765	GCF_016899425.1	KEDGBJ_06765	True	True	5
GCF_016899425.1|KEDGBJ_06766	GCF_016899425.1	KEDGBJ_06766	False	False	1
GCF_016899425.1|KEDGBJ_06767	GCF_016899425.1	KEDGBJ_06767	True	True	12
GCF_016899425.1|KEDGBJ_06768	GCF_016899425.1	KEDGBJ_06768	True	True	7
GCF_016899425.1|KEDGBJ_06769	GCF_016899425.1	KEDGBJ_06769	True	True	5
GCF_016899425.1|KEDGBJ_06770	GCF_016899425.1	KEDGBJ_06770	True	True	8
GCF_016899425.1|KEDGBJ_06771	GCF_016899425.1	KEDGBJ_06771	True	True	7
GCF_016899425.1|KEDGBJ_06772	GCF_016899425.1	KEDGBJ_06772	True	True	4
GCF_016899425.1|KEDGBJ_06773	GCF_016899425.1	KEDGBJ_06773	True	True	7
GCF_016899425.1|KEDGBJ_06774	GCF_016899425.1	KEDGBJ_06774	True	True	5
GCF_016899425.1|KEDGBJ_06777	GCF_016899425.1	KEDGBJ_06777	True	True	2
GCF_016899425.1|KEDGBJ_06778	GCF_016899425.1	KEDGBJ_06778	True	True	5
GCF_016899425.1|KEDGBJ_06779	GCF_016899425.1	KEDGBJ_06779	True	True	7
GCF_016899425.1|KEDGBJ_06780	GCF_016899425.1	KEDGBJ_06780	True	True	1
GCF_016899425.1|KEDGBJ_06781	GCF_016899425.1	KEDGBJ_06781	True	True	1
GCF_016899425.1|KEDGBJ_06782	GCF_016899425.1	KEDGBJ_06782	True	True	1
GCF_016899425.1|KEDGBJ_06784	GCF_016899425.1	KEDGBJ_06784	False	False	1
GCF_016899425.1|KEDGBJ_06785	GCF_016899425.1	KEDGBJ_06785	True	True	6
GCF_016899425.1|KEDGBJ_06787	GCF_016899425.1	KEDGBJ_06787	True	True	8
GCF_016899425.1|KEDGBJ_06788	GCF_016899425.1	KEDGBJ_06788	True	True	6
GCF_016899425.1|KEDGBJ_06789	GCF_016899425.1	KEDGBJ_06789	True	True	2
GCF_016899425.1|KEDGBJ_06790	GCF_016899425.1	KEDGBJ_06790	True	True	3
GCF_016899425.1|KEDGBJ_06791	GCF_016899425.1	KEDGBJ_06791	True	True	3
GCF_016899425.1|KEDGBJ_06792	GCF_016899425.1	KEDGBJ_06792	True	True	7
GCF_016899425.1|KEDGBJ_06793	GCF_016899425.1	KEDGBJ_06793	True	True	8
GCF_016899425.1|KEDGBJ_06794	GCF_016899425.1	KEDGBJ_06794	True	True	12
GCF_016899425.1|KEDGBJ_06795	GCF_016899425.1	KEDGBJ_06795	True	True	6
GCF_016899425.1|KEDGBJ_06796	GCF_016899425.1	KEDGBJ_06796	True	True	6
GCF_016899425.1|KEDGBJ_06797	GCF_016899425.1	KEDGBJ_06797	True	True	6
GCF_016899425.1|KEDGBJ_06799	GCF_016899425.1	KEDGBJ_06799	True	True	8
GCF_016899425.1|KEDGBJ_06800	GCF_016899425.1	KEDGBJ_06800	True	True	2
GCF_016899425.1|KEDGBJ_06802	GCF_016899425.1	KEDGBJ_06802	True	False	1
GCF_016899425.1|KEDGBJ_06803	GCF_016899425.1	KEDGBJ_06803	True	True	5
GCF_016899425.1|KEDGBJ_06804	GCF_016899425.1	KEDGBJ_06804	True	True	5
GCF_016899425.1|KEDGBJ_06805	GCF_016899425.1	KEDGBJ_06805	True	True	6
GCF_016899425.1|KEDGBJ_06806	GCF_016899425.1	KEDGBJ_06806	True	True	6
GCF_016899425.1|KEDGBJ_06807	GCF_016899425.1	KEDGBJ_06807	True	True	5
GCF_016899425.1|KEDGBJ_06808	GCF_016899425.1	KEDGBJ_06808	True	True	8
GCF_016899425.1|KEDGBJ_06809	GCF_016899425.1	KEDGBJ_06809	True	True	10
GCF_016899425.1|KEDGBJ_06811	GCF_016899425.1	KEDGBJ_06811	True	True	4
GCF_016899425.1|KEDGBJ_06812	GCF_016899425.1	KEDGBJ_06812	True	True	1
GCF_016899425.1|KEDGBJ_06813	GCF_016899425.1	KEDGBJ_06813	True	True	7
GCF_016899425.1|KEDGBJ_06814	GCF_016899425.1	KEDGBJ_06814	True	True	4
GCF_016899425.1|KEDGBJ_06816	GCF_016899425.1	KEDGBJ_06816	True	True	5
GCF_016899425.1|KEDGBJ_06817	GCF_016899425.1	KEDGBJ_06817	True	True	3
GCF_016899425.1|KEDGBJ_06818	GCF_016899425.1	KEDGBJ_06818	True	False	1
GCF_016899425.1|KEDGBJ_06819	GCF_016899425.1	KEDGBJ_06819	True	False	2
GCF_016899425.1|KEDGBJ_06821	GCF_016899425.1	KEDGBJ_06821	True	True	2
GCF_016899425.1|KEDGBJ_06822	GCF_016899425.1	KEDGBJ_06822	True	True	5
GCF_016899425.1|KEDGBJ_06823	GCF_016899425.1	KEDGBJ_06823	True	True	8
GCF_016899425.1|KEDGBJ_06824	GCF_016899425.1	KEDGBJ_06824	True	True	6
GCF_016899425.1|KEDGBJ_06825	GCF_016899425.1	KEDGBJ_06825	True	True	6
GCF_016899425.1|KEDGBJ_06826	GCF_016899425.1	KEDGBJ_06826	True	True	6
GCF_016899425.1|KEDGBJ_06827	GCF_016899425.1	KEDGBJ_06827	True	True	9
GCF_016899425.1|KEDGBJ_06828	GCF_016899425.1	KEDGBJ_06828	True	True	8
GCF_016899425.1|KEDGBJ_06829	GCF_016899425.1	KEDGBJ_06829	True	True	5
GCF_016899425.1|KEDGBJ_06830	GCF_016899425.1	KEDGBJ_06830	True	True	8
GCF_016899425.1|KEDGBJ_06831	GCF_016899425.1	KEDGBJ_06831	True	True	2
GCF_016899425.1|KEDGBJ_06832	GCF_016899425.1	KEDGBJ_06832	True	True	8
GCF_016899425.1|KEDGBJ_06833	GCF_016899425.1	KEDGBJ_06833	True	True	6
GCF_016899425.1|KEDGBJ_06834	GCF_016899425.1	KEDGBJ_06834	True	True	2
GCF_016899425.1|KEDGBJ_06835	GCF_016899425.1	KEDGBJ_06835	True	True	7
GCF_016899425.1|KEDGBJ_06836	GCF_016899425.1	KEDGBJ_06836	True	True	5
GCF_016899425.1|KEDGBJ_06837	GCF_016899425.1	KEDGBJ_06837	True	True	5
GCF_016899425.1|KEDGBJ_06838	GCF_016899425.1	KEDGBJ_06838	True	True	6
GCF_016899425.1|KEDGBJ_06839	GCF_016899425.1	KEDGBJ_06839	True	True	5
GCF_016899425.1|KEDGBJ_06840	GCF_016899425.1	KEDGBJ_06840	True	True	5
GCF_016899425.1|KEDGBJ_06841	GCF_016899425.1	KEDGBJ_06841	True	True	5
GCF_016899425.1|KEDGBJ_06842	GCF_016899425.1	KEDGBJ_06842	True	True	6
GCF_016899425.1|KEDGBJ_06843	GCF_016899425.1	KEDGBJ_06843	True	True	2
GCF_016899425.1|KEDGBJ_06844	GCF_016899425.1	KEDGBJ_06844	True	True	8
GCF_016899425.1|KEDGBJ_06845	GCF_016899425.1	KEDGBJ_06845	True	True	5
GCF_016899425.1|KEDGBJ_06846	GCF_016899425.1	KEDGBJ_06846	True	True	6
GCF_016899425.1|KEDGBJ_06847	GCF_016899425.1	KEDGBJ_06847	True	True	7
GCF_016899425.1|KEDGBJ_06848	GCF_016899425.1	KEDGBJ_06848	True	True	7
GCF_016899425.1|KEDGBJ_06849	GCF_016899425.1	KEDGBJ_06849	True	True	7
GCF_016899425.1|KEDGBJ_06850	GCF_016899425.1	KEDGBJ_06850	True	True	6
GCF_016899425.1|KEDGBJ_06851	GCF_016899425.1	KEDGBJ_06851	True	True	6
GCF_016899425.1|KEDGBJ_06852	GCF_016899425.1	KEDGBJ_06852	True	False	3
GCF_016899425.1|KEDGBJ_06853	GCF_016899425.1	KEDGBJ_06853	True	True	6
GCF_016899425.1|KEDGBJ_06854	GCF_016899425.1	KEDGBJ_06854	True	True	10
GCF_016899425.1|KEDGBJ_06855	GCF_016899425.1	KEDGBJ_06855	True	True	7
GCF_016899425.1|KEDGBJ_06856	GCF_016899425.1	KEDGBJ_06856	True	True	4
GCF_016899425.1|KEDGBJ_06857	GCF_016899425.1	KEDGBJ_06857	True	True	9
GCF_016899425.1|KEDGBJ_06858	GCF_016899425.1	KEDGBJ_06858	True	True	8
GCF_016899425.1|KEDGBJ_06859	GCF_016899425.1	KEDGBJ_06859	False	False	1
GCF_016899425.1|KEDGBJ_06860	GCF_016899425.1	KEDGBJ_06860	True	True	7
GCF_016899425.1|KEDGBJ_06861	GCF_016899425.1	KEDGBJ_06861	True	True	4
GCF_016899425.1|KEDGBJ_06862	GCF_016899425.1	KEDGBJ_06862	True	True	7
GCF_016899425.1|KEDGBJ_06863	GCF_016899425.1	KEDGBJ_06863	True	True	2
GCF_016899425.1|KEDGBJ_06864	GCF_016899425.1	KEDGBJ_06864	True	True	3
GCF_016899425.1|KEDGBJ_06865	GCF_016899425.1	KEDGBJ_06865	True	True	5
GCF_016899425.1|KEDGBJ_06866	GCF_016899425.1	KEDGBJ_06866	True	True	2
GCF_016899425.1|KEDGBJ_06867	GCF_016899425.1	KEDGBJ_06867	True	True	5
GCF_016899425.1|KEDGBJ_06868	GCF_016899425.1	KEDGBJ_06868	True	True	2
GCF_016899425.1|KEDGBJ_06869	GCF_016899425.1	KEDGBJ_06869	True	True	5
GCF_016899425.1|KEDGBJ_06870	GCF_016899425.1	KEDGBJ_06870	True	True	2
GCF_016899425.1|KEDGBJ_06871	GCF_016899425.1	KEDGBJ_06871	True	True	2
GCF_016899425.1|KEDGBJ_06872	GCF_016899425.1	KEDGBJ_06872	True	True	8
GCF_016899425.1|KEDGBJ_06873	GCF_016899425.1	KEDGBJ_06873	True	True	6
GCF_016899425.1|KEDGBJ_06874	GCF_016899425.1	KEDGBJ_06874	True	True	6
GCF_016899425.1|KEDGBJ_06875	GCF_016899425.1	KEDGBJ_06875	False	False	1
GCF_016899425.1|KEDGBJ_06876	GCF_016899425.1	KEDGBJ_06876	True	True	1
GCF_016899425.1|KEDGBJ_06877	GCF_016899425.1	KEDGBJ_06877	True	True	10
GCF_016899425.1|KEDGBJ_06878	GCF_016899425.1	KEDGBJ_06878	True	True	7
GCF_016899425.1|KEDGBJ_06879	GCF_016899425.1	KEDGBJ_06879	True	True	7
GCF_016899425.1|KEDGBJ_06880	GCF_016899425.1	KEDGBJ_06880	True	True	7
GCF_016899425.1|KEDGBJ_06881	GCF_016899425.1	KEDGBJ_06881	True	True	7
GCF_016899425.1|KEDGBJ_06882	GCF_016899425.1	KEDGBJ_06882	True	True	1
GCF_016899425.1|KEDGBJ_06883	GCF_016899425.1	KEDGBJ_06883	True	True	3
GCF_016899425.1|KEDGBJ_06884	GCF_016899425.1	KEDGBJ_06884	True	True	5
GCF_016899425.1|KEDGBJ_06885	GCF_016899425.1	KEDGBJ_06885	True	True	7
GCF_016899425.1|KEDGBJ_06886	GCF_016899425.1	KEDGBJ_06886	True	True	7
GCF_016899425.1|KEDGBJ_06887	GCF_016899425.1	KEDGBJ_06887	True	True	8
GCF_016899425.1|KEDGBJ_06889	GCF_016899425.1	KEDGBJ_06889	True	True	9
GCF_016899425.1|KEDGBJ_06890	GCF_016899425.1	KEDGBJ_06890	True	True	9
GCF_016899425.1|KEDGBJ_06892	GCF_016899425.1	KEDGBJ_06892	True	True	6
GCF_016899425.1|KEDGBJ_06893	GCF_016899425.1	KEDGBJ_06893	True	True	5
GCF_016899425.1|KEDGBJ_06894	GCF_016899425.1	KEDGBJ_06894	True	True	7
GCF_016899425.1|KEDGBJ_06895	GCF_016899425.1	KEDGBJ_06895	True	True	3
GCF_016899425.1|KEDGBJ_06897	GCF_016899425.1	KEDGBJ_06897	True	True	9
GCF_016899425.1|KEDGBJ_06898	GCF_016899425.1	KEDGBJ_06898	True	True	9
GCF_016899425.1|KEDGBJ_06899	GCF_016899425.1	KEDGBJ_06899	True	True	6
GCF_016899425.1|KEDGBJ_06900	GCF_016899425.1	KEDGBJ_06900	True	True	4
GCF_016899425.1|KEDGBJ_06901	GCF_016899425.1	KEDGBJ_06901	True	True	4
GCF_016899425.1|KEDGBJ_06902	GCF_016899425.1	KEDGBJ_06902	True	True	6
GCF_016899425.1|KEDGBJ_06903	GCF_016899425.1	KEDGBJ_06903	True	True	2
GCF_016899425.1|KEDGBJ_06905	GCF_016899425.1	KEDGBJ_06905	False	False	1
GCF_016899425.1|KEDGBJ_06907	GCF_016899425.1	KEDGBJ_06907	True	True	9
GCF_016899425.1|KEDGBJ_06908	GCF_016899425.1	KEDGBJ_06908	True	True	7
GCF_016899425.1|KEDGBJ_06909	GCF_016899425.1	KEDGBJ_06909	True	True	4
GCF_016899425.1|KEDGBJ_06910	GCF_016899425.1	KEDGBJ_06910	True	True	8
GCF_016899425.1|KEDGBJ_06911	GCF_016899425.1	KEDGBJ_06911	True	True	10
GCF_016899425.1|KEDGBJ_06913	GCF_016899425.1	KEDGBJ_06913	True	True	5
GCF_016899425.1|KEDGBJ_06916	GCF_016899425.1	KEDGBJ_06916	True	True	8
GCF_016899425.1|KEDGBJ_06917	GCF_016899425.1	KEDGBJ_06917	True	True	11
GCF_016899425.1|KEDGBJ_06918	GCF_016899425.1	KEDGBJ_06918	True	True	7
GCF_016899425.1|KEDGBJ_06919	GCF_016899425.1	KEDGBJ_06919	True	True	9
GCF_016899425.1|KEDGBJ_06921	GCF_016899425.1	KEDGBJ_06921	False	False	1
GCF_016899425.1|KEDGBJ_06922	GCF_016899425.1	KEDGBJ_06922	True	True	3
GCF_016899425.1|KEDGBJ_06923	GCF_016899425.1	KEDGBJ_06923	True	True	8
GCF_016899425.1|KEDGBJ_06925	GCF_016899425.1	KEDGBJ_06925	True	True	11
GCF_016899425.1|KEDGBJ_06926	GCF_016899425.1	KEDGBJ_06926	True	True	2
GCF_016899425.1|KEDGBJ_06927	GCF_016899425.1	KEDGBJ_06927	True	True	2
GCF_016899425.1|KEDGBJ_06928	GCF_016899425.1	KEDGBJ_06928	True	True	6
GCF_016899425.1|KEDGBJ_06929	GCF_016899425.1	KEDGBJ_06929	True	True	4
GCF_016899425.1|KEDGBJ_06930	GCF_016899425.1	KEDGBJ_06930	True	True	9
GCF_016899425.1|KEDGBJ_06931	GCF_016899425.1	KEDGBJ_06931	True	True	9
GCF_016899425.1|KEDGBJ_06933	GCF_016899425.1	KEDGBJ_06933	True	True	2
GCF_016899425.1|KEDGBJ_06934	GCF_016899425.1	KEDGBJ_06934	True	True	2
GCF_016899425.1|KEDGBJ_06935	GCF_016899425.1	KEDGBJ_06935	False	False	1
GCF_016899425.1|KEDGBJ_06936	GCF_016899425.1	KEDGBJ_06936	True	True	1
GCF_016899425.1|KEDGBJ_06938	GCF_016899425.1	KEDGBJ_06938	True	True	2
GCF_016899425.1|KEDGBJ_06940	GCF_016899425.1	KEDGBJ_06940	True	True	2
GCF_016899425.1|KEDGBJ_06942	GCF_016899425.1	KEDGBJ_06942	True	True	2
GCF_016899425.1|KEDGBJ_06943	GCF_016899425.1	KEDGBJ_06943	False	False	1
GCF_016899425.1|KEDGBJ_06944	GCF_016899425.1	KEDGBJ_06944	True	True	5
GCF_016899425.1|KEDGBJ_06945	GCF_016899425.1	KEDGBJ_06945	True	True	5
GCF_016899425.1|KEDGBJ_06947	GCF_016899425.1	KEDGBJ_06947	True	True	5
GCF_016899425.1|KEDGBJ_06948	GCF_016899425.1	KEDGBJ_06948	True	True	6
GCF_016899425.1|KEDGBJ_06949	GCF_016899425.1	KEDGBJ_06949	True	True	5
GCF_016899425.1|KEDGBJ_06950	GCF_016899425.1	KEDGBJ_06950	True	True	4
GCF_016899425.1|KEDGBJ_06951	GCF_016899425.1	KEDGBJ_06951	True	True	5
GCF_016899425.1|KEDGBJ_06952	GCF_016899425.1	KEDGBJ_06952	True	True	3
GCF_016899425.1|KEDGBJ_06953	GCF_016899425.1	KEDGBJ_06953	True	True	3
GCF_016899425.1|KEDGBJ_06954	GCF_016899425.1	KEDGBJ_06954	True	True	4
GCF_016899425.1|KEDGBJ_06955	GCF_016899425.1	KEDGBJ_06955	True	True	6
GCF_016899425.1|KEDGBJ_06956	GCF_016899425.1	KEDGBJ_06956	True	True	5
GCF_016899425.1|KEDGBJ_06957	GCF_016899425.1	KEDGBJ_06957	True	True	2
GCF_016899425.1|KEDGBJ_06959	GCF_016899425.1	KEDGBJ_06959	True	True	7
GCF_016899425.1|KEDGBJ_06960	GCF_016899425.1	KEDGBJ_06960	True	True	4
GCF_016899425.1|KEDGBJ_06961	GCF_016899425.1	KEDGBJ_06961	True	True	7
GCF_016899425.1|KEDGBJ_06962	GCF_016899425.1	KEDGBJ_06962	True	True	4
GCF_016899425.1|KEDGBJ_06963	GCF_016899425.1	KEDGBJ_06963	False	False	1
GCF_016899425.1|KEDGBJ_06964	GCF_016899425.1	KEDGBJ_06964	True	True	7
GCF_016899425.1|KEDGBJ_06965	GCF_016899425.1	KEDGBJ_06965	True	True	2
GCF_016899425.1|KEDGBJ_06967	GCF_016899425.1	KEDGBJ_06967	True	True	9
GCF_016899425.1|KEDGBJ_06968	GCF_016899425.1	KEDGBJ_06968	True	True	2
GCF_016899425.1|KEDGBJ_06969	GCF_016899425.1	KEDGBJ_06969	True	True	5
GCF_016899425.1|KEDGBJ_06970	GCF_016899425.1	KEDGBJ_06970	True	True	7
GCF_016899425.1|KEDGBJ_06971	GCF_016899425.1	KEDGBJ_06971	True	True	5
GCF_016899425.1|KEDGBJ_06972	GCF_016899425.1	KEDGBJ_06972	True	True	9
GCF_053038975.1|AHCKDM_05812	GCF_053038975.1	AHCKDM_05812	True	True	3
GCF_053038975.1|AHCKDM_05813	GCF_053038975.1	AHCKDM_05813	True	True	6
GCF_053038975.1|AHCKDM_05814	GCF_053038975.1	AHCKDM_05814	True	True	7
GCF_053038975.1|AHCKDM_05815	GCF_053038975.1	AHCKDM_05815	True	True	6
GCF_053038975.1|AHCKDM_05816	GCF_053038975.1	AHCKDM_05816	True	True	4
GCF_053038975.1|AHCKDM_05817	GCF_053038975.1	AHCKDM_05817	True	True	8
GCF_053038975.1|AHCKDM_05818	GCF_053038975.1	AHCKDM_05818	True	True	4
GCF_053038975.1|AHCKDM_05819	GCF_053038975.1	AHCKDM_05819	True	True	1
GCF_053038975.1|AHCKDM_05820	GCF_053038975.1	AHCKDM_05820	True	True	7
GCF_053038975.1|AHCKDM_05821	GCF_053038975.1	AHCKDM_05821	True	True	4
GCF_053038975.1|AHCKDM_05822	GCF_053038975.1	AHCKDM_05822	True	True	1
GCF_053038975.1|AHCKDM_05823	GCF_053038975.1	AHCKDM_05823	True	True	6
GCF_053038975.1|AHCKDM_05824	GCF_053038975.1	AHCKDM_05824	True	True	7
GCF_053038975.1|AHCKDM_05825	GCF_053038975.1	AHCKDM_05825	True	True	6
GCF_053038975.1|AHCKDM_05826	GCF_053038975.1	AHCKDM_05826	True	True	1
GCF_053038975.1|AHCKDM_05827	GCF_053038975.1	AHCKDM_05827	True	True	2
GCF_053038975.1|AHCKDM_05828	GCF_053038975.1	AHCKDM_05828	True	True	7
GCF_053038975.1|AHCKDM_05829	GCF_053038975.1	AHCKDM_05829	True	True	7
GCF_053038975.1|AHCKDM_05830	GCF_053038975.1	AHCKDM_05830	True	True	8
GCF_053038975.1|AHCKDM_05831	GCF_053038975.1	AHCKDM_05831	True	True	7
GCF_053038975.1|AHCKDM_05832	GCF_053038975.1	AHCKDM_05832	True	True	6
GCF_053038975.1|AHCKDM_05833	GCF_053038975.1	AHCKDM_05833	True	True	7
GCF_053038975.1|AHCKDM_05834	GCF_053038975.1	AHCKDM_05834	True	True	8
GCF_053038975.1|AHCKDM_05835	GCF_053038975.1	AHCKDM_05835	True	True	7
GCF_053038975.1|AHCKDM_05836	GCF_053038975.1	AHCKDM_05836	True	True	9
GCF_053038975.1|AHCKDM_05837	GCF_053038975.1	AHCKDM_05837	True	True	6
GCF_053038975.1|AHCKDM_05838	GCF_053038975.1	AHCKDM_05838	True	True	7
GCF_053038975.1|AHCKDM_05839	GCF_053038975.1	AHCKDM_05839	True	True	4
GCF_053038975.1|AHCKDM_05840	GCF_053038975.1	AHCKDM_05840	True	True	8
GCF_053038975.1|AHCKDM_05841	GCF_053038975.1	AHCKDM_05841	True	True	9
GCF_053038975.1|AHCKDM_05842	GCF_053038975.1	AHCKDM_05842	True	True	5
GCF_053038975.1|AHCKDM_05843	GCF_053038975.1	AHCKDM_05843	True	True	6
GCF_053038975.1|AHCKDM_05844	GCF_053038975.1	AHCKDM_05844	True	True	2
GCF_053038975.1|AHCKDM_05845	GCF_053038975.1	AHCKDM_05845	True	True	6
GCF_053038975.1|AHCKDM_05846	GCF_053038975.1	AHCKDM_05846	True	True	7
GCF_053038975.1|AHCKDM_05847	GCF_053038975.1	AHCKDM_05847	True	True	7
GCF_053038975.1|AHCKDM_05848	GCF_053038975.1	AHCKDM_05848	False	False	2
GCF_053038975.1|AHCKDM_05849	GCF_053038975.1	AHCKDM_05849	True	True	6
GCF_053038975.1|AHCKDM_05850	GCF_053038975.1	AHCKDM_05850	True	True	3
GCF_053038975.1|AHCKDM_05851	GCF_053038975.1	AHCKDM_05851	True	True	6
GCF_053038975.1|AHCKDM_05852	GCF_053038975.1	AHCKDM_05852	False	False	1
GCF_053038975.1|AHCKDM_05854	GCF_053038975.1	AHCKDM_05854	True	True	4
GCF_053038975.1|AHCKDM_05855	GCF_053038975.1	AHCKDM_05855	True	True	6
GCF_053038975.1|AHCKDM_05856	GCF_053038975.1	AHCKDM_05856	True	True	8
GCF_053038975.1|AHCKDM_05857	GCF_053038975.1	AHCKDM_05857	True	True	6
GCF_053038975.1|AHCKDM_05858	GCF_053038975.1	AHCKDM_05858	True	True	5
GCF_053038975.1|AHCKDM_05859	GCF_053038975.1	AHCKDM_05859	True	True	5
GCF_053038975.1|AHCKDM_05860	GCF_053038975.1	AHCKDM_05860	True	True	2
GCF_053038975.1|AHCKDM_05861	GCF_053038975.1	AHCKDM_05861	True	True	2
GCF_053038975.1|AHCKDM_05862	GCF_053038975.1	AHCKDM_05862	False	False	1
GCF_053038975.1|AHCKDM_05863	GCF_053038975.1	AHCKDM_05863	True	True	8
GCF_053038975.1|AHCKDM_05864	GCF_053038975.1	AHCKDM_05864	True	True	6
GCF_053038975.1|AHCKDM_05865	GCF_053038975.1	AHCKDM_05865	True	True	7
GCF_053038975.1|AHCKDM_05866	GCF_053038975.1	AHCKDM_05866	True	True	5
GCF_053038975.1|AHCKDM_05867	GCF_053038975.1	AHCKDM_05867	True	True	3
GCF_053038975.1|AHCKDM_05868	GCF_053038975.1	AHCKDM_05868	True	True	8
GCF_053038975.1|AHCKDM_05869	GCF_053038975.1	AHCKDM_05869	True	True	10
GCF_053038975.1|AHCKDM_05870	GCF_053038975.1	AHCKDM_05870	True	True	7
GCF_053038975.1|AHCKDM_05871	GCF_053038975.1	AHCKDM_05871	True	True	7
GCF_053038975.1|AHCKDM_05872	GCF_053038975.1	AHCKDM_05872	False	False	1
GCF_053038975.1|AHCKDM_05873	GCF_053038975.1	AHCKDM_05873	True	True	2
GCF_053038975.1|AHCKDM_05874	GCF_053038975.1	AHCKDM_05874	True	True	5
GCF_053038975.1|AHCKDM_05875	GCF_053038975.1	AHCKDM_05875	True	True	6
GCF_053038975.1|AHCKDM_05876	GCF_053038975.1	AHCKDM_05876	True	True	7
GCF_053038975.1|AHCKDM_05877	GCF_053038975.1	AHCKDM_05877	True	True	7
GCF_053038975.1|AHCKDM_05878	GCF_053038975.1	AHCKDM_05878	True	True	10
GCF_053038975.1|AHCKDM_05879	GCF_053038975.1	AHCKDM_05879	True	True	5
GCF_053038975.1|AHCKDM_05880	GCF_053038975.1	AHCKDM_05880	True	True	10
GCF_053038975.1|AHCKDM_05881	GCF_053038975.1	AHCKDM_05881	True	True	6
GCF_053038975.1|AHCKDM_05882	GCF_053038975.1	AHCKDM_05882	True	True	6
GCF_053038975.1|AHCKDM_05883	GCF_053038975.1	AHCKDM_05883	True	True	8
GCF_053038975.1|AHCKDM_05885	GCF_053038975.1	AHCKDM_05885	True	True	6
GCF_053038975.1|AHCKDM_05886	GCF_053038975.1	AHCKDM_05886	True	True	8
GCF_053038975.1|AHCKDM_05887	GCF_053038975.1	AHCKDM_05887	True	True	6
GCF_053038975.1|AHCKDM_05888	GCF_053038975.1	AHCKDM_05888	True	True	3
GCF_053038975.1|AHCKDM_05889	GCF_053038975.1	AHCKDM_05889	True	True	4
GCF_053038975.1|AHCKDM_05890	GCF_053038975.1	AHCKDM_05890	True	True	8
GCF_053038975.1|AHCKDM_05891	GCF_053038975.1	AHCKDM_05891	True	True	8
GCF_053038975.1|AHCKDM_05892	GCF_053038975.1	AHCKDM_05892	True	True	7
GCF_053038975.1|AHCKDM_05893	GCF_053038975.1	AHCKDM_05893	True	True	2
GCF_053038975.1|AHCKDM_05894	GCF_053038975.1	AHCKDM_05894	True	True	4
GCF_053038975.1|AHCKDM_05896	GCF_053038975.1	AHCKDM_05896	False	False	2
GCF_053038975.1|AHCKDM_05897	GCF_053038975.1	AHCKDM_05897	True	True	4
GCF_053038975.1|AHCKDM_05898	GCF_053038975.1	AHCKDM_05898	True	True	4
GCF_053038975.1|AHCKDM_05899	GCF_053038975.1	AHCKDM_05899	True	True	1
GCF_053038975.1|AHCKDM_05901	GCF_053038975.1	AHCKDM_05901	True	True	6
GCF_053038975.1|AHCKDM_05902	GCF_053038975.1	AHCKDM_05902	True	True	6
GCF_053038975.1|AHCKDM_05903	GCF_053038975.1	AHCKDM_05903	True	True	6
GCF_053038975.1|AHCKDM_05904	GCF_053038975.1	AHCKDM_05904	True	True	8
GCF_053038975.1|AHCKDM_05905	GCF_053038975.1	AHCKDM_05905	True	True	7
GCF_053038975.1|AHCKDM_05906	GCF_053038975.1	AHCKDM_05906	True	True	2
GCF_053038975.1|AHCKDM_05907	GCF_053038975.1	AHCKDM_05907	True	True	5
GCF_053038975.1|AHCKDM_05908	GCF_053038975.1	AHCKDM_05908	True	True	5
GCF_053038975.1|AHCKDM_05909	GCF_053038975.1	AHCKDM_05909	True	True	8
GCF_053038975.1|AHCKDM_05910	GCF_053038975.1	AHCKDM_05910	True	True	7
GCF_053038975.1|AHCKDM_05911	GCF_053038975.1	AHCKDM_05911	True	True	8
GCF_053038975.1|AHCKDM_05912	GCF_053038975.1	AHCKDM_05912	True	True	3
GCF_053038975.1|AHCKDM_05913	GCF_053038975.1	AHCKDM_05913	True	True	4
GCF_053038975.1|AHCKDM_05914	GCF_053038975.1	AHCKDM_05914	True	True	7
GCF_053038975.1|AHCKDM_05915	GCF_053038975.1	AHCKDM_05915	True	True	6
GCF_053038975.1|AHCKDM_05916	GCF_053038975.1	AHCKDM_05916	True	True	6
GCF_053038975.1|AHCKDM_05917	GCF_053038975.1	AHCKDM_05917	True	True	7
GCF_053038975.1|AHCKDM_05918	GCF_053038975.1	AHCKDM_05918	True	True	7
GCF_053038975.1|AHCKDM_05921	GCF_053038975.1	AHCKDM_05921	True	True	6
GCF_053038975.1|AHCKDM_05922	GCF_053038975.1	AHCKDM_05922	True	True	10
GCF_053038975.1|AHCKDM_05923	GCF_053038975.1	AHCKDM_05923	True	True	3
GCF_053038975.1|AHCKDM_05924	GCF_053038975.1	AHCKDM_05924	True	True	7
GCF_053038975.1|AHCKDM_05925	GCF_053038975.1	AHCKDM_05925	True	True	5
GCF_053038975.1|AHCKDM_05926	GCF_053038975.1	AHCKDM_05926	True	True	3
GCF_053038975.1|AHCKDM_05927	GCF_053038975.1	AHCKDM_05927	True	True	7
GCF_053038975.1|AHCKDM_05928	GCF_053038975.1	AHCKDM_05928	True	True	4
GCF_053038975.1|AHCKDM_05929	GCF_053038975.1	AHCKDM_05929	True	True	7
GCF_053038975.1|AHCKDM_05930	GCF_053038975.1	AHCKDM_05930	True	True	5
GCF_053038975.1|AHCKDM_05931	GCF_053038975.1	AHCKDM_05931	True	True	6
GCF_053038975.1|AHCKDM_05932	GCF_053038975.1	AHCKDM_05932	True	True	5
GCF_053038975.1|AHCKDM_05934	GCF_053038975.1	AHCKDM_05934	True	True	3
GCF_053038975.1|AHCKDM_05935	GCF_053038975.1	AHCKDM_05935	True	True	3
GCF_053038975.1|AHCKDM_05936	GCF_053038975.1	AHCKDM_05936	True	True	6
GCF_053038975.1|AHCKDM_05937	GCF_053038975.1	AHCKDM_05937	True	True	3
GCF_053038975.1|AHCKDM_05938	GCF_053038975.1	AHCKDM_05938	True	True	4
GCF_053038975.1|AHCKDM_05939	GCF_053038975.1	AHCKDM_05939	False	False	1
GCF_053038975.1|AHCKDM_05940	GCF_053038975.1	AHCKDM_05940	True	True	5
GCF_053038975.1|AHCKDM_05942	GCF_053038975.1	AHCKDM_05942	True	True	3
GCF_053038975.1|AHCKDM_05943	GCF_053038975.1	AHCKDM_05943	True	True	6
GCF_053038975.1|AHCKDM_05944	GCF_053038975.1	AHCKDM_05944	True	True	4
GCF_053038975.1|AHCKDM_05945	GCF_053038975.1	AHCKDM_05945	True	True	5
GCF_053038975.1|AHCKDM_05946	GCF_053038975.1	AHCKDM_05946	True	True	4
GCF_053038975.1|AHCKDM_05947	GCF_053038975.1	AHCKDM_05947	True	True	4
GCF_053038975.1|AHCKDM_05948	GCF_053038975.1	AHCKDM_05948	True	True	2
GCF_053038975.1|AHCKDM_05949	GCF_053038975.1	AHCKDM_05949	True	True	6
GCF_053038975.1|AHCKDM_05950	GCF_053038975.1	AHCKDM_05950	True	True	5
GCF_053038975.1|AHCKDM_05951	GCF_053038975.1	AHCKDM_05951	True	True	3
GCF_053038975.1|AHCKDM_05952	GCF_053038975.1	AHCKDM_05952	True	True	4
GCF_053038975.1|AHCKDM_05953	GCF_053038975.1	AHCKDM_05953	False	False	1
GCF_053038975.1|AHCKDM_05955	GCF_053038975.1	AHCKDM_05955	True	True	4
GCF_053038975.1|AHCKDM_05957	GCF_053038975.1	AHCKDM_05957	False	False	1
GCF_053038975.1|AHCKDM_05958	GCF_053038975.1	AHCKDM_05958	True	True	4
GCF_053038975.1|AHCKDM_05959	GCF_053038975.1	AHCKDM_05959	True	True	2
GCF_053038975.1|AHCKDM_05960	GCF_053038975.1	AHCKDM_05960	True	True	8
GCF_053038975.1|AHCKDM_05961	GCF_053038975.1	AHCKDM_05961	True	True	6
GCF_053038975.1|AHCKDM_05962	GCF_053038975.1	AHCKDM_05962	True	True	3
GCF_053038975.1|AHCKDM_05963	GCF_053038975.1	AHCKDM_05963	True	True	2
GCF_053038975.1|AHCKDM_05964	GCF_053038975.1	AHCKDM_05964	True	True	8
GCF_053038975.1|AHCKDM_05965	GCF_053038975.1	AHCKDM_05965	True	True	5
GCF_053038975.1|AHCKDM_05966	GCF_053038975.1	AHCKDM_05966	True	True	9
GCF_053038975.1|AHCKDM_05967	GCF_053038975.1	AHCKDM_05967	True	True	6
GCF_053038975.1|AHCKDM_05968	GCF_053038975.1	AHCKDM_05968	True	True	5
GCF_053038975.1|AHCKDM_05969	GCF_053038975.1	AHCKDM_05969	True	True	8
GCF_053038975.1|AHCKDM_05970	GCF_053038975.1	AHCKDM_05970	True	True	3
GCF_053038975.1|AHCKDM_05971	GCF_053038975.1	AHCKDM_05971	True	True	5
GCF_053038975.1|AHCKDM_05973	GCF_053038975.1	AHCKDM_05973	True	True	8
GCF_053038975.1|AHCKDM_05974	GCF_053038975.1	AHCKDM_05974	True	True	8
GCF_053038975.1|AHCKDM_05975	GCF_053038975.1	AHCKDM_05975	True	True	6
GCF_053038975.1|AHCKDM_05976	GCF_053038975.1	AHCKDM_05976	True	True	8
GCF_053038975.1|AHCKDM_05978	GCF_053038975.1	AHCKDM_05978	True	True	1
GCF_053038975.1|AHCKDM_05979	GCF_053038975.1	AHCKDM_05979	True	True	7
GCF_053038975.1|AHCKDM_05980	GCF_053038975.1	AHCKDM_05980	True	True	7
GCF_053038975.1|AHCKDM_05981	GCF_053038975.1	AHCKDM_05981	True	True	6
GCF_053038975.1|AHCKDM_05982	GCF_053038975.1	AHCKDM_05982	True	True	6
GCF_053038975.1|AHCKDM_05983	GCF_053038975.1	AHCKDM_05983	True	True	4
GCF_053038975.1|AHCKDM_05984	GCF_053038975.1	AHCKDM_05984	True	True	7
GCF_053038975.1|AHCKDM_05985	GCF_053038975.1	AHCKDM_05985	True	True	7
GCF_053038975.1|AHCKDM_05986	GCF_053038975.1	AHCKDM_05986	True	True	8
GCF_053038975.1|AHCKDM_05987	GCF_053038975.1	AHCKDM_05987	True	True	6
GCF_053038975.1|AHCKDM_05988	GCF_053038975.1	AHCKDM_05988	True	True	8
GCF_053038975.1|AHCKDM_05989	GCF_053038975.1	AHCKDM_05989	True	True	7
GCF_053038975.1|AHCKDM_05990	GCF_053038975.1	AHCKDM_05990	True	True	8
GCF_053038975.1|AHCKDM_05991	GCF_053038975.1	AHCKDM_05991	True	True	5
GCF_053038975.1|AHCKDM_05992	GCF_053038975.1	AHCKDM_05992	True	True	7
GCF_053038975.1|AHCKDM_05993	GCF_053038975.1	AHCKDM_05993	True	True	6
GCF_053038975.1|AHCKDM_05994	GCF_053038975.1	AHCKDM_05994	True	True	7
GCF_053038975.1|AHCKDM_05995	GCF_053038975.1	AHCKDM_05995	True	True	9
GCF_053038975.1|AHCKDM_05996	GCF_053038975.1	AHCKDM_05996	True	True	6
GCF_053038975.1|AHCKDM_05997	GCF_053038975.1	AHCKDM_05997	True	True	7
GCF_053038975.1|AHCKDM_05998	GCF_053038975.1	AHCKDM_05998	True	True	6
GCF_053038975.1|AHCKDM_06000	GCF_053038975.1	AHCKDM_06000	True	True	7
GCF_053038975.1|AHCKDM_06003	GCF_053038975.1	AHCKDM_06003	True	True	1
GCF_053038975.1|AHCKDM_06004	GCF_053038975.1	AHCKDM_06004	True	True	4
GCF_053038975.1|AHCKDM_06005	GCF_053038975.1	AHCKDM_06005	True	True	1
GCF_053038975.1|AHCKDM_06006	GCF_053038975.1	AHCKDM_06006	True	True	2
GCF_053038975.1|AHCKDM_06007	GCF_053038975.1	AHCKDM_06007	True	True	4
GCF_053038975.1|AHCKDM_06008	GCF_053038975.1	AHCKDM_06008	True	True	5
GCF_053038975.1|AHCKDM_06009	GCF_053038975.1	AHCKDM_06009	True	True	5
GCF_053038975.1|AHCKDM_06010	GCF_053038975.1	AHCKDM_06010	True	True	7
GCF_053038975.1|AHCKDM_06011	GCF_053038975.1	AHCKDM_06011	True	True	6
GCF_053038975.1|AHCKDM_06012	GCF_053038975.1	AHCKDM_06012	True	True	5
GCF_053038975.1|AHCKDM_06013	GCF_053038975.1	AHCKDM_06013	True	True	7
GCF_053038975.1|AHCKDM_06014	GCF_053038975.1	AHCKDM_06014	True	True	6
GCF_053038975.1|AHCKDM_06016	GCF_053038975.1	AHCKDM_06016	True	True	6
GCF_053038975.1|AHCKDM_06017	GCF_053038975.1	AHCKDM_06017	True	True	8
GCF_053038975.1|AHCKDM_06018	GCF_053038975.1	AHCKDM_06018	True	True	10
GCF_053038975.1|AHCKDM_06019	GCF_053038975.1	AHCKDM_06019	True	True	5
GCF_053038975.1|AHCKDM_06020	GCF_053038975.1	AHCKDM_06020	True	True	9
GCF_053038975.1|AHCKDM_06022	GCF_053038975.1	AHCKDM_06022	False	False	1
GCF_053038975.1|AHCKDM_06023	GCF_053038975.1	AHCKDM_06023	True	True	6
GCF_053038975.1|AHCKDM_06024	GCF_053038975.1	AHCKDM_06024	True	True	3
GCF_053038975.1|AHCKDM_06025	GCF_053038975.1	AHCKDM_06025	True	True	3
GCF_053038975.1|AHCKDM_06027	GCF_053038975.1	AHCKDM_06027	True	True	10
GCF_053038975.1|AHCKDM_06028	GCF_053038975.1	AHCKDM_06028	True	True	5
GCF_053038975.1|AHCKDM_06029	GCF_053038975.1	AHCKDM_06029	True	True	6
GCF_053038975.1|AHCKDM_06030	GCF_053038975.1	AHCKDM_06030	True	True	8
GCF_053038975.1|AHCKDM_06031	GCF_053038975.1	AHCKDM_06031	True	True	5
GCF_053038975.1|AHCKDM_06032	GCF_053038975.1	AHCKDM_06032	True	True	4
GCF_053038975.1|AHCKDM_06033	GCF_053038975.1	AHCKDM_06033	True	True	8
GCF_053038975.1|AHCKDM_06034	GCF_053038975.1	AHCKDM_06034	True	True	9
GCF_053038975.1|AHCKDM_06035	GCF_053038975.1	AHCKDM_06035	True	True	7
GCF_053038975.1|AHCKDM_06036	GCF_053038975.1	AHCKDM_06036	True	True	7
GCF_053038975.1|AHCKDM_06037	GCF_053038975.1	AHCKDM_06037	True	True	8
GCF_053038975.1|AHCKDM_06038	GCF_053038975.1	AHCKDM_06038	True	True	7
GCF_053038975.1|AHCKDM_06039	GCF_053038975.1	AHCKDM_06039	True	True	7
GCF_053038975.1|AHCKDM_06040	GCF_053038975.1	AHCKDM_06040	True	True	8
GCF_053038975.1|AHCKDM_06041	GCF_053038975.1	AHCKDM_06041	True	True	4
GCF_053038975.1|AHCKDM_06042	GCF_053038975.1	AHCKDM_06042	True	True	4
GCF_053038975.1|AHCKDM_06043	GCF_053038975.1	AHCKDM_06043	True	True	7
GCF_053038975.1|AHCKDM_06044	GCF_053038975.1	AHCKDM_06044	True	True	7
GCF_053038975.1|AHCKDM_06045	GCF_053038975.1	AHCKDM_06045	True	True	8
GCF_053038975.1|AHCKDM_06046	GCF_053038975.1	AHCKDM_06046	True	True	5
GCF_053038975.1|AHCKDM_06047	GCF_053038975.1	AHCKDM_06047	True	True	7
GCF_053038975.1|AHCKDM_06048	GCF_053038975.1	AHCKDM_06048	True	True	6
GCF_053038975.1|AHCKDM_06049	GCF_053038975.1	AHCKDM_06049	True	True	2
GCF_053038975.1|AHCKDM_06050	GCF_053038975.1	AHCKDM_06050	True	True	3
GCF_053038975.1|AHCKDM_06053	GCF_053038975.1	AHCKDM_06053	True	True	5
GCF_053038975.1|AHCKDM_06054	GCF_053038975.1	AHCKDM_06054	True	True	8
GCF_053038975.1|AHCKDM_06055	GCF_053038975.1	AHCKDM_06055	True	True	4
GCF_053038975.1|AHCKDM_06056	GCF_053038975.1	AHCKDM_06056	True	True	5
GCF_053038975.1|AHCKDM_06057	GCF_053038975.1	AHCKDM_06057	True	True	4
GCF_053038975.1|AHCKDM_06058	GCF_053038975.1	AHCKDM_06058	True	True	6
GCF_053038975.1|AHCKDM_06059	GCF_053038975.1	AHCKDM_06059	True	True	6
GCF_053038975.1|AHCKDM_06060	GCF_053038975.1	AHCKDM_06060	True	True	4
GCF_053038975.1|AHCKDM_06061	GCF_053038975.1	AHCKDM_06061	True	True	6
GCF_053038975.1|AHCKDM_06062	GCF_053038975.1	AHCKDM_06062	True	True	5
GCF_053038975.1|AHCKDM_06063	GCF_053038975.1	AHCKDM_06063	True	True	4
GCF_053038975.1|AHCKDM_06064	GCF_053038975.1	AHCKDM_06064	True	True	6
GCF_053038975.1|AHCKDM_06065	GCF_053038975.1	AHCKDM_06065	True	True	1
GCF_053038975.1|AHCKDM_06066	GCF_053038975.1	AHCKDM_06066	True	True	6
GCF_053038975.1|AHCKDM_06067	GCF_053038975.1	AHCKDM_06067	True	True	6
GCF_053038975.1|AHCKDM_06068	GCF_053038975.1	AHCKDM_06068	True	True	6
GCF_053038975.1|AHCKDM_06069	GCF_053038975.1	AHCKDM_06069	True	True	4
GCF_053038975.1|AHCKDM_06070	GCF_053038975.1	AHCKDM_06070	True	True	6
GCF_053038975.1|AHCKDM_06071	GCF_053038975.1	AHCKDM_06071	True	True	2
GCF_053038975.1|AHCKDM_06072	GCF_053038975.1	AHCKDM_06072	True	True	2
GCF_053038975.1|AHCKDM_06073	GCF_053038975.1	AHCKDM_06073	True	True	2
GCF_053038975.1|AHCKDM_06074	GCF_053038975.1	AHCKDM_06074	True	True	6
GCF_053038975.1|AHCKDM_06075	GCF_053038975.1	AHCKDM_06075	True	True	1
GCF_053038975.1|AHCKDM_06076	GCF_053038975.1	AHCKDM_06076	True	True	1
GCF_053038975.1|AHCKDM_06078	GCF_053038975.1	AHCKDM_06078	True	True	1
GCF_053038975.1|AHCKDM_06079	GCF_053038975.1	AHCKDM_06079	True	True	1
GCF_053038975.1|AHCKDM_06081	GCF_053038975.1	AHCKDM_06081	True	True	3
GCF_053038975.1|AHCKDM_06082	GCF_053038975.1	AHCKDM_06082	True	True	3
GCF_053038975.1|AHCKDM_06083	GCF_053038975.1	AHCKDM_06083	True	True	4
GCF_053038975.1|AHCKDM_06084	GCF_053038975.1	AHCKDM_06084	True	True	4
GCF_053038975.1|AHCKDM_06085	GCF_053038975.1	AHCKDM_06085	True	False	1
GCF_053038975.1|AHCKDM_06086	GCF_053038975.1	AHCKDM_06086	True	True	1
GCF_053038975.1|AHCKDM_06087	GCF_053038975.1	AHCKDM_06087	True	True	1
GCF_053038975.1|AHCKDM_06088	GCF_053038975.1	AHCKDM_06088	True	True	1
GCF_053038975.1|AHCKDM_06089	GCF_053038975.1	AHCKDM_06089	True	True	5
GCF_053038975.1|AHCKDM_06090	GCF_053038975.1	AHCKDM_06090	True	True	8
GCF_053038975.1|AHCKDM_06091	GCF_053038975.1	AHCKDM_06091	True	True	3
GCF_053038975.1|AHCKDM_06092	GCF_053038975.1	AHCKDM_06092	True	True	2
GCF_053038975.1|AHCKDM_06093	GCF_053038975.1	AHCKDM_06093	True	True	1
GCF_053038975.1|AHCKDM_06094	GCF_053038975.1	AHCKDM_06094	True	True	5
GCF_053038975.1|AHCKDM_06095	GCF_053038975.1	AHCKDM_06095	True	True	3
GCF_053038975.1|AHCKDM_06096	GCF_053038975.1	AHCKDM_06096	True	True	8
GCF_053038975.1|AHCKDM_06097	GCF_053038975.1	AHCKDM_06097	True	True	4
GCF_053038975.1|AHCKDM_06098	GCF_053038975.1	AHCKDM_06098	True	True	6
GCF_053038975.1|AHCKDM_06099	GCF_053038975.1	AHCKDM_06099	True	True	6
GCF_053038975.1|AHCKDM_06100	GCF_053038975.1	AHCKDM_06100	True	True	9
GCF_053038975.1|AHCKDM_06101	GCF_053038975.1	AHCKDM_06101	True	True	10
GCF_053038975.1|AHCKDM_06102	GCF_053038975.1	AHCKDM_06102	True	True	8
GCF_053038975.1|AHCKDM_06103	GCF_053038975.1	AHCKDM_06103	True	True	11
GCF_053038975.1|AHCKDM_06104	GCF_053038975.1	AHCKDM_06104	True	True	7
GCF_053038975.1|AHCKDM_06105	GCF_053038975.1	AHCKDM_06105	True	True	6
GCF_053038975.1|AHCKDM_06106	GCF_053038975.1	AHCKDM_06106	True	True	5
GCF_053038975.1|AHCKDM_06107	GCF_053038975.1	AHCKDM_06107	True	True	4
GCF_053038975.1|AHCKDM_06109	GCF_053038975.1	AHCKDM_06109	True	True	5
GCF_053038975.1|AHCKDM_06110	GCF_053038975.1	AHCKDM_06110	True	True	7
GCF_053038975.1|AHCKDM_06111	GCF_053038975.1	AHCKDM_06111	True	True	8
GCF_053038975.1|AHCKDM_06112	GCF_053038975.1	AHCKDM_06112	True	True	5
GCF_053038975.1|AHCKDM_06113	GCF_053038975.1	AHCKDM_06113	True	True	5
GCF_053038975.1|AHCKDM_06114	GCF_053038975.1	AHCKDM_06114	True	True	4
GCF_053038975.1|AHCKDM_06117	GCF_053038975.1	AHCKDM_06117	True	True	9
GCF_053038975.1|AHCKDM_06118	GCF_053038975.1	AHCKDM_06118	True	True	5
GCF_053038975.1|AHCKDM_06119	GCF_053038975.1	AHCKDM_06119	True	True	8
GCF_053038975.1|AHCKDM_06120	GCF_053038975.1	AHCKDM_06120	True	True	8
GCF_053038975.1|AHCKDM_06121	GCF_053038975.1	AHCKDM_06121	True	True	8
GCF_053038975.1|AHCKDM_06122	GCF_053038975.1	AHCKDM_06122	True	True	7
GCF_053038975.1|AHCKDM_06123	GCF_053038975.1	AHCKDM_06123	True	True	7
GCF_053038975.1|AHCKDM_06124	GCF_053038975.1	AHCKDM_06124	True	True	6
GCF_053038975.1|AHCKDM_06125	GCF_053038975.1	AHCKDM_06125	True	True	7
GCF_053038975.1|AHCKDM_06126	GCF_053038975.1	AHCKDM_06126	True	True	8
GCF_053038975.1|AHCKDM_06127	GCF_053038975.1	AHCKDM_06127	True	True	6
GCF_053038975.1|AHCKDM_06128	GCF_053038975.1	AHCKDM_06128	True	True	7
GCF_053038975.1|AHCKDM_06129	GCF_053038975.1	AHCKDM_06129	True	True	4
GCF_053038975.1|AHCKDM_06130	GCF_053038975.1	AHCKDM_06130	True	True	5
GCF_053038975.1|AHCKDM_06131	GCF_053038975.1	AHCKDM_06131	True	True	7
GCF_053038975.1|AHCKDM_06132	GCF_053038975.1	AHCKDM_06132	True	False	1
GCF_053038975.1|AHCKDM_06133	GCF_053038975.1	AHCKDM_06133	True	True	6
GCF_053038975.1|AHCKDM_06134	GCF_053038975.1	AHCKDM_06134	True	True	3
GCF_053038975.1|AHCKDM_06135	GCF_053038975.1	AHCKDM_06135	True	True	6
GCF_053038975.1|AHCKDM_06136	GCF_053038975.1	AHCKDM_06136	True	True	6
GCF_053038975.1|AHCKDM_06137	GCF_053038975.1	AHCKDM_06137	True	True	5
GCF_053038975.1|AHCKDM_06139	GCF_053038975.1	AHCKDM_06139	True	True	6
GCF_053038975.1|AHCKDM_06140	GCF_053038975.1	AHCKDM_06140	True	True	6
GCF_053038975.1|AHCKDM_06141	GCF_053038975.1	AHCKDM_06141	True	True	6
GCF_053038975.1|AHCKDM_06142	GCF_053038975.1	AHCKDM_06142	True	True	8
GCF_053038975.1|AHCKDM_06143	GCF_053038975.1	AHCKDM_06143	True	True	11
GCF_053038975.1|AHCKDM_06144	GCF_053038975.1	AHCKDM_06144	True	True	8
GCF_053038975.1|AHCKDM_06145	GCF_053038975.1	AHCKDM_06145	True	True	6
GCF_053038975.1|AHCKDM_06146	GCF_053038975.1	AHCKDM_06146	True	True	6
GCF_053038975.1|AHCKDM_06147	GCF_053038975.1	AHCKDM_06147	True	True	7
GCF_053038975.1|AHCKDM_06148	GCF_053038975.1	AHCKDM_06148	True	True	6
GCF_053038975.1|AHCKDM_06150	GCF_053038975.1	AHCKDM_06150	True	True	10
GCF_053038975.1|AHCKDM_06151	GCF_053038975.1	AHCKDM_06151	True	True	5
GCF_053038975.1|AHCKDM_06152	GCF_053038975.1	AHCKDM_06152	True	True	7
GCF_053038975.1|AHCKDM_06153	GCF_053038975.1	AHCKDM_06153	True	True	6
GCF_053038975.1|AHCKDM_06154	GCF_053038975.1	AHCKDM_06154	True	True	1
GCF_053038975.1|AHCKDM_06155	GCF_053038975.1	AHCKDM_06155	True	True	4
GCF_053038975.1|AHCKDM_06156	GCF_053038975.1	AHCKDM_06156	True	True	10
GCF_053038975.1|AHCKDM_06157	GCF_053038975.1	AHCKDM_06157	True	True	5
GCF_053038975.1|AHCKDM_06158	GCF_053038975.1	AHCKDM_06158	True	True	7
GCF_053038975.1|AHCKDM_06159	GCF_053038975.1	AHCKDM_06159	True	True	1
GCF_053038975.1|AHCKDM_06160	GCF_053038975.1	AHCKDM_06160	True	True	5
GCF_053038975.1|AHCKDM_06161	GCF_053038975.1	AHCKDM_06161	True	True	7
GCF_053038975.1|AHCKDM_06162	GCF_053038975.1	AHCKDM_06162	True	True	9
GCF_053038975.1|AHCKDM_06163	GCF_053038975.1	AHCKDM_06163	True	True	5
GCF_053038975.1|AHCKDM_06164	GCF_053038975.1	AHCKDM_06164	True	True	6
GCF_053038975.1|AHCKDM_06165	GCF_053038975.1	AHCKDM_06165	True	True	8
GCF_053038975.1|AHCKDM_06166	GCF_053038975.1	AHCKDM_06166	True	True	4
GCF_053038975.1|AHCKDM_06167	GCF_053038975.1	AHCKDM_06167	True	True	6
GCF_053038975.1|AHCKDM_06168	GCF_053038975.1	AHCKDM_06168	True	True	3
GCF_053038975.1|AHCKDM_06169	GCF_053038975.1	AHCKDM_06169	True	True	5
GCF_053038975.1|AHCKDM_06171	GCF_053038975.1	AHCKDM_06171	True	True	4
GCF_053038975.1|AHCKDM_06172	GCF_053038975.1	AHCKDM_06172	True	True	2
GCF_053038975.1|AHCKDM_06173	GCF_053038975.1	AHCKDM_06173	True	True	5
GCF_053038975.1|AHCKDM_06174	GCF_053038975.1	AHCKDM_06174	True	True	8
GCF_053038975.1|AHCKDM_06175	GCF_053038975.1	AHCKDM_06175	True	True	8
GCF_053038975.1|AHCKDM_06177	GCF_053038975.1	AHCKDM_06177	True	True	8
GCF_053038975.1|AHCKDM_06178	GCF_053038975.1	AHCKDM_06178	True	True	8
GCF_053038975.1|AHCKDM_06179	GCF_053038975.1	AHCKDM_06179	True	True	7
GCF_053038975.1|AHCKDM_06180	GCF_053038975.1	AHCKDM_06180	True	True	8
GCF_053038975.1|AHCKDM_06181	GCF_053038975.1	AHCKDM_06181	True	True	9
GCF_053038975.1|AHCKDM_06182	GCF_053038975.1	AHCKDM_06182	True	True	8
GCF_053038975.1|AHCKDM_06183	GCF_053038975.1	AHCKDM_06183	True	True	10
GCF_053038975.1|AHCKDM_06184	GCF_053038975.1	AHCKDM_06184	True	True	5
GCF_053038975.1|AHCKDM_06186	GCF_053038975.1	AHCKDM_06186	True	True	6
GCF_053038975.1|AHCKDM_06187	GCF_053038975.1	AHCKDM_06187	True	True	9
GCF_053038975.1|AHCKDM_06188	GCF_053038975.1	AHCKDM_06188	True	True	10
GCF_053038975.1|AHCKDM_06189	GCF_053038975.1	AHCKDM_06189	False	False	1
GCF_053038975.1|AHCKDM_06191	GCF_053038975.1	AHCKDM_06191	True	True	5
GCF_053038975.1|AHCKDM_06192	GCF_053038975.1	AHCKDM_06192	True	True	4
GCF_053038975.1|AHCKDM_06193	GCF_053038975.1	AHCKDM_06193	True	True	8
GCF_053038975.1|AHCKDM_06194	GCF_053038975.1	AHCKDM_06194	True	True	6
GCF_053038975.1|AHCKDM_06195	GCF_053038975.1	AHCKDM_06195	True	True	6
GCF_053038975.1|AHCKDM_06196	GCF_053038975.1	AHCKDM_06196	True	True	4
GCF_053038975.1|AHCKDM_06197	GCF_053038975.1	AHCKDM_06197	True	True	5
GCF_053038975.1|AHCKDM_06198	GCF_053038975.1	AHCKDM_06198	True	True	3
GCF_053038975.1|AHCKDM_06199	GCF_053038975.1	AHCKDM_06199	True	True	5
GCF_053038975.1|AHCKDM_06200	GCF_053038975.1	AHCKDM_06200	True	True	7
GCF_053038975.1|AHCKDM_06201	GCF_053038975.1	AHCKDM_06201	True	True	4
GCF_053038975.1|AHCKDM_06202	GCF_053038975.1	AHCKDM_06202	True	True	6
GCF_053038975.1|AHCKDM_06203	GCF_053038975.1	AHCKDM_06203	True	True	6
GCF_053038975.1|AHCKDM_06204	GCF_053038975.1	AHCKDM_06204	True	True	5
GCF_053038975.1|AHCKDM_06205	GCF_053038975.1	AHCKDM_06205	True	True	6
GCF_053038975.1|AHCKDM_06206	GCF_053038975.1	AHCKDM_06206	True	True	4
GCF_053038975.1|AHCKDM_06207	GCF_053038975.1	AHCKDM_06207	True	True	9
GCF_053038975.1|AHCKDM_06208	GCF_053038975.1	AHCKDM_06208	True	True	6
GCF_053038975.1|AHCKDM_06209	GCF_053038975.1	AHCKDM_06209	True	True	4
GCF_053038975.1|AHCKDM_06211	GCF_053038975.1	AHCKDM_06211	True	True	5
GCF_053038975.1|AHCKDM_06212	GCF_053038975.1	AHCKDM_06212	True	True	7
GCF_053038975.1|AHCKDM_06213	GCF_053038975.1	AHCKDM_06213	True	True	8
GCF_053038975.1|AHCKDM_06214	GCF_053038975.1	AHCKDM_06214	True	True	9
GCF_053038975.1|AHCKDM_06215	GCF_053038975.1	AHCKDM_06215	True	True	3
GCF_053038975.1|AHCKDM_06216	GCF_053038975.1	AHCKDM_06216	True	True	5
GCF_053038975.1|AHCKDM_06217	GCF_053038975.1	AHCKDM_06217	True	True	5
GCF_053038975.1|AHCKDM_06218	GCF_053038975.1	AHCKDM_06218	True	True	4
GCF_053038975.1|AHCKDM_06219	GCF_053038975.1	AHCKDM_06219	True	True	6
GCF_053038975.1|AHCKDM_06220	GCF_053038975.1	AHCKDM_06220	True	True	4
GCF_053038975.1|AHCKDM_06221	GCF_053038975.1	AHCKDM_06221	True	True	5
GCF_053038975.1|AHCKDM_06222	GCF_053038975.1	AHCKDM_06222	False	False	1
GCF_053038975.1|AHCKDM_06223	GCF_053038975.1	AHCKDM_06223	True	True	6
GCF_053038975.1|AHCKDM_06224	GCF_053038975.1	AHCKDM_06224	True	True	10
GCF_053038975.1|AHCKDM_06225	GCF_053038975.1	AHCKDM_06225	True	True	9
GCF_053038975.1|AHCKDM_06226	GCF_053038975.1	AHCKDM_06226	True	True	4
GCF_053038975.1|AHCKDM_06227	GCF_053038975.1	AHCKDM_06227	True	True	6
GCF_053038975.1|AHCKDM_06228	GCF_053038975.1	AHCKDM_06228	True	True	8
GCF_053038975.1|AHCKDM_06229	GCF_053038975.1	AHCKDM_06229	True	True	7
GCF_053038975.1|AHCKDM_06230	GCF_053038975.1	AHCKDM_06230	True	True	5
GCF_053038975.1|AHCKDM_06231	GCF_053038975.1	AHCKDM_06231	True	True	7
GCF_053038975.1|AHCKDM_06232	GCF_053038975.1	AHCKDM_06232	True	True	4
GCF_053038975.1|AHCKDM_06233	GCF_053038975.1	AHCKDM_06233	True	True	7
GCF_053038975.1|AHCKDM_06234	GCF_053038975.1	AHCKDM_06234	True	True	6
GCF_053038975.1|AHCKDM_06235	GCF_053038975.1	AHCKDM_06235	True	True	4
GCF_053038975.1|AHCKDM_06236	GCF_053038975.1	AHCKDM_06236	True	True	1
GCF_053038975.1|AHCKDM_06237	GCF_053038975.1	AHCKDM_06237	True	True	8
GCF_053038975.1|AHCKDM_06239	GCF_053038975.1	AHCKDM_06239	True	True	4
GCF_053038975.1|AHCKDM_06240	GCF_053038975.1	AHCKDM_06240	True	True	7
GCF_053038975.1|AHCKDM_06241	GCF_053038975.1	AHCKDM_06241	True	True	6
GCF_053038975.1|AHCKDM_06242	GCF_053038975.1	AHCKDM_06242	True	True	7
GCF_053038975.1|AHCKDM_06243	GCF_053038975.1	AHCKDM_06243	True	True	9
GCF_053038975.1|AHCKDM_06244	GCF_053038975.1	AHCKDM_06244	True	True	9
GCF_053038975.1|AHCKDM_06245	GCF_053038975.1	AHCKDM_06245	True	True	5
GCF_053038975.1|AHCKDM_06246	GCF_053038975.1	AHCKDM_06246	True	True	6
GCF_053038975.1|AHCKDM_06247	GCF_053038975.1	AHCKDM_06247	True	True	7
GCF_053038975.1|AHCKDM_06248	GCF_053038975.1	AHCKDM_06248	True	True	10
GCF_053038975.1|AHCKDM_06249	GCF_053038975.1	AHCKDM_06249	True	True	8
GCF_053038975.1|AHCKDM_06250	GCF_053038975.1	AHCKDM_06250	True	True	6
GCF_053038975.1|AHCKDM_06251	GCF_053038975.1	AHCKDM_06251	True	True	7
GCF_053038975.1|AHCKDM_06252	GCF_053038975.1	AHCKDM_06252	True	True	9
GCF_053038975.1|AHCKDM_06253	GCF_053038975.1	AHCKDM_06253	True	True	4
GCF_053038975.1|AHCKDM_06254	GCF_053038975.1	AHCKDM_06254	True	True	7
GCF_053038975.1|AHCKDM_06255	GCF_053038975.1	AHCKDM_06255	True	True	4
GCF_053038975.1|AHCKDM_06256	GCF_053038975.1	AHCKDM_06256	True	True	4
GCF_053038975.1|AHCKDM_06257	GCF_053038975.1	AHCKDM_06257	True	True	4
GCF_053038975.1|AHCKDM_06258	GCF_053038975.1	AHCKDM_06258	True	True	7
GCF_053038975.1|AHCKDM_06259	GCF_053038975.1	AHCKDM_06259	True	True	8
GCF_053038975.1|AHCKDM_06260	GCF_053038975.1	AHCKDM_06260	True	True	6
GCF_053038975.1|AHCKDM_06261	GCF_053038975.1	AHCKDM_06261	True	True	5
GCF_053038975.1|AHCKDM_06262	GCF_053038975.1	AHCKDM_06262	True	True	7
GCF_053038975.1|AHCKDM_06263	GCF_053038975.1	AHCKDM_06263	True	True	9
GCF_053038975.1|AHCKDM_06264	GCF_053038975.1	AHCKDM_06264	True	True	9
GCF_053038975.1|AHCKDM_06265	GCF_053038975.1	AHCKDM_06265	True	True	4
GCF_053038975.1|AHCKDM_06266	GCF_053038975.1	AHCKDM_06266	True	True	9
GCF_053038975.1|AHCKDM_06267	GCF_053038975.1	AHCKDM_06267	True	True	8
GCF_053038975.1|AHCKDM_06269	GCF_053038975.1	AHCKDM_06269	True	True	7
GCF_053038975.1|AHCKDM_06270	GCF_053038975.1	AHCKDM_06270	True	True	6
GCF_053038975.1|AHCKDM_06271	GCF_053038975.1	AHCKDM_06271	False	False	1
GCF_053038975.1|AHCKDM_06272	GCF_053038975.1	AHCKDM_06272	True	True	7
GCF_053038975.1|AHCKDM_06273	GCF_053038975.1	AHCKDM_06273	True	True	6
GCF_053038975.1|AHCKDM_06274	GCF_053038975.1	AHCKDM_06274	True	True	6
GCF_053038975.1|AHCKDM_06275	GCF_053038975.1	AHCKDM_06275	True	True	7
GCF_053038975.1|AHCKDM_06276	GCF_053038975.1	AHCKDM_06276	True	True	6
GCF_053038975.1|AHCKDM_06277	GCF_053038975.1	AHCKDM_06277	True	True	7
GCF_053038975.1|AHCKDM_06278	GCF_053038975.1	AHCKDM_06278	True	True	8
GCF_053038975.1|AHCKDM_06279	GCF_053038975.1	AHCKDM_06279	True	True	3
GCF_053038975.1|AHCKDM_06280	GCF_053038975.1	AHCKDM_06280	True	True	3
GCF_053038975.1|AHCKDM_06281	GCF_053038975.1	AHCKDM_06281	True	True	5
GCF_053038975.1|AHCKDM_06282	GCF_053038975.1	AHCKDM_06282	True	True	6
GCF_053038975.1|AHCKDM_06283	GCF_053038975.1	AHCKDM_06283	True	True	5
GCF_053038975.1|AHCKDM_06284	GCF_053038975.1	AHCKDM_06284	True	True	4
GCF_053038975.1|AHCKDM_06285	GCF_053038975.1	AHCKDM_06285	True	True	8
GCF_053038975.1|AHCKDM_06286	GCF_053038975.1	AHCKDM_06286	True	True	5
GCF_053038975.1|AHCKDM_06287	GCF_053038975.1	AHCKDM_06287	True	True	7
GCF_053038975.1|AHCKDM_06288	GCF_053038975.1	AHCKDM_06288	True	True	11
GCF_053038975.1|AHCKDM_06289	GCF_053038975.1	AHCKDM_06289	True	True	7
GCF_053038975.1|AHCKDM_06290	GCF_053038975.1	AHCKDM_06290	True	True	6
GCF_053038975.1|AHCKDM_06291	GCF_053038975.1	AHCKDM_06291	True	True	4
GCF_053038975.1|AHCKDM_06292	GCF_053038975.1	AHCKDM_06292	True	True	5
GCF_053038975.1|AHCKDM_06293	GCF_053038975.1	AHCKDM_06293	True	True	5
GCF_053038975.1|AHCKDM_06294	GCF_053038975.1	AHCKDM_06294	False	False	1
GCF_053038975.1|AHCKDM_06295	GCF_053038975.1	AHCKDM_06295	True	True	5
GCF_053038975.1|AHCKDM_06296	GCF_053038975.1	AHCKDM_06296	True	True	7
GCF_053038975.1|AHCKDM_06297	GCF_053038975.1	AHCKDM_06297	True	True	1
GCF_053038975.1|AHCKDM_06298	GCF_053038975.1	AHCKDM_06298	True	True	8
GCF_053038975.1|AHCKDM_06299	GCF_053038975.1	AHCKDM_06299	True	True	7
GCF_053038975.1|AHCKDM_06300	GCF_053038975.1	AHCKDM_06300	True	True	7
GCF_053038975.1|AHCKDM_06302	GCF_053038975.1	AHCKDM_06302	True	True	7
GCF_053038975.1|AHCKDM_06303	GCF_053038975.1	AHCKDM_06303	True	True	6
GCF_053038975.1|AHCKDM_06304	GCF_053038975.1	AHCKDM_06304	True	True	8
GCF_053038975.1|AHCKDM_06305	GCF_053038975.1	AHCKDM_06305	True	True	7
GCF_053038975.1|AHCKDM_06306	GCF_053038975.1	AHCKDM_06306	True	True	8
GCF_053038975.1|AHCKDM_06307	GCF_053038975.1	AHCKDM_06307	True	True	5
GCF_053038975.1|AHCKDM_06308	GCF_053038975.1	AHCKDM_06308	True	True	6
GCF_053038975.1|AHCKDM_06309	GCF_053038975.1	AHCKDM_06309	True	True	7
GCF_053038975.1|AHCKDM_06310	GCF_053038975.1	AHCKDM_06310	True	True	3
GCF_053038975.1|AHCKDM_06311	GCF_053038975.1	AHCKDM_06311	True	True	8
GCF_053038975.1|AHCKDM_06312	GCF_053038975.1	AHCKDM_06312	True	True	7
GCF_053038975.1|AHCKDM_06313	GCF_053038975.1	AHCKDM_06313	True	True	8
GCF_053038975.1|AHCKDM_06314	GCF_053038975.1	AHCKDM_06314	True	True	6
GCF_053038975.1|AHCKDM_06315	GCF_053038975.1	AHCKDM_06315	True	True	2
GCF_053038975.1|AHCKDM_06316	GCF_053038975.1	AHCKDM_06316	True	True	6
GCF_053038975.1|AHCKDM_06317	GCF_053038975.1	AHCKDM_06317	True	True	8
GCF_053038975.1|AHCKDM_06318	GCF_053038975.1	AHCKDM_06318	True	True	1
GCF_053038975.1|AHCKDM_06319	GCF_053038975.1	AHCKDM_06319	True	True	6
GCF_053038975.1|AHCKDM_06320	GCF_053038975.1	AHCKDM_06320	True	True	8
GCF_053038975.1|AHCKDM_06321	GCF_053038975.1	AHCKDM_06321	True	True	5
GCF_053038975.1|AHCKDM_06322	GCF_053038975.1	AHCKDM_06322	True	True	5
GCF_053038975.1|AHCKDM_06323	GCF_053038975.1	AHCKDM_06323	True	True	6
GCF_053038975.1|AHCKDM_06324	GCF_053038975.1	AHCKDM_06324	True	True	6
GCF_053038975.1|AHCKDM_06325	GCF_053038975.1	AHCKDM_06325	True	True	9
GCF_053038975.1|AHCKDM_06326	GCF_053038975.1	AHCKDM_06326	True	True	4
GCF_053038975.1|AHCKDM_06327	GCF_053038975.1	AHCKDM_06327	True	True	5
GCF_053038975.1|AHCKDM_06328	GCF_053038975.1	AHCKDM_06328	True	True	8
GCF_053038975.1|AHCKDM_06329	GCF_053038975.1	AHCKDM_06329	False	False	1
GCF_053038975.1|AHCKDM_06330	GCF_053038975.1	AHCKDM_06330	False	False	1
GCF_053038975.1|AHCKDM_06331	GCF_053038975.1	AHCKDM_06331	True	True	2
GCF_053038975.1|AHCKDM_06332	GCF_053038975.1	AHCKDM_06332	True	True	2
GCF_053038975.1|AHCKDM_06333	GCF_053038975.1	AHCKDM_06333	True	True	7
GCF_053038975.1|AHCKDM_06334	GCF_053038975.1	AHCKDM_06334	True	True	3
GCF_053038975.1|AHCKDM_06335	GCF_053038975.1	AHCKDM_06335	True	True	6
GCF_053038975.1|AHCKDM_06336	GCF_053038975.1	AHCKDM_06336	True	True	4
GCF_053038975.1|AHCKDM_06337	GCF_053038975.1	AHCKDM_06337	True	True	7
GCF_053038975.1|AHCKDM_06338	GCF_053038975.1	AHCKDM_06338	True	True	8
GCF_053038975.1|AHCKDM_06339	GCF_053038975.1	AHCKDM_06339	True	True	4
GCF_053038975.1|AHCKDM_06340	GCF_053038975.1	AHCKDM_06340	True	True	4
GCF_053038975.1|AHCKDM_06341	GCF_053038975.1	AHCKDM_06341	True	True	3
GCF_053038975.1|AHCKDM_06342	GCF_053038975.1	AHCKDM_06342	True	True	8
GCF_053038975.1|AHCKDM_06343	GCF_053038975.1	AHCKDM_06343	True	True	6
GCF_053038975.1|AHCKDM_06344	GCF_053038975.1	AHCKDM_06344	True	True	7
GCF_053038975.1|AHCKDM_06345	GCF_053038975.1	AHCKDM_06345	True	True	7
GCF_053038975.1|AHCKDM_06346	GCF_053038975.1	AHCKDM_06346	True	True	5
GCF_053038975.1|AHCKDM_06347	GCF_053038975.1	AHCKDM_06347	True	True	6
GCF_053038975.1|AHCKDM_06348	GCF_053038975.1	AHCKDM_06348	True	True	6
GCF_053038975.1|AHCKDM_06349	GCF_053038975.1	AHCKDM_06349	True	True	5
GCF_053038975.1|AHCKDM_06350	GCF_053038975.1	AHCKDM_06350	True	True	7
GCF_053038975.1|AHCKDM_06351	GCF_053038975.1	AHCKDM_06351	True	True	6
GCF_053038975.1|AHCKDM_06352	GCF_053038975.1	AHCKDM_06352	True	True	6
GCF_053038975.1|AHCKDM_06353	GCF_053038975.1	AHCKDM_06353	True	True	9
GCF_053038975.1|AHCKDM_06354	GCF_053038975.1	AHCKDM_06354	True	True	2
GCF_053038975.1|AHCKDM_06355	GCF_053038975.1	AHCKDM_06355	False	False	1
GCF_053038975.1|AHCKDM_06356	GCF_053038975.1	AHCKDM_06356	True	True	2
GCF_053038975.1|AHCKDM_06357	GCF_053038975.1	AHCKDM_06357	True	True	3
GCF_053038975.1|AHCKDM_06358	GCF_053038975.1	AHCKDM_06358	True	True	4
GCF_053038975.1|AHCKDM_06359	GCF_053038975.1	AHCKDM_06359	True	True	5
GCF_053038975.1|AHCKDM_06360	GCF_053038975.1	AHCKDM_06360	True	True	4
GCF_053038975.1|AHCKDM_06362	GCF_053038975.1	AHCKDM_06362	True	True	4
GCF_053038975.1|AHCKDM_06365	GCF_053038975.1	AHCKDM_06365	True	True	8
GCF_053038975.1|AHCKDM_06366	GCF_053038975.1	AHCKDM_06366	True	True	8
GCF_053038975.1|AHCKDM_06367	GCF_053038975.1	AHCKDM_06367	True	True	8
GCF_053038975.1|AHCKDM_06368	GCF_053038975.1	AHCKDM_06368	True	True	6
GCF_053038975.1|AHCKDM_06369	GCF_053038975.1	AHCKDM_06369	False	False	1
GCF_053038975.1|AHCKDM_06370	GCF_053038975.1	AHCKDM_06370	True	True	8
GCF_053038975.1|AHCKDM_06372	GCF_053038975.1	AHCKDM_06372	True	True	3
GCF_053038975.1|AHCKDM_06373	GCF_053038975.1	AHCKDM_06373	True	True	2
GCF_053038975.1|AHCKDM_06374	GCF_053038975.1	AHCKDM_06374	True	True	2
GCF_053038975.1|AHCKDM_06375	GCF_053038975.1	AHCKDM_06375	True	True	3
GCF_053038975.1|AHCKDM_06376	GCF_053038975.1	AHCKDM_06376	True	True	5
GCF_053038975.1|AHCKDM_06377	GCF_053038975.1	AHCKDM_06377	True	True	1
GCF_053038975.1|AHCKDM_06379	GCF_053038975.1	AHCKDM_06379	True	True	8
GCF_053038975.1|AHCKDM_06380	GCF_053038975.1	AHCKDM_06380	True	True	8
GCF_053038975.1|AHCKDM_06381	GCF_053038975.1	AHCKDM_06381	True	True	4
GCF_053038975.1|AHCKDM_06382	GCF_053038975.1	AHCKDM_06382	True	True	8
GCF_053038975.1|AHCKDM_06383	GCF_053038975.1	AHCKDM_06383	True	True	8
GCF_053038975.1|AHCKDM_06384	GCF_053038975.1	AHCKDM_06384	True	True	9
GCF_053038975.1|AHCKDM_06386	GCF_053038975.1	AHCKDM_06386	True	True	6
GCF_053038975.1|AHCKDM_06387	GCF_053038975.1	AHCKDM_06387	True	True	6
GCF_053038975.1|AHCKDM_06388	GCF_053038975.1	AHCKDM_06388	True	True	6
GCF_053038975.1|AHCKDM_06389	GCF_053038975.1	AHCKDM_06389	True	True	6
GCF_053038975.1|AHCKDM_06390	GCF_053038975.1	AHCKDM_06390	True	True	5
GCF_053038975.1|AHCKDM_06391	GCF_053038975.1	AHCKDM_06391	True	True	5
GCF_053038975.1|AHCKDM_06392	GCF_053038975.1	AHCKDM_06392	True	True	8
GCF_053038975.1|AHCKDM_06393	GCF_053038975.1	AHCKDM_06393	True	True	9
GCF_053038975.1|AHCKDM_06394	GCF_053038975.1	AHCKDM_06394	True	True	6
GCF_053038975.1|AHCKDM_06395	GCF_053038975.1	AHCKDM_06395	True	True	7
GCF_053038975.1|AHCKDM_06396	GCF_053038975.1	AHCKDM_06396	True	True	6
GCF_053038975.1|AHCKDM_06397	GCF_053038975.1	AHCKDM_06397	True	True	5
GCF_053038975.1|AHCKDM_06398	GCF_053038975.1	AHCKDM_06398	True	True	9
GCF_053038975.1|AHCKDM_06399	GCF_053038975.1	AHCKDM_06399	True	True	6
GCF_053038975.1|AHCKDM_06400	GCF_053038975.1	AHCKDM_06400	True	True	6
GCF_053038975.1|AHCKDM_06402	GCF_053038975.1	AHCKDM_06402	True	True	6
GCF_053038975.1|AHCKDM_06403	GCF_053038975.1	AHCKDM_06403	True	True	6
GCF_053038975.1|AHCKDM_06404	GCF_053038975.1	AHCKDM_06404	True	True	11
GCF_053038975.1|AHCKDM_06405	GCF_053038975.1	AHCKDM_06405	True	True	7
GCF_053038975.1|AHCKDM_06406	GCF_053038975.1	AHCKDM_06406	True	True	3
GCF_053038975.1|AHCKDM_06407	GCF_053038975.1	AHCKDM_06407	False	False	1
GCF_053038975.1|AHCKDM_06408	GCF_053038975.1	AHCKDM_06408	True	True	7
GCF_053038975.1|AHCKDM_06409	GCF_053038975.1	AHCKDM_06409	True	True	2
GCF_053038975.1|AHCKDM_06410	GCF_053038975.1	AHCKDM_06410	True	True	8
GCF_053038975.1|AHCKDM_06411	GCF_053038975.1	AHCKDM_06411	True	True	7
GCF_053038975.1|AHCKDM_06412	GCF_053038975.1	AHCKDM_06412	True	True	8
GCF_053038975.1|AHCKDM_06413	GCF_053038975.1	AHCKDM_06413	True	True	4
GCF_053038975.1|AHCKDM_06414	GCF_053038975.1	AHCKDM_06414	True	True	10
GCF_053038975.1|AHCKDM_06415	GCF_053038975.1	AHCKDM_06415	True	True	6
GCF_053038975.1|AHCKDM_06417	GCF_053038975.1	AHCKDM_06417	True	True	6
GCF_053038975.1|AHCKDM_06418	GCF_053038975.1	AHCKDM_06418	True	True	4
GCF_053038975.1|AHCKDM_06419	GCF_053038975.1	AHCKDM_06419	True	True	10
GCF_053038975.1|AHCKDM_06420	GCF_053038975.1	AHCKDM_06420	True	True	9
GCF_053038975.1|AHCKDM_06421	GCF_053038975.1	AHCKDM_06421	True	True	3
GCF_053038975.1|AHCKDM_06422	GCF_053038975.1	AHCKDM_06422	True	True	2
GCF_053038975.1|AHCKDM_06423	GCF_053038975.1	AHCKDM_06423	True	True	8
GCF_053038975.1|AHCKDM_06424	GCF_053038975.1	AHCKDM_06424	True	True	8
GCF_053038975.1|AHCKDM_06425	GCF_053038975.1	AHCKDM_06425	True	True	10
GCF_053038975.1|AHCKDM_06426	GCF_053038975.1	AHCKDM_06426	True	True	4
GCF_053038975.1|AHCKDM_06427	GCF_053038975.1	AHCKDM_06427	True	True	7
GCF_053038975.1|AHCKDM_06428	GCF_053038975.1	AHCKDM_06428	True	True	6
GCF_053038975.1|AHCKDM_06429	GCF_053038975.1	AHCKDM_06429	True	True	6
GCF_053038975.1|AHCKDM_06430	GCF_053038975.1	AHCKDM_06430	True	True	5
GCF_053038975.1|AHCKDM_06431	GCF_053038975.1	AHCKDM_06431	True	True	6
GCF_053038975.1|AHCKDM_06432	GCF_053038975.1	AHCKDM_06432	True	True	6
GCF_053038975.1|AHCKDM_06433	GCF_053038975.1	AHCKDM_06433	True	True	2
GCF_053038975.1|AHCKDM_06435	GCF_053038975.1	AHCKDM_06435	True	True	8
GCF_053038975.1|AHCKDM_06436	GCF_053038975.1	AHCKDM_06436	True	True	1
GCF_053038975.1|AHCKDM_06437	GCF_053038975.1	AHCKDM_06437	True	True	3
GCF_053038975.1|AHCKDM_06439	GCF_053038975.1	AHCKDM_06439	True	True	8
GCF_053038975.1|AHCKDM_06440	GCF_053038975.1	AHCKDM_06440	True	True	4
GCF_053038975.1|AHCKDM_06441	GCF_053038975.1	AHCKDM_06441	True	True	2
GCF_053038975.1|AHCKDM_06442	GCF_053038975.1	AHCKDM_06442	True	True	8
GCF_053038975.1|AHCKDM_06443	GCF_053038975.1	AHCKDM_06443	True	True	8
GCF_053038975.1|AHCKDM_06444	GCF_053038975.1	AHCKDM_06444	True	True	10
GCF_053038975.1|AHCKDM_06445	GCF_053038975.1	AHCKDM_06445	True	True	8
GCF_053038975.1|AHCKDM_06446	GCF_053038975.1	AHCKDM_06446	True	True	8
GCF_053038975.1|AHCKDM_06447	GCF_053038975.1	AHCKDM_06447	True	True	6
GCF_053038975.1|AHCKDM_06448	GCF_053038975.1	AHCKDM_06448	True	True	7
GCF_053038975.1|AHCKDM_06449	GCF_053038975.1	AHCKDM_06449	True	True	5
GCF_053038975.1|AHCKDM_06450	GCF_053038975.1	AHCKDM_06450	False	False	1
GCF_053038975.1|AHCKDM_06451	GCF_053038975.1	AHCKDM_06451	True	True	2
GCF_053038975.1|AHCKDM_06453	GCF_053038975.1	AHCKDM_06453	True	True	3
GCF_053038975.1|AHCKDM_06454	GCF_053038975.1	AHCKDM_06454	True	True	7
GCF_053038975.1|AHCKDM_06455	GCF_053038975.1	AHCKDM_06455	True	True	1
GCF_053038975.1|AHCKDM_06456	GCF_053038975.1	AHCKDM_06456	False	False	1
GCF_053038975.1|AHCKDM_06457	GCF_053038975.1	AHCKDM_06457	True	True	2
GCF_053038975.1|AHCKDM_06458	GCF_053038975.1	AHCKDM_06458	True	True	3
GCF_053038975.1|AHCKDM_06459	GCF_053038975.1	AHCKDM_06459	True	True	8
GCF_053038975.1|AHCKDM_06460	GCF_053038975.1	AHCKDM_06460	True	True	10
GCF_053038975.1|AHCKDM_06461	GCF_053038975.1	AHCKDM_06461	True	True	13
GCF_053038975.1|AHCKDM_06462	GCF_053038975.1	AHCKDM_06462	True	True	1
GCF_053038975.1|AHCKDM_06463	GCF_053038975.1	AHCKDM_06463	True	True	4
GCF_053038975.1|AHCKDM_06464	GCF_053038975.1	AHCKDM_06464	True	True	2
GCF_053038975.1|AHCKDM_06465	GCF_053038975.1	AHCKDM_06465	True	True	9
GCF_053038975.1|AHCKDM_06466	GCF_053038975.1	AHCKDM_06466	True	True	3
GCF_053038975.1|AHCKDM_06467	GCF_053038975.1	AHCKDM_06467	False	False	1
GCF_053038975.1|AHCKDM_06469	GCF_053038975.1	AHCKDM_06469	False	False	1
GCF_053038975.1|AHCKDM_06471	GCF_053038975.1	AHCKDM_06471	False	False	1
GCF_053038975.1|AHCKDM_06472	GCF_053038975.1	AHCKDM_06472	True	True	7
GCF_053038975.1|AHCKDM_06473	GCF_053038975.1	AHCKDM_06473	True	True	5
GCF_053038975.1|AHCKDM_06474	GCF_053038975.1	AHCKDM_06474	True	True	6
GCF_053038975.1|AHCKDM_06475	GCF_053038975.1	AHCKDM_06475	True	True	8
GCF_053038975.1|AHCKDM_06476	GCF_053038975.1	AHCKDM_06476	True	True	3
GCF_053038975.1|AHCKDM_06477	GCF_053038975.1	AHCKDM_06477	True	True	2
GCF_053038975.1|AHCKDM_06478	GCF_053038975.1	AHCKDM_06478	True	True	4
GCF_053038975.1|AHCKDM_06479	GCF_053038975.1	AHCKDM_06479	True	True	11
GCF_053038975.1|AHCKDM_06480	GCF_053038975.1	AHCKDM_06480	False	False	1
GCF_053038975.1|AHCKDM_06481	GCF_053038975.1	AHCKDM_06481	True	True	2
GCF_053038975.1|AHCKDM_06482	GCF_053038975.1	AHCKDM_06482	True	True	9
GCF_053038975.1|AHCKDM_06483	GCF_053038975.1	AHCKDM_06483	True	True	6
GCF_053038975.1|AHCKDM_06484	GCF_053038975.1	AHCKDM_06484	True	True	6
GCF_053038975.1|AHCKDM_06485	GCF_053038975.1	AHCKDM_06485	True	True	6
GCF_053038975.1|AHCKDM_06486	GCF_053038975.1	AHCKDM_06486	True	True	11
GCF_053038975.1|AHCKDM_06487	GCF_053038975.1	AHCKDM_06487	True	True	3
GCF_053038975.1|AHCKDM_06488	GCF_053038975.1	AHCKDM_06488	True	True	4
GCF_053038975.1|AHCKDM_06489	GCF_053038975.1	AHCKDM_06489	True	True	9
GCF_053038975.1|AHCKDM_06490	GCF_053038975.1	AHCKDM_06490	True	True	10
GCF_053038975.1|AHCKDM_06491	GCF_053038975.1	AHCKDM_06491	True	True	5
GCF_053038975.1|AHCKDM_06492	GCF_053038975.1	AHCKDM_06492	True	True	5
GCF_053038975.1|AHCKDM_06493	GCF_053038975.1	AHCKDM_06493	True	True	4
GCF_053038975.1|AHCKDM_06494	GCF_053038975.1	AHCKDM_06494	True	True	5
GCF_053038975.1|AHCKDM_06495	GCF_053038975.1	AHCKDM_06495	True	True	5
GCF_053038975.1|AHCKDM_06496	GCF_053038975.1	AHCKDM_06496	True	True	6
GCF_053038975.1|AHCKDM_06497	GCF_053038975.1	AHCKDM_06497	True	True	7
GCF_053038975.1|AHCKDM_06499	GCF_053038975.1	AHCKDM_06499	True	True	10
GCF_053038975.1|AHCKDM_06500	GCF_053038975.1	AHCKDM_06500	True	True	5
GCF_053038975.1|AHCKDM_06501	GCF_053038975.1	AHCKDM_06501	False	False	1
GCF_053038975.1|AHCKDM_06502	GCF_053038975.1	AHCKDM_06502	True	True	11
GCF_053038975.1|AHCKDM_06503	GCF_053038975.1	AHCKDM_06503	True	True	4
GCF_053038975.1|AHCKDM_06504	GCF_053038975.1	AHCKDM_06504	True	True	6
GCF_053038975.1|AHCKDM_06506	GCF_053038975.1	AHCKDM_06506	True	True	3
GCF_053038975.1|AHCKDM_06507	GCF_053038975.1	AHCKDM_06507	True	True	1
GCF_053038975.1|AHCKDM_06508	GCF_053038975.1	AHCKDM_06508	True	True	1
GCF_053038975.1|AHCKDM_06509	GCF_053038975.1	AHCKDM_06509	True	True	7
GCF_053038975.1|AHCKDM_06510	GCF_053038975.1	AHCKDM_06510	True	True	7
GCF_053038975.1|AHCKDM_06511	GCF_053038975.1	AHCKDM_06511	True	True	8
GCF_053038975.1|AHCKDM_06513	GCF_053038975.1	AHCKDM_06513	True	True	1
GCF_053038975.1|AHCKDM_06514	GCF_053038975.1	AHCKDM_06514	True	True	2
GCF_053038975.1|AHCKDM_06515	GCF_053038975.1	AHCKDM_06515	True	True	5
GCF_053038975.1|AHCKDM_06516	GCF_053038975.1	AHCKDM_06516	True	True	6
GCF_053038975.1|AHCKDM_06517	GCF_053038975.1	AHCKDM_06517	True	True	5
GCF_053038975.1|AHCKDM_06518	GCF_053038975.1	AHCKDM_06518	False	False	2
GCF_053038975.1|AHCKDM_06519	GCF_053038975.1	AHCKDM_06519	True	True	12
GCF_053038975.1|AHCKDM_06520	GCF_053038975.1	AHCKDM_06520	True	True	7
GCF_053038975.1|AHCKDM_06521	GCF_053038975.1	AHCKDM_06521	True	True	5
GCF_053038975.1|AHCKDM_06522	GCF_053038975.1	AHCKDM_06522	True	True	8
GCF_053038975.1|AHCKDM_06523	GCF_053038975.1	AHCKDM_06523	True	True	7
GCF_053038975.1|AHCKDM_06524	GCF_053038975.1	AHCKDM_06524	True	True	4
GCF_053038975.1|AHCKDM_06525	GCF_053038975.1	AHCKDM_06525	True	True	7
GCF_053038975.1|AHCKDM_06526	GCF_053038975.1	AHCKDM_06526	True	True	5
GCF_053038975.1|AHCKDM_06528	GCF_053038975.1	AHCKDM_06528	False	False	1
GCF_053038975.1|AHCKDM_06529	GCF_053038975.1	AHCKDM_06529	True	True	2
GCF_053038975.1|AHCKDM_06530	GCF_053038975.1	AHCKDM_06530	True	True	6
GCF_053038975.1|AHCKDM_06531	GCF_053038975.1	AHCKDM_06531	True	True	7
GCF_053038975.1|AHCKDM_06532	GCF_053038975.1	AHCKDM_06532	True	True	1
GCF_053038975.1|AHCKDM_06533	GCF_053038975.1	AHCKDM_06533	True	True	1
GCF_053038975.1|AHCKDM_06534	GCF_053038975.1	AHCKDM_06534	True	True	1
GCF_053038975.1|AHCKDM_06535	GCF_053038975.1	AHCKDM_06535	False	False	1
GCF_053038975.1|AHCKDM_06536	GCF_053038975.1	AHCKDM_06536	False	False	1
GCF_053038975.1|AHCKDM_06537	GCF_053038975.1	AHCKDM_06537	True	True	5
GCF_053038975.1|AHCKDM_06539	GCF_053038975.1	AHCKDM_06539	True	True	8
GCF_053038975.1|AHCKDM_06540	GCF_053038975.1	AHCKDM_06540	True	True	6
GCF_053038975.1|AHCKDM_06541	GCF_053038975.1	AHCKDM_06541	True	True	2
GCF_053038975.1|AHCKDM_06542	GCF_053038975.1	AHCKDM_06542	True	True	3
GCF_053038975.1|AHCKDM_06543	GCF_053038975.1	AHCKDM_06543	True	True	3
GCF_053038975.1|AHCKDM_06544	GCF_053038975.1	AHCKDM_06544	True	True	7
GCF_053038975.1|AHCKDM_06545	GCF_053038975.1	AHCKDM_06545	True	True	8
GCF_053038975.1|AHCKDM_06546	GCF_053038975.1	AHCKDM_06546	True	True	12
GCF_053038975.1|AHCKDM_06547	GCF_053038975.1	AHCKDM_06547	True	True	6
GCF_053038975.1|AHCKDM_06548	GCF_053038975.1	AHCKDM_06548	True	True	6
GCF_053038975.1|AHCKDM_06549	GCF_053038975.1	AHCKDM_06549	True	True	8
GCF_053038975.1|AHCKDM_06550	GCF_053038975.1	AHCKDM_06550	False	False	1
GCF_053038975.1|AHCKDM_06553	GCF_053038975.1	AHCKDM_06553	True	True	3
GCF_053038975.1|AHCKDM_06554	GCF_053038975.1	AHCKDM_06554	True	True	5
GCF_053038975.1|AHCKDM_06555	GCF_053038975.1	AHCKDM_06555	True	True	1
GCF_053038975.1|AHCKDM_06556	GCF_053038975.1	AHCKDM_06556	True	True	7
GCF_053038975.1|AHCKDM_06557	GCF_053038975.1	AHCKDM_06557	True	True	4
GCF_053038975.1|AHCKDM_06559	GCF_053038975.1	AHCKDM_06559	True	True	6
GCF_053038975.1|AHCKDM_06560	GCF_053038975.1	AHCKDM_06560	True	False	1
GCF_053038975.1|AHCKDM_06561	GCF_053038975.1	AHCKDM_06561	True	False	2
GCF_053038975.1|AHCKDM_06564	GCF_053038975.1	AHCKDM_06564	True	True	2
GCF_053038975.1|AHCKDM_06565	GCF_053038975.1	AHCKDM_06565	True	True	5
GCF_053038975.1|AHCKDM_06566	GCF_053038975.1	AHCKDM_06566	True	True	9
GCF_053038975.1|AHCKDM_06567	GCF_053038975.1	AHCKDM_06567	True	True	6
GCF_053038975.1|AHCKDM_06568	GCF_053038975.1	AHCKDM_06568	True	True	5
GCF_053038975.1|AHCKDM_06569	GCF_053038975.1	AHCKDM_06569	True	True	5
GCF_053038975.1|AHCKDM_06570	GCF_053038975.1	AHCKDM_06570	True	True	5
GCF_053038975.1|AHCKDM_06571	GCF_053038975.1	AHCKDM_06571	True	True	6
GCF_053038975.1|AHCKDM_06572	GCF_053038975.1	AHCKDM_06572	True	True	9
GCF_053038975.1|AHCKDM_06573	GCF_053038975.1	AHCKDM_06573	True	True	2
GCF_053038975.1|AHCKDM_06574	GCF_053038975.1	AHCKDM_06574	True	True	7
GCF_053038975.1|AHCKDM_06575	GCF_053038975.1	AHCKDM_06575	True	True	5
GCF_053038975.1|AHCKDM_06576	GCF_053038975.1	AHCKDM_06576	True	True	8
GCF_053038975.1|AHCKDM_06577	GCF_053038975.1	AHCKDM_06577	True	True	3
GCF_053038975.1|AHCKDM_06578	GCF_053038975.1	AHCKDM_06578	True	True	8
GCF_053038975.1|AHCKDM_06579	GCF_053038975.1	AHCKDM_06579	True	True	6
GCF_053038975.1|AHCKDM_06580	GCF_053038975.1	AHCKDM_06580	True	True	2
GCF_053038975.1|AHCKDM_06581	GCF_053038975.1	AHCKDM_06581	True	True	7
GCF_053038975.1|AHCKDM_06582	GCF_053038975.1	AHCKDM_06582	True	True	5
GCF_053038975.1|AHCKDM_06583	GCF_053038975.1	AHCKDM_06583	True	True	5
GCF_053038975.1|AHCKDM_06584	GCF_053038975.1	AHCKDM_06584	True	True	7
GCF_053038975.1|AHCKDM_06585	GCF_053038975.1	AHCKDM_06585	True	True	5
GCF_053038975.1|AHCKDM_06586	GCF_053038975.1	AHCKDM_06586	True	True	5
GCF_053038975.1|AHCKDM_06587	GCF_053038975.1	AHCKDM_06587	True	True	5
GCF_053038975.1|AHCKDM_06588	GCF_053038975.1	AHCKDM_06588	True	True	6
GCF_053038975.1|AHCKDM_06589	GCF_053038975.1	AHCKDM_06589	True	True	2
GCF_053038975.1|AHCKDM_06590	GCF_053038975.1	AHCKDM_06590	True	True	8
GCF_053038975.1|AHCKDM_06591	GCF_053038975.1	AHCKDM_06591	True	True	5
GCF_053038975.1|AHCKDM_06592	GCF_053038975.1	AHCKDM_06592	True	True	6
GCF_053038975.1|AHCKDM_06593	GCF_053038975.1	AHCKDM_06593	True	True	7
GCF_053038975.1|AHCKDM_06594	GCF_053038975.1	AHCKDM_06594	True	True	7
GCF_053038975.1|AHCKDM_06595	GCF_053038975.1	AHCKDM_06595	True	True	7
GCF_053038975.1|AHCKDM_06596	GCF_053038975.1	AHCKDM_06596	True	True	6
GCF_053038975.1|AHCKDM_06597	GCF_053038975.1	AHCKDM_06597	True	True	6
GCF_053038975.1|AHCKDM_06598	GCF_053038975.1	AHCKDM_06598	True	False	3
GCF_053038975.1|AHCKDM_06599	GCF_053038975.1	AHCKDM_06599	True	True	6
GCF_053038975.1|AHCKDM_06600	GCF_053038975.1	AHCKDM_06600	True	True	8
GCF_053038975.1|AHCKDM_06601	GCF_053038975.1	AHCKDM_06601	True	True	7
GCF_053038975.1|AHCKDM_06602	GCF_053038975.1	AHCKDM_06602	True	True	4
GCF_053038975.1|AHCKDM_06603	GCF_053038975.1	AHCKDM_06603	True	True	9
GCF_053038975.1|AHCKDM_06604	GCF_053038975.1	AHCKDM_06604	True	True	8
GCF_053038975.1|AHCKDM_06605	GCF_053038975.1	AHCKDM_06605	True	True	6
GCF_053038975.1|AHCKDM_06606	GCF_053038975.1	AHCKDM_06606	True	True	7
GCF_053038975.1|AHCKDM_06607	GCF_053038975.1	AHCKDM_06607	True	True	2
GCF_053038975.1|AHCKDM_06608	GCF_053038975.1	AHCKDM_06608	True	True	3
GCF_053038975.1|AHCKDM_06609	GCF_053038975.1	AHCKDM_06609	True	True	5
GCF_053038975.1|AHCKDM_06610	GCF_053038975.1	AHCKDM_06610	True	True	2
GCF_053038975.1|AHCKDM_06611	GCF_053038975.1	AHCKDM_06611	True	True	5
GCF_053038975.1|AHCKDM_06612	GCF_053038975.1	AHCKDM_06612	True	True	2
GCF_053038975.1|AHCKDM_06613	GCF_053038975.1	AHCKDM_06613	True	True	5
GCF_053038975.1|AHCKDM_06614	GCF_053038975.1	AHCKDM_06614	True	True	2
GCF_053038975.1|AHCKDM_06615	GCF_053038975.1	AHCKDM_06615	True	True	2
GCF_053038975.1|AHCKDM_06616	GCF_053038975.1	AHCKDM_06616	True	True	8
GCF_053038975.1|AHCKDM_06617	GCF_053038975.1	AHCKDM_06617	True	True	6
GCF_053038975.1|AHCKDM_06618	GCF_053038975.1	AHCKDM_06618	True	True	6
GCF_053038975.1|AHCKDM_06619	GCF_053038975.1	AHCKDM_06619	False	False	1
GCF_053038975.1|AHCKDM_06620	GCF_053038975.1	AHCKDM_06620	True	True	1
GCF_053038975.1|AHCKDM_06621	GCF_053038975.1	AHCKDM_06621	True	True	9
GCF_053038975.1|AHCKDM_06622	GCF_053038975.1	AHCKDM_06622	True	True	7
GCF_053038975.1|AHCKDM_06623	GCF_053038975.1	AHCKDM_06623	True	True	7
GCF_053038975.1|AHCKDM_06624	GCF_053038975.1	AHCKDM_06624	True	True	7
GCF_053038975.1|AHCKDM_06625	GCF_053038975.1	AHCKDM_06625	True	True	7
GCF_053038975.1|AHCKDM_06626	GCF_053038975.1	AHCKDM_06626	True	True	1
GCF_053038975.1|AHCKDM_06627	GCF_053038975.1	AHCKDM_06627	True	True	3
GCF_053038975.1|AHCKDM_06628	GCF_053038975.1	AHCKDM_06628	True	True	5
GCF_053038975.1|AHCKDM_06629	GCF_053038975.1	AHCKDM_06629	True	True	7
GCF_053038975.1|AHCKDM_06630	GCF_053038975.1	AHCKDM_06630	True	True	8
GCF_053038975.1|AHCKDM_06631	GCF_053038975.1	AHCKDM_06631	True	True	8
GCF_053038975.1|AHCKDM_06632	GCF_053038975.1	AHCKDM_06632	True	True	9
GCF_053038975.1|AHCKDM_06633	GCF_053038975.1	AHCKDM_06633	True	True	9
GCF_053038975.1|AHCKDM_06634	GCF_053038975.1	AHCKDM_06634	True	True	8
GCF_053038975.1|AHCKDM_06635	GCF_053038975.1	AHCKDM_06635	True	True	10
GCF_053038975.1|AHCKDM_06636	GCF_053038975.1	AHCKDM_06636	True	True	9
GCF_053038975.1|AHCKDM_06638	GCF_053038975.1	AHCKDM_06638	True	True	6
GCF_053038975.1|AHCKDM_06639	GCF_053038975.1	AHCKDM_06639	True	True	5
GCF_053038975.1|AHCKDM_06640	GCF_053038975.1	AHCKDM_06640	True	True	7
GCF_053038975.1|AHCKDM_06642	GCF_053038975.1	AHCKDM_06642	True	True	8
GCF_053038975.1|AHCKDM_06643	GCF_053038975.1	AHCKDM_06643	True	True	9
GCF_053038975.1|AHCKDM_06644	GCF_053038975.1	AHCKDM_06644	True	True	9
GCF_053038975.1|AHCKDM_06645	GCF_053038975.1	AHCKDM_06645	True	True	11
GCF_053038975.1|AHCKDM_06646	GCF_053038975.1	AHCKDM_06646	True	True	6
GCF_053038975.1|AHCKDM_06648	GCF_053038975.1	AHCKDM_06648	True	True	11
GCF_053038975.1|AHCKDM_06649	GCF_053038975.1	AHCKDM_06649	True	True	4
GCF_053038975.1|AHCKDM_06650	GCF_053038975.1	AHCKDM_06650	True	True	1
GCF_053038975.1|AHCKDM_06651	GCF_053038975.1	AHCKDM_06651	True	True	5
GCF_053038975.1|AHCKDM_06652	GCF_053038975.1	AHCKDM_06652	True	True	2
GCF_053038975.1|AHCKDM_06653	GCF_053038975.1	AHCKDM_06653	True	True	3
GCF_053038975.1|AHCKDM_06654	GCF_053038975.1	AHCKDM_06654	True	False	1
GCF_053038975.1|AHCKDM_06655	GCF_053038975.1	AHCKDM_06655	True	True	4
GCF_053038975.1|AHCKDM_06656	GCF_053038975.1	AHCKDM_06656	True	True	5
GCF_053038975.1|AHCKDM_06658	GCF_053038975.1	AHCKDM_06658	True	True	6
GCF_053038975.1|AHCKDM_06659	GCF_053038975.1	AHCKDM_06659	True	True	4
GCF_053038975.1|AHCKDM_06660	GCF_053038975.1	AHCKDM_06660	True	True	4
GCF_053038975.1|AHCKDM_06661	GCF_053038975.1	AHCKDM_06661	True	True	6
GCF_053038975.1|AHCKDM_06662	GCF_053038975.1	AHCKDM_06662	True	True	2
GCF_053038975.1|AHCKDM_06663	GCF_053038975.1	AHCKDM_06663	True	True	6
GCF_053038975.1|AHCKDM_06664	GCF_053038975.1	AHCKDM_06664	True	True	1
GCF_053038975.1|AHCKDM_06665	GCF_053038975.1	AHCKDM_06665	True	True	9
GCF_053038975.1|AHCKDM_06666	GCF_053038975.1	AHCKDM_06666	True	True	7
GCF_053038975.1|AHCKDM_06667	GCF_053038975.1	AHCKDM_06667	True	True	4
GCF_053038975.1|AHCKDM_06668	GCF_053038975.1	AHCKDM_06668	True	True	8
GCF_053038975.1|AHCKDM_06669	GCF_053038975.1	AHCKDM_06669	True	True	10
GCF_053038975.1|AHCKDM_06670	GCF_053038975.1	AHCKDM_06670	True	True	1
GCF_053038975.1|AHCKDM_06671	GCF_053038975.1	AHCKDM_06671	True	True	8
GCF_053038975.1|AHCKDM_06672	GCF_053038975.1	AHCKDM_06672	True	True	9
GCF_053038975.1|AHCKDM_06673	GCF_053038975.1	AHCKDM_06673	True	True	7
GCF_053038975.1|AHCKDM_06674	GCF_053038975.1	AHCKDM_06674	True	True	5
GCF_053038975.1|AHCKDM_06675	GCF_053038975.1	AHCKDM_06675	True	True	7
GCF_053038975.1|AHCKDM_06676	GCF_053038975.1	AHCKDM_06676	True	True	6
GCF_053038975.1|AHCKDM_06677	GCF_053038975.1	AHCKDM_06677	True	True	6
GCF_053038975.1|AHCKDM_06678	GCF_053038975.1	AHCKDM_06678	True	True	9
GCF_053038975.1|AHCKDM_06679	GCF_053038975.1	AHCKDM_06679	True	True	8
GCF_053038975.1|AHCKDM_06680	GCF_053038975.1	AHCKDM_06680	True	True	4
GCF_053038975.1|AHCKDM_06681	GCF_053038975.1	AHCKDM_06681	True	True	5
GCF_053038975.1|AHCKDM_06682	GCF_053038975.1	AHCKDM_06682	True	True	6
GCF_053038975.1|AHCKDM_06683	GCF_053038975.1	AHCKDM_06683	True	True	4
GCF_053038975.1|AHCKDM_06684	GCF_053038975.1	AHCKDM_06684	True	True	4
GCF_053038975.1|AHCKDM_06685	GCF_053038975.1	AHCKDM_06685	True	True	11
GCF_053038975.1|AHCKDM_06686	GCF_053038975.1	AHCKDM_06686	True	True	10
GCF_053038975.1|AHCKDM_06688	GCF_053038975.1	AHCKDM_06688	True	True	6
GCF_053038975.1|AHCKDM_06689	GCF_053038975.1	AHCKDM_06689	True	True	3
GCF_053038975.1|AHCKDM_06690	GCF_053038975.1	AHCKDM_06690	True	True	5
GCF_053038975.1|AHCKDM_06691	GCF_053038975.1	AHCKDM_06691	True	True	4
GCF_053038975.1|AHCKDM_06692	GCF_053038975.1	AHCKDM_06692	True	True	9
GCF_053038975.1|AHCKDM_06693	GCF_053038975.1	AHCKDM_06693	True	True	5
GCF_053038975.1|AHCKDM_06694	GCF_053038975.1	AHCKDM_06694	True	True	7
GCF_053038975.1|AHCKDM_06695	GCF_053038975.1	AHCKDM_06695	True	True	8
GCF_053038975.1|AHCKDM_06696	GCF_053038975.1	AHCKDM_06696	True	True	5
GCF_053038975.1|AHCKDM_06697	GCF_053038975.1	AHCKDM_06697	True	False	3
GCF_053038975.1|AHCKDM_06698	GCF_053038975.1	AHCKDM_06698	True	False	2
GCF_053038975.1|AHCKDM_06699	GCF_053038975.1	AHCKDM_06699	True	True	7
GCF_053038975.1|AHCKDM_06700	GCF_053038975.1	AHCKDM_06700	True	True	6
GCF_053038975.1|AHCKDM_06701	GCF_053038975.1	AHCKDM_06701	True	True	3
GCF_053038975.1|AHCKDM_06702	GCF_053038975.1	AHCKDM_06702	True	True	7
GCF_053038975.1|AHCKDM_06704	GCF_053038975.1	AHCKDM_06704	True	True	5
GCF_053038975.1|AHCKDM_06706	GCF_053038975.1	AHCKDM_06706	True	True	11
GCF_053038975.1|AHCKDM_06707	GCF_053038975.1	AHCKDM_06707	True	True	11
GCF_053038975.1|AHCKDM_06709	GCF_053038975.1	AHCKDM_06709	False	False	1
GCF_053038975.1|AHCKDM_06710	GCF_053038975.1	AHCKDM_06710	False	False	1
GCF_053038975.1|AHCKDM_06711	GCF_053038975.1	AHCKDM_06711	True	True	8
GCF_053038975.1|AHCKDM_06712	GCF_053038975.1	AHCKDM_06712	True	True	4
GCF_053038975.1|AHCKDM_06713	GCF_053038975.1	AHCKDM_06713	True	True	6
GCF_053038975.1|AHCKDM_06714	GCF_053038975.1	AHCKDM_06714	True	True	6
GCF_053038975.1|AHCKDM_06715	GCF_053038975.1	AHCKDM_06715	True	True	7
GCF_053038975.1|AHCKDM_06716	GCF_053038975.1	AHCKDM_06716	True	True	5
GCF_053038975.1|AHCKDM_06717	GCF_053038975.1	AHCKDM_06717	True	True	4
GCF_053038975.1|AHCKDM_06718	GCF_053038975.1	AHCKDM_06718	True	True	4
GCF_053038975.1|AHCKDM_06720	GCF_053038975.1	AHCKDM_06720	True	True	5
GCF_053038975.1|AHCKDM_06723	GCF_053038975.1	AHCKDM_06723	True	True	8
GCF_053038975.1|AHCKDM_06724	GCF_053038975.1	AHCKDM_06724	True	True	11
GCF_053038975.1|AHCKDM_06725	GCF_053038975.1	AHCKDM_06725	True	True	5
GCF_053038975.1|AHCKDM_06726	GCF_053038975.1	AHCKDM_06726	True	True	9
GCF_053038975.1|AHCKDM_06727	GCF_053038975.1	AHCKDM_06727	False	False	1
GCF_053038975.1|AHCKDM_06728	GCF_053038975.1	AHCKDM_06728	False	False	1
GCF_053038975.1|AHCKDM_06729	GCF_053038975.1	AHCKDM_06729	True	True	3
GCF_053038975.1|AHCKDM_06730	GCF_053038975.1	AHCKDM_06730	True	True	8
GCF_053038975.1|AHCKDM_06732	GCF_053038975.1	AHCKDM_06732	True	True	11
GCF_053038975.1|AHCKDM_06733	GCF_053038975.1	AHCKDM_06733	True	True	2
GCF_053038975.1|AHCKDM_06734	GCF_053038975.1	AHCKDM_06734	True	True	2
GCF_053038975.1|AHCKDM_06735	GCF_053038975.1	AHCKDM_06735	True	True	5
GCF_053038975.1|AHCKDM_06736	GCF_053038975.1	AHCKDM_06736	True	True	9
GCF_053038975.1|AHCKDM_06737	GCF_053038975.1	AHCKDM_06737	True	True	9
GCF_053038975.1|AHCKDM_06741	GCF_053038975.1	AHCKDM_06741	True	True	2
GCF_053038975.1|AHCKDM_06742	GCF_053038975.1	AHCKDM_06742	False	False	1
GCF_053038975.1|AHCKDM_06743	GCF_053038975.1	AHCKDM_06743	True	True	2
GCF_053038975.1|AHCKDM_06745	GCF_053038975.1	AHCKDM_06745	True	True	2
GCF_053038975.1|AHCKDM_06748	GCF_053038975.1	AHCKDM_06748	True	True	2
GCF_053038975.1|AHCKDM_06750	GCF_053038975.1	AHCKDM_06750	True	True	2
GCF_053038975.1|AHCKDM_06751	GCF_053038975.1	AHCKDM_06751	False	False	1
GCF_053038975.1|AHCKDM_06752	GCF_053038975.1	AHCKDM_06752	True	True	5
GCF_053038975.1|AHCKDM_06753	GCF_053038975.1	AHCKDM_06753	True	True	5
GCF_053038975.1|AHCKDM_06755	GCF_053038975.1	AHCKDM_06755	True	True	5
GCF_053038975.1|AHCKDM_06756	GCF_053038975.1	AHCKDM_06756	True	True	7
GCF_053038975.1|AHCKDM_06757	GCF_053038975.1	AHCKDM_06757	True	True	5
GCF_053038975.1|AHCKDM_06758	GCF_053038975.1	AHCKDM_06758	True	True	4
GCF_053038975.1|AHCKDM_06759	GCF_053038975.1	AHCKDM_06759	True	True	5
GCF_053038975.1|AHCKDM_06760	GCF_053038975.1	AHCKDM_06760	True	True	3
GCF_053038975.1|AHCKDM_06761	GCF_053038975.1	AHCKDM_06761	True	True	3
GCF_053038975.1|AHCKDM_06762	GCF_053038975.1	AHCKDM_06762	True	True	4
GCF_053038975.1|AHCKDM_06763	GCF_053038975.1	AHCKDM_06763	True	True	6
GCF_053038975.1|AHCKDM_06764	GCF_053038975.1	AHCKDM_06764	True	True	5
GCF_053038975.1|AHCKDM_06765	GCF_053038975.1	AHCKDM_06765	True	True	2
GCF_053038975.1|AHCKDM_06766	GCF_053038975.1	AHCKDM_06766	False	False	1
GCF_053038975.1|AHCKDM_06767	GCF_053038975.1	AHCKDM_06767	True	True	7
GCF_053038975.1|AHCKDM_06768	GCF_053038975.1	AHCKDM_06768	True	True	4
GCF_053038975.1|AHCKDM_06769	GCF_053038975.1	AHCKDM_06769	True	True	7
GCF_053038975.1|AHCKDM_06770	GCF_053038975.1	AHCKDM_06770	True	True	4
GCF_053038975.1|AHCKDM_06771	GCF_053038975.1	AHCKDM_06771	False	False	1
GCF_053038975.1|AHCKDM_06772	GCF_053038975.1	AHCKDM_06772	True	True	7
GCF_053038975.1|AHCKDM_06773	GCF_053038975.1	AHCKDM_06773	True	True	2
GCF_053038975.1|AHCKDM_06775	GCF_053038975.1	AHCKDM_06775	True	True	9
GCF_053038975.1|AHCKDM_06776	GCF_053038975.1	AHCKDM_06776	True	True	2
GCF_053038975.1|AHCKDM_06777	GCF_053038975.1	AHCKDM_06777	True	True	5
GCF_053038975.1|AHCKDM_06778	GCF_053038975.1	AHCKDM_06778	True	True	7
GCF_053038975.1|AHCKDM_06779	GCF_053038975.1	AHCKDM_06779	True	True	5
GCF_053038975.1|AHCKDM_06780	GCF_053038975.1	AHCKDM_06780	True	True	9
GCF_053038975.1|AHCKDM_06781	GCF_053038975.1	AHCKDM_06781	True	True	7
GCF_053038975.1|AHCKDM_06782	GCF_053038975.1	AHCKDM_06782	False	False	1
GCF_053038975.1|AHCKDM_06783	GCF_053038975.1	AHCKDM_06783	True	True	5
GCF_053038975.1|AHCKDM_06784	GCF_053038975.1	AHCKDM_06784	True	True	3
GCF_053038975.1|AHCKDM_06785	GCF_053038975.1	AHCKDM_06785	True	True	6
GCF_053038975.1|AHCKDM_06786	GCF_053038975.1	AHCKDM_06786	True	True	5
GCF_053038975.1|AHCKDM_06787	GCF_053038975.1	AHCKDM_06787	True	True	5
GCF_053038975.1|AHCKDM_06788	GCF_053038975.1	AHCKDM_06788	True	True	4
GCF_053038975.1|AHCKDM_06789	GCF_053038975.1	AHCKDM_06789	True	True	7
GCF_053038975.1|AHCKDM_06790	GCF_053038975.1	AHCKDM_06790	True	True	6
GCF_053038975.1|AHCKDM_06791	GCF_053038975.1	AHCKDM_06791	True	True	3
GCF_053038975.1|AHCKDM_06792	GCF_053038975.1	AHCKDM_06792	True	True	3
GCF_053038975.1|AHCKDM_06793	GCF_053038975.1	AHCKDM_06793	True	True	3
GCF_053038975.1|AHCKDM_06795	GCF_053038975.1	AHCKDM_06795	True	True	4
GCF_053038975.1|AHCKDM_06796	GCF_053038975.1	AHCKDM_06796	True	True	5
GCF_053038975.1|AHCKDM_06798	GCF_053038975.1	AHCKDM_06798	False	False	1
GCF_053038975.1|AHCKDM_06799	GCF_053038975.1	AHCKDM_06799	True	True	1
GCF_053038975.1|AHCKDM_06800	GCF_053038975.1	AHCKDM_06800	True	True	1
GCF_053038975.1|AHCKDM_06801	GCF_053038975.1	AHCKDM_06801	True	True	6
GCF_053038975.1|AHCKDM_06802	GCF_053038975.1	AHCKDM_06802	True	True	7
GCF_053038975.1|AHCKDM_06803	GCF_053038975.1	AHCKDM_06803	True	True	6
GCF_053038975.1|AHCKDM_06804	GCF_053038975.1	AHCKDM_06804	True	True	6
GCF_053038975.1|AHCKDM_06805	GCF_053038975.1	AHCKDM_06805	True	True	6
GCF_053038975.1|AHCKDM_06806	GCF_053038975.1	AHCKDM_06806	True	True	9
GCF_053038975.1|AHCKDM_06807	GCF_053038975.1	AHCKDM_06807	True	True	10
GCF_053038975.1|AHCKDM_06808	GCF_053038975.1	AHCKDM_06808	True	True	2
GCF_053038975.1|AHCKDM_06809	GCF_053038975.1	AHCKDM_06809	True	True	7
GCF_053038975.1|AHCKDM_06810	GCF_053038975.1	AHCKDM_06810	True	True	5
GCF_053038975.1|AHCKDM_06811	GCF_053038975.1	AHCKDM_06811	True	True	10
GCF_053038975.1|AHCKDM_06812	GCF_053038975.1	AHCKDM_06812	True	True	5
GCF_053038975.1|AHCKDM_06813	GCF_053038975.1	AHCKDM_06813	True	True	7
GCF_053038975.1|AHCKDM_06814	GCF_053038975.1	AHCKDM_06814	True	True	6
GCF_053038975.1|AHCKDM_06815	GCF_053038975.1	AHCKDM_06815	True	True	9
GCF_053038975.1|AHCKDM_06816	GCF_053038975.1	AHCKDM_06816	True	True	9
GCF_053038975.1|AHCKDM_06817	GCF_053038975.1	AHCKDM_06817	True	True	6
GCF_053038975.1|AHCKDM_06818	GCF_053038975.1	AHCKDM_06818	True	True	7
GCF_053038975.1|AHCKDM_06821	GCF_053038975.1	AHCKDM_06821	True	True	2
GCF_053038975.1|AHCKDM_06828	GCF_053038975.1	AHCKDM_06828	True	True	1
GCF_053038975.1|AHCKDM_06829	GCF_053038975.1	AHCKDM_06829	True	True	8
GCF_053038975.1|AHCKDM_06830	GCF_053038975.1	AHCKDM_06830	True	True	5
GCF_053038975.1|AHCKDM_06831	GCF_053038975.1	AHCKDM_06831	True	True	6
GCF_053038975.1|AHCKDM_06832	GCF_053038975.1	AHCKDM_06832	True	True	7
GCF_053038975.1|AHCKDM_06833	GCF_053038975.1	AHCKDM_06833	True	True	8
GCF_053038975.1|AHCKDM_06834	GCF_053038975.1	AHCKDM_06834	True	True	10
GCF_053038975.1|AHCKDM_06835	GCF_053038975.1	AHCKDM_06835	True	True	9
GCF_053038975.1|AHCKDM_06836	GCF_053038975.1	AHCKDM_06836	True	True	4
GCF_053038975.1|AHCKDM_06837	GCF_053038975.1	AHCKDM_06837	True	True	5
GCF_053038975.1|AHCKDM_06838	GCF_053038975.1	AHCKDM_06838	True	True	4
GCF_053038975.1|AHCKDM_06839	GCF_053038975.1	AHCKDM_06839	True	True	2
GCF_053038975.1|AHCKDM_06840	GCF_053038975.1	AHCKDM_06840	True	True	6
GCF_053038975.1|AHCKDM_06841	GCF_053038975.1	AHCKDM_06841	True	True	2
GCF_053038975.1|AHCKDM_06842	GCF_053038975.1	AHCKDM_06842	True	True	5
GCF_053038975.1|AHCKDM_06843	GCF_053038975.1	AHCKDM_06843	True	True	6
GCF_053038975.1|AHCKDM_06844	GCF_053038975.1	AHCKDM_06844	True	True	5
GCF_053038975.1|AHCKDM_06846	GCF_053038975.1	AHCKDM_06846	True	True	5
GCF_053038975.1|AHCKDM_06847	GCF_053038975.1	AHCKDM_06847	True	True	4
GCF_053038975.1|AHCKDM_06848	GCF_053038975.1	AHCKDM_06848	True	True	1
GCF_053038975.1|AHCKDM_06849	GCF_053038975.1	AHCKDM_06849	True	True	2
GCF_053038975.1|AHCKDM_06850	GCF_053038975.1	AHCKDM_06850	True	True	9
GCF_053038975.1|AHCKDM_06851	GCF_053038975.1	AHCKDM_06851	True	True	4
GCF_053038975.1|AHCKDM_06852	GCF_053038975.1	AHCKDM_06852	True	True	7
GCF_053038975.1|AHCKDM_06854	GCF_053038975.1	AHCKDM_06854	True	True	9
GCF_053038975.1|AHCKDM_06855	GCF_053038975.1	AHCKDM_06855	True	True	5
GCF_053038975.1|AHCKDM_06856	GCF_053038975.1	AHCKDM_06856	True	True	6
GCF_053038975.1|AHCKDM_06857	GCF_053038975.1	AHCKDM_06857	True	True	6
GCF_053038975.1|AHCKDM_06858	GCF_053038975.1	AHCKDM_06858	True	True	5
GCF_053038975.1|AHCKDM_06859	GCF_053038975.1	AHCKDM_06859	False	False	1
GCF_053038975.1|AHCKDM_06860	GCF_053038975.1	AHCKDM_06860	True	True	6
GCF_053038975.1|AHCKDM_06861	GCF_053038975.1	AHCKDM_06861	True	True	7
GCF_053038975.1|AHCKDM_06862	GCF_053038975.1	AHCKDM_06862	True	True	3
GCF_053038975.1|AHCKDM_06863	GCF_053038975.1	AHCKDM_06863	True	True	4
GCF_053038975.1|AHCKDM_06865	GCF_053038975.1	AHCKDM_06865	True	True	4
GCF_053038975.1|AHCKDM_06866	GCF_053038975.1	AHCKDM_06866	True	True	2
GCF_053038975.1|AHCKDM_06867	GCF_053038975.1	AHCKDM_06867	True	True	2
GCF_053038975.1|AHCKDM_06868	GCF_053038975.1	AHCKDM_06868	True	True	5
GCF_053038975.1|AHCKDM_06869	GCF_053038975.1	AHCKDM_06869	True	True	7
GCF_053038975.1|AHCKDM_06870	GCF_053038975.1	AHCKDM_06870	True	True	1
GCF_053038975.1|AHCKDM_06871	GCF_053038975.1	AHCKDM_06871	True	True	4
GCF_053038975.1|AHCKDM_06872	GCF_053038975.1	AHCKDM_06872	True	True	6
GCF_053038975.1|AHCKDM_06873	GCF_053038975.1	AHCKDM_06873	True	True	7
GCF_053038975.1|AHCKDM_06874	GCF_053038975.1	AHCKDM_06874	True	True	7
GCF_053038975.1|AHCKDM_06876	GCF_053038975.1	AHCKDM_06876	True	True	6
GCF_053038975.1|AHCKDM_06877	GCF_053038975.1	AHCKDM_06877	True	True	7
GCF_053038975.1|AHCKDM_06878	GCF_053038975.1	AHCKDM_06878	True	True	7
GCF_053038975.1|AHCKDM_06879	GCF_053038975.1	AHCKDM_06879	True	True	10
GCF_053038975.1|AHCKDM_06880	GCF_053038975.1	AHCKDM_06880	True	True	9
GCF_053038975.1|AHCKDM_06881	GCF_053038975.1	AHCKDM_06881	False	False	2
GCF_053209605.1|GFFINM_05814	GCF_053209605.1	GFFINM_05814	True	True	3
GCF_053209605.1|GFFINM_05815	GCF_053209605.1	GFFINM_05815	True	True	6
GCF_053209605.1|GFFINM_05816	GCF_053209605.1	GFFINM_05816	True	True	7
GCF_053209605.1|GFFINM_05817	GCF_053209605.1	GFFINM_05817	True	True	6
GCF_053209605.1|GFFINM_05818	GCF_053209605.1	GFFINM_05818	True	True	4
GCF_053209605.1|GFFINM_05819	GCF_053209605.1	GFFINM_05819	True	True	8
GCF_053209605.1|GFFINM_05820	GCF_053209605.1	GFFINM_05820	True	True	4
GCF_053209605.1|GFFINM_05821	GCF_053209605.1	GFFINM_05821	True	True	1
GCF_053209605.1|GFFINM_05822	GCF_053209605.1	GFFINM_05822	True	True	7
GCF_053209605.1|GFFINM_05823	GCF_053209605.1	GFFINM_05823	True	True	4
GCF_053209605.1|GFFINM_05824	GCF_053209605.1	GFFINM_05824	True	True	1
GCF_053209605.1|GFFINM_05825	GCF_053209605.1	GFFINM_05825	True	True	6
GCF_053209605.1|GFFINM_05826	GCF_053209605.1	GFFINM_05826	True	True	7
GCF_053209605.1|GFFINM_05827	GCF_053209605.1	GFFINM_05827	True	True	6
GCF_053209605.1|GFFINM_05828	GCF_053209605.1	GFFINM_05828	True	True	1
GCF_053209605.1|GFFINM_05829	GCF_053209605.1	GFFINM_05829	True	True	2
GCF_053209605.1|GFFINM_05830	GCF_053209605.1	GFFINM_05830	True	True	7
GCF_053209605.1|GFFINM_05831	GCF_053209605.1	GFFINM_05831	True	True	7
GCF_053209605.1|GFFINM_05832	GCF_053209605.1	GFFINM_05832	True	True	8
GCF_053209605.1|GFFINM_05833	GCF_053209605.1	GFFINM_05833	True	True	7
GCF_053209605.1|GFFINM_05834	GCF_053209605.1	GFFINM_05834	True	True	6
GCF_053209605.1|GFFINM_05835	GCF_053209605.1	GFFINM_05835	True	True	7
GCF_053209605.1|GFFINM_05836	GCF_053209605.1	GFFINM_05836	True	True	8
GCF_053209605.1|GFFINM_05837	GCF_053209605.1	GFFINM_05837	True	True	7
GCF_053209605.1|GFFINM_05838	GCF_053209605.1	GFFINM_05838	True	True	9
GCF_053209605.1|GFFINM_05839	GCF_053209605.1	GFFINM_05839	True	True	6
GCF_053209605.1|GFFINM_05840	GCF_053209605.1	GFFINM_05840	True	True	7
GCF_053209605.1|GFFINM_05841	GCF_053209605.1	GFFINM_05841	True	True	4
GCF_053209605.1|GFFINM_05842	GCF_053209605.1	GFFINM_05842	True	True	8
GCF_053209605.1|GFFINM_05843	GCF_053209605.1	GFFINM_05843	True	True	9
GCF_053209605.1|GFFINM_05844	GCF_053209605.1	GFFINM_05844	True	True	5
GCF_053209605.1|GFFINM_05845	GCF_053209605.1	GFFINM_05845	True	True	6
GCF_053209605.1|GFFINM_05846	GCF_053209605.1	GFFINM_05846	True	True	2
GCF_053209605.1|GFFINM_05847	GCF_053209605.1	GFFINM_05847	True	True	6
GCF_053209605.1|GFFINM_05848	GCF_053209605.1	GFFINM_05848	True	True	7
GCF_053209605.1|GFFINM_05849	GCF_053209605.1	GFFINM_05849	True	True	7
GCF_053209605.1|GFFINM_05850	GCF_053209605.1	GFFINM_05850	False	False	2
GCF_053209605.1|GFFINM_05851	GCF_053209605.1	GFFINM_05851	True	True	6
GCF_053209605.1|GFFINM_05852	GCF_053209605.1	GFFINM_05852	True	True	3
GCF_053209605.1|GFFINM_05853	GCF_053209605.1	GFFINM_05853	True	True	6
GCF_053209605.1|GFFINM_05854	GCF_053209605.1	GFFINM_05854	False	False	1
GCF_053209605.1|GFFINM_05856	GCF_053209605.1	GFFINM_05856	True	True	4
GCF_053209605.1|GFFINM_05857	GCF_053209605.1	GFFINM_05857	True	True	6
GCF_053209605.1|GFFINM_05858	GCF_053209605.1	GFFINM_05858	True	True	8
GCF_053209605.1|GFFINM_05859	GCF_053209605.1	GFFINM_05859	True	True	6
GCF_053209605.1|GFFINM_05860	GCF_053209605.1	GFFINM_05860	True	True	5
GCF_053209605.1|GFFINM_05861	GCF_053209605.1	GFFINM_05861	True	True	5
GCF_053209605.1|GFFINM_05862	GCF_053209605.1	GFFINM_05862	True	True	2
GCF_053209605.1|GFFINM_05863	GCF_053209605.1	GFFINM_05863	True	True	2
GCF_053209605.1|GFFINM_05864	GCF_053209605.1	GFFINM_05864	False	False	1
GCF_053209605.1|GFFINM_05865	GCF_053209605.1	GFFINM_05865	True	True	8
GCF_053209605.1|GFFINM_05866	GCF_053209605.1	GFFINM_05866	True	True	6
GCF_053209605.1|GFFINM_05867	GCF_053209605.1	GFFINM_05867	True	True	7
GCF_053209605.1|GFFINM_05868	GCF_053209605.1	GFFINM_05868	True	True	5
GCF_053209605.1|GFFINM_05869	GCF_053209605.1	GFFINM_05869	True	True	3
GCF_053209605.1|GFFINM_05870	GCF_053209605.1	GFFINM_05870	True	True	8
GCF_053209605.1|GFFINM_05871	GCF_053209605.1	GFFINM_05871	True	True	10
GCF_053209605.1|GFFINM_05872	GCF_053209605.1	GFFINM_05872	True	True	7
GCF_053209605.1|GFFINM_05873	GCF_053209605.1	GFFINM_05873	True	True	7
GCF_053209605.1|GFFINM_05874	GCF_053209605.1	GFFINM_05874	False	False	1
GCF_053209605.1|GFFINM_05875	GCF_053209605.1	GFFINM_05875	True	True	2
GCF_053209605.1|GFFINM_05876	GCF_053209605.1	GFFINM_05876	True	True	5
GCF_053209605.1|GFFINM_05877	GCF_053209605.1	GFFINM_05877	True	True	6
GCF_053209605.1|GFFINM_05878	GCF_053209605.1	GFFINM_05878	True	True	7
GCF_053209605.1|GFFINM_05879	GCF_053209605.1	GFFINM_05879	True	True	7
GCF_053209605.1|GFFINM_05880	GCF_053209605.1	GFFINM_05880	True	True	10
GCF_053209605.1|GFFINM_05881	GCF_053209605.1	GFFINM_05881	True	True	5
GCF_053209605.1|GFFINM_05882	GCF_053209605.1	GFFINM_05882	True	True	10
GCF_053209605.1|GFFINM_05883	GCF_053209605.1	GFFINM_05883	True	True	6
GCF_053209605.1|GFFINM_05884	GCF_053209605.1	GFFINM_05884	True	True	6
GCF_053209605.1|GFFINM_05885	GCF_053209605.1	GFFINM_05885	True	True	8
GCF_053209605.1|GFFINM_05887	GCF_053209605.1	GFFINM_05887	True	True	6
GCF_053209605.1|GFFINM_05888	GCF_053209605.1	GFFINM_05888	True	True	8
GCF_053209605.1|GFFINM_05889	GCF_053209605.1	GFFINM_05889	True	True	6
GCF_053209605.1|GFFINM_05890	GCF_053209605.1	GFFINM_05890	True	True	3
GCF_053209605.1|GFFINM_05891	GCF_053209605.1	GFFINM_05891	True	True	4
GCF_053209605.1|GFFINM_05892	GCF_053209605.1	GFFINM_05892	True	True	8
GCF_053209605.1|GFFINM_05893	GCF_053209605.1	GFFINM_05893	True	True	8
GCF_053209605.1|GFFINM_05894	GCF_053209605.1	GFFINM_05894	True	True	7
GCF_053209605.1|GFFINM_05895	GCF_053209605.1	GFFINM_05895	True	True	2
GCF_053209605.1|GFFINM_05896	GCF_053209605.1	GFFINM_05896	True	True	4
GCF_053209605.1|GFFINM_05898	GCF_053209605.1	GFFINM_05898	False	False	2
GCF_053209605.1|GFFINM_05899	GCF_053209605.1	GFFINM_05899	True	True	4
GCF_053209605.1|GFFINM_05900	GCF_053209605.1	GFFINM_05900	True	True	4
GCF_053209605.1|GFFINM_05901	GCF_053209605.1	GFFINM_05901	True	True	1
GCF_053209605.1|GFFINM_05903	GCF_053209605.1	GFFINM_05903	True	True	6
GCF_053209605.1|GFFINM_05904	GCF_053209605.1	GFFINM_05904	True	True	6
GCF_053209605.1|GFFINM_05905	GCF_053209605.1	GFFINM_05905	True	True	6
GCF_053209605.1|GFFINM_05906	GCF_053209605.1	GFFINM_05906	True	True	8
GCF_053209605.1|GFFINM_05907	GCF_053209605.1	GFFINM_05907	True	True	7
GCF_053209605.1|GFFINM_05908	GCF_053209605.1	GFFINM_05908	True	True	2
GCF_053209605.1|GFFINM_05909	GCF_053209605.1	GFFINM_05909	True	True	5
GCF_053209605.1|GFFINM_05910	GCF_053209605.1	GFFINM_05910	True	True	5
GCF_053209605.1|GFFINM_05911	GCF_053209605.1	GFFINM_05911	True	True	8
GCF_053209605.1|GFFINM_05912	GCF_053209605.1	GFFINM_05912	True	True	7
GCF_053209605.1|GFFINM_05913	GCF_053209605.1	GFFINM_05913	True	True	8
GCF_053209605.1|GFFINM_05914	GCF_053209605.1	GFFINM_05914	True	True	3
GCF_053209605.1|GFFINM_05915	GCF_053209605.1	GFFINM_05915	True	True	4
GCF_053209605.1|GFFINM_05916	GCF_053209605.1	GFFINM_05916	True	True	7
GCF_053209605.1|GFFINM_05917	GCF_053209605.1	GFFINM_05917	True	True	6
GCF_053209605.1|GFFINM_05918	GCF_053209605.1	GFFINM_05918	True	True	6
GCF_053209605.1|GFFINM_05919	GCF_053209605.1	GFFINM_05919	True	True	7
GCF_053209605.1|GFFINM_05920	GCF_053209605.1	GFFINM_05920	True	True	7
GCF_053209605.1|GFFINM_05923	GCF_053209605.1	GFFINM_05923	True	True	6
GCF_053209605.1|GFFINM_05924	GCF_053209605.1	GFFINM_05924	True	True	10
GCF_053209605.1|GFFINM_05925	GCF_053209605.1	GFFINM_05925	True	True	3
GCF_053209605.1|GFFINM_05926	GCF_053209605.1	GFFINM_05926	True	True	7
GCF_053209605.1|GFFINM_05927	GCF_053209605.1	GFFINM_05927	True	True	5
GCF_053209605.1|GFFINM_05928	GCF_053209605.1	GFFINM_05928	True	True	3
GCF_053209605.1|GFFINM_05929	GCF_053209605.1	GFFINM_05929	True	True	7
GCF_053209605.1|GFFINM_05930	GCF_053209605.1	GFFINM_05930	True	True	4
GCF_053209605.1|GFFINM_05931	GCF_053209605.1	GFFINM_05931	True	True	7
GCF_053209605.1|GFFINM_05932	GCF_053209605.1	GFFINM_05932	True	True	5
GCF_053209605.1|GFFINM_05933	GCF_053209605.1	GFFINM_05933	True	True	6
GCF_053209605.1|GFFINM_05934	GCF_053209605.1	GFFINM_05934	True	True	5
GCF_053209605.1|GFFINM_05936	GCF_053209605.1	GFFINM_05936	True	True	3
GCF_053209605.1|GFFINM_05937	GCF_053209605.1	GFFINM_05937	True	True	3
GCF_053209605.1|GFFINM_05938	GCF_053209605.1	GFFINM_05938	True	True	6
GCF_053209605.1|GFFINM_05939	GCF_053209605.1	GFFINM_05939	True	True	3
GCF_053209605.1|GFFINM_05940	GCF_053209605.1	GFFINM_05940	True	True	4
GCF_053209605.1|GFFINM_05941	GCF_053209605.1	GFFINM_05941	False	False	1
GCF_053209605.1|GFFINM_05942	GCF_053209605.1	GFFINM_05942	True	True	5
GCF_053209605.1|GFFINM_05944	GCF_053209605.1	GFFINM_05944	True	True	3
GCF_053209605.1|GFFINM_05945	GCF_053209605.1	GFFINM_05945	True	True	6
GCF_053209605.1|GFFINM_05946	GCF_053209605.1	GFFINM_05946	True	True	4
GCF_053209605.1|GFFINM_05947	GCF_053209605.1	GFFINM_05947	True	True	5
GCF_053209605.1|GFFINM_05948	GCF_053209605.1	GFFINM_05948	True	True	4
GCF_053209605.1|GFFINM_05949	GCF_053209605.1	GFFINM_05949	True	True	4
GCF_053209605.1|GFFINM_05950	GCF_053209605.1	GFFINM_05950	True	True	2
GCF_053209605.1|GFFINM_05951	GCF_053209605.1	GFFINM_05951	True	True	6
GCF_053209605.1|GFFINM_05952	GCF_053209605.1	GFFINM_05952	True	True	5
GCF_053209605.1|GFFINM_05953	GCF_053209605.1	GFFINM_05953	True	True	3
GCF_053209605.1|GFFINM_05954	GCF_053209605.1	GFFINM_05954	True	True	4
GCF_053209605.1|GFFINM_05955	GCF_053209605.1	GFFINM_05955	False	False	1
GCF_053209605.1|GFFINM_05957	GCF_053209605.1	GFFINM_05957	True	True	4
GCF_053209605.1|GFFINM_05959	GCF_053209605.1	GFFINM_05959	False	False	1
GCF_053209605.1|GFFINM_05960	GCF_053209605.1	GFFINM_05960	True	True	4
GCF_053209605.1|GFFINM_05961	GCF_053209605.1	GFFINM_05961	True	True	2
GCF_053209605.1|GFFINM_05962	GCF_053209605.1	GFFINM_05962	True	True	8
GCF_053209605.1|GFFINM_05963	GCF_053209605.1	GFFINM_05963	True	True	6
GCF_053209605.1|GFFINM_05964	GCF_053209605.1	GFFINM_05964	True	True	3
GCF_053209605.1|GFFINM_05965	GCF_053209605.1	GFFINM_05965	True	True	2
GCF_053209605.1|GFFINM_05966	GCF_053209605.1	GFFINM_05966	True	True	8
GCF_053209605.1|GFFINM_05967	GCF_053209605.1	GFFINM_05967	True	True	5
GCF_053209605.1|GFFINM_05968	GCF_053209605.1	GFFINM_05968	True	True	9
GCF_053209605.1|GFFINM_05969	GCF_053209605.1	GFFINM_05969	True	True	6
GCF_053209605.1|GFFINM_05970	GCF_053209605.1	GFFINM_05970	True	True	5
GCF_053209605.1|GFFINM_05971	GCF_053209605.1	GFFINM_05971	True	True	8
GCF_053209605.1|GFFINM_05972	GCF_053209605.1	GFFINM_05972	True	True	3
GCF_053209605.1|GFFINM_05973	GCF_053209605.1	GFFINM_05973	True	True	5
GCF_053209605.1|GFFINM_05975	GCF_053209605.1	GFFINM_05975	True	True	8
GCF_053209605.1|GFFINM_05976	GCF_053209605.1	GFFINM_05976	True	True	8
GCF_053209605.1|GFFINM_05977	GCF_053209605.1	GFFINM_05977	True	True	6
GCF_053209605.1|GFFINM_05978	GCF_053209605.1	GFFINM_05978	True	True	8
GCF_053209605.1|GFFINM_05980	GCF_053209605.1	GFFINM_05980	True	True	1
GCF_053209605.1|GFFINM_05981	GCF_053209605.1	GFFINM_05981	True	True	7
GCF_053209605.1|GFFINM_05982	GCF_053209605.1	GFFINM_05982	True	True	7
GCF_053209605.1|GFFINM_05983	GCF_053209605.1	GFFINM_05983	True	True	6
GCF_053209605.1|GFFINM_05984	GCF_053209605.1	GFFINM_05984	True	True	6
GCF_053209605.1|GFFINM_05985	GCF_053209605.1	GFFINM_05985	True	True	4
GCF_053209605.1|GFFINM_05986	GCF_053209605.1	GFFINM_05986	True	True	7
GCF_053209605.1|GFFINM_05987	GCF_053209605.1	GFFINM_05987	True	True	7
GCF_053209605.1|GFFINM_05988	GCF_053209605.1	GFFINM_05988	True	True	8
GCF_053209605.1|GFFINM_05989	GCF_053209605.1	GFFINM_05989	True	True	6
GCF_053209605.1|GFFINM_05990	GCF_053209605.1	GFFINM_05990	True	True	8
GCF_053209605.1|GFFINM_05991	GCF_053209605.1	GFFINM_05991	True	True	7
GCF_053209605.1|GFFINM_05992	GCF_053209605.1	GFFINM_05992	True	True	8
GCF_053209605.1|GFFINM_05993	GCF_053209605.1	GFFINM_05993	True	True	5
GCF_053209605.1|GFFINM_05994	GCF_053209605.1	GFFINM_05994	True	True	7
GCF_053209605.1|GFFINM_05995	GCF_053209605.1	GFFINM_05995	True	True	6
GCF_053209605.1|GFFINM_05996	GCF_053209605.1	GFFINM_05996	True	True	7
GCF_053209605.1|GFFINM_05997	GCF_053209605.1	GFFINM_05997	True	True	9
GCF_053209605.1|GFFINM_05998	GCF_053209605.1	GFFINM_05998	True	True	6
GCF_053209605.1|GFFINM_05999	GCF_053209605.1	GFFINM_05999	True	True	7
GCF_053209605.1|GFFINM_06000	GCF_053209605.1	GFFINM_06000	True	True	6
GCF_053209605.1|GFFINM_06002	GCF_053209605.1	GFFINM_06002	True	True	7
GCF_053209605.1|GFFINM_06005	GCF_053209605.1	GFFINM_06005	True	True	1
GCF_053209605.1|GFFINM_06006	GCF_053209605.1	GFFINM_06006	True	True	4
GCF_053209605.1|GFFINM_06007	GCF_053209605.1	GFFINM_06007	True	True	1
GCF_053209605.1|GFFINM_06008	GCF_053209605.1	GFFINM_06008	True	True	2
GCF_053209605.1|GFFINM_06009	GCF_053209605.1	GFFINM_06009	True	True	4
GCF_053209605.1|GFFINM_06010	GCF_053209605.1	GFFINM_06010	True	True	5
GCF_053209605.1|GFFINM_06011	GCF_053209605.1	GFFINM_06011	True	True	5
GCF_053209605.1|GFFINM_06012	GCF_053209605.1	GFFINM_06012	True	True	7
GCF_053209605.1|GFFINM_06013	GCF_053209605.1	GFFINM_06013	True	True	6
GCF_053209605.1|GFFINM_06014	GCF_053209605.1	GFFINM_06014	True	True	5
GCF_053209605.1|GFFINM_06015	GCF_053209605.1	GFFINM_06015	True	True	7
GCF_053209605.1|GFFINM_06016	GCF_053209605.1	GFFINM_06016	True	True	6
GCF_053209605.1|GFFINM_06018	GCF_053209605.1	GFFINM_06018	True	True	6
GCF_053209605.1|GFFINM_06019	GCF_053209605.1	GFFINM_06019	True	True	8
GCF_053209605.1|GFFINM_06020	GCF_053209605.1	GFFINM_06020	True	True	10
GCF_053209605.1|GFFINM_06021	GCF_053209605.1	GFFINM_06021	True	True	5
GCF_053209605.1|GFFINM_06022	GCF_053209605.1	GFFINM_06022	True	True	9
GCF_053209605.1|GFFINM_06024	GCF_053209605.1	GFFINM_06024	False	False	1
GCF_053209605.1|GFFINM_06025	GCF_053209605.1	GFFINM_06025	True	True	6
GCF_053209605.1|GFFINM_06026	GCF_053209605.1	GFFINM_06026	True	True	3
GCF_053209605.1|GFFINM_06027	GCF_053209605.1	GFFINM_06027	True	True	3
GCF_053209605.1|GFFINM_06029	GCF_053209605.1	GFFINM_06029	True	True	10
GCF_053209605.1|GFFINM_06030	GCF_053209605.1	GFFINM_06030	True	True	5
GCF_053209605.1|GFFINM_06031	GCF_053209605.1	GFFINM_06031	True	True	6
GCF_053209605.1|GFFINM_06032	GCF_053209605.1	GFFINM_06032	True	True	8
GCF_053209605.1|GFFINM_06033	GCF_053209605.1	GFFINM_06033	True	True	5
GCF_053209605.1|GFFINM_06034	GCF_053209605.1	GFFINM_06034	True	True	4
GCF_053209605.1|GFFINM_06035	GCF_053209605.1	GFFINM_06035	True	True	8
GCF_053209605.1|GFFINM_06036	GCF_053209605.1	GFFINM_06036	True	True	9
GCF_053209605.1|GFFINM_06037	GCF_053209605.1	GFFINM_06037	True	True	7
GCF_053209605.1|GFFINM_06038	GCF_053209605.1	GFFINM_06038	True	True	7
GCF_053209605.1|GFFINM_06039	GCF_053209605.1	GFFINM_06039	True	True	8
GCF_053209605.1|GFFINM_06040	GCF_053209605.1	GFFINM_06040	True	True	7
GCF_053209605.1|GFFINM_06041	GCF_053209605.1	GFFINM_06041	True	True	7
GCF_053209605.1|GFFINM_06042	GCF_053209605.1	GFFINM_06042	True	True	8
GCF_053209605.1|GFFINM_06043	GCF_053209605.1	GFFINM_06043	True	True	4
GCF_053209605.1|GFFINM_06044	GCF_053209605.1	GFFINM_06044	True	True	4
GCF_053209605.1|GFFINM_06045	GCF_053209605.1	GFFINM_06045	True	True	7
GCF_053209605.1|GFFINM_06046	GCF_053209605.1	GFFINM_06046	True	True	7
GCF_053209605.1|GFFINM_06047	GCF_053209605.1	GFFINM_06047	True	True	8
GCF_053209605.1|GFFINM_06048	GCF_053209605.1	GFFINM_06048	True	True	5
GCF_053209605.1|GFFINM_06049	GCF_053209605.1	GFFINM_06049	True	True	7
GCF_053209605.1|GFFINM_06050	GCF_053209605.1	GFFINM_06050	True	True	6
GCF_053209605.1|GFFINM_06051	GCF_053209605.1	GFFINM_06051	True	True	2
GCF_053209605.1|GFFINM_06052	GCF_053209605.1	GFFINM_06052	True	True	3
GCF_053209605.1|GFFINM_06055	GCF_053209605.1	GFFINM_06055	True	True	5
GCF_053209605.1|GFFINM_06056	GCF_053209605.1	GFFINM_06056	True	True	8
GCF_053209605.1|GFFINM_06057	GCF_053209605.1	GFFINM_06057	True	True	4
GCF_053209605.1|GFFINM_06058	GCF_053209605.1	GFFINM_06058	True	True	5
GCF_053209605.1|GFFINM_06059	GCF_053209605.1	GFFINM_06059	True	True	4
GCF_053209605.1|GFFINM_06060	GCF_053209605.1	GFFINM_06060	True	True	6
GCF_053209605.1|GFFINM_06061	GCF_053209605.1	GFFINM_06061	True	True	6
GCF_053209605.1|GFFINM_06062	GCF_053209605.1	GFFINM_06062	True	True	4
GCF_053209605.1|GFFINM_06063	GCF_053209605.1	GFFINM_06063	True	True	6
GCF_053209605.1|GFFINM_06064	GCF_053209605.1	GFFINM_06064	True	True	5
GCF_053209605.1|GFFINM_06065	GCF_053209605.1	GFFINM_06065	True	True	4
GCF_053209605.1|GFFINM_06066	GCF_053209605.1	GFFINM_06066	True	True	6
GCF_053209605.1|GFFINM_06067	GCF_053209605.1	GFFINM_06067	True	True	1
GCF_053209605.1|GFFINM_06068	GCF_053209605.1	GFFINM_06068	True	True	6
GCF_053209605.1|GFFINM_06069	GCF_053209605.1	GFFINM_06069	True	True	6
GCF_053209605.1|GFFINM_06070	GCF_053209605.1	GFFINM_06070	True	True	6
GCF_053209605.1|GFFINM_06071	GCF_053209605.1	GFFINM_06071	True	True	4
GCF_053209605.1|GFFINM_06072	GCF_053209605.1	GFFINM_06072	True	True	6
GCF_053209605.1|GFFINM_06073	GCF_053209605.1	GFFINM_06073	True	True	2
GCF_053209605.1|GFFINM_06074	GCF_053209605.1	GFFINM_06074	True	True	2
GCF_053209605.1|GFFINM_06075	GCF_053209605.1	GFFINM_06075	True	True	2
GCF_053209605.1|GFFINM_06076	GCF_053209605.1	GFFINM_06076	True	True	6
GCF_053209605.1|GFFINM_06077	GCF_053209605.1	GFFINM_06077	True	True	1
GCF_053209605.1|GFFINM_06078	GCF_053209605.1	GFFINM_06078	True	True	1
GCF_053209605.1|GFFINM_06080	GCF_053209605.1	GFFINM_06080	True	True	1
GCF_053209605.1|GFFINM_06081	GCF_053209605.1	GFFINM_06081	True	True	1
GCF_053209605.1|GFFINM_06083	GCF_053209605.1	GFFINM_06083	True	True	3
GCF_053209605.1|GFFINM_06084	GCF_053209605.1	GFFINM_06084	True	True	3
GCF_053209605.1|GFFINM_06085	GCF_053209605.1	GFFINM_06085	True	True	4
GCF_053209605.1|GFFINM_06086	GCF_053209605.1	GFFINM_06086	True	True	4
GCF_053209605.1|GFFINM_06087	GCF_053209605.1	GFFINM_06087	True	False	1
GCF_053209605.1|GFFINM_06088	GCF_053209605.1	GFFINM_06088	True	True	1
GCF_053209605.1|GFFINM_06089	GCF_053209605.1	GFFINM_06089	True	True	1
GCF_053209605.1|GFFINM_06090	GCF_053209605.1	GFFINM_06090	True	True	1
GCF_053209605.1|GFFINM_06091	GCF_053209605.1	GFFINM_06091	True	True	5
GCF_053209605.1|GFFINM_06092	GCF_053209605.1	GFFINM_06092	True	True	8
GCF_053209605.1|GFFINM_06093	GCF_053209605.1	GFFINM_06093	True	True	3
GCF_053209605.1|GFFINM_06094	GCF_053209605.1	GFFINM_06094	True	True	2
GCF_053209605.1|GFFINM_06095	GCF_053209605.1	GFFINM_06095	True	True	1
GCF_053209605.1|GFFINM_06096	GCF_053209605.1	GFFINM_06096	True	True	5
GCF_053209605.1|GFFINM_06097	GCF_053209605.1	GFFINM_06097	True	True	3
GCF_053209605.1|GFFINM_06098	GCF_053209605.1	GFFINM_06098	True	True	8
GCF_053209605.1|GFFINM_06099	GCF_053209605.1	GFFINM_06099	True	True	4
GCF_053209605.1|GFFINM_06100	GCF_053209605.1	GFFINM_06100	True	True	6
GCF_053209605.1|GFFINM_06101	GCF_053209605.1	GFFINM_06101	True	True	6
GCF_053209605.1|GFFINM_06102	GCF_053209605.1	GFFINM_06102	True	True	9
GCF_053209605.1|GFFINM_06103	GCF_053209605.1	GFFINM_06103	True	True	10
GCF_053209605.1|GFFINM_06104	GCF_053209605.1	GFFINM_06104	True	True	8
GCF_053209605.1|GFFINM_06105	GCF_053209605.1	GFFINM_06105	True	True	11
GCF_053209605.1|GFFINM_06106	GCF_053209605.1	GFFINM_06106	True	True	7
GCF_053209605.1|GFFINM_06107	GCF_053209605.1	GFFINM_06107	True	True	6
GCF_053209605.1|GFFINM_06108	GCF_053209605.1	GFFINM_06108	True	True	5
GCF_053209605.1|GFFINM_06109	GCF_053209605.1	GFFINM_06109	True	True	4
GCF_053209605.1|GFFINM_06111	GCF_053209605.1	GFFINM_06111	True	True	5
GCF_053209605.1|GFFINM_06112	GCF_053209605.1	GFFINM_06112	True	True	7
GCF_053209605.1|GFFINM_06113	GCF_053209605.1	GFFINM_06113	True	True	8
GCF_053209605.1|GFFINM_06114	GCF_053209605.1	GFFINM_06114	True	True	5
GCF_053209605.1|GFFINM_06115	GCF_053209605.1	GFFINM_06115	True	True	5
GCF_053209605.1|GFFINM_06116	GCF_053209605.1	GFFINM_06116	True	True	4
GCF_053209605.1|GFFINM_06119	GCF_053209605.1	GFFINM_06119	True	True	9
GCF_053209605.1|GFFINM_06120	GCF_053209605.1	GFFINM_06120	True	True	5
GCF_053209605.1|GFFINM_06121	GCF_053209605.1	GFFINM_06121	True	True	8
GCF_053209605.1|GFFINM_06122	GCF_053209605.1	GFFINM_06122	True	True	8
GCF_053209605.1|GFFINM_06123	GCF_053209605.1	GFFINM_06123	True	True	8
GCF_053209605.1|GFFINM_06124	GCF_053209605.1	GFFINM_06124	True	True	7
GCF_053209605.1|GFFINM_06125	GCF_053209605.1	GFFINM_06125	True	True	7
GCF_053209605.1|GFFINM_06126	GCF_053209605.1	GFFINM_06126	True	True	6
GCF_053209605.1|GFFINM_06127	GCF_053209605.1	GFFINM_06127	True	True	7
GCF_053209605.1|GFFINM_06128	GCF_053209605.1	GFFINM_06128	True	True	8
GCF_053209605.1|GFFINM_06129	GCF_053209605.1	GFFINM_06129	True	True	6
GCF_053209605.1|GFFINM_06130	GCF_053209605.1	GFFINM_06130	True	True	7
GCF_053209605.1|GFFINM_06131	GCF_053209605.1	GFFINM_06131	True	True	4
GCF_053209605.1|GFFINM_06132	GCF_053209605.1	GFFINM_06132	True	True	5
GCF_053209605.1|GFFINM_06133	GCF_053209605.1	GFFINM_06133	True	True	7
GCF_053209605.1|GFFINM_06134	GCF_053209605.1	GFFINM_06134	True	False	1
GCF_053209605.1|GFFINM_06135	GCF_053209605.1	GFFINM_06135	True	True	6
GCF_053209605.1|GFFINM_06136	GCF_053209605.1	GFFINM_06136	True	True	3
GCF_053209605.1|GFFINM_06137	GCF_053209605.1	GFFINM_06137	True	True	6
GCF_053209605.1|GFFINM_06138	GCF_053209605.1	GFFINM_06138	True	True	6
GCF_053209605.1|GFFINM_06139	GCF_053209605.1	GFFINM_06139	True	True	5
GCF_053209605.1|GFFINM_06141	GCF_053209605.1	GFFINM_06141	True	True	6
GCF_053209605.1|GFFINM_06142	GCF_053209605.1	GFFINM_06142	True	True	6
GCF_053209605.1|GFFINM_06143	GCF_053209605.1	GFFINM_06143	True	True	6
GCF_053209605.1|GFFINM_06144	GCF_053209605.1	GFFINM_06144	True	True	8
GCF_053209605.1|GFFINM_06145	GCF_053209605.1	GFFINM_06145	True	True	11
GCF_053209605.1|GFFINM_06146	GCF_053209605.1	GFFINM_06146	True	True	8
GCF_053209605.1|GFFINM_06147	GCF_053209605.1	GFFINM_06147	True	True	6
GCF_053209605.1|GFFINM_06148	GCF_053209605.1	GFFINM_06148	True	True	6
GCF_053209605.1|GFFINM_06149	GCF_053209605.1	GFFINM_06149	True	True	7
GCF_053209605.1|GFFINM_06150	GCF_053209605.1	GFFINM_06150	True	True	6
GCF_053209605.1|GFFINM_06152	GCF_053209605.1	GFFINM_06152	True	True	10
GCF_053209605.1|GFFINM_06153	GCF_053209605.1	GFFINM_06153	True	True	5
GCF_053209605.1|GFFINM_06154	GCF_053209605.1	GFFINM_06154	True	True	7
GCF_053209605.1|GFFINM_06155	GCF_053209605.1	GFFINM_06155	True	True	6
GCF_053209605.1|GFFINM_06156	GCF_053209605.1	GFFINM_06156	True	True	1
GCF_053209605.1|GFFINM_06157	GCF_053209605.1	GFFINM_06157	True	True	4
GCF_053209605.1|GFFINM_06158	GCF_053209605.1	GFFINM_06158	True	True	10
GCF_053209605.1|GFFINM_06159	GCF_053209605.1	GFFINM_06159	True	True	5
GCF_053209605.1|GFFINM_06160	GCF_053209605.1	GFFINM_06160	True	True	7
GCF_053209605.1|GFFINM_06161	GCF_053209605.1	GFFINM_06161	True	True	1
GCF_053209605.1|GFFINM_06162	GCF_053209605.1	GFFINM_06162	True	True	5
GCF_053209605.1|GFFINM_06163	GCF_053209605.1	GFFINM_06163	True	True	7
GCF_053209605.1|GFFINM_06164	GCF_053209605.1	GFFINM_06164	True	True	9
GCF_053209605.1|GFFINM_06165	GCF_053209605.1	GFFINM_06165	True	True	5
GCF_053209605.1|GFFINM_06166	GCF_053209605.1	GFFINM_06166	True	True	6
GCF_053209605.1|GFFINM_06167	GCF_053209605.1	GFFINM_06167	True	True	8
GCF_053209605.1|GFFINM_06168	GCF_053209605.1	GFFINM_06168	True	True	4
GCF_053209605.1|GFFINM_06169	GCF_053209605.1	GFFINM_06169	True	True	6
GCF_053209605.1|GFFINM_06170	GCF_053209605.1	GFFINM_06170	True	True	3
GCF_053209605.1|GFFINM_06171	GCF_053209605.1	GFFINM_06171	True	True	5
GCF_053209605.1|GFFINM_06173	GCF_053209605.1	GFFINM_06173	True	True	4
GCF_053209605.1|GFFINM_06174	GCF_053209605.1	GFFINM_06174	True	True	2
GCF_053209605.1|GFFINM_06175	GCF_053209605.1	GFFINM_06175	True	True	5
GCF_053209605.1|GFFINM_06176	GCF_053209605.1	GFFINM_06176	True	True	8
GCF_053209605.1|GFFINM_06177	GCF_053209605.1	GFFINM_06177	True	True	8
GCF_053209605.1|GFFINM_06179	GCF_053209605.1	GFFINM_06179	True	True	8
GCF_053209605.1|GFFINM_06180	GCF_053209605.1	GFFINM_06180	True	True	8
GCF_053209605.1|GFFINM_06181	GCF_053209605.1	GFFINM_06181	True	True	7
GCF_053209605.1|GFFINM_06182	GCF_053209605.1	GFFINM_06182	True	True	8
GCF_053209605.1|GFFINM_06183	GCF_053209605.1	GFFINM_06183	True	True	9
GCF_053209605.1|GFFINM_06184	GCF_053209605.1	GFFINM_06184	True	True	8
GCF_053209605.1|GFFINM_06185	GCF_053209605.1	GFFINM_06185	True	True	10
GCF_053209605.1|GFFINM_06186	GCF_053209605.1	GFFINM_06186	True	True	5
GCF_053209605.1|GFFINM_06188	GCF_053209605.1	GFFINM_06188	True	True	6
GCF_053209605.1|GFFINM_06189	GCF_053209605.1	GFFINM_06189	True	True	9
GCF_053209605.1|GFFINM_06190	GCF_053209605.1	GFFINM_06190	True	True	10
GCF_053209605.1|GFFINM_06191	GCF_053209605.1	GFFINM_06191	False	False	1
GCF_053209605.1|GFFINM_06193	GCF_053209605.1	GFFINM_06193	True	True	5
GCF_053209605.1|GFFINM_06194	GCF_053209605.1	GFFINM_06194	True	True	4
GCF_053209605.1|GFFINM_06195	GCF_053209605.1	GFFINM_06195	True	True	8
GCF_053209605.1|GFFINM_06196	GCF_053209605.1	GFFINM_06196	True	True	6
GCF_053209605.1|GFFINM_06197	GCF_053209605.1	GFFINM_06197	True	True	6
GCF_053209605.1|GFFINM_06198	GCF_053209605.1	GFFINM_06198	True	True	4
GCF_053209605.1|GFFINM_06199	GCF_053209605.1	GFFINM_06199	True	True	5
GCF_053209605.1|GFFINM_06200	GCF_053209605.1	GFFINM_06200	True	True	3
GCF_053209605.1|GFFINM_06201	GCF_053209605.1	GFFINM_06201	True	True	5
GCF_053209605.1|GFFINM_06202	GCF_053209605.1	GFFINM_06202	True	True	7
GCF_053209605.1|GFFINM_06203	GCF_053209605.1	GFFINM_06203	True	True	4
GCF_053209605.1|GFFINM_06204	GCF_053209605.1	GFFINM_06204	True	True	6
GCF_053209605.1|GFFINM_06205	GCF_053209605.1	GFFINM_06205	True	True	6
GCF_053209605.1|GFFINM_06206	GCF_053209605.1	GFFINM_06206	True	True	5
GCF_053209605.1|GFFINM_06207	GCF_053209605.1	GFFINM_06207	True	True	6
GCF_053209605.1|GFFINM_06208	GCF_053209605.1	GFFINM_06208	True	True	4
GCF_053209605.1|GFFINM_06209	GCF_053209605.1	GFFINM_06209	True	True	9
GCF_053209605.1|GFFINM_06210	GCF_053209605.1	GFFINM_06210	True	True	6
GCF_053209605.1|GFFINM_06211	GCF_053209605.1	GFFINM_06211	True	True	4
GCF_053209605.1|GFFINM_06213	GCF_053209605.1	GFFINM_06213	True	True	5
GCF_053209605.1|GFFINM_06214	GCF_053209605.1	GFFINM_06214	True	True	7
GCF_053209605.1|GFFINM_06215	GCF_053209605.1	GFFINM_06215	True	True	8
GCF_053209605.1|GFFINM_06216	GCF_053209605.1	GFFINM_06216	True	True	9
GCF_053209605.1|GFFINM_06217	GCF_053209605.1	GFFINM_06217	True	True	3
GCF_053209605.1|GFFINM_06218	GCF_053209605.1	GFFINM_06218	True	True	5
GCF_053209605.1|GFFINM_06219	GCF_053209605.1	GFFINM_06219	True	True	5
GCF_053209605.1|GFFINM_06220	GCF_053209605.1	GFFINM_06220	True	True	4
GCF_053209605.1|GFFINM_06221	GCF_053209605.1	GFFINM_06221	True	True	6
GCF_053209605.1|GFFINM_06222	GCF_053209605.1	GFFINM_06222	True	True	4
GCF_053209605.1|GFFINM_06223	GCF_053209605.1	GFFINM_06223	True	True	5
GCF_053209605.1|GFFINM_06224	GCF_053209605.1	GFFINM_06224	False	False	1
GCF_053209605.1|GFFINM_06225	GCF_053209605.1	GFFINM_06225	True	True	6
GCF_053209605.1|GFFINM_06226	GCF_053209605.1	GFFINM_06226	True	True	10
GCF_053209605.1|GFFINM_06227	GCF_053209605.1	GFFINM_06227	True	True	9
GCF_053209605.1|GFFINM_06228	GCF_053209605.1	GFFINM_06228	True	True	4
GCF_053209605.1|GFFINM_06229	GCF_053209605.1	GFFINM_06229	True	True	6
GCF_053209605.1|GFFINM_06230	GCF_053209605.1	GFFINM_06230	True	True	8
GCF_053209605.1|GFFINM_06231	GCF_053209605.1	GFFINM_06231	True	True	7
GCF_053209605.1|GFFINM_06232	GCF_053209605.1	GFFINM_06232	True	True	5
GCF_053209605.1|GFFINM_06233	GCF_053209605.1	GFFINM_06233	True	True	7
GCF_053209605.1|GFFINM_06234	GCF_053209605.1	GFFINM_06234	True	True	4
GCF_053209605.1|GFFINM_06235	GCF_053209605.1	GFFINM_06235	True	True	7
GCF_053209605.1|GFFINM_06236	GCF_053209605.1	GFFINM_06236	True	True	6
GCF_053209605.1|GFFINM_06237	GCF_053209605.1	GFFINM_06237	True	True	4
GCF_053209605.1|GFFINM_06238	GCF_053209605.1	GFFINM_06238	True	True	1
GCF_053209605.1|GFFINM_06239	GCF_053209605.1	GFFINM_06239	True	True	8
GCF_053209605.1|GFFINM_06241	GCF_053209605.1	GFFINM_06241	True	True	4
GCF_053209605.1|GFFINM_06242	GCF_053209605.1	GFFINM_06242	True	True	7
GCF_053209605.1|GFFINM_06243	GCF_053209605.1	GFFINM_06243	True	True	6
GCF_053209605.1|GFFINM_06244	GCF_053209605.1	GFFINM_06244	True	True	7
GCF_053209605.1|GFFINM_06245	GCF_053209605.1	GFFINM_06245	True	True	9
GCF_053209605.1|GFFINM_06246	GCF_053209605.1	GFFINM_06246	True	True	9
GCF_053209605.1|GFFINM_06247	GCF_053209605.1	GFFINM_06247	True	True	5
GCF_053209605.1|GFFINM_06248	GCF_053209605.1	GFFINM_06248	True	True	6
GCF_053209605.1|GFFINM_06249	GCF_053209605.1	GFFINM_06249	True	True	7
GCF_053209605.1|GFFINM_06250	GCF_053209605.1	GFFINM_06250	True	True	10
GCF_053209605.1|GFFINM_06251	GCF_053209605.1	GFFINM_06251	True	True	8
GCF_053209605.1|GFFINM_06252	GCF_053209605.1	GFFINM_06252	True	True	6
GCF_053209605.1|GFFINM_06253	GCF_053209605.1	GFFINM_06253	True	True	7
GCF_053209605.1|GFFINM_06254	GCF_053209605.1	GFFINM_06254	True	True	9
GCF_053209605.1|GFFINM_06255	GCF_053209605.1	GFFINM_06255	True	True	4
GCF_053209605.1|GFFINM_06256	GCF_053209605.1	GFFINM_06256	True	True	7
GCF_053209605.1|GFFINM_06257	GCF_053209605.1	GFFINM_06257	True	True	4
GCF_053209605.1|GFFINM_06258	GCF_053209605.1	GFFINM_06258	True	True	4
GCF_053209605.1|GFFINM_06259	GCF_053209605.1	GFFINM_06259	True	True	4
GCF_053209605.1|GFFINM_06260	GCF_053209605.1	GFFINM_06260	True	True	7
GCF_053209605.1|GFFINM_06261	GCF_053209605.1	GFFINM_06261	True	True	8
GCF_053209605.1|GFFINM_06262	GCF_053209605.1	GFFINM_06262	True	True	6
GCF_053209605.1|GFFINM_06263	GCF_053209605.1	GFFINM_06263	True	True	5
GCF_053209605.1|GFFINM_06264	GCF_053209605.1	GFFINM_06264	True	True	7
GCF_053209605.1|GFFINM_06265	GCF_053209605.1	GFFINM_06265	True	True	9
GCF_053209605.1|GFFINM_06266	GCF_053209605.1	GFFINM_06266	True	True	9
GCF_053209605.1|GFFINM_06267	GCF_053209605.1	GFFINM_06267	True	True	4
GCF_053209605.1|GFFINM_06268	GCF_053209605.1	GFFINM_06268	True	True	9
GCF_053209605.1|GFFINM_06269	GCF_053209605.1	GFFINM_06269	True	True	8
GCF_053209605.1|GFFINM_06271	GCF_053209605.1	GFFINM_06271	True	True	7
GCF_053209605.1|GFFINM_06272	GCF_053209605.1	GFFINM_06272	True	True	6
GCF_053209605.1|GFFINM_06273	GCF_053209605.1	GFFINM_06273	False	False	1
GCF_053209605.1|GFFINM_06274	GCF_053209605.1	GFFINM_06274	True	True	7
GCF_053209605.1|GFFINM_06275	GCF_053209605.1	GFFINM_06275	True	True	6
GCF_053209605.1|GFFINM_06276	GCF_053209605.1	GFFINM_06276	True	True	6
GCF_053209605.1|GFFINM_06277	GCF_053209605.1	GFFINM_06277	True	True	7
GCF_053209605.1|GFFINM_06278	GCF_053209605.1	GFFINM_06278	True	True	6
GCF_053209605.1|GFFINM_06279	GCF_053209605.1	GFFINM_06279	True	True	7
GCF_053209605.1|GFFINM_06280	GCF_053209605.1	GFFINM_06280	True	True	8
GCF_053209605.1|GFFINM_06281	GCF_053209605.1	GFFINM_06281	True	True	3
GCF_053209605.1|GFFINM_06282	GCF_053209605.1	GFFINM_06282	True	True	3
GCF_053209605.1|GFFINM_06283	GCF_053209605.1	GFFINM_06283	True	True	5
GCF_053209605.1|GFFINM_06284	GCF_053209605.1	GFFINM_06284	True	True	6
GCF_053209605.1|GFFINM_06285	GCF_053209605.1	GFFINM_06285	True	True	5
GCF_053209605.1|GFFINM_06286	GCF_053209605.1	GFFINM_06286	True	True	4
GCF_053209605.1|GFFINM_06287	GCF_053209605.1	GFFINM_06287	True	True	8
GCF_053209605.1|GFFINM_06288	GCF_053209605.1	GFFINM_06288	True	True	5
GCF_053209605.1|GFFINM_06289	GCF_053209605.1	GFFINM_06289	True	True	7
GCF_053209605.1|GFFINM_06290	GCF_053209605.1	GFFINM_06290	True	True	11
GCF_053209605.1|GFFINM_06291	GCF_053209605.1	GFFINM_06291	True	True	7
GCF_053209605.1|GFFINM_06292	GCF_053209605.1	GFFINM_06292	True	True	6
GCF_053209605.1|GFFINM_06293	GCF_053209605.1	GFFINM_06293	True	True	4
GCF_053209605.1|GFFINM_06294	GCF_053209605.1	GFFINM_06294	True	True	5
GCF_053209605.1|GFFINM_06295	GCF_053209605.1	GFFINM_06295	True	True	5
GCF_053209605.1|GFFINM_06296	GCF_053209605.1	GFFINM_06296	False	False	1
GCF_053209605.1|GFFINM_06297	GCF_053209605.1	GFFINM_06297	True	True	5
GCF_053209605.1|GFFINM_06298	GCF_053209605.1	GFFINM_06298	True	True	7
GCF_053209605.1|GFFINM_06299	GCF_053209605.1	GFFINM_06299	True	True	1
GCF_053209605.1|GFFINM_06300	GCF_053209605.1	GFFINM_06300	True	True	8
GCF_053209605.1|GFFINM_06301	GCF_053209605.1	GFFINM_06301	True	True	7
GCF_053209605.1|GFFINM_06302	GCF_053209605.1	GFFINM_06302	True	True	7
GCF_053209605.1|GFFINM_06304	GCF_053209605.1	GFFINM_06304	True	True	7
GCF_053209605.1|GFFINM_06305	GCF_053209605.1	GFFINM_06305	True	True	6
GCF_053209605.1|GFFINM_06306	GCF_053209605.1	GFFINM_06306	True	True	8
GCF_053209605.1|GFFINM_06307	GCF_053209605.1	GFFINM_06307	True	True	7
GCF_053209605.1|GFFINM_06308	GCF_053209605.1	GFFINM_06308	True	True	8
GCF_053209605.1|GFFINM_06309	GCF_053209605.1	GFFINM_06309	True	True	5
GCF_053209605.1|GFFINM_06310	GCF_053209605.1	GFFINM_06310	True	True	6
GCF_053209605.1|GFFINM_06311	GCF_053209605.1	GFFINM_06311	True	True	7
GCF_053209605.1|GFFINM_06312	GCF_053209605.1	GFFINM_06312	True	True	3
GCF_053209605.1|GFFINM_06313	GCF_053209605.1	GFFINM_06313	True	True	8
GCF_053209605.1|GFFINM_06314	GCF_053209605.1	GFFINM_06314	True	True	7
GCF_053209605.1|GFFINM_06315	GCF_053209605.1	GFFINM_06315	True	True	8
GCF_053209605.1|GFFINM_06316	GCF_053209605.1	GFFINM_06316	True	True	6
GCF_053209605.1|GFFINM_06317	GCF_053209605.1	GFFINM_06317	True	True	2
GCF_053209605.1|GFFINM_06318	GCF_053209605.1	GFFINM_06318	True	True	6
GCF_053209605.1|GFFINM_06319	GCF_053209605.1	GFFINM_06319	True	True	8
GCF_053209605.1|GFFINM_06320	GCF_053209605.1	GFFINM_06320	True	True	1
GCF_053209605.1|GFFINM_06321	GCF_053209605.1	GFFINM_06321	True	True	6
GCF_053209605.1|GFFINM_06322	GCF_053209605.1	GFFINM_06322	True	True	8
GCF_053209605.1|GFFINM_06323	GCF_053209605.1	GFFINM_06323	True	True	5
GCF_053209605.1|GFFINM_06324	GCF_053209605.1	GFFINM_06324	True	True	5
GCF_053209605.1|GFFINM_06325	GCF_053209605.1	GFFINM_06325	True	True	6
GCF_053209605.1|GFFINM_06326	GCF_053209605.1	GFFINM_06326	True	True	6
GCF_053209605.1|GFFINM_06327	GCF_053209605.1	GFFINM_06327	True	True	9
GCF_053209605.1|GFFINM_06328	GCF_053209605.1	GFFINM_06328	True	True	4
GCF_053209605.1|GFFINM_06329	GCF_053209605.1	GFFINM_06329	True	True	5
GCF_053209605.1|GFFINM_06330	GCF_053209605.1	GFFINM_06330	True	True	8
GCF_053209605.1|GFFINM_06331	GCF_053209605.1	GFFINM_06331	False	False	1
GCF_053209605.1|GFFINM_06332	GCF_053209605.1	GFFINM_06332	False	False	1
GCF_053209605.1|GFFINM_06333	GCF_053209605.1	GFFINM_06333	True	True	2
GCF_053209605.1|GFFINM_06334	GCF_053209605.1	GFFINM_06334	True	True	2
GCF_053209605.1|GFFINM_06335	GCF_053209605.1	GFFINM_06335	True	True	7
GCF_053209605.1|GFFINM_06336	GCF_053209605.1	GFFINM_06336	True	True	3
GCF_053209605.1|GFFINM_06337	GCF_053209605.1	GFFINM_06337	True	True	6
GCF_053209605.1|GFFINM_06338	GCF_053209605.1	GFFINM_06338	True	True	4
GCF_053209605.1|GFFINM_06339	GCF_053209605.1	GFFINM_06339	True	True	7
GCF_053209605.1|GFFINM_06340	GCF_053209605.1	GFFINM_06340	True	True	8
GCF_053209605.1|GFFINM_06341	GCF_053209605.1	GFFINM_06341	True	True	4
GCF_053209605.1|GFFINM_06342	GCF_053209605.1	GFFINM_06342	True	True	4
GCF_053209605.1|GFFINM_06343	GCF_053209605.1	GFFINM_06343	True	True	3
GCF_053209605.1|GFFINM_06344	GCF_053209605.1	GFFINM_06344	True	True	8
GCF_053209605.1|GFFINM_06345	GCF_053209605.1	GFFINM_06345	True	True	6
GCF_053209605.1|GFFINM_06346	GCF_053209605.1	GFFINM_06346	True	True	7
GCF_053209605.1|GFFINM_06347	GCF_053209605.1	GFFINM_06347	True	True	7
GCF_053209605.1|GFFINM_06348	GCF_053209605.1	GFFINM_06348	True	True	5
GCF_053209605.1|GFFINM_06349	GCF_053209605.1	GFFINM_06349	True	True	6
GCF_053209605.1|GFFINM_06350	GCF_053209605.1	GFFINM_06350	True	True	6
GCF_053209605.1|GFFINM_06351	GCF_053209605.1	GFFINM_06351	True	True	5
GCF_053209605.1|GFFINM_06352	GCF_053209605.1	GFFINM_06352	True	True	7
GCF_053209605.1|GFFINM_06353	GCF_053209605.1	GFFINM_06353	True	True	6
GCF_053209605.1|GFFINM_06354	GCF_053209605.1	GFFINM_06354	True	True	6
GCF_053209605.1|GFFINM_06355	GCF_053209605.1	GFFINM_06355	True	True	9
GCF_053209605.1|GFFINM_06356	GCF_053209605.1	GFFINM_06356	True	True	2
GCF_053209605.1|GFFINM_06357	GCF_053209605.1	GFFINM_06357	False	False	1
GCF_053209605.1|GFFINM_06358	GCF_053209605.1	GFFINM_06358	True	True	2
GCF_053209605.1|GFFINM_06359	GCF_053209605.1	GFFINM_06359	True	True	3
GCF_053209605.1|GFFINM_06360	GCF_053209605.1	GFFINM_06360	True	True	4
GCF_053209605.1|GFFINM_06361	GCF_053209605.1	GFFINM_06361	True	True	5
GCF_053209605.1|GFFINM_06362	GCF_053209605.1	GFFINM_06362	True	True	4
GCF_053209605.1|GFFINM_06364	GCF_053209605.1	GFFINM_06364	True	True	4
GCF_053209605.1|GFFINM_06367	GCF_053209605.1	GFFINM_06367	True	True	8
GCF_053209605.1|GFFINM_06368	GCF_053209605.1	GFFINM_06368	True	True	8
GCF_053209605.1|GFFINM_06369	GCF_053209605.1	GFFINM_06369	True	True	8
GCF_053209605.1|GFFINM_06370	GCF_053209605.1	GFFINM_06370	True	True	6
GCF_053209605.1|GFFINM_06371	GCF_053209605.1	GFFINM_06371	False	False	1
GCF_053209605.1|GFFINM_06372	GCF_053209605.1	GFFINM_06372	True	True	8
GCF_053209605.1|GFFINM_06374	GCF_053209605.1	GFFINM_06374	True	True	3
GCF_053209605.1|GFFINM_06375	GCF_053209605.1	GFFINM_06375	True	True	2
GCF_053209605.1|GFFINM_06376	GCF_053209605.1	GFFINM_06376	True	True	2
GCF_053209605.1|GFFINM_06377	GCF_053209605.1	GFFINM_06377	True	True	3
GCF_053209605.1|GFFINM_06378	GCF_053209605.1	GFFINM_06378	True	True	5
GCF_053209605.1|GFFINM_06379	GCF_053209605.1	GFFINM_06379	True	True	1
GCF_053209605.1|GFFINM_06381	GCF_053209605.1	GFFINM_06381	True	True	8
GCF_053209605.1|GFFINM_06382	GCF_053209605.1	GFFINM_06382	True	True	8
GCF_053209605.1|GFFINM_06383	GCF_053209605.1	GFFINM_06383	True	True	4
GCF_053209605.1|GFFINM_06384	GCF_053209605.1	GFFINM_06384	True	True	8
GCF_053209605.1|GFFINM_06385	GCF_053209605.1	GFFINM_06385	True	True	8
GCF_053209605.1|GFFINM_06386	GCF_053209605.1	GFFINM_06386	True	True	9
GCF_053209605.1|GFFINM_06388	GCF_053209605.1	GFFINM_06388	True	True	6
GCF_053209605.1|GFFINM_06389	GCF_053209605.1	GFFINM_06389	True	True	6
GCF_053209605.1|GFFINM_06390	GCF_053209605.1	GFFINM_06390	True	True	6
GCF_053209605.1|GFFINM_06391	GCF_053209605.1	GFFINM_06391	True	True	6
GCF_053209605.1|GFFINM_06392	GCF_053209605.1	GFFINM_06392	True	True	5
GCF_053209605.1|GFFINM_06393	GCF_053209605.1	GFFINM_06393	True	True	5
GCF_053209605.1|GFFINM_06394	GCF_053209605.1	GFFINM_06394	True	True	8
GCF_053209605.1|GFFINM_06395	GCF_053209605.1	GFFINM_06395	True	True	9
GCF_053209605.1|GFFINM_06396	GCF_053209605.1	GFFINM_06396	True	True	6
GCF_053209605.1|GFFINM_06397	GCF_053209605.1	GFFINM_06397	True	True	7
GCF_053209605.1|GFFINM_06398	GCF_053209605.1	GFFINM_06398	True	True	6
GCF_053209605.1|GFFINM_06399	GCF_053209605.1	GFFINM_06399	True	True	5
GCF_053209605.1|GFFINM_06400	GCF_053209605.1	GFFINM_06400	True	True	9
GCF_053209605.1|GFFINM_06401	GCF_053209605.1	GFFINM_06401	True	True	6
GCF_053209605.1|GFFINM_06402	GCF_053209605.1	GFFINM_06402	True	True	6
GCF_053209605.1|GFFINM_06404	GCF_053209605.1	GFFINM_06404	True	True	6
GCF_053209605.1|GFFINM_06405	GCF_053209605.1	GFFINM_06405	True	True	6
GCF_053209605.1|GFFINM_06406	GCF_053209605.1	GFFINM_06406	True	True	11
GCF_053209605.1|GFFINM_06407	GCF_053209605.1	GFFINM_06407	True	True	7
GCF_053209605.1|GFFINM_06408	GCF_053209605.1	GFFINM_06408	True	True	3
GCF_053209605.1|GFFINM_06409	GCF_053209605.1	GFFINM_06409	False	False	1
GCF_053209605.1|GFFINM_06410	GCF_053209605.1	GFFINM_06410	True	True	7
GCF_053209605.1|GFFINM_06411	GCF_053209605.1	GFFINM_06411	True	True	2
GCF_053209605.1|GFFINM_06412	GCF_053209605.1	GFFINM_06412	True	True	8
GCF_053209605.1|GFFINM_06413	GCF_053209605.1	GFFINM_06413	True	True	7
GCF_053209605.1|GFFINM_06414	GCF_053209605.1	GFFINM_06414	True	True	8
GCF_053209605.1|GFFINM_06415	GCF_053209605.1	GFFINM_06415	True	True	4
GCF_053209605.1|GFFINM_06416	GCF_053209605.1	GFFINM_06416	True	True	10
GCF_053209605.1|GFFINM_06417	GCF_053209605.1	GFFINM_06417	True	True	6
GCF_053209605.1|GFFINM_06419	GCF_053209605.1	GFFINM_06419	True	True	6
GCF_053209605.1|GFFINM_06420	GCF_053209605.1	GFFINM_06420	True	True	4
GCF_053209605.1|GFFINM_06421	GCF_053209605.1	GFFINM_06421	True	True	10
GCF_053209605.1|GFFINM_06422	GCF_053209605.1	GFFINM_06422	True	True	9
GCF_053209605.1|GFFINM_06423	GCF_053209605.1	GFFINM_06423	True	True	3
GCF_053209605.1|GFFINM_06424	GCF_053209605.1	GFFINM_06424	True	True	2
GCF_053209605.1|GFFINM_06425	GCF_053209605.1	GFFINM_06425	True	True	8
GCF_053209605.1|GFFINM_06426	GCF_053209605.1	GFFINM_06426	True	True	8
GCF_053209605.1|GFFINM_06427	GCF_053209605.1	GFFINM_06427	True	True	10
GCF_053209605.1|GFFINM_06428	GCF_053209605.1	GFFINM_06428	True	True	4
GCF_053209605.1|GFFINM_06429	GCF_053209605.1	GFFINM_06429	True	True	7
GCF_053209605.1|GFFINM_06430	GCF_053209605.1	GFFINM_06430	True	True	6
GCF_053209605.1|GFFINM_06431	GCF_053209605.1	GFFINM_06431	True	True	6
GCF_053209605.1|GFFINM_06432	GCF_053209605.1	GFFINM_06432	True	True	5
GCF_053209605.1|GFFINM_06433	GCF_053209605.1	GFFINM_06433	True	True	6
GCF_053209605.1|GFFINM_06434	GCF_053209605.1	GFFINM_06434	True	True	6
GCF_053209605.1|GFFINM_06435	GCF_053209605.1	GFFINM_06435	True	True	2
GCF_053209605.1|GFFINM_06437	GCF_053209605.1	GFFINM_06437	True	True	8
GCF_053209605.1|GFFINM_06438	GCF_053209605.1	GFFINM_06438	True	True	1
GCF_053209605.1|GFFINM_06439	GCF_053209605.1	GFFINM_06439	True	True	3
GCF_053209605.1|GFFINM_06441	GCF_053209605.1	GFFINM_06441	True	True	8
GCF_053209605.1|GFFINM_06442	GCF_053209605.1	GFFINM_06442	True	True	4
GCF_053209605.1|GFFINM_06443	GCF_053209605.1	GFFINM_06443	True	True	2
GCF_053209605.1|GFFINM_06444	GCF_053209605.1	GFFINM_06444	True	True	8
GCF_053209605.1|GFFINM_06445	GCF_053209605.1	GFFINM_06445	True	True	8
GCF_053209605.1|GFFINM_06446	GCF_053209605.1	GFFINM_06446	True	True	10
GCF_053209605.1|GFFINM_06447	GCF_053209605.1	GFFINM_06447	True	True	8
GCF_053209605.1|GFFINM_06448	GCF_053209605.1	GFFINM_06448	True	True	8
GCF_053209605.1|GFFINM_06449	GCF_053209605.1	GFFINM_06449	True	True	6
GCF_053209605.1|GFFINM_06450	GCF_053209605.1	GFFINM_06450	True	True	7
GCF_053209605.1|GFFINM_06451	GCF_053209605.1	GFFINM_06451	True	True	5
GCF_053209605.1|GFFINM_06452	GCF_053209605.1	GFFINM_06452	False	False	1
GCF_053209605.1|GFFINM_06453	GCF_053209605.1	GFFINM_06453	True	True	2
GCF_053209605.1|GFFINM_06455	GCF_053209605.1	GFFINM_06455	True	True	3
GCF_053209605.1|GFFINM_06456	GCF_053209605.1	GFFINM_06456	True	True	7
GCF_053209605.1|GFFINM_06457	GCF_053209605.1	GFFINM_06457	True	True	1
GCF_053209605.1|GFFINM_06458	GCF_053209605.1	GFFINM_06458	False	False	1
GCF_053209605.1|GFFINM_06459	GCF_053209605.1	GFFINM_06459	True	True	2
GCF_053209605.1|GFFINM_06460	GCF_053209605.1	GFFINM_06460	True	True	3
GCF_053209605.1|GFFINM_06461	GCF_053209605.1	GFFINM_06461	True	True	8
GCF_053209605.1|GFFINM_06462	GCF_053209605.1	GFFINM_06462	True	True	10
GCF_053209605.1|GFFINM_06463	GCF_053209605.1	GFFINM_06463	True	True	13
GCF_053209605.1|GFFINM_06464	GCF_053209605.1	GFFINM_06464	True	True	1
GCF_053209605.1|GFFINM_06465	GCF_053209605.1	GFFINM_06465	True	True	4
GCF_053209605.1|GFFINM_06466	GCF_053209605.1	GFFINM_06466	True	True	2
GCF_053209605.1|GFFINM_06467	GCF_053209605.1	GFFINM_06467	True	True	9
GCF_053209605.1|GFFINM_06468	GCF_053209605.1	GFFINM_06468	True	True	3
GCF_053209605.1|GFFINM_06469	GCF_053209605.1	GFFINM_06469	False	False	1
GCF_053209605.1|GFFINM_06471	GCF_053209605.1	GFFINM_06471	False	False	1
GCF_053209605.1|GFFINM_06473	GCF_053209605.1	GFFINM_06473	False	False	1
GCF_053209605.1|GFFINM_06474	GCF_053209605.1	GFFINM_06474	True	True	7
GCF_053209605.1|GFFINM_06475	GCF_053209605.1	GFFINM_06475	True	True	5
GCF_053209605.1|GFFINM_06476	GCF_053209605.1	GFFINM_06476	True	True	6
GCF_053209605.1|GFFINM_06477	GCF_053209605.1	GFFINM_06477	True	True	8
GCF_053209605.1|GFFINM_06478	GCF_053209605.1	GFFINM_06478	True	True	3
GCF_053209605.1|GFFINM_06479	GCF_053209605.1	GFFINM_06479	True	True	2
GCF_053209605.1|GFFINM_06480	GCF_053209605.1	GFFINM_06480	True	True	4
GCF_053209605.1|GFFINM_06481	GCF_053209605.1	GFFINM_06481	True	True	11
GCF_053209605.1|GFFINM_06482	GCF_053209605.1	GFFINM_06482	False	False	1
GCF_053209605.1|GFFINM_06483	GCF_053209605.1	GFFINM_06483	True	True	2
GCF_053209605.1|GFFINM_06484	GCF_053209605.1	GFFINM_06484	True	True	9
GCF_053209605.1|GFFINM_06485	GCF_053209605.1	GFFINM_06485	True	True	6
GCF_053209605.1|GFFINM_06486	GCF_053209605.1	GFFINM_06486	True	True	6
GCF_053209605.1|GFFINM_06487	GCF_053209605.1	GFFINM_06487	True	True	6
GCF_053209605.1|GFFINM_06488	GCF_053209605.1	GFFINM_06488	True	True	11
GCF_053209605.1|GFFINM_06489	GCF_053209605.1	GFFINM_06489	True	True	3
GCF_053209605.1|GFFINM_06490	GCF_053209605.1	GFFINM_06490	True	True	4
GCF_053209605.1|GFFINM_06491	GCF_053209605.1	GFFINM_06491	True	True	9
GCF_053209605.1|GFFINM_06492	GCF_053209605.1	GFFINM_06492	True	True	10
GCF_053209605.1|GFFINM_06493	GCF_053209605.1	GFFINM_06493	True	True	5
GCF_053209605.1|GFFINM_06494	GCF_053209605.1	GFFINM_06494	True	True	5
GCF_053209605.1|GFFINM_06495	GCF_053209605.1	GFFINM_06495	True	True	4
GCF_053209605.1|GFFINM_06496	GCF_053209605.1	GFFINM_06496	True	True	5
GCF_053209605.1|GFFINM_06497	GCF_053209605.1	GFFINM_06497	True	True	5
GCF_053209605.1|GFFINM_06498	GCF_053209605.1	GFFINM_06498	True	True	6
GCF_053209605.1|GFFINM_06499	GCF_053209605.1	GFFINM_06499	True	True	7
GCF_053209605.1|GFFINM_06501	GCF_053209605.1	GFFINM_06501	True	True	10
GCF_053209605.1|GFFINM_06502	GCF_053209605.1	GFFINM_06502	True	True	5
GCF_053209605.1|GFFINM_06503	GCF_053209605.1	GFFINM_06503	False	False	1
GCF_053209605.1|GFFINM_06504	GCF_053209605.1	GFFINM_06504	True	True	11
GCF_053209605.1|GFFINM_06505	GCF_053209605.1	GFFINM_06505	True	True	4
GCF_053209605.1|GFFINM_06506	GCF_053209605.1	GFFINM_06506	True	True	6
GCF_053209605.1|GFFINM_06508	GCF_053209605.1	GFFINM_06508	True	True	3
GCF_053209605.1|GFFINM_06509	GCF_053209605.1	GFFINM_06509	True	True	1
GCF_053209605.1|GFFINM_06510	GCF_053209605.1	GFFINM_06510	True	True	1
GCF_053209605.1|GFFINM_06511	GCF_053209605.1	GFFINM_06511	True	True	7
GCF_053209605.1|GFFINM_06512	GCF_053209605.1	GFFINM_06512	True	True	7
GCF_053209605.1|GFFINM_06513	GCF_053209605.1	GFFINM_06513	True	True	8
GCF_053209605.1|GFFINM_06515	GCF_053209605.1	GFFINM_06515	True	True	1
GCF_053209605.1|GFFINM_06516	GCF_053209605.1	GFFINM_06516	True	True	2
GCF_053209605.1|GFFINM_06517	GCF_053209605.1	GFFINM_06517	True	True	5
GCF_053209605.1|GFFINM_06518	GCF_053209605.1	GFFINM_06518	True	True	6
GCF_053209605.1|GFFINM_06519	GCF_053209605.1	GFFINM_06519	True	True	5
GCF_053209605.1|GFFINM_06520	GCF_053209605.1	GFFINM_06520	False	False	2
GCF_053209605.1|GFFINM_06521	GCF_053209605.1	GFFINM_06521	True	True	12
GCF_053209605.1|GFFINM_06522	GCF_053209605.1	GFFINM_06522	True	True	7
GCF_053209605.1|GFFINM_06523	GCF_053209605.1	GFFINM_06523	True	True	5
GCF_053209605.1|GFFINM_06524	GCF_053209605.1	GFFINM_06524	True	True	8
GCF_053209605.1|GFFINM_06525	GCF_053209605.1	GFFINM_06525	True	True	7
GCF_053209605.1|GFFINM_06526	GCF_053209605.1	GFFINM_06526	True	True	4
GCF_053209605.1|GFFINM_06527	GCF_053209605.1	GFFINM_06527	True	True	7
GCF_053209605.1|GFFINM_06528	GCF_053209605.1	GFFINM_06528	True	True	5
GCF_053209605.1|GFFINM_06530	GCF_053209605.1	GFFINM_06530	False	False	1
GCF_053209605.1|GFFINM_06531	GCF_053209605.1	GFFINM_06531	True	True	2
GCF_053209605.1|GFFINM_06532	GCF_053209605.1	GFFINM_06532	True	True	6
GCF_053209605.1|GFFINM_06533	GCF_053209605.1	GFFINM_06533	True	True	7
GCF_053209605.1|GFFINM_06534	GCF_053209605.1	GFFINM_06534	True	True	1
GCF_053209605.1|GFFINM_06535	GCF_053209605.1	GFFINM_06535	True	True	1
GCF_053209605.1|GFFINM_06536	GCF_053209605.1	GFFINM_06536	True	True	1
GCF_053209605.1|GFFINM_06537	GCF_053209605.1	GFFINM_06537	False	False	1
GCF_053209605.1|GFFINM_06538	GCF_053209605.1	GFFINM_06538	False	False	1
GCF_053209605.1|GFFINM_06539	GCF_053209605.1	GFFINM_06539	True	True	5
GCF_053209605.1|GFFINM_06541	GCF_053209605.1	GFFINM_06541	True	True	8
GCF_053209605.1|GFFINM_06542	GCF_053209605.1	GFFINM_06542	True	True	6
GCF_053209605.1|GFFINM_06543	GCF_053209605.1	GFFINM_06543	True	True	2
GCF_053209605.1|GFFINM_06544	GCF_053209605.1	GFFINM_06544	True	True	3
GCF_053209605.1|GFFINM_06545	GCF_053209605.1	GFFINM_06545	True	True	3
GCF_053209605.1|GFFINM_06546	GCF_053209605.1	GFFINM_06546	True	True	7
GCF_053209605.1|GFFINM_06547	GCF_053209605.1	GFFINM_06547	True	True	8
GCF_053209605.1|GFFINM_06548	GCF_053209605.1	GFFINM_06548	True	True	12
GCF_053209605.1|GFFINM_06549	GCF_053209605.1	GFFINM_06549	True	True	6
GCF_053209605.1|GFFINM_06550	GCF_053209605.1	GFFINM_06550	True	True	6
GCF_053209605.1|GFFINM_06551	GCF_053209605.1	GFFINM_06551	True	True	8
GCF_053209605.1|GFFINM_06552	GCF_053209605.1	GFFINM_06552	False	False	1
GCF_053209605.1|GFFINM_06555	GCF_053209605.1	GFFINM_06555	True	True	3
GCF_053209605.1|GFFINM_06556	GCF_053209605.1	GFFINM_06556	True	True	5
GCF_053209605.1|GFFINM_06557	GCF_053209605.1	GFFINM_06557	True	True	1
GCF_053209605.1|GFFINM_06558	GCF_053209605.1	GFFINM_06558	True	True	7
GCF_053209605.1|GFFINM_06559	GCF_053209605.1	GFFINM_06559	True	True	4
GCF_053209605.1|GFFINM_06561	GCF_053209605.1	GFFINM_06561	True	True	6
GCF_053209605.1|GFFINM_06562	GCF_053209605.1	GFFINM_06562	True	False	1
GCF_053209605.1|GFFINM_06563	GCF_053209605.1	GFFINM_06563	True	False	2
GCF_053209605.1|GFFINM_06566	GCF_053209605.1	GFFINM_06566	True	True	2
GCF_053209605.1|GFFINM_06567	GCF_053209605.1	GFFINM_06567	True	True	5
GCF_053209605.1|GFFINM_06568	GCF_053209605.1	GFFINM_06568	True	True	9
GCF_053209605.1|GFFINM_06569	GCF_053209605.1	GFFINM_06569	True	True	6
GCF_053209605.1|GFFINM_06570	GCF_053209605.1	GFFINM_06570	True	True	5
GCF_053209605.1|GFFINM_06571	GCF_053209605.1	GFFINM_06571	True	True	5
GCF_053209605.1|GFFINM_06572	GCF_053209605.1	GFFINM_06572	True	True	5
GCF_053209605.1|GFFINM_06573	GCF_053209605.1	GFFINM_06573	True	True	6
GCF_053209605.1|GFFINM_06574	GCF_053209605.1	GFFINM_06574	True	True	9
GCF_053209605.1|GFFINM_06575	GCF_053209605.1	GFFINM_06575	True	True	2
GCF_053209605.1|GFFINM_06576	GCF_053209605.1	GFFINM_06576	True	True	7
GCF_053209605.1|GFFINM_06577	GCF_053209605.1	GFFINM_06577	True	True	5
GCF_053209605.1|GFFINM_06578	GCF_053209605.1	GFFINM_06578	True	True	8
GCF_053209605.1|GFFINM_06579	GCF_053209605.1	GFFINM_06579	True	True	3
GCF_053209605.1|GFFINM_06580	GCF_053209605.1	GFFINM_06580	True	True	8
GCF_053209605.1|GFFINM_06581	GCF_053209605.1	GFFINM_06581	True	True	6
GCF_053209605.1|GFFINM_06582	GCF_053209605.1	GFFINM_06582	True	True	2
GCF_053209605.1|GFFINM_06583	GCF_053209605.1	GFFINM_06583	True	True	7
GCF_053209605.1|GFFINM_06584	GCF_053209605.1	GFFINM_06584	True	True	5
GCF_053209605.1|GFFINM_06585	GCF_053209605.1	GFFINM_06585	True	True	5
GCF_053209605.1|GFFINM_06586	GCF_053209605.1	GFFINM_06586	True	True	7
GCF_053209605.1|GFFINM_06587	GCF_053209605.1	GFFINM_06587	True	True	5
GCF_053209605.1|GFFINM_06588	GCF_053209605.1	GFFINM_06588	True	True	5
GCF_053209605.1|GFFINM_06589	GCF_053209605.1	GFFINM_06589	True	True	5
GCF_053209605.1|GFFINM_06590	GCF_053209605.1	GFFINM_06590	True	True	6
GCF_053209605.1|GFFINM_06591	GCF_053209605.1	GFFINM_06591	True	True	2
GCF_053209605.1|GFFINM_06592	GCF_053209605.1	GFFINM_06592	True	True	8
GCF_053209605.1|GFFINM_06593	GCF_053209605.1	GFFINM_06593	True	True	5
GCF_053209605.1|GFFINM_06594	GCF_053209605.1	GFFINM_06594	True	True	6
GCF_053209605.1|GFFINM_06595	GCF_053209605.1	GFFINM_06595	True	True	7
GCF_053209605.1|GFFINM_06596	GCF_053209605.1	GFFINM_06596	True	True	7
GCF_053209605.1|GFFINM_06597	GCF_053209605.1	GFFINM_06597	True	True	7
GCF_053209605.1|GFFINM_06598	GCF_053209605.1	GFFINM_06598	True	True	6
GCF_053209605.1|GFFINM_06599	GCF_053209605.1	GFFINM_06599	True	True	6
GCF_053209605.1|GFFINM_06600	GCF_053209605.1	GFFINM_06600	True	False	3
GCF_053209605.1|GFFINM_06601	GCF_053209605.1	GFFINM_06601	True	True	6
GCF_053209605.1|GFFINM_06602	GCF_053209605.1	GFFINM_06602	True	True	8
GCF_053209605.1|GFFINM_06603	GCF_053209605.1	GFFINM_06603	True	True	7
GCF_053209605.1|GFFINM_06604	GCF_053209605.1	GFFINM_06604	True	True	4
GCF_053209605.1|GFFINM_06605	GCF_053209605.1	GFFINM_06605	True	True	9
GCF_053209605.1|GFFINM_06606	GCF_053209605.1	GFFINM_06606	True	True	8
GCF_053209605.1|GFFINM_06607	GCF_053209605.1	GFFINM_06607	True	True	6
GCF_053209605.1|GFFINM_06608	GCF_053209605.1	GFFINM_06608	True	True	7
GCF_053209605.1|GFFINM_06609	GCF_053209605.1	GFFINM_06609	True	True	2
GCF_053209605.1|GFFINM_06610	GCF_053209605.1	GFFINM_06610	True	True	3
GCF_053209605.1|GFFINM_06611	GCF_053209605.1	GFFINM_06611	True	True	5
GCF_053209605.1|GFFINM_06612	GCF_053209605.1	GFFINM_06612	True	True	4
GCF_053209605.1|GFFINM_06613	GCF_053209605.1	GFFINM_06613	True	True	2
GCF_053209605.1|GFFINM_06614	GCF_053209605.1	GFFINM_06614	True	True	4
GCF_053209605.1|GFFINM_06615	GCF_053209605.1	GFFINM_06615	True	True	2
GCF_053209605.1|GFFINM_06616	GCF_053209605.1	GFFINM_06616	True	True	5
GCF_053209605.1|GFFINM_06617	GCF_053209605.1	GFFINM_06617	True	True	2
GCF_053209605.1|GFFINM_06618	GCF_053209605.1	GFFINM_06618	True	True	2
GCF_053209605.1|GFFINM_06619	GCF_053209605.1	GFFINM_06619	True	True	8
GCF_053209605.1|GFFINM_06620	GCF_053209605.1	GFFINM_06620	True	True	6
GCF_053209605.1|GFFINM_06621	GCF_053209605.1	GFFINM_06621	True	True	6
GCF_053209605.1|GFFINM_06622	GCF_053209605.1	GFFINM_06622	False	False	1
GCF_053209605.1|GFFINM_06623	GCF_053209605.1	GFFINM_06623	True	True	1
GCF_053209605.1|GFFINM_06624	GCF_053209605.1	GFFINM_06624	True	True	9
GCF_053209605.1|GFFINM_06625	GCF_053209605.1	GFFINM_06625	True	True	7
GCF_053209605.1|GFFINM_06626	GCF_053209605.1	GFFINM_06626	True	True	7
GCF_053209605.1|GFFINM_06627	GCF_053209605.1	GFFINM_06627	True	True	7
GCF_053209605.1|GFFINM_06628	GCF_053209605.1	GFFINM_06628	True	True	7
GCF_053209605.1|GFFINM_06629	GCF_053209605.1	GFFINM_06629	True	True	1
GCF_053209605.1|GFFINM_06630	GCF_053209605.1	GFFINM_06630	True	True	3
GCF_053209605.1|GFFINM_06631	GCF_053209605.1	GFFINM_06631	True	True	5
GCF_053209605.1|GFFINM_06632	GCF_053209605.1	GFFINM_06632	True	True	7
GCF_053209605.1|GFFINM_06633	GCF_053209605.1	GFFINM_06633	True	True	8
GCF_053209605.1|GFFINM_06634	GCF_053209605.1	GFFINM_06634	True	True	8
GCF_053209605.1|GFFINM_06635	GCF_053209605.1	GFFINM_06635	True	True	9
GCF_053209605.1|GFFINM_06636	GCF_053209605.1	GFFINM_06636	True	True	9
GCF_053209605.1|GFFINM_06637	GCF_053209605.1	GFFINM_06637	True	True	8
GCF_053209605.1|GFFINM_06638	GCF_053209605.1	GFFINM_06638	True	True	10
GCF_053209605.1|GFFINM_06639	GCF_053209605.1	GFFINM_06639	True	True	9
GCF_053209605.1|GFFINM_06641	GCF_053209605.1	GFFINM_06641	True	True	6
GCF_053209605.1|GFFINM_06642	GCF_053209605.1	GFFINM_06642	True	True	5
GCF_053209605.1|GFFINM_06643	GCF_053209605.1	GFFINM_06643	True	True	7
GCF_053209605.1|GFFINM_06645	GCF_053209605.1	GFFINM_06645	True	True	8
GCF_053209605.1|GFFINM_06646	GCF_053209605.1	GFFINM_06646	True	True	9
GCF_053209605.1|GFFINM_06647	GCF_053209605.1	GFFINM_06647	True	True	9
GCF_053209605.1|GFFINM_06648	GCF_053209605.1	GFFINM_06648	True	True	11
GCF_053209605.1|GFFINM_06649	GCF_053209605.1	GFFINM_06649	True	True	6
GCF_053209605.1|GFFINM_06651	GCF_053209605.1	GFFINM_06651	True	True	11
GCF_053209605.1|GFFINM_06652	GCF_053209605.1	GFFINM_06652	True	True	4
GCF_053209605.1|GFFINM_06653	GCF_053209605.1	GFFINM_06653	True	True	1
GCF_053209605.1|GFFINM_06654	GCF_053209605.1	GFFINM_06654	True	True	5
GCF_053209605.1|GFFINM_06655	GCF_053209605.1	GFFINM_06655	True	True	2
GCF_053209605.1|GFFINM_06656	GCF_053209605.1	GFFINM_06656	True	True	3
GCF_053209605.1|GFFINM_06657	GCF_053209605.1	GFFINM_06657	True	False	1
GCF_053209605.1|GFFINM_06658	GCF_053209605.1	GFFINM_06658	True	True	4
GCF_053209605.1|GFFINM_06659	GCF_053209605.1	GFFINM_06659	True	True	5
GCF_053209605.1|GFFINM_06661	GCF_053209605.1	GFFINM_06661	True	True	6
GCF_053209605.1|GFFINM_06662	GCF_053209605.1	GFFINM_06662	True	True	4
GCF_053209605.1|GFFINM_06663	GCF_053209605.1	GFFINM_06663	True	True	4
GCF_053209605.1|GFFINM_06664	GCF_053209605.1	GFFINM_06664	True	True	6
GCF_053209605.1|GFFINM_06665	GCF_053209605.1	GFFINM_06665	True	True	2
GCF_053209605.1|GFFINM_06666	GCF_053209605.1	GFFINM_06666	True	True	6
GCF_053209605.1|GFFINM_06667	GCF_053209605.1	GFFINM_06667	True	True	1
GCF_053209605.1|GFFINM_06668	GCF_053209605.1	GFFINM_06668	True	True	9
GCF_053209605.1|GFFINM_06669	GCF_053209605.1	GFFINM_06669	True	True	7
GCF_053209605.1|GFFINM_06670	GCF_053209605.1	GFFINM_06670	True	True	4
GCF_053209605.1|GFFINM_06671	GCF_053209605.1	GFFINM_06671	True	True	8
GCF_053209605.1|GFFINM_06672	GCF_053209605.1	GFFINM_06672	True	True	10
GCF_053209605.1|GFFINM_06673	GCF_053209605.1	GFFINM_06673	True	True	1
GCF_053209605.1|GFFINM_06674	GCF_053209605.1	GFFINM_06674	True	True	8
GCF_053209605.1|GFFINM_06675	GCF_053209605.1	GFFINM_06675	True	True	9
GCF_053209605.1|GFFINM_06676	GCF_053209605.1	GFFINM_06676	True	True	7
GCF_053209605.1|GFFINM_06677	GCF_053209605.1	GFFINM_06677	True	True	5
GCF_053209605.1|GFFINM_06678	GCF_053209605.1	GFFINM_06678	True	True	7
GCF_053209605.1|GFFINM_06679	GCF_053209605.1	GFFINM_06679	True	True	6
GCF_053209605.1|GFFINM_06680	GCF_053209605.1	GFFINM_06680	True	True	6
GCF_053209605.1|GFFINM_06681	GCF_053209605.1	GFFINM_06681	True	True	9
GCF_053209605.1|GFFINM_06682	GCF_053209605.1	GFFINM_06682	True	True	8
GCF_053209605.1|GFFINM_06683	GCF_053209605.1	GFFINM_06683	True	True	4
GCF_053209605.1|GFFINM_06684	GCF_053209605.1	GFFINM_06684	True	True	5
GCF_053209605.1|GFFINM_06685	GCF_053209605.1	GFFINM_06685	True	True	6
GCF_053209605.1|GFFINM_06686	GCF_053209605.1	GFFINM_06686	True	True	4
GCF_053209605.1|GFFINM_06687	GCF_053209605.1	GFFINM_06687	True	True	4
GCF_053209605.1|GFFINM_06688	GCF_053209605.1	GFFINM_06688	True	True	11
GCF_053209605.1|GFFINM_06689	GCF_053209605.1	GFFINM_06689	True	True	10
GCF_053209605.1|GFFINM_06691	GCF_053209605.1	GFFINM_06691	True	True	6
GCF_053209605.1|GFFINM_06692	GCF_053209605.1	GFFINM_06692	True	True	3
GCF_053209605.1|GFFINM_06693	GCF_053209605.1	GFFINM_06693	True	True	5
GCF_053209605.1|GFFINM_06694	GCF_053209605.1	GFFINM_06694	True	True	4
GCF_053209605.1|GFFINM_06695	GCF_053209605.1	GFFINM_06695	True	True	9
GCF_053209605.1|GFFINM_06696	GCF_053209605.1	GFFINM_06696	True	True	5
GCF_053209605.1|GFFINM_06697	GCF_053209605.1	GFFINM_06697	True	True	7
GCF_053209605.1|GFFINM_06698	GCF_053209605.1	GFFINM_06698	True	True	8
GCF_053209605.1|GFFINM_06699	GCF_053209605.1	GFFINM_06699	True	True	5
GCF_053209605.1|GFFINM_06700	GCF_053209605.1	GFFINM_06700	True	False	3
GCF_053209605.1|GFFINM_06701	GCF_053209605.1	GFFINM_06701	True	False	1
GCF_053209605.1|GFFINM_06702	GCF_053209605.1	GFFINM_06702	True	True	7
GCF_053209605.1|GFFINM_06703	GCF_053209605.1	GFFINM_06703	True	True	6
GCF_053209605.1|GFFINM_06704	GCF_053209605.1	GFFINM_06704	True	True	3
GCF_053209605.1|GFFINM_06705	GCF_053209605.1	GFFINM_06705	True	True	7
GCF_053209605.1|GFFINM_06707	GCF_053209605.1	GFFINM_06707	True	True	5
GCF_053209605.1|GFFINM_06709	GCF_053209605.1	GFFINM_06709	True	True	11
GCF_053209605.1|GFFINM_06710	GCF_053209605.1	GFFINM_06710	True	True	11
GCF_053209605.1|GFFINM_06712	GCF_053209605.1	GFFINM_06712	False	False	1
GCF_053209605.1|GFFINM_06713	GCF_053209605.1	GFFINM_06713	False	False	1
GCF_053209605.1|GFFINM_06714	GCF_053209605.1	GFFINM_06714	True	True	8
GCF_053209605.1|GFFINM_06715	GCF_053209605.1	GFFINM_06715	True	True	4
GCF_053209605.1|GFFINM_06716	GCF_053209605.1	GFFINM_06716	True	True	6
GCF_053209605.1|GFFINM_06717	GCF_053209605.1	GFFINM_06717	True	True	6
GCF_053209605.1|GFFINM_06718	GCF_053209605.1	GFFINM_06718	True	True	7
GCF_053209605.1|GFFINM_06719	GCF_053209605.1	GFFINM_06719	True	True	5
GCF_053209605.1|GFFINM_06720	GCF_053209605.1	GFFINM_06720	True	True	4
GCF_053209605.1|GFFINM_06721	GCF_053209605.1	GFFINM_06721	True	True	4
GCF_053209605.1|GFFINM_06723	GCF_053209605.1	GFFINM_06723	True	True	5
GCF_053209605.1|GFFINM_06726	GCF_053209605.1	GFFINM_06726	True	True	8
GCF_053209605.1|GFFINM_06727	GCF_053209605.1	GFFINM_06727	True	True	11
GCF_053209605.1|GFFINM_06728	GCF_053209605.1	GFFINM_06728	True	True	5
GCF_053209605.1|GFFINM_06729	GCF_053209605.1	GFFINM_06729	True	True	9
GCF_053209605.1|GFFINM_06730	GCF_053209605.1	GFFINM_06730	False	False	1
GCF_053209605.1|GFFINM_06731	GCF_053209605.1	GFFINM_06731	False	False	1
GCF_053209605.1|GFFINM_06732	GCF_053209605.1	GFFINM_06732	True	True	3
GCF_053209605.1|GFFINM_06733	GCF_053209605.1	GFFINM_06733	True	True	8
GCF_053209605.1|GFFINM_06735	GCF_053209605.1	GFFINM_06735	True	True	11
GCF_053209605.1|GFFINM_06736	GCF_053209605.1	GFFINM_06736	True	True	2
GCF_053209605.1|GFFINM_06737	GCF_053209605.1	GFFINM_06737	True	True	2
GCF_053209605.1|GFFINM_06738	GCF_053209605.1	GFFINM_06738	True	True	5
GCF_053209605.1|GFFINM_06739	GCF_053209605.1	GFFINM_06739	True	True	9
GCF_053209605.1|GFFINM_06740	GCF_053209605.1	GFFINM_06740	True	True	9
GCF_053209605.1|GFFINM_06744	GCF_053209605.1	GFFINM_06744	True	True	2
GCF_053209605.1|GFFINM_06745	GCF_053209605.1	GFFINM_06745	False	False	1
GCF_053209605.1|GFFINM_06746	GCF_053209605.1	GFFINM_06746	True	True	2
GCF_053209605.1|GFFINM_06748	GCF_053209605.1	GFFINM_06748	True	True	2
GCF_053209605.1|GFFINM_06751	GCF_053209605.1	GFFINM_06751	True	True	2
GCF_053209605.1|GFFINM_06753	GCF_053209605.1	GFFINM_06753	True	True	2
GCF_053209605.1|GFFINM_06754	GCF_053209605.1	GFFINM_06754	False	False	1
GCF_053209605.1|GFFINM_06755	GCF_053209605.1	GFFINM_06755	True	True	5
GCF_053209605.1|GFFINM_06756	GCF_053209605.1	GFFINM_06756	True	True	5
GCF_053209605.1|GFFINM_06758	GCF_053209605.1	GFFINM_06758	True	True	5
GCF_053209605.1|GFFINM_06759	GCF_053209605.1	GFFINM_06759	True	True	7
GCF_053209605.1|GFFINM_06760	GCF_053209605.1	GFFINM_06760	True	True	5
GCF_053209605.1|GFFINM_06761	GCF_053209605.1	GFFINM_06761	True	True	4
GCF_053209605.1|GFFINM_06762	GCF_053209605.1	GFFINM_06762	True	True	5
GCF_053209605.1|GFFINM_06763	GCF_053209605.1	GFFINM_06763	True	True	3
GCF_053209605.1|GFFINM_06764	GCF_053209605.1	GFFINM_06764	True	True	3
GCF_053209605.1|GFFINM_06765	GCF_053209605.1	GFFINM_06765	True	True	4
GCF_053209605.1|GFFINM_06766	GCF_053209605.1	GFFINM_06766	True	True	6
GCF_053209605.1|GFFINM_06767	GCF_053209605.1	GFFINM_06767	True	True	5
GCF_053209605.1|GFFINM_06768	GCF_053209605.1	GFFINM_06768	True	True	2
GCF_053209605.1|GFFINM_06769	GCF_053209605.1	GFFINM_06769	False	False	1
GCF_053209605.1|GFFINM_06770	GCF_053209605.1	GFFINM_06770	True	True	7
GCF_053209605.1|GFFINM_06771	GCF_053209605.1	GFFINM_06771	True	True	4
GCF_053209605.1|GFFINM_06772	GCF_053209605.1	GFFINM_06772	True	True	7
GCF_053209605.1|GFFINM_06773	GCF_053209605.1	GFFINM_06773	True	True	4
GCF_053209605.1|GFFINM_06774	GCF_053209605.1	GFFINM_06774	False	False	1
GCF_053209605.1|GFFINM_06775	GCF_053209605.1	GFFINM_06775	True	True	7
GCF_053209605.1|GFFINM_06776	GCF_053209605.1	GFFINM_06776	True	True	2
GCF_053209605.1|GFFINM_06778	GCF_053209605.1	GFFINM_06778	True	True	9
GCF_053209605.1|GFFINM_06779	GCF_053209605.1	GFFINM_06779	True	True	2
GCF_053209605.1|GFFINM_06780	GCF_053209605.1	GFFINM_06780	True	True	5
GCF_053209605.1|GFFINM_06781	GCF_053209605.1	GFFINM_06781	True	True	7
GCF_053209605.1|GFFINM_06782	GCF_053209605.1	GFFINM_06782	True	True	5
GCF_053209605.1|GFFINM_06783	GCF_053209605.1	GFFINM_06783	True	True	9
GCF_053209605.1|GFFINM_06784	GCF_053209605.1	GFFINM_06784	True	True	7
GCF_053209605.1|GFFINM_06785	GCF_053209605.1	GFFINM_06785	False	False	1
GCF_053209605.1|GFFINM_06786	GCF_053209605.1	GFFINM_06786	True	True	5
GCF_053209605.1|GFFINM_06787	GCF_053209605.1	GFFINM_06787	True	True	3
GCF_053209605.1|GFFINM_06788	GCF_053209605.1	GFFINM_06788	True	True	6
GCF_053209605.1|GFFINM_06789	GCF_053209605.1	GFFINM_06789	True	True	5
GCF_053209605.1|GFFINM_06790	GCF_053209605.1	GFFINM_06790	True	True	5
GCF_053209605.1|GFFINM_06791	GCF_053209605.1	GFFINM_06791	True	True	4
GCF_053209605.1|GFFINM_06792	GCF_053209605.1	GFFINM_06792	True	True	7
GCF_053209605.1|GFFINM_06793	GCF_053209605.1	GFFINM_06793	True	True	6
GCF_053209605.1|GFFINM_06794	GCF_053209605.1	GFFINM_06794	True	True	3
GCF_053209605.1|GFFINM_06795	GCF_053209605.1	GFFINM_06795	True	True	3
GCF_053209605.1|GFFINM_06796	GCF_053209605.1	GFFINM_06796	True	True	3
GCF_053209605.1|GFFINM_06798	GCF_053209605.1	GFFINM_06798	True	True	4
GCF_053209605.1|GFFINM_06799	GCF_053209605.1	GFFINM_06799	True	True	5
GCF_053209605.1|GFFINM_06801	GCF_053209605.1	GFFINM_06801	False	False	1
GCF_053209605.1|GFFINM_06802	GCF_053209605.1	GFFINM_06802	True	True	1
GCF_053209605.1|GFFINM_06803	GCF_053209605.1	GFFINM_06803	True	True	1
GCF_053209605.1|GFFINM_06804	GCF_053209605.1	GFFINM_06804	True	True	6
GCF_053209605.1|GFFINM_06805	GCF_053209605.1	GFFINM_06805	True	True	7
GCF_053209605.1|GFFINM_06806	GCF_053209605.1	GFFINM_06806	True	True	6
GCF_053209605.1|GFFINM_06807	GCF_053209605.1	GFFINM_06807	True	True	6
GCF_053209605.1|GFFINM_06808	GCF_053209605.1	GFFINM_06808	True	True	6
GCF_053209605.1|GFFINM_06809	GCF_053209605.1	GFFINM_06809	True	True	9
GCF_053209605.1|GFFINM_06810	GCF_053209605.1	GFFINM_06810	True	True	10
GCF_053209605.1|GFFINM_06811	GCF_053209605.1	GFFINM_06811	True	True	2
GCF_053209605.1|GFFINM_06812	GCF_053209605.1	GFFINM_06812	True	True	7
GCF_053209605.1|GFFINM_06813	GCF_053209605.1	GFFINM_06813	True	True	5
GCF_053209605.1|GFFINM_06814	GCF_053209605.1	GFFINM_06814	True	True	10
GCF_053209605.1|GFFINM_06815	GCF_053209605.1	GFFINM_06815	True	True	5
GCF_053209605.1|GFFINM_06816	GCF_053209605.1	GFFINM_06816	True	True	7
GCF_053209605.1|GFFINM_06817	GCF_053209605.1	GFFINM_06817	True	True	6
GCF_053209605.1|GFFINM_06818	GCF_053209605.1	GFFINM_06818	True	True	9
GCF_053209605.1|GFFINM_06819	GCF_053209605.1	GFFINM_06819	True	True	9
GCF_053209605.1|GFFINM_06820	GCF_053209605.1	GFFINM_06820	True	True	6
GCF_053209605.1|GFFINM_06821	GCF_053209605.1	GFFINM_06821	True	True	7
GCF_053209605.1|GFFINM_06824	GCF_053209605.1	GFFINM_06824	True	True	2
GCF_053209605.1|GFFINM_06831	GCF_053209605.1	GFFINM_06831	True	True	1
GCF_053209605.1|GFFINM_06832	GCF_053209605.1	GFFINM_06832	True	True	8
GCF_053209605.1|GFFINM_06833	GCF_053209605.1	GFFINM_06833	True	True	5
GCF_053209605.1|GFFINM_06834	GCF_053209605.1	GFFINM_06834	True	True	6
GCF_053209605.1|GFFINM_06835	GCF_053209605.1	GFFINM_06835	True	True	7
GCF_053209605.1|GFFINM_06836	GCF_053209605.1	GFFINM_06836	True	True	8
GCF_053209605.1|GFFINM_06837	GCF_053209605.1	GFFINM_06837	True	True	10
GCF_053209605.1|GFFINM_06838	GCF_053209605.1	GFFINM_06838	True	True	9
GCF_053209605.1|GFFINM_06839	GCF_053209605.1	GFFINM_06839	True	True	4
GCF_053209605.1|GFFINM_06840	GCF_053209605.1	GFFINM_06840	True	True	5
GCF_053209605.1|GFFINM_06841	GCF_053209605.1	GFFINM_06841	True	True	4
GCF_053209605.1|GFFINM_06842	GCF_053209605.1	GFFINM_06842	True	True	2
GCF_053209605.1|GFFINM_06843	GCF_053209605.1	GFFINM_06843	True	True	6
GCF_053209605.1|GFFINM_06844	GCF_053209605.1	GFFINM_06844	True	True	2
GCF_053209605.1|GFFINM_06845	GCF_053209605.1	GFFINM_06845	True	True	5
GCF_053209605.1|GFFINM_06846	GCF_053209605.1	GFFINM_06846	True	True	6
GCF_053209605.1|GFFINM_06847	GCF_053209605.1	GFFINM_06847	True	True	5
GCF_053209605.1|GFFINM_06849	GCF_053209605.1	GFFINM_06849	True	True	5
GCF_053209605.1|GFFINM_06850	GCF_053209605.1	GFFINM_06850	True	True	4
GCF_053209605.1|GFFINM_06851	GCF_053209605.1	GFFINM_06851	True	True	1
GCF_053209605.1|GFFINM_06852	GCF_053209605.1	GFFINM_06852	True	True	2
GCF_053209605.1|GFFINM_06853	GCF_053209605.1	GFFINM_06853	True	True	9
GCF_053209605.1|GFFINM_06854	GCF_053209605.1	GFFINM_06854	True	True	4
GCF_053209605.1|GFFINM_06855	GCF_053209605.1	GFFINM_06855	True	True	7
GCF_053209605.1|GFFINM_06857	GCF_053209605.1	GFFINM_06857	True	True	9
GCF_053209605.1|GFFINM_06858	GCF_053209605.1	GFFINM_06858	True	True	5
GCF_053209605.1|GFFINM_06859	GCF_053209605.1	GFFINM_06859	True	True	6
GCF_053209605.1|GFFINM_06860	GCF_053209605.1	GFFINM_06860	True	True	6
GCF_053209605.1|GFFINM_06861	GCF_053209605.1	GFFINM_06861	True	True	5
GCF_053209605.1|GFFINM_06862	GCF_053209605.1	GFFINM_06862	False	False	1
GCF_053209605.1|GFFINM_06863	GCF_053209605.1	GFFINM_06863	True	True	6
GCF_053209605.1|GFFINM_06864	GCF_053209605.1	GFFINM_06864	True	True	7
GCF_053209605.1|GFFINM_06865	GCF_053209605.1	GFFINM_06865	True	True	3
GCF_053209605.1|GFFINM_06866	GCF_053209605.1	GFFINM_06866	True	True	4
GCF_053209605.1|GFFINM_06868	GCF_053209605.1	GFFINM_06868	True	True	4
GCF_053209605.1|GFFINM_06869	GCF_053209605.1	GFFINM_06869	True	True	2
GCF_053209605.1|GFFINM_06870	GCF_053209605.1	GFFINM_06870	True	True	2
GCF_053209605.1|GFFINM_06871	GCF_053209605.1	GFFINM_06871	True	True	5
GCF_053209605.1|GFFINM_06872	GCF_053209605.1	GFFINM_06872	True	True	7
GCF_053209605.1|GFFINM_06873	GCF_053209605.1	GFFINM_06873	True	True	1
GCF_053209605.1|GFFINM_06874	GCF_053209605.1	GFFINM_06874	True	True	4
GCF_053209605.1|GFFINM_06875	GCF_053209605.1	GFFINM_06875	True	True	6
GCF_053209605.1|GFFINM_06876	GCF_053209605.1	GFFINM_06876	True	True	7
GCF_053209605.1|GFFINM_06877	GCF_053209605.1	GFFINM_06877	True	True	7
GCF_053209605.1|GFFINM_06879	GCF_053209605.1	GFFINM_06879	True	True	6
GCF_053209605.1|GFFINM_06880	GCF_053209605.1	GFFINM_06880	True	True	7
GCF_053209605.1|GFFINM_06881	GCF_053209605.1	GFFINM_06881	True	True	7
GCF_053209605.1|GFFINM_06882	GCF_053209605.1	GFFINM_06882	True	True	10
GCF_053209605.1|GFFINM_06883	GCF_053209605.1	GFFINM_06883	True	True	9
GCF_053209605.1|GFFINM_06884	GCF_053209605.1	GFFINM_06884	False	False	2
GCF_905400185.1|DKPOPA_06008	GCF_905400185.1	DKPOPA_06008	True	True	3
GCF_905400185.1|DKPOPA_06009	GCF_905400185.1	DKPOPA_06009	True	True	6
GCF_905400185.1|DKPOPA_06010	GCF_905400185.1	DKPOPA_06010	True	True	7
GCF_905400185.1|DKPOPA_06012	GCF_905400185.1	DKPOPA_06012	True	True	6
GCF_905400185.1|DKPOPA_06013	GCF_905400185.1	DKPOPA_06013	True	True	4
GCF_905400185.1|DKPOPA_06014	GCF_905400185.1	DKPOPA_06014	True	True	8
GCF_905400185.1|DKPOPA_06015	GCF_905400185.1	DKPOPA_06015	True	True	4
GCF_905400185.1|DKPOPA_06016	GCF_905400185.1	DKPOPA_06016	True	True	1
GCF_905400185.1|DKPOPA_06017	GCF_905400185.1	DKPOPA_06017	True	True	7
GCF_905400185.1|DKPOPA_06018	GCF_905400185.1	DKPOPA_06018	True	True	5
GCF_905400185.1|DKPOPA_06019	GCF_905400185.1	DKPOPA_06019	True	True	6
GCF_905400185.1|DKPOPA_06020	GCF_905400185.1	DKPOPA_06020	True	True	7
GCF_905400185.1|DKPOPA_06021	GCF_905400185.1	DKPOPA_06021	True	True	6
GCF_905400185.1|DKPOPA_06022	GCF_905400185.1	DKPOPA_06022	True	True	1
GCF_905400185.1|DKPOPA_06023	GCF_905400185.1	DKPOPA_06023	True	True	2
GCF_905400185.1|DKPOPA_06024	GCF_905400185.1	DKPOPA_06024	True	True	7
GCF_905400185.1|DKPOPA_06025	GCF_905400185.1	DKPOPA_06025	True	True	8
GCF_905400185.1|DKPOPA_06026	GCF_905400185.1	DKPOPA_06026	True	True	8
GCF_905400185.1|DKPOPA_06027	GCF_905400185.1	DKPOPA_06027	True	True	7
GCF_905400185.1|DKPOPA_06028	GCF_905400185.1	DKPOPA_06028	True	True	6
GCF_905400185.1|DKPOPA_06029	GCF_905400185.1	DKPOPA_06029	True	True	7
GCF_905400185.1|DKPOPA_06030	GCF_905400185.1	DKPOPA_06030	True	True	8
GCF_905400185.1|DKPOPA_06031	GCF_905400185.1	DKPOPA_06031	True	True	7
GCF_905400185.1|DKPOPA_06032	GCF_905400185.1	DKPOPA_06032	True	True	9
GCF_905400185.1|DKPOPA_06033	GCF_905400185.1	DKPOPA_06033	True	True	6
GCF_905400185.1|DKPOPA_06034	GCF_905400185.1	DKPOPA_06034	True	True	7
GCF_905400185.1|DKPOPA_06035	GCF_905400185.1	DKPOPA_06035	True	True	4
GCF_905400185.1|DKPOPA_06036	GCF_905400185.1	DKPOPA_06036	True	True	8
GCF_905400185.1|DKPOPA_06037	GCF_905400185.1	DKPOPA_06037	True	True	9
GCF_905400185.1|DKPOPA_06038	GCF_905400185.1	DKPOPA_06038	True	True	5
GCF_905400185.1|DKPOPA_06039	GCF_905400185.1	DKPOPA_06039	True	True	6
GCF_905400185.1|DKPOPA_06040	GCF_905400185.1	DKPOPA_06040	True	True	2
GCF_905400185.1|DKPOPA_06041	GCF_905400185.1	DKPOPA_06041	True	True	6
GCF_905400185.1|DKPOPA_06042	GCF_905400185.1	DKPOPA_06042	True	True	7
GCF_905400185.1|DKPOPA_06043	GCF_905400185.1	DKPOPA_06043	True	True	7
GCF_905400185.1|DKPOPA_06044	GCF_905400185.1	DKPOPA_06044	False	False	2
GCF_905400185.1|DKPOPA_06045	GCF_905400185.1	DKPOPA_06045	True	True	6
GCF_905400185.1|DKPOPA_06046	GCF_905400185.1	DKPOPA_06046	True	True	3
GCF_905400185.1|DKPOPA_06047	GCF_905400185.1	DKPOPA_06047	True	True	6
GCF_905400185.1|DKPOPA_06048	GCF_905400185.1	DKPOPA_06048	False	False	1
GCF_905400185.1|DKPOPA_06050	GCF_905400185.1	DKPOPA_06050	True	True	6
GCF_905400185.1|DKPOPA_06051	GCF_905400185.1	DKPOPA_06051	True	True	7
GCF_905400185.1|DKPOPA_06052	GCF_905400185.1	DKPOPA_06052	True	True	9
GCF_905400185.1|DKPOPA_06053	GCF_905400185.1	DKPOPA_06053	True	True	7
GCF_905400185.1|DKPOPA_06054	GCF_905400185.1	DKPOPA_06054	True	True	2
GCF_905400185.1|DKPOPA_06055	GCF_905400185.1	DKPOPA_06055	True	True	6
GCF_905400185.1|DKPOPA_06056	GCF_905400185.1	DKPOPA_06056	True	True	4
GCF_905400185.1|DKPOPA_06058	GCF_905400185.1	DKPOPA_06058	True	True	8
GCF_905400185.1|DKPOPA_06060	GCF_905400185.1	DKPOPA_06060	True	True	5
GCF_905400185.1|DKPOPA_06061	GCF_905400185.1	DKPOPA_06061	True	True	8
GCF_905400185.1|DKPOPA_06062	GCF_905400185.1	DKPOPA_06062	True	True	6
GCF_905400185.1|DKPOPA_06063	GCF_905400185.1	DKPOPA_06063	True	True	6
GCF_905400185.1|DKPOPA_06064	GCF_905400185.1	DKPOPA_06064	True	True	8
GCF_905400185.1|DKPOPA_06065	GCF_905400185.1	DKPOPA_06065	True	True	6
GCF_905400185.1|DKPOPA_06066	GCF_905400185.1	DKPOPA_06066	True	True	5
GCF_905400185.1|DKPOPA_06067	GCF_905400185.1	DKPOPA_06067	True	True	5
GCF_905400185.1|DKPOPA_06068	GCF_905400185.1	DKPOPA_06068	True	True	2
GCF_905400185.1|DKPOPA_06069	GCF_905400185.1	DKPOPA_06069	True	True	2
GCF_905400185.1|DKPOPA_06070	GCF_905400185.1	DKPOPA_06070	False	False	1
GCF_905400185.1|DKPOPA_06071	GCF_905400185.1	DKPOPA_06071	True	True	8
GCF_905400185.1|DKPOPA_06072	GCF_905400185.1	DKPOPA_06072	True	True	6
GCF_905400185.1|DKPOPA_06073	GCF_905400185.1	DKPOPA_06073	True	True	7
GCF_905400185.1|DKPOPA_06074	GCF_905400185.1	DKPOPA_06074	True	True	5
GCF_905400185.1|DKPOPA_06075	GCF_905400185.1	DKPOPA_06075	True	True	3
GCF_905400185.1|DKPOPA_06076	GCF_905400185.1	DKPOPA_06076	True	True	8
GCF_905400185.1|DKPOPA_06077	GCF_905400185.1	DKPOPA_06077	True	True	10
GCF_905400185.1|DKPOPA_06078	GCF_905400185.1	DKPOPA_06078	True	True	7
GCF_905400185.1|DKPOPA_06079	GCF_905400185.1	DKPOPA_06079	True	True	7
GCF_905400185.1|DKPOPA_06080	GCF_905400185.1	DKPOPA_06080	True	True	4
GCF_905400185.1|DKPOPA_06081	GCF_905400185.1	DKPOPA_06081	True	True	2
GCF_905400185.1|DKPOPA_06082	GCF_905400185.1	DKPOPA_06082	True	True	9
GCF_905400185.1|DKPOPA_06083	GCF_905400185.1	DKPOPA_06083	True	True	7
GCF_905400185.1|DKPOPA_06087	GCF_905400185.1	DKPOPA_06087	True	True	4
GCF_905400185.1|DKPOPA_06088	GCF_905400185.1	DKPOPA_06088	True	True	7
GCF_905400185.1|DKPOPA_06089	GCF_905400185.1	DKPOPA_06089	True	True	5
GCF_905400185.1|DKPOPA_06090	GCF_905400185.1	DKPOPA_06090	True	True	7
GCF_905400185.1|DKPOPA_06091	GCF_905400185.1	DKPOPA_06091	True	True	2
GCF_905400185.1|DKPOPA_06092	GCF_905400185.1	DKPOPA_06092	True	True	8
GCF_905400185.1|DKPOPA_06093	GCF_905400185.1	DKPOPA_06093	True	True	5
GCF_905400185.1|DKPOPA_06094	GCF_905400185.1	DKPOPA_06094	False	False	1
GCF_905400185.1|DKPOPA_06096	GCF_905400185.1	DKPOPA_06096	True	True	8
GCF_905400185.1|DKPOPA_06097	GCF_905400185.1	DKPOPA_06097	True	True	8
GCF_905400185.1|DKPOPA_06098	GCF_905400185.1	DKPOPA_06098	True	True	5
GCF_905400185.1|DKPOPA_06099	GCF_905400185.1	DKPOPA_06099	True	True	10
GCF_905400185.1|DKPOPA_06100	GCF_905400185.1	DKPOPA_06100	True	True	6
GCF_905400185.1|DKPOPA_06101	GCF_905400185.1	DKPOPA_06101	True	True	7
GCF_905400185.1|DKPOPA_06102	GCF_905400185.1	DKPOPA_06102	True	True	7
GCF_905400185.1|DKPOPA_06103	GCF_905400185.1	DKPOPA_06103	True	True	8
GCF_905400185.1|DKPOPA_06104	GCF_905400185.1	DKPOPA_06104	True	True	6
GCF_905400185.1|DKPOPA_06105	GCF_905400185.1	DKPOPA_06105	True	True	7
GCF_905400185.1|DKPOPA_06106	GCF_905400185.1	DKPOPA_06106	True	True	7
GCF_905400185.1|DKPOPA_06107	GCF_905400185.1	DKPOPA_06107	True	True	3
GCF_905400185.1|DKPOPA_06108	GCF_905400185.1	DKPOPA_06108	True	True	5
GCF_905400185.1|DKPOPA_06109	GCF_905400185.1	DKPOPA_06109	True	True	5
GCF_905400185.1|DKPOPA_06110	GCF_905400185.1	DKPOPA_06110	True	True	7
GCF_905400185.1|DKPOPA_06111	GCF_905400185.1	DKPOPA_06111	True	True	1
GCF_905400185.1|DKPOPA_06112	GCF_905400185.1	DKPOPA_06112	True	True	6
GCF_905400185.1|DKPOPA_06113	GCF_905400185.1	DKPOPA_06113	True	True	5
GCF_905400185.1|DKPOPA_06114	GCF_905400185.1	DKPOPA_06114	True	True	5
GCF_905400185.1|DKPOPA_06115	GCF_905400185.1	DKPOPA_06115	True	True	4
GCF_905400185.1|DKPOPA_06117	GCF_905400185.1	DKPOPA_06117	True	True	4
GCF_905400185.1|DKPOPA_06118	GCF_905400185.1	DKPOPA_06118	True	True	4
GCF_905400185.1|DKPOPA_06119	GCF_905400185.1	DKPOPA_06119	True	True	6
GCF_905400185.1|DKPOPA_06120	GCF_905400185.1	DKPOPA_06120	True	True	9
GCF_905400185.1|DKPOPA_06121	GCF_905400185.1	DKPOPA_06121	True	True	9
GCF_905400185.1|DKPOPA_06123	GCF_905400185.1	DKPOPA_06123	False	False	1
GCF_905400185.1|DKPOPA_06125	GCF_905400185.1	DKPOPA_06125	True	True	4
GCF_905400185.1|DKPOPA_06126	GCF_905400185.1	DKPOPA_06126	True	True	8
GCF_905400185.1|DKPOPA_06127	GCF_905400185.1	DKPOPA_06127	True	True	5
GCF_905400185.1|DKPOPA_06128	GCF_905400185.1	DKPOPA_06128	True	True	9
GCF_905400185.1|DKPOPA_06129	GCF_905400185.1	DKPOPA_06129	True	True	6
GCF_905400185.1|DKPOPA_06130	GCF_905400185.1	DKPOPA_06130	True	True	5
GCF_905400185.1|DKPOPA_06131	GCF_905400185.1	DKPOPA_06131	True	True	5
GCF_905400185.1|DKPOPA_06132	GCF_905400185.1	DKPOPA_06132	True	True	7
GCF_905400185.1|DKPOPA_06133	GCF_905400185.1	DKPOPA_06133	True	True	5
GCF_905400185.1|DKPOPA_06134	GCF_905400185.1	DKPOPA_06134	True	True	7
GCF_905400185.1|DKPOPA_06135	GCF_905400185.1	DKPOPA_06135	True	True	5
GCF_905400185.1|DKPOPA_06136	GCF_905400185.1	DKPOPA_06136	True	True	5
GCF_905400185.1|DKPOPA_06137	GCF_905400185.1	DKPOPA_06137	True	True	5
GCF_905400185.1|DKPOPA_06138	GCF_905400185.1	DKPOPA_06138	True	True	6
GCF_905400185.1|DKPOPA_06140	GCF_905400185.1	DKPOPA_06140	True	True	7
GCF_905400185.1|DKPOPA_06141	GCF_905400185.1	DKPOPA_06141	True	True	7
GCF_905400185.1|DKPOPA_06142	GCF_905400185.1	DKPOPA_06142	True	True	4
GCF_905400185.1|DKPOPA_06143	GCF_905400185.1	DKPOPA_06143	True	True	4
GCF_905400185.1|DKPOPA_06144	GCF_905400185.1	DKPOPA_06144	True	True	6
GCF_905400185.1|DKPOPA_06145	GCF_905400185.1	DKPOPA_06145	True	True	3
GCF_905400185.1|DKPOPA_06146	GCF_905400185.1	DKPOPA_06146	True	True	7
GCF_905400185.1|DKPOPA_06147	GCF_905400185.1	DKPOPA_06147	True	True	5
GCF_905400185.1|DKPOPA_06148	GCF_905400185.1	DKPOPA_06148	True	True	6
GCF_905400185.1|DKPOPA_06149	GCF_905400185.1	DKPOPA_06149	True	True	5
GCF_905400185.1|DKPOPA_06150	GCF_905400185.1	DKPOPA_06150	True	True	7
GCF_905400185.1|DKPOPA_06151	GCF_905400185.1	DKPOPA_06151	True	True	4
GCF_905400185.1|DKPOPA_06152	GCF_905400185.1	DKPOPA_06152	True	True	5
GCF_905400185.1|DKPOPA_06153	GCF_905400185.1	DKPOPA_06153	True	True	5
GCF_905400185.1|DKPOPA_06154	GCF_905400185.1	DKPOPA_06154	True	True	7
GCF_905400185.1|DKPOPA_06155	GCF_905400185.1	DKPOPA_06155	True	True	6
GCF_905400185.1|DKPOPA_06156	GCF_905400185.1	DKPOPA_06156	True	True	5
GCF_905400185.1|DKPOPA_06157	GCF_905400185.1	DKPOPA_06157	True	True	5
GCF_905400185.1|DKPOPA_06158	GCF_905400185.1	DKPOPA_06158	True	True	5
GCF_905400185.1|DKPOPA_06159	GCF_905400185.1	DKPOPA_06159	True	True	7
GCF_905400185.1|DKPOPA_06160	GCF_905400185.1	DKPOPA_06160	True	True	6
GCF_905400185.1|DKPOPA_06161	GCF_905400185.1	DKPOPA_06161	True	True	6
GCF_905400185.1|DKPOPA_06162	GCF_905400185.1	DKPOPA_06162	True	True	5
GCF_905400185.1|DKPOPA_06163	GCF_905400185.1	DKPOPA_06163	True	True	6
GCF_905400185.1|DKPOPA_06164	GCF_905400185.1	DKPOPA_06164	False	False	1
GCF_905400185.1|DKPOPA_06165	GCF_905400185.1	DKPOPA_06165	True	True	2
GCF_905400185.1|DKPOPA_06166	GCF_905400185.1	DKPOPA_06166	True	True	2
GCF_905400185.1|DKPOPA_06167	GCF_905400185.1	DKPOPA_06167	True	True	4
GCF_905400185.1|DKPOPA_06168	GCF_905400185.1	DKPOPA_06168	True	True	5
GCF_905400185.1|DKPOPA_06169	GCF_905400185.1	DKPOPA_06169	True	True	8
GCF_905400185.1|DKPOPA_06170	GCF_905400185.1	DKPOPA_06170	True	True	6
GCF_905400185.1|DKPOPA_06171	GCF_905400185.1	DKPOPA_06171	True	True	9
GCF_905400185.1|DKPOPA_06172	GCF_905400185.1	DKPOPA_06172	True	True	9
GCF_905400185.1|DKPOPA_06173	GCF_905400185.1	DKPOPA_06173	True	True	8
GCF_905400185.1|DKPOPA_06174	GCF_905400185.1	DKPOPA_06174	True	True	5
GCF_905400185.1|DKPOPA_06175	GCF_905400185.1	DKPOPA_06175	True	True	5
GCF_905400185.1|DKPOPA_06176	GCF_905400185.1	DKPOPA_06176	True	True	8
GCF_905400185.1|DKPOPA_06177	GCF_905400185.1	DKPOPA_06177	True	True	7
GCF_905400185.1|DKPOPA_06178	GCF_905400185.1	DKPOPA_06178	True	True	6
GCF_905400185.1|DKPOPA_06179	GCF_905400185.1	DKPOPA_06179	True	True	8
GCF_905400185.1|DKPOPA_06180	GCF_905400185.1	DKPOPA_06180	True	True	8
GCF_905400185.1|DKPOPA_06181	GCF_905400185.1	DKPOPA_06181	True	True	5
GCF_905400185.1|DKPOPA_06182	GCF_905400185.1	DKPOPA_06182	True	True	5
GCF_905400185.1|DKPOPA_06183	GCF_905400185.1	DKPOPA_06183	True	True	5
GCF_905400185.1|DKPOPA_06184	GCF_905400185.1	DKPOPA_06184	True	True	8
GCF_905400185.1|DKPOPA_06185	GCF_905400185.1	DKPOPA_06185	True	True	4
GCF_905400185.1|DKPOPA_06186	GCF_905400185.1	DKPOPA_06186	True	True	5
GCF_905400185.1|DKPOPA_06187	GCF_905400185.1	DKPOPA_06187	True	True	8
GCF_905400185.1|DKPOPA_06188	GCF_905400185.1	DKPOPA_06188	True	True	5
GCF_905400185.1|DKPOPA_06189	GCF_905400185.1	DKPOPA_06189	True	True	7
GCF_905400185.1|DKPOPA_06190	GCF_905400185.1	DKPOPA_06190	True	True	7
GCF_905400185.1|DKPOPA_06191	GCF_905400185.1	DKPOPA_06191	True	True	6
GCF_905400185.1|DKPOPA_06192	GCF_905400185.1	DKPOPA_06192	True	True	5
GCF_905400185.1|DKPOPA_06193	GCF_905400185.1	DKPOPA_06193	True	True	5
GCF_905400185.1|DKPOPA_06194	GCF_905400185.1	DKPOPA_06194	True	True	4
GCF_905400185.1|DKPOPA_06195	GCF_905400185.1	DKPOPA_06195	True	True	5
GCF_905400185.1|DKPOPA_06196	GCF_905400185.1	DKPOPA_06196	True	True	8
GCF_905400185.1|DKPOPA_06197	GCF_905400185.1	DKPOPA_06197	True	True	7
GCF_905400185.1|DKPOPA_06198	GCF_905400185.1	DKPOPA_06198	True	True	10
GCF_905400185.1|DKPOPA_06199	GCF_905400185.1	DKPOPA_06199	True	True	8
GCF_905400185.1|DKPOPA_06200	GCF_905400185.1	DKPOPA_06200	True	True	4
GCF_905400185.1|DKPOPA_06201	GCF_905400185.1	DKPOPA_06201	True	True	4
GCF_905400185.1|DKPOPA_06202	GCF_905400185.1	DKPOPA_06202	True	True	5
GCF_905400185.1|DKPOPA_06203	GCF_905400185.1	DKPOPA_06203	True	True	8
GCF_905400185.1|DKPOPA_06204	GCF_905400185.1	DKPOPA_06204	True	True	6
GCF_905400185.1|DKPOPA_06205	GCF_905400185.1	DKPOPA_06205	True	True	4
GCF_905400185.1|DKPOPA_06206	GCF_905400185.1	DKPOPA_06206	True	True	10
GCF_905400185.1|DKPOPA_06207	GCF_905400185.1	DKPOPA_06207	True	True	6
GCF_905400185.1|DKPOPA_06208	GCF_905400185.1	DKPOPA_06208	True	True	4
GCF_905400185.1|DKPOPA_06209	GCF_905400185.1	DKPOPA_06209	True	True	5
GCF_905400185.1|DKPOPA_06210	GCF_905400185.1	DKPOPA_06210	True	True	6
GCF_905400185.1|DKPOPA_06211	GCF_905400185.1	DKPOPA_06211	True	True	5
GCF_905400185.1|DKPOPA_06212	GCF_905400185.1	DKPOPA_06212	True	True	5
GCF_905400185.1|DKPOPA_06213	GCF_905400185.1	DKPOPA_06213	True	True	8
GCF_905400185.1|DKPOPA_06215	GCF_905400185.1	DKPOPA_06215	True	True	9
GCF_905400185.1|DKPOPA_06217	GCF_905400185.1	DKPOPA_06217	True	True	4
GCF_905400185.1|DKPOPA_06218	GCF_905400185.1	DKPOPA_06218	True	True	7
GCF_905400185.1|DKPOPA_06219	GCF_905400185.1	DKPOPA_06219	True	True	9
GCF_905400185.1|DKPOPA_06220	GCF_905400185.1	DKPOPA_06220	True	True	7
GCF_905400185.1|DKPOPA_06221	GCF_905400185.1	DKPOPA_06221	True	True	4
GCF_905400185.1|DKPOPA_06222	GCF_905400185.1	DKPOPA_06222	True	True	6
GCF_905400185.1|DKPOPA_06223	GCF_905400185.1	DKPOPA_06223	True	True	4
GCF_905400185.1|DKPOPA_06224	GCF_905400185.1	DKPOPA_06224	True	True	2
GCF_905400185.1|DKPOPA_06225	GCF_905400185.1	DKPOPA_06225	True	True	5
GCF_905400185.1|DKPOPA_06226	GCF_905400185.1	DKPOPA_06226	True	True	6
GCF_905400185.1|DKPOPA_06227	GCF_905400185.1	DKPOPA_06227	True	True	7
GCF_905400185.1|DKPOPA_06228	GCF_905400185.1	DKPOPA_06228	True	True	8
GCF_905400185.1|DKPOPA_06229	GCF_905400185.1	DKPOPA_06229	True	True	10
GCF_905400185.1|DKPOPA_06230	GCF_905400185.1	DKPOPA_06230	True	True	5
GCF_905400185.1|DKPOPA_06231	GCF_905400185.1	DKPOPA_06231	True	True	10
GCF_905400185.1|DKPOPA_06232	GCF_905400185.1	DKPOPA_06232	True	True	6
GCF_905400185.1|DKPOPA_06233	GCF_905400185.1	DKPOPA_06233	True	True	6
GCF_905400185.1|DKPOPA_06234	GCF_905400185.1	DKPOPA_06234	True	True	8
GCF_905400185.1|DKPOPA_06235	GCF_905400185.1	DKPOPA_06235	True	True	3
GCF_905400185.1|DKPOPA_06237	GCF_905400185.1	DKPOPA_06237	True	True	3
GCF_905400185.1|DKPOPA_06238	GCF_905400185.1	DKPOPA_06238	True	True	8
GCF_905400185.1|DKPOPA_06240	GCF_905400185.1	DKPOPA_06240	True	True	6
GCF_905400185.1|DKPOPA_06241	GCF_905400185.1	DKPOPA_06241	True	True	3
GCF_905400185.1|DKPOPA_06242	GCF_905400185.1	DKPOPA_06242	True	True	4
GCF_905400185.1|DKPOPA_06243	GCF_905400185.1	DKPOPA_06243	True	True	8
GCF_905400185.1|DKPOPA_06244	GCF_905400185.1	DKPOPA_06244	True	True	8
GCF_905400185.1|DKPOPA_06245	GCF_905400185.1	DKPOPA_06245	True	True	7
GCF_905400185.1|DKPOPA_06246	GCF_905400185.1	DKPOPA_06246	True	True	2
GCF_905400185.1|DKPOPA_06247	GCF_905400185.1	DKPOPA_06247	True	True	4
GCF_905400185.1|DKPOPA_06249	GCF_905400185.1	DKPOPA_06249	False	False	2
GCF_905400185.1|DKPOPA_06250	GCF_905400185.1	DKPOPA_06250	True	True	4
GCF_905400185.1|DKPOPA_06251	GCF_905400185.1	DKPOPA_06251	True	True	3
GCF_905400185.1|DKPOPA_06252	GCF_905400185.1	DKPOPA_06252	True	True	1
GCF_905400185.1|DKPOPA_06254	GCF_905400185.1	DKPOPA_06254	True	True	6
GCF_905400185.1|DKPOPA_06255	GCF_905400185.1	DKPOPA_06255	False	False	1
GCF_905400185.1|DKPOPA_06256	GCF_905400185.1	DKPOPA_06256	True	True	2
GCF_905400185.1|DKPOPA_06257	GCF_905400185.1	DKPOPA_06257	True	True	5
GCF_905400185.1|DKPOPA_06258	GCF_905400185.1	DKPOPA_06258	True	True	3
GCF_905400185.1|DKPOPA_06259	GCF_905400185.1	DKPOPA_06259	True	True	8
GCF_905400185.1|DKPOPA_06260	GCF_905400185.1	DKPOPA_06260	True	True	7
GCF_905400185.1|DKPOPA_06261	GCF_905400185.1	DKPOPA_06261	True	True	7
GCF_905400185.1|DKPOPA_06262	GCF_905400185.1	DKPOPA_06262	True	True	3
GCF_905400185.1|DKPOPA_06263	GCF_905400185.1	DKPOPA_06263	True	True	5
GCF_905400185.1|DKPOPA_06264	GCF_905400185.1	DKPOPA_06264	True	True	7
GCF_905400185.1|DKPOPA_06265	GCF_905400185.1	DKPOPA_06265	True	True	8
GCF_905400185.1|DKPOPA_06266	GCF_905400185.1	DKPOPA_06266	True	True	7
GCF_905400185.1|DKPOPA_06267	GCF_905400185.1	DKPOPA_06267	True	True	5
GCF_905400185.1|DKPOPA_06268	GCF_905400185.1	DKPOPA_06268	True	True	7
GCF_905400185.1|DKPOPA_06269	GCF_905400185.1	DKPOPA_06269	True	True	6
GCF_905400185.1|DKPOPA_06272	GCF_905400185.1	DKPOPA_06272	True	True	6
GCF_905400185.1|DKPOPA_06273	GCF_905400185.1	DKPOPA_06273	True	True	10
GCF_905400185.1|DKPOPA_06274	GCF_905400185.1	DKPOPA_06274	True	True	3
GCF_905400185.1|DKPOPA_06276	GCF_905400185.1	DKPOPA_06276	True	True	5
GCF_905400185.1|DKPOPA_06277	GCF_905400185.1	DKPOPA_06277	True	True	7
GCF_905400185.1|DKPOPA_06278	GCF_905400185.1	DKPOPA_06278	True	True	5
GCF_905400185.1|DKPOPA_06279	GCF_905400185.1	DKPOPA_06279	True	True	3
GCF_905400185.1|DKPOPA_06280	GCF_905400185.1	DKPOPA_06280	True	True	7
GCF_905400185.1|DKPOPA_06281	GCF_905400185.1	DKPOPA_06281	True	True	4
GCF_905400185.1|DKPOPA_06282	GCF_905400185.1	DKPOPA_06282	True	True	7
GCF_905400185.1|DKPOPA_06283	GCF_905400185.1	DKPOPA_06283	True	True	5
GCF_905400185.1|DKPOPA_06284	GCF_905400185.1	DKPOPA_06284	True	True	4
GCF_905400185.1|DKPOPA_06286	GCF_905400185.1	DKPOPA_06286	True	True	3
GCF_905400185.1|DKPOPA_06287	GCF_905400185.1	DKPOPA_06287	True	True	3
GCF_905400185.1|DKPOPA_06288	GCF_905400185.1	DKPOPA_06288	True	True	6
GCF_905400185.1|DKPOPA_06289	GCF_905400185.1	DKPOPA_06289	True	True	3
GCF_905400185.1|DKPOPA_06290	GCF_905400185.1	DKPOPA_06290	True	True	4
GCF_905400185.1|DKPOPA_06291	GCF_905400185.1	DKPOPA_06291	True	True	4
GCF_905400185.1|DKPOPA_06292	GCF_905400185.1	DKPOPA_06292	True	True	9
GCF_905400185.1|DKPOPA_06293	GCF_905400185.1	DKPOPA_06293	False	False	1
GCF_905400185.1|DKPOPA_06294	GCF_905400185.1	DKPOPA_06294	True	True	5
GCF_905400185.1|DKPOPA_06296	GCF_905400185.1	DKPOPA_06296	True	True	3
GCF_905400185.1|DKPOPA_06297	GCF_905400185.1	DKPOPA_06297	True	True	6
GCF_905400185.1|DKPOPA_06298	GCF_905400185.1	DKPOPA_06298	True	True	4
GCF_905400185.1|DKPOPA_06299	GCF_905400185.1	DKPOPA_06299	True	True	5
GCF_905400185.1|DKPOPA_06300	GCF_905400185.1	DKPOPA_06300	True	True	3
GCF_905400185.1|DKPOPA_06301	GCF_905400185.1	DKPOPA_06301	True	True	4
GCF_905400185.1|DKPOPA_06302	GCF_905400185.1	DKPOPA_06302	True	True	2
GCF_905400185.1|DKPOPA_06303	GCF_905400185.1	DKPOPA_06303	True	True	6
GCF_905400185.1|DKPOPA_06304	GCF_905400185.1	DKPOPA_06304	True	True	5
GCF_905400185.1|DKPOPA_06305	GCF_905400185.1	DKPOPA_06305	True	True	3
GCF_905400185.1|DKPOPA_06306	GCF_905400185.1	DKPOPA_06306	True	True	4
GCF_905400185.1|DKPOPA_06307	GCF_905400185.1	DKPOPA_06307	False	False	1
GCF_905400185.1|DKPOPA_06309	GCF_905400185.1	DKPOPA_06309	True	True	4
GCF_905400185.1|DKPOPA_06311	GCF_905400185.1	DKPOPA_06311	False	False	1
GCF_905400185.1|DKPOPA_06312	GCF_905400185.1	DKPOPA_06312	True	True	3
GCF_905400185.1|DKPOPA_06313	GCF_905400185.1	DKPOPA_06313	True	True	2
GCF_905400185.1|DKPOPA_06314	GCF_905400185.1	DKPOPA_06314	True	True	8
GCF_905400185.1|DKPOPA_06315	GCF_905400185.1	DKPOPA_06315	True	True	6
GCF_905400185.1|DKPOPA_06316	GCF_905400185.1	DKPOPA_06316	True	True	3
GCF_905400185.1|DKPOPA_06317	GCF_905400185.1	DKPOPA_06317	True	True	2
GCF_905400185.1|DKPOPA_06318	GCF_905400185.1	DKPOPA_06318	True	True	8
GCF_905400185.1|DKPOPA_06319	GCF_905400185.1	DKPOPA_06319	True	True	5
GCF_905400185.1|DKPOPA_06320	GCF_905400185.1	DKPOPA_06320	True	True	7
GCF_905400185.1|DKPOPA_06321	GCF_905400185.1	DKPOPA_06321	True	True	2
GCF_905400185.1|DKPOPA_06322	GCF_905400185.1	DKPOPA_06322	True	True	4
GCF_905400185.1|DKPOPA_06323	GCF_905400185.1	DKPOPA_06323	True	True	7
GCF_905400185.1|DKPOPA_06324	GCF_905400185.1	DKPOPA_06324	True	True	8
GCF_905400185.1|DKPOPA_06325	GCF_905400185.1	DKPOPA_06325	True	True	2
GCF_905400185.1|DKPOPA_06326	GCF_905400185.1	DKPOPA_06326	True	True	1
GCF_905400185.1|DKPOPA_06327	GCF_905400185.1	DKPOPA_06327	True	True	6
GCF_905400185.1|DKPOPA_06328	GCF_905400185.1	DKPOPA_06328	True	False	3
GCF_905400185.1|DKPOPA_06329	GCF_905400185.1	DKPOPA_06329	True	True	4
GCF_905400185.1|DKPOPA_06330	GCF_905400185.1	DKPOPA_06330	True	True	6
GCF_905400185.1|DKPOPA_06331	GCF_905400185.1	DKPOPA_06331	True	True	8
GCF_905400185.1|DKPOPA_06332	GCF_905400185.1	DKPOPA_06332	True	True	7
GCF_905400185.1|DKPOPA_06333	GCF_905400185.1	DKPOPA_06333	True	True	10
GCF_905400185.1|DKPOPA_06334	GCF_905400185.1	DKPOPA_06334	True	True	3
GCF_905400185.1|DKPOPA_06336	GCF_905400185.1	DKPOPA_06336	True	True	3
GCF_905400185.1|DKPOPA_06337	GCF_905400185.1	DKPOPA_06337	True	True	6
GCF_905400185.1|DKPOPA_06338	GCF_905400185.1	DKPOPA_06338	True	True	3
GCF_905400185.1|DKPOPA_06339	GCF_905400185.1	DKPOPA_06339	True	True	9
GCF_905400185.1|DKPOPA_06340	GCF_905400185.1	DKPOPA_06340	True	True	6
GCF_905400185.1|DKPOPA_06341	GCF_905400185.1	DKPOPA_06341	True	True	5
GCF_905400185.1|DKPOPA_06342	GCF_905400185.1	DKPOPA_06342	True	True	8
GCF_905400185.1|DKPOPA_06343	GCF_905400185.1	DKPOPA_06343	True	True	3
GCF_905400185.1|DKPOPA_06344	GCF_905400185.1	DKPOPA_06344	True	True	5
GCF_905400185.1|DKPOPA_06346	GCF_905400185.1	DKPOPA_06346	True	True	8
GCF_905400185.1|DKPOPA_06347	GCF_905400185.1	DKPOPA_06347	True	True	8
GCF_905400185.1|DKPOPA_06348	GCF_905400185.1	DKPOPA_06348	True	True	6
GCF_905400185.1|DKPOPA_06349	GCF_905400185.1	DKPOPA_06349	True	True	8
GCF_905400185.1|DKPOPA_06350	GCF_905400185.1	DKPOPA_06350	False	False	1
GCF_905400185.1|DKPOPA_06352	GCF_905400185.1	DKPOPA_06352	True	True	1
GCF_905400185.1|DKPOPA_06353	GCF_905400185.1	DKPOPA_06353	True	True	1
GCF_905400185.1|DKPOPA_06355	GCF_905400185.1	DKPOPA_06355	True	True	8
GCF_905400185.1|DKPOPA_06356	GCF_905400185.1	DKPOPA_06356	True	True	9
GCF_905400185.1|DKPOPA_06357	GCF_905400185.1	DKPOPA_06357	True	True	6
GCF_905400185.1|DKPOPA_06358	GCF_905400185.1	DKPOPA_06358	True	True	8
GCF_905400185.1|DKPOPA_06359	GCF_905400185.1	DKPOPA_06359	True	True	1
GCF_905400185.1|DKPOPA_06360	GCF_905400185.1	DKPOPA_06360	True	True	4
GCF_905400185.1|DKPOPA_06361	GCF_905400185.1	DKPOPA_06361	True	True	6
GCF_905400185.1|DKPOPA_06362	GCF_905400185.1	DKPOPA_06362	True	True	4
GCF_905400185.1|DKPOPA_06363	GCF_905400185.1	DKPOPA_06363	True	True	7
GCF_905400185.1|DKPOPA_06364	GCF_905400185.1	DKPOPA_06364	True	True	7
GCF_905400185.1|DKPOPA_06365	GCF_905400185.1	DKPOPA_06365	True	True	9
GCF_905400185.1|DKPOPA_06366	GCF_905400185.1	DKPOPA_06366	True	True	6
GCF_905400185.1|DKPOPA_06367	GCF_905400185.1	DKPOPA_06367	True	True	8
GCF_905400185.1|DKPOPA_06368	GCF_905400185.1	DKPOPA_06368	True	True	7
GCF_905400185.1|DKPOPA_06369	GCF_905400185.1	DKPOPA_06369	True	True	9
GCF_905400185.1|DKPOPA_06370	GCF_905400185.1	DKPOPA_06370	True	True	5
GCF_905400185.1|DKPOPA_06371	GCF_905400185.1	DKPOPA_06371	True	True	7
GCF_905400185.1|DKPOPA_06372	GCF_905400185.1	DKPOPA_06372	True	True	5
GCF_905400185.1|DKPOPA_06373	GCF_905400185.1	DKPOPA_06373	True	True	7
GCF_905400185.1|DKPOPA_06374	GCF_905400185.1	DKPOPA_06374	True	True	9
GCF_905400185.1|DKPOPA_06375	GCF_905400185.1	DKPOPA_06375	True	True	6
GCF_905400185.1|DKPOPA_06376	GCF_905400185.1	DKPOPA_06376	True	True	7
GCF_905400185.1|DKPOPA_06377	GCF_905400185.1	DKPOPA_06377	True	True	6
GCF_905400185.1|DKPOPA_06378	GCF_905400185.1	DKPOPA_06378	True	True	7
GCF_905400185.1|DKPOPA_06382	GCF_905400185.1	DKPOPA_06382	True	True	1
GCF_905400185.1|DKPOPA_06383	GCF_905400185.1	DKPOPA_06383	True	True	4
GCF_905400185.1|DKPOPA_06384	GCF_905400185.1	DKPOPA_06384	True	True	1
GCF_905400185.1|DKPOPA_06385	GCF_905400185.1	DKPOPA_06385	True	True	2
GCF_905400185.1|DKPOPA_06386	GCF_905400185.1	DKPOPA_06386	True	True	5
GCF_905400185.1|DKPOPA_06387	GCF_905400185.1	DKPOPA_06387	True	True	5
GCF_905400185.1|DKPOPA_06388	GCF_905400185.1	DKPOPA_06388	True	True	8
GCF_905400185.1|DKPOPA_06389	GCF_905400185.1	DKPOPA_06389	True	True	6
GCF_905400185.1|DKPOPA_06390	GCF_905400185.1	DKPOPA_06390	True	True	5
GCF_905400185.1|DKPOPA_06391	GCF_905400185.1	DKPOPA_06391	True	True	7
GCF_905400185.1|DKPOPA_06392	GCF_905400185.1	DKPOPA_06392	True	True	6
GCF_905400185.1|DKPOPA_06394	GCF_905400185.1	DKPOPA_06394	True	True	4
GCF_905400185.1|DKPOPA_06395	GCF_905400185.1	DKPOPA_06395	True	True	8
GCF_905400185.1|DKPOPA_06396	GCF_905400185.1	DKPOPA_06396	True	True	10
GCF_905400185.1|DKPOPA_06397	GCF_905400185.1	DKPOPA_06397	True	True	5
GCF_905400185.1|DKPOPA_06398	GCF_905400185.1	DKPOPA_06398	True	True	9
GCF_905400185.1|DKPOPA_06399	GCF_905400185.1	DKPOPA_06399	True	False	1
GCF_905400185.1|DKPOPA_06401	GCF_905400185.1	DKPOPA_06401	True	True	6
GCF_905400185.1|DKPOPA_06402	GCF_905400185.1	DKPOPA_06402	True	True	5
GCF_905400185.1|DKPOPA_06403	GCF_905400185.1	DKPOPA_06403	True	True	3
GCF_905400185.1|DKPOPA_06404	GCF_905400185.1	DKPOPA_06404	True	True	2
GCF_905400185.1|DKPOPA_06406	GCF_905400185.1	DKPOPA_06406	True	True	5
GCF_905400185.1|DKPOPA_06407	GCF_905400185.1	DKPOPA_06407	True	True	6
GCF_905400185.1|DKPOPA_06408	GCF_905400185.1	DKPOPA_06408	True	True	9
GCF_905400185.1|DKPOPA_06409	GCF_905400185.1	DKPOPA_06409	True	True	3
GCF_905400185.1|DKPOPA_06410	GCF_905400185.1	DKPOPA_06410	True	True	5
GCF_905400185.1|DKPOPA_06411	GCF_905400185.1	DKPOPA_06411	True	True	3
GCF_905400185.1|DKPOPA_06412	GCF_905400185.1	DKPOPA_06412	True	True	3
GCF_905400185.1|DKPOPA_06414	GCF_905400185.1	DKPOPA_06414	True	True	10
GCF_905400185.1|DKPOPA_06415	GCF_905400185.1	DKPOPA_06415	True	True	5
GCF_905400185.1|DKPOPA_06416	GCF_905400185.1	DKPOPA_06416	True	True	6
GCF_905400185.1|DKPOPA_06417	GCF_905400185.1	DKPOPA_06417	True	True	8
GCF_905400185.1|DKPOPA_06418	GCF_905400185.1	DKPOPA_06418	True	True	5
GCF_905400185.1|DKPOPA_06419	GCF_905400185.1	DKPOPA_06419	True	True	7
GCF_905400185.1|DKPOPA_06420	GCF_905400185.1	DKPOPA_06420	True	True	8
GCF_905400185.1|DKPOPA_06421	GCF_905400185.1	DKPOPA_06421	True	True	8
GCF_905400185.1|DKPOPA_06422	GCF_905400185.1	DKPOPA_06422	True	True	4
GCF_905400185.1|DKPOPA_06423	GCF_905400185.1	DKPOPA_06423	True	True	5
GCF_905400185.1|DKPOPA_06424	GCF_905400185.1	DKPOPA_06424	True	True	5
GCF_905400185.1|DKPOPA_06425	GCF_905400185.1	DKPOPA_06425	True	True	5
GCF_905400185.1|DKPOPA_06426	GCF_905400185.1	DKPOPA_06426	True	True	8
GCF_905400185.1|DKPOPA_06427	GCF_905400185.1	DKPOPA_06427	True	True	4
GCF_905400185.1|DKPOPA_06428	GCF_905400185.1	DKPOPA_06428	True	True	5
GCF_905400185.1|DKPOPA_06429	GCF_905400185.1	DKPOPA_06429	True	True	4
GCF_905400185.1|DKPOPA_06430	GCF_905400185.1	DKPOPA_06430	True	True	6
GCF_905400185.1|DKPOPA_06431	GCF_905400185.1	DKPOPA_06431	True	True	6
GCF_905400185.1|DKPOPA_06432	GCF_905400185.1	DKPOPA_06432	True	True	4
GCF_905400185.1|DKPOPA_06433	GCF_905400185.1	DKPOPA_06433	True	True	6
GCF_905400185.1|DKPOPA_06434	GCF_905400185.1	DKPOPA_06434	True	True	5
GCF_905400185.1|DKPOPA_06435	GCF_905400185.1	DKPOPA_06435	True	True	4
GCF_905400185.1|DKPOPA_06436	GCF_905400185.1	DKPOPA_06436	True	True	6
GCF_905400185.1|DKPOPA_06437	GCF_905400185.1	DKPOPA_06437	True	True	1
GCF_905400185.1|DKPOPA_06438	GCF_905400185.1	DKPOPA_06438	True	True	6
GCF_905400185.1|DKPOPA_06439	GCF_905400185.1	DKPOPA_06439	True	True	6
GCF_905400185.1|DKPOPA_06440	GCF_905400185.1	DKPOPA_06440	True	True	6
GCF_905400185.1|DKPOPA_06441	GCF_905400185.1	DKPOPA_06441	True	True	4
GCF_905400185.1|DKPOPA_06442	GCF_905400185.1	DKPOPA_06442	True	True	6
GCF_905400185.1|DKPOPA_06443	GCF_905400185.1	DKPOPA_06443	True	True	2
GCF_905400185.1|DKPOPA_06444	GCF_905400185.1	DKPOPA_06444	True	True	2
GCF_905400185.1|DKPOPA_06445	GCF_905400185.1	DKPOPA_06445	True	True	2
GCF_905400185.1|DKPOPA_06446	GCF_905400185.1	DKPOPA_06446	True	True	6
GCF_905400185.1|DKPOPA_06447	GCF_905400185.1	DKPOPA_06447	True	True	1
GCF_905400185.1|DKPOPA_06448	GCF_905400185.1	DKPOPA_06448	True	True	1
GCF_905400185.1|DKPOPA_06449	GCF_905400185.1	DKPOPA_06449	False	False	1
GCF_905400185.1|DKPOPA_06450	GCF_905400185.1	DKPOPA_06450	True	True	1
GCF_905400185.1|DKPOPA_06451	GCF_905400185.1	DKPOPA_06451	True	True	1
GCF_905400185.1|DKPOPA_06452	GCF_905400185.1	DKPOPA_06452	True	True	1
GCF_905400185.1|DKPOPA_06453	GCF_905400185.1	DKPOPA_06453	True	True	3
GCF_905400185.1|DKPOPA_06454	GCF_905400185.1	DKPOPA_06454	True	True	3
GCF_905400185.1|DKPOPA_06455	GCF_905400185.1	DKPOPA_06455	True	True	4
GCF_905400185.1|DKPOPA_06456	GCF_905400185.1	DKPOPA_06456	True	True	4
GCF_905400185.1|DKPOPA_06457	GCF_905400185.1	DKPOPA_06457	True	False	1
GCF_905400185.1|DKPOPA_06458	GCF_905400185.1	DKPOPA_06458	True	True	1
GCF_905400185.1|DKPOPA_06459	GCF_905400185.1	DKPOPA_06459	True	True	1
GCF_905400185.1|DKPOPA_06460	GCF_905400185.1	DKPOPA_06460	True	True	1
GCF_905400185.1|DKPOPA_06461	GCF_905400185.1	DKPOPA_06461	True	True	5
GCF_905400185.1|DKPOPA_06462	GCF_905400185.1	DKPOPA_06462	True	True	8
GCF_905400185.1|DKPOPA_06463	GCF_905400185.1	DKPOPA_06463	True	True	3
GCF_905400185.1|DKPOPA_06464	GCF_905400185.1	DKPOPA_06464	True	True	2
GCF_905400185.1|DKPOPA_06465	GCF_905400185.1	DKPOPA_06465	True	True	1
GCF_905400185.1|DKPOPA_06466	GCF_905400185.1	DKPOPA_06466	True	True	5
GCF_905400185.1|DKPOPA_06467	GCF_905400185.1	DKPOPA_06467	True	True	3
GCF_905400185.1|DKPOPA_06468	GCF_905400185.1	DKPOPA_06468	True	True	8
GCF_905400185.1|DKPOPA_06469	GCF_905400185.1	DKPOPA_06469	True	True	4
GCF_905400185.1|DKPOPA_06470	GCF_905400185.1	DKPOPA_06470	True	True	6
GCF_905400185.1|DKPOPA_06471	GCF_905400185.1	DKPOPA_06471	True	True	6
GCF_905400185.1|DKPOPA_06472	GCF_905400185.1	DKPOPA_06472	True	True	9
GCF_905400185.1|DKPOPA_06473	GCF_905400185.1	DKPOPA_06473	True	True	10
GCF_905400185.1|DKPOPA_06474	GCF_905400185.1	DKPOPA_06474	True	True	8
GCF_905400185.1|DKPOPA_06475	GCF_905400185.1	DKPOPA_06475	True	True	11
GCF_905400185.1|DKPOPA_06476	GCF_905400185.1	DKPOPA_06476	True	True	7
GCF_905400185.1|DKPOPA_06477	GCF_905400185.1	DKPOPA_06477	True	True	6
GCF_905400185.1|DKPOPA_06478	GCF_905400185.1	DKPOPA_06478	True	True	5
GCF_905400185.1|DKPOPA_06479	GCF_905400185.1	DKPOPA_06479	True	True	4
GCF_905400185.1|DKPOPA_06481	GCF_905400185.1	DKPOPA_06481	True	True	5
GCF_905400185.1|DKPOPA_06482	GCF_905400185.1	DKPOPA_06482	True	True	7
GCF_905400185.1|DKPOPA_06483	GCF_905400185.1	DKPOPA_06483	True	True	8
GCF_905400185.1|DKPOPA_06484	GCF_905400185.1	DKPOPA_06484	True	True	5
GCF_905400185.1|DKPOPA_06485	GCF_905400185.1	DKPOPA_06485	True	True	5
GCF_905400185.1|DKPOPA_06486	GCF_905400185.1	DKPOPA_06486	True	True	4
GCF_905400185.1|DKPOPA_06489	GCF_905400185.1	DKPOPA_06489	True	True	9
GCF_905400185.1|DKPOPA_06490	GCF_905400185.1	DKPOPA_06490	True	True	5
GCF_905400185.1|DKPOPA_06491	GCF_905400185.1	DKPOPA_06491	True	True	7
GCF_905400185.1|DKPOPA_06492	GCF_905400185.1	DKPOPA_06492	True	True	7
GCF_905400185.1|DKPOPA_06493	GCF_905400185.1	DKPOPA_06493	True	True	6
GCF_905400185.1|DKPOPA_06494	GCF_905400185.1	DKPOPA_06494	True	True	7
GCF_905400185.1|DKPOPA_06495	GCF_905400185.1	DKPOPA_06495	True	False	1
GCF_905400185.1|DKPOPA_06496	GCF_905400185.1	DKPOPA_06496	True	True	6
GCF_905400185.1|DKPOPA_06497	GCF_905400185.1	DKPOPA_06497	True	True	3
GCF_905400185.1|DKPOPA_06498	GCF_905400185.1	DKPOPA_06498	True	True	5
GCF_905400185.1|DKPOPA_06499	GCF_905400185.1	DKPOPA_06499	True	True	7
GCF_905400185.1|DKPOPA_06501	GCF_905400185.1	DKPOPA_06501	True	True	6
GCF_905400185.1|DKPOPA_06502	GCF_905400185.1	DKPOPA_06502	True	True	6
GCF_905400185.1|DKPOPA_06503	GCF_905400185.1	DKPOPA_06503	True	True	6
GCF_905400185.1|DKPOPA_06504	GCF_905400185.1	DKPOPA_06504	True	True	8
GCF_905400185.1|DKPOPA_06505	GCF_905400185.1	DKPOPA_06505	True	True	11
GCF_905400185.1|DKPOPA_06506	GCF_905400185.1	DKPOPA_06506	True	True	8
GCF_905400185.1|DKPOPA_06507	GCF_905400185.1	DKPOPA_06507	True	True	6
GCF_905400185.1|DKPOPA_06508	GCF_905400185.1	DKPOPA_06508	True	True	4
GCF_905400185.1|DKPOPA_06509	GCF_905400185.1	DKPOPA_06509	True	True	7
GCF_905400185.1|DKPOPA_06510	GCF_905400185.1	DKPOPA_06510	True	True	6
GCF_905400185.1|DKPOPA_06512	GCF_905400185.1	DKPOPA_06512	True	True	10
GCF_905400185.1|DKPOPA_06513	GCF_905400185.1	DKPOPA_06513	True	True	4
GCF_905400185.1|DKPOPA_06514	GCF_905400185.1	DKPOPA_06514	True	True	5
GCF_905400185.1|DKPOPA_06515	GCF_905400185.1	DKPOPA_06515	True	True	6
GCF_905400185.1|DKPOPA_06516	GCF_905400185.1	DKPOPA_06516	True	True	1
GCF_905400185.1|DKPOPA_06517	GCF_905400185.1	DKPOPA_06517	True	True	4
GCF_905400185.1|DKPOPA_06518	GCF_905400185.1	DKPOPA_06518	True	True	9
GCF_905400185.1|DKPOPA_06519	GCF_905400185.1	DKPOPA_06519	True	True	5
GCF_905400185.1|DKPOPA_06520	GCF_905400185.1	DKPOPA_06520	True	True	7
GCF_905400185.1|DKPOPA_06521	GCF_905400185.1	DKPOPA_06521	True	True	8
GCF_905400185.1|DKPOPA_06522	GCF_905400185.1	DKPOPA_06522	True	True	7
GCF_905400185.1|DKPOPA_06523	GCF_905400185.1	DKPOPA_06523	True	True	8
GCF_905400185.1|DKPOPA_06524	GCF_905400185.1	DKPOPA_06524	True	True	9
GCF_905400185.1|DKPOPA_06525	GCF_905400185.1	DKPOPA_06525	True	True	8
GCF_905400185.1|DKPOPA_06526	GCF_905400185.1	DKPOPA_06526	True	True	10
GCF_905400185.1|DKPOPA_06527	GCF_905400185.1	DKPOPA_06527	True	True	3
GCF_905400185.1|DKPOPA_06529	GCF_905400185.1	DKPOPA_06529	True	True	6
GCF_905400185.1|DKPOPA_06530	GCF_905400185.1	DKPOPA_06530	True	True	9
GCF_905400185.1|DKPOPA_06531	GCF_905400185.1	DKPOPA_06531	True	True	10
GCF_905400185.1|DKPOPA_06532	GCF_905400185.1	DKPOPA_06532	False	False	1
GCF_905400185.1|DKPOPA_06534	GCF_905400185.1	DKPOPA_06534	True	True	5
GCF_905400185.1|DKPOPA_06535	GCF_905400185.1	DKPOPA_06535	True	True	4
GCF_905400185.1|DKPOPA_06536	GCF_905400185.1	DKPOPA_06536	True	True	8
GCF_905400185.1|DKPOPA_06537	GCF_905400185.1	DKPOPA_06537	True	True	6
GCF_905400185.1|DKPOPA_06538	GCF_905400185.1	DKPOPA_06538	True	True	6
GCF_905400185.1|DKPOPA_06539	GCF_905400185.1	DKPOPA_06539	True	True	4
GCF_905400185.1|DKPOPA_06540	GCF_905400185.1	DKPOPA_06540	True	True	6
GCF_905400185.1|DKPOPA_06541	GCF_905400185.1	DKPOPA_06541	True	True	3
GCF_905400185.1|DKPOPA_06542	GCF_905400185.1	DKPOPA_06542	True	True	5
GCF_905400185.1|DKPOPA_06543	GCF_905400185.1	DKPOPA_06543	True	True	7
GCF_905400185.1|DKPOPA_06544	GCF_905400185.1	DKPOPA_06544	True	True	4
GCF_905400185.1|DKPOPA_06545	GCF_905400185.1	DKPOPA_06545	True	True	6
GCF_905400185.1|DKPOPA_06546	GCF_905400185.1	DKPOPA_06546	True	True	6
GCF_905400185.1|DKPOPA_06547	GCF_905400185.1	DKPOPA_06547	True	True	5
GCF_905400185.1|DKPOPA_06548	GCF_905400185.1	DKPOPA_06548	True	True	6
GCF_905400185.1|DKPOPA_06549	GCF_905400185.1	DKPOPA_06549	True	True	4
GCF_905400185.1|DKPOPA_06550	GCF_905400185.1	DKPOPA_06550	True	True	9
GCF_905400185.1|DKPOPA_06551	GCF_905400185.1	DKPOPA_06551	True	True	6
GCF_905400185.1|DKPOPA_06552	GCF_905400185.1	DKPOPA_06552	True	True	4
GCF_905400185.1|DKPOPA_06553	GCF_905400185.1	DKPOPA_06553	True	True	5
GCF_905400185.1|DKPOPA_06554	GCF_905400185.1	DKPOPA_06554	True	True	7
GCF_905400185.1|DKPOPA_06555	GCF_905400185.1	DKPOPA_06555	True	True	8
GCF_905400185.1|DKPOPA_06556	GCF_905400185.1	DKPOPA_06556	True	True	9
GCF_905400185.1|DKPOPA_06557	GCF_905400185.1	DKPOPA_06557	True	True	3
GCF_905400185.1|DKPOPA_06558	GCF_905400185.1	DKPOPA_06558	True	True	5
GCF_905400185.1|DKPOPA_06559	GCF_905400185.1	DKPOPA_06559	True	True	5
GCF_905400185.1|DKPOPA_06560	GCF_905400185.1	DKPOPA_06560	True	True	4
GCF_905400185.1|DKPOPA_06561	GCF_905400185.1	DKPOPA_06561	True	True	6
GCF_905400185.1|DKPOPA_06562	GCF_905400185.1	DKPOPA_06562	True	True	4
GCF_905400185.1|DKPOPA_06563	GCF_905400185.1	DKPOPA_06563	True	True	5
GCF_905400185.1|DKPOPA_06565	GCF_905400185.1	DKPOPA_06565	True	True	6
GCF_905400185.1|DKPOPA_06566	GCF_905400185.1	DKPOPA_06566	True	True	9
GCF_905400185.1|DKPOPA_06567	GCF_905400185.1	DKPOPA_06567	True	True	9
GCF_905400185.1|DKPOPA_06568	GCF_905400185.1	DKPOPA_06568	True	True	4
GCF_905400185.1|DKPOPA_06569	GCF_905400185.1	DKPOPA_06569	True	True	6
GCF_905400185.1|DKPOPA_06570	GCF_905400185.1	DKPOPA_06570	True	True	8
GCF_905400185.1|DKPOPA_06571	GCF_905400185.1	DKPOPA_06571	True	True	7
GCF_905400185.1|DKPOPA_06572	GCF_905400185.1	DKPOPA_06572	True	True	5
GCF_905400185.1|DKPOPA_06573	GCF_905400185.1	DKPOPA_06573	True	True	6
GCF_905400185.1|DKPOPA_06574	GCF_905400185.1	DKPOPA_06574	True	True	5
GCF_905400185.1|DKPOPA_06577	GCF_905400185.1	DKPOPA_06577	True	True	1
GCF_905400185.1|DKPOPA_06578	GCF_905400185.1	DKPOPA_06578	True	True	8
GCF_905400185.1|DKPOPA_06579	GCF_905400185.1	DKPOPA_06579	True	True	7
GCF_905400185.1|DKPOPA_06580	GCF_905400185.1	DKPOPA_06580	True	True	6
GCF_905400185.1|DKPOPA_06581	GCF_905400185.1	DKPOPA_06581	True	True	4
GCF_905400185.1|DKPOPA_06582	GCF_905400185.1	DKPOPA_06582	True	True	7
GCF_905400185.1|DKPOPA_06583	GCF_905400185.1	DKPOPA_06583	True	True	2
GCF_905400185.1|DKPOPA_06584	GCF_905400185.1	DKPOPA_06584	True	True	7
GCF_905400185.1|DKPOPA_06585	GCF_905400185.1	DKPOPA_06585	True	True	7
GCF_905400185.1|DKPOPA_06586	GCF_905400185.1	DKPOPA_06586	True	True	9
GCF_905400185.1|DKPOPA_06587	GCF_905400185.1	DKPOPA_06587	True	True	9
GCF_905400185.1|DKPOPA_06588	GCF_905400185.1	DKPOPA_06588	True	True	5
GCF_905400185.1|DKPOPA_06589	GCF_905400185.1	DKPOPA_06589	True	True	5
GCF_905400185.1|DKPOPA_06590	GCF_905400185.1	DKPOPA_06590	True	True	7
GCF_905400185.1|DKPOPA_06591	GCF_905400185.1	DKPOPA_06591	True	True	10
GCF_905400185.1|DKPOPA_06592	GCF_905400185.1	DKPOPA_06592	True	True	7
GCF_905400185.1|DKPOPA_06593	GCF_905400185.1	DKPOPA_06593	True	True	6
GCF_905400185.1|DKPOPA_06594	GCF_905400185.1	DKPOPA_06594	True	True	7
GCF_905400185.1|DKPOPA_06595	GCF_905400185.1	DKPOPA_06595	True	True	9
GCF_905400185.1|DKPOPA_06596	GCF_905400185.1	DKPOPA_06596	True	True	4
GCF_905400185.1|DKPOPA_06597	GCF_905400185.1	DKPOPA_06597	True	True	6
GCF_905400185.1|DKPOPA_06598	GCF_905400185.1	DKPOPA_06598	True	True	4
GCF_905400185.1|DKPOPA_06599	GCF_905400185.1	DKPOPA_06599	True	True	4
GCF_905400185.1|DKPOPA_06600	GCF_905400185.1	DKPOPA_06600	True	True	4
GCF_905400185.1|DKPOPA_06601	GCF_905400185.1	DKPOPA_06601	True	True	7
GCF_905400185.1|DKPOPA_06602	GCF_905400185.1	DKPOPA_06602	True	True	8
GCF_905400185.1|DKPOPA_06603	GCF_905400185.1	DKPOPA_06603	True	True	6
GCF_905400185.1|DKPOPA_06604	GCF_905400185.1	DKPOPA_06604	True	True	2
GCF_905400185.1|DKPOPA_06605	GCF_905400185.1	DKPOPA_06605	True	True	5
GCF_905400185.1|DKPOPA_06606	GCF_905400185.1	DKPOPA_06606	True	True	7
GCF_905400185.1|DKPOPA_06607	GCF_905400185.1	DKPOPA_06607	True	True	9
GCF_905400185.1|DKPOPA_06608	GCF_905400185.1	DKPOPA_06608	True	True	9
GCF_905400185.1|DKPOPA_06609	GCF_905400185.1	DKPOPA_06609	True	True	4
GCF_905400185.1|DKPOPA_06610	GCF_905400185.1	DKPOPA_06610	True	True	9
GCF_905400185.1|DKPOPA_06611	GCF_905400185.1	DKPOPA_06611	True	True	8
GCF_905400185.1|DKPOPA_06612	GCF_905400185.1	DKPOPA_06612	True	True	8
GCF_905400185.1|DKPOPA_06613	GCF_905400185.1	DKPOPA_06613	True	True	9
GCF_905400185.1|DKPOPA_06614	GCF_905400185.1	DKPOPA_06614	True	True	7
GCF_905400185.1|DKPOPA_06615	GCF_905400185.1	DKPOPA_06615	True	True	5
GCF_905400185.1|DKPOPA_06616	GCF_905400185.1	DKPOPA_06616	True	True	7
GCF_905400185.1|DKPOPA_06617	GCF_905400185.1	DKPOPA_06617	True	True	7
GCF_905400185.1|DKPOPA_06620	GCF_905400185.1	DKPOPA_06620	True	True	2
GCF_905400185.1|DKPOPA_06621	GCF_905400185.1	DKPOPA_06621	True	True	1
GCF_905400185.1|DKPOPA_06624	GCF_905400185.1	DKPOPA_06624	True	True	7
GCF_905400185.1|DKPOPA_06625	GCF_905400185.1	DKPOPA_06625	True	True	6
GCF_905400185.1|DKPOPA_06626	GCF_905400185.1	DKPOPA_06626	True	True	6
GCF_905400185.1|DKPOPA_06627	GCF_905400185.1	DKPOPA_06627	True	True	6
GCF_905400185.1|DKPOPA_06628	GCF_905400185.1	DKPOPA_06628	True	True	6
GCF_905400185.1|DKPOPA_06629	GCF_905400185.1	DKPOPA_06629	True	True	7
GCF_905400185.1|DKPOPA_06630	GCF_905400185.1	DKPOPA_06630	True	True	6
GCF_905400185.1|DKPOPA_06631	GCF_905400185.1	DKPOPA_06631	True	True	7
GCF_905400185.1|DKPOPA_06632	GCF_905400185.1	DKPOPA_06632	True	True	7
GCF_905400185.1|DKPOPA_06633	GCF_905400185.1	DKPOPA_06633	True	True	3
GCF_905400185.1|DKPOPA_06634	GCF_905400185.1	DKPOPA_06634	True	True	3
GCF_905400185.1|DKPOPA_06635	GCF_905400185.1	DKPOPA_06635	True	True	5
GCF_905400185.1|DKPOPA_06636	GCF_905400185.1	DKPOPA_06636	True	True	6
GCF_905400185.1|DKPOPA_06637	GCF_905400185.1	DKPOPA_06637	True	True	5
GCF_905400185.1|DKPOPA_06638	GCF_905400185.1	DKPOPA_06638	True	True	4
GCF_905400185.1|DKPOPA_06639	GCF_905400185.1	DKPOPA_06639	True	True	8
GCF_905400185.1|DKPOPA_06640	GCF_905400185.1	DKPOPA_06640	True	True	5
GCF_905400185.1|DKPOPA_06641	GCF_905400185.1	DKPOPA_06641	True	True	7
GCF_905400185.1|DKPOPA_06642	GCF_905400185.1	DKPOPA_06642	True	True	11
GCF_905400185.1|DKPOPA_06643	GCF_905400185.1	DKPOPA_06643	True	True	9
GCF_905400185.1|DKPOPA_06644	GCF_905400185.1	DKPOPA_06644	True	True	6
GCF_905400185.1|DKPOPA_06645	GCF_905400185.1	DKPOPA_06645	True	True	4
GCF_905400185.1|DKPOPA_06646	GCF_905400185.1	DKPOPA_06646	True	True	5
GCF_905400185.1|DKPOPA_06647	GCF_905400185.1	DKPOPA_06647	True	True	5
GCF_905400185.1|DKPOPA_06648	GCF_905400185.1	DKPOPA_06648	False	False	1
GCF_905400185.1|DKPOPA_06649	GCF_905400185.1	DKPOPA_06649	True	True	9
GCF_905400185.1|DKPOPA_06651	GCF_905400185.1	DKPOPA_06651	True	True	6
GCF_905400185.1|DKPOPA_06652	GCF_905400185.1	DKPOPA_06652	True	True	8
GCF_905400185.1|DKPOPA_06653	GCF_905400185.1	DKPOPA_06653	True	True	1
GCF_905400185.1|DKPOPA_06654	GCF_905400185.1	DKPOPA_06654	True	True	6
GCF_905400185.1|DKPOPA_06655	GCF_905400185.1	DKPOPA_06655	True	True	8
GCF_905400185.1|DKPOPA_06656	GCF_905400185.1	DKPOPA_06656	True	True	5
GCF_905400185.1|DKPOPA_06657	GCF_905400185.1	DKPOPA_06657	True	True	5
GCF_905400185.1|DKPOPA_06658	GCF_905400185.1	DKPOPA_06658	True	True	6
GCF_905400185.1|DKPOPA_06659	GCF_905400185.1	DKPOPA_06659	True	True	6
GCF_905400185.1|DKPOPA_06660	GCF_905400185.1	DKPOPA_06660	True	True	9
GCF_905400185.1|DKPOPA_06661	GCF_905400185.1	DKPOPA_06661	True	False	4
GCF_905400185.1|DKPOPA_06662	GCF_905400185.1	DKPOPA_06662	True	True	5
GCF_905400185.1|DKPOPA_06663	GCF_905400185.1	DKPOPA_06663	False	False	1
GCF_905400185.1|DKPOPA_06664	GCF_905400185.1	DKPOPA_06664	False	False	1
GCF_905400185.1|DKPOPA_06665	GCF_905400185.1	DKPOPA_06665	True	True	2
GCF_905400185.1|DKPOPA_06666	GCF_905400185.1	DKPOPA_06666	True	True	7
GCF_905400185.1|DKPOPA_06667	GCF_905400185.1	DKPOPA_06667	True	True	3
GCF_905400185.1|DKPOPA_06668	GCF_905400185.1	DKPOPA_06668	True	True	6
GCF_905400185.1|DKPOPA_06669	GCF_905400185.1	DKPOPA_06669	True	True	4
GCF_905400185.1|DKPOPA_06670	GCF_905400185.1	DKPOPA_06670	True	True	7
GCF_905400185.1|DKPOPA_06671	GCF_905400185.1	DKPOPA_06671	True	True	8
GCF_905400185.1|DKPOPA_06672	GCF_905400185.1	DKPOPA_06672	True	True	4
GCF_905400185.1|DKPOPA_06673	GCF_905400185.1	DKPOPA_06673	True	True	4
GCF_905400185.1|DKPOPA_06674	GCF_905400185.1	DKPOPA_06674	True	True	3
GCF_905400185.1|DKPOPA_06675	GCF_905400185.1	DKPOPA_06675	True	True	7
GCF_905400185.1|DKPOPA_06676	GCF_905400185.1	DKPOPA_06676	True	True	7
GCF_905400185.1|DKPOPA_06677	GCF_905400185.1	DKPOPA_06677	True	True	7
GCF_905400185.1|DKPOPA_06678	GCF_905400185.1	DKPOPA_06678	True	True	7
GCF_905400185.1|DKPOPA_06679	GCF_905400185.1	DKPOPA_06679	True	True	5
GCF_905400185.1|DKPOPA_06681	GCF_905400185.1	DKPOPA_06681	True	True	2
GCF_905400185.1|DKPOPA_06682	GCF_905400185.1	DKPOPA_06682	False	False	1
GCF_905400185.1|DKPOPA_06683	GCF_905400185.1	DKPOPA_06683	True	True	2
GCF_905400185.1|DKPOPA_06684	GCF_905400185.1	DKPOPA_06684	True	True	3
GCF_905400185.1|DKPOPA_06685	GCF_905400185.1	DKPOPA_06685	True	True	5
GCF_905400185.1|DKPOPA_06686	GCF_905400185.1	DKPOPA_06686	True	True	5
GCF_905400185.1|DKPOPA_06687	GCF_905400185.1	DKPOPA_06687	True	True	4
GCF_905400185.1|DKPOPA_06689	GCF_905400185.1	DKPOPA_06689	True	True	4
GCF_905400185.1|DKPOPA_06692	GCF_905400185.1	DKPOPA_06692	True	True	8
GCF_905400185.1|DKPOPA_06693	GCF_905400185.1	DKPOPA_06693	True	True	7
GCF_905400185.1|DKPOPA_06694	GCF_905400185.1	DKPOPA_06694	True	True	8
GCF_905400185.1|DKPOPA_06695	GCF_905400185.1	DKPOPA_06695	True	True	6
GCF_905400185.1|DKPOPA_06696	GCF_905400185.1	DKPOPA_06696	False	False	1
GCF_905400185.1|DKPOPA_06697	GCF_905400185.1	DKPOPA_06697	True	True	8
GCF_905400185.1|DKPOPA_06699	GCF_905400185.1	DKPOPA_06699	True	True	3
GCF_905400185.1|DKPOPA_06700	GCF_905400185.1	DKPOPA_06700	True	True	2
GCF_905400185.1|DKPOPA_06701	GCF_905400185.1	DKPOPA_06701	True	True	2
GCF_905400185.1|DKPOPA_06702	GCF_905400185.1	DKPOPA_06702	True	True	3
GCF_905400185.1|DKPOPA_06703	GCF_905400185.1	DKPOPA_06703	True	True	8
GCF_905400185.1|DKPOPA_06704	GCF_905400185.1	DKPOPA_06704	True	True	8
GCF_905400185.1|DKPOPA_06705	GCF_905400185.1	DKPOPA_06705	True	True	9
GCF_905400185.1|DKPOPA_06707	GCF_905400185.1	DKPOPA_06707	True	True	6
GCF_905400185.1|DKPOPA_06708	GCF_905400185.1	DKPOPA_06708	True	True	2
GCF_905400185.1|DKPOPA_06709	GCF_905400185.1	DKPOPA_06709	True	True	6
GCF_905400185.1|DKPOPA_06710	GCF_905400185.1	DKPOPA_06710	True	True	6
GCF_905400185.1|DKPOPA_06711	GCF_905400185.1	DKPOPA_06711	True	True	7
GCF_905400185.1|DKPOPA_06712	GCF_905400185.1	DKPOPA_06712	True	True	5
GCF_905400185.1|DKPOPA_06713	GCF_905400185.1	DKPOPA_06713	True	True	7
GCF_905400185.1|DKPOPA_06714	GCF_905400185.1	DKPOPA_06714	True	True	5
GCF_905400185.1|DKPOPA_06715	GCF_905400185.1	DKPOPA_06715	True	True	9
GCF_905400185.1|DKPOPA_06716	GCF_905400185.1	DKPOPA_06716	True	True	9
GCF_905400185.1|DKPOPA_06717	GCF_905400185.1	DKPOPA_06717	True	True	6
GCF_905400185.1|DKPOPA_06718	GCF_905400185.1	DKPOPA_06718	True	True	7
GCF_905400185.1|DKPOPA_06719	GCF_905400185.1	DKPOPA_06719	True	True	6
GCF_905400185.1|DKPOPA_06720	GCF_905400185.1	DKPOPA_06720	True	True	9
GCF_905400185.1|DKPOPA_06722	GCF_905400185.1	DKPOPA_06722	True	True	5
GCF_905400185.1|DKPOPA_06723	GCF_905400185.1	DKPOPA_06723	True	True	5
GCF_905400185.1|DKPOPA_06725	GCF_905400185.1	DKPOPA_06725	True	True	7
GCF_905400185.1|DKPOPA_06726	GCF_905400185.1	DKPOPA_06726	True	True	7
GCF_905400185.1|DKPOPA_06727	GCF_905400185.1	DKPOPA_06727	True	True	8
GCF_905400185.1|DKPOPA_06728	GCF_905400185.1	DKPOPA_06728	True	True	4
GCF_905400185.1|DKPOPA_06729	GCF_905400185.1	DKPOPA_06729	True	True	7
GCF_905400185.1|DKPOPA_06730	GCF_905400185.1	DKPOPA_06730	True	True	6
GCF_905400185.1|DKPOPA_06731	GCF_905400185.1	DKPOPA_06731	True	True	6
GCF_905400185.1|DKPOPA_06732	GCF_905400185.1	DKPOPA_06732	True	True	5
GCF_905400185.1|DKPOPA_06733	GCF_905400185.1	DKPOPA_06733	True	True	5
GCF_905400185.1|DKPOPA_06734	GCF_905400185.1	DKPOPA_06734	True	True	6
GCF_905400185.1|DKPOPA_06735	GCF_905400185.1	DKPOPA_06735	True	True	8
GCF_905400185.1|DKPOPA_06736	GCF_905400185.1	DKPOPA_06736	True	True	1
GCF_905400185.1|DKPOPA_06737	GCF_905400185.1	DKPOPA_06737	True	True	3
GCF_905400185.1|DKPOPA_06739	GCF_905400185.1	DKPOPA_06739	True	True	7
GCF_905400185.1|DKPOPA_06740	GCF_905400185.1	DKPOPA_06740	True	True	4
GCF_905400185.1|DKPOPA_06741	GCF_905400185.1	DKPOPA_06741	True	True	2
GCF_905400185.1|DKPOPA_06742	GCF_905400185.1	DKPOPA_06742	True	True	8
GCF_905400185.1|DKPOPA_06743	GCF_905400185.1	DKPOPA_06743	True	True	8
GCF_905400185.1|DKPOPA_06744	GCF_905400185.1	DKPOPA_06744	True	True	10
GCF_905400185.1|DKPOPA_06745	GCF_905400185.1	DKPOPA_06745	True	True	8
GCF_905400185.1|DKPOPA_06746	GCF_905400185.1	DKPOPA_06746	True	True	8
GCF_905400185.1|DKPOPA_06747	GCF_905400185.1	DKPOPA_06747	True	True	6
GCF_905400185.1|DKPOPA_06748	GCF_905400185.1	DKPOPA_06748	True	True	7
GCF_905400185.1|DKPOPA_06749	GCF_905400185.1	DKPOPA_06749	False	False	1
GCF_905400185.1|DKPOPA_06750	GCF_905400185.1	DKPOPA_06750	True	True	2
GCF_905400185.1|DKPOPA_06752	GCF_905400185.1	DKPOPA_06752	True	True	3
GCF_905400185.1|DKPOPA_06753	GCF_905400185.1	DKPOPA_06753	True	True	7
GCF_905400185.1|DKPOPA_06754	GCF_905400185.1	DKPOPA_06754	True	True	1
GCF_905400185.1|DKPOPA_06755	GCF_905400185.1	DKPOPA_06755	False	False	1
GCF_905400185.1|DKPOPA_06756	GCF_905400185.1	DKPOPA_06756	True	True	2
GCF_905400185.1|DKPOPA_06757	GCF_905400185.1	DKPOPA_06757	True	True	3
GCF_905400185.1|DKPOPA_06758	GCF_905400185.1	DKPOPA_06758	True	True	8
GCF_905400185.1|DKPOPA_06759	GCF_905400185.1	DKPOPA_06759	True	True	10
GCF_905400185.1|DKPOPA_06760	GCF_905400185.1	DKPOPA_06760	True	True	13
GCF_905400185.1|DKPOPA_06761	GCF_905400185.1	DKPOPA_06761	True	True	1
GCF_905400185.1|DKPOPA_06762	GCF_905400185.1	DKPOPA_06762	True	True	4
GCF_905400185.1|DKPOPA_06763	GCF_905400185.1	DKPOPA_06763	True	True	2
GCF_905400185.1|DKPOPA_06764	GCF_905400185.1	DKPOPA_06764	True	True	9
GCF_905400185.1|DKPOPA_06765	GCF_905400185.1	DKPOPA_06765	True	True	3
GCF_905400185.1|DKPOPA_06766	GCF_905400185.1	DKPOPA_06766	False	False	1
GCF_905400185.1|DKPOPA_06768	GCF_905400185.1	DKPOPA_06768	False	False	1
GCF_905400185.1|DKPOPA_06770	GCF_905400185.1	DKPOPA_06770	False	False	1
GCF_905400185.1|DKPOPA_06771	GCF_905400185.1	DKPOPA_06771	True	True	7
GCF_905400185.1|DKPOPA_06772	GCF_905400185.1	DKPOPA_06772	True	True	5
GCF_905400185.1|DKPOPA_06773	GCF_905400185.1	DKPOPA_06773	True	True	6
GCF_905400185.1|DKPOPA_06774	GCF_905400185.1	DKPOPA_06774	True	True	8
GCF_905400185.1|DKPOPA_06775	GCF_905400185.1	DKPOPA_06775	True	True	3
GCF_905400185.1|DKPOPA_06776	GCF_905400185.1	DKPOPA_06776	True	True	2
GCF_905400185.1|DKPOPA_06777	GCF_905400185.1	DKPOPA_06777	True	True	4
GCF_905400185.1|DKPOPA_06778	GCF_905400185.1	DKPOPA_06778	True	True	11
GCF_905400185.1|DKPOPA_06779	GCF_905400185.1	DKPOPA_06779	False	False	1
GCF_905400185.1|DKPOPA_06780	GCF_905400185.1	DKPOPA_06780	True	True	2
GCF_905400185.1|DKPOPA_06781	GCF_905400185.1	DKPOPA_06781	True	True	8
GCF_905400185.1|DKPOPA_06782	GCF_905400185.1	DKPOPA_06782	True	True	5
GCF_905400185.1|DKPOPA_06783	GCF_905400185.1	DKPOPA_06783	True	True	5
GCF_905400185.1|DKPOPA_06784	GCF_905400185.1	DKPOPA_06784	True	True	6
GCF_905400185.1|DKPOPA_06785	GCF_905400185.1	DKPOPA_06785	True	True	11
GCF_905400185.1|DKPOPA_06786	GCF_905400185.1	DKPOPA_06786	True	True	3
GCF_905400185.1|DKPOPA_06787	GCF_905400185.1	DKPOPA_06787	True	True	4
GCF_905400185.1|DKPOPA_06788	GCF_905400185.1	DKPOPA_06788	True	True	9
GCF_905400185.1|DKPOPA_06789	GCF_905400185.1	DKPOPA_06789	True	True	10
GCF_905400185.1|DKPOPA_06790	GCF_905400185.1	DKPOPA_06790	True	True	5
GCF_905400185.1|DKPOPA_06791	GCF_905400185.1	DKPOPA_06791	True	True	5
GCF_905400185.1|DKPOPA_06792	GCF_905400185.1	DKPOPA_06792	True	True	3
GCF_905400185.1|DKPOPA_06793	GCF_905400185.1	DKPOPA_06793	True	True	4
GCF_905400185.1|DKPOPA_06794	GCF_905400185.1	DKPOPA_06794	True	True	5
GCF_905400185.1|DKPOPA_06795	GCF_905400185.1	DKPOPA_06795	True	True	5
GCF_905400185.1|DKPOPA_06796	GCF_905400185.1	DKPOPA_06796	True	True	6
GCF_905400185.1|DKPOPA_06797	GCF_905400185.1	DKPOPA_06797	True	True	7
GCF_905400185.1|DKPOPA_06799	GCF_905400185.1	DKPOPA_06799	True	True	10
GCF_905400185.1|DKPOPA_06800	GCF_905400185.1	DKPOPA_06800	True	True	5
GCF_905400185.1|DKPOPA_06801	GCF_905400185.1	DKPOPA_06801	False	False	1
GCF_905400185.1|DKPOPA_06802	GCF_905400185.1	DKPOPA_06802	True	True	11
GCF_905400185.1|DKPOPA_06803	GCF_905400185.1	DKPOPA_06803	True	True	4
GCF_905400185.1|DKPOPA_06804	GCF_905400185.1	DKPOPA_06804	True	True	7
GCF_905400185.1|DKPOPA_06805	GCF_905400185.1	DKPOPA_06805	True	False	1
GCF_905400185.1|DKPOPA_06806	GCF_905400185.1	DKPOPA_06806	True	True	7
GCF_905400185.1|DKPOPA_06807	GCF_905400185.1	DKPOPA_06807	True	True	4
GCF_905400185.1|DKPOPA_06808	GCF_905400185.1	DKPOPA_06808	True	True	8
GCF_905400185.1|DKPOPA_06810	GCF_905400185.1	DKPOPA_06810	True	True	1
GCF_905400185.1|DKPOPA_06811	GCF_905400185.1	DKPOPA_06811	True	True	2
GCF_905400185.1|DKPOPA_06812	GCF_905400185.1	DKPOPA_06812	True	True	6
GCF_905400185.1|DKPOPA_06813	GCF_905400185.1	DKPOPA_06813	True	True	6
GCF_905400185.1|DKPOPA_06814	GCF_905400185.1	DKPOPA_06814	True	True	5
GCF_905400185.1|DKPOPA_06815	GCF_905400185.1	DKPOPA_06815	False	False	1
GCF_905400185.1|DKPOPA_06816	GCF_905400185.1	DKPOPA_06816	True	True	12
GCF_905400185.1|DKPOPA_06817	GCF_905400185.1	DKPOPA_06817	True	True	7
GCF_905400185.1|DKPOPA_06818	GCF_905400185.1	DKPOPA_06818	True	True	5
GCF_905400185.1|DKPOPA_06819	GCF_905400185.1	DKPOPA_06819	True	True	8
GCF_905400185.1|DKPOPA_06820	GCF_905400185.1	DKPOPA_06820	True	True	7
GCF_905400185.1|DKPOPA_06821	GCF_905400185.1	DKPOPA_06821	True	True	4
GCF_905400185.1|DKPOPA_06822	GCF_905400185.1	DKPOPA_06822	True	True	7
GCF_905400185.1|DKPOPA_06823	GCF_905400185.1	DKPOPA_06823	True	True	5
GCF_905400185.1|DKPOPA_06826	GCF_905400185.1	DKPOPA_06826	True	True	2
GCF_905400185.1|DKPOPA_06827	GCF_905400185.1	DKPOPA_06827	True	True	5
GCF_905400185.1|DKPOPA_06828	GCF_905400185.1	DKPOPA_06828	True	True	7
GCF_905400185.1|DKPOPA_06829	GCF_905400185.1	DKPOPA_06829	True	True	1
GCF_905400185.1|DKPOPA_06830	GCF_905400185.1	DKPOPA_06830	True	True	1
GCF_905400185.1|DKPOPA_06831	GCF_905400185.1	DKPOPA_06831	True	True	1
GCF_905400185.1|DKPOPA_06833	GCF_905400185.1	DKPOPA_06833	False	False	1
GCF_905400185.1|DKPOPA_06834	GCF_905400185.1	DKPOPA_06834	True	True	5
GCF_905400185.1|DKPOPA_06836	GCF_905400185.1	DKPOPA_06836	True	True	8
GCF_905400185.1|DKPOPA_06837	GCF_905400185.1	DKPOPA_06837	True	True	6
GCF_905400185.1|DKPOPA_06838	GCF_905400185.1	DKPOPA_06838	True	True	2
GCF_905400185.1|DKPOPA_06839	GCF_905400185.1	DKPOPA_06839	True	True	3
GCF_905400185.1|DKPOPA_06840	GCF_905400185.1	DKPOPA_06840	True	True	3
GCF_905400185.1|DKPOPA_06841	GCF_905400185.1	DKPOPA_06841	True	True	7
GCF_905400185.1|DKPOPA_06842	GCF_905400185.1	DKPOPA_06842	True	True	8
GCF_905400185.1|DKPOPA_06843	GCF_905400185.1	DKPOPA_06843	True	True	11
GCF_905400185.1|DKPOPA_06844	GCF_905400185.1	DKPOPA_06844	True	True	6
GCF_905400185.1|DKPOPA_06845	GCF_905400185.1	DKPOPA_06845	True	True	6
GCF_905400185.1|DKPOPA_06846	GCF_905400185.1	DKPOPA_06846	True	True	3
GCF_905400185.1|DKPOPA_06848	GCF_905400185.1	DKPOPA_06848	True	True	8
GCF_905400185.1|DKPOPA_06849	GCF_905400185.1	DKPOPA_06849	True	True	2
GCF_905400185.1|DKPOPA_06851	GCF_905400185.1	DKPOPA_06851	True	False	1
GCF_905400185.1|DKPOPA_06852	GCF_905400185.1	DKPOPA_06852	True	True	5
GCF_905400185.1|DKPOPA_06853	GCF_905400185.1	DKPOPA_06853	True	True	5
GCF_905400185.1|DKPOPA_06854	GCF_905400185.1	DKPOPA_06854	True	True	6
GCF_905400185.1|DKPOPA_06855	GCF_905400185.1	DKPOPA_06855	True	True	6
GCF_905400185.1|DKPOPA_06856	GCF_905400185.1	DKPOPA_06856	True	True	5
GCF_905400185.1|DKPOPA_06857	GCF_905400185.1	DKPOPA_06857	True	True	8
GCF_905400185.1|DKPOPA_06858	GCF_905400185.1	DKPOPA_06858	True	True	10
GCF_905400185.1|DKPOPA_06859	GCF_905400185.1	DKPOPA_06859	True	True	4
GCF_905400185.1|DKPOPA_06860	GCF_905400185.1	DKPOPA_06860	True	True	1
GCF_905400185.1|DKPOPA_06861	GCF_905400185.1	DKPOPA_06861	True	True	7
GCF_905400185.1|DKPOPA_06862	GCF_905400185.1	DKPOPA_06862	True	True	4
GCF_905400185.1|DKPOPA_06864	GCF_905400185.1	DKPOPA_06864	True	True	6
GCF_905400185.1|DKPOPA_06865	GCF_905400185.1	DKPOPA_06865	True	False	1
GCF_905400185.1|DKPOPA_06866	GCF_905400185.1	DKPOPA_06866	True	False	2
GCF_905400185.1|DKPOPA_06868	GCF_905400185.1	DKPOPA_06868	True	True	2
GCF_905400185.1|DKPOPA_06869	GCF_905400185.1	DKPOPA_06869	True	True	5
GCF_905400185.1|DKPOPA_06870	GCF_905400185.1	DKPOPA_06870	True	True	8
GCF_905400185.1|DKPOPA_06871	GCF_905400185.1	DKPOPA_06871	True	True	6
GCF_905400185.1|DKPOPA_06872	GCF_905400185.1	DKPOPA_06872	True	True	6
GCF_905400185.1|DKPOPA_06873	GCF_905400185.1	DKPOPA_06873	True	True	6
GCF_905400185.1|DKPOPA_06874	GCF_905400185.1	DKPOPA_06874	True	True	9
GCF_905400185.1|DKPOPA_06875	GCF_905400185.1	DKPOPA_06875	True	True	8
GCF_905400185.1|DKPOPA_06876	GCF_905400185.1	DKPOPA_06876	True	True	5
GCF_905400185.1|DKPOPA_06877	GCF_905400185.1	DKPOPA_06877	True	True	8
GCF_905400185.1|DKPOPA_06878	GCF_905400185.1	DKPOPA_06878	True	True	2
GCF_905400185.1|DKPOPA_06879	GCF_905400185.1	DKPOPA_06879	True	True	8
GCF_905400185.1|DKPOPA_06880	GCF_905400185.1	DKPOPA_06880	True	True	6
GCF_905400185.1|DKPOPA_06881	GCF_905400185.1	DKPOPA_06881	True	True	2
GCF_905400185.1|DKPOPA_06882	GCF_905400185.1	DKPOPA_06882	True	True	7
GCF_905400185.1|DKPOPA_06883	GCF_905400185.1	DKPOPA_06883	True	True	5
GCF_905400185.1|DKPOPA_06884	GCF_905400185.1	DKPOPA_06884	True	True	5
GCF_905400185.1|DKPOPA_06885	GCF_905400185.1	DKPOPA_06885	True	True	6
GCF_905400185.1|DKPOPA_06886	GCF_905400185.1	DKPOPA_06886	True	True	5
GCF_905400185.1|DKPOPA_06887	GCF_905400185.1	DKPOPA_06887	True	True	5
GCF_905400185.1|DKPOPA_06888	GCF_905400185.1	DKPOPA_06888	True	True	5
GCF_905400185.1|DKPOPA_06889	GCF_905400185.1	DKPOPA_06889	True	True	6
GCF_905400185.1|DKPOPA_06890	GCF_905400185.1	DKPOPA_06890	True	True	2
GCF_905400185.1|DKPOPA_06891	GCF_905400185.1	DKPOPA_06891	True	True	8
GCF_905400185.1|DKPOPA_06892	GCF_905400185.1	DKPOPA_06892	True	True	5
GCF_905400185.1|DKPOPA_06893	GCF_905400185.1	DKPOPA_06893	True	True	6
GCF_905400185.1|DKPOPA_06894	GCF_905400185.1	DKPOPA_06894	True	True	7
GCF_905400185.1|DKPOPA_06895	GCF_905400185.1	DKPOPA_06895	True	True	7
GCF_905400185.1|DKPOPA_06896	GCF_905400185.1	DKPOPA_06896	True	True	7
GCF_905400185.1|DKPOPA_06897	GCF_905400185.1	DKPOPA_06897	True	True	6
GCF_905400185.1|DKPOPA_06898	GCF_905400185.1	DKPOPA_06898	True	True	6
GCF_905400185.1|DKPOPA_06899	GCF_905400185.1	DKPOPA_06899	True	False	3
GCF_905400185.1|DKPOPA_06900	GCF_905400185.1	DKPOPA_06900	True	True	6
GCF_905400185.1|DKPOPA_06901	GCF_905400185.1	DKPOPA_06901	True	True	10
GCF_905400185.1|DKPOPA_06902	GCF_905400185.1	DKPOPA_06902	True	True	7
GCF_905400185.1|DKPOPA_06903	GCF_905400185.1	DKPOPA_06903	True	True	4
GCF_905400185.1|DKPOPA_06904	GCF_905400185.1	DKPOPA_06904	True	True	9
GCF_905400185.1|DKPOPA_06905	GCF_905400185.1	DKPOPA_06905	True	True	8
GCF_905400185.1|DKPOPA_06906	GCF_905400185.1	DKPOPA_06906	False	False	1
GCF_905400185.1|DKPOPA_06907	GCF_905400185.1	DKPOPA_06907	True	True	6
GCF_905400185.1|DKPOPA_06908	GCF_905400185.1	DKPOPA_06908	True	True	7
GCF_905400185.1|DKPOPA_06909	GCF_905400185.1	DKPOPA_06909	True	True	2
GCF_905400185.1|DKPOPA_06910	GCF_905400185.1	DKPOPA_06910	True	True	3
GCF_905400185.1|DKPOPA_06911	GCF_905400185.1	DKPOPA_06911	True	True	5
GCF_905400185.1|DKPOPA_06912	GCF_905400185.1	DKPOPA_06912	True	True	2
GCF_905400185.1|DKPOPA_06913	GCF_905400185.1	DKPOPA_06913	True	True	5
GCF_905400185.1|DKPOPA_06914	GCF_905400185.1	DKPOPA_06914	True	True	2
GCF_905400185.1|DKPOPA_06915	GCF_905400185.1	DKPOPA_06915	True	True	5
GCF_905400185.1|DKPOPA_06916	GCF_905400185.1	DKPOPA_06916	True	True	2
GCF_905400185.1|DKPOPA_06917	GCF_905400185.1	DKPOPA_06917	True	True	2
GCF_905400185.1|DKPOPA_06918	GCF_905400185.1	DKPOPA_06918	True	True	8
GCF_905400185.1|DKPOPA_06919	GCF_905400185.1	DKPOPA_06919	True	True	6
GCF_905400185.1|DKPOPA_06920	GCF_905400185.1	DKPOPA_06920	True	True	6
GCF_905400185.1|DKPOPA_06921	GCF_905400185.1	DKPOPA_06921	False	False	1
GCF_905400185.1|DKPOPA_06922	GCF_905400185.1	DKPOPA_06922	True	True	1
GCF_905400185.1|DKPOPA_06923	GCF_905400185.1	DKPOPA_06923	True	True	10
GCF_905400185.1|DKPOPA_06924	GCF_905400185.1	DKPOPA_06924	True	True	7
GCF_905400185.1|DKPOPA_06925	GCF_905400185.1	DKPOPA_06925	True	True	7
GCF_905400185.1|DKPOPA_06926	GCF_905400185.1	DKPOPA_06926	True	True	7
GCF_905400185.1|DKPOPA_06927	GCF_905400185.1	DKPOPA_06927	True	True	7
GCF_905400185.1|DKPOPA_06928	GCF_905400185.1	DKPOPA_06928	True	True	1
GCF_905400185.1|DKPOPA_06929	GCF_905400185.1	DKPOPA_06929	True	True	3
GCF_905400185.1|DKPOPA_06930	GCF_905400185.1	DKPOPA_06930	True	True	5
GCF_905400185.1|DKPOPA_06931	GCF_905400185.1	DKPOPA_06931	True	True	7
GCF_905400185.1|DKPOPA_06932	GCF_905400185.1	DKPOPA_06932	True	True	8
GCF_905400185.1|DKPOPA_06933	GCF_905400185.1	DKPOPA_06933	True	True	8
GCF_905400185.1|DKPOPA_06934	GCF_905400185.1	DKPOPA_06934	True	True	9
GCF_905400185.1|DKPOPA_06935	GCF_905400185.1	DKPOPA_06935	True	True	9
GCF_905400185.1|DKPOPA_06937	GCF_905400185.1	DKPOPA_06937	True	True	6
GCF_905400185.1|DKPOPA_06938	GCF_905400185.1	DKPOPA_06938	True	True	5
GCF_905400185.1|DKPOPA_06939	GCF_905400185.1	DKPOPA_06939	True	True	8
GCF_905400185.1|DKPOPA_06940	GCF_905400185.1	DKPOPA_06940	True	True	3
GCF_905400185.1|DKPOPA_06942	GCF_905400185.1	DKPOPA_06942	True	True	9
GCF_905400185.1|DKPOPA_06943	GCF_905400185.1	DKPOPA_06943	True	True	9
GCF_905400185.1|DKPOPA_06944	GCF_905400185.1	DKPOPA_06944	True	True	6
GCF_905400185.1|DKPOPA_06945	GCF_905400185.1	DKPOPA_06945	True	True	4
GCF_905400185.1|DKPOPA_06946	GCF_905400185.1	DKPOPA_06946	True	True	4
GCF_905400185.1|DKPOPA_06947	GCF_905400185.1	DKPOPA_06947	True	True	6
GCF_905400185.1|DKPOPA_06948	GCF_905400185.1	DKPOPA_06948	True	True	2
GCF_905400185.1|DKPOPA_06950	GCF_905400185.1	DKPOPA_06950	False	False	1
GCF_905400185.1|DKPOPA_06952	GCF_905400185.1	DKPOPA_06952	True	True	9
GCF_905400185.1|DKPOPA_06953	GCF_905400185.1	DKPOPA_06953	True	True	7
GCF_905400185.1|DKPOPA_06954	GCF_905400185.1	DKPOPA_06954	True	True	4
GCF_905400185.1|DKPOPA_06955	GCF_905400185.1	DKPOPA_06955	True	True	8
GCF_905400185.1|DKPOPA_06956	GCF_905400185.1	DKPOPA_06956	True	True	10
GCF_905400185.1|DKPOPA_06958	GCF_905400185.1	DKPOPA_06958	True	True	5
GCF_905400185.1|DKPOPA_06961	GCF_905400185.1	DKPOPA_06961	True	True	8
GCF_905400185.1|DKPOPA_06962	GCF_905400185.1	DKPOPA_06962	True	True	11
GCF_905400185.1|DKPOPA_06963	GCF_905400185.1	DKPOPA_06963	True	True	6
GCF_905400185.1|DKPOPA_06964	GCF_905400185.1	DKPOPA_06964	True	True	9
GCF_905400185.1|DKPOPA_06966	GCF_905400185.1	DKPOPA_06966	False	False	1
GCF_905400185.1|DKPOPA_06967	GCF_905400185.1	DKPOPA_06967	True	True	3
GCF_905400185.1|DKPOPA_06968	GCF_905400185.1	DKPOPA_06968	True	True	8
GCF_905400185.1|DKPOPA_06970	GCF_905400185.1	DKPOPA_06970	True	True	11
GCF_905400185.1|DKPOPA_06971	GCF_905400185.1	DKPOPA_06971	True	True	2
GCF_905400185.1|DKPOPA_06972	GCF_905400185.1	DKPOPA_06972	True	True	2
GCF_905400185.1|DKPOPA_06973	GCF_905400185.1	DKPOPA_06973	True	True	6
GCF_905400185.1|DKPOPA_06974	GCF_905400185.1	DKPOPA_06974	True	True	4
GCF_905400185.1|DKPOPA_06975	GCF_905400185.1	DKPOPA_06975	True	True	9
GCF_905400185.1|DKPOPA_06976	GCF_905400185.1	DKPOPA_06976	True	True	9
GCF_905400185.1|DKPOPA_06978	GCF_905400185.1	DKPOPA_06978	True	True	2
GCF_905400185.1|DKPOPA_06979	GCF_905400185.1	DKPOPA_06979	True	True	2
GCF_905400185.1|DKPOPA_06980	GCF_905400185.1	DKPOPA_06980	False	False	1
GCF_905400185.1|DKPOPA_06981	GCF_905400185.1	DKPOPA_06981	True	True	1
GCF_905400185.1|DKPOPA_06983	GCF_905400185.1	DKPOPA_06983	True	True	2
GCF_905400185.1|DKPOPA_06985	GCF_905400185.1	DKPOPA_06985	True	True	2
GCF_905400185.1|DKPOPA_06987	GCF_905400185.1	DKPOPA_06987	True	True	2
GCF_905400185.1|DKPOPA_06988	GCF_905400185.1	DKPOPA_06988	False	False	1
GCF_905400185.1|DKPOPA_06989	GCF_905400185.1	DKPOPA_06989	True	True	5
GCF_905400185.1|DKPOPA_06990	GCF_905400185.1	DKPOPA_06990	True	True	5
GCF_905400185.1|DKPOPA_06992	GCF_905400185.1	DKPOPA_06992	True	True	5
GCF_905400185.1|DKPOPA_06993	GCF_905400185.1	DKPOPA_06993	True	True	6
GCF_905400185.1|DKPOPA_06994	GCF_905400185.1	DKPOPA_06994	True	True	5
GCF_905400185.1|DKPOPA_06995	GCF_905400185.1	DKPOPA_06995	True	True	4
GCF_905400185.1|DKPOPA_06996	GCF_905400185.1	DKPOPA_06996	True	True	5
GCF_905400185.1|DKPOPA_06997	GCF_905400185.1	DKPOPA_06997	True	True	3
GCF_905400185.1|DKPOPA_06998	GCF_905400185.1	DKPOPA_06998	True	True	3
GCF_905400185.1|DKPOPA_06999	GCF_905400185.1	DKPOPA_06999	True	True	4
GCF_905400185.1|DKPOPA_07000	GCF_905400185.1	DKPOPA_07000	True	True	6
GCF_905400185.1|DKPOPA_07001	GCF_905400185.1	DKPOPA_07001	True	True	5
GCF_905400185.1|DKPOPA_07002	GCF_905400185.1	DKPOPA_07002	True	True	2
GCF_905400185.1|DKPOPA_07004	GCF_905400185.1	DKPOPA_07004	True	True	7
GCF_905400185.1|DKPOPA_07005	GCF_905400185.1	DKPOPA_07005	True	True	4
GCF_905400185.1|DKPOPA_07006	GCF_905400185.1	DKPOPA_07006	True	True	7
GCF_905400185.1|DKPOPA_07007	GCF_905400185.1	DKPOPA_07007	True	True	4
GCF_905400185.1|DKPOPA_07008	GCF_905400185.1	DKPOPA_07008	False	False	1
GCF_905400185.1|DKPOPA_07009	GCF_905400185.1	DKPOPA_07009	True	True	7
GCF_905400185.1|DKPOPA_07010	GCF_905400185.1	DKPOPA_07010	True	True	2
GCF_905400185.1|DKPOPA_07012	GCF_905400185.1	DKPOPA_07012	True	True	9
GCF_905400185.1|DKPOPA_07013	GCF_905400185.1	DKPOPA_07013	True	True	2
GCF_905400185.1|DKPOPA_07014	GCF_905400185.1	DKPOPA_07014	True	True	5
GCF_905400185.1|DKPOPA_07015	GCF_905400185.1	DKPOPA_07015	True	True	7
GCF_905400185.1|DKPOPA_07016	GCF_905400185.1	DKPOPA_07016	True	True	5
GCF_905400185.1|DKPOPA_07017	GCF_905400185.1	DKPOPA_07017	True	True	9
GCF_905400185.1|DKPOPA_07018	GCF_905400185.1	DKPOPA_07018	True	True	7
GCF_905400185.1|DKPOPA_07019	GCF_905400185.1	DKPOPA_07019	True	True	5
GCF_905400185.1|DKPOPA_07020	GCF_905400185.1	DKPOPA_07020	True	True	4
GCF_905400185.1|DKPOPA_07021	GCF_905400185.1	DKPOPA_07021	True	True	7
GCF_905400185.1|DKPOPA_07022	GCF_905400185.1	DKPOPA_07022	True	True	5
GCF_905400185.1|DKPOPA_07023	GCF_905400185.1	DKPOPA_07023	True	True	4
GCF_905400185.1|DKPOPA_07024	GCF_905400185.1	DKPOPA_07024	True	True	4
GCF_905400185.1|DKPOPA_07025	GCF_905400185.1	DKPOPA_07025	True	True	7
GCF_905400185.1|DKPOPA_07026	GCF_905400185.1	DKPOPA_07026	True	True	6
GCF_905400185.1|DKPOPA_07029	GCF_905400185.1	DKPOPA_07029	False	False	1
GCF_905400185.1|DKPOPA_07030	GCF_905400185.1	DKPOPA_07030	True	True	8
GCF_905400185.1|DKPOPA_07031	GCF_905400185.1	DKPOPA_07031	True	True	9
GCF_905400185.1|DKPOPA_07032	GCF_905400185.1	DKPOPA_07032	True	True	7
GCF_905400185.1|DKPOPA_07033	GCF_905400185.1	DKPOPA_07033	True	True	5
GCF_905400185.1|DKPOPA_07034	GCF_905400185.1	DKPOPA_07034	True	True	6
GCF_905400185.1|DKPOPA_07035	GCF_905400185.1	DKPOPA_07035	True	True	6
GCF_905400185.1|DKPOPA_07036	GCF_905400185.1	DKPOPA_07036	True	True	6
GCF_905400185.1|DKPOPA_07037	GCF_905400185.1	DKPOPA_07037	True	True	10
GCF_905400185.1|DKPOPA_07038	GCF_905400185.1	DKPOPA_07038	True	True	8
GCF_905400185.1|DKPOPA_07039	GCF_905400185.1	DKPOPA_07039	True	True	4
GCF_905400185.1|DKPOPA_07040	GCF_905400185.1	DKPOPA_07040	True	True	5
GCF_905400185.1|DKPOPA_07041	GCF_905400185.1	DKPOPA_07041	True	True	6
GCF_905400185.1|DKPOPA_07042	GCF_905400185.1	DKPOPA_07042	True	True	4
GCF_905400185.1|DKPOPA_07043	GCF_905400185.1	DKPOPA_07043	True	True	4
GCF_905400185.1|DKPOPA_07044	GCF_905400185.1	DKPOPA_07044	True	True	10
GCF_905400185.1|DKPOPA_07045	GCF_905400185.1	DKPOPA_07045	True	True	10
GCF_905400185.1|DKPOPA_07047	GCF_905400185.1	DKPOPA_07047	True	True	6
GCF_905400185.1|DKPOPA_07048	GCF_905400185.1	DKPOPA_07048	True	True	3
GCF_905400185.1|DKPOPA_07049	GCF_905400185.1	DKPOPA_07049	True	True	5
GCF_905400185.1|DKPOPA_07050	GCF_905400185.1	DKPOPA_07050	True	True	4
GCF_905400185.1|DKPOPA_07051	GCF_905400185.1	DKPOPA_07051	True	True	9
GCF_905400185.1|DKPOPA_07052	GCF_905400185.1	DKPOPA_07052	True	True	5
GCF_905400185.1|DKPOPA_07053	GCF_905400185.1	DKPOPA_07053	True	True	7
GCF_905400185.1|DKPOPA_07054	GCF_905400185.1	DKPOPA_07054	True	True	8
GCF_905400185.1|DKPOPA_07055	GCF_905400185.1	DKPOPA_07055	True	True	5
GCF_905400185.1|DKPOPA_07056	GCF_905400185.1	DKPOPA_07056	True	False	3
GCF_905400185.1|DKPOPA_07057	GCF_905400185.1	DKPOPA_07057	True	False	1
GCF_905400185.1|DKPOPA_07058	GCF_905400185.1	DKPOPA_07058	True	True	6
GCF_905400185.1|DKPOPA_07059	GCF_905400185.1	DKPOPA_07059	True	True	6
GCF_905400185.1|DKPOPA_07060	GCF_905400185.1	DKPOPA_07060	True	True	2
GCF_905400185.1|DKPOPA_07061	GCF_905400185.1	DKPOPA_07061	True	True	7
GCF_905400185.1|DKPOPA_07062	GCF_905400185.1	DKPOPA_07062	True	True	11
GCF_905400185.1|DKPOPA_07063	GCF_905400185.1	DKPOPA_07063	True	True	8
GCF_905400185.1|DKPOPA_07065	GCF_905400185.1	DKPOPA_07065	True	True	4
GCF_905400185.1|DKPOPA_07066	GCF_905400185.1	DKPOPA_07066	True	True	5
GCF_905400185.1|DKPOPA_07068	GCF_905400185.1	DKPOPA_07068	True	True	10
GCF_905400185.1|DKPOPA_07069	GCF_905400185.1	DKPOPA_07069	True	True	11
GCF_905400185.1|DKPOPA_07071	GCF_905400185.1	DKPOPA_07071	False	False	1
GCF_905400185.1|DKPOPA_07072	GCF_905400185.1	DKPOPA_07072	True	True	6
GCF_905400185.1|DKPOPA_07073	GCF_905400185.1	DKPOPA_07073	True	True	7
GCF_905400185.1|DKPOPA_07074	GCF_905400185.1	DKPOPA_07074	True	True	4
GCF_905400185.1|DKPOPA_07075	GCF_905400185.1	DKPOPA_07075	True	True	4
GCF_905400185.1|DKPOPA_07076	GCF_905400185.1	DKPOPA_07076	True	True	7
GCF_905400185.1|DKPOPA_07077	GCF_905400185.1	DKPOPA_07077	True	True	8
GCF_905400185.1|DKPOPA_07078	GCF_905400185.1	DKPOPA_07078	True	True	2
GCF_905400185.1|DKPOPA_07079	GCF_905400185.1	DKPOPA_07079	True	True	7
GCF_905400185.1|DKPOPA_07080	GCF_905400185.1	DKPOPA_07080	True	True	3
GCF_905400185.1|DKPOPA_07081	GCF_905400185.1	DKPOPA_07081	True	True	6
GCF_905400185.1|DKPOPA_07082	GCF_905400185.1	DKPOPA_07082	True	True	10
GCF_905400185.1|DKPOPA_07083	GCF_905400185.1	DKPOPA_07083	True	True	7
GCF_905400185.1|DKPOPA_07084	GCF_905400185.1	DKPOPA_07084	True	True	6
GCF_905400185.1|DKPOPA_07086	GCF_905400185.1	DKPOPA_07086	True	True	5
GCF_905400185.1|DKPOPA_07087	GCF_905400185.1	DKPOPA_07087	True	True	6
GCF_905400185.1|DKPOPA_07090	GCF_905400185.1	DKPOPA_07090	True	True	5
GCF_905400185.1|DKPOPA_07091	GCF_905400185.1	DKPOPA_07091	True	True	2
GCF_905400185.1|DKPOPA_07092	GCF_905400185.1	DKPOPA_07092	True	True	2
GCF_905400185.1|DKPOPA_07095	GCF_905400185.1	DKPOPA_07095	True	True	7
GCF_905400185.1|DKPOPA_07096	GCF_905400185.1	DKPOPA_07096	False	False	1
GCF_905400185.1|DKPOPA_07098	GCF_905400185.1	DKPOPA_07098	True	True	1
GCF_905400185.1|DKPOPA_07099	GCF_905400185.1	DKPOPA_07099	True	True	4
GCF_905400185.1|DKPOPA_07100	GCF_905400185.1	DKPOPA_07100	True	True	6
GCF_905400185.1|DKPOPA_07101	GCF_905400185.1	DKPOPA_07101	True	True	3
GCF_905400185.1|DKPOPA_07103	GCF_905400185.1	DKPOPA_07103	True	True	7
GCF_905400185.1|DKPOPA_07104	GCF_905400185.1	DKPOPA_07104	True	True	5
GCF_905400185.1|DKPOPA_07105	GCF_905400185.1	DKPOPA_07105	True	True	4
GCF_905400185.1|DKPOPA_07106	GCF_905400185.1	DKPOPA_07106	True	True	5
GCF_905400185.1|DKPOPA_07107	GCF_905400185.1	DKPOPA_07107	True	True	1
GCF_905400185.1|DKPOPA_07108	GCF_905400185.1	DKPOPA_07108	True	True	1
GCF_905400185.1|DKPOPA_07109	GCF_905400185.1	DKPOPA_07109	True	True	7
GCF_905400185.1|DKPOPA_07110	GCF_905400185.1	DKPOPA_07110	True	True	6
GCF_905400185.1|DKPOPA_07111	GCF_905400185.1	DKPOPA_07111	True	True	6
GCF_905400185.1|DKPOPA_07112	GCF_905400185.1	DKPOPA_07112	True	True	6
GCF_905400185.1|DKPOPA_07113	GCF_905400185.1	DKPOPA_07113	True	True	9
GCF_905400185.1|DKPOPA_07114	GCF_905400185.1	DKPOPA_07114	True	True	10
GCF_905400185.1|DKPOPA_07115	GCF_905400185.1	DKPOPA_07115	True	True	3
GCF_905400185.1|DKPOPA_07116	GCF_905400185.1	DKPOPA_07116	True	True	7
GCF_905400185.1|DKPOPA_07117	GCF_905400185.1	DKPOPA_07117	True	True	5
GCF_905400185.1|DKPOPA_07118	GCF_905400185.1	DKPOPA_07118	True	True	10
GCF_905400185.1|DKPOPA_07119	GCF_905400185.1	DKPOPA_07119	True	True	5
GCF_905400185.1|DKPOPA_07120	GCF_905400185.1	DKPOPA_07120	True	True	7
GCF_905400185.1|DKPOPA_07121	GCF_905400185.1	DKPOPA_07121	True	True	6
GCF_905400185.1|DKPOPA_07122	GCF_905400185.1	DKPOPA_07122	True	True	9
GCF_905400185.1|DKPOPA_07123	GCF_905400185.1	DKPOPA_07123	True	True	9
GCF_905400185.1|DKPOPA_07124	GCF_905400185.1	DKPOPA_07124	True	True	6
GCF_905400185.1|DKPOPA_07125	GCF_905400185.1	DKPOPA_07125	True	True	7
GCF_905400185.1|DKPOPA_07128	GCF_905400185.1	DKPOPA_07128	True	True	3
GCF_905400185.1|DKPOPA_07129	GCF_905400185.1	DKPOPA_07129	True	True	6
GCF_905400185.1|DKPOPA_07135	GCF_905400185.1	DKPOPA_07135	False	False	1
GCF_905400185.1|DKPOPA_07136	GCF_905400185.1	DKPOPA_07136	True	True	1
GCF_905400185.1|DKPOPA_07137	GCF_905400185.1	DKPOPA_07137	True	True	7
GCF_905400185.1|DKPOPA_07138	GCF_905400185.1	DKPOPA_07138	True	True	5
GCF_905400185.1|DKPOPA_07139	GCF_905400185.1	DKPOPA_07139	True	True	6
GCF_905400185.1|DKPOPA_07140	GCF_905400185.1	DKPOPA_07140	True	False	2
GCF_905400185.1|DKPOPA_07141	GCF_905400185.1	DKPOPA_07141	True	True	7
GCF_905400185.1|DKPOPA_07142	GCF_905400185.1	DKPOPA_07142	True	True	9
GCF_905400185.1|DKPOPA_07143	GCF_905400185.1	DKPOPA_07143	True	True	10
GCF_905400185.1|DKPOPA_07144	GCF_905400185.1	DKPOPA_07144	True	True	9
GCF_905400185.1|DKPOPA_07145	GCF_905400185.1	DKPOPA_07145	True	True	4
GCF_905400185.1|DKPOPA_07146	GCF_905400185.1	DKPOPA_07146	True	True	5
GCF_905400185.1|DKPOPA_07147	GCF_905400185.1	DKPOPA_07147	True	True	4
GCF_905400185.1|DKPOPA_07148	GCF_905400185.1	DKPOPA_07148	True	True	2
GCF_905400185.1|DKPOPA_07149	GCF_905400185.1	DKPOPA_07149	True	True	6
GCF_905400185.1|DKPOPA_07150	GCF_905400185.1	DKPOPA_07150	True	True	2
GCF_905400185.1|DKPOPA_07151	GCF_905400185.1	DKPOPA_07151	True	True	5
GCF_905400185.1|DKPOPA_07152	GCF_905400185.1	DKPOPA_07152	True	True	6
GCF_905400185.1|DKPOPA_07153	GCF_905400185.1	DKPOPA_07153	True	True	5
GCF_905400185.1|DKPOPA_07155	GCF_905400185.1	DKPOPA_07155	True	True	5
GCF_905400185.1|DKPOPA_07156	GCF_905400185.1	DKPOPA_07156	True	True	4
GCF_905400185.1|DKPOPA_07157	GCF_905400185.1	DKPOPA_07157	True	True	1
GCF_905400185.1|DKPOPA_07158	GCF_905400185.1	DKPOPA_07158	True	True	2
GCF_905400185.1|DKPOPA_07159	GCF_905400185.1	DKPOPA_07159	True	True	9
GCF_905400185.1|DKPOPA_07160	GCF_905400185.1	DKPOPA_07160	True	True	4
GCF_905400185.1|DKPOPA_07161	GCF_905400185.1	DKPOPA_07161	True	True	7
GCF_905400185.1|DKPOPA_07163	GCF_905400185.1	DKPOPA_07163	True	True	9
GCF_905400185.1|DKPOPA_07164	GCF_905400185.1	DKPOPA_07164	True	True	5
GCF_905400185.1|DKPOPA_07165	GCF_905400185.1	DKPOPA_07165	True	True	6
GCF_905400185.1|DKPOPA_07166	GCF_905400185.1	DKPOPA_07166	True	True	6
GCF_905400185.1|DKPOPA_07167	GCF_905400185.1	DKPOPA_07167	True	True	5
GCF_905400185.1|DKPOPA_07168	GCF_905400185.1	DKPOPA_07168	False	False	1
GCF_905400185.1|DKPOPA_07169	GCF_905400185.1	DKPOPA_07169	True	True	6
GCF_905400185.1|DKPOPA_07170	GCF_905400185.1	DKPOPA_07170	True	True	4
GCF_905400185.1|DKPOPA_07171	GCF_905400185.1	DKPOPA_07171	True	True	2
GCF_905400185.1|DKPOPA_07172	GCF_905400185.1	DKPOPA_07172	True	True	2
GCF_905400185.1|DKPOPA_07173	GCF_905400185.1	DKPOPA_07173	True	True	6
GCF_905400185.1|DKPOPA_07174	GCF_905400185.1	DKPOPA_07174	True	True	7
GCF_905400185.1|DKPOPA_07175	GCF_905400185.1	DKPOPA_07175	True	True	1
GCF_905400185.1|DKPOPA_07176	GCF_905400185.1	DKPOPA_07176	True	True	4
GCF_905400185.1|DKPOPA_07177	GCF_905400185.1	DKPOPA_07177	True	True	6
GCF_905400185.1|DKPOPA_07178	GCF_905400185.1	DKPOPA_07178	True	True	7
GCF_905400185.1|DKPOPA_07179	GCF_905400185.1	DKPOPA_07179	True	True	8
GCF_905400185.1|DKPOPA_07181	GCF_905400185.1	DKPOPA_07181	True	True	6
GCF_905400185.1|DKPOPA_07182	GCF_905400185.1	DKPOPA_07182	True	True	7
GCF_905400185.1|DKPOPA_07183	GCF_905400185.1	DKPOPA_07183	True	True	7
GCF_905400185.1|DKPOPA_07184	GCF_905400185.1	DKPOPA_07184	True	True	10
GCF_905400185.1|DKPOPA_07185	GCF_905400185.1	DKPOPA_07185	True	True	9
GCF_905400185.1|DKPOPA_07186	GCF_905400185.1	DKPOPA_07186	False	False	2
GCF_905400185.1|DKPOPA_07187	GCF_905400185.1	DKPOPA_07187	False	False	1
MF6|CFFIHE_03358	MF6	CFFIHE_03358	True	True	3
MF6|CFFIHE_03359	MF6	CFFIHE_03359	True	True	6
MF6|CFFIHE_03360	MF6	CFFIHE_03360	True	True	7
MF6|CFFIHE_03362	MF6	CFFIHE_03362	True	True	6
MF6|CFFIHE_03363	MF6	CFFIHE_03363	True	True	4
MF6|CFFIHE_03364	MF6	CFFIHE_03364	True	True	8
MF6|CFFIHE_03365	MF6	CFFIHE_03365	True	True	4
MF6|CFFIHE_03366	MF6	CFFIHE_03366	True	True	1
MF6|CFFIHE_03367	MF6	CFFIHE_03367	True	True	7
MF6|CFFIHE_03368	MF6	CFFIHE_03368	True	True	5
MF6|CFFIHE_03369	MF6	CFFIHE_03369	True	True	6
MF6|CFFIHE_03370	MF6	CFFIHE_03370	True	True	7
MF6|CFFIHE_03371	MF6	CFFIHE_03371	True	True	6
MF6|CFFIHE_03372	MF6	CFFIHE_03372	True	True	1
MF6|CFFIHE_03373	MF6	CFFIHE_03373	True	True	2
MF6|CFFIHE_03374	MF6	CFFIHE_03374	True	True	7
MF6|CFFIHE_03375	MF6	CFFIHE_03375	True	True	8
MF6|CFFIHE_03376	MF6	CFFIHE_03376	True	True	8
MF6|CFFIHE_03377	MF6	CFFIHE_03377	True	True	7
MF6|CFFIHE_03378	MF6	CFFIHE_03378	True	True	6
MF6|CFFIHE_03379	MF6	CFFIHE_03379	True	True	7
MF6|CFFIHE_03380	MF6	CFFIHE_03380	True	True	8
MF6|CFFIHE_03381	MF6	CFFIHE_03381	True	True	7
MF6|CFFIHE_03382	MF6	CFFIHE_03382	True	True	9
MF6|CFFIHE_03383	MF6	CFFIHE_03383	True	True	6
MF6|CFFIHE_03384	MF6	CFFIHE_03384	True	True	7
MF6|CFFIHE_03385	MF6	CFFIHE_03385	True	True	4
MF6|CFFIHE_03386	MF6	CFFIHE_03386	True	True	8
MF6|CFFIHE_03387	MF6	CFFIHE_03387	True	True	9
MF6|CFFIHE_03388	MF6	CFFIHE_03388	True	True	5
MF6|CFFIHE_03389	MF6	CFFIHE_03389	True	True	6
MF6|CFFIHE_03390	MF6	CFFIHE_03390	True	True	2
MF6|CFFIHE_03391	MF6	CFFIHE_03391	True	True	6
MF6|CFFIHE_03392	MF6	CFFIHE_03392	True	True	7
MF6|CFFIHE_03393	MF6	CFFIHE_03393	True	True	7
MF6|CFFIHE_03394	MF6	CFFIHE_03394	False	False	2
MF6|CFFIHE_03395	MF6	CFFIHE_03395	True	True	6
MF6|CFFIHE_03396	MF6	CFFIHE_03396	True	True	3
MF6|CFFIHE_03397	MF6	CFFIHE_03397	True	True	6
MF6|CFFIHE_03398	MF6	CFFIHE_03398	False	False	1
MF6|CFFIHE_03400	MF6	CFFIHE_03400	True	True	6
MF6|CFFIHE_03401	MF6	CFFIHE_03401	True	True	7
MF6|CFFIHE_03402	MF6	CFFIHE_03402	True	True	9
MF6|CFFIHE_03403	MF6	CFFIHE_03403	True	True	7
MF6|CFFIHE_03404	MF6	CFFIHE_03404	True	True	2
MF6|CFFIHE_03405	MF6	CFFIHE_03405	True	True	6
MF6|CFFIHE_03406	MF6	CFFIHE_03406	True	True	4
MF6|CFFIHE_03408	MF6	CFFIHE_03408	True	True	8
MF6|CFFIHE_03410	MF6	CFFIHE_03410	True	True	5
MF6|CFFIHE_03411	MF6	CFFIHE_03411	True	True	8
MF6|CFFIHE_03412	MF6	CFFIHE_03412	True	True	6
MF6|CFFIHE_03413	MF6	CFFIHE_03413	True	True	6
MF6|CFFIHE_03414	MF6	CFFIHE_03414	True	True	8
MF6|CFFIHE_03415	MF6	CFFIHE_03415	True	True	6
MF6|CFFIHE_03416	MF6	CFFIHE_03416	True	True	5
MF6|CFFIHE_03417	MF6	CFFIHE_03417	True	True	5
MF6|CFFIHE_03418	MF6	CFFIHE_03418	True	True	2
MF6|CFFIHE_03419	MF6	CFFIHE_03419	True	True	2
MF6|CFFIHE_03420	MF6	CFFIHE_03420	False	False	1
MF6|CFFIHE_03421	MF6	CFFIHE_03421	True	True	8
MF6|CFFIHE_03422	MF6	CFFIHE_03422	True	True	6
MF6|CFFIHE_03423	MF6	CFFIHE_03423	True	True	7
MF6|CFFIHE_03424	MF6	CFFIHE_03424	True	True	5
MF6|CFFIHE_03425	MF6	CFFIHE_03425	True	True	3
MF6|CFFIHE_03426	MF6	CFFIHE_03426	True	True	8
MF6|CFFIHE_03427	MF6	CFFIHE_03427	True	True	10
MF6|CFFIHE_03428	MF6	CFFIHE_03428	True	True	7
MF6|CFFIHE_03429	MF6	CFFIHE_03429	True	True	7
MF6|CFFIHE_03430	MF6	CFFIHE_03430	False	False	1
MF6|CFFIHE_03431	MF6	CFFIHE_03431	True	True	2
MF6|CFFIHE_03432	MF6	CFFIHE_03432	True	True	5
MF6|CFFIHE_03433	MF6	CFFIHE_03433	True	True	6
MF6|CFFIHE_03434	MF6	CFFIHE_03434	True	True	7
MF6|CFFIHE_03435	MF6	CFFIHE_03435	True	True	8
MF6|CFFIHE_03436	MF6	CFFIHE_03436	True	True	10
MF6|CFFIHE_03437	MF6	CFFIHE_03437	True	True	5
MF6|CFFIHE_03438	MF6	CFFIHE_03438	True	True	10
MF6|CFFIHE_03439	MF6	CFFIHE_03439	True	True	6
MF6|CFFIHE_03440	MF6	CFFIHE_03440	True	True	6
MF6|CFFIHE_03441	MF6	CFFIHE_03441	True	True	8
MF6|CFFIHE_03442	MF6	CFFIHE_03442	True	True	3
MF6|CFFIHE_03444	MF6	CFFIHE_03444	True	True	3
MF6|CFFIHE_03445	MF6	CFFIHE_03445	True	True	8
MF6|CFFIHE_03447	MF6	CFFIHE_03447	True	True	6
MF6|CFFIHE_03448	MF6	CFFIHE_03448	True	True	3
MF6|CFFIHE_03449	MF6	CFFIHE_03449	True	True	4
MF6|CFFIHE_03450	MF6	CFFIHE_03450	True	True	8
MF6|CFFIHE_03451	MF6	CFFIHE_03451	True	True	8
MF6|CFFIHE_03452	MF6	CFFIHE_03452	True	True	7
MF6|CFFIHE_03453	MF6	CFFIHE_03453	True	True	2
MF6|CFFIHE_03454	MF6	CFFIHE_03454	True	True	4
MF6|CFFIHE_03456	MF6	CFFIHE_03456	False	False	2
MF6|CFFIHE_03457	MF6	CFFIHE_03457	True	True	4
MF6|CFFIHE_03458	MF6	CFFIHE_03458	True	True	3
MF6|CFFIHE_03459	MF6	CFFIHE_03459	True	True	1
MF6|CFFIHE_03461	MF6	CFFIHE_03461	True	True	6
MF6|CFFIHE_03462	MF6	CFFIHE_03462	False	False	1
MF6|CFFIHE_03463	MF6	CFFIHE_03463	True	True	2
MF6|CFFIHE_03464	MF6	CFFIHE_03464	True	True	5
MF6|CFFIHE_03465	MF6	CFFIHE_03465	True	True	3
MF6|CFFIHE_03466	MF6	CFFIHE_03466	True	True	8
MF6|CFFIHE_03467	MF6	CFFIHE_03467	True	True	7
MF6|CFFIHE_03468	MF6	CFFIHE_03468	True	True	7
MF6|CFFIHE_03469	MF6	CFFIHE_03469	True	True	3
MF6|CFFIHE_03470	MF6	CFFIHE_03470	True	True	5
MF6|CFFIHE_03471	MF6	CFFIHE_03471	True	True	7
MF6|CFFIHE_03472	MF6	CFFIHE_03472	True	True	8
MF6|CFFIHE_03473	MF6	CFFIHE_03473	True	True	7
MF6|CFFIHE_03474	MF6	CFFIHE_03474	True	True	5
MF6|CFFIHE_03475	MF6	CFFIHE_03475	True	True	7
MF6|CFFIHE_03476	MF6	CFFIHE_03476	True	True	6
MF6|CFFIHE_03479	MF6	CFFIHE_03479	True	True	6
MF6|CFFIHE_03480	MF6	CFFIHE_03480	True	True	10
MF6|CFFIHE_03481	MF6	CFFIHE_03481	True	True	3
MF6|CFFIHE_03483	MF6	CFFIHE_03483	True	True	5
MF6|CFFIHE_03484	MF6	CFFIHE_03484	True	True	7
MF6|CFFIHE_03485	MF6	CFFIHE_03485	True	True	5
MF6|CFFIHE_03486	MF6	CFFIHE_03486	True	True	3
MF6|CFFIHE_03487	MF6	CFFIHE_03487	True	True	7
MF6|CFFIHE_03488	MF6	CFFIHE_03488	True	True	4
MF6|CFFIHE_03489	MF6	CFFIHE_03489	True	True	7
MF6|CFFIHE_03490	MF6	CFFIHE_03490	True	True	5
MF6|CFFIHE_03491	MF6	CFFIHE_03491	True	True	4
MF6|CFFIHE_03493	MF6	CFFIHE_03493	True	True	3
MF6|CFFIHE_03494	MF6	CFFIHE_03494	True	True	3
MF6|CFFIHE_03495	MF6	CFFIHE_03495	True	True	6
MF6|CFFIHE_03496	MF6	CFFIHE_03496	True	True	3
MF6|CFFIHE_03497	MF6	CFFIHE_03497	True	True	4
MF6|CFFIHE_03498	MF6	CFFIHE_03498	True	True	4
MF6|CFFIHE_03499	MF6	CFFIHE_03499	True	True	9
MF6|CFFIHE_03500	MF6	CFFIHE_03500	False	False	1
MF6|CFFIHE_03501	MF6	CFFIHE_03501	True	True	5
MF6|CFFIHE_03503	MF6	CFFIHE_03503	True	True	3
MF6|CFFIHE_03504	MF6	CFFIHE_03504	True	True	6
MF6|CFFIHE_03505	MF6	CFFIHE_03505	True	True	4
MF6|CFFIHE_03506	MF6	CFFIHE_03506	True	True	5
MF6|CFFIHE_03507	MF6	CFFIHE_03507	True	True	4
MF6|CFFIHE_03508	MF6	CFFIHE_03508	True	True	4
MF6|CFFIHE_03509	MF6	CFFIHE_03509	True	True	2
MF6|CFFIHE_03510	MF6	CFFIHE_03510	True	True	6
MF6|CFFIHE_03511	MF6	CFFIHE_03511	True	True	5
MF6|CFFIHE_03512	MF6	CFFIHE_03512	True	True	3
MF6|CFFIHE_03513	MF6	CFFIHE_03513	True	True	4
MF6|CFFIHE_03514	MF6	CFFIHE_03514	False	False	1
MF6|CFFIHE_03516	MF6	CFFIHE_03516	True	True	4
MF6|CFFIHE_03518	MF6	CFFIHE_03518	False	False	1
MF6|CFFIHE_03519	MF6	CFFIHE_03519	True	True	3
MF6|CFFIHE_03520	MF6	CFFIHE_03520	True	True	2
MF6|CFFIHE_03521	MF6	CFFIHE_03521	True	True	8
MF6|CFFIHE_03522	MF6	CFFIHE_03522	True	True	6
MF6|CFFIHE_03523	MF6	CFFIHE_03523	True	True	3
MF6|CFFIHE_03524	MF6	CFFIHE_03524	True	True	2
MF6|CFFIHE_03525	MF6	CFFIHE_03525	True	True	8
MF6|CFFIHE_03526	MF6	CFFIHE_03526	True	True	5
MF6|CFFIHE_03527	MF6	CFFIHE_03527	True	True	7
MF6|CFFIHE_03528	MF6	CFFIHE_03528	True	True	2
MF6|CFFIHE_03529	MF6	CFFIHE_03529	True	True	4
MF6|CFFIHE_03530	MF6	CFFIHE_03530	True	True	7
MF6|CFFIHE_03531	MF6	CFFIHE_03531	True	True	8
MF6|CFFIHE_03532	MF6	CFFIHE_03532	True	True	2
MF6|CFFIHE_03533	MF6	CFFIHE_03533	True	True	1
MF6|CFFIHE_03534	MF6	CFFIHE_03534	True	True	6
MF6|CFFIHE_03535	MF6	CFFIHE_03535	True	False	3
MF6|CFFIHE_03536	MF6	CFFIHE_03536	True	True	4
MF6|CFFIHE_03537	MF6	CFFIHE_03537	True	True	6
MF6|CFFIHE_03538	MF6	CFFIHE_03538	True	True	8
MF6|CFFIHE_03539	MF6	CFFIHE_03539	True	True	7
MF6|CFFIHE_03540	MF6	CFFIHE_03540	True	True	10
MF6|CFFIHE_03541	MF6	CFFIHE_03541	True	True	3
MF6|CFFIHE_03543	MF6	CFFIHE_03543	True	True	3
MF6|CFFIHE_03544	MF6	CFFIHE_03544	True	True	6
MF6|CFFIHE_03545	MF6	CFFIHE_03545	True	True	3
MF6|CFFIHE_03546	MF6	CFFIHE_03546	True	True	9
MF6|CFFIHE_03547	MF6	CFFIHE_03547	True	True	6
MF6|CFFIHE_03548	MF6	CFFIHE_03548	True	True	5
MF6|CFFIHE_03549	MF6	CFFIHE_03549	True	True	8
MF6|CFFIHE_03550	MF6	CFFIHE_03550	True	True	3
MF6|CFFIHE_03551	MF6	CFFIHE_03551	True	True	5
MF6|CFFIHE_03553	MF6	CFFIHE_03553	True	True	8
MF6|CFFIHE_03554	MF6	CFFIHE_03554	True	True	8
MF6|CFFIHE_03555	MF6	CFFIHE_03555	True	True	6
MF6|CFFIHE_03556	MF6	CFFIHE_03556	True	True	8
MF6|CFFIHE_03559	MF6	CFFIHE_03559	True	True	1
MF6|CFFIHE_03560	MF6	CFFIHE_03560	True	True	1
MF6|CFFIHE_03562	MF6	CFFIHE_03562	True	True	8
MF6|CFFIHE_03563	MF6	CFFIHE_03563	True	True	9
MF6|CFFIHE_03564	MF6	CFFIHE_03564	True	True	6
MF6|CFFIHE_03565	MF6	CFFIHE_03565	True	True	8
MF6|CFFIHE_03566	MF6	CFFIHE_03566	True	True	1
MF6|CFFIHE_03567	MF6	CFFIHE_03567	True	True	4
MF6|CFFIHE_03568	MF6	CFFIHE_03568	True	True	6
MF6|CFFIHE_03569	MF6	CFFIHE_03569	True	True	4
MF6|CFFIHE_03570	MF6	CFFIHE_03570	True	True	7
MF6|CFFIHE_03571	MF6	CFFIHE_03571	True	True	7
MF6|CFFIHE_03572	MF6	CFFIHE_03572	True	True	9
MF6|CFFIHE_03573	MF6	CFFIHE_03573	True	True	6
MF6|CFFIHE_03574	MF6	CFFIHE_03574	True	True	8
MF6|CFFIHE_03575	MF6	CFFIHE_03575	True	True	7
MF6|CFFIHE_03576	MF6	CFFIHE_03576	True	True	10
MF6|CFFIHE_03577	MF6	CFFIHE_03577	True	True	5
MF6|CFFIHE_03578	MF6	CFFIHE_03578	True	True	7
MF6|CFFIHE_03579	MF6	CFFIHE_03579	True	True	5
MF6|CFFIHE_03580	MF6	CFFIHE_03580	False	False	1
MF6|CFFIHE_03581	MF6	CFFIHE_03581	True	True	7
MF6|CFFIHE_03582	MF6	CFFIHE_03582	True	True	9
MF6|CFFIHE_03583	MF6	CFFIHE_03583	True	True	6
MF6|CFFIHE_03584	MF6	CFFIHE_03584	True	True	7
MF6|CFFIHE_03585	MF6	CFFIHE_03585	True	True	6
MF6|CFFIHE_03586	MF6	CFFIHE_03586	True	True	7
MF6|CFFIHE_03590	MF6	CFFIHE_03590	True	True	1
MF6|CFFIHE_03591	MF6	CFFIHE_03591	True	True	4
MF6|CFFIHE_03592	MF6	CFFIHE_03592	True	True	1
MF6|CFFIHE_03593	MF6	CFFIHE_03593	True	True	2
MF6|CFFIHE_03594	MF6	CFFIHE_03594	True	True	5
MF6|CFFIHE_03595	MF6	CFFIHE_03595	True	True	5
MF6|CFFIHE_03596	MF6	CFFIHE_03596	True	True	8
MF6|CFFIHE_03597	MF6	CFFIHE_03597	True	True	6
MF6|CFFIHE_03598	MF6	CFFIHE_03598	True	True	5
MF6|CFFIHE_03599	MF6	CFFIHE_03599	True	True	7
MF6|CFFIHE_03600	MF6	CFFIHE_03600	True	True	6
MF6|CFFIHE_03602	MF6	CFFIHE_03602	True	True	8
MF6|CFFIHE_03603	MF6	CFFIHE_03603	True	True	10
MF6|CFFIHE_03604	MF6	CFFIHE_03604	True	True	6
MF6|CFFIHE_03605	MF6	CFFIHE_03605	True	True	9
MF6|CFFIHE_03606	MF6	CFFIHE_03606	False	False	1
MF6|CFFIHE_03607	MF6	CFFIHE_03607	True	True	5
MF6|CFFIHE_03608	MF6	CFFIHE_03608	True	True	3
MF6|CFFIHE_03609	MF6	CFFIHE_03609	True	True	3
MF6|CFFIHE_03612	MF6	CFFIHE_03612	True	True	10
MF6|CFFIHE_03613	MF6	CFFIHE_03613	True	True	5
MF6|CFFIHE_03614	MF6	CFFIHE_03614	True	True	6
MF6|CFFIHE_03615	MF6	CFFIHE_03615	True	True	8
MF6|CFFIHE_03616	MF6	CFFIHE_03616	True	True	5
MF6|CFFIHE_03617	MF6	CFFIHE_03617	True	True	7
MF6|CFFIHE_03618	MF6	CFFIHE_03618	True	True	8
MF6|CFFIHE_03619	MF6	CFFIHE_03619	True	True	8
MF6|CFFIHE_03620	MF6	CFFIHE_03620	True	True	4
MF6|CFFIHE_03621	MF6	CFFIHE_03621	True	True	5
MF6|CFFIHE_03622	MF6	CFFIHE_03622	True	True	5
MF6|CFFIHE_03623	MF6	CFFIHE_03623	True	True	5
MF6|CFFIHE_03624	MF6	CFFIHE_03624	True	True	8
MF6|CFFIHE_03625	MF6	CFFIHE_03625	True	True	4
MF6|CFFIHE_03626	MF6	CFFIHE_03626	True	True	5
MF6|CFFIHE_03627	MF6	CFFIHE_03627	True	True	4
MF6|CFFIHE_03628	MF6	CFFIHE_03628	True	True	6
MF6|CFFIHE_03629	MF6	CFFIHE_03629	True	True	6
MF6|CFFIHE_03630	MF6	CFFIHE_03630	True	True	4
MF6|CFFIHE_03631	MF6	CFFIHE_03631	True	True	6
MF6|CFFIHE_03632	MF6	CFFIHE_03632	True	True	6
MF6|CFFIHE_03633	MF6	CFFIHE_03633	True	True	4
MF6|CFFIHE_03634	MF6	CFFIHE_03634	True	True	6
MF6|CFFIHE_03635	MF6	CFFIHE_03635	True	True	1
MF6|CFFIHE_03636	MF6	CFFIHE_03636	True	True	6
MF6|CFFIHE_03637	MF6	CFFIHE_03637	True	True	6
MF6|CFFIHE_03638	MF6	CFFIHE_03638	True	True	6
MF6|CFFIHE_03639	MF6	CFFIHE_03639	True	True	4
MF6|CFFIHE_03640	MF6	CFFIHE_03640	True	True	6
MF6|CFFIHE_03641	MF6	CFFIHE_03641	True	True	2
MF6|CFFIHE_03642	MF6	CFFIHE_03642	True	True	2
MF6|CFFIHE_03643	MF6	CFFIHE_03643	True	True	2
MF6|CFFIHE_03644	MF6	CFFIHE_03644	True	True	6
MF6|CFFIHE_03645	MF6	CFFIHE_03645	True	True	1
MF6|CFFIHE_03646	MF6	CFFIHE_03646	True	True	1
MF6|CFFIHE_03647	MF6	CFFIHE_03647	False	False	1
MF6|CFFIHE_03648	MF6	CFFIHE_03648	True	True	1
MF6|CFFIHE_03649	MF6	CFFIHE_03649	True	True	1
MF6|CFFIHE_03650	MF6	CFFIHE_03650	True	True	1
MF6|CFFIHE_03651	MF6	CFFIHE_03651	True	True	3
MF6|CFFIHE_03652	MF6	CFFIHE_03652	True	True	3
MF6|CFFIHE_03653	MF6	CFFIHE_03653	True	True	4
MF6|CFFIHE_03654	MF6	CFFIHE_03654	True	True	4
MF6|CFFIHE_03655	MF6	CFFIHE_03655	True	False	1
MF6|CFFIHE_03656	MF6	CFFIHE_03656	True	True	1
MF6|CFFIHE_03657	MF6	CFFIHE_03657	True	True	1
MF6|CFFIHE_03658	MF6	CFFIHE_03658	True	True	1
MF6|CFFIHE_03659	MF6	CFFIHE_03659	True	True	5
MF6|CFFIHE_03660	MF6	CFFIHE_03660	True	True	8
MF6|CFFIHE_03661	MF6	CFFIHE_03661	True	True	3
MF6|CFFIHE_03662	MF6	CFFIHE_03662	True	True	2
MF6|CFFIHE_03663	MF6	CFFIHE_03663	True	True	1
MF6|CFFIHE_03664	MF6	CFFIHE_03664	True	True	5
MF6|CFFIHE_03665	MF6	CFFIHE_03665	True	True	3
MF6|CFFIHE_03666	MF6	CFFIHE_03666	True	True	8
MF6|CFFIHE_03667	MF6	CFFIHE_03667	True	True	4
MF6|CFFIHE_03668	MF6	CFFIHE_03668	True	True	6
MF6|CFFIHE_03669	MF6	CFFIHE_03669	True	True	6
MF6|CFFIHE_03670	MF6	CFFIHE_03670	True	True	9
MF6|CFFIHE_03671	MF6	CFFIHE_03671	True	True	10
MF6|CFFIHE_03672	MF6	CFFIHE_03672	True	True	8
MF6|CFFIHE_03673	MF6	CFFIHE_03673	True	True	11
MF6|CFFIHE_03674	MF6	CFFIHE_03674	True	True	7
MF6|CFFIHE_03675	MF6	CFFIHE_03675	True	True	6
MF6|CFFIHE_03676	MF6	CFFIHE_03676	True	True	5
MF6|CFFIHE_03677	MF6	CFFIHE_03677	True	True	4
MF6|CFFIHE_03679	MF6	CFFIHE_03679	True	True	4
MF6|CFFIHE_03680	MF6	CFFIHE_03680	True	True	7
MF6|CFFIHE_03681	MF6	CFFIHE_03681	True	True	8
MF6|CFFIHE_03682	MF6	CFFIHE_03682	True	True	5
MF6|CFFIHE_03683	MF6	CFFIHE_03683	True	True	5
MF6|CFFIHE_03684	MF6	CFFIHE_03684	True	True	4
MF6|CFFIHE_03687	MF6	CFFIHE_03687	True	True	9
MF6|CFFIHE_03688	MF6	CFFIHE_03688	True	True	5
MF6|CFFIHE_03689	MF6	CFFIHE_03689	True	True	7
MF6|CFFIHE_03690	MF6	CFFIHE_03690	True	True	7
MF6|CFFIHE_03691	MF6	CFFIHE_03691	True	True	6
MF6|CFFIHE_03692	MF6	CFFIHE_03692	True	True	7
MF6|CFFIHE_03693	MF6	CFFIHE_03693	True	False	1
MF6|CFFIHE_03694	MF6	CFFIHE_03694	True	True	6
MF6|CFFIHE_03695	MF6	CFFIHE_03695	True	True	3
MF6|CFFIHE_03696	MF6	CFFIHE_03696	False	False	1
MF6|CFFIHE_03697	MF6	CFFIHE_03697	True	True	4
MF6|CFFIHE_03698	MF6	CFFIHE_03698	True	True	7
MF6|CFFIHE_03700	MF6	CFFIHE_03700	True	True	6
MF6|CFFIHE_03701	MF6	CFFIHE_03701	True	True	6
MF6|CFFIHE_03702	MF6	CFFIHE_03702	True	True	6
MF6|CFFIHE_03703	MF6	CFFIHE_03703	True	True	8
MF6|CFFIHE_03704	MF6	CFFIHE_03704	True	True	11
MF6|CFFIHE_03705	MF6	CFFIHE_03705	True	True	8
MF6|CFFIHE_03706	MF6	CFFIHE_03706	True	True	6
MF6|CFFIHE_03707	MF6	CFFIHE_03707	True	True	4
MF6|CFFIHE_03708	MF6	CFFIHE_03708	True	True	7
MF6|CFFIHE_03709	MF6	CFFIHE_03709	True	True	6
MF6|CFFIHE_03711	MF6	CFFIHE_03711	True	True	10
MF6|CFFIHE_03712	MF6	CFFIHE_03712	True	True	4
MF6|CFFIHE_03713	MF6	CFFIHE_03713	True	True	5
MF6|CFFIHE_03714	MF6	CFFIHE_03714	True	True	6
MF6|CFFIHE_03715	MF6	CFFIHE_03715	True	True	1
MF6|CFFIHE_03716	MF6	CFFIHE_03716	True	True	4
MF6|CFFIHE_03717	MF6	CFFIHE_03717	True	True	9
MF6|CFFIHE_03718	MF6	CFFIHE_03718	True	True	5
MF6|CFFIHE_03719	MF6	CFFIHE_03719	True	True	7
MF6|CFFIHE_03720	MF6	CFFIHE_03720	True	True	8
MF6|CFFIHE_03721	MF6	CFFIHE_03721	True	True	7
MF6|CFFIHE_03722	MF6	CFFIHE_03722	True	True	8
MF6|CFFIHE_03723	MF6	CFFIHE_03723	True	True	9
MF6|CFFIHE_03724	MF6	CFFIHE_03724	True	True	8
MF6|CFFIHE_03725	MF6	CFFIHE_03725	True	True	10
MF6|CFFIHE_03726	MF6	CFFIHE_03726	True	True	3
MF6|CFFIHE_03728	MF6	CFFIHE_03728	True	True	6
MF6|CFFIHE_03729	MF6	CFFIHE_03729	True	True	9
MF6|CFFIHE_03730	MF6	CFFIHE_03730	True	True	10
MF6|CFFIHE_03731	MF6	CFFIHE_03731	False	False	1
MF6|CFFIHE_03733	MF6	CFFIHE_03733	True	True	5
MF6|CFFIHE_03734	MF6	CFFIHE_03734	True	True	4
MF6|CFFIHE_03735	MF6	CFFIHE_03735	True	True	8
MF6|CFFIHE_03736	MF6	CFFIHE_03736	True	True	6
MF6|CFFIHE_03737	MF6	CFFIHE_03737	True	True	6
MF6|CFFIHE_03738	MF6	CFFIHE_03738	True	True	4
MF6|CFFIHE_03739	MF6	CFFIHE_03739	True	True	6
MF6|CFFIHE_03740	MF6	CFFIHE_03740	True	True	3
MF6|CFFIHE_03741	MF6	CFFIHE_03741	True	True	4
MF6|CFFIHE_03742	MF6	CFFIHE_03742	True	True	7
MF6|CFFIHE_03743	MF6	CFFIHE_03743	True	True	4
MF6|CFFIHE_03744	MF6	CFFIHE_03744	True	True	6
MF6|CFFIHE_03745	MF6	CFFIHE_03745	True	True	6
MF6|CFFIHE_03746	MF6	CFFIHE_03746	True	True	5
MF6|CFFIHE_03747	MF6	CFFIHE_03747	True	True	6
MF6|CFFIHE_03748	MF6	CFFIHE_03748	True	True	4
MF6|CFFIHE_03749	MF6	CFFIHE_03749	True	True	9
MF6|CFFIHE_03750	MF6	CFFIHE_03750	True	True	6
MF6|CFFIHE_03751	MF6	CFFIHE_03751	True	True	4
MF6|CFFIHE_03752	MF6	CFFIHE_03752	True	True	5
MF6|CFFIHE_03753	MF6	CFFIHE_03753	True	True	7
MF6|CFFIHE_03754	MF6	CFFIHE_03754	True	True	8
MF6|CFFIHE_03755	MF6	CFFIHE_03755	True	True	9
MF6|CFFIHE_03756	MF6	CFFIHE_03756	True	True	3
MF6|CFFIHE_03757	MF6	CFFIHE_03757	True	True	5
MF6|CFFIHE_03758	MF6	CFFIHE_03758	True	True	5
MF6|CFFIHE_03759	MF6	CFFIHE_03759	True	True	4
MF6|CFFIHE_03760	MF6	CFFIHE_03760	True	True	6
MF6|CFFIHE_03761	MF6	CFFIHE_03761	True	True	4
MF6|CFFIHE_03762	MF6	CFFIHE_03762	True	True	5
MF6|CFFIHE_03764	MF6	CFFIHE_03764	True	True	6
MF6|CFFIHE_03765	MF6	CFFIHE_03765	True	True	9
MF6|CFFIHE_03766	MF6	CFFIHE_03766	True	True	9
MF6|CFFIHE_03767	MF6	CFFIHE_03767	True	True	4
MF6|CFFIHE_03768	MF6	CFFIHE_03768	True	True	6
MF6|CFFIHE_03769	MF6	CFFIHE_03769	True	True	8
MF6|CFFIHE_03770	MF6	CFFIHE_03770	True	True	7
MF6|CFFIHE_03771	MF6	CFFIHE_03771	True	True	5
MF6|CFFIHE_03772	MF6	CFFIHE_03772	True	True	7
MF6|CFFIHE_03773	MF6	CFFIHE_03773	True	True	5
MF6|CFFIHE_03775	MF6	CFFIHE_03775	True	True	1
MF6|CFFIHE_03776	MF6	CFFIHE_03776	True	True	8
MF6|CFFIHE_03777	MF6	CFFIHE_03777	True	True	7
MF6|CFFIHE_03778	MF6	CFFIHE_03778	True	True	6
MF6|CFFIHE_03779	MF6	CFFIHE_03779	True	True	4
MF6|CFFIHE_03780	MF6	CFFIHE_03780	True	True	7
MF6|CFFIHE_03781	MF6	CFFIHE_03781	True	True	2
MF6|CFFIHE_03782	MF6	CFFIHE_03782	True	True	7
MF6|CFFIHE_03783	MF6	CFFIHE_03783	True	True	7
MF6|CFFIHE_03784	MF6	CFFIHE_03784	True	True	9
MF6|CFFIHE_03785	MF6	CFFIHE_03785	True	True	9
MF6|CFFIHE_03786	MF6	CFFIHE_03786	True	True	5
MF6|CFFIHE_03787	MF6	CFFIHE_03787	True	True	5
MF6|CFFIHE_03788	MF6	CFFIHE_03788	True	True	7
MF6|CFFIHE_03789	MF6	CFFIHE_03789	True	True	10
MF6|CFFIHE_03790	MF6	CFFIHE_03790	True	True	7
MF6|CFFIHE_03791	MF6	CFFIHE_03791	True	True	6
MF6|CFFIHE_03792	MF6	CFFIHE_03792	True	True	7
MF6|CFFIHE_03793	MF6	CFFIHE_03793	True	True	9
MF6|CFFIHE_03794	MF6	CFFIHE_03794	True	True	4
MF6|CFFIHE_03795	MF6	CFFIHE_03795	True	True	6
MF6|CFFIHE_03796	MF6	CFFIHE_03796	True	True	4
MF6|CFFIHE_03797	MF6	CFFIHE_03797	True	True	4
MF6|CFFIHE_03798	MF6	CFFIHE_03798	True	True	4
MF6|CFFIHE_03799	MF6	CFFIHE_03799	True	True	7
MF6|CFFIHE_03800	MF6	CFFIHE_03800	True	True	8
MF6|CFFIHE_03801	MF6	CFFIHE_03801	True	True	6
MF6|CFFIHE_03802	MF6	CFFIHE_03802	True	True	3
MF6|CFFIHE_03803	MF6	CFFIHE_03803	True	True	5
MF6|CFFIHE_03804	MF6	CFFIHE_03804	True	True	7
MF6|CFFIHE_03805	MF6	CFFIHE_03805	True	True	9
MF6|CFFIHE_03806	MF6	CFFIHE_03806	True	True	9
MF6|CFFIHE_03807	MF6	CFFIHE_03807	True	True	4
MF6|CFFIHE_03808	MF6	CFFIHE_03808	True	True	9
MF6|CFFIHE_03809	MF6	CFFIHE_03809	True	True	8
MF6|CFFIHE_03810	MF6	CFFIHE_03810	True	True	8
MF6|CFFIHE_03811	MF6	CFFIHE_03811	True	True	9
MF6|CFFIHE_03812	MF6	CFFIHE_03812	True	True	7
MF6|CFFIHE_03813	MF6	CFFIHE_03813	True	True	5
MF6|CFFIHE_03814	MF6	CFFIHE_03814	True	True	7
MF6|CFFIHE_03815	MF6	CFFIHE_03815	True	True	7
MF6|CFFIHE_03816	MF6	CFFIHE_03816	True	True	6
MF6|CFFIHE_03817	MF6	CFFIHE_03817	True	True	6
MF6|CFFIHE_03818	MF6	CFFIHE_03818	True	True	6
MF6|CFFIHE_03819	MF6	CFFIHE_03819	True	True	6
MF6|CFFIHE_03820	MF6	CFFIHE_03820	True	True	7
MF6|CFFIHE_03821	MF6	CFFIHE_03821	True	True	6
MF6|CFFIHE_03822	MF6	CFFIHE_03822	True	True	7
MF6|CFFIHE_03823	MF6	CFFIHE_03823	True	True	7
MF6|CFFIHE_03824	MF6	CFFIHE_03824	True	True	3
MF6|CFFIHE_03825	MF6	CFFIHE_03825	True	True	3
MF6|CFFIHE_03826	MF6	CFFIHE_03826	True	True	5
MF6|CFFIHE_03827	MF6	CFFIHE_03827	True	True	6
MF6|CFFIHE_03828	MF6	CFFIHE_03828	True	True	5
MF6|CFFIHE_03829	MF6	CFFIHE_03829	True	True	4
MF6|CFFIHE_03830	MF6	CFFIHE_03830	True	True	8
MF6|CFFIHE_03831	MF6	CFFIHE_03831	True	True	5
MF6|CFFIHE_03832	MF6	CFFIHE_03832	True	True	7
MF6|CFFIHE_03833	MF6	CFFIHE_03833	True	True	11
MF6|CFFIHE_03834	MF6	CFFIHE_03834	True	True	9
MF6|CFFIHE_03835	MF6	CFFIHE_03835	True	True	6
MF6|CFFIHE_03836	MF6	CFFIHE_03836	True	True	4
MF6|CFFIHE_03837	MF6	CFFIHE_03837	True	True	5
MF6|CFFIHE_03838	MF6	CFFIHE_03838	True	True	5
MF6|CFFIHE_03839	MF6	CFFIHE_03839	False	False	1
MF6|CFFIHE_03840	MF6	CFFIHE_03840	True	True	10
MF6|CFFIHE_03842	MF6	CFFIHE_03842	True	True	6
MF6|CFFIHE_03843	MF6	CFFIHE_03843	True	True	8
MF6|CFFIHE_03844	MF6	CFFIHE_03844	True	True	1
MF6|CFFIHE_03845	MF6	CFFIHE_03845	True	True	6
MF6|CFFIHE_03846	MF6	CFFIHE_03846	True	True	8
MF6|CFFIHE_03847	MF6	CFFIHE_03847	True	True	5
MF6|CFFIHE_03848	MF6	CFFIHE_03848	True	True	5
MF6|CFFIHE_03849	MF6	CFFIHE_03849	True	True	6
MF6|CFFIHE_03850	MF6	CFFIHE_03850	True	True	6
MF6|CFFIHE_03851	MF6	CFFIHE_03851	True	True	9
MF6|CFFIHE_03852	MF6	CFFIHE_03852	True	True	4
MF6|CFFIHE_03853	MF6	CFFIHE_03853	True	True	5
MF6|CFFIHE_03854	MF6	CFFIHE_03854	False	False	1
MF6|CFFIHE_03855	MF6	CFFIHE_03855	True	True	2
MF6|CFFIHE_03856	MF6	CFFIHE_03856	True	True	2
MF6|CFFIHE_03857	MF6	CFFIHE_03857	True	True	7
MF6|CFFIHE_03858	MF6	CFFIHE_03858	True	True	3
MF6|CFFIHE_03859	MF6	CFFIHE_03859	True	True	6
MF6|CFFIHE_03860	MF6	CFFIHE_03860	True	True	4
MF6|CFFIHE_03861	MF6	CFFIHE_03861	True	True	7
MF6|CFFIHE_03862	MF6	CFFIHE_03862	True	True	8
MF6|CFFIHE_03863	MF6	CFFIHE_03863	True	True	4
MF6|CFFIHE_03864	MF6	CFFIHE_03864	True	True	4
MF6|CFFIHE_03865	MF6	CFFIHE_03865	True	True	3
MF6|CFFIHE_03866	MF6	CFFIHE_03866	True	True	8
MF6|CFFIHE_03867	MF6	CFFIHE_03867	True	True	7
MF6|CFFIHE_03868	MF6	CFFIHE_03868	True	True	7
MF6|CFFIHE_03869	MF6	CFFIHE_03869	True	True	7
MF6|CFFIHE_03870	MF6	CFFIHE_03870	True	True	5
MF6|CFFIHE_03872	MF6	CFFIHE_03872	True	True	2
MF6|CFFIHE_03873	MF6	CFFIHE_03873	False	False	1
MF6|CFFIHE_03874	MF6	CFFIHE_03874	True	True	2
MF6|CFFIHE_03875	MF6	CFFIHE_03875	True	True	3
MF6|CFFIHE_03876	MF6	CFFIHE_03876	True	True	5
MF6|CFFIHE_03877	MF6	CFFIHE_03877	True	True	5
MF6|CFFIHE_03878	MF6	CFFIHE_03878	True	True	4
MF6|CFFIHE_03879	MF6	CFFIHE_03879	False	False	1
MF6|CFFIHE_03880	MF6	CFFIHE_03880	True	True	4
MF6|CFFIHE_03883	MF6	CFFIHE_03883	True	True	8
MF6|CFFIHE_03884	MF6	CFFIHE_03884	True	True	7
MF6|CFFIHE_03885	MF6	CFFIHE_03885	True	True	8
MF6|CFFIHE_03886	MF6	CFFIHE_03886	True	True	6
MF6|CFFIHE_03887	MF6	CFFIHE_03887	False	False	1
MF6|CFFIHE_03888	MF6	CFFIHE_03888	True	True	8
MF6|CFFIHE_03890	MF6	CFFIHE_03890	True	True	3
MF6|CFFIHE_03891	MF6	CFFIHE_03891	True	True	2
MF6|CFFIHE_03892	MF6	CFFIHE_03892	True	True	2
MF6|CFFIHE_03893	MF6	CFFIHE_03893	True	True	3
MF6|CFFIHE_03894	MF6	CFFIHE_03894	True	True	8
MF6|CFFIHE_03895	MF6	CFFIHE_03895	True	True	8
MF6|CFFIHE_03896	MF6	CFFIHE_03896	True	True	9
MF6|CFFIHE_03898	MF6	CFFIHE_03898	True	True	6
MF6|CFFIHE_03900	MF6	CFFIHE_03900	True	True	6
MF6|CFFIHE_03901	MF6	CFFIHE_03901	True	True	6
MF6|CFFIHE_03902	MF6	CFFIHE_03902	True	True	7
MF6|CFFIHE_03903	MF6	CFFIHE_03903	True	True	5
MF6|CFFIHE_03904	MF6	CFFIHE_03904	True	True	7
MF6|CFFIHE_03905	MF6	CFFIHE_03905	True	True	5
MF6|CFFIHE_03906	MF6	CFFIHE_03906	True	True	9
MF6|CFFIHE_03907	MF6	CFFIHE_03907	True	True	9
MF6|CFFIHE_03908	MF6	CFFIHE_03908	True	True	6
MF6|CFFIHE_03909	MF6	CFFIHE_03909	True	True	7
MF6|CFFIHE_03910	MF6	CFFIHE_03910	True	True	6
MF6|CFFIHE_03911	MF6	CFFIHE_03911	True	True	9
MF6|CFFIHE_03913	MF6	CFFIHE_03913	True	True	5
MF6|CFFIHE_03914	MF6	CFFIHE_03914	True	True	5
MF6|CFFIHE_03916	MF6	CFFIHE_03916	True	True	7
MF6|CFFIHE_03917	MF6	CFFIHE_03917	True	True	7
MF6|CFFIHE_03918	MF6	CFFIHE_03918	True	True	8
MF6|CFFIHE_03919	MF6	CFFIHE_03919	True	True	4
MF6|CFFIHE_03920	MF6	CFFIHE_03920	True	True	7
MF6|CFFIHE_03921	MF6	CFFIHE_03921	True	True	6
MF6|CFFIHE_03922	MF6	CFFIHE_03922	True	True	6
MF6|CFFIHE_03923	MF6	CFFIHE_03923	True	True	5
MF6|CFFIHE_03924	MF6	CFFIHE_03924	True	True	5
MF6|CFFIHE_03925	MF6	CFFIHE_03925	True	True	6
MF6|CFFIHE_03926	MF6	CFFIHE_03926	True	True	8
MF6|CFFIHE_03927	MF6	CFFIHE_03927	True	True	1
MF6|CFFIHE_03928	MF6	CFFIHE_03928	True	True	3
MF6|CFFIHE_03930	MF6	CFFIHE_03930	True	True	7
MF6|CFFIHE_03931	MF6	CFFIHE_03931	True	True	4
MF6|CFFIHE_03932	MF6	CFFIHE_03932	True	True	2
MF6|CFFIHE_03933	MF6	CFFIHE_03933	True	True	8
MF6|CFFIHE_03934	MF6	CFFIHE_03934	True	True	8
MF6|CFFIHE_03935	MF6	CFFIHE_03935	True	True	10
MF6|CFFIHE_03936	MF6	CFFIHE_03936	True	True	8
MF6|CFFIHE_03937	MF6	CFFIHE_03937	True	True	8
MF6|CFFIHE_03938	MF6	CFFIHE_03938	True	True	6
MF6|CFFIHE_03939	MF6	CFFIHE_03939	True	True	7
MF6|CFFIHE_03940	MF6	CFFIHE_03940	False	False	1
MF6|CFFIHE_03941	MF6	CFFIHE_03941	True	True	2
MF6|CFFIHE_03943	MF6	CFFIHE_03943	True	True	3
MF6|CFFIHE_03944	MF6	CFFIHE_03944	True	True	7
MF6|CFFIHE_03945	MF6	CFFIHE_03945	True	True	1
MF6|CFFIHE_03946	MF6	CFFIHE_03946	False	False	1
MF6|CFFIHE_03947	MF6	CFFIHE_03947	True	True	2
MF6|CFFIHE_03948	MF6	CFFIHE_03948	True	True	3
MF6|CFFIHE_03949	MF6	CFFIHE_03949	True	True	8
MF6|CFFIHE_03950	MF6	CFFIHE_03950	True	True	10
MF6|CFFIHE_03951	MF6	CFFIHE_03951	True	True	13
MF6|CFFIHE_03952	MF6	CFFIHE_03952	True	True	1
MF6|CFFIHE_03953	MF6	CFFIHE_03953	True	True	4
MF6|CFFIHE_03954	MF6	CFFIHE_03954	True	True	2
MF6|CFFIHE_03955	MF6	CFFIHE_03955	True	True	9
MF6|CFFIHE_03956	MF6	CFFIHE_03956	True	True	3
MF6|CFFIHE_03957	MF6	CFFIHE_03957	False	False	1
MF6|CFFIHE_03959	MF6	CFFIHE_03959	False	False	1
MF6|CFFIHE_03961	MF6	CFFIHE_03961	False	False	1
MF6|CFFIHE_03962	MF6	CFFIHE_03962	True	True	7
MF6|CFFIHE_03963	MF6	CFFIHE_03963	True	True	5
MF6|CFFIHE_03964	MF6	CFFIHE_03964	True	True	6
MF6|CFFIHE_03965	MF6	CFFIHE_03965	True	True	8
MF6|CFFIHE_03966	MF6	CFFIHE_03966	True	True	3
MF6|CFFIHE_03967	MF6	CFFIHE_03967	True	True	2
MF6|CFFIHE_03968	MF6	CFFIHE_03968	True	True	4
MF6|CFFIHE_03969	MF6	CFFIHE_03969	True	True	11
MF6|CFFIHE_03970	MF6	CFFIHE_03970	False	False	1
MF6|CFFIHE_03971	MF6	CFFIHE_03971	True	True	2
MF6|CFFIHE_03972	MF6	CFFIHE_03972	True	True	8
MF6|CFFIHE_03973	MF6	CFFIHE_03973	True	True	5
MF6|CFFIHE_03974	MF6	CFFIHE_03974	True	True	5
MF6|CFFIHE_03975	MF6	CFFIHE_03975	True	True	6
MF6|CFFIHE_03976	MF6	CFFIHE_03976	True	True	11
MF6|CFFIHE_03977	MF6	CFFIHE_03977	True	True	3
MF6|CFFIHE_03978	MF6	CFFIHE_03978	True	True	4
MF6|CFFIHE_03979	MF6	CFFIHE_03979	True	True	9
MF6|CFFIHE_03980	MF6	CFFIHE_03980	True	True	10
MF6|CFFIHE_03981	MF6	CFFIHE_03981	True	True	5
MF6|CFFIHE_03982	MF6	CFFIHE_03982	True	True	5
MF6|CFFIHE_03983	MF6	CFFIHE_03983	True	True	4
MF6|CFFIHE_03984	MF6	CFFIHE_03984	True	True	4
MF6|CFFIHE_03985	MF6	CFFIHE_03985	True	True	5
MF6|CFFIHE_03986	MF6	CFFIHE_03986	True	True	5
MF6|CFFIHE_03987	MF6	CFFIHE_03987	True	True	6
MF6|CFFIHE_03988	MF6	CFFIHE_03988	True	True	7
MF6|CFFIHE_03990	MF6	CFFIHE_03990	True	True	10
MF6|CFFIHE_03991	MF6	CFFIHE_03991	True	True	5
MF6|CFFIHE_03992	MF6	CFFIHE_03992	False	False	1
MF6|CFFIHE_03993	MF6	CFFIHE_03993	True	True	11
MF6|CFFIHE_03994	MF6	CFFIHE_03994	True	True	3
MF6|CFFIHE_03995	MF6	CFFIHE_03995	True	True	7
MF6|CFFIHE_03996	MF6	CFFIHE_03996	True	False	1
MF6|CFFIHE_03997	MF6	CFFIHE_03997	True	True	7
MF6|CFFIHE_03998	MF6	CFFIHE_03998	True	True	4
MF6|CFFIHE_03999	MF6	CFFIHE_03999	True	True	8
MF6|CFFIHE_04001	MF6	CFFIHE_04001	True	True	1
MF6|CFFIHE_04002	MF6	CFFIHE_04002	True	True	2
MF6|CFFIHE_04003	MF6	CFFIHE_04003	True	True	6
MF6|CFFIHE_04004	MF6	CFFIHE_04004	True	True	6
MF6|CFFIHE_04005	MF6	CFFIHE_04005	True	True	5
MF6|CFFIHE_04006	MF6	CFFIHE_04006	False	False	1
MF6|CFFIHE_04007	MF6	CFFIHE_04007	True	True	12
MF6|CFFIHE_04008	MF6	CFFIHE_04008	True	True	7
MF6|CFFIHE_04009	MF6	CFFIHE_04009	True	True	5
MF6|CFFIHE_04010	MF6	CFFIHE_04010	True	True	8
MF6|CFFIHE_04011	MF6	CFFIHE_04011	True	True	7
MF6|CFFIHE_04012	MF6	CFFIHE_04012	True	True	4
MF6|CFFIHE_04013	MF6	CFFIHE_04013	True	True	7
MF6|CFFIHE_04014	MF6	CFFIHE_04014	True	True	5
MF6|CFFIHE_04017	MF6	CFFIHE_04017	True	True	2
MF6|CFFIHE_04018	MF6	CFFIHE_04018	True	True	5
MF6|CFFIHE_04019	MF6	CFFIHE_04019	True	True	7
MF6|CFFIHE_04020	MF6	CFFIHE_04020	True	True	1
MF6|CFFIHE_04021	MF6	CFFIHE_04021	True	True	1
MF6|CFFIHE_04022	MF6	CFFIHE_04022	True	True	1
MF6|CFFIHE_04023	MF6	CFFIHE_04023	False	False	1
MF6|CFFIHE_04024	MF6	CFFIHE_04024	False	False	1
MF6|CFFIHE_04025	MF6	CFFIHE_04025	True	True	6
MF6|CFFIHE_04027	MF6	CFFIHE_04027	True	True	8
MF6|CFFIHE_04028	MF6	CFFIHE_04028	True	True	6
MF6|CFFIHE_04029	MF6	CFFIHE_04029	True	True	2
MF6|CFFIHE_04030	MF6	CFFIHE_04030	True	True	3
MF6|CFFIHE_04031	MF6	CFFIHE_04031	True	True	3
MF6|CFFIHE_04032	MF6	CFFIHE_04032	True	True	7
MF6|CFFIHE_04033	MF6	CFFIHE_04033	True	True	8
MF6|CFFIHE_04034	MF6	CFFIHE_04034	True	True	12
MF6|CFFIHE_04035	MF6	CFFIHE_04035	True	True	6
MF6|CFFIHE_04036	MF6	CFFIHE_04036	True	True	6
MF6|CFFIHE_04037	MF6	CFFIHE_04037	True	True	8
MF6|CFFIHE_04038	MF6	CFFIHE_04038	True	True	2
MF6|CFFIHE_04040	MF6	CFFIHE_04040	True	False	1
MF6|CFFIHE_04041	MF6	CFFIHE_04041	True	True	5
MF6|CFFIHE_04042	MF6	CFFIHE_04042	True	True	5
MF6|CFFIHE_04043	MF6	CFFIHE_04043	True	True	6
MF6|CFFIHE_04044	MF6	CFFIHE_04044	True	True	6
MF6|CFFIHE_04045	MF6	CFFIHE_04045	True	True	5
MF6|CFFIHE_04046	MF6	CFFIHE_04046	True	True	8
MF6|CFFIHE_04047	MF6	CFFIHE_04047	True	True	10
MF6|CFFIHE_04048	MF6	CFFIHE_04048	True	True	4
MF6|CFFIHE_04049	MF6	CFFIHE_04049	True	True	1
MF6|CFFIHE_04050	MF6	CFFIHE_04050	True	True	7
MF6|CFFIHE_04051	MF6	CFFIHE_04051	True	True	4
MF6|CFFIHE_04053	MF6	CFFIHE_04053	True	True	6
MF6|CFFIHE_04054	MF6	CFFIHE_04054	True	False	1
MF6|CFFIHE_04055	MF6	CFFIHE_04055	True	False	2
MF6|CFFIHE_04057	MF6	CFFIHE_04057	True	True	2
MF6|CFFIHE_04058	MF6	CFFIHE_04058	True	True	5
MF6|CFFIHE_04059	MF6	CFFIHE_04059	True	True	8
MF6|CFFIHE_04060	MF6	CFFIHE_04060	True	True	6
MF6|CFFIHE_04061	MF6	CFFIHE_04061	True	True	6
MF6|CFFIHE_04062	MF6	CFFIHE_04062	True	True	6
MF6|CFFIHE_04063	MF6	CFFIHE_04063	True	True	9
MF6|CFFIHE_04064	MF6	CFFIHE_04064	True	True	8
MF6|CFFIHE_04065	MF6	CFFIHE_04065	True	True	5
MF6|CFFIHE_04066	MF6	CFFIHE_04066	True	True	8
MF6|CFFIHE_04067	MF6	CFFIHE_04067	True	True	2
MF6|CFFIHE_04068	MF6	CFFIHE_04068	True	True	8
MF6|CFFIHE_04069	MF6	CFFIHE_04069	True	True	6
MF6|CFFIHE_04070	MF6	CFFIHE_04070	True	True	2
MF6|CFFIHE_04071	MF6	CFFIHE_04071	True	True	7
MF6|CFFIHE_04072	MF6	CFFIHE_04072	True	True	5
MF6|CFFIHE_04073	MF6	CFFIHE_04073	True	True	5
MF6|CFFIHE_04074	MF6	CFFIHE_04074	True	True	6
MF6|CFFIHE_04075	MF6	CFFIHE_04075	True	True	5
MF6|CFFIHE_04076	MF6	CFFIHE_04076	True	True	5
MF6|CFFIHE_04077	MF6	CFFIHE_04077	True	True	5
MF6|CFFIHE_04078	MF6	CFFIHE_04078	True	True	6
MF6|CFFIHE_04079	MF6	CFFIHE_04079	True	True	2
MF6|CFFIHE_04080	MF6	CFFIHE_04080	True	True	8
MF6|CFFIHE_04081	MF6	CFFIHE_04081	True	True	5
MF6|CFFIHE_04082	MF6	CFFIHE_04082	True	True	6
MF6|CFFIHE_04083	MF6	CFFIHE_04083	True	True	7
MF6|CFFIHE_04084	MF6	CFFIHE_04084	True	True	7
MF6|CFFIHE_04085	MF6	CFFIHE_04085	True	True	7
MF6|CFFIHE_04086	MF6	CFFIHE_04086	True	True	6
MF6|CFFIHE_04087	MF6	CFFIHE_04087	True	True	6
MF6|CFFIHE_04088	MF6	CFFIHE_04088	True	False	3
MF6|CFFIHE_04089	MF6	CFFIHE_04089	True	True	6
MF6|CFFIHE_04090	MF6	CFFIHE_04090	True	True	10
MF6|CFFIHE_04091	MF6	CFFIHE_04091	True	True	7
MF6|CFFIHE_04092	MF6	CFFIHE_04092	True	True	4
MF6|CFFIHE_04093	MF6	CFFIHE_04093	True	True	9
MF6|CFFIHE_04094	MF6	CFFIHE_04094	True	True	8
MF6|CFFIHE_04095	MF6	CFFIHE_04095	False	False	1
MF6|CFFIHE_04096	MF6	CFFIHE_04096	True	True	7
MF6|CFFIHE_04097	MF6	CFFIHE_04097	True	True	7
MF6|CFFIHE_04098	MF6	CFFIHE_04098	True	True	2
MF6|CFFIHE_04099	MF6	CFFIHE_04099	True	True	3
MF6|CFFIHE_04100	MF6	CFFIHE_04100	True	True	5
MF6|CFFIHE_04101	MF6	CFFIHE_04101	True	True	2
MF6|CFFIHE_04102	MF6	CFFIHE_04102	True	True	5
MF6|CFFIHE_04103	MF6	CFFIHE_04103	True	True	2
MF6|CFFIHE_04104	MF6	CFFIHE_04104	True	True	5
MF6|CFFIHE_04105	MF6	CFFIHE_04105	True	True	2
MF6|CFFIHE_04106	MF6	CFFIHE_04106	True	True	2
MF6|CFFIHE_04107	MF6	CFFIHE_04107	True	True	8
MF6|CFFIHE_04108	MF6	CFFIHE_04108	True	True	6
MF6|CFFIHE_04109	MF6	CFFIHE_04109	True	True	6
MF6|CFFIHE_04110	MF6	CFFIHE_04110	False	False	1
MF6|CFFIHE_04111	MF6	CFFIHE_04111	True	True	1
MF6|CFFIHE_04112	MF6	CFFIHE_04112	True	True	10
MF6|CFFIHE_04113	MF6	CFFIHE_04113	True	True	7
MF6|CFFIHE_04114	MF6	CFFIHE_04114	True	True	7
MF6|CFFIHE_04115	MF6	CFFIHE_04115	True	True	7
MF6|CFFIHE_04116	MF6	CFFIHE_04116	True	True	7
MF6|CFFIHE_04117	MF6	CFFIHE_04117	True	True	1
MF6|CFFIHE_04118	MF6	CFFIHE_04118	True	True	4
MF6|CFFIHE_04119	MF6	CFFIHE_04119	True	True	5
MF6|CFFIHE_04120	MF6	CFFIHE_04120	True	True	7
MF6|CFFIHE_04121	MF6	CFFIHE_04121	True	True	8
MF6|CFFIHE_04122	MF6	CFFIHE_04122	True	True	8
MF6|CFFIHE_04124	MF6	CFFIHE_04124	True	True	9
MF6|CFFIHE_04125	MF6	CFFIHE_04125	True	True	9
MF6|CFFIHE_04127	MF6	CFFIHE_04127	True	True	6
MF6|CFFIHE_04128	MF6	CFFIHE_04128	True	True	5
MF6|CFFIHE_04129	MF6	CFFIHE_04129	True	True	7
MF6|CFFIHE_04130	MF6	CFFIHE_04130	True	True	3
MF6|CFFIHE_04132	MF6	CFFIHE_04132	True	True	9
MF6|CFFIHE_04133	MF6	CFFIHE_04133	True	True	9
MF6|CFFIHE_04134	MF6	CFFIHE_04134	True	True	6
MF6|CFFIHE_04135	MF6	CFFIHE_04135	True	True	4
MF6|CFFIHE_04136	MF6	CFFIHE_04136	True	True	4
MF6|CFFIHE_04137	MF6	CFFIHE_04137	True	True	6
MF6|CFFIHE_04138	MF6	CFFIHE_04138	True	True	2
MF6|CFFIHE_04140	MF6	CFFIHE_04140	False	False	1
MF6|CFFIHE_04142	MF6	CFFIHE_04142	True	True	9
MF6|CFFIHE_04143	MF6	CFFIHE_04143	True	True	7
MF6|CFFIHE_04144	MF6	CFFIHE_04144	True	True	4
MF6|CFFIHE_04145	MF6	CFFIHE_04145	True	True	8
MF6|CFFIHE_04146	MF6	CFFIHE_04146	True	True	10
MF6|CFFIHE_04148	MF6	CFFIHE_04148	True	True	5
MF6|CFFIHE_04151	MF6	CFFIHE_04151	True	True	8
MF6|CFFIHE_04152	MF6	CFFIHE_04152	True	True	11
MF6|CFFIHE_04153	MF6	CFFIHE_04153	True	True	7
MF6|CFFIHE_04154	MF6	CFFIHE_04154	True	True	9
MF6|CFFIHE_04156	MF6	CFFIHE_04156	False	False	1
MF6|CFFIHE_04157	MF6	CFFIHE_04157	True	True	3
MF6|CFFIHE_04158	MF6	CFFIHE_04158	True	True	8
MF6|CFFIHE_04160	MF6	CFFIHE_04160	True	True	11
MF6|CFFIHE_04161	MF6	CFFIHE_04161	True	True	2
MF6|CFFIHE_04162	MF6	CFFIHE_04162	True	True	2
MF6|CFFIHE_04163	MF6	CFFIHE_04163	True	True	6
MF6|CFFIHE_04164	MF6	CFFIHE_04164	True	True	4
MF6|CFFIHE_04165	MF6	CFFIHE_04165	True	True	9
MF6|CFFIHE_04166	MF6	CFFIHE_04166	True	True	9
MF6|CFFIHE_04169	MF6	CFFIHE_04169	True	True	2
MF6|CFFIHE_04170	MF6	CFFIHE_04170	True	True	2
MF6|CFFIHE_04171	MF6	CFFIHE_04171	False	False	1
MF6|CFFIHE_04172	MF6	CFFIHE_04172	True	True	1
MF6|CFFIHE_04174	MF6	CFFIHE_04174	True	True	2
MF6|CFFIHE_04176	MF6	CFFIHE_04176	True	True	2
MF6|CFFIHE_04178	MF6	CFFIHE_04178	True	True	2
MF6|CFFIHE_04179	MF6	CFFIHE_04179	False	False	1
MF6|CFFIHE_04180	MF6	CFFIHE_04180	True	True	5
MF6|CFFIHE_04181	MF6	CFFIHE_04181	True	True	5
MF6|CFFIHE_04183	MF6	CFFIHE_04183	True	True	5
MF6|CFFIHE_04184	MF6	CFFIHE_04184	True	True	6
MF6|CFFIHE_04185	MF6	CFFIHE_04185	True	True	5
MF6|CFFIHE_04186	MF6	CFFIHE_04186	True	True	4
MF6|CFFIHE_04187	MF6	CFFIHE_04187	True	True	5
MF6|CFFIHE_04188	MF6	CFFIHE_04188	True	True	3
MF6|CFFIHE_04189	MF6	CFFIHE_04189	True	True	3
MF6|CFFIHE_04190	MF6	CFFIHE_04190	True	True	4
MF6|CFFIHE_04191	MF6	CFFIHE_04191	True	True	6
MF6|CFFIHE_04192	MF6	CFFIHE_04192	True	True	5
MF6|CFFIHE_04193	MF6	CFFIHE_04193	True	True	2
MF6|CFFIHE_04195	MF6	CFFIHE_04195	True	True	7
MF6|CFFIHE_04196	MF6	CFFIHE_04196	True	True	4
MF6|CFFIHE_04197	MF6	CFFIHE_04197	True	True	7
MF6|CFFIHE_04198	MF6	CFFIHE_04198	True	True	4
MF6|CFFIHE_04199	MF6	CFFIHE_04199	False	False	1
MF6|CFFIHE_04200	MF6	CFFIHE_04200	True	True	7
MF6|CFFIHE_04201	MF6	CFFIHE_04201	True	True	2
MF6|CFFIHE_04203	MF6	CFFIHE_04203	True	True	9
MF6|CFFIHE_04204	MF6	CFFIHE_04204	True	True	2
MF6|CFFIHE_04205	MF6	CFFIHE_04205	True	True	5
MF6|CFFIHE_04206	MF6	CFFIHE_04206	True	True	7
MF6|CFFIHE_04207	MF6	CFFIHE_04207	True	True	5
MF6|CFFIHE_04208	MF6	CFFIHE_04208	True	True	9
MF6|CFFIHE_04209	MF6	CFFIHE_04209	True	True	7
MF6|CFFIHE_04210	MF6	CFFIHE_04210	True	True	5
MF6|CFFIHE_04211	MF6	CFFIHE_04211	True	True	4
MF6|CFFIHE_04212	MF6	CFFIHE_04212	True	True	7
MF6|CFFIHE_04213	MF6	CFFIHE_04213	True	True	5
MF6|CFFIHE_04214	MF6	CFFIHE_04214	True	True	4
MF6|CFFIHE_04215	MF6	CFFIHE_04215	True	True	4
MF6|CFFIHE_04216	MF6	CFFIHE_04216	True	True	7
MF6|CFFIHE_04217	MF6	CFFIHE_04217	True	True	6
MF6|CFFIHE_04220	MF6	CFFIHE_04220	False	False	1
MF6|CFFIHE_04221	MF6	CFFIHE_04221	True	True	8
MF6|CFFIHE_04222	MF6	CFFIHE_04222	True	True	9
MF6|CFFIHE_04223	MF6	CFFIHE_04223	True	True	7
MF6|CFFIHE_04224	MF6	CFFIHE_04224	True	True	5
MF6|CFFIHE_04225	MF6	CFFIHE_04225	True	True	6
MF6|CFFIHE_04226	MF6	CFFIHE_04226	True	True	6
MF6|CFFIHE_04227	MF6	CFFIHE_04227	True	True	6
MF6|CFFIHE_04228	MF6	CFFIHE_04228	True	True	10
MF6|CFFIHE_04229	MF6	CFFIHE_04229	True	True	8
MF6|CFFIHE_04230	MF6	CFFIHE_04230	True	True	4
MF6|CFFIHE_04231	MF6	CFFIHE_04231	True	True	5
MF6|CFFIHE_04232	MF6	CFFIHE_04232	True	True	6
MF6|CFFIHE_04233	MF6	CFFIHE_04233	True	True	4
MF6|CFFIHE_04234	MF6	CFFIHE_04234	True	True	4
MF6|CFFIHE_04235	MF6	CFFIHE_04235	True	True	10
MF6|CFFIHE_04236	MF6	CFFIHE_04236	True	True	10
MF6|CFFIHE_04238	MF6	CFFIHE_04238	True	True	6
MF6|CFFIHE_04239	MF6	CFFIHE_04239	True	True	3
MF6|CFFIHE_04240	MF6	CFFIHE_04240	True	True	5
MF6|CFFIHE_04241	MF6	CFFIHE_04241	True	True	4
MF6|CFFIHE_04242	MF6	CFFIHE_04242	True	True	9
MF6|CFFIHE_04243	MF6	CFFIHE_04243	True	True	5
MF6|CFFIHE_04244	MF6	CFFIHE_04244	True	True	7
MF6|CFFIHE_04245	MF6	CFFIHE_04245	True	True	8
MF6|CFFIHE_04246	MF6	CFFIHE_04246	True	True	5
MF6|CFFIHE_04247	MF6	CFFIHE_04247	True	False	3
MF6|CFFIHE_04248	MF6	CFFIHE_04248	True	False	1
MF6|CFFIHE_04249	MF6	CFFIHE_04249	True	True	6
MF6|CFFIHE_04250	MF6	CFFIHE_04250	True	True	6
MF6|CFFIHE_04251	MF6	CFFIHE_04251	True	True	2
MF6|CFFIHE_04252	MF6	CFFIHE_04252	True	True	7
MF6|CFFIHE_04253	MF6	CFFIHE_04253	True	True	11
MF6|CFFIHE_04254	MF6	CFFIHE_04254	True	True	8
MF6|CFFIHE_04256	MF6	CFFIHE_04256	True	True	4
MF6|CFFIHE_04257	MF6	CFFIHE_04257	True	True	5
MF6|CFFIHE_04259	MF6	CFFIHE_04259	True	True	10
MF6|CFFIHE_04260	MF6	CFFIHE_04260	True	True	11
MF6|CFFIHE_04262	MF6	CFFIHE_04262	False	False	1
MF6|CFFIHE_04263	MF6	CFFIHE_04263	True	True	6
MF6|CFFIHE_04264	MF6	CFFIHE_04264	True	True	7
MF6|CFFIHE_04265	MF6	CFFIHE_04265	True	True	4
MF6|CFFIHE_04266	MF6	CFFIHE_04266	True	True	4
MF6|CFFIHE_04267	MF6	CFFIHE_04267	True	True	7
MF6|CFFIHE_04268	MF6	CFFIHE_04268	True	True	8
MF6|CFFIHE_04269	MF6	CFFIHE_04269	True	True	2
MF6|CFFIHE_04270	MF6	CFFIHE_04270	True	True	7
MF6|CFFIHE_04271	MF6	CFFIHE_04271	True	True	3
MF6|CFFIHE_04272	MF6	CFFIHE_04272	True	True	6
MF6|CFFIHE_04273	MF6	CFFIHE_04273	True	True	10
MF6|CFFIHE_04274	MF6	CFFIHE_04274	True	True	7
MF6|CFFIHE_04275	MF6	CFFIHE_04275	True	True	6
MF6|CFFIHE_04277	MF6	CFFIHE_04277	True	True	5
MF6|CFFIHE_04278	MF6	CFFIHE_04278	True	True	6
MF6|CFFIHE_04281	MF6	CFFIHE_04281	True	True	5
MF6|CFFIHE_04282	MF6	CFFIHE_04282	True	True	2
MF6|CFFIHE_04283	MF6	CFFIHE_04283	True	True	2
MF6|CFFIHE_04286	MF6	CFFIHE_04286	True	True	7
MF6|CFFIHE_04287	MF6	CFFIHE_04287	False	False	1
MF6|CFFIHE_04289	MF6	CFFIHE_04289	True	True	4
MF6|CFFIHE_04290	MF6	CFFIHE_04290	True	True	6
MF6|CFFIHE_04291	MF6	CFFIHE_04291	True	True	3
MF6|CFFIHE_04293	MF6	CFFIHE_04293	True	True	7
MF6|CFFIHE_04294	MF6	CFFIHE_04294	True	True	5
MF6|CFFIHE_04295	MF6	CFFIHE_04295	True	True	4
MF6|CFFIHE_04296	MF6	CFFIHE_04296	True	True	5
MF6|CFFIHE_04297	MF6	CFFIHE_04297	True	True	1
MF6|CFFIHE_04298	MF6	CFFIHE_04298	True	True	1
MF6|CFFIHE_04299	MF6	CFFIHE_04299	True	True	7
MF6|CFFIHE_04300	MF6	CFFIHE_04300	True	True	6
MF6|CFFIHE_04301	MF6	CFFIHE_04301	True	True	6
MF6|CFFIHE_04302	MF6	CFFIHE_04302	True	True	6
MF6|CFFIHE_04303	MF6	CFFIHE_04303	True	True	9
MF6|CFFIHE_04304	MF6	CFFIHE_04304	True	True	10
MF6|CFFIHE_04305	MF6	CFFIHE_04305	True	True	3
MF6|CFFIHE_04306	MF6	CFFIHE_04306	True	True	7
MF6|CFFIHE_04307	MF6	CFFIHE_04307	True	True	5
MF6|CFFIHE_04308	MF6	CFFIHE_04308	True	True	10
MF6|CFFIHE_04309	MF6	CFFIHE_04309	True	True	5
MF6|CFFIHE_04310	MF6	CFFIHE_04310	True	True	7
MF6|CFFIHE_04311	MF6	CFFIHE_04311	True	True	6
MF6|CFFIHE_04312	MF6	CFFIHE_04312	True	True	9
MF6|CFFIHE_04313	MF6	CFFIHE_04313	True	True	9
MF6|CFFIHE_04314	MF6	CFFIHE_04314	True	True	6
MF6|CFFIHE_04315	MF6	CFFIHE_04315	True	True	7
MF6|CFFIHE_04318	MF6	CFFIHE_04318	True	True	3
MF6|CFFIHE_04319	MF6	CFFIHE_04319	True	True	6
MF6|CFFIHE_04325	MF6	CFFIHE_04325	False	False	1
MF6|CFFIHE_04326	MF6	CFFIHE_04326	True	True	1
MF6|CFFIHE_04327	MF6	CFFIHE_04327	True	True	7
MF6|CFFIHE_04328	MF6	CFFIHE_04328	True	True	5
MF6|CFFIHE_04329	MF6	CFFIHE_04329	True	True	6
MF6|CFFIHE_04330	MF6	CFFIHE_04330	True	False	2
MF6|CFFIHE_04331	MF6	CFFIHE_04331	True	True	7
MF6|CFFIHE_04332	MF6	CFFIHE_04332	True	True	9
MF6|CFFIHE_04333	MF6	CFFIHE_04333	True	True	10
MF6|CFFIHE_04334	MF6	CFFIHE_04334	True	True	9
MF6|CFFIHE_04335	MF6	CFFIHE_04335	True	True	4
MF6|CFFIHE_04336	MF6	CFFIHE_04336	True	True	5
MF6|CFFIHE_04337	MF6	CFFIHE_04337	True	True	4
MF6|CFFIHE_04338	MF6	CFFIHE_04338	True	True	2
MF6|CFFIHE_04339	MF6	CFFIHE_04339	True	True	6
MF6|CFFIHE_04340	MF6	CFFIHE_04340	True	True	2
MF6|CFFIHE_04341	MF6	CFFIHE_04341	True	True	5
MF6|CFFIHE_04342	MF6	CFFIHE_04342	True	True	6
MF6|CFFIHE_04343	MF6	CFFIHE_04343	True	True	5
MF6|CFFIHE_04345	MF6	CFFIHE_04345	True	True	5
MF6|CFFIHE_04346	MF6	CFFIHE_04346	True	True	4
MF6|CFFIHE_04347	MF6	CFFIHE_04347	True	True	1
MF6|CFFIHE_04348	MF6	CFFIHE_04348	True	True	2
MF6|CFFIHE_04349	MF6	CFFIHE_04349	True	True	9
MF6|CFFIHE_04350	MF6	CFFIHE_04350	True	True	4
MF6|CFFIHE_04351	MF6	CFFIHE_04351	True	True	7
MF6|CFFIHE_04353	MF6	CFFIHE_04353	True	True	9
MF6|CFFIHE_04354	MF6	CFFIHE_04354	True	True	5
MF6|CFFIHE_04355	MF6	CFFIHE_04355	True	True	6
MF6|CFFIHE_04356	MF6	CFFIHE_04356	True	True	6
MF6|CFFIHE_04357	MF6	CFFIHE_04357	True	True	5
MF6|CFFIHE_04358	MF6	CFFIHE_04358	False	False	1
MF6|CFFIHE_04359	MF6	CFFIHE_04359	True	True	6
MF6|CFFIHE_04360	MF6	CFFIHE_04360	True	True	3
MF6|CFFIHE_04361	MF6	CFFIHE_04361	True	True	2
MF6|CFFIHE_04362	MF6	CFFIHE_04362	True	True	2
MF6|CFFIHE_04363	MF6	CFFIHE_04363	True	True	6
MF6|CFFIHE_04364	MF6	CFFIHE_04364	True	True	7
MF6|CFFIHE_04365	MF6	CFFIHE_04365	True	True	1
MF6|CFFIHE_04366	MF6	CFFIHE_04366	True	True	4
MF6|CFFIHE_04367	MF6	CFFIHE_04367	True	True	6
MF6|CFFIHE_04368	MF6	CFFIHE_04368	True	True	7
MF6|CFFIHE_04369	MF6	CFFIHE_04369	True	True	8
MF6|CFFIHE_04371	MF6	CFFIHE_04371	True	True	6
MF6|CFFIHE_04372	MF6	CFFIHE_04372	True	True	7
MF6|CFFIHE_04373	MF6	CFFIHE_04373	True	True	7
MF6|CFFIHE_04374	MF6	CFFIHE_04374	True	True	10
MF6|CFFIHE_04375	MF6	CFFIHE_04375	True	True	9
MF6|CFFIHE_04376	MF6	CFFIHE_04376	False	False	2
MF7|EFEKAH_00002	MF7	EFEKAH_00002	True	True	6
MF7|EFEKAH_00003	MF7	EFEKAH_00003	True	True	3
MF7|EFEKAH_00006	MF7	EFEKAH_00006	True	True	7
MF7|EFEKAH_00007	MF7	EFEKAH_00007	True	True	6
MF7|EFEKAH_00008	MF7	EFEKAH_00008	True	True	9
MF7|EFEKAH_00009	MF7	EFEKAH_00009	True	True	9
MF7|EFEKAH_00010	MF7	EFEKAH_00010	True	True	6
MF7|EFEKAH_00011	MF7	EFEKAH_00011	True	True	7
MF7|EFEKAH_00012	MF7	EFEKAH_00012	True	True	5
MF7|EFEKAH_00013	MF7	EFEKAH_00013	True	True	10
MF7|EFEKAH_00014	MF7	EFEKAH_00014	True	True	5
MF7|EFEKAH_00015	MF7	EFEKAH_00015	True	True	7
MF7|EFEKAH_00016	MF7	EFEKAH_00016	True	True	3
MF7|EFEKAH_00017	MF7	EFEKAH_00017	True	True	10
MF7|EFEKAH_00018	MF7	EFEKAH_00018	True	True	9
MF7|EFEKAH_00019	MF7	EFEKAH_00019	True	True	6
MF7|EFEKAH_00020	MF7	EFEKAH_00020	True	True	6
MF7|EFEKAH_00021	MF7	EFEKAH_00021	True	True	6
MF7|EFEKAH_00022	MF7	EFEKAH_00022	True	True	7
MF7|EFEKAH_00023	MF7	EFEKAH_00023	True	True	1
MF7|EFEKAH_00024	MF7	EFEKAH_00024	True	True	1
MF7|EFEKAH_00025	MF7	EFEKAH_00025	True	True	5
MF7|EFEKAH_00026	MF7	EFEKAH_00026	True	True	4
MF7|EFEKAH_00027	MF7	EFEKAH_00027	True	True	5
MF7|EFEKAH_00028	MF7	EFEKAH_00028	True	True	7
MF7|EFEKAH_00030	MF7	EFEKAH_00030	True	True	3
MF7|EFEKAH_00031	MF7	EFEKAH_00031	True	True	6
MF7|EFEKAH_00032	MF7	EFEKAH_00032	True	True	4
MF7|EFEKAH_00034	MF7	EFEKAH_00034	False	False	1
MF7|EFEKAH_00037	MF7	EFEKAH_00037	True	True	2
MF7|EFEKAH_00038	MF7	EFEKAH_00038	True	True	2
MF7|EFEKAH_00039	MF7	EFEKAH_00039	True	True	5
MF7|EFEKAH_00042	MF7	EFEKAH_00042	True	True	6
MF7|EFEKAH_00043	MF7	EFEKAH_00043	True	True	5
MF7|EFEKAH_00045	MF7	EFEKAH_00045	True	True	6
MF7|EFEKAH_00046	MF7	EFEKAH_00046	True	True	7
MF7|EFEKAH_00047	MF7	EFEKAH_00047	True	True	10
MF7|EFEKAH_00048	MF7	EFEKAH_00048	True	True	6
MF7|EFEKAH_00049	MF7	EFEKAH_00049	True	True	3
MF7|EFEKAH_00050	MF7	EFEKAH_00050	True	True	7
MF7|EFEKAH_00051	MF7	EFEKAH_00051	True	True	2
MF7|EFEKAH_00052	MF7	EFEKAH_00052	True	True	8
MF7|EFEKAH_00053	MF7	EFEKAH_00053	True	True	7
MF7|EFEKAH_00054	MF7	EFEKAH_00054	True	True	4
MF7|EFEKAH_00055	MF7	EFEKAH_00055	True	True	4
MF7|EFEKAH_00056	MF7	EFEKAH_00056	True	True	7
MF7|EFEKAH_00057	MF7	EFEKAH_00057	True	True	6
MF7|EFEKAH_00058	MF7	EFEKAH_00058	False	False	1
MF7|EFEKAH_00060	MF7	EFEKAH_00060	True	True	11
MF7|EFEKAH_00061	MF7	EFEKAH_00061	True	True	10
MF7|EFEKAH_00063	MF7	EFEKAH_00063	True	True	5
MF7|EFEKAH_00064	MF7	EFEKAH_00064	True	True	4
MF7|EFEKAH_00066	MF7	EFEKAH_00066	True	True	8
MF7|EFEKAH_00067	MF7	EFEKAH_00067	True	True	11
MF7|EFEKAH_00068	MF7	EFEKAH_00068	True	True	7
MF7|EFEKAH_00069	MF7	EFEKAH_00069	True	True	2
MF7|EFEKAH_00070	MF7	EFEKAH_00070	True	True	6
MF7|EFEKAH_00071	MF7	EFEKAH_00071	True	True	6
MF7|EFEKAH_00072	MF7	EFEKAH_00072	True	False	1
MF7|EFEKAH_00073	MF7	EFEKAH_00073	True	False	3
MF7|EFEKAH_00074	MF7	EFEKAH_00074	True	True	5
MF7|EFEKAH_00075	MF7	EFEKAH_00075	True	True	8
MF7|EFEKAH_00076	MF7	EFEKAH_00076	True	True	7
MF7|EFEKAH_00077	MF7	EFEKAH_00077	True	True	5
MF7|EFEKAH_00078	MF7	EFEKAH_00078	True	True	9
MF7|EFEKAH_00079	MF7	EFEKAH_00079	True	True	4
MF7|EFEKAH_00080	MF7	EFEKAH_00080	True	True	5
MF7|EFEKAH_00081	MF7	EFEKAH_00081	True	True	3
MF7|EFEKAH_00082	MF7	EFEKAH_00082	True	True	6
MF7|EFEKAH_00084	MF7	EFEKAH_00084	True	True	10
MF7|EFEKAH_00085	MF7	EFEKAH_00085	True	True	10
MF7|EFEKAH_00086	MF7	EFEKAH_00086	True	True	4
MF7|EFEKAH_00087	MF7	EFEKAH_00087	True	True	4
MF7|EFEKAH_00088	MF7	EFEKAH_00088	True	True	6
MF7|EFEKAH_00089	MF7	EFEKAH_00089	True	True	5
MF7|EFEKAH_00090	MF7	EFEKAH_00090	True	True	4
MF7|EFEKAH_00091	MF7	EFEKAH_00091	True	True	8
MF7|EFEKAH_00092	MF7	EFEKAH_00092	True	True	10
MF7|EFEKAH_00093	MF7	EFEKAH_00093	True	True	6
MF7|EFEKAH_00094	MF7	EFEKAH_00094	True	True	6
MF7|EFEKAH_00095	MF7	EFEKAH_00095	True	True	6
MF7|EFEKAH_00096	MF7	EFEKAH_00096	True	True	5
MF7|EFEKAH_00097	MF7	EFEKAH_00097	True	True	7
MF7|EFEKAH_00098	MF7	EFEKAH_00098	True	True	9
MF7|EFEKAH_00099	MF7	EFEKAH_00099	True	True	8
MF7|EFEKAH_00100	MF7	EFEKAH_00100	False	False	1
MF7|EFEKAH_00103	MF7	EFEKAH_00103	True	True	6
MF7|EFEKAH_00104	MF7	EFEKAH_00104	True	True	7
MF7|EFEKAH_00105	MF7	EFEKAH_00105	True	True	4
MF7|EFEKAH_00106	MF7	EFEKAH_00106	True	True	4
MF7|EFEKAH_00107	MF7	EFEKAH_00107	True	True	5
MF7|EFEKAH_00108	MF7	EFEKAH_00108	True	True	7
MF7|EFEKAH_00109	MF7	EFEKAH_00109	True	True	4
MF7|EFEKAH_00110	MF7	EFEKAH_00110	True	True	5
MF7|EFEKAH_00111	MF7	EFEKAH_00111	True	True	7
MF7|EFEKAH_00112	MF7	EFEKAH_00112	True	True	9
MF7|EFEKAH_00113	MF7	EFEKAH_00113	True	True	5
MF7|EFEKAH_00114	MF7	EFEKAH_00114	True	True	7
MF7|EFEKAH_00115	MF7	EFEKAH_00115	True	True	5
MF7|EFEKAH_00116	MF7	EFEKAH_00116	True	True	2
MF7|EFEKAH_00117	MF7	EFEKAH_00117	True	True	9
MF7|EFEKAH_00119	MF7	EFEKAH_00119	True	True	2
MF7|EFEKAH_00120	MF7	EFEKAH_00120	True	True	7
MF7|EFEKAH_00121	MF7	EFEKAH_00121	False	False	1
MF7|EFEKAH_00122	MF7	EFEKAH_00122	True	True	4
MF7|EFEKAH_00123	MF7	EFEKAH_00123	True	True	7
MF7|EFEKAH_00124	MF7	EFEKAH_00124	True	True	4
MF7|EFEKAH_00125	MF7	EFEKAH_00125	True	True	7
MF7|EFEKAH_00127	MF7	EFEKAH_00127	True	True	2
MF7|EFEKAH_00128	MF7	EFEKAH_00128	True	True	5
MF7|EFEKAH_00129	MF7	EFEKAH_00129	True	True	6
MF7|EFEKAH_00130	MF7	EFEKAH_00130	True	True	4
MF7|EFEKAH_00131	MF7	EFEKAH_00131	True	True	3
MF7|EFEKAH_00132	MF7	EFEKAH_00132	True	True	3
MF7|EFEKAH_00133	MF7	EFEKAH_00133	True	True	5
MF7|EFEKAH_00134	MF7	EFEKAH_00134	True	True	4
MF7|EFEKAH_00135	MF7	EFEKAH_00135	True	True	5
MF7|EFEKAH_00136	MF7	EFEKAH_00136	True	True	6
MF7|EFEKAH_00137	MF7	EFEKAH_00137	True	True	5
MF7|EFEKAH_00139	MF7	EFEKAH_00139	True	True	5
MF7|EFEKAH_00140	MF7	EFEKAH_00140	True	True	5
MF7|EFEKAH_00141	MF7	EFEKAH_00141	False	False	1
MF7|EFEKAH_00142	MF7	EFEKAH_00142	True	True	2
MF7|EFEKAH_00144	MF7	EFEKAH_00144	True	True	2
MF7|EFEKAH_00146	MF7	EFEKAH_00146	True	True	2
MF7|EFEKAH_00148	MF7	EFEKAH_00148	True	True	1
MF7|EFEKAH_00149	MF7	EFEKAH_00149	False	False	1
MF7|EFEKAH_00150	MF7	EFEKAH_00150	True	True	2
MF7|EFEKAH_00151	MF7	EFEKAH_00151	True	True	2
MF7|EFEKAH_00154	MF7	EFEKAH_00154	True	True	9
MF7|EFEKAH_00155	MF7	EFEKAH_00155	True	True	9
MF7|EFEKAH_00156	MF7	EFEKAH_00156	True	True	4
MF7|EFEKAH_00157	MF7	EFEKAH_00157	True	True	6
MF7|EFEKAH_00158	MF7	EFEKAH_00158	True	True	2
MF7|EFEKAH_00159	MF7	EFEKAH_00159	True	True	2
MF7|EFEKAH_00160	MF7	EFEKAH_00160	True	True	11
MF7|EFEKAH_00162	MF7	EFEKAH_00162	True	True	8
MF7|EFEKAH_00163	MF7	EFEKAH_00163	True	True	3
MF7|EFEKAH_00164	MF7	EFEKAH_00164	False	False	1
MF7|EFEKAH_00166	MF7	EFEKAH_00166	True	True	9
MF7|EFEKAH_00167	MF7	EFEKAH_00167	True	True	7
MF7|EFEKAH_00168	MF7	EFEKAH_00168	True	True	11
MF7|EFEKAH_00169	MF7	EFEKAH_00169	True	True	8
MF7|EFEKAH_00172	MF7	EFEKAH_00172	True	True	5
MF7|EFEKAH_00174	MF7	EFEKAH_00174	True	True	10
MF7|EFEKAH_00175	MF7	EFEKAH_00175	True	True	8
MF7|EFEKAH_00176	MF7	EFEKAH_00176	True	True	4
MF7|EFEKAH_00177	MF7	EFEKAH_00177	True	True	7
MF7|EFEKAH_00178	MF7	EFEKAH_00178	True	True	9
MF7|EFEKAH_00180	MF7	EFEKAH_00180	False	False	1
MF7|EFEKAH_00182	MF7	EFEKAH_00182	True	True	2
MF7|EFEKAH_00183	MF7	EFEKAH_00183	True	True	6
MF7|EFEKAH_00184	MF7	EFEKAH_00184	True	True	4
MF7|EFEKAH_00185	MF7	EFEKAH_00185	True	True	4
MF7|EFEKAH_00186	MF7	EFEKAH_00186	True	True	6
MF7|EFEKAH_00187	MF7	EFEKAH_00187	True	True	9
MF7|EFEKAH_00188	MF7	EFEKAH_00188	True	True	9
MF7|EFEKAH_00189	MF7	EFEKAH_00189	True	True	3
MF7|EFEKAH_00191	MF7	EFEKAH_00191	True	True	7
MF7|EFEKAH_00192	MF7	EFEKAH_00192	True	True	5
MF7|EFEKAH_00193	MF7	EFEKAH_00193	True	True	6
MF7|EFEKAH_00195	MF7	EFEKAH_00195	True	True	9
MF7|EFEKAH_00196	MF7	EFEKAH_00196	True	True	9
MF7|EFEKAH_00198	MF7	EFEKAH_00198	True	True	8
MF7|EFEKAH_00199	MF7	EFEKAH_00199	True	True	8
MF7|EFEKAH_00200	MF7	EFEKAH_00200	True	True	7
MF7|EFEKAH_00201	MF7	EFEKAH_00201	True	True	5
MF7|EFEKAH_00202	MF7	EFEKAH_00202	True	True	4
MF7|EFEKAH_00203	MF7	EFEKAH_00203	True	True	1
MF7|EFEKAH_00204	MF7	EFEKAH_00204	True	True	7
MF7|EFEKAH_00205	MF7	EFEKAH_00205	True	True	7
MF7|EFEKAH_00206	MF7	EFEKAH_00206	True	True	7
MF7|EFEKAH_00207	MF7	EFEKAH_00207	True	True	7
MF7|EFEKAH_00208	MF7	EFEKAH_00208	True	True	10
MF7|EFEKAH_00209	MF7	EFEKAH_00209	True	True	1
MF7|EFEKAH_00210	MF7	EFEKAH_00210	False	False	1
MF7|EFEKAH_00211	MF7	EFEKAH_00211	True	True	6
MF7|EFEKAH_00212	MF7	EFEKAH_00212	True	True	6
MF7|EFEKAH_00213	MF7	EFEKAH_00213	True	True	8
MF7|EFEKAH_00214	MF7	EFEKAH_00214	True	True	2
MF7|EFEKAH_00215	MF7	EFEKAH_00215	True	True	2
MF7|EFEKAH_00216	MF7	EFEKAH_00216	True	True	5
MF7|EFEKAH_00217	MF7	EFEKAH_00217	True	True	2
MF7|EFEKAH_00218	MF7	EFEKAH_00218	True	True	5
MF7|EFEKAH_00219	MF7	EFEKAH_00219	True	True	2
MF7|EFEKAH_00220	MF7	EFEKAH_00220	True	True	5
MF7|EFEKAH_00221	MF7	EFEKAH_00221	True	True	3
MF7|EFEKAH_00222	MF7	EFEKAH_00222	True	True	2
MF7|EFEKAH_00223	MF7	EFEKAH_00223	True	True	7
MF7|EFEKAH_00224	MF7	EFEKAH_00224	True	True	7
MF7|EFEKAH_00225	MF7	EFEKAH_00225	False	False	1
MF7|EFEKAH_00226	MF7	EFEKAH_00226	True	True	8
MF7|EFEKAH_00227	MF7	EFEKAH_00227	True	True	9
MF7|EFEKAH_00228	MF7	EFEKAH_00228	True	True	4
MF7|EFEKAH_00229	MF7	EFEKAH_00229	True	True	7
MF7|EFEKAH_00230	MF7	EFEKAH_00230	True	True	10
MF7|EFEKAH_00231	MF7	EFEKAH_00231	True	True	6
MF7|EFEKAH_00232	MF7	EFEKAH_00232	True	False	3
MF7|EFEKAH_00233	MF7	EFEKAH_00233	True	True	6
MF7|EFEKAH_00234	MF7	EFEKAH_00234	True	True	6
MF7|EFEKAH_00235	MF7	EFEKAH_00235	True	True	7
MF7|EFEKAH_00236	MF7	EFEKAH_00236	True	True	7
MF7|EFEKAH_00237	MF7	EFEKAH_00237	True	True	7
MF7|EFEKAH_00238	MF7	EFEKAH_00238	True	True	6
MF7|EFEKAH_00239	MF7	EFEKAH_00239	True	True	5
MF7|EFEKAH_00240	MF7	EFEKAH_00240	True	True	8
MF7|EFEKAH_00241	MF7	EFEKAH_00241	True	True	2
MF7|EFEKAH_00242	MF7	EFEKAH_00242	True	True	6
MF7|EFEKAH_00243	MF7	EFEKAH_00243	True	True	5
MF7|EFEKAH_00244	MF7	EFEKAH_00244	True	True	5
MF7|EFEKAH_00245	MF7	EFEKAH_00245	True	True	5
MF7|EFEKAH_00246	MF7	EFEKAH_00246	True	True	6
MF7|EFEKAH_00247	MF7	EFEKAH_00247	True	True	5
MF7|EFEKAH_00248	MF7	EFEKAH_00248	True	True	5
MF7|EFEKAH_00249	MF7	EFEKAH_00249	True	True	7
MF7|EFEKAH_00250	MF7	EFEKAH_00250	True	True	2
MF7|EFEKAH_00251	MF7	EFEKAH_00251	True	True	6
MF7|EFEKAH_00252	MF7	EFEKAH_00252	True	True	8
MF7|EFEKAH_00253	MF7	EFEKAH_00253	True	True	2
MF7|EFEKAH_00254	MF7	EFEKAH_00254	True	True	8
MF7|EFEKAH_07038	MF7	EFEKAH_07038	True	True	5
MF7|EFEKAH_07039	MF7	EFEKAH_07039	True	True	8
MF7|EFEKAH_07040	MF7	EFEKAH_07040	True	True	9
MF7|EFEKAH_07041	MF7	EFEKAH_07041	True	True	6
MF7|EFEKAH_07042	MF7	EFEKAH_07042	True	True	6
MF7|EFEKAH_07043	MF7	EFEKAH_07043	True	True	6
MF7|EFEKAH_07044	MF7	EFEKAH_07044	True	True	8
MF7|EFEKAH_07045	MF7	EFEKAH_07045	True	True	5
MF7|EFEKAH_07046	MF7	EFEKAH_07046	True	True	2
MF7|EFEKAH_07048	MF7	EFEKAH_07048	True	False	2
MF7|EFEKAH_07049	MF7	EFEKAH_07049	True	False	1
MF7|EFEKAH_07050	MF7	EFEKAH_07050	True	True	6
MF7|EFEKAH_07052	MF7	EFEKAH_07052	True	True	4
MF7|EFEKAH_07053	MF7	EFEKAH_07053	True	True	7
MF7|EFEKAH_07054	MF7	EFEKAH_07054	True	True	1
MF7|EFEKAH_07055	MF7	EFEKAH_07055	True	True	4
MF7|EFEKAH_07056	MF7	EFEKAH_07056	True	True	10
MF7|EFEKAH_07057	MF7	EFEKAH_07057	True	True	8
MF7|EFEKAH_07058	MF7	EFEKAH_07058	True	True	5
MF7|EFEKAH_07059	MF7	EFEKAH_07059	True	True	6
MF7|EFEKAH_07060	MF7	EFEKAH_07060	True	True	6
MF7|EFEKAH_07061	MF7	EFEKAH_07061	True	True	5
MF7|EFEKAH_07062	MF7	EFEKAH_07062	True	True	5
MF7|EFEKAH_07063	MF7	EFEKAH_07063	True	False	1
MF7|EFEKAH_07065	MF7	EFEKAH_07065	True	True	2
MF7|EFEKAH_07066	MF7	EFEKAH_07066	True	True	8
MF7|EFEKAH_07067	MF7	EFEKAH_07067	True	True	6
MF7|EFEKAH_07068	MF7	EFEKAH_07068	True	True	6
MF7|EFEKAH_07069	MF7	EFEKAH_07069	True	True	12
MF7|EFEKAH_07070	MF7	EFEKAH_07070	True	True	8
MF7|EFEKAH_07071	MF7	EFEKAH_07071	True	True	7
MF7|EFEKAH_07072	MF7	EFEKAH_07072	True	True	3
MF7|EFEKAH_07073	MF7	EFEKAH_07073	True	True	3
MF7|EFEKAH_07074	MF7	EFEKAH_07074	True	True	2
MF7|EFEKAH_07075	MF7	EFEKAH_07075	True	True	6
MF7|EFEKAH_07076	MF7	EFEKAH_07076	True	True	8
MF7|EFEKAH_07078	MF7	EFEKAH_07078	True	True	6
MF7|EFEKAH_07079	MF7	EFEKAH_07079	False	False	1
MF7|EFEKAH_07080	MF7	EFEKAH_07080	False	False	1
MF7|EFEKAH_07081	MF7	EFEKAH_07081	True	True	1
MF7|EFEKAH_07082	MF7	EFEKAH_07082	True	True	1
MF7|EFEKAH_07083	MF7	EFEKAH_07083	True	True	1
MF7|EFEKAH_07084	MF7	EFEKAH_07084	True	True	7
MF7|EFEKAH_07085	MF7	EFEKAH_07085	True	True	5
MF7|EFEKAH_07086	MF7	EFEKAH_07086	True	True	2
MF7|EFEKAH_07089	MF7	EFEKAH_07089	True	True	5
MF7|EFEKAH_07090	MF7	EFEKAH_07090	True	True	7
MF7|EFEKAH_07091	MF7	EFEKAH_07091	True	True	4
MF7|EFEKAH_07092	MF7	EFEKAH_07092	True	True	7
MF7|EFEKAH_07093	MF7	EFEKAH_07093	True	True	8
MF7|EFEKAH_07094	MF7	EFEKAH_07094	True	True	5
MF7|EFEKAH_07095	MF7	EFEKAH_07095	True	True	7
MF7|EFEKAH_07096	MF7	EFEKAH_07096	True	True	12
MF7|EFEKAH_07097	MF7	EFEKAH_07097	False	False	1
MF7|EFEKAH_07098	MF7	EFEKAH_07098	True	True	5
MF7|EFEKAH_07099	MF7	EFEKAH_07099	True	True	6
MF7|EFEKAH_07100	MF7	EFEKAH_07100	True	True	6
MF7|EFEKAH_07101	MF7	EFEKAH_07101	True	True	2
MF7|EFEKAH_07102	MF7	EFEKAH_07102	True	True	1
MF7|EFEKAH_07104	MF7	EFEKAH_07104	True	True	8
MF7|EFEKAH_07105	MF7	EFEKAH_07105	True	True	4
MF7|EFEKAH_07106	MF7	EFEKAH_07106	True	True	7
MF7|EFEKAH_07107	MF7	EFEKAH_07107	True	False	1
MF7|EFEKAH_07108	MF7	EFEKAH_07108	True	True	7
MF7|EFEKAH_07109	MF7	EFEKAH_07109	True	True	3
MF7|EFEKAH_07110	MF7	EFEKAH_07110	True	True	11
MF7|EFEKAH_07111	MF7	EFEKAH_07111	False	False	1
MF7|EFEKAH_07112	MF7	EFEKAH_07112	True	True	5
MF7|EFEKAH_07113	MF7	EFEKAH_07113	True	True	10
MF7|EFEKAH_07115	MF7	EFEKAH_07115	True	True	7
MF7|EFEKAH_07116	MF7	EFEKAH_07116	True	True	6
MF7|EFEKAH_07117	MF7	EFEKAH_07117	True	True	5
MF7|EFEKAH_07118	MF7	EFEKAH_07118	True	True	5
MF7|EFEKAH_07119	MF7	EFEKAH_07119	True	True	4
MF7|EFEKAH_07120	MF7	EFEKAH_07120	True	True	4
MF7|EFEKAH_07121	MF7	EFEKAH_07121	True	True	5
MF7|EFEKAH_07122	MF7	EFEKAH_07122	True	True	5
MF7|EFEKAH_07123	MF7	EFEKAH_07123	True	True	10
MF7|EFEKAH_07124	MF7	EFEKAH_07124	True	True	9
MF7|EFEKAH_07125	MF7	EFEKAH_07125	True	True	4
MF7|EFEKAH_07126	MF7	EFEKAH_07126	True	True	3
MF7|EFEKAH_07127	MF7	EFEKAH_07127	True	True	11
MF7|EFEKAH_07128	MF7	EFEKAH_07128	True	True	6
MF7|EFEKAH_07129	MF7	EFEKAH_07129	True	True	5
MF7|EFEKAH_07130	MF7	EFEKAH_07130	True	True	5
MF7|EFEKAH_07131	MF7	EFEKAH_07131	True	True	8
MF7|EFEKAH_07132	MF7	EFEKAH_07132	True	True	2
MF7|EFEKAH_07133	MF7	EFEKAH_07133	False	False	1
MF7|EFEKAH_07134	MF7	EFEKAH_07134	True	True	11
MF7|EFEKAH_07135	MF7	EFEKAH_07135	True	True	4
MF7|EFEKAH_07136	MF7	EFEKAH_07136	True	True	2
MF7|EFEKAH_07137	MF7	EFEKAH_07137	True	True	3
MF7|EFEKAH_07138	MF7	EFEKAH_07138	True	True	8
MF7|EFEKAH_07139	MF7	EFEKAH_07139	True	True	6
MF7|EFEKAH_07140	MF7	EFEKAH_07140	True	True	5
MF7|EFEKAH_07141	MF7	EFEKAH_07141	True	True	7
MF7|EFEKAH_07142	MF7	EFEKAH_07142	False	False	1
MF7|EFEKAH_07144	MF7	EFEKAH_07144	False	False	1
MF7|EFEKAH_07146	MF7	EFEKAH_07146	False	False	1
MF7|EFEKAH_07147	MF7	EFEKAH_07147	True	True	3
MF7|EFEKAH_07148	MF7	EFEKAH_07148	True	True	9
MF7|EFEKAH_07149	MF7	EFEKAH_07149	True	True	2
MF7|EFEKAH_07150	MF7	EFEKAH_07150	True	True	4
MF7|EFEKAH_07151	MF7	EFEKAH_07151	True	True	1
MF7|EFEKAH_07152	MF7	EFEKAH_07152	True	True	13
MF7|EFEKAH_07153	MF7	EFEKAH_07153	True	True	10
MF7|EFEKAH_07154	MF7	EFEKAH_07154	True	True	8
MF7|EFEKAH_07155	MF7	EFEKAH_07155	True	True	3
MF7|EFEKAH_07156	MF7	EFEKAH_07156	True	True	2
MF7|EFEKAH_07157	MF7	EFEKAH_07157	False	False	1
MF7|EFEKAH_07158	MF7	EFEKAH_07158	True	True	1
MF7|EFEKAH_07159	MF7	EFEKAH_07159	True	True	7
MF7|EFEKAH_07160	MF7	EFEKAH_07160	True	True	3
MF7|EFEKAH_07162	MF7	EFEKAH_07162	True	True	2
MF7|EFEKAH_07163	MF7	EFEKAH_07163	False	False	1
MF7|EFEKAH_07164	MF7	EFEKAH_07164	True	True	7
MF7|EFEKAH_07165	MF7	EFEKAH_07165	True	True	6
MF7|EFEKAH_07166	MF7	EFEKAH_07166	True	True	8
MF7|EFEKAH_07167	MF7	EFEKAH_07167	True	True	8
MF7|EFEKAH_07168	MF7	EFEKAH_07168	True	True	10
MF7|EFEKAH_07169	MF7	EFEKAH_07169	True	True	8
MF7|EFEKAH_07170	MF7	EFEKAH_07170	True	True	8
MF7|EFEKAH_07171	MF7	EFEKAH_07171	True	True	2
MF7|EFEKAH_07172	MF7	EFEKAH_07172	True	True	4
MF7|EFEKAH_07173	MF7	EFEKAH_07173	True	True	7
MF7|EFEKAH_07175	MF7	EFEKAH_07175	True	True	3
MF7|EFEKAH_07176	MF7	EFEKAH_07176	True	True	1
MF7|EFEKAH_07177	MF7	EFEKAH_07177	True	True	8
MF7|EFEKAH_07178	MF7	EFEKAH_07178	True	True	6
MF7|EFEKAH_07179	MF7	EFEKAH_07179	True	True	5
MF7|EFEKAH_07180	MF7	EFEKAH_07180	True	True	5
MF7|EFEKAH_07181	MF7	EFEKAH_07181	True	True	6
MF7|EFEKAH_07182	MF7	EFEKAH_07182	True	True	6
MF7|EFEKAH_07183	MF7	EFEKAH_07183	True	True	7
MF7|EFEKAH_07184	MF7	EFEKAH_07184	True	True	4
MF7|EFEKAH_07185	MF7	EFEKAH_07185	True	True	8
MF7|EFEKAH_07186	MF7	EFEKAH_07186	True	True	7
MF7|EFEKAH_07187	MF7	EFEKAH_07187	True	True	7
MF7|EFEKAH_07189	MF7	EFEKAH_07189	True	True	5
MF7|EFEKAH_07190	MF7	EFEKAH_07190	True	True	5
MF7|EFEKAH_07192	MF7	EFEKAH_07192	True	True	9
MF7|EFEKAH_07193	MF7	EFEKAH_07193	True	True	6
MF7|EFEKAH_07194	MF7	EFEKAH_07194	True	True	7
MF7|EFEKAH_07195	MF7	EFEKAH_07195	True	True	6
MF7|EFEKAH_07196	MF7	EFEKAH_07196	True	True	9
MF7|EFEKAH_07197	MF7	EFEKAH_07197	True	True	9
MF7|EFEKAH_07198	MF7	EFEKAH_07198	True	True	5
MF7|EFEKAH_07199	MF7	EFEKAH_07199	True	True	7
MF7|EFEKAH_07200	MF7	EFEKAH_07200	True	True	5
MF7|EFEKAH_07201	MF7	EFEKAH_07201	True	True	7
MF7|EFEKAH_07202	MF7	EFEKAH_07202	True	True	6
MF7|EFEKAH_07203	MF7	EFEKAH_07203	True	True	6
MF7|EFEKAH_07205	MF7	EFEKAH_07205	True	True	6
MF7|EFEKAH_07207	MF7	EFEKAH_07207	True	True	9
MF7|EFEKAH_07208	MF7	EFEKAH_07208	True	True	8
MF7|EFEKAH_07209	MF7	EFEKAH_07209	True	True	8
MF7|EFEKAH_07210	MF7	EFEKAH_07210	True	True	3
MF7|EFEKAH_07211	MF7	EFEKAH_07211	True	True	2
MF7|EFEKAH_07212	MF7	EFEKAH_07212	True	True	2
MF7|EFEKAH_07213	MF7	EFEKAH_07213	True	True	3
MF7|EFEKAH_07215	MF7	EFEKAH_07215	True	True	8
MF7|EFEKAH_07216	MF7	EFEKAH_07216	False	False	1
MF7|EFEKAH_07217	MF7	EFEKAH_07217	True	True	6
MF7|EFEKAH_07218	MF7	EFEKAH_07218	True	True	8
MF7|EFEKAH_07219	MF7	EFEKAH_07219	True	True	7
MF7|EFEKAH_07220	MF7	EFEKAH_07220	True	True	8
MF7|EFEKAH_07223	MF7	EFEKAH_07223	True	True	4
MF7|EFEKAH_07224	MF7	EFEKAH_07224	False	False	1
MF7|EFEKAH_07225	MF7	EFEKAH_07225	True	True	4
MF7|EFEKAH_07226	MF7	EFEKAH_07226	True	True	5
MF7|EFEKAH_07227	MF7	EFEKAH_07227	True	True	5
MF7|EFEKAH_07228	MF7	EFEKAH_07228	True	True	3
MF7|EFEKAH_07229	MF7	EFEKAH_07229	True	True	2
MF7|EFEKAH_07230	MF7	EFEKAH_07230	False	False	1
MF7|EFEKAH_07231	MF7	EFEKAH_07231	True	True	2
MF7|EFEKAH_07233	MF7	EFEKAH_07233	True	True	5
MF7|EFEKAH_07234	MF7	EFEKAH_07234	True	True	7
MF7|EFEKAH_07235	MF7	EFEKAH_07235	True	True	7
MF7|EFEKAH_07236	MF7	EFEKAH_07236	True	True	7
MF7|EFEKAH_07237	MF7	EFEKAH_07237	True	True	8
MF7|EFEKAH_07238	MF7	EFEKAH_07238	True	True	3
MF7|EFEKAH_07239	MF7	EFEKAH_07239	True	True	4
MF7|EFEKAH_07240	MF7	EFEKAH_07240	True	True	4
MF7|EFEKAH_07241	MF7	EFEKAH_07241	True	True	8
MF7|EFEKAH_07242	MF7	EFEKAH_07242	True	True	7
MF7|EFEKAH_07243	MF7	EFEKAH_07243	True	True	4
MF7|EFEKAH_07244	MF7	EFEKAH_07244	True	True	6
MF7|EFEKAH_07245	MF7	EFEKAH_07245	True	True	3
MF7|EFEKAH_07246	MF7	EFEKAH_07246	True	True	7
MF7|EFEKAH_07247	MF7	EFEKAH_07247	True	True	2
MF7|EFEKAH_07248	MF7	EFEKAH_07248	True	True	2
MF7|EFEKAH_07249	MF7	EFEKAH_07249	False	False	1
MF7|EFEKAH_07250	MF7	EFEKAH_07250	True	True	5
MF7|EFEKAH_07251	MF7	EFEKAH_07251	True	True	4
MF7|EFEKAH_07252	MF7	EFEKAH_07252	True	True	9
MF7|EFEKAH_07253	MF7	EFEKAH_07253	True	True	6
MF7|EFEKAH_07254	MF7	EFEKAH_07254	True	True	6
MF7|EFEKAH_07255	MF7	EFEKAH_07255	True	True	5
MF7|EFEKAH_07256	MF7	EFEKAH_07256	True	True	5
MF7|EFEKAH_07257	MF7	EFEKAH_07257	True	True	8
MF7|EFEKAH_07258	MF7	EFEKAH_07258	True	True	6
MF7|EFEKAH_07259	MF7	EFEKAH_07259	True	True	1
MF7|EFEKAH_07260	MF7	EFEKAH_07260	True	True	8
MF7|EFEKAH_07261	MF7	EFEKAH_07261	True	True	6
MF7|EFEKAH_07263	MF7	EFEKAH_07263	True	True	10
MF7|EFEKAH_07264	MF7	EFEKAH_07264	False	False	1
MF7|EFEKAH_07265	MF7	EFEKAH_07265	True	True	5
MF7|EFEKAH_07266	MF7	EFEKAH_07266	True	True	5
MF7|EFEKAH_07267	MF7	EFEKAH_07267	True	True	4
MF7|EFEKAH_07268	MF7	EFEKAH_07268	True	True	6
MF7|EFEKAH_07269	MF7	EFEKAH_07269	True	True	9
MF7|EFEKAH_07270	MF7	EFEKAH_07270	True	True	11
MF7|EFEKAH_07271	MF7	EFEKAH_07271	True	True	7
MF7|EFEKAH_07272	MF7	EFEKAH_07272	True	True	5
MF7|EFEKAH_07273	MF7	EFEKAH_07273	True	True	8
MF7|EFEKAH_07274	MF7	EFEKAH_07274	True	True	4
MF7|EFEKAH_07275	MF7	EFEKAH_07275	True	True	5
MF7|EFEKAH_07276	MF7	EFEKAH_07276	True	True	6
MF7|EFEKAH_07277	MF7	EFEKAH_07277	True	True	5
MF7|EFEKAH_07278	MF7	EFEKAH_07278	True	True	3
MF7|EFEKAH_07279	MF7	EFEKAH_07279	True	True	3
MF7|EFEKAH_07280	MF7	EFEKAH_07280	True	True	7
MF7|EFEKAH_07281	MF7	EFEKAH_07281	True	True	7
MF7|EFEKAH_07282	MF7	EFEKAH_07282	True	True	6
MF7|EFEKAH_07283	MF7	EFEKAH_07283	True	True	7
MF7|EFEKAH_07284	MF7	EFEKAH_07284	True	True	6
MF7|EFEKAH_07285	MF7	EFEKAH_07285	True	True	6
MF7|EFEKAH_07286	MF7	EFEKAH_07286	True	True	6
MF7|EFEKAH_07287	MF7	EFEKAH_07287	True	True	6
MF7|EFEKAH_07288	MF7	EFEKAH_07288	True	True	7
MF7|EFEKAH_07289	MF7	EFEKAH_07289	True	True	7
MF7|EFEKAH_07290	MF7	EFEKAH_07290	True	True	5
MF7|EFEKAH_07291	MF7	EFEKAH_07291	True	True	7
MF7|EFEKAH_07292	MF7	EFEKAH_07292	True	True	9
MF7|EFEKAH_07293	MF7	EFEKAH_07293	True	True	8
MF7|EFEKAH_07294	MF7	EFEKAH_07294	True	True	8
MF7|EFEKAH_07295	MF7	EFEKAH_07295	True	True	9
MF7|EFEKAH_07296	MF7	EFEKAH_07296	True	True	4
MF7|EFEKAH_07297	MF7	EFEKAH_07297	True	True	9
MF7|EFEKAH_07298	MF7	EFEKAH_07298	True	True	9
MF7|EFEKAH_07299	MF7	EFEKAH_07299	True	True	7
MF7|EFEKAH_07300	MF7	EFEKAH_07300	True	True	5
MF7|EFEKAH_07301	MF7	EFEKAH_07301	True	True	3
MF7|EFEKAH_07302	MF7	EFEKAH_07302	True	True	6
MF7|EFEKAH_07303	MF7	EFEKAH_07303	True	True	8
MF7|EFEKAH_07304	MF7	EFEKAH_07304	True	True	7
MF7|EFEKAH_07305	MF7	EFEKAH_07305	True	True	4
MF7|EFEKAH_07306	MF7	EFEKAH_07306	True	True	4
MF7|EFEKAH_07307	MF7	EFEKAH_07307	True	True	4
MF7|EFEKAH_07308	MF7	EFEKAH_07308	True	True	6
MF7|EFEKAH_07309	MF7	EFEKAH_07309	True	True	4
MF7|EFEKAH_07310	MF7	EFEKAH_07310	True	True	9
MF7|EFEKAH_07311	MF7	EFEKAH_07311	True	True	7
MF7|EFEKAH_07312	MF7	EFEKAH_07312	True	True	6
MF7|EFEKAH_07313	MF7	EFEKAH_07313	True	True	7
MF7|EFEKAH_07314	MF7	EFEKAH_07314	True	True	10
MF7|EFEKAH_07315	MF7	EFEKAH_07315	True	True	7
MF7|EFEKAH_07316	MF7	EFEKAH_07316	True	True	5
MF7|EFEKAH_07317	MF7	EFEKAH_07317	True	True	5
MF7|EFEKAH_07318	MF7	EFEKAH_07318	True	True	9
MF7|EFEKAH_07319	MF7	EFEKAH_07319	True	True	9
MF7|EFEKAH_07320	MF7	EFEKAH_07320	True	True	7
MF7|EFEKAH_07321	MF7	EFEKAH_07321	True	True	7
MF7|EFEKAH_07322	MF7	EFEKAH_07322	True	True	2
MF7|EFEKAH_07323	MF7	EFEKAH_07323	True	True	7
MF7|EFEKAH_07324	MF7	EFEKAH_07324	True	True	4
MF7|EFEKAH_07325	MF7	EFEKAH_07325	True	True	6
MF7|EFEKAH_07326	MF7	EFEKAH_07326	True	True	7
MF7|EFEKAH_07327	MF7	EFEKAH_07327	True	True	8
MF7|EFEKAH_07328	MF7	EFEKAH_07328	True	True	1
MF7|EFEKAH_07330	MF7	EFEKAH_07330	True	True	5
MF7|EFEKAH_07331	MF7	EFEKAH_07331	True	True	7
MF7|EFEKAH_07332	MF7	EFEKAH_07332	True	True	5
MF7|EFEKAH_07333	MF7	EFEKAH_07333	True	True	7
MF7|EFEKAH_07334	MF7	EFEKAH_07334	True	True	8
MF7|EFEKAH_07335	MF7	EFEKAH_07335	True	True	6
MF7|EFEKAH_07336	MF7	EFEKAH_07336	True	True	4
MF7|EFEKAH_07337	MF7	EFEKAH_07337	True	True	9
MF7|EFEKAH_07338	MF7	EFEKAH_07338	True	True	9
MF7|EFEKAH_07339	MF7	EFEKAH_07339	True	True	6
MF7|EFEKAH_07341	MF7	EFEKAH_07341	True	True	5
MF7|EFEKAH_07342	MF7	EFEKAH_07342	True	True	4
MF7|EFEKAH_07343	MF7	EFEKAH_07343	True	True	6
MF7|EFEKAH_07344	MF7	EFEKAH_07344	True	True	4
MF7|EFEKAH_07345	MF7	EFEKAH_07345	True	True	5
MF7|EFEKAH_07346	MF7	EFEKAH_07346	True	True	5
MF7|EFEKAH_07347	MF7	EFEKAH_07347	True	True	3
MF7|EFEKAH_07348	MF7	EFEKAH_07348	True	True	9
MF7|EFEKAH_07349	MF7	EFEKAH_07349	True	True	8
MF7|EFEKAH_07350	MF7	EFEKAH_07350	True	True	7
MF7|EFEKAH_07351	MF7	EFEKAH_07351	True	True	5
MF7|EFEKAH_07352	MF7	EFEKAH_07352	True	True	4
MF7|EFEKAH_07353	MF7	EFEKAH_07353	True	True	6
MF7|EFEKAH_07354	MF7	EFEKAH_07354	True	True	9
MF7|EFEKAH_07355	MF7	EFEKAH_07355	True	True	4
MF7|EFEKAH_07356	MF7	EFEKAH_07356	True	True	6
MF7|EFEKAH_07357	MF7	EFEKAH_07357	True	True	5
MF7|EFEKAH_07358	MF7	EFEKAH_07358	True	True	6
MF7|EFEKAH_07359	MF7	EFEKAH_07359	True	True	6
MF7|EFEKAH_07360	MF7	EFEKAH_07360	True	True	4
MF7|EFEKAH_07361	MF7	EFEKAH_07361	True	True	7
MF7|EFEKAH_07362	MF7	EFEKAH_07362	True	True	4
MF7|EFEKAH_07363	MF7	EFEKAH_07363	True	True	3
MF7|EFEKAH_07364	MF7	EFEKAH_07364	True	True	6
MF7|EFEKAH_07365	MF7	EFEKAH_07365	True	True	4
MF7|EFEKAH_07366	MF7	EFEKAH_07366	True	True	6
MF7|EFEKAH_07367	MF7	EFEKAH_07367	True	True	6
MF7|EFEKAH_07368	MF7	EFEKAH_07368	True	True	8
MF7|EFEKAH_07369	MF7	EFEKAH_07369	True	True	4
MF7|EFEKAH_07370	MF7	EFEKAH_07370	True	True	5
MF7|EFEKAH_07372	MF7	EFEKAH_07372	False	False	1
MF7|EFEKAH_07373	MF7	EFEKAH_07373	True	True	10
MF7|EFEKAH_07374	MF7	EFEKAH_07374	True	True	9
MF7|EFEKAH_07375	MF7	EFEKAH_07375	True	True	6
MF7|EFEKAH_07377	MF7	EFEKAH_07377	True	True	3
MF7|EFEKAH_07378	MF7	EFEKAH_07378	True	True	10
MF7|EFEKAH_07379	MF7	EFEKAH_07379	True	True	8
MF7|EFEKAH_07380	MF7	EFEKAH_07380	True	True	9
MF7|EFEKAH_07381	MF7	EFEKAH_07381	True	True	8
MF7|EFEKAH_07382	MF7	EFEKAH_07382	True	True	7
MF7|EFEKAH_07383	MF7	EFEKAH_07383	True	True	8
MF7|EFEKAH_07384	MF7	EFEKAH_07384	True	True	7
MF7|EFEKAH_07385	MF7	EFEKAH_07385	True	True	5
MF7|EFEKAH_07386	MF7	EFEKAH_07386	True	True	9
MF7|EFEKAH_07387	MF7	EFEKAH_07387	True	True	4
MF7|EFEKAH_07388	MF7	EFEKAH_07388	True	True	1
MF7|EFEKAH_07389	MF7	EFEKAH_07389	True	True	6
MF7|EFEKAH_07390	MF7	EFEKAH_07390	True	True	5
MF7|EFEKAH_07391	MF7	EFEKAH_07391	True	True	4
MF7|EFEKAH_07392	MF7	EFEKAH_07392	True	True	10
MF7|EFEKAH_07394	MF7	EFEKAH_07394	True	True	6
MF7|EFEKAH_07395	MF7	EFEKAH_07395	True	True	7
MF7|EFEKAH_07396	MF7	EFEKAH_07396	True	True	4
MF7|EFEKAH_07397	MF7	EFEKAH_07397	True	True	6
MF7|EFEKAH_07398	MF7	EFEKAH_07398	True	True	8
MF7|EFEKAH_07399	MF7	EFEKAH_07399	True	True	11
MF7|EFEKAH_07400	MF7	EFEKAH_07400	True	True	8
MF7|EFEKAH_07401	MF7	EFEKAH_07401	True	True	6
MF7|EFEKAH_07402	MF7	EFEKAH_07402	True	True	6
MF7|EFEKAH_07403	MF7	EFEKAH_07403	True	True	6
MF7|EFEKAH_07405	MF7	EFEKAH_07405	True	True	7
MF7|EFEKAH_07406	MF7	EFEKAH_07406	True	True	4
MF7|EFEKAH_07407	MF7	EFEKAH_07407	False	False	1
MF7|EFEKAH_07408	MF7	EFEKAH_07408	True	True	3
MF7|EFEKAH_07409	MF7	EFEKAH_07409	True	True	6
MF7|EFEKAH_07410	MF7	EFEKAH_07410	True	False	1
MF7|EFEKAH_07411	MF7	EFEKAH_07411	True	True	7
MF7|EFEKAH_07412	MF7	EFEKAH_07412	True	True	6
MF7|EFEKAH_07413	MF7	EFEKAH_07413	True	True	7
MF7|EFEKAH_07414	MF7	EFEKAH_07414	True	True	7
MF7|EFEKAH_07415	MF7	EFEKAH_07415	True	True	5
MF7|EFEKAH_07416	MF7	EFEKAH_07416	True	True	9
MF7|EFEKAH_07419	MF7	EFEKAH_07419	True	True	4
MF7|EFEKAH_07420	MF7	EFEKAH_07420	True	True	5
MF7|EFEKAH_07421	MF7	EFEKAH_07421	True	True	5
MF7|EFEKAH_07422	MF7	EFEKAH_07422	True	True	8
MF7|EFEKAH_07423	MF7	EFEKAH_07423	True	True	7
MF7|EFEKAH_07424	MF7	EFEKAH_07424	True	True	4
MF7|EFEKAH_07426	MF7	EFEKAH_07426	True	True	4
MF7|EFEKAH_07427	MF7	EFEKAH_07427	True	True	5
MF7|EFEKAH_07428	MF7	EFEKAH_07428	True	True	6
MF7|EFEKAH_07429	MF7	EFEKAH_07429	True	True	7
MF7|EFEKAH_07430	MF7	EFEKAH_07430	True	True	11
MF7|EFEKAH_07431	MF7	EFEKAH_07431	True	True	8
MF7|EFEKAH_07432	MF7	EFEKAH_07432	True	True	10
MF7|EFEKAH_07433	MF7	EFEKAH_07433	True	True	9
MF7|EFEKAH_07434	MF7	EFEKAH_07434	True	True	6
MF7|EFEKAH_07435	MF7	EFEKAH_07435	True	True	6
MF7|EFEKAH_07436	MF7	EFEKAH_07436	True	True	4
MF7|EFEKAH_07437	MF7	EFEKAH_07437	True	True	8
MF7|EFEKAH_07438	MF7	EFEKAH_07438	True	True	3
MF7|EFEKAH_07439	MF7	EFEKAH_07439	True	True	5
MF7|EFEKAH_07440	MF7	EFEKAH_07440	True	True	1
MF7|EFEKAH_07441	MF7	EFEKAH_07441	True	True	2
MF7|EFEKAH_07442	MF7	EFEKAH_07442	True	True	3
MF7|EFEKAH_07443	MF7	EFEKAH_07443	True	True	8
MF7|EFEKAH_07444	MF7	EFEKAH_07444	True	True	5
MF7|EFEKAH_07445	MF7	EFEKAH_07445	True	True	1
MF7|EFEKAH_07446	MF7	EFEKAH_07446	True	True	1
MF7|EFEKAH_07447	MF7	EFEKAH_07447	True	True	1
MF7|EFEKAH_07448	MF7	EFEKAH_07448	True	False	1
MF7|EFEKAH_07449	MF7	EFEKAH_07449	True	True	4
MF7|EFEKAH_07450	MF7	EFEKAH_07450	True	True	4
MF7|EFEKAH_07451	MF7	EFEKAH_07451	True	True	3
MF7|EFEKAH_07452	MF7	EFEKAH_07452	True	True	3
MF7|EFEKAH_07453	MF7	EFEKAH_07453	True	True	1
MF7|EFEKAH_07454	MF7	EFEKAH_07454	True	True	1
MF7|EFEKAH_07455	MF7	EFEKAH_07455	True	True	1
MF7|EFEKAH_07456	MF7	EFEKAH_07456	False	False	1
MF7|EFEKAH_07457	MF7	EFEKAH_07457	True	True	1
MF7|EFEKAH_07458	MF7	EFEKAH_07458	True	True	1
MF7|EFEKAH_07459	MF7	EFEKAH_07459	True	True	6
MF7|EFEKAH_07460	MF7	EFEKAH_07460	True	True	2
MF7|EFEKAH_07461	MF7	EFEKAH_07461	True	True	2
MF7|EFEKAH_07462	MF7	EFEKAH_07462	True	True	2
MF7|EFEKAH_07463	MF7	EFEKAH_07463	True	True	6
MF7|EFEKAH_07464	MF7	EFEKAH_07464	True	True	4
MF7|EFEKAH_07465	MF7	EFEKAH_07465	True	True	6
MF7|EFEKAH_07466	MF7	EFEKAH_07466	True	True	6
MF7|EFEKAH_07467	MF7	EFEKAH_07467	True	True	6
MF7|EFEKAH_07468	MF7	EFEKAH_07468	True	True	1
MF7|EFEKAH_07469	MF7	EFEKAH_07469	True	True	6
MF7|EFEKAH_07470	MF7	EFEKAH_07470	True	True	4
MF7|EFEKAH_07471	MF7	EFEKAH_07471	True	True	6
MF7|EFEKAH_07472	MF7	EFEKAH_07472	True	True	6
MF7|EFEKAH_07473	MF7	EFEKAH_07473	True	True	4
MF7|EFEKAH_07474	MF7	EFEKAH_07474	True	True	6
MF7|EFEKAH_07475	MF7	EFEKAH_07475	True	True	6
MF7|EFEKAH_07476	MF7	EFEKAH_07476	True	True	4
MF7|EFEKAH_07477	MF7	EFEKAH_07477	True	True	5
MF7|EFEKAH_07478	MF7	EFEKAH_07478	True	True	4
MF7|EFEKAH_07479	MF7	EFEKAH_07479	True	True	8
MF7|EFEKAH_07480	MF7	EFEKAH_07480	True	True	5
MF7|EFEKAH_07481	MF7	EFEKAH_07481	True	True	5
MF7|EFEKAH_07482	MF7	EFEKAH_07482	True	True	5
MF7|EFEKAH_07483	MF7	EFEKAH_07483	True	True	4
MF7|EFEKAH_07484	MF7	EFEKAH_07484	True	True	8
MF7|EFEKAH_07485	MF7	EFEKAH_07485	True	True	8
MF7|EFEKAH_07486	MF7	EFEKAH_07486	True	True	7
MF7|EFEKAH_07487	MF7	EFEKAH_07487	True	True	5
MF7|EFEKAH_07488	MF7	EFEKAH_07488	True	True	8
MF7|EFEKAH_07489	MF7	EFEKAH_07489	True	True	6
MF7|EFEKAH_07490	MF7	EFEKAH_07490	True	True	5
MF7|EFEKAH_07491	MF7	EFEKAH_07491	True	True	10
MF7|EFEKAH_07492	MF7	EFEKAH_07492	False	False	1
MF7|EFEKAH_07493	MF7	EFEKAH_07493	True	True	3
MF7|EFEKAH_07494	MF7	EFEKAH_07494	True	True	3
MF7|EFEKAH_07495	MF7	EFEKAH_07495	True	True	5
MF7|EFEKAH_07496	MF7	EFEKAH_07496	False	False	1
MF7|EFEKAH_07497	MF7	EFEKAH_07497	True	True	9
MF7|EFEKAH_07498	MF7	EFEKAH_07498	True	True	6
MF7|EFEKAH_07499	MF7	EFEKAH_07499	True	True	10
MF7|EFEKAH_07500	MF7	EFEKAH_07500	True	True	8
MF7|EFEKAH_07502	MF7	EFEKAH_07502	True	True	6
MF7|EFEKAH_07503	MF7	EFEKAH_07503	True	True	7
MF7|EFEKAH_07504	MF7	EFEKAH_07504	True	True	5
MF7|EFEKAH_07505	MF7	EFEKAH_07505	True	True	6
MF7|EFEKAH_07506	MF7	EFEKAH_07506	True	True	8
MF7|EFEKAH_07507	MF7	EFEKAH_07507	True	True	5
MF7|EFEKAH_07508	MF7	EFEKAH_07508	True	True	5
MF7|EFEKAH_07509	MF7	EFEKAH_07509	True	True	2
MF7|EFEKAH_07510	MF7	EFEKAH_07510	True	True	1
MF7|EFEKAH_07511	MF7	EFEKAH_07511	True	True	4
MF7|EFEKAH_07512	MF7	EFEKAH_07512	True	True	1
MF7|EFEKAH_07516	MF7	EFEKAH_07516	True	True	7
MF7|EFEKAH_07517	MF7	EFEKAH_07517	True	True	6
MF7|EFEKAH_07518	MF7	EFEKAH_07518	True	True	7
MF7|EFEKAH_07519	MF7	EFEKAH_07519	True	True	6
MF7|EFEKAH_07520	MF7	EFEKAH_07520	True	True	9
MF7|EFEKAH_07521	MF7	EFEKAH_07521	True	True	7
MF7|EFEKAH_07522	MF7	EFEKAH_07522	False	False	1
MF7|EFEKAH_07523	MF7	EFEKAH_07523	True	True	5
MF7|EFEKAH_07524	MF7	EFEKAH_07524	True	True	7
MF7|EFEKAH_07525	MF7	EFEKAH_07525	True	True	5
MF7|EFEKAH_07526	MF7	EFEKAH_07526	True	True	10
MF7|EFEKAH_07527	MF7	EFEKAH_07527	True	True	7
MF7|EFEKAH_07528	MF7	EFEKAH_07528	True	True	8
MF7|EFEKAH_07529	MF7	EFEKAH_07529	True	True	6
MF7|EFEKAH_07530	MF7	EFEKAH_07530	True	True	9
MF7|EFEKAH_07531	MF7	EFEKAH_07531	True	True	7
MF7|EFEKAH_07532	MF7	EFEKAH_07532	True	True	7
MF7|EFEKAH_07533	MF7	EFEKAH_07533	True	True	4
MF7|EFEKAH_07534	MF7	EFEKAH_07534	True	True	6
MF7|EFEKAH_07535	MF7	EFEKAH_07535	True	True	4
MF7|EFEKAH_07536	MF7	EFEKAH_07536	True	True	1
MF7|EFEKAH_07537	MF7	EFEKAH_07537	True	True	8
MF7|EFEKAH_07538	MF7	EFEKAH_07538	True	True	6
MF7|EFEKAH_07539	MF7	EFEKAH_07539	True	True	9
MF7|EFEKAH_07540	MF7	EFEKAH_07540	True	True	8
MF7|EFEKAH_07542	MF7	EFEKAH_07542	True	True	1
MF7|EFEKAH_07543	MF7	EFEKAH_07543	True	True	1
MF7|EFEKAH_07546	MF7	EFEKAH_07546	True	True	8
MF7|EFEKAH_07547	MF7	EFEKAH_07547	True	True	6
MF7|EFEKAH_07548	MF7	EFEKAH_07548	True	True	8
MF7|EFEKAH_07549	MF7	EFEKAH_07549	True	True	8
MF7|EFEKAH_07551	MF7	EFEKAH_07551	True	True	5
MF7|EFEKAH_07552	MF7	EFEKAH_07552	True	True	3
MF7|EFEKAH_07553	MF7	EFEKAH_07553	True	True	8
MF7|EFEKAH_07554	MF7	EFEKAH_07554	True	True	5
MF7|EFEKAH_07555	MF7	EFEKAH_07555	True	True	6
MF7|EFEKAH_07556	MF7	EFEKAH_07556	True	True	9
MF7|EFEKAH_07557	MF7	EFEKAH_07557	True	True	3
MF7|EFEKAH_07558	MF7	EFEKAH_07558	True	True	6
MF7|EFEKAH_07559	MF7	EFEKAH_07559	True	True	3
MF7|EFEKAH_07561	MF7	EFEKAH_07561	True	True	3
MF7|EFEKAH_07562	MF7	EFEKAH_07562	True	True	10
MF7|EFEKAH_07563	MF7	EFEKAH_07563	True	True	7
MF7|EFEKAH_07564	MF7	EFEKAH_07564	True	True	8
MF7|EFEKAH_07565	MF7	EFEKAH_07565	True	True	6
MF7|EFEKAH_07566	MF7	EFEKAH_07566	True	True	4
MF7|EFEKAH_07567	MF7	EFEKAH_07567	True	False	3
MF7|EFEKAH_07568	MF7	EFEKAH_07568	True	True	6
MF7|EFEKAH_07569	MF7	EFEKAH_07569	True	True	1
MF7|EFEKAH_07570	MF7	EFEKAH_07570	True	True	2
MF7|EFEKAH_07571	MF7	EFEKAH_07571	True	True	8
MF7|EFEKAH_07572	MF7	EFEKAH_07572	True	True	7
MF7|EFEKAH_07573	MF7	EFEKAH_07573	True	True	4
MF7|EFEKAH_07574	MF7	EFEKAH_07574	True	True	2
MF7|EFEKAH_07575	MF7	EFEKAH_07575	True	True	7
MF7|EFEKAH_07576	MF7	EFEKAH_07576	True	True	5
MF7|EFEKAH_07577	MF7	EFEKAH_07577	True	True	8
MF7|EFEKAH_07578	MF7	EFEKAH_07578	True	True	2
MF7|EFEKAH_07579	MF7	EFEKAH_07579	True	True	3
MF7|EFEKAH_07580	MF7	EFEKAH_07580	True	True	6
MF7|EFEKAH_07581	MF7	EFEKAH_07581	True	True	8
MF7|EFEKAH_07582	MF7	EFEKAH_07582	True	True	2
MF7|EFEKAH_07583	MF7	EFEKAH_07583	True	True	3
MF7|EFEKAH_07584	MF7	EFEKAH_07584	False	False	1
MF7|EFEKAH_07586	MF7	EFEKAH_07586	True	True	4
MF7|EFEKAH_07588	MF7	EFEKAH_07588	False	False	1
MF7|EFEKAH_07589	MF7	EFEKAH_07589	True	True	4
MF7|EFEKAH_07590	MF7	EFEKAH_07590	True	True	3
MF7|EFEKAH_07591	MF7	EFEKAH_07591	True	True	5
MF7|EFEKAH_07592	MF7	EFEKAH_07592	True	True	6
MF7|EFEKAH_07593	MF7	EFEKAH_07593	True	True	2
MF7|EFEKAH_07594	MF7	EFEKAH_07594	True	True	4
MF7|EFEKAH_07595	MF7	EFEKAH_07595	True	True	4
MF7|EFEKAH_07596	MF7	EFEKAH_07596	True	True	5
MF7|EFEKAH_07597	MF7	EFEKAH_07597	True	True	4
MF7|EFEKAH_07598	MF7	EFEKAH_07598	True	True	6
MF7|EFEKAH_07599	MF7	EFEKAH_07599	True	True	3
MF7|EFEKAH_07601	MF7	EFEKAH_07601	True	True	5
MF7|EFEKAH_07602	MF7	EFEKAH_07602	False	False	1
MF7|EFEKAH_07603	MF7	EFEKAH_07603	True	True	9
MF7|EFEKAH_07604	MF7	EFEKAH_07604	True	True	4
MF7|EFEKAH_07605	MF7	EFEKAH_07605	True	True	4
MF7|EFEKAH_07606	MF7	EFEKAH_07606	True	True	3
MF7|EFEKAH_07607	MF7	EFEKAH_07607	True	True	6
MF7|EFEKAH_07608	MF7	EFEKAH_07608	True	True	3
MF7|EFEKAH_07609	MF7	EFEKAH_07609	True	True	3
MF7|EFEKAH_07611	MF7	EFEKAH_07611	True	True	4
MF7|EFEKAH_07612	MF7	EFEKAH_07612	True	True	5
MF7|EFEKAH_07613	MF7	EFEKAH_07613	True	True	7
MF7|EFEKAH_07614	MF7	EFEKAH_07614	True	True	4
MF7|EFEKAH_07615	MF7	EFEKAH_07615	True	True	7
MF7|EFEKAH_07616	MF7	EFEKAH_07616	True	True	3
MF7|EFEKAH_07617	MF7	EFEKAH_07617	True	True	5
MF7|EFEKAH_07618	MF7	EFEKAH_07618	True	True	7
MF7|EFEKAH_07619	MF7	EFEKAH_07619	True	True	5
MF7|EFEKAH_07621	MF7	EFEKAH_07621	True	True	3
MF7|EFEKAH_07622	MF7	EFEKAH_07622	True	True	10
MF7|EFEKAH_07623	MF7	EFEKAH_07623	True	True	6
MF7|EFEKAH_07626	MF7	EFEKAH_07626	True	True	6
MF7|EFEKAH_07627	MF7	EFEKAH_07627	True	True	7
MF7|EFEKAH_07628	MF7	EFEKAH_07628	True	True	5
MF7|EFEKAH_07629	MF7	EFEKAH_07629	True	True	7
MF7|EFEKAH_07630	MF7	EFEKAH_07630	True	True	8
MF7|EFEKAH_07631	MF7	EFEKAH_07631	True	True	7
MF7|EFEKAH_07632	MF7	EFEKAH_07632	True	True	5
MF7|EFEKAH_07633	MF7	EFEKAH_07633	True	True	3
MF7|EFEKAH_07634	MF7	EFEKAH_07634	True	True	7
MF7|EFEKAH_07635	MF7	EFEKAH_07635	True	True	7
MF7|EFEKAH_07636	MF7	EFEKAH_07636	True	True	8
MF7|EFEKAH_07637	MF7	EFEKAH_07637	True	True	3
MF7|EFEKAH_07638	MF7	EFEKAH_07638	True	True	5
MF7|EFEKAH_07639	MF7	EFEKAH_07639	True	True	2
MF7|EFEKAH_07640	MF7	EFEKAH_07640	False	False	1
MF7|EFEKAH_07641	MF7	EFEKAH_07641	True	True	6
MF7|EFEKAH_07643	MF7	EFEKAH_07643	True	True	1
MF7|EFEKAH_07644	MF7	EFEKAH_07644	True	True	3
MF7|EFEKAH_07645	MF7	EFEKAH_07645	True	True	4
MF7|EFEKAH_07646	MF7	EFEKAH_07646	False	False	2
MF7|EFEKAH_07648	MF7	EFEKAH_07648	True	True	4
MF7|EFEKAH_07649	MF7	EFEKAH_07649	True	True	2
MF7|EFEKAH_07650	MF7	EFEKAH_07650	True	True	7
MF7|EFEKAH_07651	MF7	EFEKAH_07651	True	True	8
MF7|EFEKAH_07652	MF7	EFEKAH_07652	True	True	8
MF7|EFEKAH_07653	MF7	EFEKAH_07653	True	True	4
MF7|EFEKAH_07654	MF7	EFEKAH_07654	True	True	3
MF7|EFEKAH_07655	MF7	EFEKAH_07655	True	True	6
MF7|EFEKAH_07657	MF7	EFEKAH_07657	True	True	8
MF7|EFEKAH_07658	MF7	EFEKAH_07658	True	True	3
MF7|EFEKAH_07660	MF7	EFEKAH_07660	True	True	3
MF7|EFEKAH_07661	MF7	EFEKAH_07661	True	True	8
MF7|EFEKAH_07662	MF7	EFEKAH_07662	True	True	6
MF7|EFEKAH_07663	MF7	EFEKAH_07663	True	True	6
MF7|EFEKAH_07664	MF7	EFEKAH_07664	True	True	10
MF7|EFEKAH_07665	MF7	EFEKAH_07665	True	True	5
MF7|EFEKAH_07666	MF7	EFEKAH_07666	True	True	10
MF7|EFEKAH_07667	MF7	EFEKAH_07667	True	True	8
MF7|EFEKAH_07668	MF7	EFEKAH_07668	True	True	7
MF7|EFEKAH_07669	MF7	EFEKAH_07669	True	True	6
MF7|EFEKAH_07670	MF7	EFEKAH_07670	True	True	5
MF7|EFEKAH_07671	MF7	EFEKAH_07671	True	True	2
MF7|EFEKAH_07672	MF7	EFEKAH_07672	False	False	1
MF7|EFEKAH_07673	MF7	EFEKAH_07673	True	True	7
MF7|EFEKAH_07674	MF7	EFEKAH_07674	True	True	7
MF7|EFEKAH_07675	MF7	EFEKAH_07675	True	True	10
MF7|EFEKAH_07676	MF7	EFEKAH_07676	True	True	8
MF7|EFEKAH_07677	MF7	EFEKAH_07677	True	True	3
MF7|EFEKAH_07678	MF7	EFEKAH_07678	True	True	5
MF7|EFEKAH_07679	MF7	EFEKAH_07679	True	True	7
MF7|EFEKAH_07680	MF7	EFEKAH_07680	True	True	6
MF7|EFEKAH_07681	MF7	EFEKAH_07681	True	True	8
MF7|EFEKAH_07682	MF7	EFEKAH_07682	False	False	1
MF7|EFEKAH_07683	MF7	EFEKAH_07683	True	True	2
MF7|EFEKAH_07684	MF7	EFEKAH_07684	True	True	2
MF7|EFEKAH_07685	MF7	EFEKAH_07685	True	True	5
MF7|EFEKAH_07686	MF7	EFEKAH_07686	True	True	5
MF7|EFEKAH_07687	MF7	EFEKAH_07687	True	True	6
MF7|EFEKAH_07688	MF7	EFEKAH_07688	True	True	8
MF7|EFEKAH_07689	MF7	EFEKAH_07689	True	True	6
MF7|EFEKAH_07690	MF7	EFEKAH_07690	True	True	6
MF7|EFEKAH_07691	MF7	EFEKAH_07691	True	True	8
MF7|EFEKAH_07692	MF7	EFEKAH_07692	True	True	5
MF7|EFEKAH_07694	MF7	EFEKAH_07694	True	True	8
MF7|EFEKAH_07696	MF7	EFEKAH_07696	True	True	4
MF7|EFEKAH_07697	MF7	EFEKAH_07697	True	True	6
MF7|EFEKAH_07698	MF7	EFEKAH_07698	True	True	2
MF7|EFEKAH_07699	MF7	EFEKAH_07699	True	True	7
MF7|EFEKAH_07700	MF7	EFEKAH_07700	True	True	9
MF7|EFEKAH_07701	MF7	EFEKAH_07701	True	True	7
MF7|EFEKAH_07702	MF7	EFEKAH_07702	True	True	6
MF7|EFEKAH_07704	MF7	EFEKAH_07704	False	False	1
MF7|EFEKAH_07705	MF7	EFEKAH_07705	True	True	6
MF7|EFEKAH_07706	MF7	EFEKAH_07706	True	True	3
MF7|EFEKAH_07707	MF7	EFEKAH_07707	False	False	1
MF7|EFEKAH_07708	MF7	EFEKAH_07708	True	True	6
MF7|EFEKAH_07709	MF7	EFEKAH_07709	False	False	2
MF7|EFEKAH_07710	MF7	EFEKAH_07710	True	True	7
MF7|EFEKAH_07711	MF7	EFEKAH_07711	True	True	7
MF7|EFEKAH_07712	MF7	EFEKAH_07712	True	True	6
MF7|EFEKAH_07713	MF7	EFEKAH_07713	True	True	2
MF7|EFEKAH_07714	MF7	EFEKAH_07714	True	True	6
MF7|EFEKAH_07715	MF7	EFEKAH_07715	True	True	5
MF7|EFEKAH_07716	MF7	EFEKAH_07716	True	True	9
MF7|EFEKAH_07717	MF7	EFEKAH_07717	True	True	8
MF7|EFEKAH_07718	MF7	EFEKAH_07718	True	True	4
MF7|EFEKAH_07719	MF7	EFEKAH_07719	True	True	7
MF7|EFEKAH_07720	MF7	EFEKAH_07720	True	True	6
MF7|EFEKAH_07721	MF7	EFEKAH_07721	True	True	9
MF7|EFEKAH_07722	MF7	EFEKAH_07722	True	True	7
MF7|EFEKAH_07723	MF7	EFEKAH_07723	True	True	8
MF7|EFEKAH_07724	MF7	EFEKAH_07724	True	True	7
MF7|EFEKAH_07725	MF7	EFEKAH_07725	True	True	6
MF7|EFEKAH_07726	MF7	EFEKAH_07726	True	True	7
MF7|EFEKAH_07727	MF7	EFEKAH_07727	True	True	8
MF7|EFEKAH_07728	MF7	EFEKAH_07728	True	True	8
MF7|EFEKAH_07729	MF7	EFEKAH_07729	True	True	7
MF7|EFEKAH_07730	MF7	EFEKAH_07730	True	True	2
MF7|EFEKAH_07731	MF7	EFEKAH_07731	True	True	1
MF7|EFEKAH_07732	MF7	EFEKAH_07732	True	True	6
MF7|EFEKAH_07733	MF7	EFEKAH_07733	True	True	7
MF7|EFEKAH_07734	MF7	EFEKAH_07734	True	True	6
MF7|EFEKAH_07735	MF7	EFEKAH_07735	True	True	5
MF7|EFEKAH_07736	MF7	EFEKAH_07736	True	True	7
MF7|EFEKAH_07737	MF7	EFEKAH_07737	True	True	1
MF7|EFEKAH_07738	MF7	EFEKAH_07738	True	True	4
MF7|EFEKAH_07739	MF7	EFEKAH_07739	True	True	8
MF7|EFEKAH_07740	MF7	EFEKAH_07740	True	True	4
MF7|EFEKAH_07741	MF7	EFEKAH_07741	True	True	6
MF7|EFEKAH_07743	MF7	EFEKAH_07743	True	True	7
MF7|EFEKAH_07744	MF7	EFEKAH_07744	True	True	6
MF7|EFEKAH_07745	MF7	EFEKAH_07745	True	True	3
MF7|EFEKAH_07746	MF7	EFEKAH_07746	False	False	2
MF7|EFEKAH_07747	MF7	EFEKAH_07747	True	True	9
MF7|EFEKAH_07748	MF7	EFEKAH_07748	True	True	10
MF7|EFEKAH_07749	MF7	EFEKAH_07749	True	True	7
MF7|EFEKAH_07750	MF7	EFEKAH_07750	True	True	7
MF7|EFEKAH_07751	MF7	EFEKAH_07751	True	True	6
MF7|EFEKAH_07752	MF7	EFEKAH_07752	True	True	8
MF7|EFEKAH_07754	MF7	EFEKAH_07754	True	True	7
MF7|EFEKAH_07755	MF7	EFEKAH_07755	True	True	6
MF7|EFEKAH_07756	MF7	EFEKAH_07756	True	True	4
MF7|EFEKAH_07757	MF7	EFEKAH_07757	True	True	1
MF7|EFEKAH_07758	MF7	EFEKAH_07758	True	True	7
MF7|EFEKAH_07759	MF7	EFEKAH_07759	True	True	6
MF7|EFEKAH_07760	MF7	EFEKAH_07760	True	True	2
MF7|EFEKAH_07761	MF7	EFEKAH_07761	True	True	2
MF7|EFEKAH_07762	MF7	EFEKAH_07762	True	True	3
MF7|EFEKAH_07763	MF7	EFEKAH_07763	True	True	6
MF7|EFEKAH_07764	MF7	EFEKAH_07764	False	False	1
MF7|EFEKAH_07765	MF7	EFEKAH_07765	True	True	5
MF7|EFEKAH_07766	MF7	EFEKAH_07766	True	True	6
MF7|EFEKAH_07767	MF7	EFEKAH_07767	True	True	6
MF7|EFEKAH_07768	MF7	EFEKAH_07768	True	True	5
MF7|EFEKAH_07769	MF7	EFEKAH_07769	True	True	9
MF7|EFEKAH_07771	MF7	EFEKAH_07771	True	True	7
MF7|EFEKAH_07772	MF7	EFEKAH_07772	True	True	4
MF7|EFEKAH_07773	MF7	EFEKAH_07773	True	True	9
MF7|EFEKAH_07774	MF7	EFEKAH_07774	True	True	2
MF7|EFEKAH_07775	MF7	EFEKAH_07775	True	True	1
MF7|EFEKAH_07776	MF7	EFEKAH_07776	True	True	4
MF7|EFEKAH_07777	MF7	EFEKAH_07777	True	True	5
MF7|EFEKAH_07779	MF7	EFEKAH_07779	True	True	5
MF7|EFEKAH_07780	MF7	EFEKAH_07780	True	True	6
MF7|EFEKAH_07781	MF7	EFEKAH_07781	True	True	5
MF7|EFEKAH_07782	MF7	EFEKAH_07782	True	True	2
MF7|EFEKAH_07783	MF7	EFEKAH_07783	True	True	6
MF7|EFEKAH_07784	MF7	EFEKAH_07784	True	True	2
MF7|EFEKAH_07785	MF7	EFEKAH_07785	True	True	4
MF7|EFEKAH_07786	MF7	EFEKAH_07786	True	True	5
MF7|EFEKAH_07787	MF7	EFEKAH_07787	True	True	4
MF7|EFEKAH_07788	MF7	EFEKAH_07788	True	True	9
MF7|EFEKAH_07789	MF7	EFEKAH_07789	True	True	10
MF7|EFEKAH_07790	MF7	EFEKAH_07790	True	True	9
MF7|EFEKAH_07791	MF7	EFEKAH_07791	True	True	7
MF7|EFEKAH_07792	MF7	EFEKAH_07792	True	False	2
MF7|EFEKAH_07793	MF7	EFEKAH_07793	True	True	6
MF7|EFEKAH_07794	MF7	EFEKAH_07794	True	True	5
MF7|EFEKAH_07795	MF7	EFEKAH_07795	True	True	7
MF7|EFEKAH_07796	MF7	EFEKAH_07796	True	True	1
MF7|EFEKAH_07797	MF7	EFEKAH_07797	False	False	1
