accession	contig	length	secondary_rank	n_orthogroups	c3_content	c2_content	c3_score	replicon_class	is_c3
GCA_017356705.2	CP076288.1	3213568	1	1351	0.0396	0.2438	-0.2043	other_megaplasmid	False
GCA_017356725.2	CP076289.1	3240692	1	1215	0.0383	0.2132	-0.1749	other_megaplasmid	False
GCA_020887275.1	AP022306.1	1743356	1	816	0.0319	0.1333	-0.1014	other_megaplasmid	False
GCA_020887275.1	AP022307.1	1615796	2	473	0.0281	0.0421	-0.0140	other_megaplasmid	False
GCA_020887275.1	AP022308.1	1517105	3	509	0.0511	0.0545	-0.0034	other_megaplasmid	False
GCA_020887275.1	AP022309.1	494197	4	95	0.0064	0.0052	0.0012	other_megaplasmid	False
GCA_020887275.1	AP022310.1	481972	5	51	0.0038	0.0027	0.0011	other_megaplasmid	False
GCA_024298805.1	CP101280.1	3290308	1	2320	0.0026	0.5435	-0.5410	chromosome2	False
GCA_024298805.1	CP101281.1	1441107	2	827	0.4610	0.0005	0.4605	c3	True
GCA_029762415.1	CP121774.1	3892275	1	1274	0.0958	0.1965	-0.1007	other_megaplasmid	False
GCA_040954445.1	CP144362.1	551157	1	50	0.0026	0.0093	-0.0068	other_megaplasmid	False
GCA_048918525.1	CP183179.1	3834718	1	1645	0.1494	0.2570	-0.1076	other_megaplasmid	False
GCA_051027405.1	CP186319.1	3705923	1	1891	0.0485	0.2994	-0.2509	other_megaplasmid	False
GCA_055387565.1	AP040306.1	2879483	1	1318	0.0447	0.2430	-0.1983	other_megaplasmid	False
GCA_056494915.1	CP195753.1	4274904	1	1707	0.0332	0.2518	-0.2186	other_megaplasmid	False
GCA_056494915.1	CP195755.1	967717	2	110	0.0140	0.0099	0.0042	other_megaplasmid	False
GCA_056494915.1	CP195754.1	509237	3	11	0.0026	0.0011	0.0015	other_megaplasmid	False
GCA_964417475.2	OZ259870.1	3240568	1	1378	0.0421	0.2485	-0.2063	other_megaplasmid	False
GCA_965199415.1	OZ241172.1	3221869	1	1295	0.0383	0.2354	-0.1970	other_megaplasmid	False
GCA_965199775.1	OZ241382.1	2884388	1	1280	0.0447	0.2348	-0.1901	other_megaplasmid	False
GCA_965217235.1	OZ244257.1	2228287	1	1193	0.0460	0.2258	-0.1798	other_megaplasmid	False
GCA_965217245.1	OZ244259.1	2139739	1	1224	0.0690	0.2239	-0.1549	other_megaplasmid	False
GCA_980298765.1	OZ412838.1	3093861	1	1307	0.0383	0.2397	-0.2014	other_megaplasmid	False
GCF_000009485.1	NC_011001.1	3217062	1	2482	0.0026	0.5597	-0.5571	chromosome2	False
GCF_000009485.1	NC_011002.1	875977	2	605	0.3052	0.0022	0.3030	c3	True
GCF_000010545.1	NC_010805.1	2473162	1	1811	0.0013	0.4105	-0.4092	chromosome2	False
GCF_000010545.1	NC_010801.1	919805	2	557	0.2516	0.0044	0.2472	c3	True
GCF_000011545.1	NC_006351.1	3173005	1	1397	0.0447	0.2540	-0.2093	other_megaplasmid	False
GCF_000011705.1	NC_006349.2	2325379	1	1049	0.0192	0.2085	-0.1894	other_megaplasmid	False
GCF_000012365.1	NC_007650.1	2914771	1	1317	0.0179	0.2521	-0.2342	other_megaplasmid	False
GCF_000012785.1	NC_007435.1	3181762	1	1388	0.0421	0.2518	-0.2096	other_megaplasmid	False
GCF_000012945.1	NC_007511.1	3587082	1	2748	0.0038	0.6524	-0.6486	chromosome2	False
GCF_000012945.1	NC_007509.1	1395069	2	853	0.4879	0.0044	0.4835	c3	True
GCF_000013645.1	NC_007952.1	3363523	1	1626	0.0179	0.2671	-0.2492	other_megaplasmid	False
GCF_000013645.1	NC_007953.1	1471779	2	366	0.0307	0.0268	0.0038	other_megaplasmid	False
GCF_000015465.1	NC_008784.1	1734922	1	810	0.0166	0.1637	-0.1471	other_megaplasmid	False
GCF_000015605.1	NC_008835.1	2284095	1	1026	0.0166	0.2083	-0.1917	other_megaplasmid	False
GCF_000015625.1	NC_009079.1	2352693	1	1058	0.0192	0.2096	-0.1905	other_megaplasmid	False
GCF_000015905.1	NC_009075.1	3127456	1	1372	0.0447	0.2493	-0.2046	other_megaplasmid	False
GCF_000015925.1	NC_009078.1	3100794	1	1383	0.0421	0.2526	-0.2105	other_megaplasmid	False
GCF_000016205.1	NC_009255.1	2411759	1	1617	0.0038	0.3569	-0.3530	other_megaplasmid	False
GCF_000016205.1	NC_009254.1	1241007	2	678	0.2695	0.0044	0.2651	c3	True
GCF_000016205.1	NC_009230.1	397868	3	46	0.0026	0.0047	-0.0021	other_megaplasmid	False
GCF_000018505.1	NC_010086.1	2472928	1	1828	0.0013	0.4143	-0.4131	chromosome2	False
GCF_000018505.1	NC_010087.1	919806	2	565	0.2580	0.0044	0.2536	c3	True
GCF_000019505.1	NC_010515.1	3213911	1	2439	0.0026	0.5427	-0.5401	chromosome2	False
GCF_000019505.1	NC_010512.1	1224595	2	831	0.4176	0.0019	0.4157	c3	True
GCF_000019925.1	NC_010552.1	2769414	1	2112	0.0038	0.4756	-0.4718	chromosome2	False
GCF_000019925.1	NC_010557.1	1127947	2	832	0.3384	0.0033	0.3352	c3	True
GCF_000019925.1	NC_010553.1	301592	3	47	0.0128	0.0016	0.0111	other_megaplasmid	False
GCF_000020045.1	NC_010623.1	2697374	1	1354	0.0498	0.2274	-0.1776	other_megaplasmid	False
GCF_000020045.1	NC_010625.1	1904893	2	680	0.0332	0.0534	-0.0202	other_megaplasmid	False
GCF_000020045.1	NC_010627.1	595108	3	58	0.0038	0.0055	-0.0016	other_megaplasmid	False
GCF_000020125.1	NC_010676.1	3625999	1	1827	0.0587	0.2887	-0.2300	other_megaplasmid	False
GCF_000022645.2	NC_012721.2	2827333	1	1285	0.0779	0.1970	-0.1191	other_megaplasmid	False
GCF_000092885.1	NC_014118.1	2593966	1	1452	0.0460	0.2356	-0.1897	other_megaplasmid	False
GCF_000092885.1	NC_014119.1	1282816	2	423	0.0319	0.0386	-0.0067	other_megaplasmid	False
GCF_000092885.1	NC_014120.1	489136	3	57	0.0038	0.0030	0.0008	other_megaplasmid	False
GCF_000194745.1	NC_015376.1	3700833	1	1739	0.1430	0.2709	-0.1279	other_megaplasmid	False
GCF_000194745.1	NC_015383.1	403586	2	84	0.0038	0.0068	-0.0030	other_megaplasmid	False
GCF_000198775.1	NC_014718.1	822304	1	164	0.0089	0.0249	-0.0160	other_megaplasmid	False
GCF_000203915.1	NC_008391.1	2646969	1	2105	0.0013	0.4814	-0.4801	chromosome2	False
GCF_000203915.1	NC_008392.1	1281472	2	876	0.4023	0.0027	0.3996	c3	True
GCF_000203955.1	NC_008543.1	2998664	1	2388	0.0000	0.5342	-0.5342	chromosome2	False
GCF_000203955.1	NC_008544.1	1055417	2	813	0.4393	0.0011	0.4382	c3	True
GCF_000236065.1	NC_016626.1	1951047	1	589	0.0575	0.0610	-0.0036	other_megaplasmid	False
GCF_000236065.1	NC_016625.1	1773019	2	816	0.0243	0.1363	-0.1120	other_megaplasmid	False
GCF_000236065.1	NC_016590.1	1569570	3	454	0.0281	0.0413	-0.0132	other_megaplasmid	False
GCF_000236065.1	NC_016591.1	356263	4	31	0.0038	0.0003	0.0036	other_megaplasmid	False
GCF_000236215.2	NZ_HG938371.1	3102677	1	2429	0.0000	0.5632	-0.5632	chromosome2	False
GCF_000236215.2	NZ_HG938372.1	1039263	2	794	0.4278	0.0033	0.4246	c3	True
GCF_000260515.1	NC_017832.1	3138747	1	1384	0.0434	0.2512	-0.2078	other_megaplasmid	False
GCF_000262695.1	NC_017921.1	2356985	1	1665	0.0026	0.3634	-0.3609	chromosome2	False
GCF_000262695.1	NC_017922.1	1082410	2	644	0.2720	0.0085	0.2635	c3	True
GCF_000292915.1	NC_018514.1	3003666	1	2134	0.0051	0.4934	-0.4883	chromosome2	False
GCF_000294635.1	NC_018529.1	3153284	1	1379	0.0421	0.2523	-0.2102	other_megaplasmid	False
GCF_000300095.1	NC_018672.1	2713495	1	1655	0.0473	0.2575	-0.2103	other_megaplasmid	False
GCF_000300095.1	NC_018696.1	785419	2	137	0.0115	0.0093	0.0022	other_megaplasmid	False
GCF_000385525.1	NC_021174.1	2763585	1	1335	0.0243	0.2441	-0.2199	other_megaplasmid	False
GCF_000402035.1	NC_021294.1	1465356	1	757	0.0255	0.1316	-0.1061	other_megaplasmid	False
GCF_000402035.1	NC_021289.1	1275199	2	504	0.0102	0.0575	-0.0473	other_megaplasmid	False
GCF_000402035.1	NC_021288.1	900830	3	290	0.0268	0.0320	-0.0052	other_megaplasmid	False
GCF_000402035.1	NC_021295.1	309692	4	53	0.0064	0.0049	0.0015	other_megaplasmid	False
GCF_000439695.1	NC_021877.1	3373917	1	1427	0.0434	0.2540	-0.2105	other_megaplasmid	False
GCF_000494855.1	NC_022658.1	3340068	1	1391	0.0434	0.2510	-0.2075	other_megaplasmid	False
GCF_000511895.1	NZ_CP004002.1	3361913	1	1410	0.0421	0.2548	-0.2126	other_megaplasmid	False
GCF_000511915.1	NZ_CP004004.1	3245956	1	1395	0.0434	0.2529	-0.2095	other_megaplasmid	False
GCF_000520895.1	NZ_CP004024.1	3248143	1	1393	0.0434	0.2521	-0.2086	other_megaplasmid	False
GCF_000521645.1	NZ_CP004043.1	3245118	1	1398	0.0434	0.2529	-0.2095	other_megaplasmid	False
GCF_000522545.2	NZ_CP012747.1	3352623	1	1504	0.0460	0.2548	-0.2088	other_megaplasmid	False
GCF_000522545.2	NZ_CP012748.1	2555069	2	889	0.0485	0.0632	-0.0147	other_megaplasmid	False
GCF_000567905.1	NZ_CP004090.1	2940942	1	1316	0.0179	0.2510	-0.2331	other_megaplasmid	False
GCF_000567925.1	NZ_CP004098.1	2914718	1	1320	0.0179	0.2529	-0.2350	other_megaplasmid	False
GCF_000567945.1	NZ_CP004118.1	2852101	1	1291	0.0179	0.2460	-0.2282	other_megaplasmid	False
GCF_000583835.1	NZ_CP004369.1	3391010	1	1422	0.0421	0.2537	-0.2115	other_megaplasmid	False
GCF_000701165.1	NZ_CP013731.1	3400736	1	2703	0.0000	0.6453	-0.6453	chromosome2	False
GCF_000701165.1	NZ_CP013732.1	1290392	2	760	0.4789	0.0022	0.4767	c3	True
GCF_000705535.2	NZ_CP072521.1	3012498	1	2404	0.0077	0.5454	-0.5378	chromosome2	False
GCF_000705535.2	NZ_CP072522.1	1448576	2	923	0.4176	0.0082	0.4094	c3	True
GCF_000706745.1	NZ_CP004384.1	2821713	1	1293	0.0179	0.2477	-0.2298	other_megaplasmid	False
GCF_000755725.1	NZ_CP007784.1	3209624	1	2248	0.0153	0.5030	-0.4877	chromosome2	False
GCF_000755725.1	NZ_CP007782.1	1166794	2	702	0.3180	0.0257	0.2923	c3	True
GCF_000755765.1	NZ_CP009210.1	3386014	1	1429	0.0434	0.2551	-0.2116	other_megaplasmid	False
GCF_000755785.1	NZ_CP009147.1	2325354	1	1049	0.0192	0.2088	-0.1897	other_megaplasmid	False
GCF_000755805.1	NZ_CP007786.1	3206581	1	2497	0.0077	0.5632	-0.5556	chromosome2	False
GCF_000755805.1	NZ_CP007785.1	1180302	2	830	0.4368	0.0036	0.4332	c3	True
GCF_000755825.1	NZ_CP009127.1	3214293	1	1388	0.0447	0.2518	-0.2071	other_megaplasmid	False
GCF_000755845.1	NZ_CP008710.1	2146721	1	945	0.0179	0.1905	-0.1726	other_megaplasmid	False
GCF_000755865.1	NZ_CP008705.1	2093560	1	954	0.0179	0.1861	-0.1682	other_megaplasmid	False
GCF_000755885.1	NZ_CP008722.1	2096906	1	952	0.0179	0.1861	-0.1682	other_megaplasmid	False
GCF_000755905.1	NZ_CP008893.1	3194122	1	1395	0.0447	0.2521	-0.2074	other_megaplasmid	False
GCF_000755925.1	NZ_CP008912.1	3200711	1	1397	0.0434	0.2540	-0.2105	other_megaplasmid	False
GCF_000755945.1	NZ_CP008891.1	3146583	1	1389	0.0447	0.2521	-0.2074	other_megaplasmid	False
GCF_000755965.1	NZ_CP008910.1	3236215	1	1396	0.0434	0.2534	-0.2100	other_megaplasmid	False
GCF_000755985.1	NZ_CP008727.1	3121665	1	1435	0.0281	0.2644	-0.2363	other_megaplasmid	False
GCF_000756005.1	NZ_CP008729.1	2541526	1	1832	0.0051	0.4119	-0.4068	chromosome2	False
GCF_000756005.1	NZ_CP008728.1	1136655	2	626	0.2593	0.0088	0.2505	c3	True
GCF_000756025.1	NZ_CP008731.1	2321567	1	1046	0.0192	0.2077	-0.1886	other_megaplasmid	False
GCF_000756045.1	NZ_CP008762.1	3363006	1	1626	0.0204	0.2682	-0.2478	other_megaplasmid	False
GCF_000756045.1	NZ_CP008761.1	1471816	2	366	0.0294	0.0263	0.0031	other_megaplasmid	False
GCF_000756065.1	NZ_CP008783.1	3236977	1	1397	0.0434	0.2537	-0.2103	other_megaplasmid	False
GCF_000756085.1	NZ_CP008835.1	3138647	1	1384	0.0434	0.2512	-0.2078	other_megaplasmid	False
GCF_000756125.1	NZ_CP008782.1	3100174	1	1383	0.0421	0.2526	-0.2105	other_megaplasmid	False
GCF_000756145.1	NZ_CP008759.1	3102140	1	1380	0.0421	0.2523	-0.2102	other_megaplasmid	False
GCF_000756165.1	NZ_CP008779.1	3008404	1	1336	0.0396	0.2449	-0.2053	other_megaplasmid	False
GCF_000756185.1	NZ_CP008778.1	3244818	1	1398	0.0447	0.2512	-0.2065	other_megaplasmid	False
GCF_000757015.2	NZ_CP009586.1	3225565	1	1407	0.0434	0.2548	-0.2114	other_megaplasmid	False
GCF_000757035.2	NZ_CP009898.1	3184745	1	1385	0.0434	0.2521	-0.2086	other_megaplasmid	False
GCF_000762285.1	NZ_CP007801.1	2351417	1	1056	0.0192	0.2096	-0.1905	other_megaplasmid	False
GCF_000764575.1	NZ_CP004378.1	3248948	1	1403	0.0460	0.2545	-0.2085	other_megaplasmid	False
GCF_000764595.1	NZ_CP004386.1	2823176	1	1295	0.0179	0.2477	-0.2298	other_megaplasmid	False
GCF_000764955.1	NZ_CP007780.1	2375865	1	1810	0.0026	0.4070	-0.4044	chromosome2	False
GCF_000764955.1	NZ_CP007779.1	994670	2	704	0.3244	0.0077	0.3167	c3	True
GCF_000765375.1	NZ_CP004382.1	2870750	1	1309	0.0179	0.2496	-0.2317	other_megaplasmid	False
GCF_000770395.1	NZ_CP009234.1	3194326	1	1395	0.0434	0.2518	-0.2084	other_megaplasmid	False
GCF_000770455.1	NZ_CP009150.1	3256009	1	1392	0.0460	0.2512	-0.2053	other_megaplasmid	False
GCF_000770495.1	NZ_CP009160.1	3227179	1	1385	0.0409	0.2521	-0.2112	other_megaplasmid	False
GCF_000770515.1	NZ_CP009163.1	3327069	1	1391	0.0434	0.2515	-0.2081	other_megaplasmid	False
GCF_000770535.1	NZ_CP009164.1	3263576	1	1394	0.0460	0.2515	-0.2055	other_megaplasmid	False
GCF_000770565.1	NZ_CP009156.1	3267160	1	1390	0.0434	0.2507	-0.2073	other_megaplasmid	False
GCF_000808035.2	NZ_CP008915.2	2966450	1	1336	0.0179	0.2542	-0.2364	other_megaplasmid	False
GCF_000828875.1	NZ_AP014577.1	1787110	1	813	0.0281	0.1355	-0.1074	other_megaplasmid	False
GCF_000828875.1	NZ_AP014578.1	1680600	2	473	0.0281	0.0432	-0.0151	other_megaplasmid	False
GCF_000828875.1	NZ_AP014579.1	1438033	3	501	0.0498	0.0542	-0.0044	other_megaplasmid	False
GCF_000828875.1	NZ_AP014580.1	495745	4	83	0.0064	0.0036	0.0028	other_megaplasmid	False
GCF_000835205.1	NZ_CP002581.1	3732771	1	1576	0.0868	0.2504	-0.1636	other_megaplasmid	False
GCF_000953095.1	NZ_LK936443.1	3117372	1	1384	0.0447	0.2523	-0.2076	other_megaplasmid	False
GCF_000954175.1	NZ_CP010974.1	3039355	1	1366	0.0447	0.2471	-0.2024	other_megaplasmid	False
GCF_000959125.1	NZ_CP004380.1	3145454	1	1382	0.0434	0.2507	-0.2073	other_megaplasmid	False
GCF_000959145.1	NZ_CP009297.1	3216446	1	1390	0.0447	0.2526	-0.2079	other_megaplasmid	False
GCF_000959165.1	NZ_CP009338.1	2284094	1	1026	0.0166	0.2085	-0.1919	other_megaplasmid	False
GCF_000959185.1	NZ_CP009473.1	3108026	1	1388	0.0460	0.2512	-0.2053	other_megaplasmid	False
GCF_000959205.1	NZ_CP009484.1	3267445	1	1411	0.0434	0.2556	-0.2122	other_megaplasmid	False
GCF_000959225.1	NZ_CP009477.1	3205965	1	1398	0.0434	0.2518	-0.2084	other_megaplasmid	False
GCF_000959245.1	NZ_CP009486.1	2722556	1	1903	0.0089	0.3998	-0.3909	chromosome2	False
GCF_000959245.1	NZ_CP009487.1	920205	2	426	0.1469	0.0066	0.1403	other_megaplasmid	False
GCF_000959265.1	NZ_CP009536.1	3260260	1	1390	0.0447	0.2515	-0.2068	other_megaplasmid	False
GCF_000959285.1	NZ_CP009537.1	3173067	1	1397	0.0447	0.2540	-0.2093	other_megaplasmid	False
GCF_000959305.1	NZ_CP009546.1	3127457	1	1373	0.0447	0.2493	-0.2046	other_megaplasmid	False
GCF_000959325.1	NZ_CP009548.1	2913181	1	1368	0.0230	0.2493	-0.2263	other_megaplasmid	False
GCF_000959325.1	NZ_CP009547.1	305110	2	59	0.0077	0.0049	0.0027	other_megaplasmid	False
GCF_000959345.1	NZ_CP009550.1	3190204	1	1393	0.0434	0.2521	-0.2086	other_megaplasmid	False
GCF_000959365.1	NZ_CP009556.1	3002987	1	1440	0.0307	0.2660	-0.2354	other_megaplasmid	False
GCF_000959405.1	NZ_CP009588.1	2353260	1	1058	0.0192	0.2096	-0.1905	other_megaplasmid	False
GCF_000959425.1	NZ_CP009602.1	2914772	1	1323	0.0179	0.2534	-0.2355	other_megaplasmid	False
GCF_000959445.1	NZ_CP009630.1	2262093	1	1629	0.0026	0.3604	-0.3579	other_megaplasmid	False
GCF_000959445.1	NZ_CP009632.1	1248367	2	716	0.2925	0.0041	0.2884	c3	True
GCF_000959465.1	NZ_CP009643.1	2126012	1	978	0.0192	0.1921	-0.1730	other_megaplasmid	False
GCF_000959485.1	NZ_CP009708.1	1858539	1	873	0.0064	0.1877	-0.1814	other_megaplasmid	False
GCF_000959505.1	NZ_CP009793.1	2168075	1	1542	0.0013	0.3539	-0.3526	other_megaplasmid	False
GCF_000959505.1	NZ_CP009794.1	834424	2	538	0.2184	0.0044	0.2140	c3	True
GCF_000959525.1	NZ_CP009831.1	2344193	1	1785	0.0000	0.3903	-0.3903	chromosome2	False
GCF_000959525.1	NZ_CP009830.1	550289	2	431	0.2439	0.0016	0.2423	c3	True
GCF_000959545.1	NZ_CP009799.1	2646970	1	2108	0.0013	0.4817	-0.4804	chromosome2	False
GCF_000959545.1	NZ_CP009800.1	1281472	2	877	0.4049	0.0025	0.4024	c3	True
GCF_000959605.1	NZ_CP010018.1	2897757	1	1292	0.0179	0.2488	-0.2309	other_megaplasmid	False
GCF_000959605.1	NZ_CP010016.1	326388	2	54	0.0013	0.0033	-0.0020	other_megaplasmid	False
GCF_000959625.1	NZ_CP010066.1	2237503	1	989	0.0192	0.1946	-0.1754	other_megaplasmid	False
GCF_000959725.1	NZ_CP009322.1	3927513	1	1731	0.1303	0.2734	-0.1431	other_megaplasmid	False
GCF_000960995.1	NZ_CP009434.1	2820414	1	1295	0.0779	0.1990	-0.1211	other_megaplasmid	False
GCF_000961515.1	NZ_CP010027.1	3508455	1	1908	0.0383	0.3268	-0.2885	other_megaplasmid	False
GCF_000961515.1	NZ_CP010025.1	650149	2	148	0.0089	0.0112	-0.0023	other_megaplasmid	False
GCF_000961515.1	NZ_CP010024.1	437218	3	75	0.0038	0.0074	-0.0036	other_megaplasmid	False
GCF_001028665.1	NZ_CP011504.1	3214754	1	2451	0.0051	0.5624	-0.5573	chromosome2	False
GCF_001028665.1	NZ_CP011505.1	1049005	2	744	0.4291	0.0014	0.4278	c3	True
GCF_001029145.1	NZ_CP009743.1	3522585	1	1759	0.0128	0.3758	-0.3630	chromosome2	False
GCF_001029145.1	NZ_CP009745.1	1627712	2	1007	0.5172	0.0030	0.5142	c3	True
GCF_001277875.1	NZ_CP012516.1	3228004	1	1385	0.0460	0.2518	-0.2058	other_megaplasmid	False
GCF_001277895.1	NZ_CP012518.1	3227965	1	1376	0.0460	0.2507	-0.2047	other_megaplasmid	False
GCF_001277975.1	NZ_CP012577.1	3156645	1	1386	0.0434	0.2515	-0.2081	other_megaplasmid	False
GCF_001293045.1	NZ_CP012193.1	3124497	1	1772	0.0358	0.2715	-0.2357	other_megaplasmid	False
GCF_001318245.1	NZ_CP012042.1	3147816	1	1376	0.0447	0.2510	-0.2063	other_megaplasmid	False
GCF_001411495.1	NZ_CP012982.1	3408190	1	2709	0.0000	0.6308	-0.6308	chromosome2	False
GCF_001411495.1	NZ_CP012983.1	1196214	2	929	0.4981	0.0003	0.4978	c3	True
GCF_001411805.1	NZ_CP007213.1	3743649	1	1601	0.0894	0.2521	-0.1627	other_megaplasmid	False
GCF_001449005.1	NZ_CP013103.1	2890272	1	1520	0.0460	0.2551	-0.2091	other_megaplasmid	False
GCF_001449005.1	NZ_CP013104.1	2011268	2	801	0.0511	0.0498	0.0013	other_megaplasmid	False
GCF_001449005.1	NZ_CP013105.1	442452	3	71	0.0013	0.0066	-0.0053	other_megaplasmid	False
GCF_001484665.1	NZ_CP011918.1	3086109	1	2403	0.0013	0.5383	-0.5370	chromosome2	False
GCF_001484665.1	NZ_CP011919.1	989585	2	742	0.4215	0.0014	0.4201	c3	True
GCF_001513745.1	NZ_CP013382.1	2913543	1	1372	0.0230	0.2501	-0.2271	other_megaplasmid	False
GCF_001513745.1	NZ_CP013381.1	305114	2	59	0.0077	0.0049	0.0027	other_megaplasmid	False
GCF_001522105.2	NZ_CP013356.1	3126684	1	1442	0.0268	0.2655	-0.2386	other_megaplasmid	False
GCF_001522135.2	NZ_CP013359.1	3003039	1	1441	0.0307	0.2663	-0.2356	other_megaplasmid	False
GCF_001522585.2	NZ_CP013372.1	2801147	1	2185	0.0000	0.5055	-0.5055	chromosome2	False
GCF_001522585.2	NZ_CP013374.1	851421	2	665	0.3972	0.0008	0.3964	c3	True
GCF_001522635.2	NZ_CP013388.1	2917588	1	1345	0.0345	0.2496	-0.2151	other_megaplasmid	False
GCF_001523745.2	NZ_CP013387.1	2752114	1	1251	0.0217	0.2291	-0.2074	other_megaplasmid	False
GCF_001523915.2	NZ_CP013383.1	2709855	1	2045	0.0051	0.4770	-0.4719	chromosome2	False
GCF_001523915.2	NZ_CP013385.1	974331	2	668	0.2874	0.0022	0.2852	c3	True
GCF_001524445.2	NZ_CP013418.1	2824254	1	1310	0.0153	0.2471	-0.2318	other_megaplasmid	False
GCF_001524445.2	NZ_CP013419.1	375023	2	42	0.0038	0.0008	0.0030	other_megaplasmid	False
GCF_001524625.2	NZ_CP013425.1	2934072	1	1362	0.0166	0.2537	-0.2371	other_megaplasmid	False
GCF_001524645.2	NZ_CP013428.1	2473077	1	2011	0.0013	0.4803	-0.4790	chromosome2	False
GCF_001524645.2	NZ_CP013429.1	1059546	2	730	0.2963	0.0038	0.2925	c3	True
GCF_001532025.2	NZ_CP013458.1	2832141	1	1339	0.0140	0.2512	-0.2372	other_megaplasmid	False
GCF_001557535.2	NZ_CP014315.1	1623425	1	604	0.0255	0.0747	-0.0492	other_megaplasmid	False
GCF_001557535.2	NZ_CP014307.1	1611937	2	806	0.0217	0.1212	-0.0995	other_megaplasmid	False
GCF_001557535.2	NZ_CP014309.1	793876	3	125	0.0089	0.0137	-0.0047	other_megaplasmid	False
GCF_001557535.2	NZ_CP014308.1	793818	4	122	0.0089	0.0134	-0.0045	other_megaplasmid	False
GCF_001557535.2	NZ_CP014310.1	601076	5	109	0.0013	0.0104	-0.0091	other_megaplasmid	False
GCF_001577465.1	NZ_CP014506.1	1696029	1	632	0.0268	0.0777	-0.0509	other_megaplasmid	False
GCF_001577465.1	NZ_CP014507.1	1495500	2	772	0.0217	0.1199	-0.0982	other_megaplasmid	False
GCF_001606115.1	NZ_CP015034.1	3107451	1	2492	0.0026	0.5640	-0.5615	chromosome2	False
GCF_001606115.1	NZ_CP015035.1	1271875	2	856	0.4253	0.0071	0.4182	c3	True
GCF_001606135.1	NZ_CP015037.1	1072666	1	798	0.4202	0.0041	0.4161	c3	True
GCF_001611015.1	NZ_CP013348.1	3049409	1	1546	0.0460	0.2586	-0.2126	other_megaplasmid	False
GCF_001611015.1	NZ_CP013349.1	2576584	2	866	0.0562	0.0534	0.0028	other_megaplasmid	False
GCF_001634365.1	NZ_CP014579.1	3497621	1	1370	0.0473	0.2326	-0.1854	other_megaplasmid	False
GCF_001695715.1	NZ_CP016639.1	3256300	1	1391	0.0460	0.2499	-0.2039	other_megaplasmid	False
GCF_001695735.1	NZ_CP016637.1	3254339	1	1377	0.0460	0.2469	-0.2009	other_megaplasmid	False
GCF_001718295.1	NZ_CP013361.1	2966282	1	1337	0.0179	0.2540	-0.2361	other_megaplasmid	False
GCF_001718315.1	NZ_CP013363.1	2619120	1	1981	0.0013	0.4691	-0.4678	chromosome2	False
GCF_001718315.1	NZ_CP013364.1	905345	2	663	0.3001	0.0016	0.2985	c3	True
GCF_001718335.1	NZ_CP013365.1	2466714	1	1978	0.0038	0.4633	-0.4595	chromosome2	False
GCF_001718335.1	NZ_CP013367.1	1014635	2	689	0.2861	0.0005	0.2855	c3	True
GCF_001718355.1	NZ_CP013371.1	3052802	1	2134	0.0204	0.4477	-0.4273	chromosome2	False
GCF_001718355.1	NZ_CP013368.1	925790	2	455	0.1660	0.0077	0.1584	c3	True
GCF_001718395.1	NZ_CP013376.1	3608925	1	2841	0.0447	0.6366	-0.5919	chromosome2	False
GCF_001718415.1	NZ_CP013377.1	2995708	1	2242	0.0255	0.5014	-0.4758	chromosome2	False
GCF_001718495.1	NZ_CP013394.1	2428798	1	1672	0.0051	0.3582	-0.3531	other_megaplasmid	False
GCF_001718495.1	NZ_CP013395.1	1129355	2	674	0.2937	0.0025	0.2913	c3	True
GCF_001718515.1	NZ_CP013396.1	2869430	1	2277	0.0013	0.5342	-0.5329	chromosome2	False
GCF_001718535.1	NZ_CP013400.1	3050136	1	2413	0.0064	0.5479	-0.5415	chromosome2	False
GCF_001718535.1	NZ_CP013399.1	1093546	2	838	0.4100	0.0060	0.4039	c3	True
GCF_001718555.1	NZ_CP013403.1	2967116	1	2321	0.0089	0.5394	-0.5305	chromosome2	False
GCF_001718555.1	NZ_CP013402.1	900512	2	668	0.3934	0.0038	0.3895	c3	True
GCF_001718575.1	NZ_CP013406.1	3386917	1	2621	0.0013	0.6076	-0.6063	chromosome2	False
GCF_001718575.1	NZ_CP013405.1	1211521	2	865	0.4904	0.0022	0.4882	c3	True
GCF_001718595.1	NZ_CP013408.1	2822193	1	1297	0.0179	0.2479	-0.2301	other_megaplasmid	False
GCF_001718615.1	NZ_CP013410.1	2940149	1	1313	0.0179	0.2504	-0.2325	other_megaplasmid	False
GCF_001718635.1	NZ_CP013413.1	2895326	1	1294	0.0179	0.2488	-0.2309	other_megaplasmid	False
GCF_001718655.1	NZ_CP013416.1	3000610	1	2088	0.0153	0.4458	-0.4305	chromosome2	False
GCF_001718695.1	NZ_CP013422.1	2186651	1	1552	0.0026	0.3473	-0.3447	other_megaplasmid	False
GCF_001718695.1	NZ_CP013421.1	1229847	2	698	0.2746	0.0052	0.2694	c3	True
GCF_001718755.1	NZ_CP013431.1	2533520	1	1825	0.0013	0.3963	-0.3950	chromosome2	False
GCF_001718755.1	NZ_CP013432.1	561709	2	430	0.2465	0.0022	0.2443	c3	True
GCF_001718775.1	NZ_CP013434.1	1257529	1	713	0.2950	0.0047	0.2904	c3	True
GCF_001718795.1	NZ_CP013438.1	2339576	1	1776	0.0038	0.4070	-0.4031	chromosome2	False
GCF_001718795.1	NZ_CP013437.1	897684	2	659	0.2835	0.0071	0.2764	c3	True
GCF_001718815.1	NZ_CP013440.1	2215292	1	1604	0.0026	0.3596	-0.3571	other_megaplasmid	False
GCF_001718815.1	NZ_CP013441.1	1240344	2	714	0.2899	0.0052	0.2847	c3	True
GCF_001718835.1	NZ_CP013444.1	3417004	1	2206	0.0192	0.4444	-0.4253	chromosome2	False
GCF_001718835.1	NZ_CP013442.1	835898	2	443	0.1558	0.0057	0.1501	c3	True
GCF_001718855.1	NZ_CP013447.1	3435939	1	2238	0.0166	0.4516	-0.4350	chromosome2	False
GCF_001718855.1	NZ_CP013445.1	835894	2	449	0.1596	0.0060	0.1536	c3	True
GCF_001718875.1	NZ_CP013449.1	2042468	1	994	0.0766	0.1927	-0.1160	other_megaplasmid	False
GCF_001718895.1	NZ_CP013452.1	3069864	1	2455	0.0051	0.5692	-0.5641	chromosome2	False
GCF_001718895.1	NZ_CP013451.1	1121886	2	832	0.4662	0.0016	0.4645	c3	True
GCF_001718915.1	NZ_CP013455.1	2229737	1	1620	0.0026	0.3582	-0.3557	other_megaplasmid	False
GCF_001718915.1	NZ_CP013456.1	1210488	2	695	0.2886	0.0088	0.2799	c3	True
GCF_001718955.1	NZ_CP013461.1	3001569	1	2047	0.0255	0.4417	-0.4162	chromosome2	False
GCF_001718955.1	NZ_CP013460.1	878643	2	506	0.1814	0.0123	0.1690	c3	True
GCF_001718975.1	NZ_CP013464.1	3094056	1	2150	0.0217	0.4425	-0.4208	chromosome2	False
GCF_001718975.1	NZ_CP013465.1	824232	2	443	0.1584	0.0074	0.1510	c3	True
GCF_001718995.1	NZ_CP013466.1	2493865	1	1833	0.0026	0.4149	-0.4123	chromosome2	False
GCF_001718995.1	NZ_CP013468.1	899828	2	586	0.2580	0.0077	0.2503	c3	True
GCF_001729545.1	NZ_CP017176.1	2226175	1	981	0.0192	0.1916	-0.1724	other_megaplasmid	False
GCF_001742165.1	NZ_CP016443.1	3318880	1	2553	0.0051	0.6054	-0.6003	chromosome2	False
GCF_001742165.1	NZ_CP016444.1	1322975	2	747	0.4163	0.0052	0.4111	c3	True
GCF_001865575.2	NZ_CP017562.2	2641336	1	1289	0.0255	0.2151	-0.1896	other_megaplasmid	False
GCF_001865575.2	NZ_CP017563.2	974091	2	329	0.0307	0.0285	0.0022	other_megaplasmid	False
GCF_001865575.2	NZ_CP017565.2	487801	3	78	0.0077	0.0038	0.0038	other_megaplasmid	False
GCF_001885195.1	NZ_CP018055.1	3190235	1	1383	0.0447	0.2512	-0.2065	other_megaplasmid	False
GCF_001887555.1	NZ_CP016910.1	3236690	1	1395	0.0434	0.2540	-0.2105	other_megaplasmid	False
GCF_001887575.1	NZ_CP016912.1	3236690	1	1397	0.0434	0.2542	-0.2108	other_megaplasmid	False
GCF_001922345.1	NZ_CP018812.1	2991945	1	1195	0.0562	0.1727	-0.1165	other_megaplasmid	False
GCF_001975065.1	NZ_CP017045.1	3272138	1	1408	0.0447	0.2562	-0.2115	other_megaplasmid	False
GCF_001975085.1	NZ_CP017047.1	3249730	1	1412	0.0460	0.2559	-0.2099	other_megaplasmid	False
GCF_001975105.1	NZ_CP017049.1	3249682	1	1411	0.0460	0.2556	-0.2096	other_megaplasmid	False
GCF_001975125.1	NZ_CP017051.1	3380426	1	1429	0.0434	0.2548	-0.2114	other_megaplasmid	False
GCF_001975145.1	NZ_CP017053.1	3380273	1	1429	0.0434	0.2548	-0.2114	other_megaplasmid	False
GCF_001980585.2	NZ_CP116600.1	3118370	1	1379	0.0447	0.2496	-0.2049	other_megaplasmid	False
GCF_001999825.1	NZ_CP019669.1	1055047	1	824	0.4266	0.0011	0.4255	c3	True
GCF_001999885.1	NZ_CP019672.1	2984720	1	2405	0.0000	0.5712	-0.5712	chromosome2	False
GCF_001999885.1	NZ_CP019673.1	964521	2	746	0.4036	0.0038	0.3997	c3	True
GCF_002007585.1	NZ_CP017239.1	3097552	1	2398	0.0013	0.5375	-0.5362	chromosome2	False
GCF_002007585.1	NZ_CP017240.1	1056196	2	818	0.4419	0.0011	0.4408	c3	True
GCF_002097715.1	NZ_CP020738.1	3308659	1	2149	0.0166	0.4535	-0.4369	chromosome2	False
GCF_002097715.1	NZ_CP020739.1	641159	2	318	0.1252	0.0090	0.1161	other_megaplasmid	False
GCF_002110945.1	NZ_CP018381.1	3287088	1	1402	0.0447	0.2559	-0.2112	other_megaplasmid	False
GCF_002110965.1	NZ_CP018392.1	3273436	1	1379	0.0434	0.2510	-0.2075	other_megaplasmid	False
GCF_002111005.1	NZ_CP018404.1	3267867	1	1406	0.0447	0.2559	-0.2112	other_megaplasmid	False
GCF_002111025.1	NZ_CP018407.1	3266006	1	1379	0.0434	0.2515	-0.2081	other_megaplasmid	False
GCF_002111045.1	NZ_CP018411.1	3263237	1	1384	0.0421	0.2504	-0.2083	other_megaplasmid	False
GCF_002111085.1	NZ_CP018374.1	3260317	1	1388	0.0447	0.2510	-0.2063	other_megaplasmid	False
GCF_002111105.1	NZ_CP018419.1	3084746	1	1365	0.0421	0.2493	-0.2072	other_megaplasmid	False
GCF_002111125.1	NZ_CP018386.1	3212183	1	1388	0.0434	0.2499	-0.2064	other_megaplasmid	False
GCF_002111145.1	NZ_CP018388.1	3138916	1	1382	0.0434	0.2510	-0.2075	other_megaplasmid	False
GCF_002111165.1	NZ_CP018390.1	3245772	1	1383	0.0447	0.2504	-0.2057	other_megaplasmid	False
GCF_002111205.1	NZ_CP018398.1	3078985	1	1366	0.0421	0.2499	-0.2077	other_megaplasmid	False
GCF_002111225.1	NZ_CP018401.1	3188810	1	1351	0.0434	0.2463	-0.2029	other_megaplasmid	False
GCF_002111245.1	NZ_CP018402.1	3267789	1	1396	0.0447	0.2545	-0.2098	other_megaplasmid	False
GCF_002111265.1	NZ_CP018409.1	3265934	1	1375	0.0434	0.2504	-0.2070	other_megaplasmid	False
GCF_002111285.1	NZ_CP018415.1	3245094	1	1374	0.0434	0.2471	-0.2037	other_megaplasmid	False
GCF_002111305.1	NZ_CP018417.1	3306540	1	1391	0.0447	0.2518	-0.2071	other_megaplasmid	False
GCF_002111325.1	NZ_CP018370.1	3207929	1	1391	0.0434	0.2531	-0.2097	other_megaplasmid	False
GCF_002111345.1	NZ_CP018371.1	3144330	1	1384	0.0434	0.2512	-0.2078	other_megaplasmid	False
GCF_002111365.1	NZ_CP018382.1	3248554	1	1398	0.0460	0.2529	-0.2069	other_megaplasmid	False
GCF_002111385.1	NZ_CP018412.1	3269674	1	1393	0.0434	0.2518	-0.2084	other_megaplasmid	False
GCF_002208175.1	NZ_CP022006.1	3922845	1	1734	0.1328	0.2731	-0.1403	other_megaplasmid	False
GCF_002209085.2	NZ_CP022084.2	3397795	1	2722	0.0000	0.6338	-0.6338	chromosome2	False
GCF_002209085.2	NZ_CP022082.2	1187984	2	932	0.5019	0.0003	0.5016	c3	True
GCF_002278075.1	NZ_CP022990.1	2992211	1	1717	0.0332	0.2805	-0.2473	other_megaplasmid	False
GCF_002278075.1	NZ_CP022991.1	664981	2	188	0.0064	0.0181	-0.0117	other_megaplasmid	False
GCF_002278075.1	NZ_CP022992.1	489416	3	81	0.0000	0.0074	-0.0074	other_megaplasmid	False
GCF_002345985.1	NZ_CP009726.1	2120306	1	949	0.0192	0.1839	-0.1648	other_megaplasmid	False
GCF_002346005.1	NZ_CP010349.1	2105279	1	982	0.0192	0.1929	-0.1738	other_megaplasmid	False
GCF_002346025.1	NZ_CP009728.1	2120565	1	949	0.0192	0.1842	-0.1650	other_megaplasmid	False
GCF_002346045.1	NZ_CP009930.1	2325357	1	1048	0.0192	0.2085	-0.1894	other_megaplasmid	False
GCF_002346065.1	NZ_CP009730.1	2104778	1	985	0.0192	0.1932	-0.1741	other_megaplasmid	False
GCF_002346085.1	NZ_CP009732.1	2106749	1	985	0.0192	0.1935	-0.1743	other_megaplasmid	False
GCF_002346105.1	NZ_CP009734.1	2185904	1	985	0.0192	0.1935	-0.1743	other_megaplasmid	False
GCF_002346125.1	NZ_CP009736.1	2240464	1	970	0.0192	0.1883	-0.1691	other_megaplasmid	False
GCF_002346145.1	NZ_CP009738.1	2146721	1	971	0.0192	0.1886	-0.1694	other_megaplasmid	False
GCF_002346165.1	NZ_CP009740.1	2120572	1	951	0.0192	0.1842	-0.1650	other_megaplasmid	False
GCF_002346185.1	NZ_CP009742.1	2728358	1	1049	0.0204	0.2017	-0.1813	other_megaplasmid	False
GCF_002346205.1	NZ_CP009932.1	2226558	1	1034	0.0192	0.2055	-0.1864	other_megaplasmid	False
GCF_002356275.1	NZ_AP018112.1	3163229	1	2515	0.0013	0.5939	-0.5926	chromosome2	False
GCF_002356275.1	NZ_AP018113.1	932264	2	691	0.3768	0.0011	0.3757	c3	True
GCF_002386205.1	NZ_CP023498.1	2762025	1	1347	0.0230	0.2458	-0.2228	other_megaplasmid	False
GCF_002393425.1	NZ_CP023523.1	3925840	1	1773	0.1558	0.2734	-0.1176	chromosome2	False
GCF_002407525.2	NZ_CP023521.1	3397791	1	2720	0.0000	0.6336	-0.6336	chromosome2	False
GCF_002407525.2	NZ_CP023520.1	1187978	2	932	0.5006	0.0003	0.5004	c3	True
GCF_002843645.1	NZ_CP025265.1	3258775	1	1402	0.0447	0.2523	-0.2076	other_megaplasmid	False
GCF_002860065.1	NZ_CP019043.1	3130290	1	1383	0.0421	0.2526	-0.2105	other_megaplasmid	False
GCF_002902925.1	NZ_CP026112.1	3002289	1	1460	0.0421	0.2518	-0.2096	other_megaplasmid	False
GCF_002902925.1	NZ_CP026113.1	2682528	2	899	0.0447	0.0709	-0.0262	other_megaplasmid	False
GCF_002902925.1	NZ_CP026114.1	756439	3	173	0.0077	0.0090	-0.0014	other_megaplasmid	False
GCF_002902945.1	NZ_CP026102.1	2890530	1	1524	0.0460	0.2556	-0.2096	other_megaplasmid	False
GCF_002902945.1	NZ_CP026103.1	2011334	2	809	0.0524	0.0495	0.0028	other_megaplasmid	False
GCF_002902945.1	NZ_CP026104.1	442481	3	73	0.0013	0.0068	-0.0056	other_megaplasmid	False
GCF_002902965.1	NZ_CP026106.1	3269803	1	1508	0.0370	0.2537	-0.2167	other_megaplasmid	False
GCF_002902965.1	NZ_CP026107.1	2439752	2	857	0.0511	0.0687	-0.0176	other_megaplasmid	False
GCF_002902965.1	NZ_CP026108.1	971216	3	149	0.0077	0.0096	-0.0019	other_megaplasmid	False
GCF_002902965.1	NZ_CP026109.1	725510	4	153	0.0140	0.0104	0.0036	other_megaplasmid	False
GCF_003019945.1	NZ_CP020396.1	2262065	1	1628	0.0026	0.3602	-0.3576	other_megaplasmid	False
GCF_003019945.1	NZ_CP020395.1	1248348	2	717	0.2925	0.0041	0.2884	c3	True
GCF_003019965.1	NZ_CP020398.1	2344186	1	1793	0.0000	0.3914	-0.3914	chromosome2	False
GCF_003019965.1	NZ_CP020399.1	550288	2	436	0.2465	0.0019	0.2446	c3	True
GCF_003020025.1	NZ_CP020389.1	2853041	1	1302	0.0179	0.2490	-0.2312	other_megaplasmid	False
GCF_003020185.1	NZ_CP020391.1	2940845	1	1319	0.0179	0.2512	-0.2334	other_megaplasmid	False
GCF_003076415.1	NZ_CP021067.1	2856344	1	2265	0.0000	0.5082	-0.5082	chromosome2	False
GCF_003076415.1	NZ_CP021068.1	713299	2	553	0.3129	0.0016	0.3113	c3	True
GCF_003233675.1	NZ_CP029825.1	3274969	1	2444	0.0307	0.5460	-0.5153	chromosome2	False
GCF_003233675.1	NZ_CP029826.1	1483367	2	853	0.3640	0.0068	0.3571	c3	True
GCF_003233675.1	NZ_CP029828.1	428263	3	126	0.0115	0.0027	0.0088	other_megaplasmid	False
GCF_003286395.1	NZ_CP029641.1	1273736	1	479	0.0294	0.0649	-0.0355	other_megaplasmid	False
GCF_003330745.1	NZ_CP024906.1	2944711	1	1635	0.0153	0.2556	-0.2403	other_megaplasmid	False
GCF_003330745.1	NZ_CP024907.1	403765	2	92	0.0051	0.0063	-0.0012	other_megaplasmid	False
GCF_003330765.1	NZ_CP024903.1	3400486	1	2538	0.0409	0.5520	-0.5111	chromosome2	False
GCF_003330765.1	NZ_CP024904.1	984905	2	648	0.3499	0.0066	0.3434	c3	True
GCF_003330785.1	NZ_CP024935.1	2982346	1	1722	0.0358	0.2698	-0.2341	other_megaplasmid	False
GCF_003330785.1	NZ_CP024936.1	494503	2	127	0.0153	0.0093	0.0060	other_megaplasmid	False
GCF_003330805.1	NZ_CP024938.1	3189135	1	1489	0.0345	0.2551	-0.2206	other_megaplasmid	False
GCF_003330805.1	NZ_CP024939.1	2509140	2	881	0.0524	0.0690	-0.0166	other_megaplasmid	False
GCF_003330805.1	NZ_CP024940.1	1235162	3	260	0.0319	0.0161	0.0158	other_megaplasmid	False
GCF_003330825.1	NZ_CP024942.1	3058868	1	1596	0.0358	0.2512	-0.2155	other_megaplasmid	False
GCF_003366075.1	NZ_CP028962.1	3139806	1	2288	0.0064	0.5356	-0.5292	chromosome2	False
GCF_003366075.1	NZ_CP028964.1	851589	2	547	0.2388	0.0082	0.2306	c3	True
GCF_003366075.1	NZ_CP028965.1	420805	3	95	0.0026	0.0074	-0.0048	other_megaplasmid	False
GCF_003368325.1	NZ_CP031466.1	3619047	1	1804	0.0549	0.3060	-0.2510	other_megaplasmid	False
GCF_003445415.1	NZ_CP008754.1	3158067	1	1391	0.0447	0.2523	-0.2076	other_megaplasmid	False
GCF_003546465.1	NZ_CP007748.1	3396456	1	2719	0.0000	0.6322	-0.6322	chromosome2	False
GCF_003546465.1	NZ_CP007747.1	1187985	2	932	0.5019	0.0003	0.5016	c3	True
GCF_003547015.1	NZ_CP025305.1	3112891	1	1351	0.0421	0.2474	-0.2053	other_megaplasmid	False
GCF_003547035.1	NZ_CP025307.1	3115305	1	1367	0.0421	0.2496	-0.2074	other_megaplasmid	False
GCF_003547055.1	NZ_CP025303.1	3173851	1	1374	0.0421	0.2499	-0.2077	other_megaplasmid	False
GCF_003568605.1	NZ_CP008785.1	3986340	1	800	0.0460	0.1092	-0.0632	other_megaplasmid	False
GCF_003606245.1	NZ_CP023776.1	3217986	1	1392	0.0434	0.2512	-0.2078	other_megaplasmid	False
GCF_003613595.1	NZ_CP022210.1	3923011	1	1735	0.1328	0.2726	-0.1398	other_megaplasmid	False
GCF_003614815.1	NZ_CP022215.1	2821560	1	1271	0.0179	0.2430	-0.2251	other_megaplasmid	False
GCF_003614835.1	NZ_CP022216.1	2852057	1	1289	0.0179	0.2460	-0.2282	other_megaplasmid	False
GCF_003704285.1	NZ_CP013391.1	3182734	1	2511	0.0000	0.5892	-0.5892	chromosome2	False
GCF_003704285.1	NZ_CP013392.1	1370749	2	982	0.5249	0.0027	0.5222	c3	True
GCF_003711145.1	NZ_CP024944.1	3706323	1	2654	0.0026	0.6284	-0.6258	chromosome2	False
GCF_003711145.1	NZ_CP024945.1	1153372	2	658	0.3410	0.0074	0.3336	c3	True
GCF_003713105.1	NZ_CP033431.1	4002946	1	1818	0.1584	0.2783	-0.1200	chromosome2	False
GCF_003798245.1	NZ_CP033704.1	3157202	1	1387	0.0447	0.2512	-0.2065	other_megaplasmid	False
GCF_003798265.1	NZ_CP033706.1	3139076	1	1381	0.0447	0.2504	-0.2057	other_megaplasmid	False
GCF_003798365.1	NZ_CP033701.1	3176440	1	1377	0.0434	0.2501	-0.2067	other_megaplasmid	False
GCF_003812365.1	NZ_CP033748.1	2331436	1	1784	0.0000	0.4004	-0.4004	chromosome2	False
GCF_003812365.1	NZ_CP033749.1	705748	2	525	0.2963	0.0019	0.2944	c3	True
GCF_003812585.1	NZ_CP033745.1	3239301	1	488	0.0230	0.0452	-0.0222	other_megaplasmid	False
GCF_003812585.1	NZ_CP033747.1	2383823	2	1844	0.0051	0.4037	-0.3986	chromosome2	False
GCF_003812965.1	NZ_CP033854.1	3155590	1	2192	0.0255	0.4579	-0.4323	chromosome2	False
GCF_003812965.1	NZ_CP033855.1	935732	2	479	0.1635	0.0118	0.1517	c3	True
GCF_003813045.1	NZ_CP033838.1	2168066	1	1546	0.0013	0.3552	-0.3540	other_megaplasmid	False
GCF_003813045.1	NZ_CP033839.1	834424	2	540	0.2184	0.0044	0.2140	c3	True
GCF_003966315.1	NZ_CP034547.1	3039797	1	2348	0.0013	0.5233	-0.5220	chromosome2	False
GCF_003966315.1	NZ_CP034546.1	1350848	2	952	0.4572	0.0044	0.4528	c3	True
GCF_004323015.1	NZ_CP036451.1	3102688	1	1377	0.0421	0.2529	-0.2107	other_megaplasmid	False
GCF_004323035.1	NZ_CP036453.1	3113526	1	1381	0.0421	0.2531	-0.2110	other_megaplasmid	False
GCF_004348055.1	NZ_CP037757.1	3103695	1	1367	0.0409	0.2496	-0.2087	other_megaplasmid	False
GCF_004348075.1	NZ_CP037759.1	3069583	1	1372	0.0447	0.2501	-0.2054	other_megaplasmid	False
GCF_004367665.1	NZ_CP037973.1	3099454	1	1377	0.0421	0.2512	-0.2091	other_megaplasmid	False
GCF_004367685.1	NZ_CP037969.1	3119419	1	1382	0.0409	0.2526	-0.2117	other_megaplasmid	False
GCF_004367705.1	NZ_CP037975.1	3097834	1	1370	0.0434	0.2501	-0.2067	other_megaplasmid	False
GCF_004367725.1	NZ_CP037971.1	3099308	1	1374	0.0421	0.2515	-0.2094	other_megaplasmid	False
GCF_004526325.1	NZ_CP038194.1	3120072	1	1386	0.0434	0.2531	-0.2097	other_megaplasmid	False
GCF_004842085.1	NZ_CP038805.1	3800466	1	619	0.0754	0.0717	0.0036	other_megaplasmid	False
GCF_005280735.1	NZ_CP040078.1	3695250	1	1550	0.0383	0.2343	-0.1959	other_megaplasmid	False
GCF_005853645.1	NZ_CP040532.1	3162636	1	1317	0.0409	0.2400	-0.1991	other_megaplasmid	False
GCF_005862325.1	NZ_CP040551.1	3116035	1	1284	0.0434	0.2332	-0.1897	other_megaplasmid	False
GCF_005937855.2	NZ_CP042178.1	2783599	1	2142	0.0038	0.4852	-0.4814	chromosome2	False
GCF_005937855.2	NZ_CP042179.1	1067603	2	809	0.3397	0.0022	0.3375	c3	True
GCF_006094315.1	NZ_CP034554.1	3396958	1	2719	0.0000	0.6327	-0.6327	chromosome2	False
GCF_006094315.1	NZ_CP034555.1	1187977	2	930	0.5019	0.0003	0.5016	c3	True
GCF_007556815.1	NZ_CP041743.1	3016794	1	1380	0.0268	0.2474	-0.2206	other_megaplasmid	False
GCF_007724625.1	NZ_CP042165.1	3249718	1	2520	0.0038	0.5911	-0.5873	chromosome2	False
GCF_007724625.1	NZ_CP042166.1	1536075	2	1002	0.5185	0.0014	0.5172	c3	True
GCF_008693485.1	NZ_CP044055.1	2365849	1	1786	0.0000	0.3927	-0.3927	chromosome2	False
GCF_008693485.1	NZ_CP044053.1	553192	2	425	0.2452	0.0022	0.2430	c3	True
GCF_008693525.1	NZ_CP044056.1	2365865	1	1788	0.0000	0.3930	-0.3930	chromosome2	False
GCF_008693525.1	NZ_CP044057.1	553192	2	426	0.2465	0.0022	0.2443	c3	True
GCF_008728255.1	NZ_CP038215.1	3171459	1	1379	0.0434	0.2504	-0.2070	other_megaplasmid	False
GCF_008728275.1	NZ_CP038217.1	3147867	1	1347	0.0409	0.2438	-0.2030	other_megaplasmid	False
GCF_008728295.1	NZ_CP038219.1	3171635	1	1376	0.0434	0.2504	-0.2070	other_megaplasmid	False
GCF_008728315.1	NZ_CP038221.1	3159667	1	1380	0.0434	0.2507	-0.2073	other_megaplasmid	False
GCF_008728335.1	NZ_CP038223.1	3169063	1	1379	0.0434	0.2504	-0.2070	other_megaplasmid	False
GCF_008728355.1	NZ_CP038225.1	3167882	1	1381	0.0434	0.2510	-0.2075	other_megaplasmid	False
GCF_008728375.1	NZ_CP038227.1	3208533	1	1379	0.0434	0.2504	-0.2070	other_megaplasmid	False
GCF_009191525.1	NZ_CP028808.1	3247714	1	2544	0.0038	0.5947	-0.5909	chromosome2	False
GCF_009191525.1	NZ_CP028809.1	1528467	2	1030	0.5300	0.0014	0.5286	c3	True
GCF_009578005.1	NZ_CP045088.1	2750046	1	1265	0.0728	0.1935	-0.1207	other_megaplasmid	False
GCF_009586235.1	NZ_CP045236.1	3430130	1	2755	0.0000	0.6519	-0.6519	chromosome2	False
GCF_009586235.1	NZ_CP045237.1	1248114	2	942	0.5479	0.0014	0.5465	c3	True
GCF_009730035.1	NZ_CP046337.1	2434081	1	1851	0.0000	0.4174	-0.4174	chromosome2	False
GCF_009730035.1	NZ_CP046338.1	702621	2	509	0.2874	0.0025	0.2849	c3	True
GCF_009730175.1	NZ_CP046341.1	2418100	1	1900	0.0000	0.4111	-0.4111	chromosome2	False
GCF_009730175.1	NZ_CP046342.1	749962	2	553	0.3180	0.0022	0.3158	c3	True
GCF_009730195.1	NZ_CP046344.1	2365727	1	1836	0.0038	0.4083	-0.4045	chromosome2	False
GCF_009730195.1	NZ_CP046345.1	792513	2	559	0.2503	0.0074	0.2429	c3	True
GCF_009749345.1	NZ_CP046583.1	3257170	1	1356	0.0447	0.2455	-0.2008	other_megaplasmid	False
GCF_009755625.1	NZ_CP046608.1	3247807	1	2542	0.0038	0.5950	-0.5911	chromosome2	False
GCF_009755625.1	NZ_CP046607.1	1541420	2	1034	0.5326	0.0014	0.5312	c3	True
GCF_009789655.1	NZ_CP046910.1	2192838	1	1042	0.0307	0.1875	-0.1568	other_megaplasmid	False
GCF_009789655.1	NZ_CP046911.1	1330706	2	526	0.0460	0.0619	-0.0159	other_megaplasmid	False
GCF_009789655.1	NZ_CP046912.1	1103815	3	429	0.0243	0.0572	-0.0329	other_megaplasmid	False
GCF_009789675.1	NZ_CP046914.1	1829290	1	889	0.0268	0.1645	-0.1377	other_megaplasmid	False
GCF_009789675.1	NZ_CP046915.1	1436412	2	508	0.0524	0.0509	0.0015	other_megaplasmid	False
GCF_009789675.1	NZ_CP046916.1	1253746	3	383	0.0230	0.0441	-0.0211	other_megaplasmid	False
GCF_009857095.1	NZ_CP047316.1	2779201	1	1274	0.0741	0.1965	-0.1224	other_megaplasmid	False
GCF_009931375.1	NZ_CP035901.1	2763738	1	1289	0.0766	0.1984	-0.1218	other_megaplasmid	False
GCF_009938265.1	NZ_AP022316.1	1707579	1	811	0.0268	0.1420	-0.1152	other_megaplasmid	False
GCF_009938265.1	NZ_AP022319.1	1527330	2	492	0.0192	0.0539	-0.0348	other_megaplasmid	False
GCF_009938265.1	NZ_AP022317.1	1020949	3	303	0.0243	0.0255	-0.0012	other_megaplasmid	False
GCF_009938265.1	NZ_AP022318.1	637291	4	242	0.0128	0.0298	-0.0171	other_megaplasmid	False
GCF_011039955.1	NZ_CP049317.1	1990521	1	749	0.0281	0.0974	-0.0693	other_megaplasmid	False
GCF_011039955.1	NZ_CP049318.1	1831039	2	823	0.0319	0.1256	-0.0937	other_megaplasmid	False
GCF_011039955.1	NZ_CP049319.1	794780	3	124	0.0064	0.0115	-0.0051	other_megaplasmid	False
GCF_011039955.1	NZ_CP049320.1	377315	4	112	0.0038	0.0129	-0.0090	other_megaplasmid	False
GCF_011493005.1	NZ_CP049157.1	1996666	1	750	0.0281	0.0977	-0.0696	other_megaplasmid	False
GCF_011493005.1	NZ_CP049158.1	1826371	2	823	0.0319	0.1259	-0.0940	other_megaplasmid	False
GCF_011493005.1	NZ_CP049159.1	734052	3	185	0.0102	0.0194	-0.0092	other_megaplasmid	False
GCF_011578485.1	NZ_CP050021.1	2875717	1	1299	0.0179	0.2482	-0.2303	other_megaplasmid	False
GCF_012689525.1	NZ_CP051515.1	3638240	1	1812	0.0409	0.3054	-0.2646	other_megaplasmid	False
GCF_012689525.1	NZ_CP051514.1	2486079	2	416	0.0358	0.0326	0.0032	other_megaplasmid	False
GCF_012974245.1	NZ_CP052864.1	2869204	1	1276	0.0728	0.1976	-0.1248	other_megaplasmid	False
GCF_013122645.1	NZ_CP052133.1	2745532	1	1261	0.0741	0.1959	-0.1219	other_megaplasmid	False
GCF_013307145.1	NZ_CP021158.1	2783312	1	1238	0.0677	0.1929	-0.1253	other_megaplasmid	False
GCF_013307165.1	NZ_CP023204.1	2850144	1	1301	0.0715	0.1998	-0.1283	other_megaplasmid	False
GCF_013378095.1	NZ_CP015959.1	2895821	1	1524	0.0485	0.2542	-0.2057	other_megaplasmid	False
GCF_013378095.1	NZ_CP015960.1	1913088	2	782	0.0549	0.0495	0.0054	other_megaplasmid	False
GCF_013426895.1	NZ_AP023175.1	2703868	1	1403	0.0473	0.2474	-0.2001	other_megaplasmid	False
GCF_013426895.1	NZ_AP023176.1	2342401	2	853	0.0358	0.0695	-0.0338	other_megaplasmid	False
GCF_013426895.1	NZ_AP023177.1	606703	3	150	0.0128	0.0044	0.0084	other_megaplasmid	False
GCF_013426915.1	NZ_AP023180.1	2707317	1	1387	0.0319	0.2485	-0.2166	other_megaplasmid	False
GCF_013426915.1	NZ_AP023181.1	2380791	2	812	0.0396	0.0649	-0.0253	other_megaplasmid	False
GCF_013426915.1	NZ_AP023182.1	1440798	3	344	0.0128	0.0301	-0.0173	other_megaplasmid	False
GCF_013426915.1	NZ_AP023183.1	852821	4	200	0.0179	0.0151	0.0028	other_megaplasmid	False
GCF_013822785.1	NZ_CP053610.1	2210956	1	1628	0.0026	0.3612	-0.3587	other_megaplasmid	False
GCF_013822785.1	NZ_CP053611.1	1198966	2	674	0.2912	0.0085	0.2827	c3	True
GCF_013822785.1	NZ_CP053612.1	356237	3	55	0.0038	0.0057	-0.0019	other_megaplasmid	False
GCF_014171495.1	NZ_CP049135.1	1937775	1	964	0.0345	0.1741	-0.1396	other_megaplasmid	False
GCF_014171495.1	NZ_CP049136.1	1583983	2	661	0.0562	0.0564	-0.0002	other_megaplasmid	False
GCF_014171495.1	NZ_CP049137.1	1567213	3	553	0.0396	0.0597	-0.0201	other_megaplasmid	False
GCF_014171495.1	NZ_CP049138.1	455014	4	136	0.0140	0.0066	0.0075	other_megaplasmid	False
GCF_014211915.1	NZ_CP060040.1	2857915	1	2238	0.0000	0.5249	-0.5249	chromosome2	False
GCF_014211915.1	NZ_CP060041.1	1082076	2	844	0.4381	0.0022	0.4359	c3	True
GCF_014263355.1	NZ_CP054469.1	3985347	1	1686	0.1098	0.2660	-0.1562	other_megaplasmid	False
GCF_014357995.1	NZ_CP053301.1	3211025	1	2494	0.0026	0.5629	-0.5604	chromosome2	False
GCF_014357995.1	NZ_CP053302.1	765157	2	545	0.2771	0.0022	0.2749	c3	True
GCF_014854795.1	NZ_CP032011.1	3415325	1	2671	0.0000	0.6226	-0.6226	chromosome2	False
GCF_014854795.1	NZ_CP032010.1	1304848	2	995	0.5504	0.0008	0.5496	c3	True
GCF_016026055.1	NZ_CP065600.1	2820518	1	1294	0.0779	0.1990	-0.1211	other_megaplasmid	False
GCF_016027435.1	NZ_CP065684.1	3126683	1	1442	0.0268	0.2655	-0.2386	other_megaplasmid	False
GCF_016027455.1	NZ_CP065687.1	2913520	1	1369	0.0230	0.2490	-0.2261	other_megaplasmid	False
GCF_016027455.1	NZ_CP065685.1	305114	2	58	0.0077	0.0049	0.0027	other_megaplasmid	False
GCF_016127755.1	NZ_CP066038.1	2646970	1	2107	0.0013	0.4817	-0.4804	chromosome2	False
GCF_016127755.1	NZ_CP066040.1	1281477	2	878	0.4049	0.0025	0.4024	c3	True
GCF_016128195.1	NZ_CP066076.1	2627215	1	1488	0.0255	0.2542	-0.2287	other_megaplasmid	False
GCF_016458785.1	NZ_CP066763.1	2704441	1	2145	0.0038	0.4833	-0.4795	chromosome2	False
GCF_016458805.1	NZ_CP066770.1	2991650	1	2181	0.0064	0.5118	-0.5054	chromosome2	False
GCF_016598875.1	NZ_CP066792.1	2820468	1	1295	0.0779	0.1990	-0.1211	other_megaplasmid	False
GCF_016698705.1	NZ_CP068050.1	3913767	1	1770	0.1290	0.2830	-0.1540	other_megaplasmid	False
GCF_016774495.1	NZ_CP068710.1	2826723	1	1298	0.0179	0.2477	-0.2298	other_megaplasmid	False
GCF_016774495.1	NZ_CP068711.1	303664	2	47	0.0026	0.0044	-0.0018	other_megaplasmid	False
GCF_016864355.1	NZ_CP069361.1	3303859	1	1372	0.0447	0.2477	-0.2030	other_megaplasmid	False
GCF_016889205.1	NZ_CP069483.1	2168068	1	1547	0.0013	0.3552	-0.3540	other_megaplasmid	False
GCF_016889205.1	NZ_CP069484.1	834423	2	541	0.2197	0.0044	0.2153	c3	True
GCF_016899425.1	NZ_CP045995.1	3002449	1	2287	0.0026	0.5107	-0.5081	chromosome2	False
GCF_016899425.1	NZ_CP045996.1	1180421	2	844	0.4483	0.0011	0.4472	c3	True
GCF_016899445.1	NZ_CP041778.1	3288546	1	2280	0.0038	0.5140	-0.5101	chromosome2	False
GCF_016899445.1	NZ_CP041777.1	1031707	2	743	0.3614	0.0014	0.3601	c3	True
GCF_017165175.1	NZ_CP048442.1	2429771	1	1828	0.0000	0.4100	-0.4100	chromosome2	False
GCF_017165175.1	NZ_CP048443.1	696464	2	503	0.2861	0.0022	0.2839	c3	True
GCF_017165195.1	NZ_CP048446.1	2439726	1	1839	0.0000	0.4127	-0.4127	chromosome2	False
GCF_017165195.1	NZ_CP048447.1	728861	2	503	0.2874	0.0022	0.2852	c3	True
GCF_017165475.1	NZ_CP048449.1	2438740	1	1839	0.0000	0.4130	-0.4130	chromosome2	False
GCF_017165475.1	NZ_CP048450.1	728857	2	503	0.2874	0.0022	0.2852	c3	True
GCF_017165495.1	NZ_CP048452.1	2438624	1	1839	0.0000	0.4130	-0.4130	chromosome2	False
GCF_017165495.1	NZ_CP048453.1	728861	2	503	0.2874	0.0022	0.2852	c3	True
GCF_017165515.1	NZ_CP048455.1	2439060	1	1839	0.0000	0.4130	-0.4130	chromosome2	False
GCF_017165515.1	NZ_CP048456.1	728861	2	503	0.2874	0.0022	0.2852	c3	True
GCF_017165535.1	NZ_CP048458.1	2440132	1	1839	0.0000	0.4130	-0.4130	chromosome2	False
GCF_017165535.1	NZ_CP048459.1	728858	2	501	0.2874	0.0022	0.2852	c3	True
GCF_017165555.1	NZ_CP048461.1	2440183	1	1836	0.0000	0.4122	-0.4122	chromosome2	False
GCF_017165555.1	NZ_CP048462.1	728850	2	500	0.2835	0.0022	0.2813	c3	True
GCF_017220215.1	NZ_CP071130.1	1320836	1	653	0.0128	0.1015	-0.0888	other_megaplasmid	False
GCF_017220215.1	NZ_CP071131.1	913575	2	329	0.0307	0.0328	-0.0022	other_megaplasmid	False
GCF_017220215.1	NZ_CP071132.1	588872	3	208	0.0064	0.0304	-0.0240	other_megaplasmid	False
GCF_017378155.1	NZ_CP071747.1	3330822	1	1417	0.0447	0.2564	-0.2117	other_megaplasmid	False
GCF_017378195.1	NZ_CP071750.1	3203152	1	1404	0.0434	0.2551	-0.2116	other_megaplasmid	False
GCF_017378235.1	NZ_CP071752.1	3222599	1	1404	0.0460	0.2529	-0.2069	other_megaplasmid	False
GCF_017378275.1	NZ_CP071758.1	3199869	1	1391	0.0447	0.2518	-0.2071	other_megaplasmid	False
GCF_017378315.2	NZ_CP071755.2	3074610	1	1352	0.0409	0.2460	-0.2052	other_megaplasmid	False
GCF_017378355.1	NZ_CP071760.1	3171004	1	1387	0.0434	0.2515	-0.2081	other_megaplasmid	False
GCF_017378435.1	NZ_CP071762.1	3254530	1	1404	0.0460	0.2551	-0.2091	other_megaplasmid	False
GCF_017514945.1	NZ_CP071826.1	3086006	1	2311	0.0038	0.5378	-0.5339	chromosome2	False
GCF_017514945.1	NZ_CP071827.1	1005275	2	654	0.3103	0.0085	0.3019	c3	True
GCF_017815595.1	NZ_CP072602.1	2400076	1	1782	0.0038	0.4089	-0.4050	chromosome2	False
GCF_017815615.1	NZ_CP072605.1	2289068	1	1765	0.0038	0.4056	-0.4018	chromosome2	False
GCF_017815615.1	NZ_CP072606.1	901857	2	661	0.2848	0.0071	0.2777	c3	True
GCF_017858835.1	NZ_CP021075.1	2836688	1	1296	0.0715	0.2001	-0.1285	other_megaplasmid	False
GCF_018223765.1	NZ_CP073669.1	3176312	1	2430	0.0013	0.5591	-0.5578	chromosome2	False
GCF_018223765.1	NZ_CP073670.1	984325	2	629	0.3499	0.0016	0.3483	c3	True
GCF_018223785.1	NZ_CP073667.1	3267640	1	2541	0.0038	0.5933	-0.5895	chromosome2	False
GCF_018223785.1	NZ_CP073664.1	1531612	2	966	0.4943	0.0011	0.4932	c3	True
GCF_018223785.1	NZ_CP073663.1	395748	3	35	0.0000	0.0016	-0.0016	other_megaplasmid	False
GCF_018223805.1	NZ_CP073676.1	3219652	1	2516	0.0013	0.5651	-0.5639	chromosome2	False
GCF_018223805.1	NZ_CP073675.1	983740	2	703	0.3908	0.0014	0.3894	c3	True
GCF_018228345.1	NZ_CP073723.1	3144211	1	1390	0.0447	0.2512	-0.2065	other_megaplasmid	False
GCF_018228385.1	NZ_CP073729.1	3117866	1	1389	0.0447	0.2515	-0.2068	other_megaplasmid	False
GCF_018228525.1	NZ_CP073726.1	3142999	1	1393	0.0447	0.2521	-0.2074	other_megaplasmid	False
GCF_018228545.1	NZ_CP073741.1	3067082	1	1349	0.0434	0.2403	-0.1969	other_megaplasmid	False
GCF_018228565.1	NZ_CP073735.1	3143942	1	1390	0.0447	0.2515	-0.2068	other_megaplasmid	False
GCF_018228585.1	NZ_CP073732.1	3140230	1	1390	0.0447	0.2515	-0.2068	other_megaplasmid	False
GCF_018228605.1	NZ_CP073738.1	3139758	1	1389	0.0447	0.2512	-0.2065	other_megaplasmid	False
GCF_018228625.1	NZ_CP073704.1	3191508	1	2437	0.0013	0.5621	-0.5608	chromosome2	False
GCF_018228625.1	NZ_CP073703.1	984365	2	721	0.4074	0.0016	0.4058	c3	True
GCF_018408855.1	NZ_AP024325.1	1684880	1	528	0.0192	0.0556	-0.0364	other_megaplasmid	False
GCF_018408855.1	NZ_AP024323.1	1492200	2	781	0.0255	0.1366	-0.1110	other_megaplasmid	False
GCF_018408855.1	NZ_AP024326.1	1015131	3	207	0.0192	0.0093	0.0099	other_megaplasmid	False
GCF_018408855.1	NZ_AP024324.1	848037	4	253	0.0140	0.0216	-0.0076	other_megaplasmid	False
GCF_018408855.1	NZ_AP024327.1	671923	5	264	0.0217	0.0290	-0.0073	other_megaplasmid	False
GCF_018408855.1	NZ_AP024328.1	435466	6	75	0.0051	0.0079	-0.0028	other_megaplasmid	False
GCF_018417535.1	NZ_CP070978.1	3307718	1	2525	0.0064	0.5895	-0.5831	chromosome2	False
GCF_018417535.1	NZ_CP070979.1	1319567	2	752	0.3755	0.0047	0.3708	c3	True
GCF_018771365.1	NZ_CP076298.1	3250235	1	1370	0.0434	0.2444	-0.2010	other_megaplasmid	False
GCF_019428685.1	NZ_CP080096.1	3372003	1	1239	0.0485	0.1951	-0.1466	other_megaplasmid	False
GCF_019915365.1	NZ_CP082808.1	3129934	1	2405	0.0038	0.5629	-0.5591	chromosome2	False
GCF_019915365.1	NZ_CP082809.1	1359055	2	844	0.4138	0.0014	0.4124	c3	True
GCF_019930785.1	NZ_CP082883.1	2168154	1	1545	0.0013	0.3550	-0.3537	other_megaplasmid	False
GCF_019930785.1	NZ_CP082884.1	617193	2	403	0.1584	0.0033	0.1551	c3	True
GCF_020099355.1	NZ_CP083654.1	2262096	1	1628	0.0026	0.3602	-0.3576	other_megaplasmid	False
GCF_020099355.1	NZ_CP083656.1	1248367	2	718	0.2937	0.0041	0.2896	c3	True
GCF_020544345.1	NZ_CP065404.1	2747648	1	1459	0.0421	0.2490	-0.2069	other_megaplasmid	False
GCF_020544345.1	NZ_CP065405.1	2016069	2	797	0.0549	0.0504	0.0046	other_megaplasmid	False
GCF_020736245.1	NZ_CP085966.1	2168154	1	1546	0.0013	0.3552	-0.3540	other_megaplasmid	False
GCF_020736245.1	NZ_CP085968.1	834411	2	542	0.2197	0.0044	0.2153	c3	True
GCF_020843905.1	NZ_CP086292.1	2790852	1	2091	0.0013	0.4778	-0.4766	chromosome2	False
GCF_020843905.1	NZ_CP086293.1	1172279	2	813	0.3870	0.0014	0.3856	c3	True
GCF_020843925.1	NZ_CP086298.1	2746885	1	2148	0.0013	0.4910	-0.4897	chromosome2	False
GCF_020843925.1	NZ_CP086299.1	1156961	2	802	0.3895	0.0016	0.3879	c3	True
GCF_020843945.1	NZ_CP086295.1	3226031	1	2358	0.0089	0.5328	-0.5239	chromosome2	False
GCF_020843945.1	NZ_CP086296.1	1053668	2	762	0.3461	0.0011	0.3450	c3	True
GCF_020843965.1	NZ_CP086302.1	3132505	1	2328	0.0089	0.5268	-0.5179	chromosome2	False
GCF_020843965.1	NZ_CP086303.1	1062608	2	763	0.3474	0.0011	0.3463	c3	True
GCF_020843985.1	NZ_CP086305.1	2827353	1	2184	0.0077	0.5063	-0.4986	chromosome2	False
GCF_020843985.1	NZ_CP086306.1	1172335	2	806	0.3461	0.0022	0.3439	c3	True
GCF_020885575.1	NZ_AP024956.1	3118312	1	1475	0.0383	0.2542	-0.2159	other_megaplasmid	False
GCF_020885575.1	NZ_AP024957.1	2314843	2	854	0.0434	0.0646	-0.0212	other_megaplasmid	False
GCF_020885575.1	NZ_AP024958.1	905722	3	227	0.0268	0.0148	0.0120	other_megaplasmid	False
GCF_020885575.1	NZ_AP024959.1	365189	4	57	0.0102	0.0027	0.0075	other_megaplasmid	False
GCF_021344035.2	NZ_CP158564.1	3826233	1	2922	0.0038	0.6554	-0.6516	chromosome2	False
GCF_021344035.2	NZ_CP158566.1	1328515	2	981	0.5466	0.0014	0.5452	c3	True
GCF_021484945.1	NZ_CP090609.1	3474201	1	2718	0.0026	0.6284	-0.6258	chromosome2	False
GCF_021484945.1	NZ_CP090610.1	1422512	2	1071	0.5134	0.0033	0.5101	c3	True
GCF_021535065.1	NZ_CP091013.1	3224222	1	2403	0.0013	0.5312	-0.5299	chromosome2	False
GCF_021535065.1	NZ_CP091014.1	1096197	2	830	0.4227	0.0016	0.4211	c3	True
GCF_021899435.1	NZ_CP091647.1	3713971	1	2648	0.0026	0.6273	-0.6247	chromosome2	False
GCF_021899435.1	NZ_CP091648.1	1476313	2	715	0.3269	0.0140	0.3130	c3	True
GCF_021899435.1	NZ_CP091649.1	448767	3	73	0.0064	0.0068	-0.0005	other_megaplasmid	False
GCF_022213445.1	NZ_CP091983.1	2300155	1	1618	0.0026	0.3577	-0.3551	other_megaplasmid	False
GCF_022213445.1	NZ_CP091984.1	1090554	2	673	0.3065	0.0038	0.3027	c3	True
GCF_022533485.1	NZ_CP092852.1	3278817	1	2547	0.0038	0.5944	-0.5906	chromosome2	False
GCF_022533485.1	NZ_CP092853.1	1529712	2	1030	0.5313	0.0014	0.5299	c3	True
GCF_022809715.1	NZ_CP094460.1	3004083	1	2364	0.0000	0.5331	-0.5331	chromosome2	False
GCF_022809715.1	NZ_CP094461.1	1053196	2	754	0.3691	0.0019	0.3672	c3	True
GCF_022879575.1	NZ_CP084261.1	1226494	1	628	0.0102	0.1034	-0.0932	other_megaplasmid	False
GCF_022879575.1	NZ_CP084262.1	749981	2	247	0.0140	0.0328	-0.0188	other_megaplasmid	False
GCF_022879575.1	NZ_CP084263.1	675748	3	249	0.0281	0.0216	0.0065	other_megaplasmid	False
GCF_022879595.1	NZ_CP084266.1	1331437	1	683	0.0140	0.1078	-0.0938	other_megaplasmid	False
GCF_022879595.1	NZ_CP084267.1	819395	2	303	0.0230	0.0372	-0.0142	other_megaplasmid	False
GCF_022879595.1	NZ_CP084268.1	469500	3	174	0.0179	0.0140	0.0039	other_megaplasmid	False
GCF_022879615.1	NZ_CP084272.1	1226197	1	661	0.0089	0.1029	-0.0940	other_megaplasmid	False
GCF_022879615.1	NZ_CP084273.1	916501	2	312	0.0179	0.0331	-0.0152	other_megaplasmid	False
GCF_022879615.1	NZ_CP084274.1	652162	3	255	0.0166	0.0271	-0.0105	other_megaplasmid	False
GCF_022879615.1	NZ_CP084275.1	424980	4	47	0.0026	0.0033	-0.0007	other_megaplasmid	False
GCF_022879615.1	NZ_CP084276.1	363975	5	51	0.0051	0.0036	0.0016	other_megaplasmid	False
GCF_022879815.1	NZ_CP084284.1	1407959	1	747	0.0255	0.1289	-0.1034	other_megaplasmid	False
GCF_022879815.1	NZ_CP084285.1	1094832	2	420	0.0128	0.0411	-0.0283	other_megaplasmid	False
GCF_022879815.1	NZ_CP084286.1	759539	3	303	0.0281	0.0375	-0.0094	other_megaplasmid	False
GCF_022879815.1	NZ_CP084287.1	666467	4	117	0.0089	0.0090	-0.0001	other_megaplasmid	False
GCF_022879815.1	NZ_CP084288.1	439699	5	138	0.0064	0.0123	-0.0059	other_megaplasmid	False
GCF_023053515.1	NZ_CP095497.1	3539936	1	2754	0.0013	0.6333	-0.6320	chromosome2	False
GCF_023053515.1	NZ_CP095496.1	1397783	2	1011	0.5351	0.0022	0.5329	c3	True
GCF_023169865.1	NZ_AP025257.1	2877408	1	1434	0.0332	0.2518	-0.2186	other_megaplasmid	False
GCF_023169865.1	NZ_AP025258.1	2290229	2	856	0.0434	0.0660	-0.0225	other_megaplasmid	False
GCF_023169865.1	NZ_AP025259.1	754536	3	148	0.0140	0.0104	0.0036	other_megaplasmid	False
GCF_023169865.1	NZ_AP025260.1	692026	4	186	0.0268	0.0074	0.0194	other_megaplasmid	False
GCF_023170545.1	NZ_CP084251.1	1217329	1	628	0.0102	0.1034	-0.0932	other_megaplasmid	False
GCF_023170545.1	NZ_CP084252.1	1088009	2	358	0.0345	0.0312	0.0033	other_megaplasmid	False
GCF_023170545.1	NZ_CP084253.1	685228	3	249	0.0077	0.0339	-0.0263	other_megaplasmid	False
GCF_023373625.1	NZ_CP090773.1	2334973	1	1757	0.0000	0.3919	-0.3919	chromosome2	False
GCF_023373625.1	NZ_CP090772.1	533389	2	410	0.2286	0.0022	0.2264	c3	True
GCF_023373645.1	NZ_CP090776.1	2334987	1	1757	0.0000	0.3922	-0.3922	chromosome2	False
GCF_023373645.1	NZ_CP090775.1	533391	2	412	0.2312	0.0022	0.2290	c3	True
GCF_023373665.1	NZ_CP090778.1	2358532	1	1803	0.0000	0.3941	-0.3941	chromosome2	False
GCF_023373665.1	NZ_CP090777.1	551761	2	437	0.2465	0.0019	0.2446	c3	True
GCF_023373685.1	NZ_CP090781.1	2358536	1	1802	0.0000	0.3938	-0.3938	chromosome2	False
GCF_023373685.1	NZ_CP090780.1	551749	2	437	0.2465	0.0019	0.2446	c3	True
GCF_023373725.1	NZ_CP090788.1	2145061	1	1558	0.0013	0.3399	-0.3386	other_megaplasmid	False
GCF_023373725.1	NZ_CP090787.1	1111696	2	654	0.2835	0.0082	0.2753	c3	True
GCF_023374315.1	NZ_CP090672.1	2352823	1	1795	0.0000	0.3922	-0.3922	chromosome2	False
GCF_023374315.1	NZ_CP090674.1	551759	2	437	0.2465	0.0019	0.2446	c3	True
GCF_023374335.1	NZ_CP090677.1	3122052	1	2489	0.0013	0.5621	-0.5608	chromosome2	False
GCF_023374335.1	NZ_CP090675.1	1017484	2	784	0.4342	0.0014	0.4329	c3	True
GCF_023374355.1	NZ_CP090678.1	2442620	1	1799	0.0000	0.3935	-0.3935	chromosome2	False
GCF_023374355.1	NZ_CP090679.1	542300	2	424	0.2312	0.0022	0.2290	c3	True
GCF_023374375.1	NZ_CP090681.1	2402736	1	1861	0.0000	0.4119	-0.4119	chromosome2	False
GCF_023374375.1	NZ_CP090683.1	728076	2	547	0.3180	0.0022	0.3158	c3	True
GCF_023374395.1	NZ_CP090686.1	2358312	1	1803	0.0000	0.3938	-0.3938	chromosome2	False
GCF_023374395.1	NZ_CP090685.1	551747	2	437	0.2465	0.0019	0.2446	c3	True
GCF_023374415.1	NZ_CP090688.1	2402749	1	1864	0.0000	0.4124	-0.4124	chromosome2	False
GCF_023374415.1	NZ_CP090690.1	728075	2	548	0.3180	0.0022	0.3158	c3	True
GCF_023374435.1	NZ_CP090694.1	2435330	1	1857	0.0000	0.4182	-0.4182	chromosome2	False
GCF_023374435.1	NZ_CP090693.1	816086	2	488	0.2644	0.0033	0.2611	c3	True
GCF_023374455.1	NZ_CP090696.1	2309426	1	1747	0.0000	0.3914	-0.3914	chromosome2	False
GCF_023374455.1	NZ_CP090697.1	578497	2	443	0.2478	0.0019	0.2458	c3	True
GCF_023374475.1	NZ_CP090698.1	3501858	1	2749	0.0038	0.6382	-0.6344	chromosome2	False
GCF_023374495.1	NZ_CP090702.1	2336499	1	1745	0.0013	0.3924	-0.3912	chromosome2	False
GCF_023374495.1	NZ_CP090700.1	546320	2	436	0.2465	0.0019	0.2446	c3	True
GCF_023374515.1	NZ_CP090705.1	2349819	1	1805	0.0000	0.3993	-0.3993	chromosome2	False
GCF_023374515.1	NZ_CP090704.1	560674	2	438	0.2363	0.0019	0.2344	c3	True
GCF_023374535.1	NZ_CP090708.1	2439213	1	1829	0.0013	0.3960	-0.3947	chromosome2	False
GCF_023374535.1	NZ_CP090709.1	564987	2	441	0.2375	0.0016	0.2359	c3	True
GCF_023374575.1	NZ_CP090715.1	2432265	1	1826	0.0000	0.4001	-0.4001	chromosome2	False
GCF_023374575.1	NZ_CP090716.1	617476	2	467	0.2363	0.0027	0.2335	c3	True
GCF_023374595.1	NZ_CP090717.1	2402759	1	1863	0.0000	0.4122	-0.4122	chromosome2	False
GCF_023374595.1	NZ_CP090719.1	728078	2	547	0.3167	0.0022	0.3145	c3	True
GCF_023374615.1	NZ_CP090722.1	2309425	1	1750	0.0000	0.3919	-0.3919	chromosome2	False
GCF_023374615.1	NZ_CP090723.1	578501	2	443	0.2478	0.0019	0.2458	c3	True
GCF_023374635.1	NZ_CP090725.1	2439884	1	1832	0.0013	0.3963	-0.3950	chromosome2	False
GCF_023374635.1	NZ_CP090726.1	562942	2	439	0.2363	0.0016	0.2346	c3	True
GCF_023374655.1	NZ_CP090727.1	2437988	1	1829	0.0013	0.3960	-0.3947	chromosome2	False
GCF_023374655.1	NZ_CP090729.1	423099	2	326	0.2005	0.0003	0.2002	c3	True
GCF_023374675.1	NZ_CP090732.1	3516028	1	2758	0.0038	0.6401	-0.6363	chromosome2	False
GCF_023374675.1	NZ_CP090731.1	1358651	2	1027	0.5939	0.0014	0.5925	c3	True
GCF_023374695.1	NZ_CP090735.1	2406999	1	1799	0.0000	0.3946	-0.3946	chromosome2	False
GCF_023374695.1	NZ_CP090734.1	563563	2	425	0.2439	0.0022	0.2417	c3	True
GCF_023374715.1	NZ_CP090738.1	3504726	1	2756	0.0038	0.6396	-0.6357	chromosome2	False
GCF_023374715.1	NZ_CP090739.1	1358664	2	1029	0.5951	0.0014	0.5938	c3	True
GCF_023374735.1	NZ_CP090742.1	2404909	1	1801	0.0000	0.3952	-0.3952	chromosome2	False
GCF_023374735.1	NZ_CP090741.1	563580	2	426	0.2452	0.0022	0.2430	c3	True
GCF_023374755.1	NZ_CP090745.1	2358520	1	1802	0.0000	0.3938	-0.3938	chromosome2	False
GCF_023374755.1	NZ_CP090744.1	551769	2	437	0.2465	0.0019	0.2446	c3	True
GCF_023374775.1	NZ_CP090748.1	2288622	1	1747	0.0000	0.3916	-0.3916	chromosome2	False
GCF_023374775.1	NZ_CP090749.1	546597	2	398	0.2248	0.0025	0.2223	c3	True
GCF_023374795.1	NZ_CP090754.1	2436911	1	1829	0.0013	0.3957	-0.3945	chromosome2	False
GCF_023374795.1	NZ_CP090755.1	564128	2	442	0.2375	0.0016	0.2359	c3	True
GCF_023374815.1	NZ_CP090758.1	2358546	1	1802	0.0000	0.3938	-0.3938	chromosome2	False
GCF_023374815.1	NZ_CP090756.1	551764	2	436	0.2465	0.0019	0.2446	c3	True
GCF_023374835.1	NZ_CP090761.1	3122641	1	2490	0.0013	0.5621	-0.5608	chromosome2	False
GCF_023374835.1	NZ_CP090759.1	1017703	2	785	0.4355	0.0014	0.4341	c3	True
GCF_023374855.1	NZ_CP090764.1	3122654	1	2491	0.0013	0.5621	-0.5608	chromosome2	False
GCF_023374855.1	NZ_CP090762.1	1017701	2	785	0.4355	0.0014	0.4341	c3	True
GCF_023374875.1	NZ_CP090765.1	2402736	1	1864	0.0000	0.4124	-0.4124	chromosome2	False
GCF_023374875.1	NZ_CP090767.1	728078	2	547	0.3167	0.0022	0.3145	c3	True
GCF_023374895.1	NZ_CP090769.1	2885946	1	2159	0.2516	0.3935	-0.1419	chromosome2	False
GCF_023658595.1	NZ_CP098322.1	3872622	1	1733	0.1315	0.2770	-0.1454	other_megaplasmid	False
GCF_024022955.1	NZ_CP099583.1	2864763	1	1305	0.0715	0.2011	-0.1296	other_megaplasmid	False
GCF_024072595.1	NZ_CP099625.1	3586118	1	1963	0.0562	0.3235	-0.2673	other_megaplasmid	False
GCF_024072595.1	NZ_CP099626.1	447409	2	76	0.0038	0.0074	-0.0036	other_megaplasmid	False
GCF_024072715.1	NZ_CP099629.1	3584633	1	1967	0.0587	0.3240	-0.2653	other_megaplasmid	False
GCF_024072715.1	NZ_CP099630.1	447414	2	77	0.0038	0.0074	-0.0036	other_megaplasmid	False
GCF_024123895.1	NZ_CP099645.1	3534758	1	1948	0.0409	0.3232	-0.2823	other_megaplasmid	False
GCF_024123895.1	NZ_CP099644.1	434832	2	73	0.0038	0.0074	-0.0036	other_megaplasmid	False
GCF_024381035.2	NZ_CP101525.1	3525317	1	2798	0.0038	0.6467	-0.6429	chromosome2	False
GCF_024381035.2	NZ_CP101526.1	1260712	2	770	0.4891	0.0019	0.4872	c3	True
GCF_024600575.1	NZ_CP102330.1	3408063	1	2700	0.0038	0.6262	-0.6223	chromosome2	False
GCF_024600575.1	NZ_CP102331.1	1406349	2	991	0.5223	0.0033	0.5191	c3	True
GCF_024661975.1	NZ_CP102483.1	3173531	1	2529	0.0026	0.5939	-0.5913	chromosome2	False
GCF_024661975.1	NZ_CP102484.1	1246460	2	949	0.4802	0.0030	0.4772	c3	True
GCF_024662395.1	NZ_CP100132.1	2820186	1	1299	0.0754	0.1990	-0.1236	other_megaplasmid	False
GCF_024662415.1	NZ_CP100137.1	2808990	1	1289	0.0766	0.1987	-0.1221	other_megaplasmid	False
GCF_024662435.1	NZ_CP100141.1	2812129	1	1291	0.0702	0.1984	-0.1282	other_megaplasmid	False
GCF_024662455.1	NZ_CP100145.1	2828244	1	1299	0.0779	0.1992	-0.1213	other_megaplasmid	False
GCF_024662475.1	NZ_CP100151.1	2828244	1	1298	0.0779	0.1992	-0.1213	other_megaplasmid	False
GCF_024662615.1	NZ_CP100157.1	2828244	1	1289	0.0779	0.1990	-0.1211	other_megaplasmid	False
GCF_024662735.1	NZ_CP100163.1	2828244	1	1299	0.0779	0.1992	-0.1213	other_megaplasmid	False
GCF_024662895.1	NZ_CP100169.1	2828244	1	1299	0.0779	0.1992	-0.1213	other_megaplasmid	False
GCF_024663015.1	NZ_CP100182.1	2846341	1	1300	0.0779	0.1995	-0.1216	other_megaplasmid	False
GCF_024663135.1	NZ_CP100175.1	2852417	1	1298	0.0779	0.1984	-0.1205	other_megaplasmid	False
GCF_024663255.1	NZ_CP100187.1	2820186	1	1299	0.0754	0.1990	-0.1236	other_megaplasmid	False
GCF_024663375.1	NZ_CP100192.1	2828244	1	1299	0.0779	0.1992	-0.1213	other_megaplasmid	False
GCF_024663615.1	NZ_CP100198.1	2828243	1	1298	0.0779	0.1990	-0.1211	other_megaplasmid	False
GCF_024663775.1	NZ_CP100204.1	2872561	1	1297	0.0779	0.1987	-0.1208	other_megaplasmid	False
GCF_024663895.1	NZ_CP100210.1	2828244	1	1299	0.0779	0.1992	-0.1213	other_megaplasmid	False
GCF_024663975.1	NZ_CP100216.1	2828245	1	1299	0.0779	0.1992	-0.1213	other_megaplasmid	False
GCF_024663995.1	NZ_CP100222.1	2828243	1	1299	0.0779	0.1992	-0.1213	other_megaplasmid	False
GCF_024664015.1	NZ_CP100234.1	2852417	1	1310	0.0779	0.2003	-0.1224	other_megaplasmid	False
GCF_024664035.1	NZ_CP100228.1	2828245	1	1299	0.0779	0.1992	-0.1213	other_megaplasmid	False
GCF_024664055.1	NZ_CP100239.1	2836302	1	1301	0.0766	0.1992	-0.1226	other_megaplasmid	False
GCF_024664075.1	NZ_CP100245.1	2796013	1	1295	0.0779	0.1984	-0.1205	other_megaplasmid	False
GCF_024664095.1	NZ_CP100251.1	2834421	1	1276	0.0702	0.1970	-0.1268	other_megaplasmid	False
GCF_024664115.1	NZ_CP100263.1	2783927	1	1280	0.0754	0.1957	-0.1203	other_megaplasmid	False
GCF_024664135.1	NZ_CP100257.1	2880619	1	1289	0.0715	0.1981	-0.1266	other_megaplasmid	False
GCF_024664135.1	NZ_CP100258.1	362586	2	58	0.0013	0.0014	-0.0001	other_megaplasmid	False
GCF_024664155.1	NZ_CP100269.1	2828244	1	1299	0.0779	0.1992	-0.1213	other_megaplasmid	False
GCF_024664175.1	NZ_CP100275.1	2828244	1	1299	0.0779	0.1992	-0.1213	other_megaplasmid	False
GCF_024664195.1	NZ_CP100281.1	2908152	1	1299	0.0779	0.1984	-0.1205	other_megaplasmid	False
GCF_024664215.1	NZ_CP100286.1	2735580	1	1277	0.0728	0.1979	-0.1251	other_megaplasmid	False
GCF_024664235.1	NZ_CP100292.1	2728074	1	1280	0.0766	0.1976	-0.1210	other_megaplasmid	False
GCF_024664255.1	NZ_CP100297.1	2840330	1	1290	0.0766	0.1979	-0.1212	other_megaplasmid	False
GCF_024730645.1	NZ_CP078071.1	3022085	1	2408	0.0000	0.5665	-0.5665	chromosome2	False
GCF_024730645.1	NZ_CP078072.1	960211	2	748	0.4304	0.0014	0.4290	c3	True
GCF_024732225.1	NZ_CP091308.1	3026422	1	2342	0.0013	0.5353	-0.5340	chromosome2	False
GCF_024732225.1	NZ_CP091309.1	880277	2	606	0.3410	0.0016	0.3394	c3	True
GCF_024760585.1	NZ_CP033657.1	2248089	1	858	0.0575	0.1160	-0.0586	other_megaplasmid	False
GCF_024760605.1	NZ_CP033665.1	2880619	1	1291	0.0715	0.1984	-0.1269	other_megaplasmid	False
GCF_024760625.1	NZ_CP033667.1	2787956	1	1283	0.0754	0.1965	-0.1211	other_megaplasmid	False
GCF_025244785.1	NZ_CP104215.1	3932966	1	1735	0.1315	0.2753	-0.1438	other_megaplasmid	False
GCF_025560745.1	NZ_CP090484.1	3361469	1	2507	0.0038	0.5810	-0.5772	chromosome2	False
GCF_025560745.1	NZ_CP090482.1	1195610	2	693	0.3780	0.0036	0.3745	c3	True
GCF_025643495.1	NZ_CP102459.1	2259977	1	1751	0.0000	0.4023	-0.4023	chromosome2	False
GCF_025643495.1	NZ_CP102460.1	559470	2	441	0.2324	0.0030	0.2294	c3	True
GCF_025643515.1	NZ_CP102463.1	3158005	1	2514	0.0000	0.5936	-0.5936	chromosome2	False
GCF_025643515.1	NZ_CP102464.1	1349539	2	974	0.4738	0.0022	0.4716	c3	True
GCF_025643555.1	NZ_CP102473.1	2341839	1	1790	0.0000	0.3900	-0.3900	chromosome2	False
GCF_025643555.1	NZ_CP102474.1	549107	2	434	0.2439	0.0019	0.2420	c3	True
GCF_025643575.1	NZ_CP102476.1	3216338	1	2501	0.0026	0.5643	-0.5618	chromosome2	False
GCF_025643575.1	NZ_CP102477.1	882513	2	618	0.3129	0.0025	0.3104	c3	True
GCF_026315005.1	NZ_CP111137.1	2968889	1	1330	0.0396	0.2436	-0.2040	other_megaplasmid	False
GCF_026315025.1	NZ_CP111138.1	3008591	1	1327	0.0396	0.2430	-0.2034	other_megaplasmid	False
GCF_026315045.1	NZ_CP111140.1	3008419	1	1336	0.0396	0.2449	-0.2053	other_megaplasmid	False
GCF_026651625.1	NZ_CP031454.1	3986150	1	1753	0.1149	0.2770	-0.1620	other_megaplasmid	False
GCF_026651975.1	NZ_CP033642.1	2844361	1	1301	0.0779	0.1998	-0.1219	other_megaplasmid	False
GCF_026651995.1	NZ_CP033643.1	2848390	1	1300	0.0779	0.1995	-0.1216	other_megaplasmid	False
GCF_026652015.1	NZ_CP033654.1	2836304	1	1300	0.0779	0.1995	-0.1216	other_megaplasmid	False
GCF_026683835.2	NZ_CP113271.2	2696226	1	2127	0.0000	0.4871	-0.4871	chromosome2	False
GCF_026683835.2	NZ_CP113270.2	1200316	2	856	0.4049	0.0022	0.4027	c3	True
GCF_026683855.2	NZ_CP113277.2	2647171	1	2103	0.0013	0.4806	-0.4793	chromosome2	False
GCF_026683855.2	NZ_CP113276.2	1279812	2	876	0.4036	0.0025	0.4011	c3	True
GCF_026683875.2	NZ_CP113274.2	2647092	1	2103	0.0013	0.4808	-0.4796	chromosome2	False
GCF_026683875.2	NZ_CP113273.2	1279819	2	877	0.4049	0.0025	0.4024	c3	True
GCF_026958255.1	NZ_CP092844.1	2728612	1	2133	0.0000	0.4923	-0.4923	chromosome2	False
GCF_026958255.1	NZ_CP092845.1	1179612	2	840	0.3997	0.0025	0.3973	c3	True
GCF_028201395.1	NZ_CP116404.1	3117834	1	1381	0.0447	0.2501	-0.2054	other_megaplasmid	False
GCF_028462305.2	NZ_CP159410.1	3460727	1	2761	0.0026	0.6366	-0.6340	chromosome2	False
GCF_028462305.2	NZ_CP159411.1	1229589	2	967	0.5198	0.0014	0.5184	c3	True
GCF_028473685.1	NZ_CP099395.1	3466942	1	1787	0.0434	0.3177	-0.2743	other_megaplasmid	False
GCF_028657905.1	NZ_CP117781.1	3002736	1	1520	0.0575	0.2991	-0.2417	other_megaplasmid	False
GCF_028657905.1	NZ_CP117780.1	591164	2	97	0.0268	0.0068	0.0200	other_megaplasmid	False
GCF_029536165.1	NZ_CP120509.1	3100484	1	1523	0.0817	0.2211	-0.1394	other_megaplasmid	False
GCF_029590335.1	NZ_CP120948.1	3244835	1	2540	0.0038	0.5947	-0.5909	chromosome2	False
GCF_029590335.1	NZ_CP120949.1	1529354	2	1030	0.5287	0.0014	0.5274	c3	True
GCF_029633645.1	NZ_CP090633.1	3330511	1	2593	0.0013	0.5848	-0.5836	chromosome2	False
GCF_029633645.1	NZ_CP090634.1	1352714	2	982	0.5057	0.0019	0.5038	c3	True
GCF_029633805.1	NZ_CP090636.1	3207179	1	2419	0.0000	0.5632	-0.5632	chromosome2	False
GCF_029633805.1	NZ_CP090637.1	1577351	2	974	0.4559	0.0033	0.4527	c3	True
GCF_029633825.1	NZ_CP090641.1	3261244	1	2508	0.0051	0.5868	-0.5816	chromosome2	False
GCF_029633825.1	NZ_CP090642.1	1528525	2	1023	0.5262	0.0014	0.5248	c3	True
GCF_029633825.1	NZ_CP090643.1	391552	3	38	0.0000	0.0016	-0.0016	other_megaplasmid	False
GCF_029910195.1	NZ_CP110392.1	2467808	1	1477	0.0281	0.3164	-0.2883	other_megaplasmid	False
GCF_029910195.1	NZ_CP110393.1	1343392	2	640	0.0077	0.1388	-0.1311	other_megaplasmid	False
GCF_029910195.1	NZ_CP110394.1	985706	3	507	0.1443	0.0285	0.1159	other_megaplasmid	False
GCF_029910215.1	NZ_CP110396.1	3338875	1	1705	0.0524	0.3084	-0.2561	other_megaplasmid	False
GCF_029910215.1	NZ_CP110397.1	501257	2	119	0.0140	0.0036	0.0105	other_megaplasmid	False
GCF_029962485.1	NZ_CP073638.1	3267341	1	2568	0.0026	0.6128	-0.6102	chromosome2	False
GCF_029962485.1	NZ_CP073639.1	892866	2	618	0.3780	0.0027	0.3753	c3	True
GCF_030078435.1	NZ_CP120731.1	2219983	1	1618	0.0026	0.3591	-0.3565	other_megaplasmid	False
GCF_030078435.1	NZ_CP120732.1	1205005	2	699	0.2886	0.0049	0.2837	c3	True
GCF_030297195.1	NZ_AP028072.1	3144273	1	1390	0.0447	0.2512	-0.2065	other_megaplasmid	False
GCF_030297215.1	NZ_AP028074.1	3138372	1	1391	0.0447	0.2531	-0.2084	other_megaplasmid	False
GCF_030297235.1	NZ_AP028076.1	3198670	1	1370	0.0434	0.2496	-0.2062	other_megaplasmid	False
GCF_030297255.1	NZ_AP028078.1	3143428	1	1388	0.0434	0.2510	-0.2075	other_megaplasmid	False
GCF_030297275.1	NZ_AP028080.1	3099277	1	1379	0.0421	0.2518	-0.2096	other_megaplasmid	False
GCF_030297295.1	NZ_AP028082.1	3175930	1	1388	0.0549	0.2512	-0.1963	other_megaplasmid	False
GCF_030297315.1	NZ_AP028084.1	3143756	1	1390	0.0447	0.2515	-0.2068	other_megaplasmid	False
GCF_030297335.1	NZ_AP028087.1	3171481	1	1388	0.0524	0.2515	-0.1991	other_megaplasmid	False
GCF_030297355.1	NZ_AP028089.1	3144827	1	1389	0.0447	0.2512	-0.2065	other_megaplasmid	False
GCF_030316055.1	NZ_CP128232.1	884979	1	316	0.0038	0.0657	-0.0619	other_megaplasmid	False
GCF_030316075.1	NZ_CP128230.1	884982	1	319	0.0038	0.0665	-0.0627	other_megaplasmid	False
GCF_030374675.1	NZ_CP126320.1	3002478	1	2260	0.0013	0.4992	-0.4979	chromosome2	False
GCF_030374675.1	NZ_CP126322.1	1022242	2	791	0.4330	0.0011	0.4319	c3	True
GCF_030412785.1	NZ_CP125296.1	2309677	1	817	0.0421	0.0687	-0.0265	other_megaplasmid	False
GCF_030412785.1	NZ_CP125297.1	615744	2	77	0.0051	0.0060	-0.0009	other_megaplasmid	False
GCF_030412785.1	NZ_CP125298.1	399867	3	30	0.0026	0.0005	0.0020	other_megaplasmid	False
GCF_030505635.1	NZ_CP130146.1	3855283	1	1290	0.0766	0.1976	-0.1210	other_megaplasmid	False
GCF_030644525.1	NZ_CP066799.1	3731345	1	1588	0.1022	0.2529	-0.1507	other_megaplasmid	False
GCF_030848725.1	NZ_CP132923.1	2211974	1	1607	0.0013	0.3662	-0.3649	chromosome2	False
GCF_030848725.1	NZ_CP132924.1	828162	2	558	0.2222	0.0047	0.2176	c3	True
GCF_031356765.1	NZ_CP119874.1	3258072	1	1702	0.0511	0.2573	-0.2062	other_megaplasmid	False
GCF_031585635.1	NZ_CP134196.1	2949897	1	1547	0.0204	0.2518	-0.2313	other_megaplasmid	False
GCF_031585635.1	NZ_CP134197.1	936489	2	213	0.0140	0.0167	-0.0026	other_megaplasmid	False
GCF_031585635.1	NZ_CP134198.1	514023	3	102	0.0064	0.0027	0.0036	other_megaplasmid	False
GCF_032806925.1	NZ_CP136512.1	3052929	1	1625	0.0153	0.2581	-0.2427	other_megaplasmid	False
GCF_032806925.1	NZ_CP136511.1	1798776	2	311	0.0204	0.0205	-0.0001	other_megaplasmid	False
GCF_033391855.2	NZ_CM138822.1	3201017	1	1415	0.0370	0.2471	-0.2101	other_megaplasmid	False
GCF_033391855.2	NZ_CM138823.1	2163235	2	816	0.0434	0.0643	-0.0209	other_megaplasmid	False
GCF_033391855.2	NZ_CM138825.1	1096568	3	257	0.0217	0.0241	-0.0024	other_megaplasmid	False
GCF_033675275.1	NZ_QXCS01000001.1	3095076	1	1325	0.0179	0.2526	-0.2347	other_megaplasmid	False
GCF_033675305.1	NZ_QXCT01000001.1	3018887	1	1293	0.0179	0.2479	-0.2301	other_megaplasmid	False
GCF_033675325.1	NZ_QXCU01000002.1	3329779	1	2625	0.0000	0.6155	-0.6155	chromosome2	False
GCF_033675325.1	NZ_QXCU01000004.1	1312533	2	995	0.5530	0.0008	0.5522	c3	True
GCF_033870355.1	NZ_CP124605.1	3152963	1	1024	0.0319	0.1970	-0.1651	other_megaplasmid	False
GCF_033870375.1	NZ_CP124602.1	2196737	1	968	0.0166	0.1946	-0.1780	other_megaplasmid	False
GCF_033956065.1	NZ_CP124607.1	2324638	1	1049	0.0192	0.2088	-0.1897	other_megaplasmid	False
GCF_034047095.1	NZ_CP139166.1	1375786	1	382	0.0460	0.0424	0.0036	other_megaplasmid	False
GCF_034047095.1	NZ_CP139164.1	1063849	2	239	0.0051	0.0238	-0.0187	other_megaplasmid	False
GCF_034424545.1	NZ_CP139971.1	2294374	1	1003	0.0524	0.1426	-0.0902	other_megaplasmid	False
GCF_035621555.1	NZ_CP141810.1	2860001	1	1297	0.0179	0.2474	-0.2295	other_megaplasmid	False
GCF_036352035.1	NZ_CP143551.1	2436595	1	1858	0.0000	0.4184	-0.4184	chromosome2	False
GCF_036352035.1	NZ_CP143553.1	744397	2	495	0.2567	0.0082	0.2485	c3	True
GCF_036362805.1	NZ_CP143590.1	2296428	1	1782	0.0013	0.3963	-0.3950	chromosome2	False
GCF_036362805.1	NZ_CP143591.1	553665	2	430	0.2427	0.0022	0.2405	c3	True
GCF_036837415.1	NZ_CP045574.1	3979285	1	1750	0.1660	0.2693	-0.1033	chromosome2	False
GCF_036839165.1	NZ_CP045577.1	3979224	1	1751	0.1660	0.2696	-0.1035	chromosome2	False
GCF_037055255.1	NZ_CP146377.1	3596266	1	2551	0.0051	0.5649	-0.5598	chromosome2	False
GCF_037055255.1	NZ_CP146378.1	1309808	2	884	0.4419	0.0022	0.4397	c3	True
GCF_037101255.1	NZ_AP028997.1	3049510	1	1439	0.0498	0.2496	-0.1998	other_megaplasmid	False
GCF_037101255.1	NZ_AP028998.1	2481578	2	874	0.0396	0.0701	-0.0305	other_megaplasmid	False
GCF_037101255.1	NZ_AP028999.1	607234	3	123	0.0128	0.0038	0.0089	other_megaplasmid	False
GCF_037101275.1	NZ_AP029052.1	3017943	1	2407	0.0000	0.5331	-0.5331	chromosome2	False
GCF_037101275.1	NZ_AP029051.1	1149504	2	821	0.4406	0.0014	0.4392	c3	True
GCF_037477895.1	NZ_CP132745.1	789630	1	183	0.0089	0.0293	-0.0203	other_megaplasmid	False
GCF_037477905.1	NZ_CP132742.1	768340	1	179	0.0089	0.0290	-0.0201	other_megaplasmid	False
GCF_037478035.1	NZ_CP062169.1	716486	1	189	0.0089	0.0312	-0.0223	other_megaplasmid	False
GCF_037478045.1	NZ_CP062172.1	823248	1	185	0.0089	0.0282	-0.0192	other_megaplasmid	False
GCF_037478055.1	NZ_CP062173.1	824220	1	184	0.0115	0.0279	-0.0164	other_megaplasmid	False
GCF_037478065.1	NZ_CP062175.1	857052	1	181	0.0115	0.0282	-0.0167	other_megaplasmid	False
GCF_037478075.1	NZ_CP062179.1	763274	1	181	0.0077	0.0285	-0.0208	other_megaplasmid	False
GCF_037478085.1	NZ_CP062180.1	855141	1	184	0.0089	0.0293	-0.0203	other_megaplasmid	False
GCF_038050405.1	NZ_CP150901.1	4449873	1	1883	0.0587	0.2895	-0.2308	other_megaplasmid	False
GCF_038452255.1	NZ_CP150850.1	3466835	1	2568	0.0051	0.6004	-0.5953	chromosome2	False
GCF_038452255.1	NZ_CP150851.1	848493	2	604	0.3448	0.0022	0.3426	c3	True
GCF_038723655.1	NZ_CP109822.1	3471056	1	2709	0.0000	0.6497	-0.6497	chromosome2	False
GCF_038723655.1	NZ_CP109823.1	1355460	2	805	0.4866	0.0038	0.4828	c3	True
GCF_038782865.1	NZ_CP152370.1	2651331	1	2137	0.0013	0.4880	-0.4867	chromosome2	False
GCF_038983115.1	NZ_JAQIYQ010000002.1	3198821	1	1389	0.0447	0.2512	-0.2065	other_megaplasmid	False
GCF_038983225.1	NZ_JAQIYP010000002.1	3199400	1	1387	0.0447	0.2510	-0.2063	other_megaplasmid	False
GCF_039621805.1	NZ_CP155074.1	2121176	1	1242	0.0179	0.2296	-0.2117	other_megaplasmid	False
GCF_039621805.1	NZ_CP155075.1	1091221	2	337	0.0268	0.0279	-0.0011	other_megaplasmid	False
GCF_039621805.1	NZ_CP155076.1	343856	3	33	0.0026	0.0008	0.0017	other_megaplasmid	False
GCF_039728355.1	NZ_CP155788.1	3225523	1	2455	0.0013	0.5665	-0.5652	chromosome2	False
GCF_039728355.1	NZ_CP155789.1	1017452	2	787	0.4304	0.0014	0.4290	c3	True
GCF_039848545.1	NZ_CP156686.1	3167812	1	2100	0.0307	0.4483	-0.4176	chromosome2	False
GCF_039848545.1	NZ_CP156687.1	873368	2	509	0.1826	0.0120	0.1706	c3	True
GCF_039852015.1	NZ_CP156627.1	1581533	1	468	0.0192	0.0624	-0.0432	other_megaplasmid	False
GCF_039852015.1	NZ_CP156628.1	1220225	2	260	0.0089	0.0285	-0.0195	other_megaplasmid	False
GCF_040215475.1	NZ_CP157952.1	3249807	1	2545	0.0038	0.5944	-0.5906	chromosome2	False
GCF_040215475.1	NZ_CP157954.1	1529208	2	1029	0.5313	0.0014	0.5299	c3	True
GCF_040314805.1	NZ_CP131478.1	2294360	1	1008	0.0524	0.1440	-0.0916	other_megaplasmid	False
GCF_040361905.1	NZ_AP029614.1	3017103	1	1423	0.0332	0.2510	-0.2178	other_megaplasmid	False
GCF_040361905.1	NZ_AP029615.1	2148366	2	817	0.0434	0.0635	-0.0201	other_megaplasmid	False
GCF_040361905.1	NZ_AP029616.1	1161355	3	223	0.0140	0.0222	-0.0081	other_megaplasmid	False
GCF_040361905.1	NZ_AP029617.1	845856	4	168	0.0230	0.0175	0.0055	other_megaplasmid	False
GCF_040735455.1	NZ_CP136804.1	2809008	1	2162	0.0000	0.4860	-0.4860	chromosome2	False
GCF_040735455.1	NZ_CP136805.1	1062595	2	781	0.4125	0.0022	0.4103	c3	True
GCF_040761425.1	NZ_CP142885.1	3048481	1	2399	0.0089	0.5411	-0.5321	chromosome2	False
GCF_040761425.1	NZ_CP142889.1	1094235	2	833	0.4087	0.0055	0.4032	c3	True
GCF_041070875.1	NZ_CP163500.1	3307321	1	2668	0.0000	0.6229	-0.6229	chromosome2	False
GCF_041070875.1	NZ_CP163501.1	1196453	2	953	0.5019	0.0011	0.5008	c3	True
GCF_041205585.2	NZ_CM145222.1	3164445	1	2486	0.0013	0.5627	-0.5614	chromosome2	False
GCF_041205585.2	NZ_CM145223.1	608063	2	439	0.2746	0.0027	0.2718	c3	True
GCF_042604585.1	NZ_CP152483.1	3964551	1	1813	0.1481	0.2794	-0.1313	other_megaplasmid	False
GCF_042604595.1	NZ_CP152479.1	4046521	1	1751	0.1315	0.2756	-0.1440	other_megaplasmid	False
GCF_043193125.1	NZ_CP142982.1	2949100	1	2219	0.0038	0.5008	-0.4970	chromosome2	False
GCF_043193125.1	NZ_CP142983.1	1110499	2	774	0.3474	0.0005	0.3468	c3	True
GCF_044057485.1	NZ_CP172006.1	3246353	1	2543	0.0038	0.5947	-0.5909	chromosome2	False
GCF_044057485.1	NZ_CP172005.1	1531168	2	1030	0.5313	0.0014	0.5299	c3	True
GCF_044501195.1	NZ_CP162533.1	3316690	1	2402	0.0051	0.5619	-0.5567	chromosome2	False
GCF_044501195.1	NZ_CP162534.1	1465948	2	829	0.2950	0.0167	0.2783	c3	True
GCF_045345775.1	NZ_CP174277.1	2799897	1	2175	0.0013	0.4871	-0.4859	chromosome2	False
GCF_045345775.1	NZ_CP174278.1	1087154	2	797	0.4304	0.0022	0.4282	c3	True
GCF_045348565.1	NZ_CP157347.1	3633723	1	1975	0.0498	0.3309	-0.2811	other_megaplasmid	False
GCF_045348565.1	NZ_CP157348.1	403533	2	54	0.0026	0.0041	-0.0016	other_megaplasmid	False
GCF_045348565.1	NZ_CP157349.1	365033	3	52	0.0026	0.0049	-0.0024	other_megaplasmid	False
GCF_045862465.1	NZ_AP024338.1	3800749	1	1752	0.1315	0.2802	-0.1487	other_megaplasmid	False
GCF_045925845.1	NZ_CP174522.1	3026459	1	2376	0.0000	0.5364	-0.5364	chromosome2	False
GCF_045925845.1	NZ_CP174523.1	1014137	2	735	0.3614	0.0022	0.3592	c3	True
GCF_045925845.1	NZ_CP174524.1	362812	3	49	0.0038	0.0022	0.0016	other_megaplasmid	False
GCF_046773525.1	NZ_CP177245.1	3418465	1	2642	0.0230	0.6180	-0.5950	chromosome2	False
GCF_046773525.1	NZ_CP177246.1	1062444	2	717	0.3870	0.0019	0.3851	c3	True
GCF_047127275.1	NZ_CP098397.1	3418796	1	2659	0.0000	0.6226	-0.6226	chromosome2	False
GCF_047127275.1	NZ_CP098398.1	1354427	2	915	0.5083	0.0030	0.5053	c3	True
GCF_047325075.1	NZ_CP168530.1	2682027	1	1667	0.0485	0.2551	-0.2065	other_megaplasmid	False
GCF_047497155.1	NZ_CP163162.1	3417923	1	1502	0.0779	0.2564	-0.1785	other_megaplasmid	False
GCF_047497165.1	NZ_CP163164.1	3497524	1	1518	0.0779	0.2573	-0.1793	other_megaplasmid	False
GCF_047902435.1	NZ_CP138379.1	3375692	1	2736	0.0000	0.6352	-0.6352	chromosome2	False
GCF_047902435.1	NZ_CP138380.1	1411079	2	1083	0.5492	0.0022	0.5470	c3	True
GCF_048565175.1	NZ_CP183459.1	4000879	1	1740	0.1354	0.2748	-0.1394	other_megaplasmid	False
GCF_048565265.1	NZ_CP183462.1	3438352	1	2646	0.0204	0.6218	-0.6014	chromosome2	False
GCF_048565265.1	NZ_CP183463.1	1379386	2	835	0.4112	0.0109	0.4003	c3	True
GCF_048627025.1	NZ_CP184469.1	3399615	1	2460	0.0421	0.5692	-0.5271	chromosome2	False
GCF_048627025.1	NZ_CP184470.1	1194331	2	749	0.2976	0.0668	0.2308	c3	True
GCF_048627025.1	NZ_CP184471.1	321572	3	17	0.0013	0.0014	-0.0001	other_megaplasmid	False
GCF_048688115.1	NZ_CP166682.1	2858975	1	1300	0.0179	0.2485	-0.2306	other_megaplasmid	False
GCF_048917655.1	NZ_CP183168.1	3834485	1	1759	0.1584	0.2750	-0.1167	chromosome2	False
GCF_048917665.1	NZ_CP183170.1	3834690	1	1689	0.1469	0.2641	-0.1172	other_megaplasmid	False
GCF_048917685.1	NZ_CP183175.1	3834513	1	1762	0.1596	0.2753	-0.1157	chromosome2	False
GCF_049177125.1	NZ_CP185392.1	3394556	1	1676	0.0421	0.2537	-0.2115	other_megaplasmid	False
GCF_049487195.1	NZ_CP137810.1	3268913	1	2521	0.0077	0.5777	-0.5701	chromosome2	False
GCF_049487195.1	NZ_CP137809.1	1276413	2	814	0.4355	0.0041	0.4314	c3	True
GCF_049913365.1	NZ_CP184382.1	2774643	1	2173	0.0013	0.4956	-0.4943	chromosome2	False
GCF_049913365.1	NZ_CP184383.1	1157293	2	831	0.3614	0.0019	0.3595	c3	True
GCF_049942845.1	NZ_CP187968.1	2805731	1	2176	0.0013	0.4945	-0.4932	chromosome2	False
GCF_049942845.1	NZ_CP187969.1	1154659	2	822	0.3602	0.0019	0.3582	c3	True
GCF_050320195.1	NZ_CP190014.1	3456576	1	1386	0.0460	0.2518	-0.2058	other_megaplasmid	False
GCF_050430075.1	NZ_CP191272.1	1112911	1	222	0.0051	0.0235	-0.0184	other_megaplasmid	False
GCF_050430075.1	NZ_CP191273.1	557219	2	133	0.0026	0.0172	-0.0147	other_megaplasmid	False
GCF_050500075.1	NZ_CP191363.1	1952731	1	963	0.0345	0.1752	-0.1407	other_megaplasmid	False
GCF_050500075.1	NZ_CP191364.1	1644569	2	520	0.0447	0.0586	-0.0139	other_megaplasmid	False
GCF_050500075.1	NZ_CP191365.1	1524649	3	644	0.0549	0.0564	-0.0015	other_megaplasmid	False
GCF_050613125.1	NZ_CP192537.1	4049529	1	1762	0.1201	0.2781	-0.1580	other_megaplasmid	False
GCF_050613135.1	NZ_CP192534.1	3325566	1	2708	0.0000	0.6368	-0.6368	chromosome2	False
GCF_050613135.1	NZ_CP192535.1	1273355	2	979	0.5504	0.0003	0.5502	c3	True
GCF_050627075.1	NZ_CP192478.1	3508438	1	1912	0.0383	0.3273	-0.2890	other_megaplasmid	False
GCF_050627075.1	NZ_CP192480.1	647572	2	147	0.0089	0.0109	-0.0020	other_megaplasmid	False
GCF_050627075.1	NZ_CP192479.1	437227	3	74	0.0038	0.0074	-0.0036	other_megaplasmid	False
GCF_050627395.1	NZ_CP192496.1	3508453	1	1909	0.0383	0.3270	-0.2887	other_megaplasmid	False
GCF_050627395.1	NZ_CP192497.1	647572	2	147	0.0089	0.0109	-0.0020	other_megaplasmid	False
GCF_050627395.1	NZ_CP192494.1	437225	3	74	0.0038	0.0074	-0.0036	other_megaplasmid	False
GCF_050632305.1	NZ_CP192557.1	3146357	1	2526	0.0026	0.5944	-0.5919	chromosome2	False
GCF_050632305.1	NZ_CP192558.1	1249564	2	925	0.4623	0.0022	0.4601	c3	True
GCF_050632315.1	NZ_CP192546.1	3146363	1	2531	0.0026	0.5961	-0.5935	chromosome2	False
GCF_050632315.1	NZ_CP192547.1	1249208	2	921	0.4598	0.0022	0.4576	c3	True
GCF_050632325.1	NZ_CP192561.1	3391474	1	2718	0.0026	0.6426	-0.6400	chromosome2	False
GCF_050632325.1	NZ_CP192562.1	1232208	2	936	0.5198	0.0019	0.5179	c3	True
GCF_050632335.1	NZ_CP192553.1	3146358	1	2531	0.0026	0.5958	-0.5932	chromosome2	False
GCF_050632335.1	NZ_CP192554.1	1249557	2	918	0.4572	0.0019	0.4553	c3	True
GCF_050632345.1	NZ_CP192564.1	3146071	1	2526	0.0026	0.5950	-0.5924	chromosome2	False
GCF_050632345.1	NZ_CP192565.1	1249576	2	923	0.4610	0.0022	0.4589	c3	True
GCF_050632355.1	NZ_CP192550.1	3452404	1	2727	0.0000	0.6382	-0.6382	chromosome2	False
GCF_050632355.1	NZ_CP192551.1	1455279	2	1070	0.5683	0.0005	0.5678	c3	True
GCF_050813845.1	NZ_CP172422.1	3569160	1	2298	0.0294	0.4699	-0.4405	chromosome2	False
GCF_050813845.1	NZ_CP172423.1	810260	2	385	0.1418	0.0093	0.1325	other_megaplasmid	False
GCF_050858985.1	NZ_CP110091.1	3340423	1	1789	0.0268	0.2693	-0.2425	other_megaplasmid	False
GCF_050858985.1	NZ_CP110092.1	531418	2	73	0.0038	0.0049	-0.0011	other_megaplasmid	False
GCF_050858985.1	NZ_CP110093.1	361596	3	70	0.0064	0.0030	0.0034	other_megaplasmid	False
GCF_050920555.1	NZ_CP129640.1	3916618	1	1784	0.1788	0.2701	-0.0913	chromosome2	False
GCF_050955445.1	NZ_CP162618.1	615672	1	12	0.0026	0.0022	0.0004	other_megaplasmid	False
GCF_050990585.1	NZ_CP158826.1	2684093	1	1639	0.0460	0.2540	-0.2080	other_megaplasmid	False
GCF_050990595.1	NZ_CP158828.1	2350248	1	1166	0.0779	0.1719	-0.0940	other_megaplasmid	False
GCF_050990595.1	NZ_CP158829.1	1064117	2	436	0.0128	0.0687	-0.0559	other_megaplasmid	False
GCF_050990595.1	NZ_CP158830.1	1028322	3	380	0.0281	0.0482	-0.0201	other_megaplasmid	False
GCF_050990595.1	NZ_CP158831.1	406422	4	89	0.0192	0.0071	0.0120	other_megaplasmid	False
GCF_051027425.1	NZ_CP186553.1	3705942	1	1897	0.0473	0.3008	-0.2535	other_megaplasmid	False
GCF_051124805.1	NZ_CP123188.1	2201119	1	1053	0.0460	0.1686	-0.1226	other_megaplasmid	False
GCF_051124805.1	NZ_CP123189.1	1142246	2	446	0.0460	0.0525	-0.0066	other_megaplasmid	False
GCF_051124805.1	NZ_CP123190.1	876996	3	370	0.0140	0.0567	-0.0426	other_megaplasmid	False
GCF_051124805.1	NZ_CP123191.1	611493	4	13	0.0026	0.0016	0.0009	other_megaplasmid	False
GCF_051124805.1	NZ_CP123192.1	385804	5	77	0.0026	0.0093	-0.0068	other_megaplasmid	False
GCF_051125205.1	NZ_CP120429.1	2151576	1	1055	0.0485	0.1683	-0.1198	other_megaplasmid	False
GCF_051125205.1	NZ_CP120430.1	1164524	2	452	0.0473	0.0534	-0.0061	other_megaplasmid	False
GCF_051125205.1	NZ_CP120431.1	878557	3	372	0.0153	0.0567	-0.0413	other_megaplasmid	False
GCF_051125205.1	NZ_CP120432.1	383350	4	76	0.0026	0.0093	-0.0068	other_megaplasmid	False
GCF_051125215.1	NZ_CP120443.1	2177893	1	1057	0.0485	0.1694	-0.1209	other_megaplasmid	False
GCF_051125215.1	NZ_CP120444.1	1262688	2	482	0.0639	0.0545	0.0094	other_megaplasmid	False
GCF_051125215.1	NZ_CP120445.1	1038708	3	423	0.0434	0.0577	-0.0143	other_megaplasmid	False
GCF_051125215.1	NZ_CP120446.1	755024	4	125	0.0089	0.0085	0.0005	other_megaplasmid	False
GCF_051125545.1	NZ_CP120435.1	2154813	1	1056	0.0485	0.1686	-0.1201	other_megaplasmid	False
GCF_051125545.1	NZ_CP120436.1	1162407	2	452	0.0460	0.0534	-0.0074	other_megaplasmid	False
GCF_051125545.1	NZ_CP120437.1	876996	3	373	0.0153	0.0569	-0.0416	other_megaplasmid	False
GCF_051125545.1	NZ_CP120438.1	619140	4	13	0.0026	0.0016	0.0009	other_megaplasmid	False
GCF_051125545.1	NZ_CP120439.1	384638	5	76	0.0026	0.0093	-0.0068	other_megaplasmid	False
GCF_051355645.1	NZ_CP195709.1	3595701	1	2764	0.0038	0.6554	-0.6516	chromosome2	False
GCF_051355645.1	NZ_CP195708.1	1395069	2	860	0.4981	0.0049	0.4932	c3	True
GCF_051560065.1	NZ_CM121436.1	3203209	1	1397	0.0447	0.2523	-0.2076	other_megaplasmid	False
GCF_051560085.1	NZ_CM121438.1	3211908	1	1395	0.0447	0.2515	-0.2068	other_megaplasmid	False
GCF_051560105.1	NZ_CM121440.1	3284474	1	1403	0.0434	0.2537	-0.2103	other_megaplasmid	False
GCF_051560125.1	NZ_CM121442.1	3288499	1	1403	0.0447	0.2542	-0.2095	other_megaplasmid	False
GCF_051560145.1	NZ_CM121444.1	3289396	1	1410	0.0447	0.2534	-0.2087	other_megaplasmid	False
GCF_051615025.1	NZ_CP195132.1	2175802	1	883	0.0217	0.1223	-0.1006	other_megaplasmid	False
GCF_051615025.1	NZ_CP195131.1	1389204	2	474	0.0294	0.0534	-0.0240	other_megaplasmid	False
GCF_052222725.1	NZ_CM125934.1	3914413	1	1741	0.1635	0.2677	-0.1042	chromosome2	False
GCF_052854005.1	NZ_CP193433.1	3243075	1	1390	0.0434	0.2521	-0.2086	other_megaplasmid	False
GCF_052854015.1	NZ_CP193434.1	3195248	1	1393	0.0434	0.2523	-0.2089	other_megaplasmid	False
GCF_052854305.1	NZ_CP193439.1	3142130	1	1394	0.0447	0.2521	-0.2074	other_megaplasmid	False
GCF_052854315.1	NZ_CP193437.1	3193295	1	1395	0.0447	0.2526	-0.2079	other_megaplasmid	False
GCF_052854605.1	NZ_CP193442.1	3174682	1	1387	0.0460	0.2518	-0.2058	other_megaplasmid	False
GCF_052854615.1	NZ_CP193443.1	3174777	1	1386	0.0460	0.2515	-0.2055	other_megaplasmid	False
GCF_052854885.1	NZ_CP193446.1	3212550	1	1385	0.0460	0.2515	-0.2055	other_megaplasmid	False
GCF_052854895.1	NZ_CP193447.1	3100937	1	1377	0.0434	0.2515	-0.2081	other_megaplasmid	False
GCF_052855305.1	NZ_CP193449.1	3194467	1	1395	0.0447	0.2518	-0.2071	other_megaplasmid	False
GCF_052855315.1	NZ_CP193451.1	3194602	1	1396	0.0447	0.2521	-0.2074	other_megaplasmid	False
GCF_052855605.1	NZ_CP193454.1	3147087	1	1403	0.0460	0.2548	-0.2088	other_megaplasmid	False
GCF_052855615.1	NZ_CP193456.1	3124250	1	1391	0.0447	0.2518	-0.2071	other_megaplasmid	False
GCF_052855985.1	NZ_CP193457.1	3122619	1	1391	0.0447	0.2518	-0.2071	other_megaplasmid	False
GCF_052856205.1	NZ_CP193460.1	3118003	1	1387	0.0447	0.2512	-0.2065	other_megaplasmid	False
GCF_052857015.1	NZ_CP193461.1	3120946	1	1389	0.0447	0.2515	-0.2068	other_megaplasmid	False
GCF_052857225.1	NZ_CP193464.1	3171656	1	1393	0.0434	0.2523	-0.2089	other_megaplasmid	False
GCF_052857935.1	NZ_CP193465.1	3149901	1	1382	0.0421	0.2521	-0.2099	other_megaplasmid	False
GCF_052858145.1	NZ_CP193467.1	3150400	1	1383	0.0421	0.2521	-0.2099	other_megaplasmid	False
GCF_052858685.1	NZ_CP193469.1	3183232	1	1382	0.0421	0.2518	-0.2096	other_megaplasmid	False
GCF_052858755.1	NZ_CP193472.1	3114344	1	1382	0.0421	0.2518	-0.2096	other_megaplasmid	False
GCF_053038975.1	NZ_CP199960.1	2862001	1	2255	0.0026	0.4912	-0.4887	chromosome2	False
GCF_053038975.1	NZ_CP199961.1	1244422	2	901	0.4649	0.0025	0.4624	c3	True
GCF_053153985.1	NZ_CP195305.1	2366034	1	1640	0.0026	0.3632	-0.3606	other_megaplasmid	False
GCF_053153985.1	NZ_CP195306.1	1060975	2	637	0.2746	0.0090	0.2656	c3	True
GCF_053153985.1	NZ_CP195307.1	367612	3	78	0.0064	0.0107	-0.0043	other_megaplasmid	False
GCF_053209605.1	NZ_CP199986.1	2859967	1	2253	0.0026	0.4910	-0.4884	chromosome2	False
GCF_053209605.1	NZ_CP199987.1	1244416	2	903	0.4662	0.0025	0.4637	c3	True
GCF_053348855.1	NZ_CM130028.1	2960641	1	2281	0.0064	0.5397	-0.5333	chromosome2	False
GCF_053348855.1	NZ_CM130029.1	978336	2	714	0.3806	0.0068	0.3737	c3	True
GCF_053470105.1	NZ_CM130276.1	3913691	1	1788	0.1724	0.2729	-0.1004	chromosome2	False
GCF_053470145.1	NZ_CM130278.1	3913611	1	1787	0.1724	0.2726	-0.1002	chromosome2	False
GCF_053760385.1	NZ_CM132389.1	2718970	1	854	0.0319	0.1073	-0.0754	other_megaplasmid	False
GCF_053760385.1	NZ_CM132390.1	2004775	2	863	0.0358	0.1273	-0.0915	other_megaplasmid	False
GCF_053760385.1	NZ_JBSNBT010000003.1	309132	3	66	0.0026	0.0038	-0.0013	other_megaplasmid	False
GCF_054073385.1	NZ_CM133399.1	3112656	1	2398	0.0000	0.5307	-0.5307	chromosome2	False
GCF_054073385.1	NZ_JBSXPX010000001.1	972273	2	703	0.3563	0.0030	0.3533	c3	True
GCF_054073385.1	NZ_JBSXPX010000004.1	309254	3	48	0.0013	0.0005	0.0007	other_megaplasmid	False
GCF_054073395.1	NZ_CM133401.1	3084765	1	2397	0.0000	0.5301	-0.5301	chromosome2	False
GCF_054073395.1	NZ_JBSXQA010000004.1	972174	2	706	0.3589	0.0027	0.3561	c3	True
GCF_054073395.1	NZ_JBSXQA010000005.1	314915	3	51	0.0013	0.0005	0.0007	other_megaplasmid	False
GCF_054166125.1	NZ_JBSWBW010000002.1	3305954	1	1707	0.0204	0.2581	-0.2376	other_megaplasmid	False
GCF_054166125.1	NZ_CM135119.1	530902	2	93	0.0038	0.0107	-0.0068	other_megaplasmid	False
GCF_054166145.1	NZ_JBSWBX010000004.1	2962017	1	1681	0.0192	0.2608	-0.2417	other_megaplasmid	False
GCF_054166145.1	NZ_JBSWBX010000007.1	454603	2	55	0.0064	0.0049	0.0015	other_megaplasmid	False
GCF_054166145.1	NZ_JBSWBX010000006.1	330751	3	55	0.0051	0.0030	0.0021	other_megaplasmid	False
GCF_054166155.1	NZ_CM135120.1	3305952	1	1709	0.0192	0.2583	-0.2392	other_megaplasmid	False
GCF_054166155.1	NZ_JBSWBV010000003.1	530905	2	96	0.0038	0.0107	-0.0068	other_megaplasmid	False
GCF_054166185.1	NZ_JBSWBZ010000004.1	3014549	1	2227	0.0026	0.4948	-0.4922	chromosome2	False
GCF_054166185.1	NZ_CM135122.1	1268256	2	854	0.3831	0.0025	0.3807	c3	True
GCF_054166195.1	NZ_CM135123.1	2861885	1	1701	0.0332	0.2682	-0.2350	other_megaplasmid	False
GCF_054166225.1	NZ_CM135124.1	3194468	1	1724	0.0192	0.2646	-0.2455	other_megaplasmid	False
GCF_054166245.1	NZ_CM135125.1	3305972	1	1715	0.0192	0.2589	-0.2397	other_megaplasmid	False
GCF_054166245.1	NZ_JBSWCC010000002.1	530913	2	96	0.0038	0.0104	-0.0066	other_megaplasmid	False
GCF_054166265.1	NZ_CM135126.1	3195775	1	1726	0.0192	0.2646	-0.2455	other_megaplasmid	False
GCF_054187845.1	NZ_CM135175.1	3794154	1	1769	0.1596	0.2761	-0.1165	chromosome2	False
GCF_054558305.1	NZ_AP045831.1	3245198	1	2540	0.0038	0.5941	-0.5903	chromosome2	False
GCF_054558305.1	NZ_AP045832.1	1528475	2	1032	0.5326	0.0014	0.5312	c3	True
GCF_055386035.1	NZ_AP028974.1	3758526	1	1745	0.1443	0.2718	-0.1274	other_megaplasmid	False
GCF_055386035.1	NZ_AP028975.1	402366	2	83	0.0038	0.0068	-0.0030	other_megaplasmid	False
GCF_055387925.1	NZ_AP040282.1	2327965	1	1043	0.0192	0.2063	-0.1872	other_megaplasmid	False
GCF_055391905.1	NZ_AP043693.1	2645723	1	1495	0.0204	0.2600	-0.2396	other_megaplasmid	False
GCF_055391905.1	NZ_AP043694.1	1297584	2	423	0.0281	0.0350	-0.0069	other_megaplasmid	False
GCF_055397325.1	NZ_AP028201.1	2945934	1	1427	0.0485	0.2512	-0.2027	other_megaplasmid	False
GCF_055397325.1	NZ_AP028202.1	2302010	2	846	0.0345	0.0684	-0.0339	other_megaplasmid	False
GCF_055397325.1	NZ_AP028203.1	381118	3	101	0.0064	0.0027	0.0036	other_megaplasmid	False
GCF_055397665.1	NZ_AP029030.1	2221172	1	989	0.0192	0.1938	-0.1746	other_megaplasmid	False
GCF_055397955.1	NZ_AP029057.1	3924332	1	1728	0.1303	0.2737	-0.1434	other_megaplasmid	False
GCF_055810255.1	NZ_CM147945.1	2818906	1	1299	0.0179	0.2482	-0.2303	other_megaplasmid	False
GCF_056591095.1	NZ_CM152657.1	3252267	1	1654	0.0383	0.2515	-0.2132	other_megaplasmid	False
GCF_056640905.1	NZ_CM153255.1	3328575	1	2582	0.0038	0.6067	-0.6029	chromosome2	False
GCF_056640905.1	NZ_JBWVTH010000003.1	954527	2	109	0.0026	0.0060	-0.0035	other_megaplasmid	False
GCF_056640905.1	NZ_JBWVTH010000004.1	927285	3	666	0.3768	0.0022	0.3746	c3	True
GCF_056783395.1	NZ_CM165589.1	3428300	1	2578	0.0038	0.5999	-0.5961	chromosome2	False
GCF_056783395.1	NZ_JBXAZP010000003.1	1238097	2	793	0.4700	0.0022	0.4678	c3	True
GCF_056847505.1	NZ_CP184775.1	788413	1	172	0.0102	0.0274	-0.0172	other_megaplasmid	False
GCF_056867595.1	NZ_CP184277.1	822270	1	173	0.0102	0.0268	-0.0166	other_megaplasmid	False
GCF_056868365.1	NZ_CP184772.1	802776	1	182	0.0115	0.0282	-0.0167	other_megaplasmid	False
GCF_056868375.1	NZ_CP184792.1	924298	1	197	0.0102	0.0287	-0.0185	other_megaplasmid	False
GCF_056880615.1	NZ_CP178342.1	809524	1	184	0.0115	0.0279	-0.0164	other_megaplasmid	False
GCF_057005415.2	NZ_CM174447.1	3685627	1	2847	0.0089	0.6461	-0.6372	chromosome2	False
GCF_057005415.2	NZ_CM189268.1	1297318	2	968	0.5517	0.0016	0.5501	c3	True
GCF_057369595.1	NZ_CM170669.1	3419015	1	2710	0.0013	0.6453	-0.6440	chromosome2	False
GCF_057369595.1	NZ_CM170670.1	1253950	2	769	0.4853	0.0022	0.4831	c3	True
GCF_057439935.1	NZ_CM172007.1	3419015	1	2710	0.0013	0.6453	-0.6440	chromosome2	False
GCF_057439935.1	NZ_CM172008.1	1253950	2	769	0.4853	0.0022	0.4831	c3	True
GCF_057587595.1	NZ_CM172485.1	2724614	1	1244	0.0345	0.1992	-0.1648	other_megaplasmid	False
GCF_057612605.2	NZ_CM173618.1	1590018	1	431	0.0217	0.0479	-0.0262	other_megaplasmid	False
GCF_057612605.2	NZ_CM172588.1	1587408	2	729	0.0268	0.1166	-0.0898	other_megaplasmid	False
GCF_057612605.2	NZ_JBVFIR010000004.1	698130	3	210	0.0230	0.0172	0.0057	other_megaplasmid	False
GCF_057612605.2	NZ_JBVFIR010000005.1	315739	4	83	0.0026	0.0063	-0.0037	other_megaplasmid	False
GCF_057748135.1	NZ_CM173239.1	2724614	1	1246	0.0345	0.1998	-0.1653	other_megaplasmid	False
GCF_058448765.1	NZ_CP186749.1	3851263	1	1779	0.1571	0.2737	-0.1166	chromosome2	False
GCF_059089405.1	NZ_CM180998.1	3373875	1	2443	0.0013	0.5375	-0.5362	chromosome2	False
GCF_059089405.1	NZ_CM180999.1	1046852	2	749	0.3614	0.0036	0.3579	c3	True
GCF_059622985.1	NZ_CM184412.1	4087676	1	1938	0.0626	0.3429	-0.2803	other_megaplasmid	False
GCF_902141795.1	NZ_LR595897.1	3115305	1	1367	0.0421	0.2496	-0.2074	other_megaplasmid	False
GCF_902141815.1	NZ_LR595899.1	3112891	1	1351	0.0421	0.2474	-0.2053	other_megaplasmid	False
GCF_902141835.1	NZ_LR595895.1	3173851	1	1374	0.0421	0.2499	-0.2077	other_megaplasmid	False
GCF_902459535.1	NZ_LR699554.1	3505044	1	1653	0.0358	0.2633	-0.2275	other_megaplasmid	False
GCF_904865725.1	NZ_LR890524.1	3006131	1	2422	0.0000	0.5692	-0.5692	chromosome2	False
GCF_904865725.1	NZ_LR890525.1	1023737	2	767	0.4291	0.0044	0.4247	c3	True
GCF_905400185.1	NZ_FR989676.1	3050481	1	2316	0.0115	0.5129	-0.5014	chromosome2	False
GCF_905400185.1	NZ_FR989677.1	1347483	2	893	0.4598	0.0025	0.4573	c3	True
GCF_964026365.1	NZ_OZ032134.1	1822652	1	824	0.0332	0.1374	-0.1042	other_megaplasmid	False
GCF_964026365.1	NZ_OZ032135.1	1447788	2	369	0.0345	0.0331	0.0014	other_megaplasmid	False
GCF_964026365.1	NZ_OZ032136.1	1169233	3	456	0.0230	0.0476	-0.0246	other_megaplasmid	False
GCF_964026365.1	NZ_OZ032137.1	892580	4	160	0.0140	0.0101	0.0039	other_megaplasmid	False
GCF_964026365.1	NZ_OZ032138.1	630138	5	233	0.0217	0.0274	-0.0057	other_megaplasmid	False
GCF_964261745.1	NZ_OZ180036.1	1822652	1	825	0.0332	0.1377	-0.1045	other_megaplasmid	False
GCF_964261745.1	NZ_OZ180039.1	1447788	2	368	0.0345	0.0331	0.0014	other_megaplasmid	False
GCF_964261745.1	NZ_OZ180038.1	1169233	3	456	0.0230	0.0476	-0.0246	other_megaplasmid	False
GCF_964261745.1	NZ_OZ180040.1	892580	4	161	0.0140	0.0101	0.0039	other_megaplasmid	False
GCF_964261745.1	NZ_OZ180037.1	630138	5	234	0.0217	0.0276	-0.0059	other_megaplasmid	False
GCF_964264985.1	NZ_OZ183793.1	3046645	1	2337	0.0000	0.5476	-0.5476	chromosome2	False
GCF_964264985.1	NZ_OZ183794.1	999322	2	739	0.4253	0.0014	0.4239	c3	True
GCF_964264995.1	NZ_OZ183796.1	3601574	1	2767	0.0000	0.6563	-0.6563	chromosome2	False
GCF_964264995.1	NZ_OZ183798.1	1103841	2	731	0.4317	0.0005	0.4311	c3	True
GCF_964265005.1	NZ_OZ183800.1	3601505	1	2767	0.0000	0.6560	-0.6560	chromosome2	False
GCF_964265005.1	NZ_OZ183801.1	1103825	2	731	0.4317	0.0005	0.4311	c3	True
GCF_964265015.1	NZ_OZ183806.1	3495121	1	2632	0.0000	0.6360	-0.6360	chromosome2	False
GCF_964265015.1	NZ_OZ183807.1	1200466	2	750	0.4125	0.0014	0.4111	c3	True
GCF_964265025.1	NZ_OZ183803.1	3486477	1	2543	0.0026	0.5950	-0.5924	chromosome2	False
GCF_964265025.1	NZ_OZ183804.1	1136949	2	774	0.4061	0.0055	0.4007	c3	True
GCF_965118185.1	NZ_OZ221291.1	3440003	1	1570	0.0843	0.2214	-0.1371	other_megaplasmid	False
GCF_965199385.1	NZ_OZ241167.1	3249516	1	1392	0.0434	0.2521	-0.2086	other_megaplasmid	False
GCF_965199395.1	NZ_OZ241169.1	3246938	1	1390	0.0447	0.2518	-0.2071	other_megaplasmid	False
GCF_965199405.1	NZ_OZ241170.1	3246053	1	1384	0.0447	0.2510	-0.2063	other_megaplasmid	False
GCF_965199425.1	NZ_OZ241175.1	3246872	1	1388	0.0434	0.2518	-0.2084	other_megaplasmid	False
GCF_965199435.1	NZ_OZ241177.1	3248534	1	1390	0.0434	0.2521	-0.2086	other_megaplasmid	False
GCF_965199445.1	NZ_OZ241179.1	3247000	1	1391	0.0447	0.2521	-0.2074	other_megaplasmid	False
GCF_965199455.1	NZ_OZ241181.1	3248530	1	1391	0.0434	0.2521	-0.2086	other_megaplasmid	False
GCF_965199515.1	NZ_OZ241214.1	3246993	1	1388	0.0434	0.2510	-0.2075	other_megaplasmid	False
GCF_965199545.1	NZ_OZ241212.1	3221484	1	1391	0.0434	0.2521	-0.2086	other_megaplasmid	False
GCF_965199625.1	NZ_OZ241210.1	3246650	1	1391	0.0447	0.2523	-0.2076	other_megaplasmid	False
GCF_965199835.1	NZ_OZ241394.1	3309517	1	1399	0.0460	0.2521	-0.2061	other_megaplasmid	False
GCF_965199925.1	NZ_OZ241392.1	3148392	1	1393	0.0447	0.2510	-0.2063	other_megaplasmid	False
GCF_965201125.1	NZ_OZ241754.1	3256226	1	1396	0.0460	0.2521	-0.2061	other_megaplasmid	False
GCF_965202565.1	NZ_OZ241824.1	3255975	1	1397	0.0460	0.2518	-0.2058	other_megaplasmid	False
GCF_965211575.1	NZ_OZ242941.1	3248827	1	1391	0.0434	0.2518	-0.2084	other_megaplasmid	False
GCF_965211595.1	NZ_OZ242945.1	3222411	1	1392	0.0434	0.2521	-0.2086	other_megaplasmid	False
GCF_980295165.1	NZ_OZ412830.1	3179731	1	1388	0.0434	0.2529	-0.2095	other_megaplasmid	False
GCF_980300355.1	NZ_OZ412840.1	3115442	1	1380	0.0421	0.2515	-0.2094	other_megaplasmid	False
GCF_980300905.1	NZ_OZ412841.1	3200896	1	1397	0.0434	0.2529	-0.2095	other_megaplasmid	False
GCF_980300945.1	NZ_OZ412843.1	3200795	1	1394	0.0434	0.2526	-0.2092	other_megaplasmid	False
GCF_980300965.1	NZ_OZ412846.1	3218131	1	1386	0.0447	0.2499	-0.2052	other_megaplasmid	False
GCF_984667665.1	NZ_OZ480170.1	3532587	1	2756	0.0000	0.6544	-0.6544	chromosome2	False
GCF_984667665.1	NZ_OZ480171.1	1190410	2	735	0.4444	0.0025	0.4420	c3	True
GCF_984667675.1	NZ_OZ480167.1	3316512	1	2668	0.0000	0.6398	-0.6398	chromosome2	False
GCF_984667675.1	NZ_OZ480168.1	1031981	2	375	0.1673	0.0082	0.1591	c3	True
GCF_984667725.1	NZ_OZ480175.1	3479138	1	2748	0.0026	0.6544	-0.6518	chromosome2	False
GCF_984667725.1	NZ_OZ480176.1	1368847	2	791	0.4828	0.0049	0.4778	c3	True
GCF_984667835.1	NZ_OZ480194.1	3382556	1	2728	0.0000	0.6541	-0.6541	chromosome2	False
GCF_984667835.1	NZ_OZ480195.1	1282155	2	768	0.4304	0.0030	0.4274	c3	True
GCF_984667895.1	NZ_OZ480183.1	3349714	1	2678	0.0000	0.6415	-0.6415	chromosome2	False
GCF_984667895.1	NZ_OZ480184.1	1224010	2	762	0.4304	0.0030	0.4274	c3	True
GCF_984667895.1	NZ_OZ480185.1	355475	3	30	0.0000	0.0014	-0.0014	other_megaplasmid	False
GCF_984667945.1	NZ_OZ480178.1	3415142	1	2728	0.0000	0.6538	-0.6538	chromosome2	False
GCF_984667945.1	NZ_OZ480179.1	1232707	2	762	0.4304	0.0030	0.4274	c3	True
GCF_984667955.1	NZ_OZ480215.1	3423854	1	2725	0.0000	0.6530	-0.6530	chromosome2	False
GCF_984667975.1	NZ_OZ480187.1	3370433	1	2632	0.0026	0.6273	-0.6247	chromosome2	False
GCF_984667975.1	NZ_OZ480188.1	1271489	2	751	0.4432	0.0049	0.4382	c3	True
GCF_984668005.1	NZ_OZ480191.1	3521856	1	2785	0.0000	0.6530	-0.6530	chromosome2	False
GCF_984668005.1	NZ_OZ480192.1	1175751	2	738	0.4112	0.0022	0.4090	c3	True
GCF_984668195.1	NZ_OZ480202.1	3390539	1	2641	0.0026	0.6319	-0.6294	chromosome2	False
GCF_984668195.1	NZ_OZ480203.1	1241080	2	739	0.4585	0.0033	0.4552	c3	True
GCF_984668265.1	NZ_OZ480209.1	3401831	1	2695	0.0000	0.6461	-0.6461	chromosome2	False
GCF_984668265.1	NZ_OZ480210.1	1270289	2	771	0.4879	0.0016	0.4862	c3	True
GCF_984668355.1	NZ_OZ480199.1	3342179	1	2616	0.0026	0.6259	-0.6233	chromosome2	False
GCF_984668355.1	NZ_OZ480200.1	1145148	2	690	0.4253	0.0036	0.4217	c3	True
GCF_984668395.1	NZ_OZ480206.1	3479142	1	2751	0.0026	0.6549	-0.6523	chromosome2	False
GCF_984668395.1	NZ_OZ480207.1	1373398	2	793	0.4840	0.0052	0.4788	c3	True
GCF_984668525.1	NZ_OZ480212.1	3197900	1	2492	0.0000	0.5747	-0.5747	chromosome2	False
GCF_984668525.1	NZ_OZ480213.1	1253739	2	849	0.4317	0.0019	0.4298	c3	True
GCF_984669265.1	NZ_OZ480218.1	3091526	1	2467	0.0000	0.5679	-0.5679	chromosome2	False
GCF_984669265.1	NZ_OZ480219.1	967293	2	718	0.3640	0.0022	0.3618	c3	True
GCF_984669325.1	NZ_OZ480221.1	3370433	1	2639	0.0026	0.6286	-0.6261	chromosome2	False
GCF_984669335.1	NZ_OZ480224.1	3515367	1	2783	0.0000	0.6530	-0.6530	chromosome2	False
GCF_984669335.1	NZ_OZ480225.1	1274376	2	764	0.4112	0.0038	0.4074	c3	True
GCF_984669415.1	NZ_OZ480227.1	3415142	1	2728	0.0000	0.6538	-0.6538	chromosome2	False
GCF_984669415.1	NZ_OZ480228.1	1232707	2	762	0.4304	0.0030	0.4274	c3	True
GCF_984669565.1	NZ_OZ480232.1	3426442	1	2716	0.0000	0.6475	-0.6475	chromosome2	False
GCF_984669565.1	NZ_OZ480233.1	1280661	2	763	0.4777	0.0022	0.4755	c3	True
GCF_984669585.1	NZ_OZ480236.1	3411081	1	2716	0.0000	0.6494	-0.6494	chromosome2	False
GCF_984669585.1	NZ_OZ480237.1	967604	2	661	0.3729	0.0027	0.3702	c3	True
GCF_984669685.1	NZ_OZ480239.1	3349698	1	2677	0.0000	0.6412	-0.6412	chromosome2	False
GCF_984669685.1	NZ_OZ480240.1	1224034	2	762	0.4304	0.0030	0.4274	c3	True
GCF_984669685.1	NZ_OZ480241.1	355475	3	30	0.0000	0.0014	-0.0014	other_megaplasmid	False
GCF_984669705.1	NZ_OZ480243.1	3219997	1	2482	0.0000	0.5681	-0.5681	chromosome2	False
GCF_984669705.1	NZ_OZ480244.1	1336675	2	923	0.4572	0.0014	0.4558	c3	True
GCF_984671675.1	NZ_OZ480246.1	3354725	1	2644	0.0026	0.6297	-0.6272	chromosome2	False
GCF_984671695.1	NZ_OZ480248.1	3557304	1	2799	0.0000	0.6530	-0.6530	chromosome2	False
MF6	cluster_002_consensus	2983592	1	2280	0.0013	0.5112	-0.5099	chromosome2	False
MF6	cluster_003_consensus	1179882	2	859	0.4534	0.0011	0.4523	c3	True
MF7	BMF7_NODE_1_len_2762977_cov_36_2218_ID_5625874.37	2762977	1	1404	0.0000	0.3095	-0.3095	other_megaplasmid	False
MF7	BMF7_NODE_2_len_976237_cov_36_3824_ID_6095666.46	976231	2	173	0.0089	0.0175	-0.0086	other_megaplasmid	False
MF7	BMF7_NODE_3_len_857810_cov_35_9645_ID_6095484.64	857810	3	712	0.3934	0.0005	0.3928	c3	True
MF7	BMF7_NODE_4_len_774369_cov_34_0982_ID_6095556.31	774369	4	150	0.0089	0.0123	-0.0034	other_megaplasmid	False
MF7	BMF7_NODE_5_len_513992_cov_36_785_ID_6095322.47	513992	5	68	0.0089	0.0052	0.0037	other_megaplasmid	False
MF7	BMF7_NODE_6_len_477527_cov_38_0064_ID_6093972.51	477523	6	353	0.0013	0.0805	-0.0792	other_megaplasmid	False
MF7	BMF7_NODE_7_len_344507_cov_35_7877_ID_6095496.52	344507	7	46	0.0026	0.0038	-0.0013	other_megaplasmid	False
MF7	BMF7_NODE_8_len_318422_cov_40_1587_ID_6095374.3	318422	8	150	0.0600	0.0005	0.0595	other_megaplasmid	False
