gene_set	family	cog_id	cog_categories	kos	n_members	n_genomes	genomes	product
pC3_clade_core/clade_specific	GCF_016899425.1|KEDGBJ_05955				5	5	GCF_016899425.1;GCF_053038975.1;GCF_053209605.1;GCF_905400185.1;MF6	Two component transcriptional regulator, winged helix family
pC3_clade_core/clade_specific	GCF_016899425.1|KEDGBJ_05956			02406	5	5	GCF_016899425.1;GCF_053038975.1;GCF_053209605.1;GCF_905400185.1;MF6	Flagellin
pC3_clade_core/clade_specific	GCF_016899425.1|KEDGBJ_05957				5	5	GCF_016899425.1;GCF_053038975.1;GCF_053209605.1;GCF_905400185.1;MF6	Flagellar motor switch protein FliN-like C-terminal domain-containing protein
pC3_clade_core/clade_specific	GCF_016899425.1|KEDGBJ_05958				5	5	GCF_016899425.1;GCF_053038975.1;GCF_053209605.1;GCF_905400185.1;MF6	Flagellar motor switch protein FliN
pC3_clade_core/clade_specific	GCF_016899425.1|KEDGBJ_05959			02419	5	5	GCF_016899425.1;GCF_053038975.1;GCF_053209605.1;GCF_905400185.1;MF6	flagellar type III secretion system pore protein FliP
pC3_clade_core/clade_specific	GCF_016899425.1|KEDGBJ_05960			02420	5	5	GCF_016899425.1;GCF_053038975.1;GCF_053209605.1;GCF_905400185.1;MF6	flagellar biosynthesis protein FliQ
pC3_clade_core/clade_specific	GCF_016899425.1|KEDGBJ_05962			02401	5	5	GCF_016899425.1;GCF_053038975.1;GCF_053209605.1;GCF_905400185.1;MF6	Flagellar type III secretion system protein FlhB
pC3_clade_core/clade_specific	GCF_016899425.1|KEDGBJ_05963			02400	5	5	GCF_016899425.1;GCF_053038975.1;GCF_053209605.1;GCF_905400185.1;MF6	Flagellar type III secretion system protein FlhA
pC3_clade_accessory	GCF_016899425.1|KEDGBJ_05965				3	3	GCF_016899425.1;GCF_905400185.1;MF6	hypothetical protein
pC3_clade_core/genus_derived	GCF_016899425.1|KEDGBJ_05967				5	5	GCF_016899425.1;GCF_053038975.1;GCF_053209605.1;GCF_905400185.1;MF6	3-hydroxybutyryl-CoA dehydrogenase
pC3_clade_core/genus_derived	GCF_016899425.1|KEDGBJ_05968	COG0183	I		5	5	GCF_016899425.1;GCF_053038975.1;GCF_053209605.1;GCF_905400185.1;MF6	beta-ketothiolase BktB
pC3_clade_accessory	GCF_016899425.1|KEDGBJ_05969			00311	6	5	GCF_016899425.1;GCF_053038975.1;GCF_053209605.1;GCF_905400185.1;MF6	Electron transfer flavoprotein-ubiquinone oxidoreductase
pC3_clade_core/genus_derived	GCF_016899425.1|KEDGBJ_05970	COG1960	I	20035	5	5	GCF_016899425.1;GCF_053038975.1;GCF_053209605.1;GCF_905400185.1;MF6	Acyl-CoA dehydrogenase
pC3_clade_core/clade_specific	GCF_016899425.1|KEDGBJ_05972				5	5	GCF_016899425.1;GCF_053038975.1;GCF_053209605.1;GCF_905400185.1;MF6	Long-chain-fatty-acid--CoA ligase
pC3_clade_core/genus_derived	GCF_016899425.1|KEDGBJ_05973				5	5	GCF_016899425.1;GCF_053038975.1;GCF_053209605.1;GCF_905400185.1;MF6	Transcriptional regulator, AraC family
pC3_clade_core/genus_derived	GCF_016899425.1|KEDGBJ_05974				5	5	GCF_016899425.1;GCF_053038975.1;GCF_053209605.1;GCF_905400185.1;MF6	histidine kinase
pC3_clade_core/clade_specific	GCF_016899425.1|KEDGBJ_05976				5	5	GCF_016899425.1;GCF_053038975.1;GCF_053209605.1;GCF_905400185.1;MF6	Beta-alanine--pyruvate aminotransferase
pC3_clade_core/clade_specific	GCF_016899425.1|KEDGBJ_05977				5	5	GCF_016899425.1;GCF_053038975.1;GCF_053209605.1;GCF_905400185.1;MF6	MFS transporter
pC3_clade_core/clade_specific	GCF_016899425.1|KEDGBJ_05978				5	5	GCF_016899425.1;GCF_053038975.1;GCF_053209605.1;GCF_905400185.1;MF6	GNAT family N-acetyltransferase
pC3_clade_core/clade_specific	GCF_016899425.1|KEDGBJ_05979				5	5	GCF_016899425.1;GCF_053038975.1;GCF_053209605.1;GCF_905400185.1;MF6	Serine hydrolase
pC3_clade_core/clade_specific	GCF_016899425.1|KEDGBJ_05980				5	5	GCF_016899425.1;GCF_053038975.1;GCF_053209605.1;GCF_905400185.1;MF6	MBL fold metallo-hydrolase
pC3_clade_core/clade_specific	GCF_016899425.1|KEDGBJ_05982				5	5	GCF_016899425.1;GCF_053038975.1;GCF_053209605.1;GCF_905400185.1;MF6	Amino acid adenylation domain protein
pC3_clade_core/clade_specific	GCF_016899425.1|KEDGBJ_05983				5	5	GCF_016899425.1;GCF_053038975.1;GCF_053209605.1;GCF_905400185.1;MF6	hypothetical protein
pC3_clade_core/clade_specific	GCF_016899425.1|KEDGBJ_05984				5	5	GCF_016899425.1;GCF_053038975.1;GCF_053209605.1;GCF_905400185.1;MF6	Transcription factor jumonji
pC3_clade_core/clade_specific	GCF_016899425.1|KEDGBJ_05985				5	5	GCF_016899425.1;GCF_053038975.1;GCF_053209605.1;GCF_905400185.1;MF6	Zn-dependent hydrolase of the beta-lactamase fold-like protein
pC3_clade_core/clade_specific	GCF_016899425.1|KEDGBJ_05986				5	5	GCF_016899425.1;GCF_053038975.1;GCF_053209605.1;GCF_905400185.1;MF6	MbtH family NRPS accessory protein
pC3_clade_core/clade_specific	GCF_016899425.1|KEDGBJ_05987				5	5	GCF_016899425.1;GCF_053038975.1;GCF_053209605.1;GCF_905400185.1;MF6	Alpha/beta fold hydrolase
pC3_clade_core/clade_specific	GCF_016899425.1|KEDGBJ_05988			21023	5	5	GCF_016899425.1;GCF_053038975.1;GCF_053209605.1;GCF_905400185.1;MF6	Bifunctional diguanylate cyclase/phosphodiesterase
pC3_clade_core/clade_specific	GCF_016899425.1|KEDGBJ_05989				5	5	GCF_016899425.1;GCF_053038975.1;GCF_053209605.1;GCF_905400185.1;MF6	Porin
pC3_clade_core/clade_specific	GCF_016899425.1|KEDGBJ_05990				5	5	GCF_016899425.1;GCF_053038975.1;GCF_053209605.1;GCF_905400185.1;MF6	Major facilitator superfamily MFS_1
pC3_clade_core/clade_specific	GCF_016899425.1|KEDGBJ_05991	COG0329	EM		5	5	GCF_016899425.1;GCF_053038975.1;GCF_053209605.1;GCF_905400185.1;MF6	4-hydroxy-tetrahydrodipicolinate synthase
pC3_clade_core/clade_specific	GCF_016899425.1|KEDGBJ_05992	COG0583	K		5	5	GCF_016899425.1;GCF_053038975.1;GCF_053209605.1;GCF_905400185.1;MF6	LysR family transcriptional regulator
pC3_clade_core/clade_specific	GCF_016899425.1|KEDGBJ_05995	COG0790	R		5	5	GCF_016899425.1;GCF_053038975.1;GCF_053209605.1;GCF_905400185.1;MF6	Sel1 repeat family protein
pC3_clade_core/clade_specific	GCF_016899425.1|KEDGBJ_05996				5	5	GCF_016899425.1;GCF_053038975.1;GCF_053209605.1;GCF_905400185.1;MF6	TetR/AcrR family transcriptional regulator
pC3_clade_core/clade_specific	GCF_016899425.1|KEDGBJ_05997				5	5	GCF_016899425.1;GCF_053038975.1;GCF_053209605.1;GCF_905400185.1;MF6	Iron transporter
pC3_clade_accessory	GCF_016899425.1|KEDGBJ_05998				3	3	GCF_016899425.1;GCF_905400185.1;MF6	protein-glutamate methylesterase
pC3_clade_accessory	GCF_016899425.1|KEDGBJ_05999				3	3	GCF_016899425.1;GCF_905400185.1;MF6	histidine kinase
pC3_clade_accessory	GCF_016899425.1|KEDGBJ_06000				3	3	GCF_016899425.1;GCF_905400185.1;MF6	hypothetical protein
pC3_clade_accessory	GCF_016899425.1|KEDGBJ_06002				3	3	GCF_016899425.1;GCF_905400185.1;MF6	Nramp family divalent metal transporter
pC3_clade_core/clade_specific	GCF_016899425.1|KEDGBJ_06003			07217	5	5	GCF_016899425.1;GCF_053038975.1;GCF_053209605.1;GCF_905400185.1;MF6	Catalase
pC3_clade_core/clade_specific	GCF_016899425.1|KEDGBJ_06005				5	5	GCF_016899425.1;GCF_053038975.1;GCF_053209605.1;GCF_905400185.1;MF6	chaperonin GroEL
pC3_clade_core/clade_specific	GCF_016899425.1|KEDGBJ_06006			04078	5	5	GCF_016899425.1;GCF_053038975.1;GCF_053209605.1;GCF_905400185.1;MF6	Co-chaperonin GroES
pC3_clade_accessory	GCF_016899425.1|KEDGBJ_06007				3	3	GCF_016899425.1;GCF_905400185.1;MF6	(pseudo) hypothetical protein
pC3_clade_core/clade_specific	GCF_016899425.1|KEDGBJ_06008				5	5	GCF_016899425.1;GCF_053038975.1;GCF_053209605.1;GCF_905400185.1;MF6	Preprotein translocase subunit SecA
pC3_clade_accessory	GCF_016899425.1|KEDGBJ_06009				3	3	GCF_016899425.1;GCF_905400185.1;MF6	CoA ester lyase
pC3_clade_accessory	GCF_016899425.1|KEDGBJ_06010				3	3	GCF_016899425.1;GCF_905400185.1;MF6	MFS transporter
pC3_clade_accessory	GCF_016899425.1|KEDGBJ_06011				3	3	GCF_016899425.1;GCF_905400185.1;MF6	FAS1-like dehydratase domain-containing protein
pC3_clade_accessory	GCF_016899425.1|KEDGBJ_06012				3	3	GCF_016899425.1;GCF_905400185.1;MF6	CoA transferase
pC3_clade_accessory	GCF_016899425.1|KEDGBJ_06013				3	3	GCF_016899425.1;GCF_905400185.1;MF6	Transcriptional regulator, LysR family
pC3_clade_accessory	GCF_016899425.1|KEDGBJ_06014				3	3	GCF_016899425.1;GCF_905400185.1;MF6	Ferredoxin
pC3_clade_accessory	GCF_016899425.1|KEDGBJ_06015				3	3	GCF_016899425.1;GCF_905400185.1;MF6	Sodium/sulphate symporter
pC3_clade_core/clade_specific	GCF_016899425.1|KEDGBJ_06016			15060	5	5	GCF_016899425.1;GCF_053038975.1;GCF_053209605.1;GCF_905400185.1;MF6	2Fe-2S ferredoxin
pC3_clade_core/clade_specific	GCF_016899425.1|KEDGBJ_06017				5	5	GCF_016899425.1;GCF_053038975.1;GCF_053209605.1;GCF_905400185.1;MF6	DNA-binding protein
pC3_clade_accessory	GCF_016899425.1|KEDGBJ_06018				3	3	GCF_016899425.1;GCF_905400185.1;MF6	N-carbamoyl-L-amino acid hydrolase
pC3_clade_accessory	GCF_016899425.1|KEDGBJ_06020				3	3	GCF_016899425.1;GCF_905400185.1;MF6	Dihydroorotate oxidase B, electron transfer subunit
pC3_clade_core/clade_specific	GCF_016899425.1|KEDGBJ_06021				5	5	GCF_016899425.1;GCF_053038975.1;GCF_053209605.1;GCF_905400185.1;MF6	MFS transporter
pC3_clade_accessory	GCF_016899425.1|KEDGBJ_06022				3	3	GCF_016899425.1;GCF_905400185.1;MF6	HPt domain-containing protein
pC3_clade_accessory	GCF_016899425.1|KEDGBJ_06023				3	3	GCF_016899425.1;GCF_905400185.1;MF6	Porin Gram-negative type
pC3_clade_core/clade_specific	GCF_016899425.1|KEDGBJ_06024				5	5	GCF_016899425.1;GCF_053038975.1;GCF_053209605.1;GCF_905400185.1;MF6	Transcriptional regulator, XRE family
pC3_clade_accessory	GCF_016899425.1|KEDGBJ_06025				1	1	GCF_016899425.1	hypothetical protein
pC3_clade_accessory	GCF_016899425.1|KEDGBJ_06026				3	3	GCF_016899425.1;GCF_905400185.1;MF6	hypothetical protein
pC3_clade_accessory	GCF_016899425.1|KEDGBJ_06027				3	3	GCF_016899425.1;GCF_905400185.1;MF6	Peptidase C39
pC3_clade_accessory	GCF_016899425.1|KEDGBJ_06028				3	3	GCF_016899425.1;GCF_905400185.1;MF6	RHS repeat protein
pC3_clade_accessory	GCF_016899425.1|KEDGBJ_06029				3	3	GCF_016899425.1;GCF_905400185.1;MF6	DUF1349 domain-containing protein
pC3_clade_accessory	GCF_016899425.1|KEDGBJ_06030				3	3	GCF_016899425.1;GCF_905400185.1;MF6	hypothetical protein
pC3_clade_accessory	GCF_016899425.1|KEDGBJ_06031				3	3	GCF_016899425.1;GCF_905400185.1;MF6	hypothetical protein
pC3_clade_accessory	GCF_016899425.1|KEDGBJ_06032				3	3	GCF_016899425.1;GCF_905400185.1;MF6	H-NS histone family protein
pC3_clade_accessory	GCF_016899425.1|KEDGBJ_06033				3	3	GCF_016899425.1;GCF_905400185.1;MF6	hypothetical protein
pC3_clade_accessory	GCF_016899425.1|KEDGBJ_06034				3	3	GCF_016899425.1;GCF_905400185.1;MF6	Zinc-ribbon domain-containing protein
pC3_clade_accessory	GCF_016899425.1|KEDGBJ_06035				3	3	GCF_016899425.1;GCF_905400185.1;MF6	Knr4/Smi1-like domain-containing protein
pC3_clade_accessory	GCF_016899425.1|KEDGBJ_06036				3	3	GCF_016899425.1;GCF_905400185.1;MF6	DUF6531 domain-containing protein
pC3_clade_accessory	GCF_016899425.1|KEDGBJ_06037				3	3	GCF_016899425.1;GCF_905400185.1;MF6	Cytoplasmic protein
pC3_clade_accessory	GCF_016899425.1|KEDGBJ_06038				3	3	GCF_016899425.1;GCF_905400185.1;MF6	Transmembrane protein
pC3_clade_accessory	GCF_016899425.1|KEDGBJ_06039				3	3	GCF_016899425.1;GCF_905400185.1;MF6	Ankyrin-repeat exported protein
pC3_clade_accessory	GCF_016899425.1|KEDGBJ_06040			11904	3	3	GCF_016899425.1;GCF_905400185.1;MF6	Gp5/Type VI secretion system Vgr protein OB-fold domain-containing protein
pC3_clade_accessory	GCF_016899425.1|KEDGBJ_06041			11896	3	3	GCF_016899425.1;GCF_905400185.1;MF6	type VI secretion system baseplate subunit TssF
pC3_clade_accessory	GCF_016899425.1|KEDGBJ_06042				6	3	GCF_016899425.1;GCF_905400185.1;MF6	DDE-type integrase/transposase/recombinase
pC3_clade_accessory	GCF_016899425.1|KEDGBJ_06043				3	3	GCF_016899425.1;GCF_905400185.1;MF6	Transposase
pC3_clade_accessory	GCF_016899425.1|KEDGBJ_06044				3	3	GCF_016899425.1;GCF_905400185.1;MF6	hypothetical protein
pC3_clade_core/genus_derived	GCF_016899425.1|KEDGBJ_06045	COG0229	O		5	5	GCF_016899425.1;GCF_053038975.1;GCF_053209605.1;GCF_905400185.1;MF6	peptide-methionine (R)-S-oxide reductase
pC3_clade_core/genus_derived	GCF_016899425.1|KEDGBJ_06047				5	5	GCF_016899425.1;GCF_053038975.1;GCF_053209605.1;GCF_905400185.1;MF6	Peptide methionine sulfoxide reductase MsrA
pC3_clade_core/genus_derived	GCF_016899425.1|KEDGBJ_06048	COG5749	H	22895	5	5	GCF_016899425.1;GCF_053038975.1;GCF_053209605.1;GCF_905400185.1;MF6	Carbazole 1,9a-dioxygenase, terminal oxygenase component CarAa
pC3_clade_core/clade_specific	GCF_016899425.1|KEDGBJ_06049			01489	5	5	GCF_016899425.1;GCF_053038975.1;GCF_053209605.1;GCF_905400185.1;MF6	cytidine deaminase
pC3_clade_core/clade_specific	GCF_016899425.1|KEDGBJ_06050	COG0213	F		5	5	GCF_016899425.1;GCF_053038975.1;GCF_053209605.1;GCF_905400185.1;MF6	thymidine phosphorylase
pC3_clade_core/clade_specific	GCF_016899425.1|KEDGBJ_06051	COG1972	F		5	5	GCF_016899425.1;GCF_053038975.1;GCF_053209605.1;GCF_905400185.1;MF6	Nucleoside permease
pC3_clade_core/genus_derived	GCF_016899425.1|KEDGBJ_06052	COG0044	F		5	5	GCF_016899425.1;GCF_053038975.1;GCF_053209605.1;GCF_905400185.1;MF6	dihydropyrimidinase
pC3_clade_core/genus_derived	GCF_016899425.1|KEDGBJ_06053				5	5	GCF_016899425.1;GCF_053038975.1;GCF_053209605.1;GCF_905400185.1;MF6	Nitrate reductase
pC3_clade_core/clade_specific	GCF_016899425.1|KEDGBJ_06054	COG1146	F		5	5	GCF_016899425.1;GCF_053038975.1;GCF_053209605.1;GCF_905400185.1;MF6	NAD-dependent dihydropyrimidine dehydrogenase subunit PreA
pC3_clade_core/clade_specific	GCF_016899425.1|KEDGBJ_06055	COG0493	ER		5	5	GCF_016899425.1;GCF_053038975.1;GCF_053209605.1;GCF_905400185.1;MF6	dihydrouracil dehydrogenase (NAD(+))
pC3_clade_core/clade_specific	GCF_016899425.1|KEDGBJ_06056	COG0624	E		5	5	GCF_016899425.1;GCF_053038975.1;GCF_053209605.1;GCF_905400185.1;MF6	Amidase, hydantoinase/carbamoylase
pC3_clade_core/clade_specific	GCF_016899425.1|KEDGBJ_06057	COG1309	K		5	5	GCF_016899425.1;GCF_053038975.1;GCF_053209605.1;GCF_905400185.1;MF6	Transcriptional regulator, TetR family
pC3_clade_core/genus_derived	GCF_016899425.1|KEDGBJ_06058	COG0183	I		5	5	GCF_016899425.1;GCF_053038975.1;GCF_053209605.1;GCF_905400185.1;MF6	Acetyl-CoA C-acyltransferase
pC3_clade_core/genus_derived	GCF_016899425.1|KEDGBJ_06059	COG1028	I		5	5	GCF_016899425.1;GCF_053038975.1;GCF_053209605.1;GCF_905400185.1;MF6	3-hydroxyacyl-CoA dehydrogenase
pC3_clade_core/genus_derived	GCF_016899425.1|KEDGBJ_06060				5	5	GCF_016899425.1;GCF_053038975.1;GCF_053209605.1;GCF_905400185.1;MF6	AMP-dependent synthetase and ligase
pC3_clade_core/genus_derived	GCF_016899425.1|KEDGBJ_06061	COG2207	K		5	5	GCF_016899425.1;GCF_053038975.1;GCF_053209605.1;GCF_905400185.1;MF6	Transcriptional regulator, AraC family
pC3_clade_core/clade_specific	GCF_016899425.1|KEDGBJ_06062				5	5	GCF_016899425.1;GCF_053038975.1;GCF_053209605.1;GCF_905400185.1;MF6	SMI1/KNR4 family protein
pC3_clade_core/clade_specific	GCF_016899425.1|KEDGBJ_06063				5	5	GCF_016899425.1;GCF_053038975.1;GCF_053209605.1;GCF_905400185.1;MF6	Integral membrane protein
pC3_clade_accessory	GCF_016899425.1|KEDGBJ_06064				3	3	GCF_016899425.1;GCF_905400185.1;MF6	DUF4440 domain-containing protein
pC3_clade_accessory	GCF_016899425.1|KEDGBJ_06065				3	3	GCF_016899425.1;GCF_905400185.1;MF6	GNAT family N-acetyltransferase
pC3_clade_core/genus_derived	GCF_016899425.1|KEDGBJ_06071				5	5	GCF_016899425.1;GCF_053038975.1;GCF_053209605.1;GCF_905400185.1;MF6	ATPase
pC3_clade_core/genus_derived	GCF_016899425.1|KEDGBJ_06072				5	5	GCF_016899425.1;GCF_053038975.1;GCF_053209605.1;GCF_905400185.1;MF6	DUF429 domain-containing protein
pC3_clade_core/genus_derived	GCF_016899425.1|KEDGBJ_06073	COG0317	TK		5	5	GCF_016899425.1;GCF_053038975.1;GCF_053209605.1;GCF_905400185.1;MF6	Guanosine-3',5'-bis(Diphosphate) 3'-pyrophosphohydrolase
pC3_clade_core/genus_derived	GCF_016899425.1|KEDGBJ_06074	COG4717	S		5	5	GCF_016899425.1;GCF_053038975.1;GCF_053209605.1;GCF_905400185.1;MF6	Uncharacterized protein YhaN AAA domain-containing protein
pC3_clade_core/genus_derived	GCF_016899425.1|KEDGBJ_06075	COG0420	L		5	5	GCF_016899425.1;GCF_053038975.1;GCF_053209605.1;GCF_905400185.1;MF6	DNA repair exonuclease
pC3_clade_accessory	GCF_016899425.1|KEDGBJ_06076				3	3	GCF_016899425.1;GCF_905400185.1;MF6	Lipoprotein
pC3_clade_core/clade_specific	GCF_016899425.1|KEDGBJ_06077				5	5	GCF_016899425.1;GCF_053038975.1;GCF_053209605.1;GCF_905400185.1;MF6	Carrier domain-containing protein
pC3_clade_core/clade_specific	GCF_016899425.1|KEDGBJ_06078				5	5	GCF_016899425.1;GCF_053038975.1;GCF_053209605.1;GCF_905400185.1;MF6	Carrier domain-containing protein
pC3_clade_core/clade_specific	GCF_016899425.1|KEDGBJ_06079				5	5	GCF_016899425.1;GCF_053038975.1;GCF_053209605.1;GCF_905400185.1;MF6	SDR family NAD(P)-dependent oxidoreductase
pC3_clade_core/clade_specific	GCF_016899425.1|KEDGBJ_06080				5	5	GCF_016899425.1;GCF_053038975.1;GCF_053209605.1;GCF_905400185.1;MF6	AMP-binding enzyme family protein
pC3_clade_core/clade_specific	GCF_016899425.1|KEDGBJ_06081				5	5	GCF_016899425.1;GCF_053038975.1;GCF_053209605.1;GCF_905400185.1;MF6	Long-chain-fatty-acid--CoA ligase
pC3_clade_core/clade_specific	GCF_016899425.1|KEDGBJ_06082				5	5	GCF_016899425.1;GCF_053038975.1;GCF_053209605.1;GCF_905400185.1;MF6	Iron-containing redox enzyme family protein
pC3_clade_core/clade_specific	GCF_016899425.1|KEDGBJ_06083				5	5	GCF_016899425.1;GCF_053038975.1;GCF_053209605.1;GCF_905400185.1;MF6	Carrier domain-containing protein
pC3_clade_core/clade_specific	GCF_016899425.1|KEDGBJ_06085				5	5	GCF_016899425.1;GCF_053038975.1;GCF_053209605.1;GCF_905400185.1;MF6	Cysteine synthase
pC3_clade_core/clade_specific	GCF_016899425.1|KEDGBJ_06086				5	5	GCF_016899425.1;GCF_053038975.1;GCF_053209605.1;GCF_905400185.1;MF6	GNAT family N-acetyltransferase
pC3_clade_core/clade_specific	GCF_016899425.1|KEDGBJ_06087				5	5	GCF_016899425.1;GCF_053038975.1;GCF_053209605.1;GCF_905400185.1;MF6	Amidohydrolase-related domain-containing protein
pC3_clade_core/clade_specific	GCF_016899425.1|KEDGBJ_06088			00428	5	5	GCF_016899425.1;GCF_053038975.1;GCF_053209605.1;GCF_905400185.1;MF6	Cytochrome-c peroxidase
pC3_clade_core/clade_specific	GCF_016899425.1|KEDGBJ_06089				5	5	GCF_016899425.1;GCF_053038975.1;GCF_053209605.1;GCF_905400185.1;MF6	RidA family protein
pC3_clade_core/clade_specific	GCF_016899425.1|KEDGBJ_06090				5	5	GCF_016899425.1;GCF_053038975.1;GCF_053209605.1;GCF_905400185.1;MF6	Porin
pC3_clade_core/clade_specific	GCF_016899425.1|KEDGBJ_06091				5	5	GCF_016899425.1;GCF_053038975.1;GCF_053209605.1;GCF_905400185.1;MF6	Outer membrane lipoprotein-sorting protein
pC3_clade_core/clade_specific	GCF_016899425.1|KEDGBJ_06092				5	5	GCF_016899425.1;GCF_053038975.1;GCF_053209605.1;GCF_905400185.1;MF6	ThiJ/PfpI family protein
pC3_clade_core/clade_specific	GCF_016899425.1|KEDGBJ_06093				5	5	GCF_016899425.1;GCF_053038975.1;GCF_053209605.1;GCF_905400185.1;MF6	FixH family protein
pC3_clade_core/clade_specific	GCF_016899425.1|KEDGBJ_06094				5	5	GCF_016899425.1;GCF_053038975.1;GCF_053209605.1;GCF_905400185.1;MF6	ABC transporter permease
pC3_clade_core/clade_specific	GCF_016899425.1|KEDGBJ_06095				5	5	GCF_016899425.1;GCF_053038975.1;GCF_053209605.1;GCF_905400185.1;MF6	ABC transporter ATP-binding protein
pC3_clade_core/clade_specific	GCF_016899425.1|KEDGBJ_06096				5	5	GCF_016899425.1;GCF_053038975.1;GCF_053209605.1;GCF_905400185.1;MF6	thioesterase II family protein
pC3_clade_core/clade_specific	GCF_016899425.1|KEDGBJ_06097				5	5	GCF_016899425.1;GCF_053038975.1;GCF_053209605.1;GCF_905400185.1;MF6	FAD-binding PCMH-type domain-containing protein
pC3_clade_core/clade_specific	GCF_016899425.1|KEDGBJ_06098				5	5	GCF_016899425.1;GCF_053038975.1;GCF_053209605.1;GCF_905400185.1;MF6	hypothetical protein
pC3_clade_core/clade_specific	GCF_016899425.1|KEDGBJ_06099				5	5	GCF_016899425.1;GCF_053038975.1;GCF_053209605.1;GCF_905400185.1;MF6	Helix-turn-helix transcriptional regulator
pC3_clade_core/clade_specific	GCF_016899425.1|KEDGBJ_06100				5	5	GCF_016899425.1;GCF_053038975.1;GCF_053209605.1;GCF_905400185.1;MF6	Multidrug-efflux transporter
pC3_clade_core/clade_specific	GCF_016899425.1|KEDGBJ_06101				5	5	GCF_016899425.1;GCF_053038975.1;GCF_053209605.1;GCF_905400185.1;MF6	Cysteine synthase family protein
pC3_clade_core/clade_specific	GCF_016899425.1|KEDGBJ_06103				5	5	GCF_016899425.1;GCF_053038975.1;GCF_053209605.1;GCF_905400185.1;MF6	Ornithine cyclodeaminase family protein
pC3_clade_core/genus_derived	GCF_016899425.1|KEDGBJ_06104				5	5	GCF_016899425.1;GCF_053038975.1;GCF_053209605.1;GCF_905400185.1;MF6	Late embryogenesis abundant protein
pC3_clade_core/clade_specific	GCF_016899425.1|KEDGBJ_06105	COG0405	E		5	5	GCF_016899425.1;GCF_053038975.1;GCF_053209605.1;GCF_905400185.1;MF6	Gamma-glutamyltransferase 1
pC3_clade_core/genus_derived	GCF_016899425.1|KEDGBJ_06107	COG5654	V		5	5	GCF_016899425.1;GCF_053038975.1;GCF_053209605.1;GCF_905400185.1;MF6	RES domain-containing protein
pC3_clade_core/genus_derived	GCF_016899425.1|KEDGBJ_06108	COG5642	V		5	5	GCF_016899425.1;GCF_053038975.1;GCF_053209605.1;GCF_905400185.1;MF6	Antitoxin
pC3_clade_core/clade_specific	GCF_016899425.1|KEDGBJ_06109				5	5	GCF_016899425.1;GCF_053038975.1;GCF_053209605.1;GCF_905400185.1;MF6	HD domain-containing protein
pC3_clade_core/clade_specific	GCF_016899425.1|KEDGBJ_06110			13633	5	5	GCF_016899425.1;GCF_053038975.1;GCF_053209605.1;GCF_905400185.1;MF6	AraC family transcriptional regulator
pC3_clade_core/genus_derived	GCF_016899425.1|KEDGBJ_06111				5	5	GCF_016899425.1;GCF_053038975.1;GCF_053209605.1;GCF_905400185.1;MF6	Purine-nucleoside phosphorylase
pC3_clade_core/genus_derived	GCF_016899425.1|KEDGBJ_06112				5	5	GCF_016899425.1;GCF_053038975.1;GCF_053209605.1;GCF_905400185.1;MF6	Carboxymethylenebutenolidase
pC3_clade_core/clade_specific	GCF_016899425.1|KEDGBJ_06113	COG1538	M		5	5	GCF_016899425.1;GCF_053038975.1;GCF_053209605.1;GCF_905400185.1;MF6	Multidrug transporter
pC3_clade_core/clade_specific	GCF_016899425.1|KEDGBJ_06114	COG0841	V		5	5	GCF_016899425.1;GCF_053038975.1;GCF_053209605.1;GCF_905400185.1;MF6	Efflux pump membrane transporter
pC3_clade_core/clade_specific	GCF_016899425.1|KEDGBJ_06117				5	5	GCF_016899425.1;GCF_053038975.1;GCF_053209605.1;GCF_905400185.1;MF6	HTH lysR-type domain-containing protein
pC3_clade_core/clade_specific	GCF_016899425.1|KEDGBJ_06118				5	5	GCF_016899425.1;GCF_053038975.1;GCF_053209605.1;GCF_905400185.1;MF6	AraC family transcriptional regulator
pC3_clade_core/genus_derived	GCF_016899425.1|KEDGBJ_06119				5	5	GCF_016899425.1;GCF_053038975.1;GCF_053209605.1;GCF_905400185.1;MF6	Transcriptional regulator, LysR family
pC3_clade_core/genus_derived	GCF_016899425.1|KEDGBJ_06120	COG0104	F	01939	5	5	GCF_016899425.1;GCF_053038975.1;GCF_053209605.1;GCF_905400185.1;MF6	adenylosuccinate synthase
pC3_clade_core/genus_derived	GCF_016899425.1|KEDGBJ_06121	COG0583	K	03566	5	5	GCF_016899425.1;GCF_053038975.1;GCF_053209605.1;GCF_905400185.1;MF6	Transcriptional regulator
pC3_clade_core/genus_derived	GCF_016899425.1|KEDGBJ_06122				5	5	GCF_016899425.1;GCF_053038975.1;GCF_053209605.1;GCF_905400185.1;MF6	Purine nucleoside phosphorylase
pC3_clade_core/genus_derived	GCF_016899425.1|KEDGBJ_06123	COG5527	X		5	5	GCF_016899425.1;GCF_053038975.1;GCF_053209605.1;GCF_905400185.1;MF6	(5' truncated) Initiator Rep protein WH1 domain-containing protein
pC3_clade_core/genus_derived	GCF_016899425.1|KEDGBJ_06124	COG1475	D	03497	5	5	GCF_016899425.1;GCF_053038975.1;GCF_053209605.1;GCF_905400185.1;MF6	Chromosome partitioning protein ParB
pC3_clade_core/genus_derived	GCF_016899425.1|KEDGBJ_06125	COG1192	DN	03496	5	5	GCF_016899425.1;GCF_053038975.1;GCF_053209605.1;GCF_905400185.1;MF6	Chromosome partitioning protein
pC3_clade_accessory	GCF_016899425.1|KEDGBJ_06126				3	3	GCF_016899425.1;GCF_905400185.1;MF6	hypothetical protein
pC3_clade_core/clade_specific	GCF_016899425.1|KEDGBJ_06127				5	5	GCF_016899425.1;GCF_053038975.1;GCF_053209605.1;GCF_905400185.1;MF6	Transcriptional regulator, AraC family
pC3_clade_core/genus_derived	GCF_016899425.1|KEDGBJ_06128	COG2220	G	13985	5	5	GCF_016899425.1;GCF_053038975.1;GCF_053209605.1;GCF_905400185.1;MF6	Metallo-beta-lactamase domain-containing protein
pC3_clade_core/genus_derived	GCF_016899425.1|KEDGBJ_06129	COG1309	K	19736	5	5	GCF_016899425.1;GCF_053038975.1;GCF_053209605.1;GCF_905400185.1;MF6	Transcriptional regulator, TetR family
pC3_clade_core/genus_derived	GCF_016899425.1|KEDGBJ_06130				5	5	GCF_016899425.1;GCF_053038975.1;GCF_053209605.1;GCF_905400185.1;MF6	Flavodoxin/nitric oxide synthase
pC3_clade_core/clade_specific	GCF_016899425.1|KEDGBJ_06131				5	5	GCF_016899425.1;GCF_053038975.1;GCF_053209605.1;GCF_905400185.1;MF6	DUF2889 domain-containing protein
pC3_clade_core/clade_specific	GCF_016899425.1|KEDGBJ_06133	COG0697	GER		5	5	GCF_016899425.1;GCF_053038975.1;GCF_053209605.1;GCF_905400185.1;MF6	EamA domain-containing protein
pC3_clade_core/genus_derived	GCF_016899425.1|KEDGBJ_06134	COG3585	H	02019	5	5	GCF_016899425.1;GCF_053038975.1;GCF_053209605.1;GCF_905400185.1;MF6	Molybdenum-pterin binding protein
pC3_clade_core/genus_derived	GCF_016899425.1|KEDGBJ_06135	COG1538	M		5	5	GCF_016899425.1;GCF_053038975.1;GCF_053209605.1;GCF_905400185.1;MF6	RND transporter
pC3_clade_core/genus_derived	GCF_016899425.1|KEDGBJ_06136				5	5	GCF_016899425.1;GCF_053038975.1;GCF_053209605.1;GCF_905400185.1;MF6	Membrane fusion protein biotin-lipoyl like domain-containing protein
pC3_clade_core/genus_derived	GCF_016899425.1|KEDGBJ_06137			21695	5	5	GCF_016899425.1;GCF_053038975.1;GCF_053209605.1;GCF_905400185.1;MF6	DUF1656 domain-containing protein
pC3_clade_core/genus_derived	GCF_016899425.1|KEDGBJ_06138	COG1289	S		5	5	GCF_016899425.1;GCF_053038975.1;GCF_053209605.1;GCF_905400185.1;MF6	p-hydroxybenzoic acid efflux pump subunit AaeB
pC3_clade_core/genus_derived	GCF_016899425.1|KEDGBJ_06139				5	5	GCF_016899425.1;GCF_053038975.1;GCF_053209605.1;GCF_905400185.1;MF6	MarR family regulatory protein
pC3_clade_core/clade_specific	GCF_016899425.1|KEDGBJ_06140				5	5	GCF_016899425.1;GCF_053038975.1;GCF_053209605.1;GCF_905400185.1;MF6	Transcriptional regulator, GntR family with aminotransferase domain
pC3_clade_core/clade_specific	GCF_016899425.1|KEDGBJ_06141				5	5	GCF_016899425.1;GCF_053038975.1;GCF_053209605.1;GCF_905400185.1;MF6	hydroxyectoine utilization dehydratase EutB
pC3_clade_core/clade_specific	GCF_016899425.1|KEDGBJ_06142				5	5	GCF_016899425.1;GCF_053038975.1;GCF_053209605.1;GCF_905400185.1;MF6	cyclodeaminase
pC3_clade_core/clade_specific	GCF_016899425.1|KEDGBJ_06143			15783	5	5	GCF_016899425.1;GCF_053038975.1;GCF_053209605.1;GCF_905400185.1;MF6	ectoine hydrolase DoeA
pC3_clade_core/clade_specific	GCF_016899425.1|KEDGBJ_06144				5	5	GCF_016899425.1;GCF_053038975.1;GCF_053209605.1;GCF_905400185.1;MF6	N(2)-acetyl-L-2,4-diaminobutanoate deacetylase DoeB
pC3_clade_core/clade_specific	GCF_016899425.1|KEDGBJ_06145			15782	5	5	GCF_016899425.1;GCF_053038975.1;GCF_053209605.1;GCF_905400185.1;MF6	Transcriptional regulator, LRP family
pC3_clade_core/clade_specific	GCF_016899425.1|KEDGBJ_06146				5	5	GCF_016899425.1;GCF_053038975.1;GCF_053209605.1;GCF_905400185.1;MF6	NADP-dependent succinate-semialdehyde dehydrogenase
pC3_clade_core/clade_specific	GCF_016899425.1|KEDGBJ_06147			15785	5	5	GCF_016899425.1;GCF_053038975.1;GCF_053209605.1;GCF_905400185.1;MF6	Aspartate aminotransferase family protein
pC3_clade_core/clade_specific	GCF_016899425.1|KEDGBJ_06148				5	5	GCF_016899425.1;GCF_053038975.1;GCF_053209605.1;GCF_905400185.1;MF6	MBL fold metallo-hydrolase
pC3_clade_core/clade_specific	GCF_016899425.1|KEDGBJ_06149			03762	5	5	GCF_016899425.1;GCF_053038975.1;GCF_053209605.1;GCF_905400185.1;MF6	Amino acid transporter
pC3_clade_core/clade_specific	GCF_016899425.1|KEDGBJ_06150	COG5470	S		5	5	GCF_016899425.1;GCF_053038975.1;GCF_053209605.1;GCF_905400185.1;MF6	DUF1330 domain-containing protein
pC3_clade_core/clade_specific	GCF_016899425.1|KEDGBJ_06151	COG2376	G		5	5	GCF_016899425.1;GCF_053038975.1;GCF_053209605.1;GCF_905400185.1;MF6	Dihydroxyacetone kinase subunit DhaK
pC3_clade_core/clade_specific	GCF_016899425.1|KEDGBJ_06152				5	5	GCF_016899425.1;GCF_053038975.1;GCF_053209605.1;GCF_905400185.1;MF6	Sigma-54 dependent transcriptional regulator
pC3_clade_core/clade_specific	GCF_016899425.1|KEDGBJ_06153				5	5	GCF_016899425.1;GCF_053038975.1;GCF_053209605.1;GCF_905400185.1;MF6	FMN reductase
pC3_clade_core/clade_specific	GCF_016899425.1|KEDGBJ_06154	COG2141	HR	17228	5	5	GCF_016899425.1;GCF_053038975.1;GCF_053209605.1;GCF_905400185.1;MF6	dimethylsulfone monooxygenase SfnG
pC3_clade_core/clade_specific	GCF_016899425.1|KEDGBJ_06156	COG0583	K		5	5	GCF_016899425.1;GCF_053038975.1;GCF_053209605.1;GCF_905400185.1;MF6	LysR family transcriptional regulator
pC3_clade_core/clade_specific	GCF_016899425.1|KEDGBJ_06157	COG0583	K	03566	5	5	GCF_016899425.1;GCF_053038975.1;GCF_053209605.1;GCF_905400185.1;MF6	HTH lysR-type domain-containing protein
pC3_clade_core/genus_derived	GCF_016899425.1|KEDGBJ_06160	COG0683	E		5	5	GCF_016899425.1;GCF_053038975.1;GCF_053209605.1;GCF_905400185.1;MF6	Leucine-binding protein domain-containing protein
pC3_clade_core/clade_specific	GCF_016899425.1|KEDGBJ_06161				5	5	GCF_016899425.1;GCF_053038975.1;GCF_053209605.1;GCF_905400185.1;MF6	EamA domain-containing protein
pC3_clade_core/clade_specific	GCF_016899425.1|KEDGBJ_06162				5	5	GCF_016899425.1;GCF_053038975.1;GCF_053209605.1;GCF_905400185.1;MF6	Transcriptional regulator, LysR family
pC3_clade_core/clade_specific	GCF_016899425.1|KEDGBJ_06163				5	5	GCF_016899425.1;GCF_053038975.1;GCF_053209605.1;GCF_905400185.1;MF6	Nitroreductase
pC3_clade_core/clade_specific	GCF_016899425.1|KEDGBJ_06164				5	5	GCF_016899425.1;GCF_053038975.1;GCF_053209605.1;GCF_905400185.1;MF6	sodium:proline symporter
pC3_clade_core/clade_specific	GCF_016899425.1|KEDGBJ_06165			03285	5	5	GCF_016899425.1;GCF_053038975.1;GCF_053209605.1;GCF_905400185.1;MF6	Porin Gram-negative type
pC3_clade_core/clade_specific	GCF_016899425.1|KEDGBJ_06166	COG1132	V		5	5	GCF_016899425.1;GCF_053038975.1;GCF_053209605.1;GCF_905400185.1;MF6	ABC efflux pump, ATPase subunit
pC3_clade_core/clade_specific	GCF_016899425.1|KEDGBJ_06167	COG1309	K		5	5	GCF_016899425.1;GCF_053038975.1;GCF_053209605.1;GCF_905400185.1;MF6	HTH-type transcriptional repressor NemR
pC3_clade_core/clade_specific	GCF_016899425.1|KEDGBJ_06168	COG1764	V	04063	5	5	GCF_016899425.1;GCF_053038975.1;GCF_053209605.1;GCF_905400185.1;MF6	Organic hydroperoxide resistance protein
pC3_clade_core/genus_derived	GCF_016899425.1|KEDGBJ_06170	COG1380	R		5	5	GCF_016899425.1;GCF_053038975.1;GCF_053209605.1;GCF_905400185.1;MF6	LrgA family protein
pC3_clade_core/genus_derived	GCF_016899425.1|KEDGBJ_06171	COG1346	M		5	5	GCF_016899425.1;GCF_053038975.1;GCF_053209605.1;GCF_905400185.1;MF6	LrgB family protein
pC3_clade_core/genus_derived	GCF_016899425.1|KEDGBJ_06172				5	5	GCF_016899425.1;GCF_053038975.1;GCF_053209605.1;GCF_905400185.1;MF6	DUF4148 domain-containing protein
pC3_clade_core/genus_derived	GCF_016899425.1|KEDGBJ_06173	COG0655	C		5	5	GCF_016899425.1;GCF_053038975.1;GCF_053209605.1;GCF_905400185.1;MF6	NAD(P)H:quinone oxidoreductase
pC3_clade_core/genus_derived	GCF_016899425.1|KEDGBJ_06174				5	5	GCF_016899425.1;GCF_053038975.1;GCF_053209605.1;GCF_905400185.1;MF6	Pirin
pC3_clade_core/genus_derived	GCF_016899425.1|KEDGBJ_06175	COG0583	K	16135	5	5	GCF_016899425.1;GCF_053038975.1;GCF_053209605.1;GCF_905400185.1;MF6	HTH lysR-type domain-containing protein
pC3_clade_core/clade_specific	GCF_016899425.1|KEDGBJ_06176	COG3177	K		5	5	GCF_016899425.1;GCF_053038975.1;GCF_053209605.1;GCF_905400185.1;MF6	Fido domain-containing protein
pC3_clade_core/clade_specific	GCF_016899425.1|KEDGBJ_06177				5	5	GCF_016899425.1;GCF_053038975.1;GCF_053209605.1;GCF_905400185.1;MF6	DUF1311 domain-containing protein
pC3_clade_core/clade_specific	GCF_016899425.1|KEDGBJ_06179	COG0524	G	00852	5	5	GCF_016899425.1;GCF_053038975.1;GCF_053209605.1;GCF_905400185.1;MF6	ribokinase
pC3_clade_core/clade_specific	GCF_016899425.1|KEDGBJ_06180	COG2271	G		5	5	GCF_016899425.1;GCF_053038975.1;GCF_053209605.1;GCF_905400185.1;MF6	MFS transporter
pC3_clade_core/clade_specific	GCF_016899425.1|KEDGBJ_06181	COG0329	EM		5	5	GCF_016899425.1;GCF_053038975.1;GCF_053209605.1;GCF_905400185.1;MF6	Dihydrodipicolinate synthase family protein
pC3_clade_accessory	GCF_016899425.1|KEDGBJ_06182				2	2	GCF_016899425.1;MF6	hypothetical protein
pC3_clade_core/clade_specific	GCF_016899425.1|KEDGBJ_06183	COG2259	S		5	5	GCF_016899425.1;GCF_053038975.1;GCF_053209605.1;GCF_905400185.1;MF6	DoxX family protein
pC3_clade_core/clade_specific	GCF_016899425.1|KEDGBJ_06184				5	5	GCF_016899425.1;GCF_053038975.1;GCF_053209605.1;GCF_905400185.1;MF6	dTDP-4-dehydrorhamnose reductase
pC3_clade_core/clade_specific	GCF_016899425.1|KEDGBJ_06185	COG0834	ET		5	5	GCF_016899425.1;GCF_053038975.1;GCF_053209605.1;GCF_905400185.1;MF6	ABC transporter substrate-binding protein
pC3_clade_core/clade_specific	GCF_016899425.1|KEDGBJ_06186	COG4215	E	10020	5	5	GCF_016899425.1;GCF_053038975.1;GCF_053209605.1;GCF_905400185.1;MF6	ABC transporter permease subunit
pC3_clade_core/clade_specific	GCF_016899425.1|KEDGBJ_06187	COG4160	E	10019	5	5	GCF_016899425.1;GCF_053038975.1;GCF_053209605.1;GCF_905400185.1;MF6	Octopine transport system permease protein OccM
pC3_clade_core/clade_specific	GCF_016899425.1|KEDGBJ_06188	COG4598	E		5	5	GCF_016899425.1;GCF_053038975.1;GCF_053209605.1;GCF_905400185.1;MF6	Amino acid ABC transporter ATP-binding protein (PAAT family)
pC3_clade_core/clade_specific	GCF_016899425.1|KEDGBJ_06189	COG2986	E	01745	5	5	GCF_016899425.1;GCF_053038975.1;GCF_053209605.1;GCF_905400185.1;MF6	Histidine ammonia-lyase
pC3_clade_core/clade_specific	GCF_016899425.1|KEDGBJ_06190			05836	5	5	GCF_016899425.1;GCF_053038975.1;GCF_053209605.1;GCF_905400185.1;MF6	histidine utilization repressor
pC3_clade_core/clade_specific	GCF_016899425.1|KEDGBJ_06191			00986	5	5	GCF_016899425.1;GCF_053038975.1;GCF_053209605.1;GCF_905400185.1;MF6	RNA-directed DNA polymerase
pC3_clade_core/clade_specific	GCF_016899425.1|KEDGBJ_06192	COG2916	B		5	5	GCF_016899425.1;GCF_053038975.1;GCF_053209605.1;GCF_905400185.1;MF6	Histone
pC3_clade_accessory	GCF_016899425.1|KEDGBJ_06194	COG0675	X		10	5	GCF_016899425.1;GCF_053038975.1;GCF_053209605.1;GCF_905400185.1;MF6	Transposase
pC3_clade_core/clade_specific	GCF_016899425.1|KEDGBJ_06195				5	5	GCF_016899425.1;GCF_053038975.1;GCF_053209605.1;GCF_905400185.1;MF6	Sugar ABC transporter ATPase
pC3_clade_accessory	GCF_016899425.1|KEDGBJ_06196	COG0596	HR		3	3	GCF_016899425.1;GCF_905400185.1;MF6	PEP-utilising enzyme mobile domain-containing protein
pC3_clade_core/clade_specific	GCF_016899425.1|KEDGBJ_06197	COG2186	K		5	5	GCF_016899425.1;GCF_053038975.1;GCF_053209605.1;GCF_905400185.1;MF6	GntR family transcriptional regulator
pC3_clade_accessory	GCF_016899425.1|KEDGBJ_06198				3	3	GCF_016899425.1;GCF_905400185.1;MF6	Transposase
pC3_clade_core/clade_specific	GCF_016899425.1|KEDGBJ_06199	COG0683	E		5	5	GCF_016899425.1;GCF_053038975.1;GCF_053209605.1;GCF_905400185.1;MF6	ABC-type branched-chain amino acid transport system periplasmic component
pC3_clade_core/clade_specific	GCF_016899425.1|KEDGBJ_06200	COG0559	E		5	5	GCF_016899425.1;GCF_053038975.1;GCF_053209605.1;GCF_905400185.1;MF6	High-affinity branched-chain amino acid transport system permease protein LivH
pC3_clade_core/clade_specific	GCF_016899425.1|KEDGBJ_06201	COG4177	E		5	5	GCF_016899425.1;GCF_053038975.1;GCF_053209605.1;GCF_905400185.1;MF6	Amino-acid transport system component
pC3_clade_core/clade_specific	GCF_016899425.1|KEDGBJ_06202	COG0411	E		5	5	GCF_016899425.1;GCF_053038975.1;GCF_053209605.1;GCF_905400185.1;MF6	Amino acid/amide ABC transporter ATP-binding protein 1, HAAT family
pC3_clade_core/clade_specific	GCF_016899425.1|KEDGBJ_06203	COG0410	E		5	5	GCF_016899425.1;GCF_053038975.1;GCF_053209605.1;GCF_905400185.1;MF6	ABC transporter ATP-binding protein
pC3_clade_core/clade_specific	GCF_016899425.1|KEDGBJ_06204	COG0624	E		5	5	GCF_016899425.1;GCF_053038975.1;GCF_053209605.1;GCF_905400185.1;MF6	N-carbamoyl-L-amino-acid hydrolase
pC3_clade_core/clade_specific	GCF_016899425.1|KEDGBJ_06205	COG5476	R		5	5	GCF_016899425.1;GCF_053038975.1;GCF_053209605.1;GCF_905400185.1;MF6	Microcystinase C
pC3_clade_core/genus_derived	GCF_016899425.1|KEDGBJ_06206	COG3391	R		5	5	GCF_016899425.1;GCF_053038975.1;GCF_053209605.1;GCF_905400185.1;MF6	Lactonase
pC3_clade_core/genus_derived	GCF_016899425.1|KEDGBJ_06207				5	5	GCF_016899425.1;GCF_053038975.1;GCF_053209605.1;GCF_905400185.1;MF6	hypothetical protein
pC3_clade_core/clade_specific	GCF_016899425.1|KEDGBJ_06208				5	5	GCF_016899425.1;GCF_053038975.1;GCF_053209605.1;GCF_905400185.1;MF6	Chemotaxis protein
pC3_clade_core/clade_specific	GCF_016899425.1|KEDGBJ_06209	COG0596	HR		5	5	GCF_016899425.1;GCF_053038975.1;GCF_053209605.1;GCF_905400185.1;MF6	Alpha/beta hydrolase
pC3_clade_core/clade_specific	GCF_016899425.1|KEDGBJ_06210				5	5	GCF_016899425.1;GCF_053038975.1;GCF_053209605.1;GCF_905400185.1;MF6	DUF4034 domain-containing protein
pC3_clade_core/clade_specific	GCF_016899425.1|KEDGBJ_06211				5	5	GCF_016899425.1;GCF_053038975.1;GCF_053209605.1;GCF_905400185.1;MF6	DUF1266 domain-containing protein
pC3_clade_core/clade_specific	GCF_016899425.1|KEDGBJ_06212				5	5	GCF_016899425.1;GCF_053038975.1;GCF_053209605.1;GCF_905400185.1;MF6	Cytoplasmic protein
pC3_clade_core/clade_specific	GCF_016899425.1|KEDGBJ_06213				5	5	GCF_016899425.1;GCF_053038975.1;GCF_053209605.1;GCF_905400185.1;MF6	class C beta-lactamase
pC3_clade_accessory	GCF_016899425.1|KEDGBJ_06214				3	3	GCF_016899425.1;GCF_905400185.1;MF6	hypothetical protein
pC3_clade_core/clade_specific	GCF_016899425.1|KEDGBJ_06215				5	5	GCF_016899425.1;GCF_053038975.1;GCF_053209605.1;GCF_905400185.1;MF6	DUF4148 domain-containing protein
pC3_clade_core/clade_specific	GCF_016899425.1|KEDGBJ_06216	COG0667	HR		5	5	GCF_016899425.1;GCF_053038975.1;GCF_053209605.1;GCF_905400185.1;MF6	Aldo/keto reductase
pC3_clade_accessory	GCF_016899425.1|KEDGBJ_06217				3	3	GCF_016899425.1;GCF_905400185.1;MF6	SRPBCC family protein
pC3_clade_core/clade_specific	GCF_016899425.1|KEDGBJ_06219				5	5	GCF_016899425.1;GCF_053038975.1;GCF_053209605.1;GCF_905400185.1;MF6	Histidine ABC transporter, periplasmic histidine-binding protein
pC3_clade_core/clade_specific	GCF_016899425.1|KEDGBJ_06220			24954	5	5	GCF_016899425.1;GCF_053038975.1;GCF_053209605.1;GCF_905400185.1;MF6	Pyridine nucleotide-disulphide oxidoreductase
pC3_clade_core/clade_specific	GCF_016899425.1|KEDGBJ_06221				5	5	GCF_016899425.1;GCF_053038975.1;GCF_053209605.1;GCF_905400185.1;MF6	NAD(FAD)-dependent dehydrogenase
pC3_clade_core/clade_specific	GCF_016899425.1|KEDGBJ_06222			24955	5	5	GCF_016899425.1;GCF_053038975.1;GCF_053209605.1;GCF_905400185.1;MF6	FAD-dependent oxidoreductase
pC3_clade_accessory	GCF_016899425.1|KEDGBJ_06224	COG1657	I	06045	3	3	GCF_016899425.1;GCF_905400185.1;MF6	squalene--hopene cyclase
pC3_clade_accessory	GCF_016899425.1|KEDGBJ_06225				3	3	GCF_016899425.1;GCF_905400185.1;MF6	TetR family transcriptional regulator
pC3_clade_core/clade_specific	GCF_016899425.1|KEDGBJ_06226				5	5	GCF_016899425.1;GCF_053038975.1;GCF_053209605.1;GCF_905400185.1;MF6	Flavoprotein WrbA
pC3_clade_core/clade_specific	GCF_016899425.1|KEDGBJ_06227	COG0583	K		5	5	GCF_016899425.1;GCF_053038975.1;GCF_053209605.1;GCF_905400185.1;MF6	LysR family transcriptional regulator
pC3_clade_core/clade_specific	GCF_016899425.1|KEDGBJ_06228				5	5	GCF_016899425.1;GCF_053038975.1;GCF_053209605.1;GCF_905400185.1;MF6	LysR family transcriptional regulator
pC3_clade_core/clade_specific	GCF_016899425.1|KEDGBJ_06229				5	5	GCF_016899425.1;GCF_053038975.1;GCF_053209605.1;GCF_905400185.1;MF6	Sugar ABC transporter
pC3_clade_core/clade_specific	GCF_016899425.1|KEDGBJ_06230				5	5	GCF_016899425.1;GCF_053038975.1;GCF_053209605.1;GCF_905400185.1;MF6	5-carboxymethyl-2-hydroxymuconate isomerase
pC3_clade_core/clade_specific	GCF_016899425.1|KEDGBJ_06231				5	5	GCF_016899425.1;GCF_053038975.1;GCF_053209605.1;GCF_905400185.1;MF6	Beta-lactamase
pC3_clade_core/clade_specific	GCF_016899425.1|KEDGBJ_06232	COG0840	T		5	5	GCF_016899425.1;GCF_053038975.1;GCF_053209605.1;GCF_905400185.1;MF6	Chemotaxis protein
pC3_clade_core/clade_specific	GCF_016899425.1|KEDGBJ_06233				5	5	GCF_016899425.1;GCF_053038975.1;GCF_053209605.1;GCF_905400185.1;MF6	DUF3224 domain-containing protein
pC3_clade_accessory	GCF_016899425.1|KEDGBJ_06234				3	3	GCF_016899425.1;GCF_905400185.1;MF6	Acetoacetate decarboxylase
pC3_clade_accessory	GCF_016899425.1|KEDGBJ_06235				3	3	GCF_016899425.1;GCF_905400185.1;MF6	Saccharopine dehydrogenase (NAD(+), L-glutamate-forming)
pC3_clade_core/clade_specific	GCF_016899425.1|KEDGBJ_06236				5	5	GCF_016899425.1;GCF_053038975.1;GCF_053209605.1;GCF_905400185.1;MF6	LysR family transcriptional regulator
pC3_clade_core/clade_specific	GCF_016899425.1|KEDGBJ_06237			01118	5	5	GCF_016899425.1;GCF_053038975.1;GCF_053209605.1;GCF_905400185.1;MF6	FMN dependent NADH:quinone oxidoreductase
pC3_clade_core/clade_specific	GCF_016899425.1|KEDGBJ_06238	COG1280	E	05835	5	5	GCF_016899425.1;GCF_053038975.1;GCF_053209605.1;GCF_905400185.1;MF6	Amino acid transporter
pC3_clade_core/clade_specific	GCF_016899425.1|KEDGBJ_06239			03566	5	5	GCF_016899425.1;GCF_053038975.1;GCF_053209605.1;GCF_905400185.1;MF6	LysR family regulatory protein
pC3_clade_core/clade_specific	GCF_016899425.1|KEDGBJ_06240				5	5	GCF_016899425.1;GCF_053038975.1;GCF_053209605.1;GCF_905400185.1;MF6	Cupin type-2 domain-containing protein
pC3_clade_core/clade_specific	GCF_016899425.1|KEDGBJ_06241	COG2916	B		5	5	GCF_016899425.1;GCF_053038975.1;GCF_053209605.1;GCF_905400185.1;MF6	DNA-binding protein
pC3_clade_core/clade_specific	GCF_016899425.1|KEDGBJ_06242				5	5	GCF_016899425.1;GCF_053038975.1;GCF_053209605.1;GCF_905400185.1;MF6	Endoribonuclease L-PSP/chorismate mutase-like domain-containing protein
pC3_clade_core/clade_specific	GCF_016899425.1|KEDGBJ_06244				5	5	GCF_016899425.1;GCF_053038975.1;GCF_053209605.1;GCF_905400185.1;MF6	Bacteriophage protein
pC3_clade_core/clade_specific	GCF_016899425.1|KEDGBJ_06245				5	5	GCF_016899425.1;GCF_053038975.1;GCF_053209605.1;GCF_905400185.1;MF6	Transcriptional regulator
pC3_clade_core/clade_specific	GCF_016899425.1|KEDGBJ_06246				5	5	GCF_016899425.1;GCF_053038975.1;GCF_053209605.1;GCF_905400185.1;MF6	Molecular chaperone DnaJ
pC3_clade_core/genus_derived	GCF_016899425.1|KEDGBJ_06247	COG1638	G		5	5	GCF_016899425.1;GCF_053038975.1;GCF_053209605.1;GCF_905400185.1;MF6	Solute-binding protein Bamb_6123
pC3_clade_core/genus_derived	GCF_016899425.1|KEDGBJ_06248				5	5	GCF_016899425.1;GCF_053038975.1;GCF_053209605.1;GCF_905400185.1;MF6	TRAP transporter small permease
pC3_clade_core/genus_derived	GCF_016899425.1|KEDGBJ_06249	COG1593	G		5	5	GCF_016899425.1;GCF_053038975.1;GCF_053209605.1;GCF_905400185.1;MF6	TRAP transporter large permease protein
pC3_clade_accessory	GCF_016899425.1|KEDGBJ_06250				3	3	GCF_016899425.1;GCF_905400185.1;MF6	6-phosphogluconolactonase
pC3_clade_accessory	GCF_016899425.1|KEDGBJ_06251				3	3	GCF_016899425.1;GCF_905400185.1;MF6	Methyl-accepting chemotaxis sensory transducer
pC3_clade_accessory	GCF_016899425.1|KEDGBJ_06252				3	3	GCF_016899425.1;GCF_905400185.1;MF6	hypothetical protein
pC3_clade_core/clade_specific	GCF_016899425.1|KEDGBJ_06253				5	5	GCF_016899425.1;GCF_053038975.1;GCF_053209605.1;GCF_905400185.1;MF6	FAD dependent oxidoreductase
pC3_clade_core/clade_specific	GCF_016899425.1|KEDGBJ_06254				5	5	GCF_016899425.1;GCF_053038975.1;GCF_053209605.1;GCF_905400185.1;MF6	Permease
pC3_clade_core/clade_specific	GCF_016899425.1|KEDGBJ_06255	COG0842	V		5	5	GCF_016899425.1;GCF_053038975.1;GCF_053209605.1;GCF_905400185.1;MF6	ABC transmembrane type-2 domain-containing protein
pC3_clade_core/clade_specific	GCF_016899425.1|KEDGBJ_06256				5	5	GCF_016899425.1;GCF_053038975.1;GCF_053209605.1;GCF_905400185.1;MF6	ABC transporter ATP-binding protein
pC3_clade_core/clade_specific	GCF_016899425.1|KEDGBJ_06257	COG2175	Q		5	5	GCF_016899425.1;GCF_053038975.1;GCF_053209605.1;GCF_905400185.1;MF6	TauD/TfdA-like domain-containing protein
pC3_clade_core/clade_specific	GCF_016899425.1|KEDGBJ_06258	COG2226	HJ		5	5	GCF_016899425.1;GCF_053038975.1;GCF_053209605.1;GCF_905400185.1;MF6	2-methoxy-6-polyprenyl-1,4-benzoquinol methylase, mitochondrial
pC3_clade_core/clade_specific	GCF_016899425.1|KEDGBJ_06260	COG1960	I		5	5	GCF_016899425.1;GCF_053038975.1;GCF_053209605.1;GCF_905400185.1;MF6	Acyl-CoA dehydrogenase
pC3_clade_core/clade_specific	GCF_016899425.1|KEDGBJ_06261				5	5	GCF_016899425.1;GCF_053038975.1;GCF_053209605.1;GCF_905400185.1;MF6	3-oxoacyl-[acyl-carrier-protein] synthase
pC3_clade_core/clade_specific	GCF_016899425.1|KEDGBJ_06265	COG0332	I		5	5	GCF_016899425.1;GCF_053038975.1;GCF_053209605.1;GCF_905400185.1;MF6	Beta-ketoacyl-[acyl-carrier-protein] synthase III N-terminal domain-containing protein
pC3_clade_core/clade_specific	GCF_016899425.1|KEDGBJ_06266				5	5	GCF_016899425.1;GCF_053038975.1;GCF_053209605.1;GCF_905400185.1;MF6	Ferritin-like domain-containing protein
pC3_clade_core/clade_specific	GCF_016899425.1|KEDGBJ_06267				5	5	GCF_016899425.1;GCF_053038975.1;GCF_053209605.1;GCF_905400185.1;MF6	hypothetical protein
pC3_clade_core/clade_specific	GCF_016899425.1|KEDGBJ_06268				5	5	GCF_016899425.1;GCF_053038975.1;GCF_053209605.1;GCF_905400185.1;MF6	Beta-ketoacyl-[acyl-carrier-protein] synthase III N-terminal domain-containing protein
pC3_clade_core/clade_specific	GCF_016899425.1|KEDGBJ_06269				5	5	GCF_016899425.1;GCF_053038975.1;GCF_053209605.1;GCF_905400185.1;MF6	Phosphopantetheine-binding protein
pC3_clade_core/clade_specific	GCF_016899425.1|KEDGBJ_06270				5	5	GCF_016899425.1;GCF_053038975.1;GCF_053209605.1;GCF_905400185.1;MF6	Acyl-CoA dehydrogenase
pC3_clade_core/clade_specific	GCF_016899425.1|KEDGBJ_06271				5	5	GCF_016899425.1;GCF_053038975.1;GCF_053209605.1;GCF_905400185.1;MF6	Porin
pC3_clade_core/clade_specific	GCF_016899425.1|KEDGBJ_06272				5	5	GCF_016899425.1;GCF_053038975.1;GCF_053209605.1;GCF_905400185.1;MF6	Outer membrane lipoprotein-sorting protein
pC3_clade_core/clade_specific	GCF_016899425.1|KEDGBJ_06273	COG4591	M		5	5	GCF_016899425.1;GCF_053038975.1;GCF_053209605.1;GCF_905400185.1;MF6	ABC transporter permease
pC3_clade_core/clade_specific	GCF_016899425.1|KEDGBJ_06274	COG1136	M		5	5	GCF_016899425.1;GCF_053038975.1;GCF_053209605.1;GCF_905400185.1;MF6	ABC transporter
pC3_clade_core/clade_specific	GCF_016899425.1|KEDGBJ_06276				5	5	GCF_016899425.1;GCF_053038975.1;GCF_053209605.1;GCF_905400185.1;MF6	Fatty acid desaturase domain-containing protein
pC3_clade_core/clade_specific	GCF_016899425.1|KEDGBJ_06277				5	5	GCF_016899425.1;GCF_053038975.1;GCF_053209605.1;GCF_905400185.1;MF6	Ferritin
pC3_clade_core/clade_specific	GCF_016899425.1|KEDGBJ_06278				5	5	GCF_016899425.1;GCF_053038975.1;GCF_053209605.1;GCF_905400185.1;MF6	Glycine cleavage system transcriptional activator
pC3_clade_core/clade_specific	GCF_016899425.1|KEDGBJ_06279				5	5	GCF_016899425.1;GCF_053038975.1;GCF_053209605.1;GCF_905400185.1;MF6	Alpha/beta hydrolase fold
pC3_clade_accessory	GCF_016899425.1|KEDGBJ_06280				3	3	GCF_016899425.1;GCF_905400185.1;MF6	Helix-turn-helix domain-containing protein
pC3_clade_accessory	GCF_016899425.1|KEDGBJ_06281			16566	3	3	GCF_016899425.1;GCF_905400185.1;MF6	Exopolysaccharide biosynthesis polyprenyl glycosylphosphotransferase
pC3_clade_accessory	GCF_016899425.1|KEDGBJ_06282				3	3	GCF_016899425.1;GCF_905400185.1;MF6	Sugar ABC transporter substrate-binding protein
pC3_clade_accessory	GCF_016899425.1|KEDGBJ_06283				3	3	GCF_016899425.1;GCF_905400185.1;MF6	protein-tyrosine-phosphatase
pC3_clade_accessory	GCF_016899425.1|KEDGBJ_06284				3	3	GCF_016899425.1;GCF_905400185.1;MF6	Polysaccharide biosynthesis tyrosine autokinase
pC3_clade_accessory	GCF_016899425.1|KEDGBJ_06285				3	3	GCF_016899425.1;GCF_905400185.1;MF6	Translocase
pC3_clade_accessory	GCF_016899425.1|KEDGBJ_06286				3	3	GCF_016899425.1;GCF_905400185.1;MF6	Capsular biosynthesis protein
pC3_clade_accessory	GCF_016899425.1|KEDGBJ_06287				3	3	GCF_016899425.1;GCF_905400185.1;MF6	Serine acetyltransferase
pC3_clade_accessory	GCF_016899425.1|KEDGBJ_06289				3	3	GCF_016899425.1;GCF_905400185.1;MF6	Glycosyl transferase
pC3_clade_accessory	GCF_016899425.1|KEDGBJ_06290				3	3	GCF_016899425.1;GCF_905400185.1;MF6	3-deoxy-8-phosphooctulonate synthase
pC3_clade_accessory	GCF_016899425.1|KEDGBJ_06291				3	3	GCF_016899425.1;GCF_905400185.1;MF6	HAD-IIIA family hydrolase
pC3_clade_accessory	GCF_016899425.1|KEDGBJ_06292			00979	3	3	GCF_016899425.1;GCF_905400185.1;MF6	3-deoxy-manno-octulosonate cytidylyltransferase
pC3_clade_accessory	GCF_016899425.1|KEDGBJ_06293				3	3	GCF_016899425.1;GCF_905400185.1;MF6	KpsF/GutQ family sugar-phosphate isomerase
pC3_clade_accessory	GCF_016899425.1|KEDGBJ_06294				3	3	GCF_016899425.1;GCF_905400185.1;MF6	Glycosyl hydrolase
pC3_clade_accessory	GCF_016899425.1|KEDGBJ_06295				3	3	GCF_016899425.1;GCF_905400185.1;MF6	Lipoprotein
pC3_clade_accessory	GCF_016899425.1|KEDGBJ_06296				3	3	GCF_016899425.1;GCF_905400185.1;MF6	Phosphatase PAP2 family protein
pC3_clade_accessory	GCF_016899425.1|KEDGBJ_06297			00963	3	3	GCF_016899425.1;GCF_905400185.1;MF6	UTP--glucose-1-phosphate uridylyltransferase GalU
pC3_clade_accessory	GCF_016899425.1|KEDGBJ_06298			02403	3	3	GCF_016899425.1;GCF_905400185.1;MF6	Flagellar transcriptional regulator FlhD
pC3_clade_core/clade_specific	GCF_016899425.1|KEDGBJ_06299			03762	5	5	GCF_016899425.1;GCF_053038975.1;GCF_053209605.1;GCF_905400185.1;MF6	glycine betaine/L-proline transporter ProP
pC3_clade_core/clade_specific	GCF_016899425.1|KEDGBJ_06300				5	5	GCF_016899425.1;GCF_053038975.1;GCF_053209605.1;GCF_905400185.1;MF6	DNA topoisomerase
pC3_clade_core/genus_derived	GCF_016899425.1|KEDGBJ_06301	COG1879	G		5	5	GCF_016899425.1;GCF_053038975.1;GCF_053209605.1;GCF_905400185.1;MF6	ABC transporter periplasmic-binding protein YtfQ
pC3_clade_core/genus_derived	GCF_016899425.1|KEDGBJ_06302	COG1129	G	10820	5	5	GCF_016899425.1;GCF_053038975.1;GCF_053209605.1;GCF_905400185.1;MF6	CcmA protein
pC3_clade_core/genus_derived	GCF_016899425.1|KEDGBJ_06303	COG1172	G		5	5	GCF_016899425.1;GCF_053038975.1;GCF_053209605.1;GCF_905400185.1;MF6	Monosaccharide-transporting ATPase
pC3_clade_core/genus_derived	GCF_016899425.1|KEDGBJ_06304				5	5	GCF_016899425.1;GCF_053038975.1;GCF_053209605.1;GCF_905400185.1;MF6	galactofuranose ABC transporter, permease protein YjfF
pC3_clade_core/clade_specific	GCF_016899425.1|KEDGBJ_06305				5	5	GCF_016899425.1;GCF_053038975.1;GCF_053209605.1;GCF_905400185.1;MF6	hypothetical protein
pC3_clade_core/clade_specific	GCF_016899425.1|KEDGBJ_06306				5	5	GCF_016899425.1;GCF_053038975.1;GCF_053209605.1;GCF_905400185.1;MF6	histidine kinase
pC3_clade_core/clade_specific	GCF_016899425.1|KEDGBJ_06307	COG2207	K		5	5	GCF_016899425.1;GCF_053038975.1;GCF_053209605.1;GCF_905400185.1;MF6	Protein-glutamate methylesterase/protein-glutamine glutaminase
pC3_clade_accessory	GCF_016899425.1|KEDGBJ_06308				3	3	GCF_016899425.1;GCF_905400185.1;MF6	Adhesin
pC3_clade_core/clade_specific	GCF_016899425.1|KEDGBJ_06309				5	5	GCF_016899425.1;GCF_053038975.1;GCF_053209605.1;GCF_905400185.1;MF6	OmpA-like domain-containing protein
pC3_clade_accessory	GCF_016899425.1|KEDGBJ_06310				3	3	GCF_016899425.1;GCF_905400185.1;MF6	hypothetical protein
pC3_clade_core/clade_specific	GCF_016899425.1|KEDGBJ_06311				5	5	GCF_016899425.1;GCF_053038975.1;GCF_053209605.1;GCF_905400185.1;MF6	DUF2188 domain-containing protein
pC3_clade_accessory	GCF_016899425.1|KEDGBJ_06312				1	1	GCF_016899425.1	hypothetical protein
pC3_clade_accessory	GCF_016899425.1|KEDGBJ_06313				3	3	GCF_016899425.1;GCF_905400185.1;MF6	DUF1269 domain-containing protein
pC3_clade_accessory	GCF_016899425.1|KEDGBJ_06314				3	3	GCF_016899425.1;GCF_905400185.1;MF6	Sodium:proline symporter
pC3_clade_accessory	GCF_016899425.1|KEDGBJ_06315	COG4654	C	02275	3	3	GCF_016899425.1;GCF_905400185.1;MF6	cytochrome-c oxidase
pC3_clade_accessory	GCF_016899425.1|KEDGBJ_06316	COG0843	C		3	3	GCF_016899425.1;GCF_905400185.1;MF6	cytochrome c oxidase subunit I
pC3_clade_accessory	GCF_016899425.1|KEDGBJ_06317				3	3	GCF_016899425.1;GCF_905400185.1;MF6	Heme/copper-type cytochrome/quinol oxidase subunit 3-like protein
pC3_clade_accessory	GCF_016899425.1|KEDGBJ_06318				3	3	GCF_016899425.1;GCF_905400185.1;MF6	Cytochrome bo(3) ubiquinol oxidase subunit 3
pC3_clade_accessory	GCF_016899425.1|KEDGBJ_06319	COG5605	C		3	3	GCF_016899425.1;GCF_905400185.1;MF6	Cytochrome C oxidase subunit IV
pC3_clade_core/clade_specific	GCF_016899425.1|KEDGBJ_06321				5	5	GCF_016899425.1;GCF_053038975.1;GCF_053209605.1;GCF_905400185.1;MF6	(R)-hydratase
pC3_clade_accessory	GCF_016899425.1|KEDGBJ_06322				3	3	GCF_016899425.1;GCF_905400185.1;MF6	Carboxymuconolactone decarboxylase
pC3_clade_core/clade_specific	GCF_016899425.1|KEDGBJ_06323				5	5	GCF_016899425.1;GCF_053038975.1;GCF_053209605.1;GCF_905400185.1;MF6	Glucose 1-dehydrogenase
pC3_clade_core/clade_specific	GCF_016899425.1|KEDGBJ_06324			14446	5	5	GCF_016899425.1;GCF_053038975.1;GCF_053209605.1;GCF_905400185.1;MF6	crotonyl-CoA carboxylase/reductase
pC3_clade_accessory	GCF_016899425.1|KEDGBJ_06325				3	3	GCF_016899425.1;GCF_905400185.1;MF6	Acyltransferase domain-containing protein
pC3_clade_accessory	GCF_016899425.1|KEDGBJ_06326				3	3	GCF_016899425.1;GCF_905400185.1;MF6	Phosphopantetheine-binding protein
pC3_clade_core/clade_specific	GCF_016899425.1|KEDGBJ_06327				5	5	GCF_016899425.1;GCF_053038975.1;GCF_053209605.1;GCF_905400185.1;MF6	Beta-ketoacyl-[acyl-carrier-protein] synthase III
pC3_clade_accessory	GCF_016899425.1|KEDGBJ_06328				3	3	GCF_016899425.1;GCF_905400185.1;MF6	EAL domain-containing protein
pC3_clade_accessory	GCF_016899425.1|KEDGBJ_06329				3	3	GCF_016899425.1;GCF_905400185.1;MF6	ATP-binding protein
pC3_clade_core/clade_specific	GCF_016899425.1|KEDGBJ_06331				5	5	GCF_016899425.1;GCF_053038975.1;GCF_053209605.1;GCF_905400185.1;MF6	OmpA-like domain-containing protein
pC3_clade_accessory	GCF_016899425.1|KEDGBJ_06333				2	2	GCF_016899425.1;MF6	hypothetical protein
pC3_clade_core/clade_specific	GCF_016899425.1|KEDGBJ_06334				5	5	GCF_016899425.1;GCF_053038975.1;GCF_053209605.1;GCF_905400185.1;MF6	Two-component system response regulator
pC3_clade_core/clade_specific	GCF_016899425.1|KEDGBJ_06336				5	5	GCF_016899425.1;GCF_053038975.1;GCF_053209605.1;GCF_905400185.1;MF6	Periplasmic solute-binding protein
pC3_clade_core/clade_specific	GCF_016899425.1|KEDGBJ_06337				5	5	GCF_016899425.1;GCF_053038975.1;GCF_053209605.1;GCF_905400185.1;MF6	Sodium:dicarboxylate symporter
pC3_clade_core/clade_specific	GCF_016899425.1|KEDGBJ_06338	COG0834	ET		5	5	GCF_016899425.1;GCF_053038975.1;GCF_053209605.1;GCF_905400185.1;MF6	Amino acid ABC transporter substrate-binding protein, PAAT family
pC3_clade_core/clade_specific	GCF_016899425.1|KEDGBJ_06339				5	5	GCF_016899425.1;GCF_053038975.1;GCF_053209605.1;GCF_905400185.1;MF6	30S ribosomal protein S21
pC3_clade_core/clade_specific	GCF_016899425.1|KEDGBJ_06340				5	5	GCF_016899425.1;GCF_053038975.1;GCF_053209605.1;GCF_905400185.1;MF6	TetR family transcriptional regulator
pC3_clade_core/clade_specific	GCF_016899425.1|KEDGBJ_06341				5	5	GCF_016899425.1;GCF_053038975.1;GCF_053209605.1;GCF_905400185.1;MF6	DUF982 domain-containing protein
pC3_clade_accessory	GCF_016899425.1|KEDGBJ_06342				3	3	GCF_016899425.1;GCF_905400185.1;MF6	DUF982 domain-containing protein
pC3_clade_core/clade_specific	GCF_016899425.1|KEDGBJ_06343				5	5	GCF_016899425.1;GCF_053038975.1;GCF_053209605.1;GCF_905400185.1;MF6	Chromate resistance exported protein
pC3_clade_core/clade_specific	GCF_016899425.1|KEDGBJ_06344			07240	5	5	GCF_016899425.1;GCF_053038975.1;GCF_053209605.1;GCF_905400185.1;MF6	Chromate resistance transport protein
pC3_clade_core/clade_specific	GCF_016899425.1|KEDGBJ_06345				5	5	GCF_016899425.1;GCF_053038975.1;GCF_053209605.1;GCF_905400185.1;MF6	ChrB C-terminal domain-containing protein
pC3_clade_core/clade_specific	GCF_016899425.1|KEDGBJ_06346				5	5	GCF_016899425.1;GCF_053038975.1;GCF_053209605.1;GCF_905400185.1;MF6	DUF4382 domain-containing protein
pC3_clade_core/clade_specific	GCF_016899425.1|KEDGBJ_06347	COG1893	H		5	5	GCF_016899425.1;GCF_053038975.1;GCF_053209605.1;GCF_905400185.1;MF6	oxidoreductase
pC3_clade_core/clade_specific	GCF_016899425.1|KEDGBJ_06348				5	5	GCF_016899425.1;GCF_053038975.1;GCF_053209605.1;GCF_905400185.1;MF6	Major facilitator superfamily (MFS) profile domain-containing protein
pC3_clade_core/clade_specific	GCF_016899425.1|KEDGBJ_06349	COG0583	K	03566	5	5	GCF_016899425.1;GCF_053038975.1;GCF_053209605.1;GCF_905400185.1;MF6	Transcriptional regulator GcvA
pC3_clade_core/clade_specific	GCF_016899425.1|KEDGBJ_06350				5	5	GCF_016899425.1;GCF_053038975.1;GCF_053209605.1;GCF_905400185.1;MF6	Outer membrane porin protein
pC3_clade_core/clade_specific	GCF_016899425.1|KEDGBJ_06352				5	5	GCF_016899425.1;GCF_053038975.1;GCF_053209605.1;GCF_905400185.1;MF6	GntR family transcriptional regulator
pC3_clade_core/clade_specific	GCF_016899425.1|KEDGBJ_06353				5	5	GCF_016899425.1;GCF_053038975.1;GCF_053209605.1;GCF_905400185.1;MF6	Proton/glutamate-aspartate symporter
pC3_clade_core/clade_specific	GCF_016899425.1|KEDGBJ_06354				5	5	GCF_016899425.1;GCF_053038975.1;GCF_053209605.1;GCF_905400185.1;MF6	RNase II stability modulator
pC3_clade_core/clade_specific	GCF_016899425.1|KEDGBJ_06355				5	5	GCF_016899425.1;GCF_053038975.1;GCF_053209605.1;GCF_905400185.1;MF6	Two-component system response regulator
pC3_clade_core/clade_specific	GCF_016899425.1|KEDGBJ_06356				5	5	GCF_016899425.1;GCF_053038975.1;GCF_053209605.1;GCF_905400185.1;MF6	histidine kinase
pC3_clade_core/clade_specific	GCF_016899425.1|KEDGBJ_06357				5	5	GCF_016899425.1;GCF_053038975.1;GCF_053209605.1;GCF_905400185.1;MF6	PHB depolymerase family esterase
pC3_clade_core/clade_specific	GCF_016899425.1|KEDGBJ_06358				5	5	GCF_016899425.1;GCF_053038975.1;GCF_053209605.1;GCF_905400185.1;MF6	histidine kinase
pC3_clade_accessory	GCF_016899425.1|KEDGBJ_06359				2	2	GCF_016899425.1;GCF_905400185.1	hypothetical protein
pC3_clade_accessory	GCF_016899425.1|KEDGBJ_06360				2	2	GCF_016899425.1;GCF_905400185.1	hypothetical protein
pC3_clade_accessory	GCF_016899425.1|KEDGBJ_06361				2	2	GCF_016899425.1;GCF_905400185.1	Radical SAM protein
pC3_clade_accessory	GCF_016899425.1|KEDGBJ_06362				2	2	GCF_016899425.1;GCF_905400185.1	Aminotransferase class III-fold pyridoxal phosphate-dependent enzyme
pC3_clade_accessory	GCF_016899425.1|KEDGBJ_06363				2	2	GCF_016899425.1;GCF_905400185.1	Glycosyltransferase
pC3_clade_accessory	GCF_016899425.1|KEDGBJ_06364				2	2	GCF_016899425.1;GCF_905400185.1	CDP-alcohol phosphatidyltransferase
pC3_clade_accessory	GCF_016899425.1|KEDGBJ_06365				2	2	GCF_016899425.1;GCF_905400185.1	hypothetical protein
pC3_clade_accessory	GCF_016899425.1|KEDGBJ_06366				2	2	GCF_016899425.1;GCF_905400185.1	Alcohol dehydrogenase iron-type/glycerol dehydrogenase GldA domain-containing protein
pC3_clade_accessory	GCF_016899425.1|KEDGBJ_06367			23999	2	2	GCF_016899425.1;GCF_905400185.1	phosphoenolpyruvate mutase
pC3_clade_accessory	GCF_016899425.1|KEDGBJ_06368				2	2	GCF_016899425.1;GCF_905400185.1	Radical SAM domain protein
pC3_clade_accessory	GCF_016899425.1|KEDGBJ_06369				2	2	GCF_016899425.1;GCF_905400185.1	Phytanoyl-CoA dioxygenase
pC3_clade_core/clade_specific	GCF_016899425.1|KEDGBJ_06370	COG0715	P		5	5	GCF_016899425.1;GCF_053038975.1;GCF_053209605.1;GCF_905400185.1;MF6	ABC transport system substrate-binding protein
pC3_clade_core/clade_specific	GCF_016899425.1|KEDGBJ_06371	COG3665	S		5	5	GCF_016899425.1;GCF_053038975.1;GCF_053209605.1;GCF_905400185.1;MF6	DUF1989 domain-containing protein
pC3_clade_core/clade_specific	GCF_016899425.1|KEDGBJ_06372	COG3665	S		5	5	GCF_016899425.1;GCF_053038975.1;GCF_053209605.1;GCF_905400185.1;MF6	urea amidolyase associated protein UAAP2
pC3_clade_core/clade_specific	GCF_016899425.1|KEDGBJ_06375			01457	5	5	GCF_016899425.1;GCF_053038975.1;GCF_053209605.1;GCF_905400185.1;MF6	allophanate hydrolase
pC3_clade_core/clade_specific	GCF_016899425.1|KEDGBJ_06376	COG0600	P		5	5	GCF_016899425.1;GCF_053038975.1;GCF_053209605.1;GCF_905400185.1;MF6	ABC transmembrane type-1 domain-containing protein
pC3_clade_core/clade_specific	GCF_016899425.1|KEDGBJ_06377	COG1116	P		5	5	GCF_016899425.1;GCF_053038975.1;GCF_053209605.1;GCF_905400185.1;MF6	Taurine-transporting ATPase
pC3_clade_core/clade_specific	GCF_016899425.1|KEDGBJ_06378				5	5	GCF_016899425.1;GCF_053038975.1;GCF_053209605.1;GCF_905400185.1;MF6	Solute-binding protein family 3/N-terminal domain-containing protein
pC3_clade_core/clade_specific	GCF_016899425.1|KEDGBJ_06379	COG0583	K		5	5	GCF_016899425.1;GCF_053038975.1;GCF_053209605.1;GCF_905400185.1;MF6	Transcriptional regulator, LysR family
pC3_clade_core/clade_specific	GCF_016899425.1|KEDGBJ_06380	COG1028	I		5	5	GCF_016899425.1;GCF_053038975.1;GCF_053209605.1;GCF_905400185.1;MF6	3-oxoacyl-[acyl-carrier protein] reductase
pC3_clade_core/clade_specific	GCF_016899425.1|KEDGBJ_06381	COG0583	K		5	5	GCF_016899425.1;GCF_053038975.1;GCF_053209605.1;GCF_905400185.1;MF6	Transcriptional regulator, LysR family
pC3_clade_core/clade_specific	GCF_016899425.1|KEDGBJ_06382				5	5	GCF_016899425.1;GCF_053038975.1;GCF_053209605.1;GCF_905400185.1;MF6	NmrA family transcriptional regulator
pC3_clade_accessory	GCF_016899425.1|KEDGBJ_06383				3	3	GCF_016899425.1;GCF_905400185.1;MF6	Transcriptional regulator, HxlR family
pC3_clade_accessory	GCF_016899425.1|KEDGBJ_06384			01118	3	3	GCF_016899425.1;GCF_905400185.1;MF6	FMN dependent NADH:quinone oxidoreductase
pC3_clade_core/clade_specific	GCF_016899425.1|KEDGBJ_06385	COG2814	G		5	5	GCF_016899425.1;GCF_053038975.1;GCF_053209605.1;GCF_905400185.1;MF6	MFS transporter
pC3_clade_core/clade_specific	GCF_016899425.1|KEDGBJ_06386	COG0169	E		5	5	GCF_016899425.1;GCF_053038975.1;GCF_053209605.1;GCF_905400185.1;MF6	shikimate dehydrogenase
pC3_clade_core/clade_specific	GCF_016899425.1|KEDGBJ_06387	COG1804	I		5	5	GCF_016899425.1;GCF_053038975.1;GCF_053209605.1;GCF_905400185.1;MF6	CoA transferase
pC3_clade_core/clade_specific	GCF_016899425.1|KEDGBJ_06388	COG2030	I		5	5	GCF_016899425.1;GCF_053038975.1;GCF_053209605.1;GCF_905400185.1;MF6	Dehydratase
pC3_clade_core/clade_specific	GCF_016899425.1|KEDGBJ_06389				5	5	GCF_016899425.1;GCF_053038975.1;GCF_053209605.1;GCF_905400185.1;MF6	Glyoxalase/bleomycin resistance protein/dioxygenase
pC3_clade_core/clade_specific	GCF_016899425.1|KEDGBJ_06390	COG1893	H		5	5	GCF_016899425.1;GCF_053038975.1;GCF_053209605.1;GCF_905400185.1;MF6	2-dehydropantoate 2-reductase
pC3_clade_core/clade_specific	GCF_016899425.1|KEDGBJ_06392				5	5	GCF_016899425.1;GCF_053038975.1;GCF_053209605.1;GCF_905400185.1;MF6	Transcriptional regulator, TetR family
pC3_clade_core/clade_specific	GCF_016899425.1|KEDGBJ_06393				5	5	GCF_016899425.1;GCF_053038975.1;GCF_053209605.1;GCF_905400185.1;MF6	Epoxide hydrolase B
pC3_clade_core/clade_specific	GCF_016899425.1|KEDGBJ_06394				5	5	GCF_016899425.1;GCF_053038975.1;GCF_053209605.1;GCF_905400185.1;MF6	LysR family transcriptional regulator
pC3_clade_core/clade_specific	GCF_016899425.1|KEDGBJ_06395				5	5	GCF_016899425.1;GCF_053038975.1;GCF_053209605.1;GCF_905400185.1;MF6	NIPSNAP family protein
pC3_clade_core/clade_specific	GCF_016899425.1|KEDGBJ_06396				5	5	GCF_016899425.1;GCF_053038975.1;GCF_053209605.1;GCF_905400185.1;MF6	acetyl-CoA carboxylase biotin carboxylase subunit family protein
pC3_clade_core/clade_specific	GCF_016899425.1|KEDGBJ_06397				5	5	GCF_016899425.1;GCF_053038975.1;GCF_053209605.1;GCF_905400185.1;MF6	Bile acid:sodium symporter
pC3_clade_core/clade_specific	GCF_016899425.1|KEDGBJ_06398	COG0583	K		5	5	GCF_016899425.1;GCF_053038975.1;GCF_053209605.1;GCF_905400185.1;MF6	HTH-type transcriptional regulator GltR
pC3_clade_core/clade_specific	GCF_016899425.1|KEDGBJ_06399	COG0439	I		5	5	GCF_016899425.1;GCF_053038975.1;GCF_053209605.1;GCF_905400185.1;MF6	ATP-grasp domain-containing protein
pC3_clade_core/clade_specific	GCF_016899425.1|KEDGBJ_06400	COG0477	GEPR		5	5	GCF_016899425.1;GCF_053038975.1;GCF_053209605.1;GCF_905400185.1;MF6	MFS transporter
pC3_clade_core/clade_specific	GCF_016899425.1|KEDGBJ_06401				5	5	GCF_016899425.1;GCF_053038975.1;GCF_053209605.1;GCF_905400185.1;MF6	TauD/TfdA-like domain-containing protein
pC3_clade_core/clade_specific	GCF_016899425.1|KEDGBJ_06402	COG0834	ET		5	5	GCF_016899425.1;GCF_053038975.1;GCF_053209605.1;GCF_905400185.1;MF6	Extracellular solute-binding protein
pC3_clade_core/clade_specific	GCF_016899425.1|KEDGBJ_06403			20275	5	5	GCF_016899425.1;GCF_053038975.1;GCF_053209605.1;GCF_905400185.1;MF6	Inclusion body protein
pC3_clade_core/clade_specific	GCF_016899425.1|KEDGBJ_06404				5	5	GCF_016899425.1;GCF_053038975.1;GCF_053209605.1;GCF_905400185.1;MF6	Inclusion body protein
pC3_clade_core/clade_specific	GCF_016899425.1|KEDGBJ_06405				5	5	GCF_016899425.1;GCF_053038975.1;GCF_053209605.1;GCF_905400185.1;MF6	Sugar translocase
pC3_clade_core/clade_specific	GCF_016899425.1|KEDGBJ_06406				5	5	GCF_016899425.1;GCF_053038975.1;GCF_053209605.1;GCF_905400185.1;MF6	Ribonuclease III
pC3_clade_core/clade_specific	GCF_016899425.1|KEDGBJ_06407				5	5	GCF_016899425.1;GCF_053038975.1;GCF_053209605.1;GCF_905400185.1;MF6	DUF2029 domain-containing protein
pC3_clade_core/clade_specific	GCF_016899425.1|KEDGBJ_06408				5	5	GCF_016899425.1;GCF_053038975.1;GCF_053209605.1;GCF_905400185.1;MF6	DUF2029 domain-containing protein
pC3_clade_accessory	GCF_016899425.1|KEDGBJ_06409				3	3	GCF_016899425.1;GCF_905400185.1;MF6	hypothetical protein
pC3_clade_core/clade_specific	GCF_016899425.1|KEDGBJ_06410				5	5	GCF_016899425.1;GCF_053038975.1;GCF_053209605.1;GCF_905400185.1;MF6	Flp family type IVb pilin
pC3_clade_core/clade_specific	GCF_016899425.1|KEDGBJ_06411				5	5	GCF_016899425.1;GCF_053038975.1;GCF_053209605.1;GCF_905400185.1;MF6	Flp family type IVb pilin
pC3_clade_core/clade_specific	GCF_016899425.1|KEDGBJ_06413				5	5	GCF_016899425.1;GCF_053038975.1;GCF_053209605.1;GCF_905400185.1;MF6	Peptidase A24A prepilin type IV
pC3_clade_core/clade_specific	GCF_016899425.1|KEDGBJ_06414	COG0606	O		5	5	GCF_016899425.1;GCF_053038975.1;GCF_053209605.1;GCF_905400185.1;MF6	ATPase
pC3_clade_core/clade_specific	GCF_016899425.1|KEDGBJ_06415	COG3745	W	02279	5	5	GCF_016899425.1;GCF_053038975.1;GCF_053209605.1;GCF_905400185.1;MF6	Flp pilus assembly protein CpaB
pC3_clade_core/clade_specific	GCF_016899425.1|KEDGBJ_06416			02280	5	5	GCF_016899425.1;GCF_053038975.1;GCF_053209605.1;GCF_905400185.1;MF6	Flp type pilus assembly protein
pC3_clade_core/clade_specific	GCF_016899425.1|KEDGBJ_06417				5	5	GCF_016899425.1;GCF_053038975.1;GCF_053209605.1;GCF_905400185.1;MF6	Lipoprotein
pC3_clade_core/clade_specific	GCF_016899425.1|KEDGBJ_06418				5	5	GCF_016899425.1;GCF_053038975.1;GCF_053209605.1;GCF_905400185.1;MF6	pilus assembly protein TadG-related protein
pC3_clade_core/clade_specific	GCF_016899425.1|KEDGBJ_06419				5	5	GCF_016899425.1;GCF_053038975.1;GCF_053209605.1;GCF_905400185.1;MF6	TadE-like domain-containing protein
pC3_clade_core/clade_specific	GCF_016899425.1|KEDGBJ_06420				5	5	GCF_016899425.1;GCF_053038975.1;GCF_053209605.1;GCF_905400185.1;MF6	Flp type pilus assembly protein
pC3_clade_core/clade_specific	GCF_016899425.1|KEDGBJ_06421	COG4963	W	02282	5	5	GCF_016899425.1;GCF_053038975.1;GCF_053209605.1;GCF_905400185.1;MF6	Pilus assembly protein
pC3_clade_core/clade_specific	GCF_016899425.1|KEDGBJ_06422	COG4962	W	02283	5	5	GCF_016899425.1;GCF_053038975.1;GCF_053209605.1;GCF_905400185.1;MF6	Type II/IV secretion system family protein
pC3_clade_core/clade_specific	GCF_016899425.1|KEDGBJ_06423				5	5	GCF_016899425.1;GCF_053038975.1;GCF_053209605.1;GCF_905400185.1;MF6	Flp pilus assembly protein TadB
pC3_clade_core/clade_specific	GCF_016899425.1|KEDGBJ_06424	COG2064	W		5	5	GCF_016899425.1;GCF_053038975.1;GCF_053209605.1;GCF_905400185.1;MF6	Type II secretion system protein GspF domain-containing protein
pC3_clade_core/clade_specific	GCF_016899425.1|KEDGBJ_06425	COG4313	M		5	5	GCF_016899425.1;GCF_053038975.1;GCF_053209605.1;GCF_905400185.1;MF6	Phenol degradation protein meta
pC3_clade_core/clade_specific	GCF_016899425.1|KEDGBJ_06426	COG1853	C		5	5	GCF_016899425.1;GCF_053038975.1;GCF_053209605.1;GCF_905400185.1;MF6	Flavin reductase-like, FMN-binding
pC3_clade_core/clade_specific	GCF_016899425.1|KEDGBJ_06427	COG0654	HC		5	5	GCF_016899425.1;GCF_053038975.1;GCF_053209605.1;GCF_905400185.1;MF6	Alanine-phosphoribitol ligase
pC3_clade_core/clade_specific	GCF_016899425.1|KEDGBJ_06428	COG1028	I		5	5	GCF_016899425.1;GCF_053038975.1;GCF_053209605.1;GCF_905400185.1;MF6	SDR family NAD(P)-dependent oxidoreductase
pC3_clade_core/clade_specific	GCF_016899425.1|KEDGBJ_06429	COG0412	Q		5	5	GCF_016899425.1;GCF_053038975.1;GCF_053209605.1;GCF_905400185.1;MF6	Carboxymethylenebutenolidase
pC3_clade_core/clade_specific	GCF_016899425.1|KEDGBJ_06430	COG2207	K		5	5	GCF_016899425.1;GCF_053038975.1;GCF_053209605.1;GCF_905400185.1;MF6	AraC family transcriptional regulator
pC3_clade_core/clade_specific	GCF_016899425.1|KEDGBJ_06431				5	5	GCF_016899425.1;GCF_053038975.1;GCF_053209605.1;GCF_905400185.1;MF6	GNAT family N-acetyltransferase
pC3_clade_core/clade_specific	GCF_016899425.1|KEDGBJ_06432			03566	5	5	GCF_016899425.1;GCF_053038975.1;GCF_053209605.1;GCF_905400185.1;MF6	Transcriptional regulator, LysR family
pC3_clade_core/clade_specific	GCF_016899425.1|KEDGBJ_06433			01755	5	5	GCF_016899425.1;GCF_053038975.1;GCF_053209605.1;GCF_905400185.1;MF6	argininosuccinate lyase
pC3_clade_core/clade_specific	GCF_016899425.1|KEDGBJ_06434				5	5	GCF_016899425.1;GCF_053038975.1;GCF_053209605.1;GCF_905400185.1;MF6	Histidine/lysine/arginine/ornithine transport system permease protein HisM
pC3_clade_core/clade_specific	GCF_016899425.1|KEDGBJ_06435				5	5	GCF_016899425.1;GCF_053038975.1;GCF_053209605.1;GCF_905400185.1;MF6	ABC transporter related
pC3_clade_core/clade_specific	GCF_016899425.1|KEDGBJ_06436				5	5	GCF_016899425.1;GCF_053038975.1;GCF_053209605.1;GCF_905400185.1;MF6	Extracellular solute-binding protein
pC3_clade_core/clade_specific	GCF_016899425.1|KEDGBJ_06437				5	5	GCF_016899425.1;GCF_053038975.1;GCF_053209605.1;GCF_905400185.1;MF6	Polysaccharide deacetylase
pC3_clade_core/clade_specific	GCF_016899425.1|KEDGBJ_06438				5	5	GCF_016899425.1;GCF_053038975.1;GCF_053209605.1;GCF_905400185.1;MF6	Polysaccharide deacetylase
pC3_clade_core/clade_specific	GCF_016899425.1|KEDGBJ_06439				5	5	GCF_016899425.1;GCF_053038975.1;GCF_053209605.1;GCF_905400185.1;MF6	2-methylcitrate dehydratase
pC3_clade_core/clade_specific	GCF_016899425.1|KEDGBJ_06440				5	5	GCF_016899425.1;GCF_053038975.1;GCF_053209605.1;GCF_905400185.1;MF6	Lmo0937 family membrane protein
pC3_clade_core/clade_specific	GCF_016899425.1|KEDGBJ_06442				5	5	GCF_016899425.1;GCF_053038975.1;GCF_053209605.1;GCF_905400185.1;MF6	Ferrichrome-iron receptor
pC3_clade_core/clade_specific	GCF_016899425.1|KEDGBJ_06443				5	5	GCF_016899425.1;GCF_053038975.1;GCF_053209605.1;GCF_905400185.1;MF6	AraC family transcriptional regulator
pC3_clade_core/clade_specific	GCF_016899425.1|KEDGBJ_06444	COG5295	UW		5	5	GCF_016899425.1;GCF_053038975.1;GCF_053209605.1;GCF_905400185.1;MF6	Adhesin
pC3_clade_core/clade_specific	GCF_016899425.1|KEDGBJ_06445				5	5	GCF_016899425.1;GCF_053038975.1;GCF_053209605.1;GCF_905400185.1;MF6	VOC domain-containing protein
pC3_clade_core/clade_specific	GCF_016899425.1|KEDGBJ_06446				5	5	GCF_016899425.1;GCF_053038975.1;GCF_053209605.1;GCF_905400185.1;MF6	RHS repeat-associated core domain-containing protein
pC3_clade_core/clade_specific	GCF_016899425.1|KEDGBJ_06447				5	5	GCF_016899425.1;GCF_053038975.1;GCF_053209605.1;GCF_905400185.1;MF6	hypothetical protein
pC3_clade_core/clade_specific	GCF_016899425.1|KEDGBJ_06448				5	5	GCF_016899425.1;GCF_053038975.1;GCF_053209605.1;GCF_905400185.1;MF6	hypothetical protein
pC3_clade_core/clade_specific	GCF_016899425.1|KEDGBJ_06449				5	5	GCF_016899425.1;GCF_053038975.1;GCF_053209605.1;GCF_905400185.1;MF6	Transcriptional regulator, MerR family
pC3_clade_core/clade_specific	GCF_016899425.1|KEDGBJ_06450				5	5	GCF_016899425.1;GCF_053038975.1;GCF_053209605.1;GCF_905400185.1;MF6	Alpha/beta hydrolase fold family protein
pC3_clade_core/clade_specific	GCF_016899425.1|KEDGBJ_06451	COG2814	G		5	5	GCF_016899425.1;GCF_053038975.1;GCF_053209605.1;GCF_905400185.1;MF6	Inner membrane metabolite transport protein YgcS
pC3_clade_core/clade_specific	GCF_016899425.1|KEDGBJ_06452	COG2141	HR	20938	5	5	GCF_016899425.1;GCF_053038975.1;GCF_053209605.1;GCF_905400185.1;MF6	Flavin-dependent oxidoreductase-like
pC3_clade_core/clade_specific	GCF_016899425.1|KEDGBJ_06453				5	5	GCF_016899425.1;GCF_053038975.1;GCF_053209605.1;GCF_905400185.1;MF6	Acyl-CoA dehydrogenase
pC3_clade_core/clade_specific	GCF_016899425.1|KEDGBJ_06454				5	5	GCF_016899425.1;GCF_053038975.1;GCF_053209605.1;GCF_905400185.1;MF6	SfnB family sulfur acquisition oxidoreductase
pC3_clade_core/clade_specific	GCF_016899425.1|KEDGBJ_06455				5	5	GCF_016899425.1;GCF_053038975.1;GCF_053209605.1;GCF_905400185.1;MF6	Lipoprotein
pC3_clade_core/clade_specific	GCF_016899425.1|KEDGBJ_06456				5	5	GCF_016899425.1;GCF_053038975.1;GCF_053209605.1;GCF_905400185.1;MF6	Universal stress protein
pC3_clade_core/clade_specific	GCF_016899425.1|KEDGBJ_06457				5	5	GCF_016899425.1;GCF_053038975.1;GCF_053209605.1;GCF_905400185.1;MF6	DUF1488 domain-containing protein
pC3_clade_core/clade_specific	GCF_016899425.1|KEDGBJ_06458	COG2823	M		5	5	GCF_016899425.1;GCF_053038975.1;GCF_053209605.1;GCF_905400185.1;MF6	putative periplasmic or secreted lipoprotein
pC3_clade_accessory	GCF_016899425.1|KEDGBJ_06459			03321	3	3	GCF_016899425.1;GCF_905400185.1;MF6	STAS domain-containing protein
pC3_clade_core/clade_specific	GCF_016899425.1|KEDGBJ_06460				5	5	GCF_016899425.1;GCF_053038975.1;GCF_053209605.1;GCF_905400185.1;MF6	STAS domain-containing protein
pC3_clade_core/clade_specific	GCF_016899425.1|KEDGBJ_06461				5	5	GCF_016899425.1;GCF_053038975.1;GCF_053209605.1;GCF_905400185.1;MF6	AMP nucleosidase
pC3_clade_core/clade_specific	GCF_016899425.1|KEDGBJ_06463				5	5	GCF_016899425.1;GCF_053038975.1;GCF_053209605.1;GCF_905400185.1;MF6	Oxygen-insensitive NADPH nitroreductase
pC3_clade_core/clade_specific	GCF_016899425.1|KEDGBJ_06464	COG1064	G	13953	5	5	GCF_016899425.1;GCF_053038975.1;GCF_053209605.1;GCF_905400185.1;MF6	alcohol dehydrogenase
pC3_clade_core/clade_specific	GCF_016899425.1|KEDGBJ_06465				5	5	GCF_016899425.1;GCF_053038975.1;GCF_053209605.1;GCF_905400185.1;MF6	Fumarate/nitrate reduction transcriptional regulator Fnr
pC3_clade_core/clade_specific	GCF_016899425.1|KEDGBJ_06466	COG2197	TK	07689	5	5	GCF_016899425.1;GCF_053038975.1;GCF_053209605.1;GCF_905400185.1;MF6	Two-component system invasion response regulator
pC3_clade_core/clade_specific	GCF_016899425.1|KEDGBJ_06467				5	5	GCF_016899425.1;GCF_053038975.1;GCF_053209605.1;GCF_905400185.1;MF6	Universal stress protein
pC3_clade_core/clade_specific	GCF_016899425.1|KEDGBJ_06469				5	5	GCF_016899425.1;GCF_053038975.1;GCF_053209605.1;GCF_905400185.1;MF6	Universal stress protein
pC3_clade_core/clade_specific	GCF_016899425.1|KEDGBJ_06470	COG0589	T		5	5	GCF_016899425.1;GCF_053038975.1;GCF_053209605.1;GCF_905400185.1;MF6	Universal stress protein UspA
pC3_clade_core/clade_specific	GCF_016899425.1|KEDGBJ_06471				5	5	GCF_016899425.1;GCF_053038975.1;GCF_053209605.1;GCF_905400185.1;MF6	Phasin domain-containing protein
pC3_clade_core/clade_specific	GCF_016899425.1|KEDGBJ_06472				5	5	GCF_016899425.1;GCF_053038975.1;GCF_053209605.1;GCF_905400185.1;MF6	Acetoacetyl-CoA reductase
pC3_clade_core/clade_specific	GCF_016899425.1|KEDGBJ_06473			03821	5	5	GCF_016899425.1;GCF_053038975.1;GCF_053209605.1;GCF_905400185.1;MF6	Poly-beta-hydroxybutyrate polymerase
pC3_clade_accessory	GCF_016899425.1|KEDGBJ_06474	COG1063	ER		3	3	GCF_016899425.1;GCF_053038975.1;GCF_053209605.1	Alcohol dehydrogenase
pC3_clade_core/clade_specific	GCF_016899425.1|KEDGBJ_06475	COG1236	J	07576	5	5	GCF_016899425.1;GCF_053038975.1;GCF_053209605.1;GCF_905400185.1;MF6	MBL fold metallo-hydrolase
pC3_clade_core/clade_specific	GCF_016899425.1|KEDGBJ_06476				5	5	GCF_016899425.1;GCF_053038975.1;GCF_053209605.1;GCF_905400185.1;MF6	DUF2964 domain-containing protein
pC3_clade_core/clade_specific	GCF_016899425.1|KEDGBJ_06477	COG0842	V		5	5	GCF_016899425.1;GCF_053038975.1;GCF_053209605.1;GCF_905400185.1;MF6	ABC transmembrane type-2 domain-containing protein
pC3_clade_core/clade_specific	GCF_016899425.1|KEDGBJ_06478				5	5	GCF_016899425.1;GCF_053038975.1;GCF_053209605.1;GCF_905400185.1;MF6	ribosome-associated ATPase/putative transporter RbbA
pC3_clade_core/clade_specific	GCF_016899425.1|KEDGBJ_06479	COG1566	V		5	5	GCF_016899425.1;GCF_053038975.1;GCF_053209605.1;GCF_905400185.1;MF6	Secretion protein HlyD family protein
pC3_clade_core/clade_specific	GCF_016899425.1|KEDGBJ_06480				5	5	GCF_016899425.1;GCF_053038975.1;GCF_053209605.1;GCF_905400185.1;MF6	RND transporter
pC3_clade_core/clade_specific	GCF_016899425.1|KEDGBJ_06481				5	5	GCF_016899425.1;GCF_053038975.1;GCF_053209605.1;GCF_905400185.1;MF6	Aldose 1-epimerase
pC3_clade_core/clade_specific	GCF_016899425.1|KEDGBJ_06482				5	5	GCF_016899425.1;GCF_053038975.1;GCF_053209605.1;GCF_905400185.1;MF6	AraC family transcriptional regulator
pC3_clade_core/clade_specific	GCF_016899425.1|KEDGBJ_06483	COG2115	G	01805	5	5	GCF_016899425.1;GCF_053038975.1;GCF_053209605.1;GCF_905400185.1;MF6	xylose isomerase
pC3_clade_core/clade_specific	GCF_016899425.1|KEDGBJ_06484	COG1070	G	00854	5	5	GCF_016899425.1;GCF_053038975.1;GCF_053209605.1;GCF_905400185.1;MF6	xylulokinase
pC3_clade_core/clade_specific	GCF_016899425.1|KEDGBJ_06485	COG4213	G		5	5	GCF_016899425.1;GCF_053038975.1;GCF_053209605.1;GCF_905400185.1;MF6	D-xylose ABC transporter substrate-binding protein
pC3_clade_core/clade_specific	GCF_016899425.1|KEDGBJ_06486	COG1129	G		5	5	GCF_016899425.1;GCF_053038975.1;GCF_053209605.1;GCF_905400185.1;MF6	D-xylose ABC transporter ATP-binding protein
pC3_clade_core/clade_specific	GCF_016899425.1|KEDGBJ_06490				5	5	GCF_016899425.1;GCF_053038975.1;GCF_053209605.1;GCF_905400185.1;MF6	histidine kinase
pC3_clade_core/clade_specific	GCF_016899425.1|KEDGBJ_06492				5	5	GCF_016899425.1;GCF_053038975.1;GCF_053209605.1;GCF_905400185.1;MF6	Secreted protein
pC3_clade_core/clade_specific	GCF_016899425.1|KEDGBJ_06493				5	5	GCF_016899425.1;GCF_053038975.1;GCF_053209605.1;GCF_905400185.1;MF6	S1 motif domain-containing protein
pC3_clade_core/clade_specific	GCF_016899425.1|KEDGBJ_06494				5	5	GCF_016899425.1;GCF_053038975.1;GCF_053209605.1;GCF_905400185.1;MF6	MFS transporter
pC3_clade_core/clade_specific	GCF_016899425.1|KEDGBJ_06495				5	5	GCF_016899425.1;GCF_053038975.1;GCF_053209605.1;GCF_905400185.1;MF6	Arsenic transporter
pC3_clade_core/clade_specific	GCF_016899425.1|KEDGBJ_06496	COG1629	P		5	5	GCF_016899425.1;GCF_053038975.1;GCF_053209605.1;GCF_905400185.1;MF6	TonB-dependent receptor
pC3_clade_core/clade_specific	GCF_016899425.1|KEDGBJ_06497				5	5	GCF_016899425.1;GCF_053038975.1;GCF_053209605.1;GCF_905400185.1;MF6	acetolactate synthase large subunit
pC3_clade_core/clade_specific	GCF_016899425.1|KEDGBJ_06498				5	5	GCF_016899425.1;GCF_053038975.1;GCF_053209605.1;GCF_905400185.1;MF6	SDR family NAD(P)-dependent oxidoreductase
pC3_clade_core/clade_specific	GCF_016899425.1|KEDGBJ_06499				5	5	GCF_016899425.1;GCF_053038975.1;GCF_053209605.1;GCF_905400185.1;MF6	Glycosyl hydrolase
pC3_clade_core/clade_specific	GCF_016899425.1|KEDGBJ_06501				5	5	GCF_016899425.1;GCF_053038975.1;GCF_053209605.1;GCF_905400185.1;MF6	Peptide synthetase
pC3_clade_core/clade_specific	GCF_016899425.1|KEDGBJ_06502				5	5	GCF_016899425.1;GCF_053038975.1;GCF_053209605.1;GCF_905400185.1;MF6	Alpha/beta hydrolase
pC3_clade_core/clade_specific	GCF_016899425.1|KEDGBJ_06503			05712	5	5	GCF_016899425.1;GCF_053038975.1;GCF_053209605.1;GCF_905400185.1;MF6	bifunctional 3-(3-hydroxy-phenyl)propionate/3-hydroxycinnamic acid hydroxylase
pC3_clade_core/clade_specific	GCF_016899425.1|KEDGBJ_06504				5	5	GCF_016899425.1;GCF_053038975.1;GCF_053209605.1;GCF_905400185.1;MF6	NIPSNAP domain-containing protein
pC3_clade_core/clade_specific	GCF_016899425.1|KEDGBJ_06505				5	5	GCF_016899425.1;GCF_053038975.1;GCF_053209605.1;GCF_905400185.1;MF6	Succinate semialdehyde dehydrogenase
pC3_clade_core/clade_specific	GCF_016899425.1|KEDGBJ_06506				5	5	GCF_016899425.1;GCF_053038975.1;GCF_053209605.1;GCF_905400185.1;MF6	Transcriptional regulator, IclR family
pC3_clade_core/clade_specific	GCF_016899425.1|KEDGBJ_06507				5	5	GCF_016899425.1;GCF_053038975.1;GCF_053209605.1;GCF_905400185.1;MF6	Porin, Gram-negative type
pC3_clade_core/clade_specific	GCF_016899425.1|KEDGBJ_06508			03285	5	5	GCF_016899425.1;GCF_053038975.1;GCF_053209605.1;GCF_905400185.1;MF6	Porin
pC3_clade_core/clade_specific	GCF_016899425.1|KEDGBJ_06509				5	5	GCF_016899425.1;GCF_053038975.1;GCF_053209605.1;GCF_905400185.1;MF6	Cytochrome b
pC3_clade_core/clade_specific	GCF_016899425.1|KEDGBJ_06510				5	5	GCF_016899425.1;GCF_053038975.1;GCF_053209605.1;GCF_905400185.1;MF6	Aminotransferase class-III family protein
pC3_clade_core/clade_specific	GCF_016899425.1|KEDGBJ_06511				5	5	GCF_016899425.1;GCF_053038975.1;GCF_053209605.1;GCF_905400185.1;MF6	Aldehyde dehydrogenase
pC3_clade_core/clade_specific	GCF_016899425.1|KEDGBJ_06512				5	5	GCF_016899425.1;GCF_053038975.1;GCF_053209605.1;GCF_905400185.1;MF6	Amino acid permease
pC3_clade_core/clade_specific	GCF_016899425.1|KEDGBJ_06513			04033	5	5	GCF_016899425.1;GCF_053038975.1;GCF_053209605.1;GCF_905400185.1;MF6	Ethanolamine operon regulatory protein
pC3_clade_core/clade_specific	GCF_016899425.1|KEDGBJ_06514				5	5	GCF_016899425.1;GCF_053038975.1;GCF_053209605.1;GCF_905400185.1;MF6	MFS transporter
pC3_clade_core/clade_specific	GCF_016899425.1|KEDGBJ_06515	COG2186	K		5	5	GCF_016899425.1;GCF_053038975.1;GCF_053209605.1;GCF_905400185.1;MF6	GntR family transcriptional regulator
pC3_clade_core/clade_specific	GCF_016899425.1|KEDGBJ_06516	COG1129	G		5	5	GCF_016899425.1;GCF_053038975.1;GCF_053209605.1;GCF_905400185.1;MF6	Putative ribose/galactose/methyl galactoside import ATP-binding protein 3
pC3_clade_core/clade_specific	GCF_016899425.1|KEDGBJ_06517				5	5	GCF_016899425.1;GCF_053038975.1;GCF_053209605.1;GCF_905400185.1;MF6	Monosaccharide-transporting ATPase
pC3_clade_core/clade_specific	GCF_016899425.1|KEDGBJ_06518	COG1879	G		5	5	GCF_016899425.1;GCF_053038975.1;GCF_053209605.1;GCF_905400185.1;MF6	D-allose-binding periplasmic protein
pC3_clade_core/clade_specific	GCF_016899425.1|KEDGBJ_06519	COG0667	HR		5	5	GCF_016899425.1;GCF_053038975.1;GCF_053209605.1;GCF_905400185.1;MF6	Pyridoxal 4-dehydrogenase
pC3_clade_core/clade_specific	GCF_016899425.1|KEDGBJ_06520	COG3618	R		5	5	GCF_016899425.1;GCF_053038975.1;GCF_053209605.1;GCF_905400185.1;MF6	Amidohydrolase 2
pC3_clade_core/clade_specific	GCF_016899425.1|KEDGBJ_06521	COG1063	ER		5	5	GCF_016899425.1;GCF_053038975.1;GCF_053209605.1;GCF_905400185.1;MF6	Dehydrogenase
pC3_clade_core/clade_specific	GCF_016899425.1|KEDGBJ_06523	COG2721	G		5	5	GCF_016899425.1;GCF_053038975.1;GCF_053209605.1;GCF_905400185.1;MF6	Altronate dehydratase
pC3_clade_core/clade_specific	GCF_016899425.1|KEDGBJ_06525				5	5	GCF_016899425.1;GCF_053038975.1;GCF_053209605.1;GCF_905400185.1;MF6	Phosphatidic acid phosphatase type 2/haloperoxidase domain-containing protein
pC3_clade_core/clade_specific	GCF_016899425.1|KEDGBJ_06526	COG0840	T		5	5	GCF_016899425.1;GCF_053038975.1;GCF_053209605.1;GCF_905400185.1;MF6	Methyl-accepting chemotaxis sensory transducer
pC3_clade_core/clade_specific	GCF_016899425.1|KEDGBJ_06527				5	5	GCF_016899425.1;GCF_053038975.1;GCF_053209605.1;GCF_905400185.1;MF6	Methyl-accepting chemotaxis sensory transducer with Cache sensor
pC3_clade_core/clade_specific	GCF_016899425.1|KEDGBJ_06528	COG3970	R		5	5	GCF_016899425.1;GCF_053038975.1;GCF_053209605.1;GCF_905400185.1;MF6	Fumarylacetoacetase-like C-terminal domain-containing protein
pC3_clade_core/clade_specific	GCF_016899425.1|KEDGBJ_06529	COG0129	EG	22186	5	5	GCF_016899425.1;GCF_053038975.1;GCF_053209605.1;GCF_905400185.1;MF6	Dihydroxy-acid dehydratase
pC3_clade_core/clade_specific	GCF_016899425.1|KEDGBJ_06530	COG1609	K		5	5	GCF_016899425.1;GCF_053038975.1;GCF_053209605.1;GCF_905400185.1;MF6	HTH-type transcriptional regulator GntR
pC3_clade_core/clade_specific	GCF_016899425.1|KEDGBJ_06531	COG2271	G	13021	5	5	GCF_016899425.1;GCF_053038975.1;GCF_053209605.1;GCF_905400185.1;MF6	MFS transporter
pC3_clade_core/clade_specific	GCF_016899425.1|KEDGBJ_06532	COG0436	E		5	5	GCF_016899425.1;GCF_053038975.1;GCF_053209605.1;GCF_905400185.1;MF6	Arginine--pyruvate transaminase AruH
pC3_clade_core/clade_specific	GCF_016899425.1|KEDGBJ_06533	COG1802	K		5	5	GCF_016899425.1;GCF_053038975.1;GCF_053209605.1;GCF_905400185.1;MF6	GntR family regulatory protein
pC3_clade_accessory	GCF_016899425.1|KEDGBJ_06535				2	2	GCF_016899425.1;GCF_905400185.1	hypothetical protein
pC3_clade_accessory	GCF_016899425.1|KEDGBJ_06536				2	2	GCF_016899425.1;GCF_905400185.1	hypothetical protein
pC3_clade_core/clade_specific	GCF_016899425.1|KEDGBJ_06537				5	5	GCF_016899425.1;GCF_053038975.1;GCF_053209605.1;GCF_905400185.1;MF6	DUF308 domain-containing protein
pC3_clade_core/clade_specific	GCF_016899425.1|KEDGBJ_06538	COG3437	T		5	5	GCF_016899425.1;GCF_053038975.1;GCF_053209605.1;GCF_905400185.1;MF6	LuxR superfamily regulatory protein
pC3_clade_core/clade_specific	GCF_016899425.1|KEDGBJ_06539	COG2814	G		5	5	GCF_016899425.1;GCF_053038975.1;GCF_053209605.1;GCF_905400185.1;MF6	MFS transporter
pC3_clade_core/clade_specific	GCF_016899425.1|KEDGBJ_06540				5	5	GCF_016899425.1;GCF_053038975.1;GCF_053209605.1;GCF_905400185.1;MF6	HTH-type transcriptional repressor ComR
pC3_clade_accessory	GCF_016899425.1|KEDGBJ_06541				3	3	GCF_016899425.1;GCF_905400185.1;MF6	Amidase
pC3_clade_accessory	GCF_016899425.1|KEDGBJ_06542				3	3	GCF_016899425.1;GCF_905400185.1;MF6	MFS-type drug efflux transporter P55
pC3_clade_accessory	GCF_016899425.1|KEDGBJ_06543	COG4313	M		3	3	GCF_016899425.1;GCF_905400185.1;MF6	Phenol degradation protein meta
pC3_clade_accessory	GCF_016899425.1|KEDGBJ_06544			04033	3	3	GCF_016899425.1;GCF_905400185.1;MF6	AraC family transcriptional regulator
pC3_clade_core/clade_specific	GCF_016899425.1|KEDGBJ_06545	COG1012	I		5	5	GCF_016899425.1;GCF_053038975.1;GCF_053209605.1;GCF_905400185.1;MF6	Succinate-semialdehyde dehydrogenase (NADP(+))
pC3_clade_core/clade_specific	GCF_016899425.1|KEDGBJ_06546	COG1522	K		5	5	GCF_016899425.1;GCF_053038975.1;GCF_053209605.1;GCF_905400185.1;MF6	AsnC family transcriptional regulator
pC3_clade_core/clade_specific	GCF_016899425.1|KEDGBJ_06547	COG0161	H		5	5	GCF_016899425.1;GCF_053038975.1;GCF_053209605.1;GCF_905400185.1;MF6	Aspartate aminotransferase family protein
pC3_clade_core/clade_specific	GCF_016899425.1|KEDGBJ_06548	COG0111	H		5	5	GCF_016899425.1;GCF_053038975.1;GCF_053209605.1;GCF_905400185.1;MF6	Glyoxylate/hydroxypyruvate reductase A
pC3_clade_core/clade_specific	GCF_016899425.1|KEDGBJ_06549				5	5	GCF_016899425.1;GCF_053038975.1;GCF_053209605.1;GCF_905400185.1;MF6	GNAT family N-acetyltransferase
pC3_clade_core/clade_specific	GCF_016899425.1|KEDGBJ_06550	COG1011	H		5	5	GCF_016899425.1;GCF_053038975.1;GCF_053209605.1;GCF_905400185.1;MF6	haloacid dehalogenase type II
pC3_clade_core/clade_specific	GCF_016899425.1|KEDGBJ_06551	COG4564	T		5	5	GCF_016899425.1;GCF_053038975.1;GCF_053209605.1;GCF_905400185.1;MF6	Methyl-accepting chemotaxis sensory transducer
pC3_clade_core/clade_specific	GCF_016899425.1|KEDGBJ_06552	COG0747	E		5	5	GCF_016899425.1;GCF_053038975.1;GCF_053209605.1;GCF_905400185.1;MF6	ABC transporter substrate-binding protein
pC3_clade_core/clade_specific	GCF_016899425.1|KEDGBJ_06553	COG0601	EP		5	5	GCF_016899425.1;GCF_053038975.1;GCF_053209605.1;GCF_905400185.1;MF6	ABC transporter permease
pC3_clade_core/clade_specific	GCF_016899425.1|KEDGBJ_06554				5	5	GCF_016899425.1;GCF_053038975.1;GCF_053209605.1;GCF_905400185.1;MF6	DNA-directed RNA polymerase subunit alpha
pC3_clade_core/clade_specific	GCF_016899425.1|KEDGBJ_06555	COG4172	Q		5	5	GCF_016899425.1;GCF_053038975.1;GCF_053209605.1;GCF_905400185.1;MF6	staphylopine uptake ABC transporter ATP-binding protein CntD
pC3_clade_core/clade_specific	GCF_016899425.1|KEDGBJ_06556	COG0665	E	09471	5	5	GCF_016899425.1;GCF_053038975.1;GCF_053209605.1;GCF_905400185.1;MF6	FAD-binding oxidoreductase
pC3_clade_core/clade_specific	GCF_016899425.1|KEDGBJ_06557				5	5	GCF_016899425.1;GCF_053038975.1;GCF_053209605.1;GCF_905400185.1;MF6	Helix-turn-helix transcriptional regulator
pC3_clade_core/clade_specific	GCF_016899425.1|KEDGBJ_06558				5	5	GCF_016899425.1;GCF_053038975.1;GCF_053209605.1;GCF_905400185.1;MF6	(S)-ureidoglycine aminohydrolase cupin domain-containing protein
pC3_clade_core/clade_specific	GCF_016899425.1|KEDGBJ_06559	COG0665	E		5	5	GCF_016899425.1;GCF_053038975.1;GCF_053209605.1;GCF_905400185.1;MF6	D-amino-acid oxidase
pC3_clade_core/clade_specific	GCF_016899425.1|KEDGBJ_06560				5	5	GCF_016899425.1;GCF_053038975.1;GCF_053209605.1;GCF_905400185.1;MF6	FAD-dependent oxidoreductase
pC3_clade_core/clade_specific	GCF_016899425.1|KEDGBJ_06561				5	5	GCF_016899425.1;GCF_053038975.1;GCF_053209605.1;GCF_905400185.1;MF6	aldehyde dehydrogenase (NAD(+))
pC3_clade_accessory	GCF_016899425.1|KEDGBJ_06564				3	3	GCF_016899425.1;GCF_905400185.1;MF6	Cupin domain-containing protein
pC3_clade_core/clade_specific	GCF_016899425.1|KEDGBJ_06565				5	5	GCF_016899425.1;GCF_053038975.1;GCF_053209605.1;GCF_905400185.1;MF6	NmrA family protein
pC3_clade_core/clade_specific	GCF_016899425.1|KEDGBJ_06567				5	5	GCF_016899425.1;GCF_053038975.1;GCF_053209605.1;GCF_905400185.1;MF6	diguanylate cyclase
pC3_clade_core/clade_specific	GCF_016899425.1|KEDGBJ_06568	COG2814	G		5	5	GCF_016899425.1;GCF_053038975.1;GCF_053209605.1;GCF_905400185.1;MF6	Citrate-proton symporter
pC3_clade_core/clade_specific	GCF_016899425.1|KEDGBJ_06570			11103	5	5	GCF_016899425.1;GCF_053038975.1;GCF_053209605.1;GCF_905400185.1;MF6	C4-dicarboxylate transporter DctA
pC3_clade_core/clade_specific	GCF_016899425.1|KEDGBJ_06571	COG0583	K		5	5	GCF_016899425.1;GCF_053038975.1;GCF_053209605.1;GCF_905400185.1;MF6	HTH-type transcriptional regulator CynR
pC3_clade_accessory	GCF_016899425.1|KEDGBJ_06572			03566	3	3	GCF_016899425.1;GCF_905400185.1;MF6	Transcriptional regulator, LysR family
pC3_clade_accessory	GCF_016899425.1|KEDGBJ_06573				3	3	GCF_016899425.1;GCF_905400185.1;MF6	SDR family NAD(P)-dependent oxidoreductase
pC3_clade_accessory	GCF_016899425.1|KEDGBJ_06574			13021	3	3	GCF_016899425.1;GCF_905400185.1;MF6	Major facilitator superfamily MFS_1
pC3_clade_accessory	GCF_016899425.1|KEDGBJ_06575			00615	3	3	GCF_016899425.1;GCF_905400185.1;MF6	Transketolase
pC3_clade_accessory	GCF_016899425.1|KEDGBJ_06576				3	3	GCF_016899425.1;GCF_905400185.1;MF6	Transketolase-like pyrimidine-binding domain-containing protein
pC3_clade_accessory	GCF_016899425.1|KEDGBJ_06577				6	5	GCF_016899425.1;GCF_053038975.1;GCF_053209605.1;GCF_905400185.1;MF6	Heat shock protein Hsp20
pC3_clade_core/clade_specific	GCF_016899425.1|KEDGBJ_06578				5	5	GCF_016899425.1;GCF_053038975.1;GCF_053209605.1;GCF_905400185.1;MF6	Heat shock protein Hsp20
pC3_clade_core/clade_specific	GCF_016899425.1|KEDGBJ_06579				5	5	GCF_016899425.1;GCF_053038975.1;GCF_053209605.1;GCF_905400185.1;MF6	dTDP-glucose 4,6-dehydratase
pC3_clade_core/clade_specific	GCF_016899425.1|KEDGBJ_06580			00067	5	5	GCF_016899425.1;GCF_053038975.1;GCF_053209605.1;GCF_905400185.1;MF6	dTDP-4-dehydrorhamnose reductase
pC3_clade_core/clade_specific	GCF_016899425.1|KEDGBJ_06581				5	5	GCF_016899425.1;GCF_053038975.1;GCF_053209605.1;GCF_905400185.1;MF6	dTDP-4-dehydrorhamnose 3,5-epimerase
pC3_clade_core/clade_specific	GCF_016899425.1|KEDGBJ_06582			00973	5	5	GCF_016899425.1;GCF_053038975.1;GCF_053209605.1;GCF_905400185.1;MF6	glucose-1-phosphate thymidylyltransferase RfbA
pC3_clade_core/clade_specific	GCF_016899425.1|KEDGBJ_06584				5	5	GCF_016899425.1;GCF_053038975.1;GCF_053209605.1;GCF_905400185.1;MF6	Amino acid/amide ABC transporter ATP-binding protein 2, HAAT family
pC3_clade_core/clade_specific	GCF_016899425.1|KEDGBJ_06585				5	5	GCF_016899425.1;GCF_053038975.1;GCF_053209605.1;GCF_905400185.1;MF6	ABC transporter ATP-binding protein
pC3_clade_core/clade_specific	GCF_016899425.1|KEDGBJ_06586				5	5	GCF_016899425.1;GCF_053038975.1;GCF_053209605.1;GCF_905400185.1;MF6	Inner-membrane translocator
pC3_clade_core/clade_specific	GCF_016899425.1|KEDGBJ_06587				5	5	GCF_016899425.1;GCF_053038975.1;GCF_053209605.1;GCF_905400185.1;MF6	Branched-chain amino acid ABC transporter permease
pC3_clade_core/clade_specific	GCF_016899425.1|KEDGBJ_06588				5	5	GCF_016899425.1;GCF_053038975.1;GCF_053209605.1;GCF_905400185.1;MF6	Extracellular ligand-binding receptor
pC3_clade_core/clade_specific	GCF_016899425.1|KEDGBJ_06589				5	5	GCF_016899425.1;GCF_053038975.1;GCF_053209605.1;GCF_905400185.1;MF6	RidA family protein
pC3_clade_core/clade_specific	GCF_016899425.1|KEDGBJ_06590			00285	5	5	GCF_016899425.1;GCF_053038975.1;GCF_053209605.1;GCF_905400185.1;MF6	FAD dependent oxidoreductase
pC3_clade_core/clade_specific	GCF_016899425.1|KEDGBJ_06591			01799	5	5	GCF_016899425.1;GCF_053038975.1;GCF_053209605.1;GCF_905400185.1;MF6	Maleate isomerase
pC3_clade_core/clade_specific	GCF_016899425.1|KEDGBJ_06592				5	5	GCF_016899425.1;GCF_053038975.1;GCF_053209605.1;GCF_905400185.1;MF6	GntR family transcriptional regulator
pC3_clade_core/clade_specific	GCF_016899425.1|KEDGBJ_06593				5	5	GCF_016899425.1;GCF_053038975.1;GCF_053209605.1;GCF_905400185.1;MF6	Rhamnosyltransferase
pC3_clade_core/clade_specific	GCF_016899425.1|KEDGBJ_06594				5	5	GCF_016899425.1;GCF_053038975.1;GCF_053209605.1;GCF_905400185.1;MF6	Dihydrodipicolinate synthetase
pC3_clade_core/clade_specific	GCF_016899425.1|KEDGBJ_06595				5	5	GCF_016899425.1;GCF_053038975.1;GCF_053209605.1;GCF_905400185.1;MF6	L-rhamnonate dehydratase
pC3_clade_core/clade_specific	GCF_016899425.1|KEDGBJ_06596				5	5	GCF_016899425.1;GCF_053038975.1;GCF_053209605.1;GCF_905400185.1;MF6	Glucose 1-dehydrogenase
pC3_clade_core/clade_specific	GCF_016899425.1|KEDGBJ_06597			03534	5	5	GCF_016899425.1;GCF_053038975.1;GCF_053209605.1;GCF_905400185.1;MF6	L-rhamnose mutarotase
pC3_clade_core/clade_specific	GCF_016899425.1|KEDGBJ_06598				5	5	GCF_016899425.1;GCF_053038975.1;GCF_053209605.1;GCF_905400185.1;MF6	Amidohydrolase 2
pC3_clade_core/clade_specific	GCF_016899425.1|KEDGBJ_06599				5	5	GCF_016899425.1;GCF_053038975.1;GCF_053209605.1;GCF_905400185.1;MF6	NmrA family protein
pC3_clade_core/clade_specific	GCF_016899425.1|KEDGBJ_06600				5	5	GCF_016899425.1;GCF_053038975.1;GCF_053209605.1;GCF_905400185.1;MF6	HxlR family transcriptional regulator
pC3_clade_core/clade_specific	GCF_016899425.1|KEDGBJ_06601				5	5	GCF_016899425.1;GCF_053038975.1;GCF_053209605.1;GCF_905400185.1;MF6	Helicase
pC3_clade_accessory	GCF_016899425.1|KEDGBJ_06602			00615	3	3	GCF_016899425.1;GCF_905400185.1;MF6	transketolase
pC3_clade_accessory	GCF_016899425.1|KEDGBJ_06603				3	3	GCF_016899425.1;GCF_905400185.1;MF6	hypothetical protein
pC3_clade_core/clade_specific	GCF_016899425.1|KEDGBJ_06604	COG3227	O		5	5	GCF_016899425.1;GCF_053038975.1;GCF_053209605.1;GCF_905400185.1;MF6	Neutral metalloproteinase
pC3_clade_core/clade_specific	GCF_016899425.1|KEDGBJ_06606				5	5	GCF_016899425.1;GCF_053038975.1;GCF_053209605.1;GCF_905400185.1;MF6	DUF3088 domain-containing protein
pC3_clade_core/clade_specific	GCF_016899425.1|KEDGBJ_06607	COG3203	M	03285	5	5	GCF_016899425.1;GCF_053038975.1;GCF_053209605.1;GCF_905400185.1;MF6	Outer membrane protein (Porin)
pC3_clade_core/clade_specific	GCF_016899425.1|KEDGBJ_06608	COG2041	C	17225	5	5	GCF_016899425.1;GCF_053038975.1;GCF_053209605.1;GCF_905400185.1;MF6	sulfite dehydrogenase
pC3_clade_core/clade_specific	GCF_016899425.1|KEDGBJ_06609			22622	5	5	GCF_016899425.1;GCF_053038975.1;GCF_053209605.1;GCF_905400185.1;MF6	Cytochrome c
pC3_clade_core/clade_specific	GCF_016899425.1|KEDGBJ_06610				5	5	GCF_016899425.1;GCF_053038975.1;GCF_053209605.1;GCF_905400185.1;MF6	FMNH(2)-dependent dimethylsulfone monooxygenase
pC3_clade_core/clade_specific	GCF_016899425.1|KEDGBJ_06611	COG1960	I		5	5	GCF_016899425.1;GCF_053038975.1;GCF_053209605.1;GCF_905400185.1;MF6	Dibenzothiophene monooxygenase
pC3_clade_core/clade_specific	GCF_016899425.1|KEDGBJ_06612	COG0600	P		5	5	GCF_016899425.1;GCF_053038975.1;GCF_053209605.1;GCF_905400185.1;MF6	ABC transmembrane type-1 domain-containing protein
pC3_clade_core/clade_specific	GCF_016899425.1|KEDGBJ_06613				5	5	GCF_016899425.1;GCF_053038975.1;GCF_053209605.1;GCF_905400185.1;MF6	ABC transporter ATP-binding protein
pC3_clade_core/clade_specific	GCF_016899425.1|KEDGBJ_06614	COG0715	P		5	5	GCF_016899425.1;GCF_053038975.1;GCF_053209605.1;GCF_905400185.1;MF6	ABC transporter substrate binding protein
pC3_clade_core/clade_specific	GCF_016899425.1|KEDGBJ_06615	COG2175	Q		5	5	GCF_016899425.1;GCF_053038975.1;GCF_053209605.1;GCF_905400185.1;MF6	Taurine catabolism dioxygenase TauD, TfdA family protein
pC3_clade_core/clade_specific	GCF_016899425.1|KEDGBJ_06616				5	5	GCF_016899425.1;GCF_053038975.1;GCF_053209605.1;GCF_905400185.1;MF6	Alpha helical protein
pC3_clade_core/clade_specific	GCF_016899425.1|KEDGBJ_06617				5	5	GCF_016899425.1;GCF_053038975.1;GCF_053209605.1;GCF_905400185.1;MF6	DUF2934 domain-containing protein
pC3_clade_core/clade_specific	GCF_016899425.1|KEDGBJ_06618				5	5	GCF_016899425.1;GCF_053038975.1;GCF_053209605.1;GCF_905400185.1;MF6	CBS domain-containing protein
pC3_clade_core/clade_specific	GCF_016899425.1|KEDGBJ_06619			07507	5	5	GCF_016899425.1;GCF_053038975.1;GCF_053209605.1;GCF_905400185.1;MF6	Protein MgtC
pC3_clade_core/clade_specific	GCF_016899425.1|KEDGBJ_06620				5	5	GCF_016899425.1;GCF_053038975.1;GCF_053209605.1;GCF_905400185.1;MF6	Transcriptional regulator, XRE family
pC3_clade_core/clade_specific	GCF_016899425.1|KEDGBJ_06621			07154	5	5	GCF_016899425.1;GCF_053038975.1;GCF_053209605.1;GCF_905400185.1;MF6	Type II toxin-antitoxin system HipA family toxin
pC3_clade_core/clade_specific	GCF_016899425.1|KEDGBJ_06622				5	5	GCF_016899425.1;GCF_053038975.1;GCF_053209605.1;GCF_905400185.1;MF6	Short-chain dehydrogenase/reductase SDR
pC3_clade_core/clade_specific	GCF_016899425.1|KEDGBJ_06623				5	5	GCF_016899425.1;GCF_053038975.1;GCF_053209605.1;GCF_905400185.1;MF6	Transcriptional regulator, AraC family
pC3_clade_core/clade_specific	GCF_016899425.1|KEDGBJ_06624	COG1765	R		5	5	GCF_016899425.1;GCF_053038975.1;GCF_053209605.1;GCF_905400185.1;MF6	OsmC family protein
pC3_clade_core/clade_specific	GCF_016899425.1|KEDGBJ_06625				5	5	GCF_016899425.1;GCF_053038975.1;GCF_053209605.1;GCF_905400185.1;MF6	Periplasmic binding protein domain-containing protein
pC3_clade_core/clade_specific	GCF_016899425.1|KEDGBJ_06626				5	5	GCF_016899425.1;GCF_053038975.1;GCF_053209605.1;GCF_905400185.1;MF6	Monosaccharide-transporting ATPase
pC3_clade_core/clade_specific	GCF_016899425.1|KEDGBJ_06627				5	5	GCF_016899425.1;GCF_053038975.1;GCF_053209605.1;GCF_905400185.1;MF6	heme ABC exporter ATP-binding protein CcmA
pC3_clade_core/clade_specific	GCF_016899425.1|KEDGBJ_06628	COG2141	HR	20938	5	5	GCF_016899425.1;GCF_053038975.1;GCF_053209605.1;GCF_905400185.1;MF6	NtaA/DmoA family FMN-dependent monooxygenase
pC3_clade_core/clade_specific	GCF_016899425.1|KEDGBJ_06629	COG4160	E		5	5	GCF_016899425.1;GCF_053038975.1;GCF_053209605.1;GCF_905400185.1;MF6	Amino acid ABC transporter permease
pC3_clade_core/clade_specific	GCF_016899425.1|KEDGBJ_06630				5	5	GCF_016899425.1;GCF_053038975.1;GCF_053209605.1;GCF_905400185.1;MF6	Binding-protein-dependent transport system component
pC3_clade_accessory	GCF_016899425.1|KEDGBJ_06632				3	3	GCF_016899425.1;GCF_905400185.1;MF6	hypothetical protein
pC3_clade_core/clade_specific	GCF_016899425.1|KEDGBJ_06633				5	5	GCF_016899425.1;GCF_053038975.1;GCF_053209605.1;GCF_905400185.1;MF6	Twin transmembrane helix small protein
pC3_clade_core/clade_specific	GCF_016899425.1|KEDGBJ_06634				5	5	GCF_016899425.1;GCF_053038975.1;GCF_053209605.1;GCF_905400185.1;MF6	DUF4148 domain-containing protein
pC3_clade_core/clade_specific	GCF_016899425.1|KEDGBJ_06635	COG3619	S		5	5	GCF_016899425.1;GCF_053038975.1;GCF_053209605.1;GCF_905400185.1;MF6	DUF1275 domain-containing protein
pC3_clade_core/clade_specific	GCF_016899425.1|KEDGBJ_06636				5	5	GCF_016899425.1;GCF_053038975.1;GCF_053209605.1;GCF_905400185.1;MF6	Antitoxin component of RelBE/YafQ-DinJ toxin-antitoxin module
pC3_clade_core/clade_specific	GCF_016899425.1|KEDGBJ_06637				5	5	GCF_016899425.1;GCF_053038975.1;GCF_053209605.1;GCF_905400185.1;MF6	Spermidine synthase
pC3_clade_core/clade_specific	GCF_016899425.1|KEDGBJ_06638	COG2824	R		5	5	GCF_016899425.1;GCF_053038975.1;GCF_053209605.1;GCF_905400185.1;MF6	Alkylphosphonate utilization protein
pC3_clade_core/clade_specific	GCF_016899425.1|KEDGBJ_06639				5	5	GCF_016899425.1;GCF_053038975.1;GCF_053209605.1;GCF_905400185.1;MF6	HPr family phosphocarrier protein
pC3_clade_core/clade_specific	GCF_016899425.1|KEDGBJ_06640				5	5	GCF_016899425.1;GCF_053038975.1;GCF_053209605.1;GCF_905400185.1;MF6	Restriction system protein Mrr-like N-terminal domain-containing protein
pC3_clade_core/clade_specific	GCF_016899425.1|KEDGBJ_06642				5	5	GCF_016899425.1;GCF_053038975.1;GCF_053209605.1;GCF_905400185.1;MF6	hypothetical protein
pC3_clade_core/clade_specific	GCF_016899425.1|KEDGBJ_06644				5	5	GCF_016899425.1;GCF_053038975.1;GCF_053209605.1;GCF_905400185.1;MF6	Two-component regulatory system, response regulator protein
pC3_clade_core/clade_specific	GCF_016899425.1|KEDGBJ_06646			03446	5	5	GCF_016899425.1;GCF_053038975.1;GCF_053209605.1;GCF_905400185.1;MF6	Multidrug resistance protein B
pC3_clade_core/clade_specific	GCF_016899425.1|KEDGBJ_06647			03543	5	5	GCF_016899425.1;GCF_053038975.1;GCF_053209605.1;GCF_905400185.1;MF6	Efflux transporter, RND family, MFP subunit
pC3_clade_core/clade_specific	GCF_016899425.1|KEDGBJ_06648				5	5	GCF_016899425.1;GCF_053038975.1;GCF_053209605.1;GCF_905400185.1;MF6	MARCKS-like protein
pC3_clade_core/clade_specific	GCF_016899425.1|KEDGBJ_06649				5	5	GCF_016899425.1;GCF_053038975.1;GCF_053209605.1;GCF_905400185.1;MF6	NUDIX hydrolase
pC3_clade_core/clade_specific	GCF_016899425.1|KEDGBJ_06650				5	5	GCF_016899425.1;GCF_053038975.1;GCF_053209605.1;GCF_905400185.1;MF6	DUF1641 domain-containing protein
pC3_clade_core/clade_specific	GCF_016899425.1|KEDGBJ_06651				5	5	GCF_016899425.1;GCF_053038975.1;GCF_053209605.1;GCF_905400185.1;MF6	Lipoprotein
pC3_clade_core/clade_specific	GCF_016899425.1|KEDGBJ_06652				5	5	GCF_016899425.1;GCF_053038975.1;GCF_053209605.1;GCF_905400185.1;MF6	Low affinity iron permease family protein
pC3_clade_core/clade_specific	GCF_016899425.1|KEDGBJ_06653				5	5	GCF_016899425.1;GCF_053038975.1;GCF_053209605.1;GCF_905400185.1;MF6	FRG domain-containing protein
pC3_clade_core/clade_specific	GCF_016899425.1|KEDGBJ_06654				5	5	GCF_016899425.1;GCF_053038975.1;GCF_053209605.1;GCF_905400185.1;MF6	DUF305 domain-containing protein
pC3_clade_core/clade_specific	GCF_016899425.1|KEDGBJ_06656				5	5	GCF_016899425.1;GCF_053038975.1;GCF_053209605.1;GCF_905400185.1;MF6	cytochrome c oxidase subunit II
pC3_clade_core/clade_specific	GCF_016899425.1|KEDGBJ_06657			15408	5	5	GCF_016899425.1;GCF_053038975.1;GCF_053209605.1;GCF_905400185.1;MF6	cytochrome c oxidase subunit I
pC3_clade_core/clade_specific	GCF_016899425.1|KEDGBJ_06658				5	5	GCF_016899425.1;GCF_053038975.1;GCF_053209605.1;GCF_905400185.1;MF6	Cytochrome C oxidase subunit I
pC3_clade_core/clade_specific	GCF_016899425.1|KEDGBJ_06659				5	5	GCF_016899425.1;GCF_053038975.1;GCF_053209605.1;GCF_905400185.1;MF6	Gluconate 2-dehydrogenase (Acceptor)
pC3_clade_accessory	GCF_016899425.1|KEDGBJ_06660				2	2	GCF_016899425.1;MF6	hypothetical protein
pC3_clade_core/clade_specific	GCF_016899425.1|KEDGBJ_06661				5	5	GCF_016899425.1;GCF_053038975.1;GCF_053209605.1;GCF_905400185.1;MF6	Outer membrane protein OprM
pC3_clade_core/clade_specific	GCF_016899425.1|KEDGBJ_06662				5	5	GCF_016899425.1;GCF_053038975.1;GCF_053209605.1;GCF_905400185.1;MF6	Transcriptional regulator, TetR family
pC3_clade_core/clade_specific	GCF_016899425.1|KEDGBJ_06663				5	5	GCF_016899425.1;GCF_053038975.1;GCF_053209605.1;GCF_905400185.1;MF6	Efflux transporter, RND family, MFP subunit
pC3_clade_core/clade_specific	GCF_016899425.1|KEDGBJ_06664				5	5	GCF_016899425.1;GCF_053038975.1;GCF_053209605.1;GCF_905400185.1;MF6	Acriflavin resistance protein
pC3_clade_accessory	GCF_016899425.1|KEDGBJ_06665				3	3	GCF_016899425.1;GCF_905400185.1;MF6	Short-chain dehydrogenase/reductase SDR
pC3_clade_core/clade_specific	GCF_016899425.1|KEDGBJ_06666	COG0251	V		5	5	GCF_016899425.1;GCF_053038975.1;GCF_053209605.1;GCF_905400185.1;MF6	Endoribonuclease L-PSP
pC3_clade_core/clade_specific	GCF_016899425.1|KEDGBJ_06667				5	5	GCF_016899425.1;GCF_053038975.1;GCF_053209605.1;GCF_905400185.1;MF6	benzoate diol dehydrogenase BenD
pC3_clade_core/clade_specific	GCF_016899425.1|KEDGBJ_06668	COG1018	C	05784	5	5	GCF_016899425.1;GCF_053038975.1;GCF_053209605.1;GCF_905400185.1;MF6	benzoate 1,2-dioxygenase electron transfer component BenC
pC3_clade_core/clade_specific	GCF_016899425.1|KEDGBJ_06669	COG5517	Q	05550	5	5	GCF_016899425.1;GCF_053038975.1;GCF_053209605.1;GCF_905400185.1;MF6	benzoate 1,2-dioxygenase small subunit
pC3_clade_core/clade_specific	GCF_016899425.1|KEDGBJ_06670	COG4638	PR	05549	5	5	GCF_016899425.1;GCF_053038975.1;GCF_053209605.1;GCF_905400185.1;MF6	Benzoate 1,2-dioxygenase alpha subunit
pC3_clade_core/clade_specific	GCF_016899425.1|KEDGBJ_06671	COG3485	Q	03381	5	5	GCF_016899425.1;GCF_053038975.1;GCF_053209605.1;GCF_905400185.1;MF6	catechol 1,2-dioxygenase
pC3_clade_core/clade_specific	GCF_016899425.1|KEDGBJ_06672	COG4948	MR	01856	5	5	GCF_016899425.1;GCF_053038975.1;GCF_053209605.1;GCF_905400185.1;MF6	Muconate cycloisomerase
pC3_clade_accessory	GCF_016899425.1|KEDGBJ_06673				3	3	GCF_016899425.1;GCF_905400185.1;MF6	Aspartyl/asparaginy/proline hydroxylase domain-containing protein
pC3_clade_accessory	GCF_016899425.1|KEDGBJ_06674				3	3	GCF_016899425.1;GCF_905400185.1;MF6	2-methoxy-6-polyprenyl-1,4-benzoquinol methylase, mitochondrial
pC3_clade_accessory	GCF_016899425.1|KEDGBJ_06675	COG0492	O		3	3	GCF_016899425.1;GCF_905400185.1;MF6	NAD(P)/FAD-dependent oxidoreductase
pC3_clade_accessory	GCF_016899425.1|KEDGBJ_06676				3	3	GCF_016899425.1;GCF_905400185.1;MF6	RecD helicase-like helix-hairpin-helix domain-containing protein
pC3_clade_accessory	GCF_016899425.1|KEDGBJ_06677				3	3	GCF_016899425.1;GCF_905400185.1;MF6	TetR family transcriptional regulator
pC3_clade_core/clade_specific	GCF_016899425.1|KEDGBJ_06678	COG1012	I		5	5	GCF_016899425.1;GCF_053038975.1;GCF_053209605.1;GCF_905400185.1;MF6	Benzaldehyde dehydrogenase (NAD(+))
pC3_clade_core/clade_specific	GCF_016899425.1|KEDGBJ_06679	COG1062	C		5	5	GCF_016899425.1;GCF_053038975.1;GCF_053209605.1;GCF_905400185.1;MF6	Xylulokinase
pC3_clade_core/clade_specific	GCF_016899425.1|KEDGBJ_06680				5	5	GCF_016899425.1;GCF_053038975.1;GCF_053209605.1;GCF_905400185.1;MF6	Fis family transcriptional regulator
pC3_clade_core/clade_specific	GCF_016899425.1|KEDGBJ_06682	COG0546	C		5	5	GCF_016899425.1;GCF_053038975.1;GCF_053209605.1;GCF_905400185.1;MF6	HAD family hydrolase
pC3_clade_core/clade_specific	GCF_016899425.1|KEDGBJ_06683				5	5	GCF_016899425.1;GCF_053038975.1;GCF_053209605.1;GCF_905400185.1;MF6	Methyltransferase domain-containing protein
pC3_clade_core/clade_specific	GCF_016899425.1|KEDGBJ_06684				5	5	GCF_016899425.1;GCF_053038975.1;GCF_053209605.1;GCF_905400185.1;MF6	Terpene synthase
pC3_clade_core/clade_specific	GCF_016899425.1|KEDGBJ_06685				5	5	GCF_016899425.1;GCF_053038975.1;GCF_053209605.1;GCF_905400185.1;MF6	cholesterol 7-desaturase
pC3_clade_core/clade_specific	GCF_016899425.1|KEDGBJ_06687				5	5	GCF_016899425.1;GCF_053038975.1;GCF_053209605.1;GCF_905400185.1;MF6	Succinate dehydrogenase iron-sulfur subunit
pC3_clade_core/clade_specific	GCF_016899425.1|KEDGBJ_06688				5	5	GCF_016899425.1;GCF_053038975.1;GCF_053209605.1;GCF_905400185.1;MF6	DUF6566 domain-containing protein
pC3_clade_core/clade_specific	GCF_016899425.1|KEDGBJ_06689			07507	5	5	GCF_016899425.1;GCF_053038975.1;GCF_053209605.1;GCF_905400185.1;MF6	Protein MgtC
pC3_clade_core/clade_specific	GCF_016899425.1|KEDGBJ_06690				5	5	GCF_016899425.1;GCF_053038975.1;GCF_053209605.1;GCF_905400185.1;MF6	Bacteriophage protein
pC3_clade_core/clade_specific	GCF_016899425.1|KEDGBJ_06691				5	5	GCF_016899425.1;GCF_053038975.1;GCF_053209605.1;GCF_905400185.1;MF6	PLD phosphodiesterase domain-containing protein
pC3_clade_core/clade_specific	GCF_016899425.1|KEDGBJ_06692				5	5	GCF_016899425.1;GCF_053038975.1;GCF_053209605.1;GCF_905400185.1;MF6	Endonuclease/Exonuclease/phosphatase family protein
pC3_clade_core/clade_specific	GCF_016899425.1|KEDGBJ_06693				5	5	GCF_016899425.1;GCF_053038975.1;GCF_053209605.1;GCF_905400185.1;MF6	DUF2591 domain-containing protein
pC3_clade_core/clade_specific	GCF_016899425.1|KEDGBJ_06694			16147	5	5	GCF_016899425.1;GCF_053038975.1;GCF_053209605.1;GCF_905400185.1;MF6	Alpha-1,4-glucan:maltose-1-phosphate maltosyltransferase
pC3_clade_core/clade_specific	GCF_016899425.1|KEDGBJ_06695	COG3281	G		5	5	GCF_016899425.1;GCF_053038975.1;GCF_053209605.1;GCF_905400185.1;MF6	Maltokinase
pC3_clade_core/clade_specific	GCF_016899425.1|KEDGBJ_06697			01214	5	5	GCF_016899425.1;GCF_053038975.1;GCF_053209605.1;GCF_905400185.1;MF6	glycogen debranching protein GlgX
pC3_clade_core/clade_specific	GCF_016899425.1|KEDGBJ_06698			01236	5	5	GCF_016899425.1;GCF_053038975.1;GCF_053209605.1;GCF_905400185.1;MF6	malto-oligosyltrehalose trehalohydrolase
pC3_clade_core/clade_specific	GCF_016899425.1|KEDGBJ_06699			00705	5	5	GCF_016899425.1;GCF_053038975.1;GCF_053209605.1;GCF_905400185.1;MF6	4-alpha-glucanotransferase
pC3_clade_core/clade_specific	GCF_016899425.1|KEDGBJ_06701				5	5	GCF_016899425.1;GCF_053038975.1;GCF_053209605.1;GCF_905400185.1;MF6	Pseudouridine synthase
pC3_clade_core/clade_specific	GCF_016899425.1|KEDGBJ_06703				5	5	GCF_016899425.1;GCF_053038975.1;GCF_053209605.1;GCF_905400185.1;MF6	Preprotein translocase subunit SecA
pC3_clade_core/clade_specific	GCF_016899425.1|KEDGBJ_06704				5	5	GCF_016899425.1;GCF_053038975.1;GCF_053209605.1;GCF_905400185.1;MF6	Periplasmic protein
pC3_clade_core/clade_specific	GCF_016899425.1|KEDGBJ_06705	COG0693	V		5	5	GCF_016899425.1;GCF_053038975.1;GCF_053209605.1;GCF_905400185.1;MF6	Intracellular protease, PfpI family
pC3_clade_core/clade_specific	GCF_016899425.1|KEDGBJ_06708				5	5	GCF_016899425.1;GCF_053038975.1;GCF_053209605.1;GCF_905400185.1;MF6	DUF3175 domain-containing protein
pC3_clade_core/clade_specific	GCF_016899425.1|KEDGBJ_06709	COG0025	P	24160	5	5	GCF_016899425.1;GCF_053038975.1;GCF_053209605.1;GCF_905400185.1;MF6	Sodium/hydrogen exchanger
pC3_clade_core/clade_specific	GCF_016899425.1|KEDGBJ_06710			01971	5	5	GCF_016899425.1;GCF_053038975.1;GCF_053209605.1;GCF_905400185.1;MF6	DNA ligase D
pC3_clade_core/clade_specific	GCF_016899425.1|KEDGBJ_06711			10979	5	5	GCF_016899425.1;GCF_053038975.1;GCF_053209605.1;GCF_905400185.1;MF6	Ku protein
pC3_clade_core/clade_specific	GCF_016899425.1|KEDGBJ_06712			03781	5	5	GCF_016899425.1;GCF_053038975.1;GCF_053209605.1;GCF_905400185.1;MF6	catalase HPII
pC3_clade_core/clade_specific	GCF_016899425.1|KEDGBJ_06713				5	5	GCF_016899425.1;GCF_053038975.1;GCF_053209605.1;GCF_905400185.1;MF6	DUF3022 domain-containing protein
pC3_clade_core/clade_specific	GCF_016899425.1|KEDGBJ_06714				5	5	GCF_016899425.1;GCF_053038975.1;GCF_053209605.1;GCF_905400185.1;MF6	UPF0391 membrane protein Bcep1808_5731
pC3_clade_core/clade_specific	GCF_016899425.1|KEDGBJ_06715				5	5	GCF_016899425.1;GCF_053038975.1;GCF_053209605.1;GCF_905400185.1;MF6	Protein of unknwon function
pC3_clade_core/clade_specific	GCF_016899425.1|KEDGBJ_06716	COG1508	K	03092	5	5	GCF_016899425.1;GCF_053038975.1;GCF_053209605.1;GCF_905400185.1;MF6	RNA polymerase factor sigma-54
pC3_clade_core/clade_specific	GCF_016899425.1|KEDGBJ_06717				5	5	GCF_016899425.1;GCF_053038975.1;GCF_053209605.1;GCF_905400185.1;MF6	Ferritin-like domain-containing protein
pC3_clade_core/clade_specific	GCF_016899425.1|KEDGBJ_06719				5	5	GCF_016899425.1;GCF_053038975.1;GCF_053209605.1;GCF_905400185.1;MF6	DUF2218 domain-containing protein
pC3_clade_core/clade_specific	GCF_016899425.1|KEDGBJ_06720				5	5	GCF_016899425.1;GCF_053038975.1;GCF_053209605.1;GCF_905400185.1;MF6	Chitin-binding protein
pC3_clade_core/clade_specific	GCF_016899425.1|KEDGBJ_06721				5	5	GCF_016899425.1;GCF_053038975.1;GCF_053209605.1;GCF_905400185.1;MF6	Bacteriophage protein
pC3_clade_core/clade_specific	GCF_016899425.1|KEDGBJ_06722				5	5	GCF_016899425.1;GCF_053038975.1;GCF_053209605.1;GCF_905400185.1;MF6	MARCKS-like protein
pC3_clade_core/clade_specific	GCF_016899425.1|KEDGBJ_06723	COG0517	T		5	5	GCF_016899425.1;GCF_053038975.1;GCF_053209605.1;GCF_905400185.1;MF6	CBS domain-containing protein
pC3_clade_core/clade_specific	GCF_016899425.1|KEDGBJ_06724	COG3881	S		5	5	GCF_016899425.1;GCF_053038975.1;GCF_053209605.1;GCF_905400185.1;MF6	PRC-barrel domain protein
pC3_clade_core/clade_specific	GCF_016899425.1|KEDGBJ_06725				5	5	GCF_016899425.1;GCF_053038975.1;GCF_053209605.1;GCF_905400185.1;MF6	Response regulator receiver protein
pC3_clade_core/clade_specific	GCF_016899425.1|KEDGBJ_06727				5	5	GCF_016899425.1;GCF_053038975.1;GCF_053209605.1;GCF_905400185.1;MF6	Nramp family divalent metal transporter
pC3_clade_core/clade_specific	GCF_016899425.1|KEDGBJ_06728				5	5	GCF_016899425.1;GCF_053038975.1;GCF_053209605.1;GCF_905400185.1;MF6	DUF892 domain-containing protein
pC3_clade_core/clade_specific	GCF_016899425.1|KEDGBJ_06729				5	5	GCF_016899425.1;GCF_053038975.1;GCF_053209605.1;GCF_905400185.1;MF6	DUF4142 domain-containing protein
pC3_clade_core/clade_specific	GCF_016899425.1|KEDGBJ_06730				5	5	GCF_016899425.1;GCF_053038975.1;GCF_053209605.1;GCF_905400185.1;MF6	Glucose 1-dehydrogenase
pC3_clade_core/clade_specific	GCF_016899425.1|KEDGBJ_06731				5	5	GCF_016899425.1;GCF_053038975.1;GCF_053209605.1;GCF_905400185.1;MF6	Glycine zipper family protein
pC3_clade_core/clade_specific	GCF_016899425.1|KEDGBJ_06732				5	5	GCF_016899425.1;GCF_053038975.1;GCF_053209605.1;GCF_905400185.1;MF6	DUF2795 domain-containing protein
pC3_clade_core/clade_specific	GCF_016899425.1|KEDGBJ_06733	COG0300	R		5	5	GCF_016899425.1;GCF_053038975.1;GCF_053209605.1;GCF_905400185.1;MF6	SDR family oxidoreductase
pC3_clade_core/clade_specific	GCF_016899425.1|KEDGBJ_06734			04065	5	5	GCF_016899425.1;GCF_053038975.1;GCF_053209605.1;GCF_905400185.1;MF6	Transport-associated
pC3_clade_core/clade_specific	GCF_016899425.1|KEDGBJ_06735			15521	5	5	GCF_016899425.1;GCF_053038975.1;GCF_053209605.1;GCF_905400185.1;MF6	Glycosyl transferase, group 1 family protein
pC3_clade_core/clade_specific	GCF_016899425.1|KEDGBJ_06736			08678	5	5	GCF_016899425.1;GCF_053038975.1;GCF_053209605.1;GCF_905400185.1;MF6	UDP-glucuronate decarboxylase
pC3_clade_core/clade_specific	GCF_016899425.1|KEDGBJ_06737				5	5	GCF_016899425.1;GCF_053038975.1;GCF_053209605.1;GCF_905400185.1;MF6	histidine kinase
pC3_clade_core/clade_specific	GCF_016899425.1|KEDGBJ_06738				5	5	GCF_016899425.1;GCF_053038975.1;GCF_053209605.1;GCF_905400185.1;MF6	PIG-L family deacetylase
pC3_clade_core/clade_specific	GCF_016899425.1|KEDGBJ_06739				5	5	GCF_016899425.1;GCF_053038975.1;GCF_053209605.1;GCF_905400185.1;MF6	glycosyltransferase
pC3_clade_core/clade_specific	GCF_016899425.1|KEDGBJ_06740	COG2204	T		5	5	GCF_016899425.1;GCF_053038975.1;GCF_053209605.1;GCF_905400185.1;MF6	Sigma-54-dependent Fis family transcriptional regulator
pC3_clade_core/clade_specific	GCF_016899425.1|KEDGBJ_06742				5	5	GCF_016899425.1;GCF_053038975.1;GCF_053209605.1;GCF_905400185.1;MF6	Glycosyltransferase family 4 protein
pC3_clade_core/clade_specific	GCF_016899425.1|KEDGBJ_06743				5	5	GCF_016899425.1;GCF_053038975.1;GCF_053209605.1;GCF_905400185.1;MF6	Glycosyl transferase family protein
pC3_clade_core/clade_specific	GCF_016899425.1|KEDGBJ_06744				5	5	GCF_016899425.1;GCF_053038975.1;GCF_053209605.1;GCF_905400185.1;MF6	Glycosyltransferase
pC3_clade_core/clade_specific	GCF_016899425.1|KEDGBJ_06746				5	5	GCF_016899425.1;GCF_053038975.1;GCF_053209605.1;GCF_905400185.1;MF6	glycosyltransferase family 9 protein
pC3_clade_core/clade_specific	GCF_016899425.1|KEDGBJ_06747				5	5	GCF_016899425.1;GCF_053038975.1;GCF_053209605.1;GCF_905400185.1;MF6	D,D-heptose 1,7-bisphosphate phosphatase
pC3_clade_core/clade_specific	GCF_016899425.1|KEDGBJ_06748				5	5	GCF_016899425.1;GCF_053038975.1;GCF_053209605.1;GCF_905400185.1;MF6	SDR family oxidoreductase
pC3_clade_core/clade_specific	GCF_016899425.1|KEDGBJ_06749				5	5	GCF_016899425.1;GCF_053038975.1;GCF_053209605.1;GCF_905400185.1;MF6	hypothetical protein
pC3_clade_core/clade_specific	GCF_016899425.1|KEDGBJ_06751				5	5	GCF_016899425.1;GCF_053038975.1;GCF_053209605.1;GCF_905400185.1;MF6	Transport-associated
pC3_clade_core/clade_specific	GCF_016899425.1|KEDGBJ_06753				5	5	GCF_016899425.1;GCF_053038975.1;GCF_053209605.1;GCF_905400185.1;MF6	histidine kinase
pC3_clade_core/clade_specific	GCF_016899425.1|KEDGBJ_06754				5	5	GCF_016899425.1;GCF_053038975.1;GCF_053209605.1;GCF_905400185.1;MF6	Ferredoxin
pC3_clade_core/clade_specific	GCF_016899425.1|KEDGBJ_06755				5	5	GCF_016899425.1;GCF_053038975.1;GCF_053209605.1;GCF_905400185.1;MF6	Alcohol dehydrogenase
pC3_clade_core/clade_specific	GCF_016899425.1|KEDGBJ_06757				5	5	GCF_016899425.1;GCF_053038975.1;GCF_053209605.1;GCF_905400185.1;MF6	FAD-dependent pyridine nucleotide-disulphide oxidoreductase
pC3_clade_accessory	GCF_016899425.1|KEDGBJ_06758				3	3	GCF_016899425.1;GCF_905400185.1;MF6	NAD-dependent formate dehydrogenase
pC3_clade_accessory	GCF_016899425.1|KEDGBJ_06759	COG1167	KE		10	5	GCF_016899425.1;GCF_053038975.1;GCF_053209605.1;GCF_905400185.1;MF6	HTH gntR-type domain-containing protein
pC3_clade_core/clade_specific	GCF_016899425.1|KEDGBJ_06760				5	5	GCF_016899425.1;GCF_053038975.1;GCF_053209605.1;GCF_905400185.1;MF6	IS110 family transposase
pC3_clade_core/clade_specific	GCF_016899425.1|KEDGBJ_06761				5	5	GCF_016899425.1;GCF_053038975.1;GCF_053209605.1;GCF_905400185.1;MF6	Membrane protein
pC3_clade_core/clade_specific	GCF_016899425.1|KEDGBJ_06762			13256	5	5	GCF_016899425.1;GCF_053038975.1;GCF_053209605.1;GCF_905400185.1;MF6	Protein PsiE
pC3_clade_core/clade_specific	GCF_016899425.1|KEDGBJ_06763				5	5	GCF_016899425.1;GCF_053038975.1;GCF_053209605.1;GCF_905400185.1;MF6	LysR family transcriptional regulator
pC3_clade_core/clade_specific	GCF_016899425.1|KEDGBJ_06764	COG2837	P	07223	5	5	GCF_016899425.1;GCF_053038975.1;GCF_053209605.1;GCF_905400185.1;MF6	Dyp-type peroxidase
pC3_clade_core/clade_specific	GCF_016899425.1|KEDGBJ_06765				5	5	GCF_016899425.1;GCF_053038975.1;GCF_053209605.1;GCF_905400185.1;MF6	family 1 encapsulin nanocompartment shell protein
pC3_clade_accessory	GCF_016899425.1|KEDGBJ_06766				3	3	GCF_016899425.1;GCF_905400185.1;MF6	Bacteriophage protein
pC3_clade_core/clade_specific	GCF_016899425.1|KEDGBJ_06767	COG0542	O		5	5	GCF_016899425.1;GCF_053038975.1;GCF_053209605.1;GCF_905400185.1;MF6	Clp protease ClpC
pC3_clade_core/clade_specific	GCF_016899425.1|KEDGBJ_06768	COG0243	C		5	5	GCF_016899425.1;GCF_053038975.1;GCF_053209605.1;GCF_905400185.1;MF6	Formate dehydrogenase
pC3_clade_core/clade_specific	GCF_016899425.1|KEDGBJ_06769	COG1457	F	03457	5	5	GCF_016899425.1;GCF_053038975.1;GCF_053209605.1;GCF_905400185.1;MF6	Allantoin permease
pC3_clade_core/clade_specific	GCF_016899425.1|KEDGBJ_06770	COG0583	K		5	5	GCF_016899425.1;GCF_053038975.1;GCF_053209605.1;GCF_905400185.1;MF6	HTH-type transcriptional regulator GltC
pC3_clade_core/clade_specific	GCF_016899425.1|KEDGBJ_06771	COG0624	E		5	5	GCF_016899425.1;GCF_053038975.1;GCF_053209605.1;GCF_905400185.1;MF6	acetylornithine deacetylase
pC3_clade_core/clade_specific	GCF_016899425.1|KEDGBJ_06772	COG3342	R		5	5	GCF_016899425.1;GCF_053038975.1;GCF_053209605.1;GCF_905400185.1;MF6	DUF1028 domain-containing protein
pC3_clade_core/clade_specific	GCF_016899425.1|KEDGBJ_06773	COG0251	V		5	5	GCF_016899425.1;GCF_053038975.1;GCF_053209605.1;GCF_905400185.1;MF6	Aminoacrylate peracid reductase RutC
pC3_clade_core/clade_specific	GCF_016899425.1|KEDGBJ_06774				5	5	GCF_016899425.1;GCF_053038975.1;GCF_053209605.1;GCF_905400185.1;MF6	NAD(P)/FAD-dependent oxidoreductase
pC3_clade_core/clade_specific	GCF_016899425.1|KEDGBJ_06775				5	5	GCF_016899425.1;GCF_053038975.1;GCF_053209605.1;GCF_905400185.1;MF6	Bacteriophage protein
pC3_clade_core/clade_specific	GCF_016899425.1|KEDGBJ_06777				5	5	GCF_016899425.1;GCF_053038975.1;GCF_053209605.1;GCF_905400185.1;MF6	RebB like protein
pC3_clade_core/clade_specific	GCF_016899425.1|KEDGBJ_06778				5	5	GCF_016899425.1;GCF_053038975.1;GCF_053209605.1;GCF_905400185.1;MF6	Sigma-70 family RNA polymerase sigma factor
pC3_clade_core/clade_specific	GCF_016899425.1|KEDGBJ_06779				5	5	GCF_016899425.1;GCF_053038975.1;GCF_053209605.1;GCF_905400185.1;MF6	Helix-turn-helix domain-containing protein
pC3_clade_core/clade_specific	GCF_016899425.1|KEDGBJ_06780				5	5	GCF_016899425.1;GCF_053038975.1;GCF_053209605.1;GCF_905400185.1;MF6	Thioredoxin reductase
pC3_clade_core/clade_specific	GCF_016899425.1|KEDGBJ_06781				5	5	GCF_016899425.1;GCF_053038975.1;GCF_053209605.1;GCF_905400185.1;MF6	Thioredoxin reductase
pC3_clade_core/clade_specific	GCF_016899425.1|KEDGBJ_06782				5	5	GCF_016899425.1;GCF_053038975.1;GCF_053209605.1;GCF_905400185.1;MF6	Thioredoxin reductase
pC3_clade_core/clade_specific	GCF_016899425.1|KEDGBJ_06784				5	5	GCF_016899425.1;GCF_053038975.1;GCF_053209605.1;GCF_905400185.1;MF6	hypothetical protein
pC3_clade_core/clade_specific	GCF_016899425.1|KEDGBJ_06785				5	5	GCF_016899425.1;GCF_053038975.1;GCF_053209605.1;GCF_905400185.1;MF6	tetratricopeptide repeat protein
pC3_clade_core/clade_specific	GCF_016899425.1|KEDGBJ_06786				5	5	GCF_016899425.1;GCF_053038975.1;GCF_053209605.1;GCF_905400185.1;MF6	hypothetical protein
pC3_clade_core/clade_specific	GCF_016899425.1|KEDGBJ_06787	COG0180	J		5	5	GCF_016899425.1;GCF_053038975.1;GCF_053209605.1;GCF_905400185.1;MF6	tryptophan--tRNA ligase
pC3_clade_core/clade_specific	GCF_016899425.1|KEDGBJ_06788				5	5	GCF_016899425.1;GCF_053038975.1;GCF_053209605.1;GCF_905400185.1;MF6	Glyoxalase/bleomycin resistance protein/dioxygenase
pC3_clade_core/clade_specific	GCF_016899425.1|KEDGBJ_06789	COG3781	P	08994	5	5	GCF_016899425.1;GCF_053038975.1;GCF_053209605.1;GCF_905400185.1;MF6	Bestrophin, RFP-TM, chloride channel
pC3_clade_core/clade_specific	GCF_016899425.1|KEDGBJ_06790	COG1294	C	00426	5	5	GCF_016899425.1;GCF_053038975.1;GCF_053209605.1;GCF_905400185.1;MF6	cytochrome d ubiquinol oxidase subunit II
pC3_clade_core/clade_specific	GCF_016899425.1|KEDGBJ_06791	COG1271	C	00425	5	5	GCF_016899425.1;GCF_053038975.1;GCF_053209605.1;GCF_905400185.1;MF6	Cytochrome bd quinol oxidase subunit 1 apoprotein
pC3_clade_core/clade_specific	GCF_016899425.1|KEDGBJ_06792	COG1526	C	02379	5	5	GCF_016899425.1;GCF_053038975.1;GCF_053209605.1;GCF_905400185.1;MF6	formate dehydrogenase accessory sulfurtransferase FdhD
pC3_clade_core/clade_specific	GCF_016899425.1|KEDGBJ_06793				5	5	GCF_016899425.1;GCF_053038975.1;GCF_053209605.1;GCF_905400185.1;MF6	gephyrin-like molybdotransferase Glp
pC3_clade_core/clade_specific	GCF_016899425.1|KEDGBJ_06794	COG2896	H		5	5	GCF_016899425.1;GCF_053038975.1;GCF_053209605.1;GCF_905400185.1;MF6	GTP 3',8-cyclase MoaA
pC3_clade_core/clade_specific	GCF_016899425.1|KEDGBJ_06795	COG0314	H	03635	5	5	GCF_016899425.1;GCF_053038975.1;GCF_053209605.1;GCF_905400185.1;MF6	Molybdopterin synthase catalytic subunit
pC3_clade_core/clade_specific	GCF_016899425.1|KEDGBJ_06796	COG1977	H		5	5	GCF_016899425.1;GCF_053038975.1;GCF_053209605.1;GCF_905400185.1;MF6	Molybdopterin synthase sulfur carrier subunit
pC3_clade_accessory	GCF_016899425.1|KEDGBJ_06797				2	2	GCF_016899425.1;GCF_905400185.1	Methyltransferase type 11
pC3_clade_accessory	GCF_016899425.1|KEDGBJ_06798				2	2	GCF_016899425.1;GCF_905400185.1	hypothetical protein
pC3_clade_accessory	GCF_016899425.1|KEDGBJ_06800				3	3	GCF_016899425.1;GCF_905400185.1;MF6	hypothetical protein
pC3_clade_core/clade_specific	GCF_016899425.1|KEDGBJ_06801				5	5	GCF_016899425.1;GCF_053038975.1;GCF_053209605.1;GCF_905400185.1;MF6	NAD/FAD-utilizing enzyme apparently involved in cell division
pC3_clade_accessory	GCF_016899425.1|KEDGBJ_06802				3	3	GCF_016899425.1;GCF_905400185.1;MF6	hypothetical protein
pC3_clade_core/clade_specific	GCF_016899425.1|KEDGBJ_06803	COG4974	L		5	5	GCF_016899425.1;GCF_053038975.1;GCF_053209605.1;GCF_905400185.1;MF6	Tyrosine recombinase XerD
pC3_clade_accessory	GCF_016899425.1|KEDGBJ_06804			02575	3	3	GCF_016899425.1;GCF_905400185.1;MF6	Putative nitrate/nitrite transporter NarK2
pC3_clade_accessory	GCF_016899425.1|KEDGBJ_06805				3	3	GCF_016899425.1;GCF_905400185.1;MF6	peptidylprolyl isomerase
pC3_clade_accessory	GCF_016899425.1|KEDGBJ_06806				3	3	GCF_016899425.1;GCF_905400185.1;MF6	respiratory nitrate reductase subunit gamma
pC3_clade_accessory	GCF_016899425.1|KEDGBJ_06807			00373	3	3	GCF_016899425.1;GCF_905400185.1;MF6	nitrate reductase molybdenum cofactor assembly chaperone
pC3_clade_accessory	GCF_016899425.1|KEDGBJ_06808			00371	3	3	GCF_016899425.1;GCF_905400185.1;MF6	nitrate reductase subunit beta
pC3_clade_accessory	GCF_016899425.1|KEDGBJ_06809			00370	3	3	GCF_016899425.1;GCF_905400185.1;MF6	nitrate reductase subunit alpha
pC3_clade_accessory	GCF_016899425.1|KEDGBJ_06810				1	1	GCF_016899425.1	hypothetical protein
pC3_clade_accessory	GCF_016899425.1|KEDGBJ_06811				3	3	GCF_016899425.1;GCF_905400185.1;MF6	Tetratricopeptide repeat protein
pC3_clade_core/clade_specific	GCF_016899425.1|KEDGBJ_06812				5	5	GCF_016899425.1;GCF_053038975.1;GCF_053209605.1;GCF_905400185.1;MF6	DUF2964 domain-containing protein
pC3_clade_core/clade_specific	GCF_016899425.1|KEDGBJ_06813	COG0589	T		5	5	GCF_016899425.1;GCF_053038975.1;GCF_053209605.1;GCF_905400185.1;MF6	Universal stress protein
pC3_clade_core/clade_specific	GCF_016899425.1|KEDGBJ_06814	COG3971	Q		5	5	GCF_016899425.1;GCF_053038975.1;GCF_053209605.1;GCF_905400185.1;MF6	2-keto-4-pentenoate hydratase
pC3_clade_core/clade_specific	GCF_016899425.1|KEDGBJ_06815				5	5	GCF_016899425.1;GCF_053038975.1;GCF_053209605.1;GCF_905400185.1;MF6	3-deoxy-D-arabino-heptulosonate 7-phosphate synthase
pC3_clade_core/clade_specific	GCF_016899425.1|KEDGBJ_06818				5	5	GCF_016899425.1;GCF_053038975.1;GCF_053209605.1;GCF_905400185.1;MF6	Lipoprotein
pC3_clade_core/clade_specific	GCF_016899425.1|KEDGBJ_06819				5	5	GCF_016899425.1;GCF_053038975.1;GCF_053209605.1;GCF_905400185.1;MF6	BNR/Asp-box repeat-containing protein
pC3_clade_core/clade_specific	GCF_016899425.1|KEDGBJ_06821				5	5	GCF_016899425.1;GCF_053038975.1;GCF_053209605.1;GCF_905400185.1;MF6	DUF3142 domain-containing protein
pC3_clade_core/clade_specific	GCF_016899425.1|KEDGBJ_06822	COG0596	HR		5	5	GCF_016899425.1;GCF_053038975.1;GCF_053209605.1;GCF_905400185.1;MF6	Alpha/beta hydrolase
pC3_clade_core/clade_specific	GCF_016899425.1|KEDGBJ_06823				5	5	GCF_016899425.1;GCF_053038975.1;GCF_053209605.1;GCF_905400185.1;MF6	Short-chain dehydrogenase/reductase SDR
pC3_clade_core/clade_specific	GCF_016899425.1|KEDGBJ_06824	COG2207	K		5	5	GCF_016899425.1;GCF_053038975.1;GCF_053209605.1;GCF_905400185.1;MF6	RCS-specific HTH-type transcriptional activator RclR
pC3_clade_accessory	GCF_016899425.1|KEDGBJ_06825				3	3	GCF_016899425.1;GCF_905400185.1;MF6	CoA pyrophosphatase
pC3_clade_core/clade_specific	GCF_016899425.1|KEDGBJ_06826			06998	5	5	GCF_016899425.1;GCF_053038975.1;GCF_053209605.1;GCF_905400185.1;MF6	Phenazine biosynthesis protein PhzC/PhzF
pC3_clade_core/clade_specific	GCF_016899425.1|KEDGBJ_06827				5	5	GCF_016899425.1;GCF_053038975.1;GCF_053209605.1;GCF_905400185.1;MF6	Aldose 1-epimerase
pC3_clade_core/clade_specific	GCF_016899425.1|KEDGBJ_06828				5	5	GCF_016899425.1;GCF_053038975.1;GCF_053209605.1;GCF_905400185.1;MF6	Transcriptional regulator, AraC family
pC3_clade_accessory	GCF_016899425.1|KEDGBJ_06829				10	5	GCF_016899425.1;GCF_053038975.1;GCF_053209605.1;GCF_905400185.1;MF6	Transcriptional regulator, LysR family
pC3_clade_core/clade_specific	GCF_016899425.1|KEDGBJ_06830				5	5	GCF_016899425.1;GCF_053038975.1;GCF_053209605.1;GCF_905400185.1;MF6	MscS Mechanosensitive ion channel
pC3_clade_core/clade_specific	GCF_016899425.1|KEDGBJ_06832				5	5	GCF_016899425.1;GCF_053038975.1;GCF_053209605.1;GCF_905400185.1;MF6	OmpR/PhoB-type domain-containing protein
pC3_clade_core/clade_specific	GCF_016899425.1|KEDGBJ_06833				5	5	GCF_016899425.1;GCF_053038975.1;GCF_053209605.1;GCF_905400185.1;MF6	Alpha/beta hydrolase fold
pC3_clade_core/clade_specific	GCF_016899425.1|KEDGBJ_06834				5	5	GCF_016899425.1;GCF_053038975.1;GCF_053209605.1;GCF_905400185.1;MF6	DUF3331 domain-containing protein
pC3_clade_accessory	GCF_016899425.1|KEDGBJ_06835	COG0596	HR		7	5	GCF_016899425.1;GCF_053038975.1;GCF_053209605.1;GCF_905400185.1;MF6	AB hydrolase-1 domain-containing protein
pC3_clade_core/clade_specific	GCF_016899425.1|KEDGBJ_06836				5	5	GCF_016899425.1;GCF_053038975.1;GCF_053209605.1;GCF_905400185.1;MF6	Major facilitator superfamily MFS_1
pC3_clade_core/clade_specific	GCF_016899425.1|KEDGBJ_06837			03543	5	5	GCF_016899425.1;GCF_053038975.1;GCF_053209605.1;GCF_905400185.1;MF6	Hemolysin D
pC3_clade_core/clade_specific	GCF_016899425.1|KEDGBJ_06838				5	5	GCF_016899425.1;GCF_053038975.1;GCF_053209605.1;GCF_905400185.1;MF6	efflux transporter outer membrane subunit
pC3_clade_core/clade_specific	GCF_016899425.1|KEDGBJ_06839			00384	5	5	GCF_016899425.1;GCF_053038975.1;GCF_053209605.1;GCF_905400185.1;MF6	Thioredoxin-disulfide reductase
pC3_clade_core/clade_specific	GCF_016899425.1|KEDGBJ_06840				5	5	GCF_016899425.1;GCF_053038975.1;GCF_053209605.1;GCF_905400185.1;MF6	UBP-type domain-containing protein
pC3_clade_core/clade_specific	GCF_016899425.1|KEDGBJ_06841				5	5	GCF_016899425.1;GCF_053038975.1;GCF_053209605.1;GCF_905400185.1;MF6	Glyoxalase
pC3_clade_core/clade_specific	GCF_016899425.1|KEDGBJ_06842				5	5	GCF_016899425.1;GCF_053038975.1;GCF_053209605.1;GCF_905400185.1;MF6	Monooxygenase
pC3_clade_core/clade_specific	GCF_016899425.1|KEDGBJ_06843				5	5	GCF_016899425.1;GCF_053038975.1;GCF_053209605.1;GCF_905400185.1;MF6	DUF485 domain-containing protein
pC3_clade_core/clade_specific	GCF_016899425.1|KEDGBJ_06844			14393	5	5	GCF_016899425.1;GCF_053038975.1;GCF_053209605.1;GCF_905400185.1;MF6	Cation acetate symporter
pC3_clade_core/clade_specific	GCF_016899425.1|KEDGBJ_06845			03392	5	5	GCF_016899425.1;GCF_053038975.1;GCF_053209605.1;GCF_905400185.1;MF6	Aminocarboxymuconate-semialdehyde decarboxylase
pC3_clade_core/clade_specific	GCF_016899425.1|KEDGBJ_06846				5	5	GCF_016899425.1;GCF_053038975.1;GCF_053209605.1;GCF_905400185.1;MF6	Gluconate 2-dehydrogenase (Acceptor)
pC3_clade_core/clade_specific	GCF_016899425.1|KEDGBJ_06847				5	5	GCF_016899425.1;GCF_053038975.1;GCF_053209605.1;GCF_905400185.1;MF6	(2Fe-2S)-binding domain protein
pC3_clade_core/clade_specific	GCF_016899425.1|KEDGBJ_06848	COG1529	C	18030	5	5	GCF_016899425.1;GCF_053038975.1;GCF_053209605.1;GCF_905400185.1;MF6	Isoquinoline 1-oxidoreductase beta subunit
pC3_clade_core/clade_specific	GCF_016899425.1|KEDGBJ_06849				5	5	GCF_016899425.1;GCF_053038975.1;GCF_053209605.1;GCF_905400185.1;MF6	Transcriptional regulator, LysR family
pC3_clade_core/clade_specific	GCF_016899425.1|KEDGBJ_06850	COG2814	G		5	5	GCF_016899425.1;GCF_053038975.1;GCF_053209605.1;GCF_905400185.1;MF6	MFS transporter
pC3_clade_core/clade_specific	GCF_016899425.1|KEDGBJ_06851				5	5	GCF_016899425.1;GCF_053038975.1;GCF_053209605.1;GCF_905400185.1;MF6	NADH:flavin oxidoreductase/NADH oxidase
pC3_clade_core/clade_specific	GCF_016899425.1|KEDGBJ_06852				5	5	GCF_016899425.1;GCF_053038975.1;GCF_053209605.1;GCF_905400185.1;MF6	Metal-dependent phosphohydrolase
pC3_clade_core/clade_specific	GCF_016899425.1|KEDGBJ_06853				5	5	GCF_016899425.1;GCF_053038975.1;GCF_053209605.1;GCF_905400185.1;MF6	Amidohydrolase
pC3_clade_core/clade_specific	GCF_016899425.1|KEDGBJ_06855				5	5	GCF_016899425.1;GCF_053038975.1;GCF_053209605.1;GCF_905400185.1;MF6	Transcriptional regulator, AraC family
pC3_clade_core/clade_specific	GCF_016899425.1|KEDGBJ_06856				5	5	GCF_016899425.1;GCF_053038975.1;GCF_053209605.1;GCF_905400185.1;MF6	Alpha/beta hydrolase
pC3_clade_core/clade_specific	GCF_016899425.1|KEDGBJ_06858				5	5	GCF_016899425.1;GCF_053038975.1;GCF_053209605.1;GCF_905400185.1;MF6	LysR family transcriptional regulator
pC3_clade_accessory	GCF_016899425.1|KEDGBJ_06859				3	3	GCF_016899425.1;GCF_905400185.1;MF6	hypothetical protein
pC3_clade_core/clade_specific	GCF_016899425.1|KEDGBJ_06860				5	5	GCF_016899425.1;GCF_053038975.1;GCF_053209605.1;GCF_905400185.1;MF6	MBL fold metallo-hydrolase
pC3_clade_accessory	GCF_016899425.1|KEDGBJ_06861				2	2	GCF_016899425.1;GCF_905400185.1	IS5 family ISButh6 transposase
pC3_clade_core/clade_specific	GCF_016899425.1|KEDGBJ_06862				5	5	GCF_016899425.1;GCF_053038975.1;GCF_053209605.1;GCF_905400185.1;MF6	LysR family transcriptional regulator
pC3_clade_core/clade_specific	GCF_016899425.1|KEDGBJ_06864				5	5	GCF_016899425.1;GCF_053038975.1;GCF_053209605.1;GCF_905400185.1;MF6	Glyoxalase
pC3_clade_core/clade_specific	GCF_016899425.1|KEDGBJ_06865	COG1574	R		5	5	GCF_016899425.1;GCF_053038975.1;GCF_053209605.1;GCF_905400185.1;MF6	Amidohydrolase
pC3_clade_core/clade_specific	GCF_016899425.1|KEDGBJ_06866				5	5	GCF_016899425.1;GCF_053038975.1;GCF_053209605.1;GCF_905400185.1;MF6	XapX domain protein
pC3_clade_accessory	GCF_016899425.1|KEDGBJ_06867	COG1335	HR		4	4	GCF_016899425.1;GCF_053038975.1;GCF_905400185.1;MF6	Putative hydrolase YcaC
pC3_clade_core/clade_specific	GCF_016899425.1|KEDGBJ_06868				5	5	GCF_016899425.1;GCF_053038975.1;GCF_053209605.1;GCF_905400185.1;MF6	XapX domain-containing protein
pC3_clade_core/clade_specific	GCF_016899425.1|KEDGBJ_06870				5	5	GCF_016899425.1;GCF_053038975.1;GCF_053209605.1;GCF_905400185.1;MF6	DUF1275 domain-containing protein
pC3_clade_core/clade_specific	GCF_016899425.1|KEDGBJ_06871				5	5	GCF_016899425.1;GCF_053038975.1;GCF_053209605.1;GCF_905400185.1;MF6	DUF1427 domain-containing protein
pC3_clade_core/clade_specific	GCF_016899425.1|KEDGBJ_06872				5	5	GCF_016899425.1;GCF_053038975.1;GCF_053209605.1;GCF_905400185.1;MF6	TetR/AcrR family transcriptional regulator
pC3_clade_core/clade_specific	GCF_016899425.1|KEDGBJ_06873				5	5	GCF_016899425.1;GCF_053038975.1;GCF_053209605.1;GCF_905400185.1;MF6	Alpha/beta hydrolase fold
pC3_clade_core/clade_specific	GCF_016899425.1|KEDGBJ_06874				5	5	GCF_016899425.1;GCF_053038975.1;GCF_053209605.1;GCF_905400185.1;MF6	Monooxygenase
pC3_clade_core/clade_specific	GCF_016899425.1|KEDGBJ_06875				5	5	GCF_016899425.1;GCF_053038975.1;GCF_053209605.1;GCF_905400185.1;MF6	hypothetical protein
pC3_clade_core/clade_specific	GCF_016899425.1|KEDGBJ_06876				5	5	GCF_016899425.1;GCF_053038975.1;GCF_053209605.1;GCF_905400185.1;MF6	DUF4148 domain-containing protein
pC3_clade_core/clade_specific	GCF_016899425.1|KEDGBJ_06877				5	5	GCF_016899425.1;GCF_053038975.1;GCF_053209605.1;GCF_905400185.1;MF6	Amino acid ABC transporter ATP-binding protein
pC3_clade_core/clade_specific	GCF_016899425.1|KEDGBJ_06878				5	5	GCF_016899425.1;GCF_053038975.1;GCF_053209605.1;GCF_905400185.1;MF6	Amino acid ABC transporter permease
pC3_clade_core/clade_specific	GCF_016899425.1|KEDGBJ_06879				5	5	GCF_016899425.1;GCF_053038975.1;GCF_053209605.1;GCF_905400185.1;MF6	ABC transporter permease
pC3_clade_core/clade_specific	GCF_016899425.1|KEDGBJ_06880				5	5	GCF_016899425.1;GCF_053038975.1;GCF_053209605.1;GCF_905400185.1;MF6	Amino acid ABC transporter substrate-binding protein
pC3_clade_core/clade_specific	GCF_016899425.1|KEDGBJ_06881	COG1113	E	11738	5	5	GCF_016899425.1;GCF_053038975.1;GCF_053209605.1;GCF_905400185.1;MF6	L-asparagine permease
pC3_clade_core/clade_specific	GCF_016899425.1|KEDGBJ_06886				5	5	GCF_016899425.1;GCF_053038975.1;GCF_053209605.1;GCF_905400185.1;MF6	RND transporter
pC3_clade_core/clade_specific	GCF_016899425.1|KEDGBJ_06887			01953	5	5	GCF_016899425.1;GCF_053038975.1;GCF_053209605.1;GCF_905400185.1;MF6	asparagine synthase (glutamine-hydrolyzing)
pC3_clade_accessory	GCF_016899425.1|KEDGBJ_06888				2	2	GCF_016899425.1;MF6	hypothetical protein
pC3_clade_core/clade_specific	GCF_016899425.1|KEDGBJ_06889			07644	5	5	GCF_016899425.1;GCF_053038975.1;GCF_053209605.1;GCF_905400185.1;MF6	Sensor protein
pC3_clade_core/clade_specific	GCF_016899425.1|KEDGBJ_06890	COG0745	TK	07665	5	5	GCF_016899425.1;GCF_053038975.1;GCF_053209605.1;GCF_905400185.1;MF6	Response regulator
pC3_clade_core/clade_specific	GCF_016899425.1|KEDGBJ_06891				5	5	GCF_016899425.1;GCF_053038975.1;GCF_053209605.1;GCF_905400185.1;MF6	hypothetical protein
pC3_clade_core/clade_specific	GCF_016899425.1|KEDGBJ_06892				5	5	GCF_016899425.1;GCF_053038975.1;GCF_053209605.1;GCF_905400185.1;MF6	Major facilitator superfamily (MFS) profile domain-containing protein
pC3_clade_core/clade_specific	GCF_016899425.1|KEDGBJ_06893				5	5	GCF_016899425.1;GCF_053038975.1;GCF_053209605.1;GCF_905400185.1;MF6	M20 peptidase family dipeptidase
pC3_clade_core/clade_specific	GCF_016899425.1|KEDGBJ_06894				5	5	GCF_016899425.1;GCF_053038975.1;GCF_053209605.1;GCF_905400185.1;MF6	LysR family transcriptional regulator
pC3_clade_accessory	GCF_016899425.1|KEDGBJ_06895				3	3	GCF_016899425.1;GCF_905400185.1;MF6	hypothetical protein
pC3_clade_core/clade_specific	GCF_016899425.1|KEDGBJ_06897			01505	5	5	GCF_016899425.1;GCF_053038975.1;GCF_053209605.1;GCF_905400185.1;MF6	1-aminocyclopropane-1-carboxylate deaminase
pC3_clade_core/clade_specific	GCF_016899425.1|KEDGBJ_06898				5	5	GCF_016899425.1;GCF_053038975.1;GCF_053209605.1;GCF_905400185.1;MF6	AsnC family transcriptional regulator
pC3_clade_core/clade_specific	GCF_016899425.1|KEDGBJ_06899				5	5	GCF_016899425.1;GCF_053038975.1;GCF_053209605.1;GCF_905400185.1;MF6	Rieske (2Fe-2S) domain protein
pC3_clade_core/clade_specific	GCF_016899425.1|KEDGBJ_06900	COG0644	C	14257	5	5	GCF_016899425.1;GCF_053038975.1;GCF_053209605.1;GCF_905400185.1;MF6	Monodechloroaminopyrrolnitrin halogenase PrnC
pC3_clade_core/clade_specific	GCF_016899425.1|KEDGBJ_06901			19981	5	5	GCF_016899425.1;GCF_053038975.1;GCF_053209605.1;GCF_905400185.1;MF6	Monodechloroaminopyrrolnitrin synthase PrnB
pC3_clade_core/clade_specific	GCF_016899425.1|KEDGBJ_06902	COG0665	E	14266	5	5	GCF_016899425.1;GCF_053038975.1;GCF_053209605.1;GCF_905400185.1;MF6	Tryptophan halogenase
pC3_clade_core/clade_specific	GCF_016899425.1|KEDGBJ_06903				5	5	GCF_016899425.1;GCF_053038975.1;GCF_053209605.1;GCF_905400185.1;MF6	Putative transmembrane protein
pC3_clade_accessory	GCF_016899425.1|KEDGBJ_06904				3	3	GCF_016899425.1;GCF_905400185.1;MF6	hypothetical protein
pC3_clade_accessory	GCF_016899425.1|KEDGBJ_06905				3	3	GCF_016899425.1;GCF_905400185.1;MF6	hypothetical protein
pC3_clade_accessory	GCF_016899425.1|KEDGBJ_06906				3	3	GCF_016899425.1;GCF_905400185.1;MF6	hypothetical protein
pC3_clade_core/clade_specific	GCF_016899425.1|KEDGBJ_06907	COG0524	G	00852	5	5	GCF_016899425.1;GCF_053038975.1;GCF_053209605.1;GCF_905400185.1;MF6	ribokinase
pC3_clade_core/clade_specific	GCF_016899425.1|KEDGBJ_06908			02429	5	5	GCF_016899425.1;GCF_053038975.1;GCF_053209605.1;GCF_905400185.1;MF6	L-fucose:H+ symporter permease
pC3_clade_core/clade_specific	GCF_016899425.1|KEDGBJ_06909				5	5	GCF_016899425.1;GCF_053038975.1;GCF_053209605.1;GCF_905400185.1;MF6	Deoxyribose mutarotase
pC3_clade_core/clade_specific	GCF_016899425.1|KEDGBJ_06910	COG1349	KG	11534	5	5	GCF_016899425.1;GCF_053038975.1;GCF_053209605.1;GCF_905400185.1;MF6	DNA-binding transcriptional repressor DeoR
pC3_clade_core/clade_specific	GCF_016899425.1|KEDGBJ_06911	COG0274	F		5	5	GCF_016899425.1;GCF_053038975.1;GCF_053209605.1;GCF_905400185.1;MF6	deoxyribose-phosphate aldolase
pC3_clade_core/clade_specific	GCF_016899425.1|KEDGBJ_06912				5	5	GCF_016899425.1;GCF_053038975.1;GCF_053209605.1;GCF_905400185.1;MF6	HvnC halovibrin
pC3_clade_core/clade_specific	GCF_016899425.1|KEDGBJ_06913				5	5	GCF_016899425.1;GCF_053038975.1;GCF_053209605.1;GCF_905400185.1;MF6	hypothetical protein
pC3_clade_core/clade_specific	GCF_016899425.1|KEDGBJ_06914				5	5	GCF_016899425.1;GCF_053038975.1;GCF_053209605.1;GCF_905400185.1;MF6	hypothetical protein
pC3_clade_core/clade_specific	GCF_016899425.1|KEDGBJ_06915				5	5	GCF_016899425.1;GCF_053038975.1;GCF_053209605.1;GCF_905400185.1;MF6	hypothetical protein
pC3_clade_accessory	GCF_016899425.1|KEDGBJ_06916			07687	10	5	GCF_016899425.1;GCF_053038975.1;GCF_053209605.1;GCF_905400185.1;MF6	Two component transcriptional regulator, LuxR family
pC3_clade_core/clade_specific	GCF_016899425.1|KEDGBJ_06917				5	5	GCF_016899425.1;GCF_053038975.1;GCF_053209605.1;GCF_905400185.1;MF6	histidine kinase
pC3_clade_core/clade_specific	GCF_016899425.1|KEDGBJ_06919			07687	5	5	GCF_016899425.1;GCF_053038975.1;GCF_053209605.1;GCF_905400185.1;MF6	Two component transcriptional regulator, LuxR family
pC3_clade_core/clade_specific	GCF_016899425.1|KEDGBJ_06920				5	5	GCF_016899425.1;GCF_053038975.1;GCF_053209605.1;GCF_905400185.1;MF6	Serine protease
pC3_clade_core/clade_specific	GCF_016899425.1|KEDGBJ_06921				5	5	GCF_016899425.1;GCF_053038975.1;GCF_053209605.1;GCF_905400185.1;MF6	Transposase, Mutator family
pC3_clade_core/clade_specific	GCF_016899425.1|KEDGBJ_06922				5	5	GCF_016899425.1;GCF_053038975.1;GCF_053209605.1;GCF_905400185.1;MF6	4-oxalocrotonate tautomerase-like domain-containing protein
pC3_clade_core/clade_specific	GCF_016899425.1|KEDGBJ_06924				5	5	GCF_016899425.1;GCF_053038975.1;GCF_053209605.1;GCF_905400185.1;MF6	hypothetical protein
pC3_clade_core/clade_specific	GCF_016899425.1|KEDGBJ_06925				5	5	GCF_016899425.1;GCF_053038975.1;GCF_053209605.1;GCF_905400185.1;MF6	histidine kinase
pC3_clade_core/clade_specific	GCF_016899425.1|KEDGBJ_06926				5	5	GCF_016899425.1;GCF_053038975.1;GCF_053209605.1;GCF_905400185.1;MF6	sulfite exporter TauE/SafE family protein
pC3_clade_core/clade_specific	GCF_016899425.1|KEDGBJ_06927				5	5	GCF_016899425.1;GCF_053038975.1;GCF_053209605.1;GCF_905400185.1;MF6	DUF2726 domain-containing protein
pC3_clade_core/clade_specific	GCF_016899425.1|KEDGBJ_06931			07687	5	5	GCF_016899425.1;GCF_053038975.1;GCF_053209605.1;GCF_905400185.1;MF6	Two component transcriptional regulator, LuxR family
pC3_clade_accessory	GCF_016899425.1|KEDGBJ_06932				3	3	GCF_016899425.1;GCF_905400185.1;MF6	hypothetical protein
pC3_clade_accessory	GCF_016899425.1|KEDGBJ_06933				3	3	GCF_016899425.1;GCF_905400185.1;MF6	CS1 type fimbrial major subunit
pC3_clade_core/clade_specific	GCF_016899425.1|KEDGBJ_06934				5	5	GCF_016899425.1;GCF_053038975.1;GCF_053209605.1;GCF_905400185.1;MF6	Pilus assembly protein
pC3_clade_core/clade_specific	GCF_016899425.1|KEDGBJ_06935				5	5	GCF_016899425.1;GCF_053038975.1;GCF_053209605.1;GCF_905400185.1;MF6	Secreted protein
pC3_clade_core/clade_specific	GCF_016899425.1|KEDGBJ_06936				5	5	GCF_016899425.1;GCF_053038975.1;GCF_053209605.1;GCF_905400185.1;MF6	Pilus assembly protein PapC
pC3_clade_accessory	GCF_016899425.1|KEDGBJ_06937				3	3	GCF_016899425.1;GCF_905400185.1;MF6	Fimbrial assembly protein
pC3_clade_accessory	GCF_016899425.1|KEDGBJ_06938				9	3	GCF_016899425.1;GCF_905400185.1;MF6	Fimbrial assembly protein
pC3_clade_accessory	GCF_016899425.1|KEDGBJ_06939				3	3	GCF_016899425.1;GCF_905400185.1;MF6	Fimbrial assembly protein
pC3_clade_accessory	GCF_016899425.1|KEDGBJ_06941				3	3	GCF_016899425.1;GCF_905400185.1;MF6	Fimbrial assembly protein
pC3_clade_core/clade_specific	GCF_016899425.1|KEDGBJ_06943				5	5	GCF_016899425.1;GCF_053038975.1;GCF_053209605.1;GCF_905400185.1;MF6	Flagellar hook-associated protein
pC3_clade_core/clade_specific	GCF_016899425.1|KEDGBJ_06945				5	5	GCF_016899425.1;GCF_053038975.1;GCF_053209605.1;GCF_905400185.1;MF6	flagellar hook-associated protein FlgK
pC3_clade_core/clade_specific	GCF_016899425.1|KEDGBJ_06946				5	5	GCF_016899425.1;GCF_053038975.1;GCF_053209605.1;GCF_905400185.1;MF6	Flagellar protein FlgJ N-terminal domain-containing protein
pC3_clade_core/clade_specific	GCF_016899425.1|KEDGBJ_06947			02394	5	5	GCF_016899425.1;GCF_053038975.1;GCF_053209605.1;GCF_905400185.1;MF6	Flagellar P-ring protein
pC3_clade_core/clade_specific	GCF_016899425.1|KEDGBJ_06948				5	5	GCF_016899425.1;GCF_053038975.1;GCF_053209605.1;GCF_905400185.1;MF6	flagellar basal body L-ring protein FlgH
pC3_clade_core/clade_specific	GCF_016899425.1|KEDGBJ_06949			02392	5	5	GCF_016899425.1;GCF_053038975.1;GCF_053209605.1;GCF_905400185.1;MF6	flagellar basal-body rod protein FlgG
pC3_clade_core/clade_specific	GCF_016899425.1|KEDGBJ_06950				5	5	GCF_016899425.1;GCF_053038975.1;GCF_053209605.1;GCF_905400185.1;MF6	Flagellar basal-body rod protein FlgF
pC3_clade_core/clade_specific	GCF_016899425.1|KEDGBJ_06951				5	5	GCF_016899425.1;GCF_053038975.1;GCF_053209605.1;GCF_905400185.1;MF6	Flagellar hook protein FlgE
pC3_clade_core/clade_specific	GCF_016899425.1|KEDGBJ_06952				5	5	GCF_016899425.1;GCF_053038975.1;GCF_053209605.1;GCF_905400185.1;MF6	Basal-body rod modification protein FlgD
pC3_clade_core/clade_specific	GCF_016899425.1|KEDGBJ_06953				5	5	GCF_016899425.1;GCF_053038975.1;GCF_053209605.1;GCF_905400185.1;MF6	flagellar basal body rod protein FlgC
pC3_clade_core/clade_specific	GCF_016899425.1|KEDGBJ_06954				5	5	GCF_016899425.1;GCF_053038975.1;GCF_053209605.1;GCF_905400185.1;MF6	flagellar basal body rod protein FlgB
pC3_clade_core/clade_specific	GCF_016899425.1|KEDGBJ_06955			02386	5	5	GCF_016899425.1;GCF_053038975.1;GCF_053209605.1;GCF_905400185.1;MF6	Flagella basal body P-ring formation protein FlgA
pC3_clade_core/clade_specific	GCF_016899425.1|KEDGBJ_06956				5	5	GCF_016899425.1;GCF_053038975.1;GCF_053209605.1;GCF_905400185.1;MF6	Flagellar assembly peptidoglycan hydrolase FlgJ
pC3_clade_core/clade_specific	GCF_016899425.1|KEDGBJ_06957			02399	5	5	GCF_016899425.1;GCF_053038975.1;GCF_053209605.1;GCF_905400185.1;MF6	Flagellar protein FlgN
pC3_clade_core/clade_specific	GCF_016899425.1|KEDGBJ_06958				5	5	GCF_016899425.1;GCF_053038975.1;GCF_053209605.1;GCF_905400185.1;MF6	Flagellar biosynthesis anti-sigma factor FlgM
pC3_clade_core/clade_specific	GCF_016899425.1|KEDGBJ_06959				5	5	GCF_016899425.1;GCF_053038975.1;GCF_053209605.1;GCF_905400185.1;MF6	Histidine kinase
pC3_clade_core/clade_specific	GCF_016899425.1|KEDGBJ_06960				5	5	GCF_016899425.1;GCF_053038975.1;GCF_053209605.1;GCF_905400185.1;MF6	flagellar motor stator protein MotA
pC3_clade_core/clade_specific	GCF_016899425.1|KEDGBJ_06961			02405	5	5	GCF_016899425.1;GCF_053038975.1;GCF_053209605.1;GCF_905400185.1;MF6	DNA-directed RNA polymerase sigma-70 factor
pC3_clade_core/clade_specific	GCF_016899425.1|KEDGBJ_06962			02414	5	5	GCF_016899425.1;GCF_053038975.1;GCF_053209605.1;GCF_905400185.1;MF6	Flagellar hook-length control protein-like C-terminal domain-containing protein
pC3_clade_core/clade_specific	GCF_016899425.1|KEDGBJ_06963				5	5	GCF_016899425.1;GCF_053038975.1;GCF_053209605.1;GCF_905400185.1;MF6	Flagellar protein FliT
pC3_clade_core/clade_specific	GCF_016899425.1|KEDGBJ_06964			02422	5	5	GCF_016899425.1;GCF_053038975.1;GCF_053209605.1;GCF_905400185.1;MF6	flagellar export chaperone FliS
pC3_clade_core/clade_specific	GCF_016899425.1|KEDGBJ_06965			02407	5	5	GCF_016899425.1;GCF_053038975.1;GCF_053209605.1;GCF_905400185.1;MF6	Flagellar hook-associated protein 2
pC3_clade_core/clade_specific	GCF_016899425.1|KEDGBJ_06966				5	5	GCF_016899425.1;GCF_053038975.1;GCF_053209605.1;GCF_905400185.1;MF6	Flagellar FliJ protein
pC3_clade_core/clade_specific	GCF_016899425.1|KEDGBJ_06967				5	5	GCF_016899425.1;GCF_053038975.1;GCF_053209605.1;GCF_905400185.1;MF6	Flagellum-specific ATP synthase
pC3_clade_core/clade_specific	GCF_016899425.1|KEDGBJ_06968			02411	5	5	GCF_016899425.1;GCF_053038975.1;GCF_053209605.1;GCF_905400185.1;MF6	Flagellar assembly protein FliH
pC3_clade_core/clade_specific	GCF_016899425.1|KEDGBJ_06969				5	5	GCF_016899425.1;GCF_053038975.1;GCF_053209605.1;GCF_905400185.1;MF6	Flagellar motor switch protein FliG
pC3_clade_core/clade_specific	GCF_016899425.1|KEDGBJ_06970			02409	5	5	GCF_016899425.1;GCF_053038975.1;GCF_053209605.1;GCF_905400185.1;MF6	flagellar basal-body MS-ring/collar protein FliF
pC3_clade_core/clade_specific	GCF_016899425.1|KEDGBJ_06971			02408	5	5	GCF_016899425.1;GCF_053038975.1;GCF_053209605.1;GCF_905400185.1;MF6	flagellar hook-basal body complex protein FliE
pC3_clade_core/clade_specific	GCF_016899425.1|KEDGBJ_06972				5	5	GCF_016899425.1;GCF_053038975.1;GCF_053209605.1;GCF_905400185.1;MF6	histidine kinase
pC3_clade_accessory	GCF_053038975.1|AHCKDM_05822			15790	2	2	GCF_053038975.1;GCF_053209605.1	nitrogen fixation protein NifQ
pC3_clade_core/clade_specific	GCF_053038975.1|AHCKDM_05844				5	5	GCF_016899425.1;GCF_053038975.1;GCF_053209605.1;GCF_905400185.1;MF6	Lysine exporter protein (LYSE/YGGA)
pC3_clade_core/genus_derived	GCF_053038975.1|AHCKDM_05847	COG0277	C		5	5	GCF_016899425.1;GCF_053038975.1;GCF_053209605.1;GCF_905400185.1;MF6	FAD-binding oxidoreductase
pC3_clade_accessory	GCF_053038975.1|AHCKDM_05854				2	2	GCF_053038975.1;GCF_053209605.1	glutathione binding-like protein
pC3_clade_core/clade_specific	GCF_053038975.1|AHCKDM_05859	COG0657	I		5	5	GCF_016899425.1;GCF_053038975.1;GCF_053209605.1;GCF_905400185.1;MF6	Esterase / lipase
pC3_clade_core/clade_specific	GCF_053038975.1|AHCKDM_05868	COG1609	K		5	5	GCF_016899425.1;GCF_053038975.1;GCF_053209605.1;GCF_905400185.1;MF6	Transcriptional regulator, LacI family
pC3_clade_accessory	GCF_053038975.1|AHCKDM_05872				2	2	GCF_053038975.1;GCF_053209605.1	hypothetical protein
pC3_clade_core/clade_specific	GCF_053038975.1|AHCKDM_05883	COG1846	K		5	5	GCF_016899425.1;GCF_053038975.1;GCF_053209605.1;GCF_905400185.1;MF6	MarR family transcriptional regulator
pC3_clade_accessory	GCF_053038975.1|AHCKDM_05885				2	2	GCF_053038975.1;GCF_053209605.1	hypothetical protein
pC3_clade_accessory	GCF_053038975.1|AHCKDM_05902	COG0583	K		2	2	GCF_053038975.1;GCF_053209605.1	LysR family transcriptional regulator
pC3_clade_accessory	GCF_053038975.1|AHCKDM_05903				2	2	GCF_053038975.1;GCF_053209605.1	RND transporter
pC3_clade_accessory	GCF_053038975.1|AHCKDM_05904	COG0841	V		2	2	GCF_053038975.1;GCF_053209605.1	Efflux pump membrane transporter
pC3_clade_accessory	GCF_053038975.1|AHCKDM_05905	COG0845	MV		2	2	GCF_053038975.1;GCF_053209605.1	Secretion protein HlyD
pC3_clade_accessory	GCF_053038975.1|AHCKDM_05908				2	2	GCF_053038975.1;GCF_053209605.1	SRPBCC family protein
pC3_clade_core/clade_specific	GCF_053038975.1|AHCKDM_05909	COG0583	K		5	5	GCF_016899425.1;GCF_053038975.1;GCF_053209605.1;GCF_905400185.1;MF6	LysR family transcriptional regulator
pC3_clade_core/clade_specific	GCF_053038975.1|AHCKDM_05914				5	5	GCF_016899425.1;GCF_053038975.1;GCF_053209605.1;GCF_905400185.1;MF6	LysR family regulatory protein
pC3_clade_accessory	GCF_053038975.1|AHCKDM_05915				2	2	GCF_053038975.1;GCF_053209605.1	Aldo/keto reductase
pC3_clade_accessory	GCF_053038975.1|AHCKDM_05931				2	2	GCF_053038975.1;GCF_053209605.1	Transcriptional regulator, AraC family
pC3_clade_core/clade_specific	GCF_053038975.1|AHCKDM_05932				5	5	GCF_016899425.1;GCF_053038975.1;GCF_053209605.1;GCF_905400185.1;MF6	NAD-dependent epimerase/dehydratase family protein
pC3_clade_accessory	GCF_053038975.1|AHCKDM_05939				2	2	GCF_053038975.1;GCF_053209605.1	hypothetical protein
pC3_clade_core/clade_specific	GCF_053038975.1|AHCKDM_05946				5	5	GCF_016899425.1;GCF_053038975.1;GCF_053209605.1;GCF_905400185.1;MF6	citrate synthase (unknown stereospecificity)
pC3_clade_core/clade_specific	GCF_053038975.1|AHCKDM_05950	COG0019	E		5	5	GCF_016899425.1;GCF_053038975.1;GCF_053209605.1;GCF_905400185.1;MF6	Pyridoxal-dependent decarboxylase
pC3_clade_core/clade_specific	GCF_053038975.1|AHCKDM_05961	COG0318	I		5	5	GCF_016899425.1;GCF_053038975.1;GCF_053209605.1;GCF_905400185.1;MF6	2-succinylbenzoate--CoA ligase
pC3_clade_accessory	GCF_053038975.1|AHCKDM_05975				2	2	GCF_053038975.1;GCF_053209605.1	YadA-like family protein
pC3_clade_accessory	GCF_053038975.1|AHCKDM_05978			09954	4	4	GCF_053038975.1;GCF_053209605.1;GCF_905400185.1;MF6	Cytoplasmic protein
pC3_clade_accessory	GCF_053038975.1|AHCKDM_05979	COG0583	K		2	2	GCF_053038975.1;GCF_053209605.1	Quorum-sensing regulator protein D,cell density-dependent motility repressor,pca operon transcription factor PcaQ,LysR substrate binding domain
pC3_clade_accessory	GCF_053038975.1|AHCKDM_05980				2	2	GCF_053038975.1;GCF_053209605.1	Dicarboxylate/amino acid:cation symporter
pC3_clade_accessory	GCF_053038975.1|AHCKDM_05981				2	2	GCF_053038975.1;GCF_053209605.1	amino acid racemase
pC3_clade_accessory	GCF_053038975.1|AHCKDM_05983				2	2	GCF_053038975.1;GCF_053209605.1	carboxymuconolactone decarboxylase family protein
pC3_clade_accessory	GCF_053038975.1|AHCKDM_05986				2	2	GCF_053038975.1;GCF_053209605.1	Acyltransferase domain-containing protein
pC3_clade_accessory	GCF_053038975.1|AHCKDM_05987				2	2	GCF_053038975.1;GCF_053209605.1	Phosphopantetheine-binding protein
pC3_clade_accessory	GCF_053038975.1|AHCKDM_05989				2	2	GCF_053038975.1;GCF_053209605.1	EAL domain-containing protein
pC3_clade_accessory	GCF_053038975.1|AHCKDM_05990				2	2	GCF_053038975.1;GCF_053209605.1	histidine kinase
pC3_clade_core/clade_specific	GCF_053038975.1|AHCKDM_05991				5	5	GCF_016899425.1;GCF_053038975.1;GCF_053209605.1;GCF_905400185.1;MF6	NYN domain-containing protein
pC3_clade_core/clade_specific	GCF_053038975.1|AHCKDM_05995			03701	5	5	GCF_016899425.1;GCF_053038975.1;GCF_053209605.1;GCF_905400185.1;MF6	excinuclease ABC subunit UvrA
pC3_clade_accessory	GCF_053038975.1|AHCKDM_05999				2	2	GCF_053038975.1;GCF_053209605.1	hypothetical protein
pC3_clade_accessory	GCF_053038975.1|AHCKDM_06007				2	2	GCF_053038975.1;GCF_053209605.1	AraC family transcriptional regulator
pC3_clade_core/clade_specific	GCF_053038975.1|AHCKDM_06012				5	5	GCF_016899425.1;GCF_053038975.1;GCF_053209605.1;GCF_905400185.1;MF6	hypothetical protein
pC3_clade_accessory	GCF_053038975.1|AHCKDM_06016				3	3	GCF_053038975.1;GCF_053209605.1;GCF_905400185.1	(pseudo) GCN5-related N-acetyltransferase
pC3_clade_accessory	GCF_053038975.1|AHCKDM_06021				2	2	GCF_053038975.1;GCF_053209605.1	hypothetical protein
pC3_clade_accessory	GCF_053038975.1|AHCKDM_06022				2	2	GCF_053038975.1;GCF_053209605.1	hypothetical protein
pC3_clade_core/clade_specific	GCF_053038975.1|AHCKDM_06027				5	5	GCF_016899425.1;GCF_053038975.1;GCF_053209605.1;GCF_905400185.1;MF6	urea carboxylase
pC3_clade_accessory	GCF_053038975.1|AHCKDM_06032				2	2	GCF_053038975.1;GCF_053209605.1	NADP oxidoreductase coenzyme F420-dependent
pC3_clade_accessory	GCF_053038975.1|AHCKDM_06033				2	2	GCF_053038975.1;GCF_053209605.1	3-oxoacyl-[acyl-carrier-protein] reductase FabG
pC3_clade_accessory	GCF_053038975.1|AHCKDM_06034				2	2	GCF_053038975.1;GCF_053209605.1	Short-chain alcohol dehydrogenase like protein
pC3_clade_accessory	GCF_053038975.1|AHCKDM_06035				2	2	GCF_053038975.1;GCF_053209605.1	LysR family transcriptional regulator
pC3_clade_accessory	GCF_053038975.1|AHCKDM_06038				2	2	GCF_053038975.1;GCF_053209605.1	SDR family oxidoreductase
pC3_clade_accessory	GCF_053038975.1|AHCKDM_06039	COG4977	K		2	2	GCF_053038975.1;GCF_053209605.1	Transcriptional regulator, AraC family
pC3_clade_accessory	GCF_053038975.1|AHCKDM_06042				2	2	GCF_053038975.1;GCF_053209605.1	Membrane-associated protein in eicosanoid and glutathione metabolism (MAPEG)
pC3_clade_accessory	GCF_053038975.1|AHCKDM_06043				2	2	GCF_053038975.1;GCF_053209605.1	Cysteine synthase
pC3_clade_accessory	GCF_053038975.1|AHCKDM_06044				2	2	GCF_053038975.1;GCF_053209605.1	Aldehyde dehydrogenase (NAD+)
pC3_clade_accessory	GCF_053038975.1|AHCKDM_06045			07246	2	2	GCF_053038975.1;GCF_053209605.1	tartrate dehydrogenase
pC3_clade_accessory	GCF_053038975.1|AHCKDM_06046				2	2	GCF_053038975.1;GCF_053209605.1	HTH-type transcriptional regulator CysB
pC3_clade_accessory	GCF_053038975.1|AHCKDM_06047				2	2	GCF_053038975.1;GCF_053209605.1	Sugar phosphate permease
pC3_clade_accessory	GCF_053038975.1|AHCKDM_06048				2	2	GCF_053038975.1;GCF_053209605.1	2-hydroxy-3-oxopropionate reductase
pC3_clade_accessory	GCF_053038975.1|AHCKDM_06049				2	2	GCF_053038975.1;GCF_053209605.1	TIR domain-containing protein
pC3_clade_accessory	GCF_053038975.1|AHCKDM_06050				2	2	GCF_053038975.1;GCF_053209605.1	DUF262 domain-containing protein
pC3_clade_accessory	GCF_053038975.1|AHCKDM_06051				2	2	GCF_053038975.1;GCF_053209605.1	Restriction endonuclease
pC3_clade_accessory	GCF_053038975.1|AHCKDM_06052				2	2	GCF_053038975.1;GCF_053209605.1	TFIIB-type zinc ribbon-containing protein
pC3_clade_core/clade_specific	GCF_053038975.1|AHCKDM_06059	COG0583	K		5	5	GCF_016899425.1;GCF_053038975.1;GCF_053209605.1;GCF_905400185.1;MF6	Transcriptional regulator, LysR family
pC3_clade_accessory	GCF_053038975.1|AHCKDM_06077				2	2	GCF_053038975.1;GCF_053209605.1	hypothetical protein
pC3_clade_core/clade_specific	GCF_053038975.1|AHCKDM_06080				5	5	GCF_016899425.1;GCF_053038975.1;GCF_053209605.1;GCF_905400185.1;MF6	Flp family type IVb pilin
pC3_clade_core/clade_specific	GCF_053038975.1|AHCKDM_06109				5	5	GCF_016899425.1;GCF_053038975.1;GCF_053209605.1;GCF_905400185.1;MF6	DUF72 domain-containing protein
pC3_clade_accessory	GCF_053038975.1|AHCKDM_06119				2	2	GCF_053038975.1;GCF_053209605.1	Aliphatic sulfonates import ATP-binding protein SsuB 2
pC3_clade_accessory	GCF_053038975.1|AHCKDM_06120				2	2	GCF_053038975.1;GCF_053209605.1	ABC transporter permease
pC3_clade_accessory	GCF_053038975.1|AHCKDM_06121	COG0715	P		2	2	GCF_053038975.1;GCF_053209605.1	Putative aliphatic sulfonates-binding protein
pC3_clade_accessory	GCF_053038975.1|AHCKDM_06126				2	2	GCF_053038975.1;GCF_053209605.1	Binding-protein-dependent transport system component
pC3_clade_accessory	GCF_053038975.1|AHCKDM_06127				2	2	GCF_053038975.1;GCF_053209605.1	ABC nitrate/nitrite/cyanate family transporter, periplasmic ligand binding protein
pC3_clade_accessory	GCF_053038975.1|AHCKDM_06128				2	2	GCF_053038975.1;GCF_053209605.1	ABC transporter ATP-binding protein
pC3_clade_accessory	GCF_053038975.1|AHCKDM_06129				2	2	GCF_053038975.1;GCF_053209605.1	Acyl-CoA dehydrogenase/oxidase N-terminal domain-containing protein
pC3_clade_accessory	GCF_053038975.1|AHCKDM_06130				2	2	GCF_053038975.1;GCF_053209605.1	Alkylhydroperoxidase
pC3_clade_accessory	GCF_053038975.1|AHCKDM_06131			18991	2	2	GCF_053038975.1;GCF_053209605.1	Transcriptional regulator, AraC family
pC3_clade_accessory	GCF_053038975.1|AHCKDM_06135				2	2	GCF_053038975.1;GCF_053209605.1	Heat-shock protein Hsp20
pC3_clade_accessory	GCF_053038975.1|AHCKDM_06136				2	2	GCF_053038975.1;GCF_053209605.1	nitroreductase family protein
pC3_clade_core/clade_specific	GCF_053038975.1|AHCKDM_06140				5	5	GCF_016899425.1;GCF_053038975.1;GCF_053209605.1;GCF_905400185.1;MF6	Cytochrome C
pC3_clade_accessory	GCF_053038975.1|AHCKDM_06145				2	2	GCF_053038975.1;GCF_053209605.1	universal stress protein
pC3_clade_accessory	GCF_053038975.1|AHCKDM_06159				2	2	GCF_053038975.1;GCF_053209605.1	DUF2964 domain-containing protein
pC3_clade_accessory	GCF_053038975.1|AHCKDM_06160				2	2	GCF_053038975.1;GCF_053209605.1	BON domain-containing protein
pC3_clade_accessory	GCF_053038975.1|AHCKDM_06161				2	2	GCF_053038975.1;GCF_053209605.1	adenosylcobalamin-dependent ribonucleoside-diphosphate reductase
pC3_clade_accessory	GCF_053038975.1|AHCKDM_06162			16370	2	2	GCF_053038975.1;GCF_053209605.1	Phosphofructokinase
pC3_clade_accessory	GCF_053038975.1|AHCKDM_06163				2	2	GCF_053038975.1;GCF_053209605.1	CBS domain-containing protein
pC3_clade_accessory	GCF_053038975.1|AHCKDM_06164				2	2	GCF_053038975.1;GCF_053209605.1	Binding-protein-dependent transport system inner membrane protein
pC3_clade_accessory	GCF_053038975.1|AHCKDM_06165				2	2	GCF_053038975.1;GCF_053209605.1	ABC transporter
pC3_clade_accessory	GCF_053038975.1|AHCKDM_06166			07028	2	2	GCF_053038975.1;GCF_053209605.1	Kinase
pC3_clade_accessory	GCF_053038975.1|AHCKDM_06167				2	2	GCF_053038975.1;GCF_053209605.1	Polysaccharide deacetylase
pC3_clade_accessory	GCF_053038975.1|AHCKDM_06168				2	2	GCF_053038975.1;GCF_053209605.1	GTP-binding protein
pC3_clade_accessory	GCF_053038975.1|AHCKDM_06169				2	2	GCF_053038975.1;GCF_053209605.1	lecithin retinol acyltransferase family protein
pC3_clade_accessory	GCF_053038975.1|AHCKDM_06170				2	2	GCF_053038975.1;GCF_053209605.1	Carboxypeptidase regulatory-like domain-containing protein
pC3_clade_accessory	GCF_053038975.1|AHCKDM_06171				2	2	GCF_053038975.1;GCF_053209605.1	Cytochrome c domain-containing protein
pC3_clade_accessory	GCF_053038975.1|AHCKDM_06172				2	2	GCF_053038975.1;GCF_053209605.1	Multihaem cytochrome
pC3_clade_accessory	GCF_053038975.1|AHCKDM_06173				2	2	GCF_053038975.1;GCF_053209605.1	cytochrome b/b6 domain-containing protein
pC3_clade_accessory	GCF_053038975.1|AHCKDM_06174				2	2	GCF_053038975.1;GCF_053209605.1	OmpR family two-component system response regulator
pC3_clade_accessory	GCF_053038975.1|AHCKDM_06175				2	2	GCF_053038975.1;GCF_053209605.1	histidine kinase
pC3_clade_accessory	GCF_053038975.1|AHCKDM_06176				2	2	GCF_053038975.1;GCF_053209605.1	DedA family protein
pC3_clade_accessory	GCF_053038975.1|AHCKDM_06177				2	2	GCF_053038975.1;GCF_053209605.1	Heavy metal translocating P-type ATPase
pC3_clade_core/clade_specific	GCF_053038975.1|AHCKDM_06184	COG4214	G	10544	5	5	GCF_016899425.1;GCF_053038975.1;GCF_053209605.1;GCF_905400185.1;MF6	Xylose transport system permease protein XylH
pC3_clade_core/clade_specific	GCF_053038975.1|AHCKDM_06185				5	5	GCF_016899425.1;GCF_053038975.1;GCF_053209605.1;GCF_905400185.1;MF6	hypothetical protein
pC3_clade_core/clade_specific	GCF_053038975.1|AHCKDM_06186				5	5	GCF_016899425.1;GCF_053038975.1;GCF_053209605.1;GCF_905400185.1;MF6	LamG-like jellyroll fold domain-containing protein
pC3_clade_core/clade_specific	GCF_053038975.1|AHCKDM_06188				5	5	GCF_016899425.1;GCF_053038975.1;GCF_053209605.1;GCF_905400185.1;MF6	sigma-54 dependent transcriptional regulator
pC3_clade_core/clade_specific	GCF_053038975.1|AHCKDM_06197				5	5	GCF_016899425.1;GCF_053038975.1;GCF_053209605.1;GCF_905400185.1;MF6	Glyoxalase
pC3_clade_core/clade_specific	GCF_053038975.1|AHCKDM_06220			00041	5	5	GCF_016899425.1;GCF_053038975.1;GCF_053209605.1;GCF_905400185.1;MF6	Altronate oxidoreductase
pC3_clade_core/clade_specific	GCF_053038975.1|AHCKDM_06222				5	5	GCF_016899425.1;GCF_053038975.1;GCF_053209605.1;GCF_905400185.1;MF6	hypothetical protein
pC3_clade_accessory	GCF_053038975.1|AHCKDM_06232	COG1309	K		2	2	GCF_053038975.1;GCF_053209605.1	TetR family transcriptional regulator
pC3_clade_accessory	GCF_053038975.1|AHCKDM_06233	COG0604	CR		2	2	GCF_053038975.1;GCF_053209605.1	Quinone oxidoreductase
pC3_clade_accessory	GCF_053038975.1|AHCKDM_06234				2	2	GCF_053038975.1;GCF_053209605.1	hypothetical protein
pC3_clade_accessory	GCF_053038975.1|AHCKDM_06235				2	2	GCF_053038975.1;GCF_053209605.1	hypothetical protein
pC3_clade_accessory	GCF_053038975.1|AHCKDM_06238				2	2	GCF_053038975.1;GCF_053209605.1	DUF4190 domain-containing protein
pC3_clade_accessory	GCF_053038975.1|AHCKDM_06239				2	2	GCF_053038975.1;GCF_053209605.1	EthD family reductase
pC3_clade_core/clade_specific	GCF_053038975.1|AHCKDM_06259			01451	5	5	GCF_016899425.1;GCF_053038975.1;GCF_053209605.1;GCF_905400185.1;MF6	Amidohydrolase
pC3_clade_accessory	GCF_053038975.1|AHCKDM_06260				4	4	GCF_016899425.1;GCF_053038975.1;GCF_053209605.1;GCF_905400185.1	GNAT family N-acetyltransferase
pC3_clade_core/clade_specific	GCF_053038975.1|AHCKDM_06262				5	5	GCF_016899425.1;GCF_053038975.1;GCF_053209605.1;GCF_905400185.1;MF6	Transcriptional regulator, LysR family
pC3_clade_core/clade_specific	GCF_053038975.1|AHCKDM_06265				5	5	GCF_016899425.1;GCF_053038975.1;GCF_053209605.1;GCF_905400185.1;MF6	Aconitate isomerase
pC3_clade_accessory	GCF_053038975.1|AHCKDM_06268				2	2	GCF_053038975.1;GCF_053209605.1	Citramalate synthase
pC3_clade_accessory	GCF_053038975.1|AHCKDM_06271				2	2	GCF_053038975.1;GCF_053209605.1	Multidrug transporter
pC3_clade_accessory	GCF_053038975.1|AHCKDM_06295			01118	2	2	GCF_053038975.1;GCF_053209605.1	FMN dependent NADH:quinone oxidoreductase
pC3_clade_accessory	GCF_053038975.1|AHCKDM_06296				2	2	GCF_053038975.1;GCF_053209605.1	Transcriptional regulator
pC3_clade_accessory	GCF_053038975.1|AHCKDM_06297				2	2	GCF_053038975.1;GCF_053209605.1	hypothetical protein
pC3_clade_accessory	GCF_053038975.1|AHCKDM_06298	COG0583	K		2	2	GCF_053038975.1;GCF_053209605.1	DNA-binding transcriptional LysR family regulator
pC3_clade_accessory	GCF_053038975.1|AHCKDM_06299	COG0028	EH	01576	2	2	GCF_053038975.1;GCF_053209605.1	benzoylformate decarboxylase
pC3_clade_accessory	GCF_053038975.1|AHCKDM_06300	COG1012	I		2	2	GCF_053038975.1;GCF_053209605.1	Aldehyde dehydrogenase
pC3_clade_accessory	GCF_053038975.1|AHCKDM_06301				2	2	GCF_053038975.1;GCF_053209605.1	hypothetical protein
pC3_clade_accessory	GCF_053038975.1|AHCKDM_06302	COG2271	G	08195	2	2	GCF_053038975.1;GCF_053209605.1	Major facilitator superfamily protein
pC3_clade_accessory	GCF_053038975.1|AHCKDM_06303	COG0654	HC	00481	2	2	GCF_053038975.1;GCF_053209605.1	4-hydroxybenzoate 3-monooxygenase
pC3_clade_accessory	GCF_053038975.1|AHCKDM_06304				2	2	GCF_053038975.1;GCF_053209605.1	FMN-dependent alpha-hydroxy acid dehydrogenase
pC3_clade_accessory	GCF_053038975.1|AHCKDM_06305	COG2207	K	14063	2	2	GCF_053038975.1;GCF_053209605.1	HTH araC/xylS-type domain-containing protein
pC3_clade_accessory	GCF_053038975.1|AHCKDM_06306	COG0388	V		2	2	GCF_053038975.1;GCF_053209605.1	Carbon-nitrogen hydrolase family protein
pC3_clade_accessory	GCF_053038975.1|AHCKDM_06307	COG2814	G		2	2	GCF_053038975.1;GCF_053209605.1	Major facilitator superfamily transporter
pC3_clade_accessory	GCF_053038975.1|AHCKDM_06308				2	2	GCF_053038975.1;GCF_053209605.1	indoleacetamide hydrolase
pC3_clade_accessory	GCF_053038975.1|AHCKDM_06309			11959	2	2	GCF_053038975.1;GCF_053209605.1	Leucine-binding protein domain-containing protein
pC3_clade_accessory	GCF_053038975.1|AHCKDM_06310				2	2	GCF_053038975.1;GCF_053209605.1	Branched-chain amino acid ABC transporter permease
pC3_clade_accessory	GCF_053038975.1|AHCKDM_06311				2	2	GCF_053038975.1;GCF_053209605.1	ABC transporter domain-containing protein
pC3_clade_accessory	GCF_053038975.1|AHCKDM_06312				2	2	GCF_053038975.1;GCF_053209605.1	Branched-chain ABC transporter ATPase
pC3_clade_accessory	GCF_053038975.1|AHCKDM_06313				2	2	GCF_053038975.1;GCF_053209605.1	Helix-turn-helix transcriptional regulator
pC3_clade_accessory	GCF_053038975.1|AHCKDM_06314	COG3203	M		2	2	GCF_053038975.1;GCF_053209605.1	Outer membrane protein (Porin)
pC3_clade_accessory	GCF_053038975.1|AHCKDM_06315				2	2	GCF_053038975.1;GCF_053209605.1	hypothetical protein
pC3_clade_core/clade_specific	GCF_053038975.1|AHCKDM_06317				5	5	GCF_016899425.1;GCF_053038975.1;GCF_053209605.1;GCF_905400185.1;MF6	Solute-binding protein family 3/N-terminal domain-containing protein
pC3_clade_accessory	GCF_053038975.1|AHCKDM_06328				2	2	GCF_053038975.1;GCF_053209605.1	Short-chain dehydrogenase
pC3_clade_accessory	GCF_053038975.1|AHCKDM_06329				2	2	GCF_053038975.1;GCF_053209605.1	MARCKS-like protein
pC3_clade_accessory	GCF_053038975.1|AHCKDM_06330				4	4	GCF_053038975.1;GCF_053209605.1;GCF_905400185.1;MF6	Chemotaxis protein
pC3_clade_accessory	GCF_053038975.1|AHCKDM_06347	COG2141	HR		2	2	GCF_053038975.1;GCF_053209605.1	Monooxygenase
pC3_clade_accessory	GCF_053038975.1|AHCKDM_06348				2	2	GCF_053038975.1;GCF_053209605.1	Luciferase-like protein
pC3_clade_accessory	GCF_053038975.1|AHCKDM_06349				2	2	GCF_053038975.1;GCF_053209605.1	GNAT family N-acetyltransferase
pC3_clade_accessory	GCF_053038975.1|AHCKDM_06350				2	2	GCF_053038975.1;GCF_053209605.1	ABC transporter substrate-binding protein
pC3_clade_accessory	GCF_053038975.1|AHCKDM_06351	COG0601	EP		2	2	GCF_053038975.1;GCF_053209605.1	ABC transporter permease
pC3_clade_accessory	GCF_053038975.1|AHCKDM_06352	COG1173	EP		2	2	GCF_053038975.1;GCF_053209605.1	Binding-protein-dependent transport system component
pC3_clade_accessory	GCF_053038975.1|AHCKDM_06353				2	2	GCF_053038975.1;GCF_053209605.1	nickel import ATP-binding protein NikD
pC3_clade_core/clade_specific	GCF_053038975.1|AHCKDM_06362	COG1670	JO		5	5	GCF_016899425.1;GCF_053038975.1;GCF_053209605.1;GCF_905400185.1;MF6	GCN5-related N-acetyltransferase
pC3_clade_core/clade_specific	GCF_053038975.1|AHCKDM_06364				5	5	GCF_016899425.1;GCF_053038975.1;GCF_053209605.1;GCF_905400185.1;MF6	Flagellar protein FliT
pC3_clade_core/clade_specific	GCF_053038975.1|AHCKDM_06366				5	5	GCF_016899425.1;GCF_053038975.1;GCF_053209605.1;GCF_905400185.1;MF6	Efflux transporter outer membrane subunit
pC3_clade_accessory	GCF_053038975.1|AHCKDM_06376				2	2	GCF_053038975.1;GCF_053209605.1	Glucose-methanol-choline oxidoreductase
pC3_clade_accessory	GCF_053038975.1|AHCKDM_06377				2	2	GCF_053038975.1;GCF_053209605.1	Gluconate 2-dehydrogenase subunit 3 family protein
pC3_clade_accessory	GCF_053038975.1|AHCKDM_06378				2	2	GCF_053038975.1;GCF_053209605.1	DUF998 domain-containing protein
pC3_clade_accessory	GCF_053038975.1|AHCKDM_06379				2	2	GCF_053038975.1;GCF_053209605.1	Mandelate racemase
pC3_clade_accessory	GCF_053038975.1|AHCKDM_06381				2	2	GCF_053038975.1;GCF_053209605.1	Glycosyl hydrolase
pC3_clade_accessory	GCF_053038975.1|AHCKDM_06382				2	2	GCF_053038975.1;GCF_053209605.1	Short chain dehydrogenase
pC3_clade_accessory	GCF_053038975.1|AHCKDM_06397			03464	2	2	GCF_053038975.1;GCF_053209605.1	muconolactone Delta-isomerase
pC3_clade_accessory	GCF_053038975.1|AHCKDM_06400				2	2	GCF_053038975.1;GCF_053209605.1	porin
pC3_clade_accessory	GCF_053038975.1|AHCKDM_06401				2	2	GCF_053038975.1;GCF_053209605.1	HPt domain-containing protein
pC3_clade_accessory	GCF_053038975.1|AHCKDM_06403				2	2	GCF_053038975.1;GCF_053209605.1	dihydroorotate dehydrogenase electron transfer subunit
pC3_clade_core/clade_specific	GCF_053038975.1|AHCKDM_06404				5	5	GCF_016899425.1;GCF_053038975.1;GCF_053209605.1;GCF_905400185.1;MF6	dihydroorotate dehydrogenase
pC3_clade_accessory	GCF_053038975.1|AHCKDM_06405				2	2	GCF_053038975.1;GCF_053209605.1	hydantoinase/carbamoylase family amidase
pC3_clade_accessory	GCF_053038975.1|AHCKDM_06407				2	2	GCF_053038975.1;GCF_053209605.1	hypothetical protein
pC3_clade_accessory	GCF_053038975.1|AHCKDM_06409				2	2	GCF_053038975.1;GCF_053209605.1	SLC13 family permease
pC3_clade_accessory	GCF_053038975.1|AHCKDM_06410				2	2	GCF_053038975.1;GCF_053209605.1	PDR/VanB family oxidoreductase
pC3_clade_accessory	GCF_053038975.1|AHCKDM_06414				2	2	GCF_053038975.1;GCF_053209605.1	leucyl aminopeptidase
pC3_clade_accessory	GCF_053038975.1|AHCKDM_06415				2	2	GCF_053038975.1;GCF_053209605.1	RNA polymerase subunit sigma
pC3_clade_accessory	GCF_053038975.1|AHCKDM_06416				2	2	GCF_053038975.1;GCF_053209605.1	Fis family transcriptional regulator
pC3_clade_accessory	GCF_053038975.1|AHCKDM_06417			03568	2	2	GCF_053038975.1;GCF_053209605.1	metalloprotease TldD
pC3_clade_accessory	GCF_053038975.1|AHCKDM_06418			03592	2	2	GCF_053038975.1;GCF_053209605.1	Peptidase U62 modulator of DNA gyrase
pC3_clade_accessory	GCF_053038975.1|AHCKDM_06419				2	2	GCF_053038975.1;GCF_053209605.1	thioredoxin
pC3_clade_accessory	GCF_053038975.1|AHCKDM_06420				2	2	GCF_053038975.1;GCF_053209605.1	ABC transporter domain protein
pC3_clade_accessory	GCF_053038975.1|AHCKDM_06421				2	2	GCF_053038975.1;GCF_053209605.1	Biopolymer transport protein ExbD/TolR
pC3_clade_accessory	GCF_053038975.1|AHCKDM_06422				2	2	GCF_053038975.1;GCF_053209605.1	Biopolymer transport protein ExbB
pC3_clade_accessory	GCF_053038975.1|AHCKDM_06423				2	2	GCF_053038975.1;GCF_053209605.1	Protein TonB
pC3_clade_accessory	GCF_053038975.1|AHCKDM_06424				2	2	GCF_053038975.1;GCF_053209605.1	TonB-dependent receptor
pC3_clade_accessory	GCF_053038975.1|AHCKDM_06425				2	2	GCF_053038975.1;GCF_053209605.1	ArsR family transcriptional regulator
pC3_clade_accessory	GCF_053038975.1|AHCKDM_06426			07165	2	2	GCF_053038975.1;GCF_053209605.1	DUF4880 domain-containing protein
pC3_clade_core/clade_specific	GCF_053038975.1|AHCKDM_06427			08159	5	5	GCF_016899425.1;GCF_053038975.1;GCF_053209605.1;GCF_905400185.1;MF6	sugar transporter
pC3_clade_core/clade_specific	GCF_053038975.1|AHCKDM_06432				5	5	GCF_016899425.1;GCF_053038975.1;GCF_053209605.1;GCF_905400185.1;MF6	Rieske (2Fe-2S) protein
pC3_clade_accessory	GCF_053038975.1|AHCKDM_06433				3	3	GCF_053038975.1;GCF_053209605.1;GCF_905400185.1	(pseudo) DUF6402 domain-containing protein
pC3_clade_accessory	GCF_053038975.1|AHCKDM_06434				3	3	GCF_053038975.1;GCF_053209605.1;GCF_905400185.1	Lipoprotein
pC3_clade_core/clade_specific	GCF_053038975.1|AHCKDM_06444	COG0296	G	00700	5	5	GCF_016899425.1;GCF_053038975.1;GCF_053209605.1;GCF_905400185.1;MF6	1,4-alpha-glucan branching protein GlgB
pC3_clade_core/clade_specific	GCF_053038975.1|AHCKDM_06448			06044	5	5	GCF_016899425.1;GCF_053038975.1;GCF_053209605.1;GCF_905400185.1;MF6	malto-oligosyltrehalose synthase
pC3_clade_accessory	GCF_053038975.1|AHCKDM_06449				2	2	GCF_053038975.1;GCF_053209605.1	Fic family protein
pC3_clade_core/clade_specific	GCF_053038975.1|AHCKDM_06451			01613	5	5	GCF_016899425.1;GCF_053038975.1;GCF_053209605.1;GCF_905400185.1;MF6	Phosphatidylserine decarboxylase-related protein
pC3_clade_core/clade_specific	GCF_053038975.1|AHCKDM_06455				5	5	GCF_016899425.1;GCF_053038975.1;GCF_053209605.1;GCF_905400185.1;MF6	DUF3022 domain-containing protein
pC3_clade_core/clade_specific	GCF_053038975.1|AHCKDM_06467				5	5	GCF_016899425.1;GCF_053038975.1;GCF_053209605.1;GCF_905400185.1;MF6	Lipoprotein
pC3_clade_core/clade_specific	GCF_053038975.1|AHCKDM_06490				5	5	GCF_016899425.1;GCF_053038975.1;GCF_053209605.1;GCF_905400185.1;MF6	Sigma-54-dependent Fis family transcriptional regulator
pC3_clade_core/clade_specific	GCF_053038975.1|AHCKDM_06494				5	5	GCF_016899425.1;GCF_053038975.1;GCF_053209605.1;GCF_905400185.1;MF6	Carbamoyltransferase family protein
pC3_clade_core/clade_specific	GCF_053038975.1|AHCKDM_06505				5	5	GCF_016899425.1;GCF_053038975.1;GCF_053209605.1;GCF_905400185.1;MF6	DUF1269 domain-containing protein
pC3_clade_accessory	GCF_053038975.1|AHCKDM_06506	COG2095	E	05595	2	2	GCF_053038975.1;GCF_053209605.1	UPF0056 membrane protein
pC3_clade_accessory	GCF_053038975.1|AHCKDM_06507				2	2	GCF_053038975.1;GCF_053209605.1	DUF6566 domain-containing protein
pC3_clade_accessory	GCF_053038975.1|AHCKDM_06508				2	2	GCF_053038975.1;GCF_053209605.1	DUF5594 domain-containing protein
pC3_clade_accessory	GCF_053038975.1|AHCKDM_06510	COG1052	CHR		2	2	GCF_053038975.1;GCF_053209605.1	NAD-dependent formate dehydrogenase
pC3_clade_accessory	GCF_053038975.1|AHCKDM_06518				2	2	GCF_053038975.1;GCF_053209605.1	hypothetical protein
pC3_clade_core/clade_specific	GCF_053038975.1|AHCKDM_06528				5	5	GCF_016899425.1;GCF_053038975.1;GCF_053209605.1;GCF_905400185.1;MF6	Secretion protein EspA
pC3_clade_accessory	GCF_053038975.1|AHCKDM_06550				2	2	GCF_053038975.1;GCF_053209605.1	hypothetical protein
pC3_clade_accessory	GCF_053038975.1|AHCKDM_06551				2	2	GCF_053038975.1;GCF_053209605.1	hypothetical protein
pC3_clade_accessory	GCF_053038975.1|AHCKDM_06553				2	2	GCF_053038975.1;GCF_053209605.1	Competence protein TfoX
pC3_clade_accessory	GCF_053038975.1|AHCKDM_06559				6	5	GCF_016899425.1;GCF_053038975.1;GCF_053209605.1;GCF_905400185.1;MF6	Transcriptional regulator, AraC family
pC3_clade_accessory	GCF_053038975.1|AHCKDM_06562				2	2	GCF_053038975.1;GCF_053209605.1	(pseudo) hypothetical protein
pC3_clade_core/clade_specific	GCF_053038975.1|AHCKDM_06563				5	5	GCF_016899425.1;GCF_053038975.1;GCF_053209605.1;GCF_905400185.1;MF6	Outer membrane assembly lipoprotein YfiO
pC3_clade_accessory	GCF_053038975.1|AHCKDM_06568				2	2	GCF_053038975.1;GCF_053209605.1	MFS transporter
pC3_clade_accessory	GCF_053038975.1|AHCKDM_06569				2	2	GCF_053038975.1;GCF_053209605.1	RidA family protein
pC3_clade_accessory	GCF_053038975.1|AHCKDM_06570	COG1378	K		2	2	GCF_053038975.1;GCF_053209605.1	TrmB family transcriptional regulator
pC3_clade_accessory	GCF_053038975.1|AHCKDM_06573				2	2	GCF_053038975.1;GCF_053209605.1	Metal-dependent HD superfamily phosphohydrolase
pC3_clade_core/clade_specific	GCF_053038975.1|AHCKDM_06577				5	5	GCF_016899425.1;GCF_053038975.1;GCF_053209605.1;GCF_905400185.1;MF6	DoxX family protein
pC3_clade_core/clade_specific	GCF_053038975.1|AHCKDM_06603				5	5	GCF_016899425.1;GCF_053038975.1;GCF_053209605.1;GCF_905400185.1;MF6	Transcriptional regulator
pC3_clade_core/clade_specific	GCF_053038975.1|AHCKDM_06607				5	5	GCF_016899425.1;GCF_053038975.1;GCF_053209605.1;GCF_905400185.1;MF6	Alginate export domain-containing protein
pC3_clade_core/clade_specific	GCF_053038975.1|AHCKDM_06626				5	5	GCF_016899425.1;GCF_053038975.1;GCF_053209605.1;GCF_905400185.1;MF6	Purine nucleoside phosphorylase
pC3_clade_core/clade_specific	GCF_053038975.1|AHCKDM_06627				5	5	GCF_016899425.1;GCF_053038975.1;GCF_053209605.1;GCF_905400185.1;MF6	MEKHLA domain-containing protein
pC3_clade_core/clade_specific	GCF_053038975.1|AHCKDM_06628				5	5	GCF_016899425.1;GCF_053038975.1;GCF_053209605.1;GCF_905400185.1;MF6	Cation/multidrug efflux pump
pC3_clade_core/clade_specific	GCF_053038975.1|AHCKDM_06629				5	5	GCF_016899425.1;GCF_053038975.1;GCF_053209605.1;GCF_905400185.1;MF6	Efflux system transport protein
pC3_clade_accessory	GCF_053038975.1|AHCKDM_06634				2	2	GCF_053038975.1;GCF_053209605.1	histidine kinase
pC3_clade_accessory	GCF_053038975.1|AHCKDM_06635				2	2	GCF_053038975.1;GCF_053209605.1	Sigma-54-dependent Fis family transcriptional regulator
pC3_clade_accessory	GCF_053038975.1|AHCKDM_06636				2	2	GCF_053038975.1;GCF_053209605.1	Methyl-accepting chemotaxis protein
pC3_clade_accessory	GCF_053038975.1|AHCKDM_06642			00163	2	2	GCF_053038975.1;GCF_053209605.1	alpha-ketoglutarate dehydrogenase
pC3_clade_accessory	GCF_053038975.1|AHCKDM_06645				2	2	GCF_053038975.1;GCF_053209605.1	Methyl-accepting chemotaxis protein
pC3_clade_accessory	GCF_053038975.1|AHCKDM_06646			03408	2	2	GCF_053038975.1;GCF_053209605.1	Chemotaxis protein CheW
pC3_clade_accessory	GCF_053038975.1|AHCKDM_06647				2	2	GCF_053038975.1;GCF_053209605.1	hypothetical protein
pC3_clade_accessory	GCF_053038975.1|AHCKDM_06648				2	2	GCF_053038975.1;GCF_053209605.1	Phytochrome, two-component sensor histidine kinase
pC3_clade_accessory	GCF_053038975.1|AHCKDM_06649			21006	2	2	GCF_053038975.1;GCF_053209605.1	Glycoside-hydrolase family GH114 TIM-barrel domain-containing protein
pC3_clade_accessory	GCF_053038975.1|AHCKDM_06650			21012	2	2	GCF_053038975.1;GCF_053209605.1	Exopolysaccharide Pel transporter PelG
pC3_clade_accessory	GCF_053038975.1|AHCKDM_06651				2	2	GCF_053038975.1;GCF_053209605.1	GT4 family glycosyltransferase PelF
pC3_clade_accessory	GCF_053038975.1|AHCKDM_06652				2	2	GCF_053038975.1;GCF_053209605.1	Transmembrane protein
pC3_clade_accessory	GCF_053038975.1|AHCKDM_06653			21009	2	2	GCF_053038975.1;GCF_053209605.1	PelD GGDEF domain-containing protein
pC3_clade_accessory	GCF_053038975.1|AHCKDM_06654				2	2	GCF_053038975.1;GCF_053209605.1	Pellicle/biofilm biosynthesis outer membrane protein PelC
pC3_clade_accessory	GCF_053038975.1|AHCKDM_06655			21007	2	2	GCF_053038975.1;GCF_053209605.1	Tetratricopeptide repeat protein
pC3_clade_accessory	GCF_053038975.1|AHCKDM_06656			21006	2	2	GCF_053038975.1;GCF_053209605.1	Sugar ABC transporter
pC3_clade_accessory	GCF_053038975.1|AHCKDM_06657				2	2	GCF_053038975.1;GCF_053209605.1	hypothetical protein
pC3_clade_accessory	GCF_053038975.1|AHCKDM_06663				2	2	GCF_053038975.1;GCF_053209605.1	type II toxin-antitoxin system VapC family toxin
pC3_clade_accessory	GCF_053038975.1|AHCKDM_06664				2	2	GCF_053038975.1;GCF_053209605.1	Type II toxin-antitoxin system Phd/YefM family antitoxin
pC3_clade_core/clade_specific	GCF_053038975.1|AHCKDM_06670				5	5	GCF_016899425.1;GCF_053038975.1;GCF_053209605.1;GCF_905400185.1;MF6	hypothetical protein
pC3_clade_core/genus_derived	GCF_053038975.1|AHCKDM_06675	COG2207	K		5	5	GCF_016899425.1;GCF_053038975.1;GCF_053209605.1;GCF_905400185.1;MF6	AraC family transcriptional regulator
pC3_clade_core/genus_derived	GCF_053038975.1|AHCKDM_06679				5	5	GCF_016899425.1;GCF_053038975.1;GCF_053209605.1;GCF_905400185.1;MF6	Winged helix family two component transcriptional regulator
pC3_clade_core/clade_specific	GCF_053038975.1|AHCKDM_06685				5	5	GCF_016899425.1;GCF_053038975.1;GCF_053209605.1;GCF_905400185.1;MF6	D-alanine--poly(phosphoribitol) ligase subunit DltA
pC3_clade_core/clade_specific	GCF_053038975.1|AHCKDM_06697				5	5	GCF_016899425.1;GCF_053038975.1;GCF_053209605.1;GCF_905400185.1;MF6	Lipoprotein
pC3_clade_core/clade_specific	GCF_053038975.1|AHCKDM_06698				5	5	GCF_016899425.1;GCF_053038975.1;GCF_053209605.1;GCF_905400185.1;MF6	Lipoprotein
pC3_clade_accessory	GCF_053038975.1|AHCKDM_06702				2	2	GCF_053038975.1;GCF_053209605.1	hypothetical protein
pC3_clade_core/clade_specific	GCF_053038975.1|AHCKDM_06703				5	5	GCF_016899425.1;GCF_053038975.1;GCF_053209605.1;GCF_905400185.1;MF6	hypothetical protein
pC3_clade_core/clade_specific	GCF_053038975.1|AHCKDM_06705				5	5	GCF_016899425.1;GCF_053038975.1;GCF_053209605.1;GCF_905400185.1;MF6	hypothetical protein
pC3_clade_accessory	GCF_053038975.1|AHCKDM_06708				2	2	GCF_053038975.1;GCF_053209605.1	hypothetical protein
pC3_clade_accessory	GCF_053038975.1|AHCKDM_06710				2	2	GCF_053038975.1;GCF_053209605.1	hypothetical protein
pC3_clade_accessory	GCF_053038975.1|AHCKDM_06711			01662	2	2	GCF_053038975.1;GCF_053209605.1	1-deoxy-D-xylulose-5-phosphate synthase
pC3_clade_accessory	GCF_053038975.1|AHCKDM_06712				2	2	GCF_053038975.1;GCF_053209605.1	Phytoene/squalene synthase family protein
pC3_clade_accessory	GCF_053038975.1|AHCKDM_06713			03527	2	2	GCF_053038975.1;GCF_053209605.1	4-hydroxy-3-methylbut-2-enyl diphosphate reductase
pC3_clade_accessory	GCF_053038975.1|AHCKDM_06714				2	2	GCF_053038975.1;GCF_053209605.1	cholesterol 7-desaturase
pC3_clade_accessory	GCF_053038975.1|AHCKDM_06715				2	2	GCF_053038975.1;GCF_053209605.1	cholesterol 7-desaturase
pC3_clade_accessory	GCF_053038975.1|AHCKDM_06716				2	2	GCF_053038975.1;GCF_053209605.1	Terpene synthase
pC3_clade_accessory	GCF_053038975.1|AHCKDM_06717			18578	2	2	GCF_053038975.1;GCF_053209605.1	Dockerin
pC3_clade_accessory	GCF_053038975.1|AHCKDM_06718				2	2	GCF_053038975.1;GCF_053209605.1	Alginate lyase domain-containing protein
pC3_clade_core/clade_specific	GCF_053038975.1|AHCKDM_06725				5	5	GCF_016899425.1;GCF_053038975.1;GCF_053209605.1;GCF_905400185.1;MF6	Peptidase S8/S53 domain-containing protein
pC3_clade_core/clade_specific	GCF_053038975.1|AHCKDM_06735				5	5	GCF_016899425.1;GCF_053038975.1;GCF_053209605.1;GCF_905400185.1;MF6	Adhesin
pC3_clade_core/clade_specific	GCF_053038975.1|AHCKDM_06736			07677	5	5	GCF_016899425.1;GCF_053038975.1;GCF_053209605.1;GCF_905400185.1;MF6	histidine kinase
pC3_clade_accessory	GCF_053038975.1|AHCKDM_06738				2	2	GCF_053038975.1;GCF_053209605.1	hypothetical protein
pC3_clade_accessory	GCF_053038975.1|AHCKDM_06739				2	2	GCF_053038975.1;GCF_053209605.1	hypothetical protein
pC3_clade_accessory	GCF_053038975.1|AHCKDM_06740				2	2	GCF_053038975.1;GCF_053209605.1	Fimbrial assembly protein
pC3_clade_accessory	GCF_053038975.1|AHCKDM_06744				2	2	GCF_053038975.1;GCF_053209605.1	Fimbrial protein
pC3_clade_accessory	GCF_053038975.1|AHCKDM_06745				6	2	GCF_053038975.1;GCF_053209605.1	CS1 type fimbrial major subunit
pC3_clade_accessory	GCF_053038975.1|AHCKDM_06746				2	2	GCF_053038975.1;GCF_053209605.1	Fimbrial assembly protein
pC3_clade_accessory	GCF_053038975.1|AHCKDM_06747				2	2	GCF_053038975.1;GCF_053209605.1	Fimbrial assembly protein
pC3_clade_accessory	GCF_053038975.1|AHCKDM_06749				2	2	GCF_053038975.1;GCF_053209605.1	Inclusion body protein
pC3_clade_core/clade_specific	GCF_053038975.1|AHCKDM_06752			02397	5	5	GCF_016899425.1;GCF_053038975.1;GCF_053209605.1;GCF_905400185.1;MF6	flagellar hook-associated protein FlgL
pC3_clade_accessory	GCF_053038975.1|AHCKDM_06782				2	2	GCF_053038975.1;GCF_053209605.1	hypothetical protein
pC3_clade_core/clade_specific	GCF_053038975.1|AHCKDM_06788			02421	5	5	GCF_016899425.1;GCF_053038975.1;GCF_053209605.1;GCF_905400185.1;MF6	flagellar biosynthetic protein FliR
pC3_clade_core/clade_specific	GCF_053038975.1|AHCKDM_06791				5	5	GCF_016899425.1;GCF_053038975.1;GCF_053209605.1;GCF_905400185.1;MF6	hypothetical protein
pC3_clade_accessory	GCF_053038975.1|AHCKDM_06792				2	2	GCF_053038975.1;GCF_053209605.1	Mutator family transposase
pC3_clade_accessory	GCF_053038975.1|AHCKDM_06793				2	2	GCF_053038975.1;GCF_053209605.1	(pseudo) IS256 family transposase
pC3_clade_accessory	GCF_053038975.1|AHCKDM_06794				2	2	GCF_053038975.1;GCF_053209605.1	hypothetical protein
pC3_clade_accessory	GCF_053038975.1|AHCKDM_06795			09132	2	2	GCF_053038975.1;GCF_053209605.1	HEPN domain-containing protein
pC3_clade_accessory	GCF_053038975.1|AHCKDM_06796				2	2	GCF_053038975.1;GCF_053209605.1	Nucleotidyltransferase-like protein
pC3_clade_accessory	GCF_053038975.1|AHCKDM_06797				2	2	GCF_053038975.1;GCF_053209605.1	(pseudo) hypothetical protein
pC3_clade_accessory	GCF_053038975.1|AHCKDM_06798				2	2	GCF_053038975.1;GCF_053209605.1	hypothetical protein
pC3_clade_accessory	GCF_053038975.1|AHCKDM_06799				2	2	GCF_053038975.1;GCF_053209605.1	DUF945 domain-containing protein
pC3_clade_accessory	GCF_053038975.1|AHCKDM_06800				2	2	GCF_053038975.1;GCF_053209605.1	transposase
pC3_clade_accessory	GCF_053038975.1|AHCKDM_06801				2	2	GCF_053038975.1;GCF_053209605.1	Tyr recombinase domain-containing protein
pC3_clade_accessory	GCF_053038975.1|AHCKDM_06821				2	2	GCF_053038975.1;GCF_053209605.1	hypothetical protein
pC3_clade_core/clade_specific	GCF_053038975.1|AHCKDM_06839				5	5	GCF_016899425.1;GCF_053038975.1;GCF_053209605.1;GCF_905400185.1;MF6	Alpha/beta hydrolase
pC3_clade_core/clade_specific	GCF_053038975.1|AHCKDM_06857			01586	5	5	GCF_016899425.1;GCF_053038975.1;GCF_053209605.1;GCF_905400185.1;MF6	Y4yA family PLP-dependent enzyme
pC3_clade_accessory	GCF_053038975.1|AHCKDM_06861	COG0583	K		2	2	GCF_053038975.1;GCF_053209605.1	HTH-type transcriptional activator CmpR
pC3_clade_accessory	GCF_053038975.1|AHCKDM_06862				2	2	GCF_053038975.1;GCF_053209605.1	FHA domain-containing protein
pC3_clade_accessory	GCF_053038975.1|AHCKDM_06863	COG2233	F		2	2	GCF_053038975.1;GCF_053209605.1	Nucleobase:cation symporter
pC3_clade_accessory	GCF_053038975.1|AHCKDM_06864				2	2	GCF_053038975.1;GCF_053209605.1	hypothetical protein
pC3_clade_core/clade_specific	GCF_053038975.1|AHCKDM_06865				5	5	GCF_016899425.1;GCF_053038975.1;GCF_053209605.1;GCF_905400185.1;MF6	Phage integrase family protein
pC3_clade_core/clade_specific	GCF_053038975.1|AHCKDM_06874	COG0845	MV		5	5	GCF_016899425.1;GCF_053038975.1;GCF_053209605.1;GCF_905400185.1;MF6	Efflux RND transporter periplasmic adaptor subunit
pC3_clade_accessory	GCF_053209605.1|GFFINM_06611				1	1	GCF_053209605.1	hypothetical protein
pC3_clade_accessory	GCF_053209605.1|GFFINM_06614				1	1	GCF_053209605.1	hypothetical protein
pC3_clade_core/genus_derived	GCF_905400185.1|DKPOPA_06044				5	5	GCF_016899425.1;GCF_053038975.1;GCF_053209605.1;GCF_905400185.1;MF6	DNA-binding protein
pC3_clade_accessory	GCF_905400185.1|DKPOPA_06051				2	2	GCF_905400185.1;MF6	AraC subfamily transcriptional regulator
pC3_clade_accessory	GCF_905400185.1|DKPOPA_06052				2	2	GCF_905400185.1;MF6	LuxR family two component transcriptional regulator
pC3_clade_accessory	GCF_905400185.1|DKPOPA_06053				2	2	GCF_905400185.1;MF6	histidine kinase
pC3_clade_accessory	GCF_905400185.1|DKPOPA_06054				2	2	GCF_905400185.1;MF6	DUF3331 domain-containing protein
pC3_clade_accessory	GCF_905400185.1|DKPOPA_06055				2	2	GCF_905400185.1;MF6	Response regulator
pC3_clade_accessory	GCF_905400185.1|DKPOPA_06056				2	2	GCF_905400185.1;MF6	Alpha/beta hydrolase
pC3_clade_accessory	GCF_905400185.1|DKPOPA_06057				2	2	GCF_905400185.1;MF6	Outer membrane lipoprotein-sorting protein
pC3_clade_accessory	GCF_905400185.1|DKPOPA_06058			13953	2	2	GCF_905400185.1;MF6	Alcohol dehydrogenase
pC3_clade_accessory	GCF_905400185.1|DKPOPA_06059				2	2	GCF_905400185.1;MF6	Bacteriophage protein
pC3_clade_accessory	GCF_905400185.1|DKPOPA_06060				2	2	GCF_905400185.1;MF6	Alpha/beta hydrolase
pC3_clade_accessory	GCF_905400185.1|DKPOPA_06061				2	2	GCF_905400185.1;MF6	Zinc-type alcohol dehydrogenase-like protein
pC3_clade_accessory	GCF_905400185.1|DKPOPA_06063				2	2	GCF_905400185.1;MF6	Pyridine nucleotide-disulphide oxidoreductase family protein
pC3_clade_accessory	GCF_905400185.1|DKPOPA_06081				1	1	GCF_905400185.1	Integrase catalytic domain-containing protein
pC3_clade_accessory	GCF_905400185.1|DKPOPA_06082			14060	1	1	GCF_905400185.1	Resolvase domain
pC3_clade_accessory	GCF_905400185.1|DKPOPA_06083				1	1	GCF_905400185.1	Diguanylate phosphodiesterase
pC3_clade_accessory	GCF_905400185.1|DKPOPA_06084				1	1	GCF_905400185.1	hypothetical protein
pC3_clade_accessory	GCF_905400185.1|DKPOPA_06085				1	1	GCF_905400185.1	hypothetical protein
pC3_clade_accessory	GCF_905400185.1|DKPOPA_06086				1	1	GCF_905400185.1	hypothetical protein
pC3_clade_accessory	GCF_905400185.1|DKPOPA_06087				1	1	GCF_905400185.1	YadA family autotransporter adhesin
pC3_clade_accessory	GCF_905400185.1|DKPOPA_06088				1	1	GCF_905400185.1	OmpA/MotB domain protein
pC3_clade_accessory	GCF_905400185.1|DKPOPA_06089				1	1	GCF_905400185.1	Histone family protein nucleoid-structuring protein H-NS
pC3_clade_accessory	GCF_905400185.1|DKPOPA_06090				1	1	GCF_905400185.1	Two component transcriptional regulator, winged helix family
pC3_clade_accessory	GCF_905400185.1|DKPOPA_06091				1	1	GCF_905400185.1	Methyl-accepting chemotaxis sensory transducer
pC3_clade_accessory	GCF_905400185.1|DKPOPA_06092				1	1	GCF_905400185.1	Diguanylate cyclase/phosphodiesterase with PAS/PAC and GAF sensor(S)
pC3_clade_accessory	GCF_905400185.1|DKPOPA_06093			11741	1	1	GCF_905400185.1	Guanidinium exporter
pC3_clade_accessory	GCF_905400185.1|DKPOPA_06094				1	1	GCF_905400185.1	hypothetical protein
pC3_clade_accessory	GCF_905400185.1|DKPOPA_06095				1	1	GCF_905400185.1	Histidine phosphatase family protein
pC3_clade_accessory	GCF_905400185.1|DKPOPA_06096				1	1	GCF_905400185.1	Transcriptional regulator, AsnC family
pC3_clade_accessory	GCF_905400185.1|DKPOPA_06097	COG0460	E		1	1	GCF_905400185.1	homoserine dehydrogenase
pC3_clade_accessory	GCF_905400185.1|DKPOPA_06098	COG1012	I		1	1	GCF_905400185.1	Aldehyde dehydrogenase
pC3_clade_accessory	GCF_905400185.1|DKPOPA_06099	COG4598	E		1	1	GCF_905400185.1	ABC transporter
pC3_clade_accessory	GCF_905400185.1|DKPOPA_06100				1	1	GCF_905400185.1	Extracellular solute-binding protein
pC3_clade_accessory	GCF_905400185.1|DKPOPA_06101	COG4215	E		1	1	GCF_905400185.1	Polar amino acid ABC transporter inner membrane subunit
pC3_clade_accessory	GCF_905400185.1|DKPOPA_06102	COG4160	E		1	1	GCF_905400185.1	ABC transporter permease subunit
pC3_clade_accessory	GCF_905400185.1|DKPOPA_06103	COG0626	E		1	1	GCF_905400185.1	Methionine gamma-lyase
pC3_clade_accessory	GCF_905400185.1|DKPOPA_06104				1	1	GCF_905400185.1	Homocysteine S-methyltransferase
pC3_clade_accessory	GCF_905400185.1|DKPOPA_06105	COG1522	K		1	1	GCF_905400185.1	AsnC family transcriptional regulator
pC3_clade_accessory	GCF_905400185.1|DKPOPA_06106			03566	1	1	GCF_905400185.1	LysR family transcriptional regulator
pC3_clade_accessory	GCF_905400185.1|DKPOPA_06107				1	1	GCF_905400185.1	SnoaL-like domain-containing protein
pC3_clade_accessory	GCF_905400185.1|DKPOPA_06108				1	1	GCF_905400185.1	Transcriptional regulator, HxlR family
pC3_clade_accessory	GCF_905400185.1|DKPOPA_06109				1	1	GCF_905400185.1	NmrA-like domain-containing protein
pC3_clade_accessory	GCF_905400185.1|DKPOPA_06110				1	1	GCF_905400185.1	IS3 family transposase
pC3_clade_accessory	GCF_905400185.1|DKPOPA_06111				1	1	GCF_905400185.1	Spirocyclase, AveC family
pC3_clade_accessory	GCF_905400185.1|DKPOPA_06112				1	1	GCF_905400185.1	Enoyl-CoA hydratase/isomerase
pC3_clade_accessory	GCF_905400185.1|DKPOPA_06113				1	1	GCF_905400185.1	AMP-dependent synthetase and ligase
pC3_clade_accessory	GCF_905400185.1|DKPOPA_06114				1	1	GCF_905400185.1	Alpha/beta hydrolase fold
pC3_clade_accessory	GCF_905400185.1|DKPOPA_06115				1	1	GCF_905400185.1	NmrA-like domain-containing protein
pC3_clade_accessory	GCF_905400185.1|DKPOPA_06116				1	1	GCF_905400185.1	hypothetical protein
pC3_clade_accessory	GCF_905400185.1|DKPOPA_06117				1	1	GCF_905400185.1	Phytanoyl-CoA dioxygenase
pC3_clade_accessory	GCF_905400185.1|DKPOPA_06118				1	1	GCF_905400185.1	4-carboxymuconolactone decarboxylase
pC3_clade_accessory	GCF_905400185.1|DKPOPA_06119				1	1	GCF_905400185.1	Transcriptional regulator, AraC family
pC3_clade_accessory	GCF_905400185.1|DKPOPA_06120				1	1	GCF_905400185.1	Transcriptional regulator, LysR family
pC3_clade_accessory	GCF_905400185.1|DKPOPA_06121				1	1	GCF_905400185.1	SDR family NAD(P)-dependent oxidoreductase
pC3_clade_accessory	GCF_905400185.1|DKPOPA_06122				1	1	GCF_905400185.1	hypothetical protein
pC3_clade_accessory	GCF_905400185.1|DKPOPA_06123				1	1	GCF_905400185.1	hypothetical protein
pC3_clade_accessory	GCF_905400185.1|DKPOPA_06124				1	1	GCF_905400185.1	Transmembrane protein
pC3_clade_accessory	GCF_905400185.1|DKPOPA_06125				1	1	GCF_905400185.1	SnoaL-like domain-containing protein
pC3_clade_accessory	GCF_905400185.1|DKPOPA_06126			01495	1	1	GCF_905400185.1	GTP cyclohydrolase I FolE
pC3_clade_accessory	GCF_905400185.1|DKPOPA_06127				1	1	GCF_905400185.1	Nitronate monooxygenase
pC3_clade_accessory	GCF_905400185.1|DKPOPA_06128				1	1	GCF_905400185.1	beta-ketothiolase BktB
pC3_clade_accessory	GCF_905400185.1|DKPOPA_06129				1	1	GCF_905400185.1	Feruloyl-CoA synthase
pC3_clade_accessory	GCF_905400185.1|DKPOPA_06130				1	1	GCF_905400185.1	Acyl-CoA dehydrogenase
pC3_clade_accessory	GCF_905400185.1|DKPOPA_06131				1	1	GCF_905400185.1	Acyl-CoA dehydrogenase domain protein
pC3_clade_accessory	GCF_905400185.1|DKPOPA_06132				1	1	GCF_905400185.1	enoyl-CoA hydratase
pC3_clade_accessory	GCF_905400185.1|DKPOPA_06133				1	1	GCF_905400185.1	Enoyl-CoA hydratase/isomerase
pC3_clade_accessory	GCF_905400185.1|DKPOPA_06134				1	1	GCF_905400185.1	Short-chain dehydrogenase/reductase SDR
pC3_clade_accessory	GCF_905400185.1|DKPOPA_06135				1	1	GCF_905400185.1	Nitronate monooxygenase
pC3_clade_accessory	GCF_905400185.1|DKPOPA_06136				1	1	GCF_905400185.1	helix-turn-helix transcriptional regulator
pC3_clade_accessory	GCF_905400185.1|DKPOPA_06137				2	1	GCF_905400185.1	IS3 family transposase
pC3_clade_accessory	GCF_905400185.1|DKPOPA_06138				2	1	GCF_905400185.1	IS3 family transposase
pC3_clade_accessory	GCF_905400185.1|DKPOPA_06139				1	1	GCF_905400185.1	Transcriptional regulator, LuxR family
pC3_clade_accessory	GCF_905400185.1|DKPOPA_06140			07536	1	1	GCF_905400185.1	1,4-dihydroxy-2-naphthoyl-CoA synthase
pC3_clade_accessory	GCF_905400185.1|DKPOPA_06141				1	1	GCF_905400185.1	Glucose 1-dehydrogenase
pC3_clade_accessory	GCF_905400185.1|DKPOPA_06142				1	1	GCF_905400185.1	L-carnitine dehydratase/bile acid-inducible protein F
pC3_clade_accessory	GCF_905400185.1|DKPOPA_06143				1	1	GCF_905400185.1	MaoC domain protein dehydratase
pC3_clade_accessory	GCF_905400185.1|DKPOPA_06144				1	1	GCF_905400185.1	Acyl-CoA dehydrogenase
pC3_clade_accessory	GCF_905400185.1|DKPOPA_06145				1	1	GCF_905400185.1	DUF35 domain-containing protein
pC3_clade_accessory	GCF_905400185.1|DKPOPA_06146				1	1	GCF_905400185.1	Thiolase
pC3_clade_accessory	GCF_905400185.1|DKPOPA_06147				1	1	GCF_905400185.1	Enoyl-CoA hydratase/isomerase
pC3_clade_accessory	GCF_905400185.1|DKPOPA_06148				1	1	GCF_905400185.1	Enoyl-CoA hydratase/isomerase
pC3_clade_accessory	GCF_905400185.1|DKPOPA_06149				1	1	GCF_905400185.1	Enoyl-CoA hydratase/isomerase
pC3_clade_accessory	GCF_905400185.1|DKPOPA_06150				1	1	GCF_905400185.1	Peroxisomal trans-2-enoyl-CoA reductase
pC3_clade_accessory	GCF_905400185.1|DKPOPA_06151			01796	1	1	GCF_905400185.1	Crotonobetainyl-CoA:carnitine CoA-transferase CaiB
pC3_clade_accessory	GCF_905400185.1|DKPOPA_06152				1	1	GCF_905400185.1	Acyl-CoA dehydrogenase FadE17
pC3_clade_accessory	GCF_905400185.1|DKPOPA_06153				1	1	GCF_905400185.1	Pimeloyl-CoA dehydrogenase, small subunit
pC3_clade_accessory	GCF_905400185.1|DKPOPA_06154				1	1	GCF_905400185.1	Acyl-CoA dehydrogenase
pC3_clade_accessory	GCF_905400185.1|DKPOPA_06155				1	1	GCF_905400185.1	enoyl-CoA hydratase
pC3_clade_accessory	GCF_905400185.1|DKPOPA_06156				1	1	GCF_905400185.1	3-alpha,7-alpha, 12-alpha-trihydroxy-5-beta-cholest-24-enoyl-CoAhydratase
pC3_clade_accessory	GCF_905400185.1|DKPOPA_06157				1	1	GCF_905400185.1	Acyl-CoA dehydrogenase
pC3_clade_accessory	GCF_905400185.1|DKPOPA_06158				1	1	GCF_905400185.1	Acyl-CoA dehydrogenase domain protein
pC3_clade_accessory	GCF_905400185.1|DKPOPA_06159				1	1	GCF_905400185.1	Cytochrome P450
pC3_clade_accessory	GCF_905400185.1|DKPOPA_06160	COG2963	X		1	1	GCF_905400185.1	IS481 family ISBcen26 transposase
pC3_clade_accessory	GCF_905400185.1|DKPOPA_06163				1	1	GCF_905400185.1	Transcriptional regulator, TetR family
pC3_clade_accessory	GCF_905400185.1|DKPOPA_06164				1	1	GCF_905400185.1	hypothetical protein
pC3_clade_accessory	GCF_905400185.1|DKPOPA_06165				1	1	GCF_905400185.1	DUF1302 domain-containing protein
pC3_clade_accessory	GCF_905400185.1|DKPOPA_06166				1	1	GCF_905400185.1	DUF1329 domain-containing protein
pC3_clade_accessory	GCF_905400185.1|DKPOPA_06167				1	1	GCF_905400185.1	Glycosyl hydrolase
pC3_clade_accessory	GCF_905400185.1|DKPOPA_06168				1	1	GCF_905400185.1	SSD domain-containing protein
pC3_clade_accessory	GCF_905400185.1|DKPOPA_06169				1	1	GCF_905400185.1	Gluconate 5-dehydrogenase
pC3_clade_accessory	GCF_905400185.1|DKPOPA_06170				1	1	GCF_905400185.1	Alcohol dehydrogenase zinc-binding domain protein
pC3_clade_accessory	GCF_905400185.1|DKPOPA_06171				1	1	GCF_905400185.1	Electron transfer flavoprotein subunit beta
pC3_clade_accessory	GCF_905400185.1|DKPOPA_06172			03522	1	1	GCF_905400185.1	Electron transfer flavoprotein alpha subunit
pC3_clade_accessory	GCF_905400185.1|DKPOPA_06173				1	1	GCF_905400185.1	Rieske (2Fe-2S) domain protein
pC3_clade_accessory	GCF_905400185.1|DKPOPA_06174				1	1	GCF_905400185.1	3-oxosteroid 1-dehydrogenase
pC3_clade_accessory	GCF_905400185.1|DKPOPA_06175				1	1	GCF_905400185.1	Pyruvate dehydrogenase (Acetyl-transferring)
pC3_clade_accessory	GCF_905400185.1|DKPOPA_06176				1	1	GCF_905400185.1	Pyruvate dehydrogenase E1 component beta subunit
pC3_clade_accessory	GCF_905400185.1|DKPOPA_06177				1	1	GCF_905400185.1	Biotin/lipoyl attachment domain-containing protein
pC3_clade_accessory	GCF_905400185.1|DKPOPA_06178				1	1	GCF_905400185.1	Pyruvate dehydrogenase E2 component (Dihydrolipoamide acetyltransferase)
pC3_clade_accessory	GCF_905400185.1|DKPOPA_06179				1	1	GCF_905400185.1	AMP-dependent synthetase and ligase
pC3_clade_accessory	GCF_905400185.1|DKPOPA_06180				1	1	GCF_905400185.1	1,4-dihydroxy-2-naphthoyl-CoA synthase
pC3_clade_accessory	GCF_905400185.1|DKPOPA_06181				1	1	GCF_905400185.1	2-(1,2-epoxy-1,2-dihydrophenyl)acetyl-CoA isomerase
pC3_clade_accessory	GCF_905400185.1|DKPOPA_06182				1	1	GCF_905400185.1	Acyl-CoA dehydrogenase
pC3_clade_accessory	GCF_905400185.1|DKPOPA_06183				1	1	GCF_905400185.1	Acyl-CoA dehydrogenase domain protein
pC3_clade_accessory	GCF_905400185.1|DKPOPA_06184				1	1	GCF_905400185.1	Short-chain dehydrogenase/reductase SDR
pC3_clade_accessory	GCF_905400185.1|DKPOPA_06185				1	1	GCF_905400185.1	SnoaL-like domain-containing protein
pC3_clade_accessory	GCF_905400185.1|DKPOPA_06186				1	1	GCF_905400185.1	Short-chain dehydrogenase/reductase SDR
pC3_clade_accessory	GCF_905400185.1|DKPOPA_06187				1	1	GCF_905400185.1	Ferredoxin
pC3_clade_accessory	GCF_905400185.1|DKPOPA_06188				1	1	GCF_905400185.1	3-phenylpropionate/trans-cinnamate dioxygenase ferredoxin reductase subunit
pC3_clade_accessory	GCF_905400185.1|DKPOPA_06189				1	1	GCF_905400185.1	Transcriptional regulator, TetR family
pC3_clade_accessory	GCF_905400185.1|DKPOPA_06190				1	1	GCF_905400185.1	Cytochrome P450
pC3_clade_accessory	GCF_905400185.1|DKPOPA_06191				1	1	GCF_905400185.1	Glucose-methanol-choline oxidoreductase
pC3_clade_accessory	GCF_905400185.1|DKPOPA_06192				1	1	GCF_905400185.1	Enoyl-CoA hydratase/isomerase
pC3_clade_accessory	GCF_905400185.1|DKPOPA_06193				1	1	GCF_905400185.1	EstA family serine hydrolase
pC3_clade_accessory	GCF_905400185.1|DKPOPA_06194				1	1	GCF_905400185.1	FAS1-like dehydratase domain-containing protein
pC3_clade_accessory	GCF_905400185.1|DKPOPA_06195				1	1	GCF_905400185.1	Citryl-CoA lyase
pC3_clade_accessory	GCF_905400185.1|DKPOPA_06196				1	1	GCF_905400185.1	3-hydroxyacyl-CoA dehydrogenase
pC3_clade_accessory	GCF_905400185.1|DKPOPA_06197				1	1	GCF_905400185.1	Cytochrome P450
pC3_clade_accessory	GCF_905400185.1|DKPOPA_06198				1	1	GCF_905400185.1	Rubredoxin
pC3_clade_accessory	GCF_905400185.1|DKPOPA_06199				1	1	GCF_905400185.1	Acetyl-CoA acetyltransferase
pC3_clade_accessory	GCF_905400185.1|DKPOPA_06200				1	1	GCF_905400185.1	Acetyl-CoA hydrolase
pC3_clade_accessory	GCF_905400185.1|DKPOPA_06201				1	1	GCF_905400185.1	L-carnitine dehydratase/bile acid-inducible protein F
pC3_clade_accessory	GCF_905400185.1|DKPOPA_06202			23948	1	1	GCF_905400185.1	2-nitropropane dioxygenase NPD
pC3_clade_accessory	GCF_905400185.1|DKPOPA_06203				1	1	GCF_905400185.1	enoyl-CoA hydratase
pC3_clade_accessory	GCF_905400185.1|DKPOPA_06204				1	1	GCF_905400185.1	Crotonase/enoyl-CoA hydratase family protein
pC3_clade_accessory	GCF_905400185.1|DKPOPA_06205			01041	1	1	GCF_905400185.1	L-carnitine dehydratase/bile acid-inducible protein F
pC3_clade_accessory	GCF_905400185.1|DKPOPA_06206				1	1	GCF_905400185.1	Short-chain dehydrogenase/reductase SDR
pC3_clade_accessory	GCF_905400185.1|DKPOPA_06207				1	1	GCF_905400185.1	Transcriptional regulator, IclR family
pC3_clade_accessory	GCF_905400185.1|DKPOPA_06208				1	1	GCF_905400185.1	Amidohydrolase 2
pC3_clade_accessory	GCF_905400185.1|DKPOPA_06209				1	1	GCF_905400185.1	Enoyl-CoA hydratase
pC3_clade_accessory	GCF_905400185.1|DKPOPA_06210				1	1	GCF_905400185.1	NAD(P)-dependent dehydrogenase, short-chain alcohol dehydrogenase family
pC3_clade_accessory	GCF_905400185.1|DKPOPA_06211				1	1	GCF_905400185.1	NADH:flavin oxidoreductase/NADH oxidase
pC3_clade_accessory	GCF_905400185.1|DKPOPA_06212				1	1	GCF_905400185.1	Thioesterase superfamily protein
pC3_clade_accessory	GCF_905400185.1|DKPOPA_06213				1	1	GCF_905400185.1	Transcriptional regulator, TetR family
pC3_clade_accessory	GCF_905400185.1|DKPOPA_06214				1	1	GCF_905400185.1	Acyl-protein synthetase LuxE domain-containing protein
pC3_clade_accessory	GCF_905400185.1|DKPOPA_06215				1	1	GCF_905400185.1	Short-chain dehydrogenase/reductase SDR
pC3_clade_accessory	GCF_905400185.1|DKPOPA_06216				1	1	GCF_905400185.1	Acyl-protein synthetase LuxE domain-containing protein
pC3_clade_accessory	GCF_905400185.1|DKPOPA_06217				1	1	GCF_905400185.1	Long-chain-fatty-acyl-CoA reductase
pC3_clade_accessory	GCF_905400185.1|DKPOPA_06218				1	1	GCF_905400185.1	Transcriptional regulator, MarR family
pC3_clade_accessory	GCF_905400185.1|DKPOPA_06219				1	1	GCF_905400185.1	Short-chain dehydrogenase/reductase SDR
pC3_clade_accessory	GCF_905400185.1|DKPOPA_06221				1	1	GCF_905400185.1	Alpha/beta hydrolase fold-3 domain protein
pC3_clade_accessory	GCF_905400185.1|DKPOPA_06222				1	1	GCF_905400185.1	IS3 family transposase ORF B
pC3_clade_accessory	GCF_905400185.1|DKPOPA_06223				1	1	GCF_905400185.1	IS3 family IS407 transposase ORF A
pC3_clade_accessory	GCF_905400185.1|DKPOPA_06303	COG0318	I		6	5	GCF_016899425.1;GCF_053038975.1;GCF_053209605.1;GCF_905400185.1;MF6	AMP-dependent synthetase and ligase
pC3_clade_accessory	GCF_905400185.1|DKPOPA_06360				3	3	GCF_016899425.1;GCF_905400185.1;MF6	high-putative iron-sulfur protein
pC3_clade_accessory	GCF_905400185.1|DKPOPA_06413				6	5	GCF_016899425.1;GCF_053038975.1;GCF_053209605.1;GCF_905400185.1;MF6	Transposase
pC3_clade_accessory	GCF_905400185.1|DKPOPA_06514				2	2	GCF_905400185.1;MF6	alcohol dehydrogenase catalytic domain-containing protein
pC3_clade_accessory	GCF_905400185.1|DKPOPA_06618				1	1	GCF_905400185.1	Transmembrane protein
pC3_clade_accessory	GCF_905400185.1|DKPOPA_06619				1	1	GCF_905400185.1	hypothetical protein
pC3_clade_accessory	GCF_905400185.1|DKPOPA_06621				1	1	GCF_905400185.1	DUF6402 domain-containing protein
pC3_clade_accessory	GCF_905400185.1|DKPOPA_06623				1	1	GCF_905400185.1	hypothetical protein
pC3_clade_core/clade_specific	GCF_905400185.1|DKPOPA_06630				5	5	GCF_016899425.1;GCF_053038975.1;GCF_053209605.1;GCF_905400185.1;MF6	Major facilitator superfamily MFS_1
pC3_clade_core/clade_specific	GCF_905400185.1|DKPOPA_06679				5	5	GCF_016899425.1;GCF_053038975.1;GCF_053209605.1;GCF_905400185.1;MF6	ABC transporter substrate-binding protein
pC3_clade_core/clade_specific	GCF_905400185.1|DKPOPA_06703			00156	5	5	GCF_016899425.1;GCF_053038975.1;GCF_053209605.1;GCF_905400185.1;MF6	thiamine pyrophosphate-requiring protein
pC3_clade_accessory	GCF_905400185.1|DKPOPA_06708				1	1	GCF_905400185.1	Addiction module antidote protein
pC3_clade_core/clade_specific	GCF_905400185.1|DKPOPA_06799				5	5	GCF_016899425.1;GCF_053038975.1;GCF_053209605.1;GCF_905400185.1;MF6	Response regulator receiver protein
pC3_clade_core/clade_specific	GCF_905400185.1|DKPOPA_06832				5	5	GCF_016899425.1;GCF_053038975.1;GCF_053209605.1;GCF_905400185.1;MF6	DUF2486 domain-containing protein
pC3_clade_core/clade_specific	GCF_905400185.1|DKPOPA_06901				5	5	GCF_016899425.1;GCF_053038975.1;GCF_053209605.1;GCF_905400185.1;MF6	OmpR/PhoB-type domain-containing protein
pC3_clade_accessory	GCF_905400185.1|DKPOPA_07088				2	2	GCF_905400185.1;MF6	hypothetical protein
pC3_clade_accessory	GCF_905400185.1|DKPOPA_07098				1	1	GCF_905400185.1	Immunity MXAN-0049 protein domain-containing protein
pC3_clade_core/genus_derived	GCF_905400185.1|DKPOPA_07110				5	5	GCF_016899425.1;GCF_053038975.1;GCF_053209605.1;GCF_905400185.1;MF6	Cytochrome c biogenesis protein DipZ
pC3_clade_accessory	GCF_905400185.1|DKPOPA_07187				1	1	GCF_905400185.1	hypothetical protein
pC3_clade_core/genus_derived	MF6|CFFIHE_03367			03607	5	5	GCF_016899425.1;GCF_053038975.1;GCF_053209605.1;GCF_905400185.1;MF6	ProQ activator of osmoprotectant transporter prop
pC3_clade_accessory	MF6|CFFIHE_03535				3	3	GCF_016899425.1;GCF_905400185.1;MF6	Glycosyltransferase
pC3_clade_core/clade_specific	MF6|CFFIHE_03579				5	5	GCF_016899425.1;GCF_053038975.1;GCF_053209605.1;GCF_905400185.1;MF6	Adhesin
pC3_clade_accessory	MF6|CFFIHE_03606				1	1	MF6	Type VII secretion effector, SACOL2603 family
pC3_clade_accessory	MF6|CFFIHE_03696				1	1	MF6	hypothetical protein
pC3_clade_accessory	MF6|CFFIHE_03773				3	3	GCF_016899425.1;GCF_905400185.1;MF6	LysR family transcriptional regulator
pC3_clade_accessory	MF6|CFFIHE_03774				1	1	MF6	hypothetical protein
pC3_clade_accessory	MF6|CFFIHE_03801				1	1	MF6	GNAT family N-acetyltransferase
pC3_clade_core/clade_specific	MF6|CFFIHE_03946				5	5	GCF_016899425.1;GCF_053038975.1;GCF_053209605.1;GCF_905400185.1;MF6	Lipoprotein
pC3_clade_core/clade_specific	MF6|CFFIHE_03965				5	5	GCF_016899425.1;GCF_053038975.1;GCF_053209605.1;GCF_905400185.1;MF6	Type-4 uracil-DNA glycosylase
pC3_clade_core/clade_specific	MF6|CFFIHE_03992				5	5	GCF_016899425.1;GCF_053038975.1;GCF_053209605.1;GCF_905400185.1;MF6	Chemotaxis protein
pC3_clade_accessory	MF6|CFFIHE_04167				1	1	MF6	hypothetical protein
chr1_clade_core	GCF_016899425.1|KEDGBJ_00003	COG0111	H		5	5	GCF_016899425.1;GCF_053038975.1;GCF_053209605.1;GCF_905400185.1;MF6	D-2-hydroxyacid dehydrogenase family protein
chr1_clade_core	GCF_016899425.1|KEDGBJ_00004	COG1752	R		5	5	GCF_016899425.1;GCF_053038975.1;GCF_053209605.1;GCF_905400185.1;MF6	Patatin-like phospholipase
chr1_clade_core	GCF_016899425.1|KEDGBJ_00005	COG2050	Q		5	5	GCF_016899425.1;GCF_053038975.1;GCF_053209605.1;GCF_905400185.1;MF6	Thioesterase domain-containing protein
chr1_clade_core	GCF_016899425.1|KEDGBJ_00007				5	5	GCF_016899425.1;GCF_053038975.1;GCF_053209605.1;GCF_905400185.1;MF6	DUF3592 domain-containing protein
chr1_clade_core	GCF_016899425.1|KEDGBJ_00008				5	5	GCF_016899425.1;GCF_053038975.1;GCF_053209605.1;GCF_905400185.1;MF6	Zinc finger CGNR domain-containing protein
chr1_clade_core	GCF_016899425.1|KEDGBJ_00009	COG0596	HR		5	5	GCF_016899425.1;GCF_053038975.1;GCF_053209605.1;GCF_905400185.1;MF6	Alpha/beta hydrolase
chr1_clade_core	GCF_016899425.1|KEDGBJ_00010	COG1126	E		5	5	GCF_016899425.1;GCF_053038975.1;GCF_053209605.1;GCF_905400185.1;MF6	Amino acid ABC transporter ATP-binding protein
chr1_clade_core	GCF_016899425.1|KEDGBJ_00011	COG0765	E		5	5	GCF_016899425.1;GCF_053038975.1;GCF_053209605.1;GCF_905400185.1;MF6	ABC transmembrane type-1 domain-containing protein
chr1_clade_core	GCF_016899425.1|KEDGBJ_00012	COG0834	ET		5	5	GCF_016899425.1;GCF_053038975.1;GCF_053209605.1;GCF_905400185.1;MF6	Amino acid ABC transporter substrate-binding protein
chr1_clade_core	GCF_016899425.1|KEDGBJ_00013	COG1012	I		5	5	GCF_016899425.1;GCF_053038975.1;GCF_053209605.1;GCF_905400185.1;MF6	phosphonoacetaldehyde dehydrogenase
chr1_clade_core	GCF_016899425.1|KEDGBJ_00014	COG1524	T		5	5	GCF_016899425.1;GCF_053038975.1;GCF_053209605.1;GCF_905400185.1;MF6	phosphonoacetate hydrolase
chr1_clade_core	GCF_016899425.1|KEDGBJ_00016				5	5	GCF_016899425.1;GCF_053038975.1;GCF_053209605.1;GCF_905400185.1;MF6	FAD-dependent oxidoreductase
chr1_clade_core	GCF_016899425.1|KEDGBJ_00017	COG1802	K		5	5	GCF_016899425.1;GCF_053038975.1;GCF_053209605.1;GCF_905400185.1;MF6	phosphonate utilization associated transcriptional regulator
chr1_clade_core	GCF_016899425.1|KEDGBJ_00018	COG3511	M	01114	5	5	GCF_016899425.1;GCF_053038975.1;GCF_053209605.1;GCF_905400185.1;MF6	phosphocholine-specific phospholipase C
chr1_clade_core	GCF_016899425.1|KEDGBJ_00019	COG0583	K		5	5	GCF_016899425.1;GCF_053038975.1;GCF_053209605.1;GCF_905400185.1;MF6	HTH lysR-type domain-containing protein
chr1_clade_core	GCF_016899425.1|KEDGBJ_00020	COG1620	C	03303	5	5	GCF_016899425.1;GCF_053038975.1;GCF_053209605.1;GCF_905400185.1;MF6	L-lactate permease
chr1_clade_core	GCF_016899425.1|KEDGBJ_00021				5	5	GCF_016899425.1;GCF_053038975.1;GCF_053209605.1;GCF_905400185.1;MF6	Purine nucleoside phosphorylase
chr1_clade_core	GCF_016899425.1|KEDGBJ_00022	COG2918	H		5	5	GCF_016899425.1;GCF_053038975.1;GCF_053209605.1;GCF_905400185.1;MF6	glutamate--cysteine ligase
chr1_clade_core	GCF_016899425.1|KEDGBJ_00023				5	5	GCF_016899425.1;GCF_053038975.1;GCF_053209605.1;GCF_905400185.1;MF6	DNA-3-methyladenine glycosylase II
chr1_clade_core	GCF_016899425.1|KEDGBJ_00024	COG2169	L		5	5	GCF_016899425.1;GCF_053038975.1;GCF_053209605.1;GCF_905400185.1;MF6	bifunctional DNA-binding transcriptional regulator/O6-methylguanine-DNA methyltransferase Ada
chr1_clade_core	GCF_016899425.1|KEDGBJ_00025				5	5	GCF_016899425.1;GCF_053038975.1;GCF_053209605.1;GCF_905400185.1;MF6	hypothetical protein
chr1_clade_core	GCF_016899425.1|KEDGBJ_00027	COG2514	Q		5	5	GCF_016899425.1;GCF_053038975.1;GCF_053209605.1;GCF_905400185.1;MF6	Glyoxalase/bleomycin resistance protein/dioxygenase
chr1_clade_core	GCF_016899425.1|KEDGBJ_00028	COG4681	S		5	5	GCF_016899425.1;GCF_053038975.1;GCF_053209605.1;GCF_905400185.1;MF6	YaeQ family protein
chr1_clade_core	GCF_016899425.1|KEDGBJ_00029				5	5	GCF_016899425.1;GCF_053038975.1;GCF_053209605.1;GCF_905400185.1;MF6	surface attachment protein Sap1
chr1_clade_core	GCF_016899425.1|KEDGBJ_00030	COG1670	JO		5	5	GCF_016899425.1;GCF_053038975.1;GCF_053209605.1;GCF_905400185.1;MF6	spermidine N1-acetyltransferase
chr1_clade_core	GCF_016899425.1|KEDGBJ_00031				5	5	GCF_016899425.1;GCF_053038975.1;GCF_053209605.1;GCF_905400185.1;MF6	Membrane protein
chr1_clade_core	GCF_016899425.1|KEDGBJ_00033				5	5	GCF_016899425.1;GCF_053038975.1;GCF_053209605.1;GCF_905400185.1;MF6	diguanylate cyclase
chr1_clade_core	GCF_016899425.1|KEDGBJ_00034				5	5	GCF_016899425.1;GCF_053038975.1;GCF_053209605.1;GCF_905400185.1;MF6	Lipoprotein
chr1_clade_core	GCF_016899425.1|KEDGBJ_00036	COG0486	J		5	5	GCF_016899425.1;GCF_053038975.1;GCF_053209605.1;GCF_905400185.1;MF6	tRNA uridine-5-carboxymethylaminomethyl(34) synthesis GTPase MnmE
chr1_clade_core	GCF_016899425.1|KEDGBJ_00037				5	5	GCF_016899425.1;GCF_053038975.1;GCF_053209605.1;GCF_905400185.1;MF6	HTH cro/C1-type domain-containing protein
chr1_clade_core	GCF_016899425.1|KEDGBJ_00038	COG0706	M	03217	5	5	GCF_016899425.1;GCF_053038975.1;GCF_053209605.1;GCF_905400185.1;MF6	membrane protein insertase YidC
chr1_clade_core	GCF_016899425.1|KEDGBJ_00039			08998	5	5	GCF_016899425.1;GCF_053038975.1;GCF_053209605.1;GCF_905400185.1;MF6	membrane protein insertion efficiency factor YidD
chr1_clade_core	GCF_016899425.1|KEDGBJ_00040	COG0594	J		5	5	GCF_016899425.1;GCF_053038975.1;GCF_053209605.1;GCF_905400185.1;MF6	ribonuclease P protein component
chr1_clade_core	GCF_016899425.1|KEDGBJ_00041	COG0230	J	02914	5	5	GCF_016899425.1;GCF_053038975.1;GCF_053209605.1;GCF_905400185.1;MF6	50S ribosomal protein L34
chr1_clade_core	GCF_016899425.1|KEDGBJ_00042	COG0593	L	02313	5	5	GCF_016899425.1;GCF_053038975.1;GCF_053209605.1;GCF_905400185.1;MF6	chromosomal replication initiator protein DnaA
chr1_clade_core	GCF_016899425.1|KEDGBJ_00043	COG0592	L	02338	5	5	GCF_016899425.1;GCF_053038975.1;GCF_053209605.1;GCF_905400185.1;MF6	DNA polymerase III subunit beta
chr1_clade_core	GCF_016899425.1|KEDGBJ_00044			02470	5	5	GCF_016899425.1;GCF_053038975.1;GCF_053209605.1;GCF_905400185.1;MF6	DNA topoisomerase (ATP-hydrolyzing) subunit B
chr1_clade_core	GCF_016899425.1|KEDGBJ_00062	COG3038	C		5	5	GCF_016899425.1;GCF_053038975.1;GCF_053209605.1;GCF_905400185.1;MF6	Cytochrome b561
chr1_clade_core	GCF_016899425.1|KEDGBJ_00063	COG0753	P	03781	5	5	GCF_016899425.1;GCF_053038975.1;GCF_053209605.1;GCF_905400185.1;MF6	Catalase-related peroxidase
chr1_clade_core	GCF_016899425.1|KEDGBJ_00064	COG1595	K		5	5	GCF_016899425.1;GCF_053038975.1;GCF_053209605.1;GCF_905400185.1;MF6	ECF RNA polymerase sigma factor EcfG
chr1_clade_core	GCF_016899425.1|KEDGBJ_00065	COG5662	K		5	5	GCF_016899425.1;GCF_053038975.1;GCF_053209605.1;GCF_905400185.1;MF6	Transmembrane regulator protein PrtR
chr1_clade_core	GCF_016899425.1|KEDGBJ_00070				5	5	GCF_016899425.1;GCF_053038975.1;GCF_053209605.1;GCF_905400185.1;MF6	DUF2628 domain-containing protein
chr1_clade_core	GCF_016899425.1|KEDGBJ_00071	COG1595	K		5	5	GCF_016899425.1;GCF_053038975.1;GCF_053209605.1;GCF_905400185.1;MF6	RNA polymerase sigma factor, sigma-70 family
chr1_clade_core	GCF_016899425.1|KEDGBJ_00072	COG2128	P		5	5	GCF_016899425.1;GCF_053038975.1;GCF_053209605.1;GCF_905400185.1;MF6	Carboxymuconolactone decarboxylase-like domain-containing protein
chr1_clade_core	GCF_016899425.1|KEDGBJ_00073				5	5	GCF_016899425.1;GCF_053038975.1;GCF_053209605.1;GCF_905400185.1;MF6	ergothioneine biosynthesis protein EgtB
chr1_clade_core	GCF_016899425.1|KEDGBJ_00074	COG4301	R		5	5	GCF_016899425.1;GCF_053038975.1;GCF_053209605.1;GCF_905400185.1;MF6	L-histidine N(alpha)-methyltransferase
chr1_clade_core	GCF_016899425.1|KEDGBJ_00075				5	5	GCF_016899425.1;GCF_053038975.1;GCF_053209605.1;GCF_905400185.1;MF6	PXPV repeat-containing protein
chr1_clade_core	GCF_016899425.1|KEDGBJ_00076				5	5	GCF_016899425.1;GCF_053038975.1;GCF_053209605.1;GCF_905400185.1;MF6	Glycine zipper 2TM domain protein
chr1_clade_core	GCF_016899425.1|KEDGBJ_00078	COG3587	V	01156	5	5	GCF_016899425.1;GCF_053038975.1;GCF_053209605.1;GCF_905400185.1;MF6	Type III restriction enzyme
chr1_clade_core	GCF_016899425.1|KEDGBJ_00079	COG2189	L		5	5	GCF_016899425.1;GCF_053038975.1;GCF_053209605.1;GCF_905400185.1;MF6	site-specific DNA-methyltransferase (adenine-specific)
chr1_clade_core	GCF_016899425.1|KEDGBJ_00086	COG1684	N	02421	5	5	GCF_016899425.1;GCF_053038975.1;GCF_053209605.1;GCF_905400185.1;MF6	flagellar biosynthetic protein FliR
chr1_clade_core	GCF_016899425.1|KEDGBJ_00087	COG1987	N	02420	5	5	GCF_016899425.1;GCF_053038975.1;GCF_053209605.1;GCF_905400185.1;MF6	flagellar biosynthesis protein FliQ
chr1_clade_core	GCF_016899425.1|KEDGBJ_00088	COG1338	N	02419	5	5	GCF_016899425.1;GCF_053038975.1;GCF_053209605.1;GCF_905400185.1;MF6	flagellar type III secretion system pore protein FliP
chr1_clade_core	GCF_016899425.1|KEDGBJ_00089				5	5	GCF_016899425.1;GCF_053038975.1;GCF_053209605.1;GCF_905400185.1;MF6	flagellar biosynthetic protein FliO
chr1_clade_core	GCF_016899425.1|KEDGBJ_00090	COG1886	NU		5	5	GCF_016899425.1;GCF_053038975.1;GCF_053209605.1;GCF_905400185.1;MF6	Flagellar motor switch protein FliN
chr1_clade_core	GCF_016899425.1|KEDGBJ_00091				5	5	GCF_016899425.1;GCF_053038975.1;GCF_053209605.1;GCF_905400185.1;MF6	flagellar motor switch protein FliM
chr1_clade_core	GCF_016899425.1|KEDGBJ_00092			02415	5	5	GCF_016899425.1;GCF_053038975.1;GCF_053209605.1;GCF_905400185.1;MF6	flagellar basal body-associated protein FliL
chr1_clade_core	GCF_016899425.1|KEDGBJ_00093	COG1346	M		5	5	GCF_016899425.1;GCF_053038975.1;GCF_053209605.1;GCF_905400185.1;MF6	LrgB family protein
chr1_clade_core	GCF_016899425.1|KEDGBJ_00094				5	5	GCF_016899425.1;GCF_053038975.1;GCF_053209605.1;GCF_905400185.1;MF6	Holin-like protein CidA
chr1_clade_core	GCF_016899425.1|KEDGBJ_00095	COG0583	K		5	5	GCF_016899425.1;GCF_053038975.1;GCF_053209605.1;GCF_905400185.1;MF6	HTH-type transcriptional regulator GltC
chr1_clade_core	GCF_016899425.1|KEDGBJ_00099	COG1846	K		5	5	GCF_016899425.1;GCF_053038975.1;GCF_053209605.1;GCF_905400185.1;MF6	Multiple antibiotic resistance protein MarR
chr1_clade_core	GCF_016899425.1|KEDGBJ_00102	COG6001	U		5	5	GCF_016899425.1;GCF_053038975.1;GCF_053209605.1;GCF_905400185.1;MF6	Type II secretion system protein N
chr1_clade_core	GCF_016899425.1|KEDGBJ_00103	COG3149	U		5	5	GCF_016899425.1;GCF_053038975.1;GCF_053209605.1;GCF_905400185.1;MF6	Type II secretion system protein M
chr1_clade_core	GCF_016899425.1|KEDGBJ_00104	COG3297	U	02461	5	5	GCF_016899425.1;GCF_053038975.1;GCF_053209605.1;GCF_905400185.1;MF6	type II secretion system protein GspL
chr1_clade_core	GCF_016899425.1|KEDGBJ_00105	COG3156	U		5	5	GCF_016899425.1;GCF_053038975.1;GCF_053209605.1;GCF_905400185.1;MF6	type II secretion system minor pseudopilin GspK
chr1_clade_core	GCF_016899425.1|KEDGBJ_00106				5	5	GCF_016899425.1;GCF_053038975.1;GCF_053209605.1;GCF_905400185.1;MF6	Prepilin-type N-terminal cleavage/methylation domain-containing protein
chr1_clade_core	GCF_016899425.1|KEDGBJ_00107				5	5	GCF_016899425.1;GCF_053038975.1;GCF_053209605.1;GCF_905400185.1;MF6	type II secretion system minor pseudopilin GspI
chr1_clade_core	GCF_016899425.1|KEDGBJ_00109	COG2165	NU		5	5	GCF_016899425.1;GCF_053038975.1;GCF_053209605.1;GCF_905400185.1;MF6	type II secretion system major pseudopilin GspG
chr1_clade_core	GCF_016899425.1|KEDGBJ_00110				5	5	GCF_016899425.1;GCF_053038975.1;GCF_053209605.1;GCF_905400185.1;MF6	General secretion pathway protein C
chr1_clade_core	GCF_016899425.1|KEDGBJ_00111	COG1459	NU		5	5	GCF_016899425.1;GCF_053038975.1;GCF_053209605.1;GCF_905400185.1;MF6	type II secretion system inner membrane protein GspF
chr1_clade_core	GCF_016899425.1|KEDGBJ_00112	COG2804	NU		5	5	GCF_016899425.1;GCF_053038975.1;GCF_053209605.1;GCF_905400185.1;MF6	type II secretion system ATPase GspE
chr1_clade_core	GCF_016899425.1|KEDGBJ_00113				5	5	GCF_016899425.1;GCF_053038975.1;GCF_053209605.1;GCF_905400185.1;MF6	type II secretion system secretin GspD
chr1_clade_core	GCF_016899425.1|KEDGBJ_00115	COG0523	R		5	5	GCF_016899425.1;GCF_053038975.1;GCF_053209605.1;GCF_905400185.1;MF6	Cobalamin synthesis protein, P47K
chr1_clade_core	GCF_016899425.1|KEDGBJ_00116	COG0776	B		5	5	GCF_016899425.1;GCF_053038975.1;GCF_053209605.1;GCF_905400185.1;MF6	DNA-binding protein HU-beta
chr1_clade_core	GCF_016899425.1|KEDGBJ_00117			15461	5	5	GCF_016899425.1;GCF_053038975.1;GCF_053209605.1;GCF_905400185.1;MF6	bifunctional tRNA (5-methylaminomethyl-2-thiouridine)(34)-methyltransferase MnmD/FAD-dependent 5-carboxymethylaminomethyl-2-thiouridine(34) oxidoreductase MnmC
chr1_clade_core	GCF_016899425.1|KEDGBJ_00118	COG0475	P		5	5	GCF_016899425.1;GCF_053038975.1;GCF_053209605.1;GCF_905400185.1;MF6	Sodium/hydrogen exchanger family protein
chr1_clade_core	GCF_016899425.1|KEDGBJ_00119	COG2170	O		5	5	GCF_016899425.1;GCF_053038975.1;GCF_053209605.1;GCF_905400185.1;MF6	YbdK family carboxylate-amine ligase
chr1_clade_core	GCF_016899425.1|KEDGBJ_00121	COG0518	F	01951	5	5	GCF_016899425.1;GCF_053038975.1;GCF_053209605.1;GCF_905400185.1;MF6	glutamine amidotransferase
chr1_clade_core	GCF_016899425.1|KEDGBJ_00122	COG1902	C		5	5	GCF_016899425.1;GCF_053038975.1;GCF_053209605.1;GCF_905400185.1;MF6	NADH-flavin oxidoreductase/NADH oxidase
chr1_clade_core	GCF_016899425.1|KEDGBJ_00123	COG2940	R		5	5	GCF_016899425.1;GCF_053038975.1;GCF_053209605.1;GCF_905400185.1;MF6	SET domain-containing protein-lysine N-methyltransferase
chr1_clade_core	GCF_016899425.1|KEDGBJ_00124	COG0642	T	07649	5	5	GCF_016899425.1;GCF_053038975.1;GCF_053209605.1;GCF_905400185.1;MF6	histidine kinase
chr1_clade_core	GCF_016899425.1|KEDGBJ_00125	COG0745	TK		5	5	GCF_016899425.1;GCF_053038975.1;GCF_053209605.1;GCF_905400185.1;MF6	Transcriptional regulatory protein tctD
chr1_clade_core	GCF_016899425.1|KEDGBJ_00126				5	5	GCF_016899425.1;GCF_053038975.1;GCF_053209605.1;GCF_905400185.1;MF6	DUF3717 domain-containing protein
chr1_clade_core	GCF_016899425.1|KEDGBJ_00127			01724	5	5	GCF_016899425.1;GCF_053038975.1;GCF_053209605.1;GCF_905400185.1;MF6	4a-hydroxytetrahydrobiopterin dehydratase
chr1_clade_core	GCF_016899425.1|KEDGBJ_00128				5	5	GCF_016899425.1;GCF_053038975.1;GCF_053209605.1;GCF_905400185.1;MF6	phenylalanine 4-monooxygenase
chr1_clade_core	GCF_016899425.1|KEDGBJ_00129	COG1522	K		5	5	GCF_016899425.1;GCF_053038975.1;GCF_053209605.1;GCF_905400185.1;MF6	Leucine-responsive regulatory protein
chr1_clade_core	GCF_016899425.1|KEDGBJ_00130	COG1437	TR		5	5	GCF_016899425.1;GCF_053038975.1;GCF_053209605.1;GCF_905400185.1;MF6	Adenylate cyclase
chr1_clade_core	GCF_016899425.1|KEDGBJ_00131	COG0583	K		5	5	GCF_016899425.1;GCF_053038975.1;GCF_053209605.1;GCF_905400185.1;MF6	HTH-type transcriptional regulator HdfR
chr1_clade_core	GCF_016899425.1|KEDGBJ_00132	COG2303	IR		5	5	GCF_016899425.1;GCF_053038975.1;GCF_053209605.1;GCF_905400185.1;MF6	Choline dehydrogenase
chr1_clade_core	GCF_016899425.1|KEDGBJ_00133	COG0411	E		5	5	GCF_016899425.1;GCF_053038975.1;GCF_053209605.1;GCF_905400185.1;MF6	ABC transporter domain-containing protein
chr1_clade_core	GCF_016899425.1|KEDGBJ_00134	COG0410	E		5	5	GCF_016899425.1;GCF_053038975.1;GCF_053209605.1;GCF_905400185.1;MF6	Branched chain amino acid ABC transporter ATPase
chr1_clade_core	GCF_016899425.1|KEDGBJ_00135	COG0683	E		5	5	GCF_016899425.1;GCF_053038975.1;GCF_053209605.1;GCF_905400185.1;MF6	Leucine-binding protein domain-containing protein
chr1_clade_core	GCF_016899425.1|KEDGBJ_00136	COG0559	E		5	5	GCF_016899425.1;GCF_053038975.1;GCF_053209605.1;GCF_905400185.1;MF6	Branched-chain amino acid ABC transporter permease
chr1_clade_core	GCF_016899425.1|KEDGBJ_00137	COG4177	E		5	5	GCF_016899425.1;GCF_053038975.1;GCF_053209605.1;GCF_905400185.1;MF6	ABC transporter permease
chr1_clade_core	GCF_016899425.1|KEDGBJ_00139				5	5	GCF_016899425.1;GCF_053038975.1;GCF_053209605.1;GCF_905400185.1;MF6	hypothetical protein
chr1_clade_core	GCF_016899425.1|KEDGBJ_00140	COG0683	E		5	5	GCF_016899425.1;GCF_053038975.1;GCF_053209605.1;GCF_905400185.1;MF6	Branched-chain amino acid transport system substrate-binding protein
chr1_clade_core	GCF_016899425.1|KEDGBJ_00141	COG0559	E		5	5	GCF_016899425.1;GCF_053038975.1;GCF_053209605.1;GCF_905400185.1;MF6	Branched-chain amino acid ABC transporter permease
chr1_clade_core	GCF_016899425.1|KEDGBJ_00142	COG4177	E		5	5	GCF_016899425.1;GCF_053038975.1;GCF_053209605.1;GCF_905400185.1;MF6	ABC transporter domain-containing protein
chr1_clade_core	GCF_016899425.1|KEDGBJ_00143	COG0410	E		5	5	GCF_016899425.1;GCF_053038975.1;GCF_053209605.1;GCF_905400185.1;MF6	Amino acid/amide ABC transporter ATP-binding protein 2, HAAT family
chr1_clade_core	GCF_016899425.1|KEDGBJ_00144	COG0445	J	03495	5	5	GCF_016899425.1;GCF_053038975.1;GCF_053209605.1;GCF_905400185.1;MF6	tRNA uridine-5-carboxymethylaminomethyl(34) synthesis enzyme MnmG
chr1_clade_core	GCF_016899425.1|KEDGBJ_00145	COG0357	J	03501	5	5	GCF_016899425.1;GCF_053038975.1;GCF_053209605.1;GCF_905400185.1;MF6	16S rRNA (guanine(527)-N(7))-methyltransferase RsmG
chr1_clade_core	GCF_016899425.1|KEDGBJ_00146	COG1192	DN	03496	5	5	GCF_016899425.1;GCF_053038975.1;GCF_053209605.1;GCF_905400185.1;MF6	Chromosome partitioning protein
chr1_clade_core	GCF_016899425.1|KEDGBJ_00147	COG1475	D		5	5	GCF_016899425.1;GCF_053038975.1;GCF_053209605.1;GCF_905400185.1;MF6	Chromosome partitioning protein
chr1_clade_core	GCF_016899425.1|KEDGBJ_00148	COG1055	P		5	5	GCF_016899425.1;GCF_053038975.1;GCF_053209605.1;GCF_905400185.1;MF6	Citrate transporter
chr1_clade_core	GCF_016899425.1|KEDGBJ_00149	COG3312	C		5	5	GCF_016899425.1;GCF_053038975.1;GCF_053209605.1;GCF_905400185.1;MF6	ATP synthase I chain
chr1_clade_core	GCF_016899425.1|KEDGBJ_00150	COG0356	C	02108	5	5	GCF_016899425.1;GCF_053038975.1;GCF_053209605.1;GCF_905400185.1;MF6	F0F1 ATP synthase subunit A
chr1_clade_core	GCF_016899425.1|KEDGBJ_00151	COG0636	C		5	5	GCF_016899425.1;GCF_053038975.1;GCF_053209605.1;GCF_905400185.1;MF6	F0F1 ATP synthase subunit C
chr1_clade_core	GCF_016899425.1|KEDGBJ_00152	COG0711	C		5	5	GCF_016899425.1;GCF_053038975.1;GCF_053209605.1;GCF_905400185.1;MF6	F0F1 ATP synthase subunit B
chr1_clade_core	GCF_016899425.1|KEDGBJ_00153	COG0712	C		5	5	GCF_016899425.1;GCF_053038975.1;GCF_053209605.1;GCF_905400185.1;MF6	F0F1 ATP synthase subunit delta
chr1_clade_core	GCF_016899425.1|KEDGBJ_00154	COG0056	C		5	5	GCF_016899425.1;GCF_053038975.1;GCF_053209605.1;GCF_905400185.1;MF6	F0F1 ATP synthase subunit alpha
chr1_clade_core	GCF_016899425.1|KEDGBJ_00155	COG0224	C	02115	5	5	GCF_016899425.1;GCF_053038975.1;GCF_053209605.1;GCF_905400185.1;MF6	F0F1 ATP synthase subunit gamma
chr1_clade_core	GCF_016899425.1|KEDGBJ_00156	COG0055	C		5	5	GCF_016899425.1;GCF_053038975.1;GCF_053209605.1;GCF_905400185.1;MF6	F0F1 ATP synthase subunit beta
chr1_clade_core	GCF_016899425.1|KEDGBJ_00157	COG0355	C		5	5	GCF_016899425.1;GCF_053038975.1;GCF_053209605.1;GCF_905400185.1;MF6	F0F1 ATP synthase subunit epsilon
chr1_clade_core	GCF_016899425.1|KEDGBJ_00158	COG0318	I		5	5	GCF_016899425.1;GCF_053038975.1;GCF_053209605.1;GCF_905400185.1;MF6	Long-chain fatty-acid-CoA ligase
chr1_clade_core	GCF_016899425.1|KEDGBJ_00160				5	5	GCF_016899425.1;GCF_053038975.1;GCF_053209605.1;GCF_905400185.1;MF6	Arogenate dehydratase
chr1_clade_core	GCF_016899425.1|KEDGBJ_00161			01599	5	5	GCF_016899425.1;GCF_053038975.1;GCF_053209605.1;GCF_905400185.1;MF6	uroporphyrinogen decarboxylase
chr1_clade_core	GCF_016899425.1|KEDGBJ_00162	COG1198	L	04066	5	5	GCF_016899425.1;GCF_053038975.1;GCF_053209605.1;GCF_905400185.1;MF6	primosomal protein N'
chr1_clade_core	GCF_016899425.1|KEDGBJ_00163	COG4230	E		5	5	GCF_016899425.1;GCF_053038975.1;GCF_053209605.1;GCF_905400185.1;MF6	trifunctional transcriptional regulator/proline dehydrogenase/L-glutamate gamma-semialdehyde dehydrogenase
chr1_clade_core	GCF_016899425.1|KEDGBJ_00164	COG0683	E		5	5	GCF_016899425.1;GCF_053038975.1;GCF_053209605.1;GCF_905400185.1;MF6	Leucine-binding protein domain-containing protein
chr1_clade_core	GCF_016899425.1|KEDGBJ_00168	COG0318	I		5	5	GCF_016899425.1;GCF_053038975.1;GCF_053209605.1;GCF_905400185.1;MF6	AMP-dependent synthetase/ligase
chr1_clade_core	GCF_016899425.1|KEDGBJ_00169	COG1960	I	09456	5	5	GCF_016899425.1;GCF_053038975.1;GCF_053209605.1;GCF_905400185.1;MF6	AidB protein
chr1_clade_core	GCF_016899425.1|KEDGBJ_00170	COG1309	K		5	5	GCF_016899425.1;GCF_053038975.1;GCF_053209605.1;GCF_905400185.1;MF6	HTH-type transcriptional regulator BetI
chr1_clade_core	GCF_016899425.1|KEDGBJ_00171	COG0436	E		5	5	GCF_016899425.1;GCF_053038975.1;GCF_053209605.1;GCF_905400185.1;MF6	Aminotransferase
chr1_clade_core	GCF_016899425.1|KEDGBJ_00172	COG0834	ET		5	5	GCF_016899425.1;GCF_053038975.1;GCF_053209605.1;GCF_905400185.1;MF6	Solute-binding protein family 3/N-terminal domain-containing protein
chr1_clade_core	GCF_016899425.1|KEDGBJ_00173	COG0277	C		5	5	GCF_016899425.1;GCF_053038975.1;GCF_053209605.1;GCF_905400185.1;MF6	FAD linked oxidase-like protein
chr1_clade_core	GCF_016899425.1|KEDGBJ_00175	COG0789	K		5	5	GCF_016899425.1;GCF_053038975.1;GCF_053209605.1;GCF_905400185.1;MF6	Cd(II)/Pb(II)-responsive transcriptional regulator
chr1_clade_core	GCF_016899425.1|KEDGBJ_00176				5	5	GCF_016899425.1;GCF_053038975.1;GCF_053209605.1;GCF_905400185.1;MF6	Copper-translocating P-type ATPase
chr1_clade_core	GCF_016899425.1|KEDGBJ_00177				5	5	GCF_016899425.1;GCF_053038975.1;GCF_053209605.1;GCF_905400185.1;MF6	DZANK-type domain-containing protein
chr1_clade_core	GCF_016899425.1|KEDGBJ_00178				5	5	GCF_016899425.1;GCF_053038975.1;GCF_053209605.1;GCF_905400185.1;MF6	AraC family transcriptional regulator
chr1_clade_core	GCF_016899425.1|KEDGBJ_00179				5	5	GCF_016899425.1;GCF_053038975.1;GCF_053209605.1;GCF_905400185.1;MF6	Small-conductance mechanosensitive channel
chr1_clade_core	GCF_016899425.1|KEDGBJ_00180			16238	5	5	GCF_016899425.1;GCF_053038975.1;GCF_053209605.1;GCF_905400185.1;MF6	ethanolamine permease
chr1_clade_core	GCF_016899425.1|KEDGBJ_00181	COG4303	E	03735	5	5	GCF_016899425.1;GCF_053038975.1;GCF_053209605.1;GCF_905400185.1;MF6	Ethanolamine ammonia-lyase large subunit
chr1_clade_core	GCF_016899425.1|KEDGBJ_00187	COG0583	K	18900	5	5	GCF_016899425.1;GCF_053038975.1;GCF_053209605.1;GCF_905400185.1;MF6	HTH lysR-type domain-containing protein
chr1_clade_core	GCF_016899425.1|KEDGBJ_00189			07006	5	5	GCF_016899425.1;GCF_053038975.1;GCF_053209605.1;GCF_905400185.1;MF6	Pyridoxamine 5'-phosphate oxidase
chr1_clade_core	GCF_016899425.1|KEDGBJ_00190	COG1012	I		5	5	GCF_016899425.1;GCF_053038975.1;GCF_053209605.1;GCF_905400185.1;MF6	Aldehyde dehydrogenase
chr1_clade_core	GCF_016899425.1|KEDGBJ_00192	COG2207	K		5	5	GCF_016899425.1;GCF_053038975.1;GCF_053209605.1;GCF_905400185.1;MF6	AraC family transcriptional regulator
chr1_clade_core	GCF_016899425.1|KEDGBJ_00193				5	5	GCF_016899425.1;GCF_053038975.1;GCF_053209605.1;GCF_905400185.1;MF6	ADP-heptose--LPS heptosyltransferase
chr1_clade_core	GCF_016899425.1|KEDGBJ_00194	COG0028	EH	01652	5	5	GCF_016899425.1;GCF_053038975.1;GCF_053209605.1;GCF_905400185.1;MF6	Thiamine pyrophosphate-binding protein
chr1_clade_core	GCF_016899425.1|KEDGBJ_00195				5	5	GCF_016899425.1;GCF_053038975.1;GCF_053209605.1;GCF_905400185.1;MF6	Type II toxin-antitoxin system mRNA interferase toxin, RelE/StbE family
chr1_clade_core	GCF_016899425.1|KEDGBJ_00196			18829	5	5	GCF_016899425.1;GCF_053038975.1;GCF_053209605.1;GCF_905400185.1;MF6	AbrB family transcriptional regulator
chr1_clade_core	GCF_016899425.1|KEDGBJ_00197	COG1760	E	01752	5	5	GCF_016899425.1;GCF_053038975.1;GCF_053209605.1;GCF_905400185.1;MF6	L-serine ammonia-lyase
chr1_clade_core	GCF_016899425.1|KEDGBJ_00199	COG1003	E	00281	5	5	GCF_016899425.1;GCF_053038975.1;GCF_053209605.1;GCF_905400185.1;MF6	aminomethyl-transferring glycine dehydrogenase
chr1_clade_core	GCF_016899425.1|KEDGBJ_00200				5	5	GCF_016899425.1;GCF_053038975.1;GCF_053209605.1;GCF_905400185.1;MF6	glycine cleavage system protein GcvH
chr1_clade_core	GCF_016899425.1|KEDGBJ_00201	COG0404	E		5	5	GCF_016899425.1;GCF_053038975.1;GCF_053209605.1;GCF_905400185.1;MF6	glycine cleavage system aminomethyltransferase GcvT
chr1_clade_core	GCF_016899425.1|KEDGBJ_00202				5	5	GCF_016899425.1;GCF_053038975.1;GCF_053209605.1;GCF_905400185.1;MF6	Lipoprotein
chr1_clade_core	GCF_016899425.1|KEDGBJ_00203	COG0673	R		5	5	GCF_016899425.1;GCF_053038975.1;GCF_053209605.1;GCF_905400185.1;MF6	Oxidoreductase-like protein
chr1_clade_core	GCF_016899425.1|KEDGBJ_00205	COG0210	L	03656	5	5	GCF_016899425.1;GCF_053038975.1;GCF_053209605.1;GCF_905400185.1;MF6	ATP-dependent DNA helicase Rep
chr1_clade_core	GCF_016899425.1|KEDGBJ_00206	COG3245	C		5	5	GCF_016899425.1;GCF_053038975.1;GCF_053209605.1;GCF_905400185.1;MF6	Cytochrome c, class I
chr1_clade_core	GCF_016899425.1|KEDGBJ_00210				5	5	GCF_016899425.1;GCF_053038975.1;GCF_053209605.1;GCF_905400185.1;MF6	Glycosyltransferase
chr1_clade_core	GCF_016899425.1|KEDGBJ_00211			02805	5	5	GCF_016899425.1;GCF_053038975.1;GCF_053209605.1;GCF_905400185.1;MF6	dTDP-4-amino-4,6-dideoxygalactose transaminase
chr1_clade_core	GCF_016899425.1|KEDGBJ_00212				5	5	GCF_016899425.1;GCF_053038975.1;GCF_053209605.1;GCF_905400185.1;MF6	Class I SAM-dependent methyltransferase
chr1_clade_core	GCF_016899425.1|KEDGBJ_00213				5	5	GCF_016899425.1;GCF_053038975.1;GCF_053209605.1;GCF_905400185.1;MF6	WbqC-like protein
chr1_clade_core	GCF_016899425.1|KEDGBJ_00214				5	5	GCF_016899425.1;GCF_053038975.1;GCF_053209605.1;GCF_905400185.1;MF6	FAD-binding oxidoreductase
chr1_clade_core	GCF_016899425.1|KEDGBJ_00215				5	5	GCF_016899425.1;GCF_053038975.1;GCF_053209605.1;GCF_905400185.1;MF6	Class I SAM-dependent methyltransferase
chr1_clade_core	GCF_016899425.1|KEDGBJ_00216				5	5	GCF_016899425.1;GCF_053038975.1;GCF_053209605.1;GCF_905400185.1;MF6	protein O-GlcNAc transferase
chr1_clade_core	GCF_016899425.1|KEDGBJ_00218				5	5	GCF_016899425.1;GCF_053038975.1;GCF_053209605.1;GCF_905400185.1;MF6	protein O-GlcNAc transferase
chr1_clade_core	GCF_016899425.1|KEDGBJ_00219				5	5	GCF_016899425.1;GCF_053038975.1;GCF_053209605.1;GCF_905400185.1;MF6	Flagellar protein FliT
chr1_clade_core	GCF_016899425.1|KEDGBJ_00221			02406	5	5	GCF_016899425.1;GCF_053038975.1;GCF_053209605.1;GCF_905400185.1;MF6	flagellin domain-containing protein
chr1_clade_core	GCF_016899425.1|KEDGBJ_00222	COG0828	J		5	5	GCF_016899425.1;GCF_053038975.1;GCF_053209605.1;GCF_905400185.1;MF6	30S ribosomal protein S21
chr1_clade_core	GCF_016899425.1|KEDGBJ_00223	COG3182	P		5	5	GCF_016899425.1;GCF_053038975.1;GCF_053209605.1;GCF_905400185.1;MF6	Peptidase
chr1_clade_core	GCF_016899425.1|KEDGBJ_00224	COG2818	L		5	5	GCF_016899425.1;GCF_053038975.1;GCF_053209605.1;GCF_905400185.1;MF6	DNA-3-methyladenine glycosylase I
chr1_clade_core	GCF_016899425.1|KEDGBJ_00225	COG2971	G	18676	5	5	GCF_016899425.1;GCF_053038975.1;GCF_053209605.1;GCF_905400185.1;MF6	N-acetylglucosamine kinase
chr1_clade_core	GCF_016899425.1|KEDGBJ_00226				5	5	GCF_016899425.1;GCF_053038975.1;GCF_053209605.1;GCF_905400185.1;MF6	Haloacid dehalogenase-like hydrolase
chr1_clade_core	GCF_016899425.1|KEDGBJ_00228	COG2916	B		5	5	GCF_016899425.1;GCF_053038975.1;GCF_053209605.1;GCF_905400185.1;MF6	Histone family protein nucleoid-structuring protein H-NS
chr1_clade_core	GCF_016899425.1|KEDGBJ_00229	COG0438	M		5	5	GCF_016899425.1;GCF_053038975.1;GCF_053209605.1;GCF_905400185.1;MF6	Glycosyl transferase
chr1_clade_core	GCF_016899425.1|KEDGBJ_00230			02403	5	5	GCF_016899425.1;GCF_053038975.1;GCF_053209605.1;GCF_905400185.1;MF6	flagellar transcriptional regulator FlhD
chr1_clade_core	GCF_016899425.1|KEDGBJ_00231				5	5	GCF_016899425.1;GCF_053038975.1;GCF_053209605.1;GCF_905400185.1;MF6	flagellar transcriptional regulator FlhC
chr1_clade_core	GCF_016899425.1|KEDGBJ_00232	COG1291	N	02556	5	5	GCF_016899425.1;GCF_053038975.1;GCF_053209605.1;GCF_905400185.1;MF6	flagellar motor protein MotA
chr1_clade_core	GCF_016899425.1|KEDGBJ_00233	COG1360	N		5	5	GCF_016899425.1;GCF_053038975.1;GCF_053209605.1;GCF_905400185.1;MF6	flagellar motor protein MotB
chr1_clade_core	GCF_016899425.1|KEDGBJ_00234	COG0745	TK		5	5	GCF_016899425.1;GCF_053038975.1;GCF_053209605.1;GCF_905400185.1;MF6	Two-component system response regulator
chr1_clade_core	GCF_016899425.1|KEDGBJ_00235	COG0643	T		5	5	GCF_016899425.1;GCF_053038975.1;GCF_053209605.1;GCF_905400185.1;MF6	chemotaxis protein CheA
chr1_clade_core	GCF_016899425.1|KEDGBJ_00236			03408	5	5	GCF_016899425.1;GCF_053038975.1;GCF_053209605.1;GCF_905400185.1;MF6	chemotaxis protein CheW
chr1_clade_core	GCF_016899425.1|KEDGBJ_00239			03411	5	5	GCF_016899425.1;GCF_053038975.1;GCF_053209605.1;GCF_905400185.1;MF6	chemoreceptor glutamine deamidase CheD
chr1_clade_core	GCF_016899425.1|KEDGBJ_00240	COG2201	T		5	5	GCF_016899425.1;GCF_053038975.1;GCF_053209605.1;GCF_905400185.1;MF6	Protein-glutamate methylesterase/protein-glutamine glutaminase
chr1_clade_core	GCF_016899425.1|KEDGBJ_00241	COG0745	TK		5	5	GCF_016899425.1;GCF_053038975.1;GCF_053209605.1;GCF_905400185.1;MF6	chemotaxis protein CheY
chr1_clade_core	GCF_016899425.1|KEDGBJ_00242	COG3143	NT		5	5	GCF_016899425.1;GCF_053038975.1;GCF_053209605.1;GCF_905400185.1;MF6	protein phosphatase CheZ
chr1_clade_core	GCF_016899425.1|KEDGBJ_00243				5	5	GCF_016899425.1;GCF_053038975.1;GCF_053209605.1;GCF_905400185.1;MF6	DUF2844 domain-containing protein
chr1_clade_core	GCF_016899425.1|KEDGBJ_00244				5	5	GCF_016899425.1;GCF_053038975.1;GCF_053209605.1;GCF_905400185.1;MF6	Lipoprotein
chr1_clade_core	GCF_016899425.1|KEDGBJ_00245	COG3865	R		5	5	GCF_016899425.1;GCF_053038975.1;GCF_053209605.1;GCF_905400185.1;MF6	PhnB-like domain-containing protein
chr1_clade_core	GCF_016899425.1|KEDGBJ_00246				5	5	GCF_016899425.1;GCF_053038975.1;GCF_053209605.1;GCF_905400185.1;MF6	Membrane protein
chr1_clade_core	GCF_016899425.1|KEDGBJ_00247	COG1377	N	02401	5	5	GCF_016899425.1;GCF_053038975.1;GCF_053209605.1;GCF_905400185.1;MF6	flagellar biosynthesis protein FlhB
chr1_clade_core	GCF_016899425.1|KEDGBJ_00248	COG1298	N	02400	5	5	GCF_016899425.1;GCF_053038975.1;GCF_053209605.1;GCF_905400185.1;MF6	flagellar biosynthesis protein FlhA
chr1_clade_core	GCF_016899425.1|KEDGBJ_00250	COG0455	DN		5	5	GCF_016899425.1;GCF_053038975.1;GCF_053209605.1;GCF_905400185.1;MF6	CobQ/CobB/MinD/ParA nucleotide binding domain-containing protein
chr1_clade_core	GCF_016899425.1|KEDGBJ_00251	COG1191	K	02405	5	5	GCF_016899425.1;GCF_053038975.1;GCF_053209605.1;GCF_905400185.1;MF6	flagellar biosynthesis sigma factor
chr1_clade_core	GCF_016899425.1|KEDGBJ_00252	COG0499	H	01251	5	5	GCF_016899425.1;GCF_053038975.1;GCF_053209605.1;GCF_905400185.1;MF6	adenosylhomocysteinase
chr1_clade_core	GCF_016899425.1|KEDGBJ_00253	COG1950	S	08972	5	5	GCF_016899425.1;GCF_053038975.1;GCF_053209605.1;GCF_905400185.1;MF6	Phage holin family protein
chr1_clade_core	GCF_016899425.1|KEDGBJ_00254	COG0685	E		5	5	GCF_016899425.1;GCF_053038975.1;GCF_053209605.1;GCF_905400185.1;MF6	methylenetetrahydrofolate reductase [NAD(P)H]
chr1_clade_core	GCF_016899425.1|KEDGBJ_00255	COG0154	J		5	5	GCF_016899425.1;GCF_053038975.1;GCF_053209605.1;GCF_905400185.1;MF6	Amidase
chr1_clade_core	GCF_016899425.1|KEDGBJ_00256	COG0412	Q		5	5	GCF_016899425.1;GCF_053038975.1;GCF_053209605.1;GCF_905400185.1;MF6	Carboxymethylenebutenolidase
chr1_clade_core	GCF_016899425.1|KEDGBJ_00257				5	5	GCF_016899425.1;GCF_053038975.1;GCF_053209605.1;GCF_905400185.1;MF6	Propionate 3-nitronate monooxygenase
chr1_clade_core	GCF_016899425.1|KEDGBJ_00258	COG0683	E		5	5	GCF_016899425.1;GCF_053038975.1;GCF_053209605.1;GCF_905400185.1;MF6	Leucine-binding protein domain-containing protein
chr1_clade_core	GCF_016899425.1|KEDGBJ_00259	COG0738	G		5	5	GCF_016899425.1;GCF_053038975.1;GCF_053209605.1;GCF_905400185.1;MF6	Inner membrane protein YbjJ
chr1_clade_core	GCF_016899425.1|KEDGBJ_00260				5	5	GCF_016899425.1;GCF_053038975.1;GCF_053209605.1;GCF_905400185.1;MF6	Pyridoxamine 5'-phosphate oxidase
chr1_clade_core	GCF_016899425.1|KEDGBJ_00261	COG2916	B		5	5	GCF_016899425.1;GCF_053038975.1;GCF_053209605.1;GCF_905400185.1;MF6	H-NS histone
chr1_clade_core	GCF_016899425.1|KEDGBJ_00262	COG0053	P	13283	5	5	GCF_016899425.1;GCF_053038975.1;GCF_053209605.1;GCF_905400185.1;MF6	Cation-efflux pump
chr1_clade_core	GCF_016899425.1|KEDGBJ_00263				5	5	GCF_016899425.1;GCF_053038975.1;GCF_053209605.1;GCF_905400185.1;MF6	AsnC family transcriptional regulator
chr1_clade_core	GCF_016899425.1|KEDGBJ_00264				5	5	GCF_016899425.1;GCF_053038975.1;GCF_053209605.1;GCF_905400185.1;MF6	Exonuclease
chr1_clade_core	GCF_016899425.1|KEDGBJ_00265	COG0491	R		5	5	GCF_016899425.1;GCF_053038975.1;GCF_053209605.1;GCF_905400185.1;MF6	Hydroxyacylglutathione hydrolase
chr1_clade_core	GCF_016899425.1|KEDGBJ_00266	COG0797	M		5	5	GCF_016899425.1;GCF_053038975.1;GCF_053209605.1;GCF_905400185.1;MF6	Endolytic peptidoglycan transglycosylase RlpA
chr1_clade_core	GCF_016899425.1|KEDGBJ_00267	COG0313	J	07056	5	5	GCF_016899425.1;GCF_053038975.1;GCF_053209605.1;GCF_905400185.1;MF6	16S rRNA (cytidine(1402)-2'-O)-methyltransferase
chr1_clade_core	GCF_016899425.1|KEDGBJ_00268			07460	5	5	GCF_016899425.1;GCF_053038975.1;GCF_053209605.1;GCF_905400185.1;MF6	YraN family protein
chr1_clade_core	GCF_016899425.1|KEDGBJ_00269	COG0279	G	03271	5	5	GCF_016899425.1;GCF_053038975.1;GCF_053209605.1;GCF_905400185.1;MF6	Phosphoheptose isomerase
chr1_clade_core	GCF_016899425.1|KEDGBJ_00270	COG2823	M	04065	5	5	GCF_016899425.1;GCF_053038975.1;GCF_053209605.1;GCF_905400185.1;MF6	BON domain-containing protein
chr1_clade_core	GCF_016899425.1|KEDGBJ_00271				5	5	GCF_016899425.1;GCF_053038975.1;GCF_053209605.1;GCF_905400185.1;MF6	Cytochrome C
chr1_clade_core	GCF_016899425.1|KEDGBJ_00273				5	5	GCF_016899425.1;GCF_053038975.1;GCF_053209605.1;GCF_905400185.1;MF6	Transmembrane protein
chr1_clade_core	GCF_016899425.1|KEDGBJ_00274	COG4948	MR	01706	5	5	GCF_016899425.1;GCF_053038975.1;GCF_053209605.1;GCF_905400185.1;MF6	glucarate dehydratase
chr1_clade_core	GCF_016899425.1|KEDGBJ_00275	COG2271	G		5	5	GCF_016899425.1;GCF_053038975.1;GCF_053209605.1;GCF_905400185.1;MF6	Glucarate transporter
chr1_clade_core	GCF_016899425.1|KEDGBJ_00276				5	5	GCF_016899425.1;GCF_053038975.1;GCF_053209605.1;GCF_905400185.1;MF6	HTH-type transcriptional regulator DmlR
chr1_clade_core	GCF_016899425.1|KEDGBJ_00277				5	5	GCF_016899425.1;GCF_053038975.1;GCF_053209605.1;GCF_905400185.1;MF6	Glutathione S-transferase
chr1_clade_core	GCF_016899425.1|KEDGBJ_00278			09965	5	5	GCF_016899425.1;GCF_053038975.1;GCF_053209605.1;GCF_905400185.1;MF6	DUF2239 domain-containing protein
chr1_clade_core	GCF_016899425.1|KEDGBJ_00279	COG3670	Q		5	5	GCF_016899425.1;GCF_053038975.1;GCF_053209605.1;GCF_905400185.1;MF6	Carotenoid cleavage oxygenase
chr1_clade_core	GCF_016899425.1|KEDGBJ_00280	COG4591	M		5	5	GCF_016899425.1;GCF_053038975.1;GCF_053209605.1;GCF_905400185.1;MF6	ABC transporter permease
chr1_clade_core	GCF_016899425.1|KEDGBJ_00281	COG4591	M		5	5	GCF_016899425.1;GCF_053038975.1;GCF_053209605.1;GCF_905400185.1;MF6	ABC transporter ATP-binding protein
chr1_clade_core	GCF_016899425.1|KEDGBJ_00282	COG1136	M		5	5	GCF_016899425.1;GCF_053038975.1;GCF_053209605.1;GCF_905400185.1;MF6	ABC transporter
chr1_clade_core	GCF_016899425.1|KEDGBJ_00283	COG1566	V		5	5	GCF_016899425.1;GCF_053038975.1;GCF_053209605.1;GCF_905400185.1;MF6	Macrolide-specific efflux protein macA,macrolide transporter subunit MacA,efflux transporter, RND family, MFP subunit,HlyD family secretion protein
chr1_clade_core	GCF_016899425.1|KEDGBJ_00284				5	5	GCF_016899425.1;GCF_053038975.1;GCF_053209605.1;GCF_905400185.1;MF6	DhaL domain-containing protein
chr1_clade_core	GCF_016899425.1|KEDGBJ_00285				5	5	GCF_016899425.1;GCF_053038975.1;GCF_053209605.1;GCF_905400185.1;MF6	2-hydroxy-3-oxopropionate reductase
chr1_clade_core	GCF_016899425.1|KEDGBJ_00287				5	5	GCF_016899425.1;GCF_053038975.1;GCF_053209605.1;GCF_905400185.1;MF6	MFS transporter
chr1_clade_core	GCF_016899425.1|KEDGBJ_00288	COG0583	K		5	5	GCF_016899425.1;GCF_053038975.1;GCF_053209605.1;GCF_905400185.1;MF6	HTH lysR-type domain-containing protein
chr1_clade_core	GCF_016899425.1|KEDGBJ_00290	COG3047	M	07275	5	5	GCF_016899425.1;GCF_053038975.1;GCF_053209605.1;GCF_905400185.1;MF6	OmpW family protein
chr1_clade_core	GCF_016899425.1|KEDGBJ_00291				5	5	GCF_016899425.1;GCF_053038975.1;GCF_053209605.1;GCF_905400185.1;MF6	Lipoprotein
chr1_clade_core	GCF_016899425.1|KEDGBJ_00292				5	5	GCF_016899425.1;GCF_053038975.1;GCF_053209605.1;GCF_905400185.1;MF6	DUF2957 domain-containing protein
chr1_clade_core	GCF_016899425.1|KEDGBJ_00293	COG0002	E		5	5	GCF_016899425.1;GCF_053038975.1;GCF_053209605.1;GCF_905400185.1;MF6	N-acetyl-gamma-glutamyl-phosphate reductase
chr1_clade_core	GCF_016899425.1|KEDGBJ_00294	COG0655	C		5	5	GCF_016899425.1;GCF_053038975.1;GCF_053209605.1;GCF_905400185.1;MF6	Flavoprotein WrbA
chr1_clade_core	GCF_016899425.1|KEDGBJ_00295				5	5	GCF_016899425.1;GCF_053038975.1;GCF_053209605.1;GCF_905400185.1;MF6	Phosphatidylethanolamine-binding protein
chr1_clade_core	GCF_016899425.1|KEDGBJ_00296	COG0461	F		5	5	GCF_016899425.1;GCF_053038975.1;GCF_053209605.1;GCF_905400185.1;MF6	orotate phosphoribosyltransferase
chr1_clade_core	GCF_016899425.1|KEDGBJ_00297	COG0281	C		5	5	GCF_016899425.1;GCF_053038975.1;GCF_053209605.1;GCF_905400185.1;MF6	Bifunctional malic enzyme oxidoreductase/phosphotransacetylase
chr1_clade_core	GCF_016899425.1|KEDGBJ_00298	COG4231	C	04090	5	5	GCF_016899425.1;GCF_053038975.1;GCF_053209605.1;GCF_905400185.1;MF6	4Fe-4S ferredoxin-type domain-containing protein
chr1_clade_core	GCF_016899425.1|KEDGBJ_00299				5	5	GCF_016899425.1;GCF_053038975.1;GCF_053209605.1;GCF_905400185.1;MF6	Outer membrane protein
chr1_clade_core	GCF_016899425.1|KEDGBJ_00300	COG3185	ER	00457	5	5	GCF_016899425.1;GCF_053038975.1;GCF_053209605.1;GCF_905400185.1;MF6	4-hydroxyphenylpyruvate dioxygenase
chr1_clade_core	GCF_016899425.1|KEDGBJ_00301	COG1522	K		5	5	GCF_016899425.1;GCF_053038975.1;GCF_053209605.1;GCF_905400185.1;MF6	AsnC family transcriptional regulator
chr1_clade_core	GCF_016899425.1|KEDGBJ_00302	COG1670	JO		5	5	GCF_016899425.1;GCF_053038975.1;GCF_053209605.1;GCF_905400185.1;MF6	GNAT family N-acetyltransferase
chr1_clade_core	GCF_016899425.1|KEDGBJ_00303	COG1309	K		5	5	GCF_016899425.1;GCF_053038975.1;GCF_053209605.1;GCF_905400185.1;MF6	TetR family transcriptional regulator
chr1_clade_core	GCF_016899425.1|KEDGBJ_00304				5	5	GCF_016899425.1;GCF_053038975.1;GCF_053209605.1;GCF_905400185.1;MF6	DUF1835 domain-containing protein
chr1_clade_core	GCF_016899425.1|KEDGBJ_00305	COG1018	C	02613	5	5	GCF_016899425.1;GCF_053038975.1;GCF_053209605.1;GCF_905400185.1;MF6	1,2-phenylacetyl-CoA epoxidase, subunit E
chr1_clade_core	GCF_016899425.1|KEDGBJ_00307	COG3396	Q	02611	5	5	GCF_016899425.1;GCF_053038975.1;GCF_053209605.1;GCF_905400185.1;MF6	1,2-phenylacetyl-CoA epoxidase subunit PaaC
chr1_clade_core	GCF_016899425.1|KEDGBJ_00308	COG3460	Q		5	5	GCF_016899425.1;GCF_053038975.1;GCF_053209605.1;GCF_905400185.1;MF6	1,2-phenylacetyl-CoA epoxidase subunit PaaB
chr1_clade_core	GCF_016899425.1|KEDGBJ_00309	COG3396	Q	02609	5	5	GCF_016899425.1;GCF_053038975.1;GCF_053209605.1;GCF_905400185.1;MF6	1,2-phenylacetyl-CoA epoxidase subunit PaaA
chr1_clade_core	GCF_016899425.1|KEDGBJ_00310	COG2755	DI		5	5	GCF_016899425.1;GCF_053038975.1;GCF_053209605.1;GCF_905400185.1;MF6	SGNH hydrolase-type esterase domain-containing protein
chr1_clade_core	GCF_016899425.1|KEDGBJ_00321	COG0690	U		5	5	GCF_016899425.1;GCF_053038975.1;GCF_053209605.1;GCF_905400185.1;MF6	preprotein translocase subunit SecE
chr1_clade_core	GCF_016899425.1|KEDGBJ_00322	COG0250	K	02601	5	5	GCF_016899425.1;GCF_053038975.1;GCF_053209605.1;GCF_905400185.1;MF6	transcription termination/antitermination protein NusG
chr1_clade_core	GCF_016899425.1|KEDGBJ_00323	COG0080	J	02867	5	5	GCF_016899425.1;GCF_053038975.1;GCF_053209605.1;GCF_905400185.1;MF6	50S ribosomal protein L11
chr1_clade_core	GCF_016899425.1|KEDGBJ_00324	COG0081	J	02863	5	5	GCF_016899425.1;GCF_053038975.1;GCF_053209605.1;GCF_905400185.1;MF6	50S ribosomal protein L1
chr1_clade_core	GCF_016899425.1|KEDGBJ_00325	COG0244	J		5	5	GCF_016899425.1;GCF_053038975.1;GCF_053209605.1;GCF_905400185.1;MF6	50S ribosomal protein L10
chr1_clade_core	GCF_016899425.1|KEDGBJ_00326				5	5	GCF_016899425.1;GCF_053038975.1;GCF_053209605.1;GCF_905400185.1;MF6	50S ribosomal protein L7/L12
chr1_clade_core	GCF_016899425.1|KEDGBJ_00327	COG0085	K	03043	5	5	GCF_016899425.1;GCF_053038975.1;GCF_053209605.1;GCF_905400185.1;MF6	DNA-directed RNA polymerase subunit beta
chr1_clade_core	GCF_016899425.1|KEDGBJ_00328	COG0086	K	03046	5	5	GCF_016899425.1;GCF_053038975.1;GCF_053209605.1;GCF_905400185.1;MF6	DNA-directed RNA polymerase subunit beta'
chr1_clade_core	GCF_016899425.1|KEDGBJ_00329	COG0514	L		5	5	GCF_016899425.1;GCF_053038975.1;GCF_053209605.1;GCF_905400185.1;MF6	DNA helicase RecQ
chr1_clade_core	GCF_016899425.1|KEDGBJ_00330	COG0048	J		5	5	GCF_016899425.1;GCF_053038975.1;GCF_053209605.1;GCF_905400185.1;MF6	30S ribosomal protein S12
chr1_clade_core	GCF_016899425.1|KEDGBJ_00331	COG0049	J	02992	5	5	GCF_016899425.1;GCF_053038975.1;GCF_053209605.1;GCF_905400185.1;MF6	30S ribosomal protein S7
chr1_clade_core	GCF_016899425.1|KEDGBJ_00334	COG0051	J		5	5	GCF_016899425.1;GCF_053038975.1;GCF_053209605.1;GCF_905400185.1;MF6	30S ribosomal protein S10
chr1_clade_core	GCF_016899425.1|KEDGBJ_00335	COG0087	J	02906	5	5	GCF_016899425.1;GCF_053038975.1;GCF_053209605.1;GCF_905400185.1;MF6	50S ribosomal protein L3
chr1_clade_core	GCF_016899425.1|KEDGBJ_00336	COG0088	J		5	5	GCF_016899425.1;GCF_053038975.1;GCF_053209605.1;GCF_905400185.1;MF6	50S ribosomal protein L4
chr1_clade_core	GCF_016899425.1|KEDGBJ_00337	COG0089	J		5	5	GCF_016899425.1;GCF_053038975.1;GCF_053209605.1;GCF_905400185.1;MF6	50S ribosomal protein L23
chr1_clade_core	GCF_016899425.1|KEDGBJ_00338	COG0090	J	02886	5	5	GCF_016899425.1;GCF_053038975.1;GCF_053209605.1;GCF_905400185.1;MF6	50S ribosomal protein L2
chr1_clade_core	GCF_016899425.1|KEDGBJ_00339	COG0185	J		5	5	GCF_016899425.1;GCF_053038975.1;GCF_053209605.1;GCF_905400185.1;MF6	30S ribosomal protein S19
chr1_clade_core	GCF_016899425.1|KEDGBJ_00340	COG0091	J	02890	5	5	GCF_016899425.1;GCF_053038975.1;GCF_053209605.1;GCF_905400185.1;MF6	50S ribosomal protein L22
chr1_clade_core	GCF_016899425.1|KEDGBJ_00341	COG0092	J	02982	5	5	GCF_016899425.1;GCF_053038975.1;GCF_053209605.1;GCF_905400185.1;MF6	30S ribosomal protein S3
chr1_clade_core	GCF_016899425.1|KEDGBJ_00342	COG0197	J		5	5	GCF_016899425.1;GCF_053038975.1;GCF_053209605.1;GCF_905400185.1;MF6	50S ribosomal protein L16
chr1_clade_core	GCF_016899425.1|KEDGBJ_00343	COG0255	J		5	5	GCF_016899425.1;GCF_053038975.1;GCF_053209605.1;GCF_905400185.1;MF6	50S ribosomal protein L29
chr1_clade_core	GCF_016899425.1|KEDGBJ_00344	COG0186	J		5	5	GCF_016899425.1;GCF_053038975.1;GCF_053209605.1;GCF_905400185.1;MF6	30S ribosomal protein S17
chr1_clade_core	GCF_016899425.1|KEDGBJ_00345	COG0093	J		5	5	GCF_016899425.1;GCF_053038975.1;GCF_053209605.1;GCF_905400185.1;MF6	50S ribosomal protein L14
chr1_clade_core	GCF_016899425.1|KEDGBJ_00346	COG0198	J		5	5	GCF_016899425.1;GCF_053038975.1;GCF_053209605.1;GCF_905400185.1;MF6	50S ribosomal protein L24
chr1_clade_core	GCF_016899425.1|KEDGBJ_00347	COG0094	J	02931	5	5	GCF_016899425.1;GCF_053038975.1;GCF_053209605.1;GCF_905400185.1;MF6	50S ribosomal protein L5
chr1_clade_core	GCF_016899425.1|KEDGBJ_00348	COG0199	J	02954	5	5	GCF_016899425.1;GCF_053038975.1;GCF_053209605.1;GCF_905400185.1;MF6	30S ribosomal protein S14
chr1_clade_core	GCF_016899425.1|KEDGBJ_00349	COG0096	J		5	5	GCF_016899425.1;GCF_053038975.1;GCF_053209605.1;GCF_905400185.1;MF6	30S ribosomal protein S8
chr1_clade_core	GCF_016899425.1|KEDGBJ_00350	COG0097	J		5	5	GCF_016899425.1;GCF_053038975.1;GCF_053209605.1;GCF_905400185.1;MF6	50S ribosomal protein L6
chr1_clade_core	GCF_016899425.1|KEDGBJ_00351	COG0256	J		5	5	GCF_016899425.1;GCF_053038975.1;GCF_053209605.1;GCF_905400185.1;MF6	50S ribosomal protein L18
chr1_clade_core	GCF_016899425.1|KEDGBJ_00352	COG0098	J	02988	5	5	GCF_016899425.1;GCF_053038975.1;GCF_053209605.1;GCF_905400185.1;MF6	30S ribosomal protein S5
chr1_clade_core	GCF_016899425.1|KEDGBJ_00353	COG1841	J		5	5	GCF_016899425.1;GCF_053038975.1;GCF_053209605.1;GCF_905400185.1;MF6	50S ribosomal protein L30
chr1_clade_core	GCF_016899425.1|KEDGBJ_00354	COG0200	J	02876	5	5	GCF_016899425.1;GCF_053038975.1;GCF_053209605.1;GCF_905400185.1;MF6	50S ribosomal protein L15
chr1_clade_core	GCF_016899425.1|KEDGBJ_00355	COG0201	U		5	5	GCF_016899425.1;GCF_053038975.1;GCF_053209605.1;GCF_905400185.1;MF6	preprotein translocase subunit SecY
chr1_clade_core	GCF_016899425.1|KEDGBJ_00356	COG0361	J		5	5	GCF_016899425.1;GCF_053038975.1;GCF_053209605.1;GCF_905400185.1;MF6	preprotein translocase subunit SecY
chr1_clade_core	GCF_016899425.1|KEDGBJ_00357	COG0257	J	02919	5	5	GCF_016899425.1;GCF_053038975.1;GCF_053209605.1;GCF_905400185.1;MF6	50S ribosomal protein L36
chr1_clade_core	GCF_016899425.1|KEDGBJ_00358	COG0099	J	02952	5	5	GCF_016899425.1;GCF_053038975.1;GCF_053209605.1;GCF_905400185.1;MF6	30S ribosomal protein S13
chr1_clade_core	GCF_016899425.1|KEDGBJ_00359	COG0100	J	02948	5	5	GCF_016899425.1;GCF_053038975.1;GCF_053209605.1;GCF_905400185.1;MF6	30S ribosomal protein S11
chr1_clade_core	GCF_016899425.1|KEDGBJ_00360	COG0522	J	02986	5	5	GCF_016899425.1;GCF_053038975.1;GCF_053209605.1;GCF_905400185.1;MF6	30S ribosomal protein S4
chr1_clade_core	GCF_016899425.1|KEDGBJ_00361	COG0202	K		5	5	GCF_016899425.1;GCF_053038975.1;GCF_053209605.1;GCF_905400185.1;MF6	DNA-directed RNA polymerase subunit alpha
chr1_clade_core	GCF_016899425.1|KEDGBJ_00362	COG0203	J	02879	5	5	GCF_016899425.1;GCF_053038975.1;GCF_053209605.1;GCF_905400185.1;MF6	50S ribosomal protein L17
chr1_clade_core	GCF_016899425.1|KEDGBJ_00363	COG1324	P		5	5	GCF_016899425.1;GCF_053038975.1;GCF_053209605.1;GCF_905400185.1;MF6	CutA1 divalent ion tolerance protein
chr1_clade_core	GCF_016899425.1|KEDGBJ_00364	COG4232	O	04084	5	5	GCF_016899425.1;GCF_053038975.1;GCF_053209605.1;GCF_905400185.1;MF6	Thiol:disulfide interchange protein DsbD
chr1_clade_core	GCF_016899425.1|KEDGBJ_00365	COG0113	H	01698	5	5	GCF_016899425.1;GCF_053038975.1;GCF_053209605.1;GCF_905400185.1;MF6	porphobilinogen synthase
chr1_clade_core	GCF_016899425.1|KEDGBJ_00367	COG0218	D		5	5	GCF_016899425.1;GCF_053038975.1;GCF_053209605.1;GCF_905400185.1;MF6	ribosome biogenesis GTP-binding protein YihA/YsxC
chr1_clade_core	GCF_016899425.1|KEDGBJ_00368	COG2863	C		5	5	GCF_016899425.1;GCF_053038975.1;GCF_053209605.1;GCF_905400185.1;MF6	Cytochrome C
chr1_clade_core	GCF_016899425.1|KEDGBJ_00369	COG1333	CO	07399	5	5	GCF_016899425.1;GCF_053038975.1;GCF_053209605.1;GCF_905400185.1;MF6	Cytochrome c biogenesis protein
chr1_clade_core	GCF_016899425.1|KEDGBJ_00370				5	5	GCF_016899425.1;GCF_053038975.1;GCF_053209605.1;GCF_905400185.1;MF6	c-type cytochrome biogenesis protein CcsB
chr1_clade_core	GCF_016899425.1|KEDGBJ_00371	COG2041	C		5	5	GCF_016899425.1;GCF_053038975.1;GCF_053209605.1;GCF_905400185.1;MF6	protein-methionine-sulfoxide reductase catalytic subunit MsrP
chr1_clade_core	GCF_016899425.1|KEDGBJ_00372				5	5	GCF_016899425.1;GCF_053038975.1;GCF_053209605.1;GCF_905400185.1;MF6	protein-methionine-sulfoxide reductase heme-binding subunit MsrQ
chr1_clade_core	GCF_016899425.1|KEDGBJ_00373				5	5	GCF_016899425.1;GCF_053038975.1;GCF_053209605.1;GCF_905400185.1;MF6	LPS translocon maturation chaperone LptM
chr1_clade_core	GCF_016899425.1|KEDGBJ_00374	COG1965	P		5	5	GCF_016899425.1;GCF_053038975.1;GCF_053209605.1;GCF_905400185.1;MF6	iron donor protein CyaY
chr1_clade_core	GCF_016899425.1|KEDGBJ_00375	COG5009	M	05366	5	5	GCF_016899425.1;GCF_053038975.1;GCF_053209605.1;GCF_905400185.1;MF6	Penicillin-binding protein 1A
chr1_clade_core	GCF_016899425.1|KEDGBJ_00376				5	5	GCF_016899425.1;GCF_053038975.1;GCF_053209605.1;GCF_905400185.1;MF6	Competence protein ComA
chr1_clade_core	GCF_016899425.1|KEDGBJ_00378				5	5	GCF_016899425.1;GCF_053038975.1;GCF_053209605.1;GCF_905400185.1;MF6	Pilus assembly protein
chr1_clade_core	GCF_016899425.1|KEDGBJ_00379			02666	5	5	GCF_016899425.1;GCF_053038975.1;GCF_053209605.1;GCF_905400185.1;MF6	Type IV pilus biogenesis and competence protein PilQ
chr1_clade_core	GCF_016899425.1|KEDGBJ_00380	COG0703	E		5	5	GCF_016899425.1;GCF_053038975.1;GCF_053209605.1;GCF_905400185.1;MF6	Shikimate kinase
chr1_clade_core	GCF_016899425.1|KEDGBJ_00381	COG0337	E	01735	5	5	GCF_016899425.1;GCF_053038975.1;GCF_053209605.1;GCF_905400185.1;MF6	3-dehydroquinate synthase
chr1_clade_core	GCF_016899425.1|KEDGBJ_00382	COG0232	F	01129	5	5	GCF_016899425.1;GCF_053038975.1;GCF_053209605.1;GCF_905400185.1;MF6	deoxyguanosinetriphosphate triphosphohydrolase
chr1_clade_core	GCF_016899425.1|KEDGBJ_00383	COG1653	G	05813	5	5	GCF_016899425.1;GCF_053038975.1;GCF_053209605.1;GCF_905400185.1;MF6	sn-glycerol-3-phosphate ABC transporter substrate-binding protein UgpB
chr1_clade_core	GCF_016899425.1|KEDGBJ_00384	COG1175	G		5	5	GCF_016899425.1;GCF_053038975.1;GCF_053209605.1;GCF_905400185.1;MF6	sn-glycerol-3-phosphate ABC transporter permease UgpA
chr1_clade_core	GCF_016899425.1|KEDGBJ_00385	COG0395	G		5	5	GCF_016899425.1;GCF_053038975.1;GCF_053209605.1;GCF_905400185.1;MF6	sn-glycerol-3-phosphate ABC transporter permease UgpE
chr1_clade_core	GCF_016899425.1|KEDGBJ_00386	COG3839	G		5	5	GCF_016899425.1;GCF_053038975.1;GCF_053209605.1;GCF_905400185.1;MF6	sn-glycerol-3-phosphate import ATP-binding protein UgpC
chr1_clade_core	GCF_016899425.1|KEDGBJ_00387			01126	5	5	GCF_016899425.1;GCF_053038975.1;GCF_053209605.1;GCF_905400185.1;MF6	glycerophosphodiester phosphodiesterase
chr1_clade_core	GCF_016899425.1|KEDGBJ_00388	COG3047	M	07275	5	5	GCF_016899425.1;GCF_053038975.1;GCF_053209605.1;GCF_905400185.1;MF6	OmpW family protein
chr1_clade_core	GCF_016899425.1|KEDGBJ_00389	COG1943	X		5	5	GCF_016899425.1;GCF_053038975.1;GCF_053209605.1;GCF_905400185.1;MF6	Transposase IS200-like domain-containing protein
chr1_clade_core	GCF_016899425.1|KEDGBJ_00390				5	5	GCF_016899425.1;GCF_053038975.1;GCF_053209605.1;GCF_905400185.1;MF6	glutamate synthase large subunit
chr1_clade_core	GCF_016899425.1|KEDGBJ_00391	COG0493	ER		5	5	GCF_016899425.1;GCF_053038975.1;GCF_053209605.1;GCF_905400185.1;MF6	NADPH-dependent glutamate synthase small chain
chr1_clade_core	GCF_016899425.1|KEDGBJ_00393				5	5	GCF_016899425.1;GCF_053038975.1;GCF_053209605.1;GCF_905400185.1;MF6	RNA 2',3'-cyclic phosphodiesterase
chr1_clade_core	GCF_016899425.1|KEDGBJ_00394				5	5	GCF_016899425.1;GCF_053038975.1;GCF_053209605.1;GCF_905400185.1;MF6	D-amino-acid dehydrogenase
chr1_clade_core	GCF_016899425.1|KEDGBJ_00395	COG2814	G		5	5	GCF_016899425.1;GCF_053038975.1;GCF_053209605.1;GCF_905400185.1;MF6	MFS transporter
chr1_clade_core	GCF_016899425.1|KEDGBJ_00396				5	5	GCF_016899425.1;GCF_053038975.1;GCF_053209605.1;GCF_905400185.1;MF6	Short-chain dehydrogenase/reductase SDR
chr1_clade_core	GCF_016899425.1|KEDGBJ_00397				5	5	GCF_016899425.1;GCF_053038975.1;GCF_053209605.1;GCF_905400185.1;MF6	ABC transporter ATP-binding protein
chr1_clade_core	GCF_016899425.1|KEDGBJ_00398	COG0665	E		5	5	GCF_016899425.1;GCF_053038975.1;GCF_053209605.1;GCF_905400185.1;MF6	D-amino-acid oxidase
chr1_clade_core	GCF_016899425.1|KEDGBJ_00399				5	5	GCF_016899425.1;GCF_053038975.1;GCF_053209605.1;GCF_905400185.1;MF6	sulfur carrier protein ThiS
chr1_clade_core	GCF_016899425.1|KEDGBJ_00400			03149	5	5	GCF_016899425.1;GCF_053038975.1;GCF_053209605.1;GCF_905400185.1;MF6	Thiazole synthase
chr1_clade_core	GCF_016899425.1|KEDGBJ_00401				5	5	GCF_016899425.1;GCF_053038975.1;GCF_053209605.1;GCF_905400185.1;MF6	thiamine phosphate synthase
chr1_clade_core	GCF_016899425.1|KEDGBJ_00402	COG1127	M		5	5	GCF_016899425.1;GCF_053038975.1;GCF_053209605.1;GCF_905400185.1;MF6	ABC transporter ATP-binding protein
chr1_clade_core	GCF_016899425.1|KEDGBJ_00403	COG0767	M	02066	5	5	GCF_016899425.1;GCF_053038975.1;GCF_053209605.1;GCF_905400185.1;MF6	lipid asymmetry maintenance ABC transporter permease subunit MlaE
chr1_clade_core	GCF_016899425.1|KEDGBJ_00404				5	5	GCF_016899425.1;GCF_053038975.1;GCF_053209605.1;GCF_905400185.1;MF6	outer membrane lipid asymmetry maintenance protein MlaD
chr1_clade_core	GCF_016899425.1|KEDGBJ_00405	COG2853	M	04754	5	5	GCF_016899425.1;GCF_053038975.1;GCF_053209605.1;GCF_905400185.1;MF6	putative phospholipid-binding lipoprotein mlaA,ABC transporter outer membrane lipoprotein,VacJ like lipoprotein
chr1_clade_core	GCF_016899425.1|KEDGBJ_00406	COG2854	M		5	5	GCF_016899425.1;GCF_053038975.1;GCF_053209605.1;GCF_905400185.1;MF6	Toluene tolerance family protein
chr1_clade_core	GCF_016899425.1|KEDGBJ_00407	COG3113	M		5	5	GCF_016899425.1;GCF_053038975.1;GCF_053209605.1;GCF_905400185.1;MF6	STAS domain-containing protein
chr1_clade_core	GCF_016899425.1|KEDGBJ_00408	COG1131	JV		5	5	GCF_016899425.1;GCF_053038975.1;GCF_053209605.1;GCF_905400185.1;MF6	ABC transporter ATP-binding protein
chr1_clade_core	GCF_016899425.1|KEDGBJ_00409	COG0842	V		5	5	GCF_016899425.1;GCF_053038975.1;GCF_053209605.1;GCF_905400185.1;MF6	Transport permease protein
chr1_clade_core	GCF_016899425.1|KEDGBJ_00410	COG5007	T		5	5	GCF_016899425.1;GCF_053038975.1;GCF_053209605.1;GCF_905400185.1;MF6	BolA family transcriptional regulator
chr1_clade_core	GCF_016899425.1|KEDGBJ_00411	COG0766	M	00790	5	5	GCF_016899425.1;GCF_053038975.1;GCF_053209605.1;GCF_905400185.1;MF6	UDP-N-acetylglucosamine 1-carboxyvinyltransferase
chr1_clade_core	GCF_016899425.1|KEDGBJ_00412			00765	5	5	GCF_016899425.1;GCF_053038975.1;GCF_053209605.1;GCF_905400185.1;MF6	ATP phosphoribosyltransferase
chr1_clade_core	GCF_016899425.1|KEDGBJ_00413	COG0141	E	00013	5	5	GCF_016899425.1;GCF_053038975.1;GCF_053209605.1;GCF_905400185.1;MF6	Histidinol dehydrogenase
chr1_clade_core	GCF_016899425.1|KEDGBJ_00414	COG0079	E	00817	5	5	GCF_016899425.1;GCF_053038975.1;GCF_053209605.1;GCF_905400185.1;MF6	histidinol-phosphate transaminase
chr1_clade_core	GCF_016899425.1|KEDGBJ_00415	COG0131	E		5	5	GCF_016899425.1;GCF_053038975.1;GCF_053209605.1;GCF_905400185.1;MF6	imidazoleglycerol-phosphate dehydratase HisB
chr1_clade_core	GCF_016899425.1|KEDGBJ_00416	COG2095	E	05595	5	5	GCF_016899425.1;GCF_053038975.1;GCF_053209605.1;GCF_905400185.1;MF6	UPF0056 membrane protein
chr1_clade_core	GCF_016899425.1|KEDGBJ_00417	COG0118	E		5	5	GCF_016899425.1;GCF_053038975.1;GCF_053209605.1;GCF_905400185.1;MF6	imidazole glycerol phosphate synthase subunit HisH
chr1_clade_core	GCF_016899425.1|KEDGBJ_00418	COG0106	E		5	5	GCF_016899425.1;GCF_053038975.1;GCF_053209605.1;GCF_905400185.1;MF6	1-(5-phosphoribosyl)-5-[(5-phosphoribosylamino)methylideneamino]imidazole-4-carboxamide isomerase
chr1_clade_core	GCF_016899425.1|KEDGBJ_00419	COG0107	E		5	5	GCF_016899425.1;GCF_053038975.1;GCF_053209605.1;GCF_905400185.1;MF6	Imidazole glycerol phosphate synthase subunit HisF
chr1_clade_core	GCF_016899425.1|KEDGBJ_00420	COG0139	E		5	5	GCF_016899425.1;GCF_053038975.1;GCF_053209605.1;GCF_905400185.1;MF6	phosphoribosyl-AMP cyclohydrolase
chr1_clade_core	GCF_016899425.1|KEDGBJ_00421				5	5	GCF_016899425.1;GCF_053038975.1;GCF_053209605.1;GCF_905400185.1;MF6	bifunctional phosphoribosyl-AMP cyclohydrolase/phosphoribosyl-ATP diphosphatase HisIE
chr1_clade_core	GCF_016899425.1|KEDGBJ_00422				5	5	GCF_016899425.1;GCF_053038975.1;GCF_053209605.1;GCF_905400185.1;MF6	Transmembrane protein
chr1_clade_core	GCF_016899425.1|KEDGBJ_00423	COG0537	FR		5	5	GCF_016899425.1;GCF_053038975.1;GCF_053209605.1;GCF_905400185.1;MF6	Histidine triad nucleotide-binding protein
chr1_clade_core	GCF_016899425.1|KEDGBJ_00424	COG1826	U		5	5	GCF_016899425.1;GCF_053038975.1;GCF_053209605.1;GCF_905400185.1;MF6	Sec-independent protein translocase subunit TatA
chr1_clade_core	GCF_016899425.1|KEDGBJ_00425			03117	5	5	GCF_016899425.1;GCF_053038975.1;GCF_053209605.1;GCF_905400185.1;MF6	Sec-independent protein translocase protein TatB
chr1_clade_core	GCF_016899425.1|KEDGBJ_00426	COG0805	U	03118	5	5	GCF_016899425.1;GCF_053038975.1;GCF_053209605.1;GCF_905400185.1;MF6	twin-arginine translocase subunit TatC
chr1_clade_core	GCF_016899425.1|KEDGBJ_00427	COG0265	O		5	5	GCF_016899425.1;GCF_053038975.1;GCF_053209605.1;GCF_905400185.1;MF6	Serine protease
chr1_clade_core	GCF_016899425.1|KEDGBJ_00428	COG0327	H		5	5	GCF_016899425.1;GCF_053038975.1;GCF_053209605.1;GCF_905400185.1;MF6	Nif3-like dinuclear metal center hexameric protein
chr1_clade_core	GCF_016899425.1|KEDGBJ_00429	COG0723	C	00411	5	5	GCF_016899425.1;GCF_053038975.1;GCF_053209605.1;GCF_905400185.1;MF6	ubiquinol-cytochrome c reductase iron-sulfur subunit
chr1_clade_core	GCF_016899425.1|KEDGBJ_00430				5	5	GCF_016899425.1;GCF_053038975.1;GCF_053209605.1;GCF_905400185.1;MF6	cytochrome bc complex cytochrome b subunit
chr1_clade_core	GCF_016899425.1|KEDGBJ_00431	COG2857	C	00413	5	5	GCF_016899425.1;GCF_053038975.1;GCF_053209605.1;GCF_905400185.1;MF6	Ammonia monooxygenase gamma subunit
chr1_clade_core	GCF_016899425.1|KEDGBJ_00432	COG0625	O		5	5	GCF_016899425.1;GCF_053038975.1;GCF_053209605.1;GCF_905400185.1;MF6	Glutathione-dependent dehydroascorbate reductase
chr1_clade_core	GCF_016899425.1|KEDGBJ_00433	COG2969	O		5	5	GCF_016899425.1;GCF_053038975.1;GCF_053209605.1;GCF_905400185.1;MF6	ClpXP protease specificity-enhancing factor
chr1_clade_core	GCF_016899425.1|KEDGBJ_00466				5	5	GCF_016899425.1;GCF_053038975.1;GCF_053209605.1;GCF_905400185.1;MF6	MarR family transcriptional regulator
chr1_clade_core	GCF_016899425.1|KEDGBJ_00467	COG0834	ET		5	5	GCF_016899425.1;GCF_053038975.1;GCF_053209605.1;GCF_905400185.1;MF6	Cysteine ABC transporter substrate-binding protein
chr1_clade_core	GCF_016899425.1|KEDGBJ_00475	COG3455	U		5	5	GCF_016899425.1;GCF_053038975.1;GCF_053209605.1;GCF_905400185.1;MF6	type IVB secretion system protein IcmH/DotU
chr1_clade_core	GCF_016899425.1|KEDGBJ_00476	COG3522	U	11893	5	5	GCF_016899425.1;GCF_053038975.1;GCF_053209605.1;GCF_905400185.1;MF6	type VI secretion system baseplate subunit TssK
chr1_clade_core	GCF_016899425.1|KEDGBJ_00477	COG3521	U		5	5	GCF_016899425.1;GCF_053038975.1;GCF_053209605.1;GCF_905400185.1;MF6	type VI secretion system lipoprotein TssJ
chr1_clade_core	GCF_016899425.1|KEDGBJ_00478				5	5	GCF_016899425.1;GCF_053038975.1;GCF_053209605.1;GCF_905400185.1;MF6	Lipoprotein
chr1_clade_core	GCF_016899425.1|KEDGBJ_00479	COG3516	U		5	5	GCF_016899425.1;GCF_053038975.1;GCF_053209605.1;GCF_905400185.1;MF6	type VI secretion system contractile sheath small subunit
chr1_clade_core	GCF_016899425.1|KEDGBJ_00480	COG3517	U	11900	5	5	GCF_016899425.1;GCF_053038975.1;GCF_053209605.1;GCF_905400185.1;MF6	type VI secretion system contractile sheath large subunit
chr1_clade_core	GCF_016899425.1|KEDGBJ_00481	COG3157	U		5	5	GCF_016899425.1;GCF_053038975.1;GCF_053209605.1;GCF_905400185.1;MF6	Type VI secretion system tube protein Hcp
chr1_clade_core	GCF_016899425.1|KEDGBJ_00482	COG3518	U	11897	5	5	GCF_016899425.1;GCF_053038975.1;GCF_053209605.1;GCF_905400185.1;MF6	type VI secretion system baseplate subunit TssE
chr1_clade_core	GCF_016899425.1|KEDGBJ_00483	COG3519	U	11896	5	5	GCF_016899425.1;GCF_053038975.1;GCF_053209605.1;GCF_905400185.1;MF6	type VI secretion system baseplate subunit TssF
chr1_clade_core	GCF_016899425.1|KEDGBJ_00484	COG3520	U	11895	5	5	GCF_016899425.1;GCF_053038975.1;GCF_053209605.1;GCF_905400185.1;MF6	type VI secretion system baseplate subunit TssG
chr1_clade_core	GCF_016899425.1|KEDGBJ_00485			11907	5	5	GCF_016899425.1;GCF_053038975.1;GCF_053209605.1;GCF_905400185.1;MF6	type VI secretion system ATPase TssH
chr1_clade_core	GCF_016899425.1|KEDGBJ_00486	COG3515	U		5	5	GCF_016899425.1;GCF_053038975.1;GCF_053209605.1;GCF_905400185.1;MF6	type VI secretion system protein TssA
chr1_clade_core	GCF_016899425.1|KEDGBJ_00487	COG2885	M		5	5	GCF_016899425.1;GCF_053038975.1;GCF_053209605.1;GCF_905400185.1;MF6	OmpA-like domain-containing protein
chr1_clade_core	GCF_016899425.1|KEDGBJ_00488	COG3913	TU	11890	5	5	GCF_016899425.1;GCF_053038975.1;GCF_053209605.1;GCF_905400185.1;MF6	Type VI secretion system-associated protein TagF
chr1_clade_core	GCF_016899425.1|KEDGBJ_00489	COG3523	U		5	5	GCF_016899425.1;GCF_053038975.1;GCF_053209605.1;GCF_905400185.1;MF6	type VI secretion system membrane subunit TssM
chr1_clade_core	GCF_016899425.1|KEDGBJ_00490	COG6078	U		5	5	GCF_016899425.1;GCF_053038975.1;GCF_053209605.1;GCF_905400185.1;MF6	D-alanyl-D-alanine carboxypeptidase
chr1_clade_core	GCF_016899425.1|KEDGBJ_00492			16074	5	5	GCF_016899425.1;GCF_053038975.1;GCF_053209605.1;GCF_905400185.1;MF6	Mg2 transporter protein CorA family protein
chr1_clade_core	GCF_016899425.1|KEDGBJ_00493				5	5	GCF_016899425.1;GCF_053038975.1;GCF_053209605.1;GCF_905400185.1;MF6	XapX domain-containing protein
chr1_clade_core	GCF_016899425.1|KEDGBJ_00494	COG0604	CR		5	5	GCF_016899425.1;GCF_053038975.1;GCF_053209605.1;GCF_905400185.1;MF6	Zinc-binding alcohol dehydrogenase
chr1_clade_core	GCF_016899425.1|KEDGBJ_00495	COG0583	K		5	5	GCF_016899425.1;GCF_053038975.1;GCF_053209605.1;GCF_905400185.1;MF6	HTH lysR-type domain-containing protein
chr1_clade_core	GCF_016899425.1|KEDGBJ_00496	COG0308	E		5	5	GCF_016899425.1;GCF_053038975.1;GCF_053209605.1;GCF_905400185.1;MF6	Aminopeptidase
chr1_clade_core	GCF_016899425.1|KEDGBJ_00497				5	5	GCF_016899425.1;GCF_053038975.1;GCF_053209605.1;GCF_905400185.1;MF6	Water stress and hypersensitive response domain-containing protein
chr1_clade_core	GCF_016899425.1|KEDGBJ_00498			09946	5	5	GCF_016899425.1;GCF_053038975.1;GCF_053209605.1;GCF_905400185.1;MF6	DUF1508 domain-containing protein
chr1_clade_core	GCF_016899425.1|KEDGBJ_00499	COG2890	J		5	5	GCF_016899425.1;GCF_053038975.1;GCF_053209605.1;GCF_905400185.1;MF6	Methylase
chr1_clade_core	GCF_016899425.1|KEDGBJ_00500				5	5	GCF_016899425.1;GCF_053038975.1;GCF_053209605.1;GCF_905400185.1;MF6	Methyltransferase domain-containing protein
chr1_clade_core	GCF_016899425.1|KEDGBJ_00501	COG3310	S	09941	5	5	GCF_016899425.1;GCF_053038975.1;GCF_053209605.1;GCF_905400185.1;MF6	Peptidase
chr1_clade_core	GCF_016899425.1|KEDGBJ_00502	COG1309	K		5	5	GCF_016899425.1;GCF_053038975.1;GCF_053209605.1;GCF_905400185.1;MF6	TetR family transcriptional regulator
chr1_clade_core	GCF_016899425.1|KEDGBJ_00503	COG2271	G		5	5	GCF_016899425.1;GCF_053038975.1;GCF_053209605.1;GCF_905400185.1;MF6	Major facilitator superfamily (MFS) profile domain-containing protein
chr1_clade_core	GCF_016899425.1|KEDGBJ_00504	COG0778	C		5	5	GCF_016899425.1;GCF_053038975.1;GCF_053209605.1;GCF_905400185.1;MF6	Nitroreductase
chr1_clade_core	GCF_016899425.1|KEDGBJ_00505	COG0443	O		5	5	GCF_016899425.1;GCF_053038975.1;GCF_053209605.1;GCF_905400185.1;MF6	Molecular chaperone-like protein
chr1_clade_core	GCF_016899425.1|KEDGBJ_00506	COG1278	K	03704	5	5	GCF_016899425.1;GCF_053038975.1;GCF_053209605.1;GCF_905400185.1;MF6	CspA family cold shock protein
chr1_clade_core	GCF_016899425.1|KEDGBJ_00507				5	5	GCF_016899425.1;GCF_053038975.1;GCF_053209605.1;GCF_905400185.1;MF6	Amino acid permease-associated region
chr1_clade_core	GCF_016899425.1|KEDGBJ_00508	COG3384	Q	15777	5	5	GCF_016899425.1;GCF_053038975.1;GCF_053209605.1;GCF_905400185.1;MF6	Dioxygenase
chr1_clade_core	GCF_016899425.1|KEDGBJ_00509	COG0163	H	03186	5	5	GCF_016899425.1;GCF_053038975.1;GCF_053209605.1;GCF_905400185.1;MF6	Flavin prenyltransferase UbiX
chr1_clade_core	GCF_016899425.1|KEDGBJ_00510				5	5	GCF_016899425.1;GCF_053038975.1;GCF_053209605.1;GCF_905400185.1;MF6	Glutaredoxin
chr1_clade_core	GCF_016899425.1|KEDGBJ_00511			02493	5	5	GCF_016899425.1;GCF_053038975.1;GCF_053209605.1;GCF_905400185.1;MF6	peptide chain release factor N(5)-glutamine methyltransferase
chr1_clade_core	GCF_016899425.1|KEDGBJ_00512	COG0216	J		5	5	GCF_016899425.1;GCF_053038975.1;GCF_053209605.1;GCF_905400185.1;MF6	peptide chain release factor 1
chr1_clade_core	GCF_016899425.1|KEDGBJ_00513	COG0373	H	02492	5	5	GCF_016899425.1;GCF_053038975.1;GCF_053209605.1;GCF_905400185.1;MF6	glutamyl-tRNA reductase
chr1_clade_core	GCF_016899425.1|KEDGBJ_00514	COG0745	TK		5	5	GCF_016899425.1;GCF_053038975.1;GCF_053209605.1;GCF_905400185.1;MF6	Sensory transduction protein regX3
chr1_clade_core	GCF_016899425.1|KEDGBJ_00515				5	5	GCF_016899425.1;GCF_053038975.1;GCF_053209605.1;GCF_905400185.1;MF6	GlsB/YeaQ/YmgE family stress response membrane protein
chr1_clade_core	GCF_016899425.1|KEDGBJ_00516	COG0006	E	01262	5	5	GCF_016899425.1;GCF_053038975.1;GCF_053209605.1;GCF_905400185.1;MF6	Peptidase M24
chr1_clade_core	GCF_016899425.1|KEDGBJ_00517	COG1335	HR		5	5	GCF_016899425.1;GCF_053038975.1;GCF_053209605.1;GCF_905400185.1;MF6	Cysteine hydrolase
chr1_clade_core	GCF_016899425.1|KEDGBJ_00518	COG1011	H		5	5	GCF_016899425.1;GCF_053038975.1;GCF_053209605.1;GCF_905400185.1;MF6	HAD-superfamily hydrolase, subfamily IA, variant 3
chr1_clade_core	GCF_016899425.1|KEDGBJ_00519	COG0488	R		5	5	GCF_016899425.1;GCF_053038975.1;GCF_053209605.1;GCF_905400185.1;MF6	energy-dependent translational throttle protein EttA
chr1_clade_core	GCF_016899425.1|KEDGBJ_00520				5	5	GCF_016899425.1;GCF_053038975.1;GCF_053209605.1;GCF_905400185.1;MF6	DUF3761 domain-containing protein
chr1_clade_core	GCF_016899425.1|KEDGBJ_00523				5	5	GCF_016899425.1;GCF_053038975.1;GCF_053209605.1;GCF_905400185.1;MF6	MmcQ/YjbR family DNA-binding protein
chr1_clade_core	GCF_016899425.1|KEDGBJ_00524				5	5	GCF_016899425.1;GCF_053038975.1;GCF_053209605.1;GCF_905400185.1;MF6	GABA permease
chr1_clade_core	GCF_016899425.1|KEDGBJ_00525				5	5	GCF_016899425.1;GCF_053038975.1;GCF_053209605.1;GCF_905400185.1;MF6	Lysozyme inhibitor LprI N-terminal domain-containing protein
chr1_clade_core	GCF_016899425.1|KEDGBJ_00526				5	5	GCF_016899425.1;GCF_053038975.1;GCF_053209605.1;GCF_905400185.1;MF6	MBL fold metallo-hydrolase
chr1_clade_core	GCF_016899425.1|KEDGBJ_00527	COG0012	J		5	5	GCF_016899425.1;GCF_053038975.1;GCF_053209605.1;GCF_905400185.1;MF6	redox-regulated ATPase YchF
chr1_clade_core	GCF_016899425.1|KEDGBJ_00528	COG0654	HC		5	5	GCF_016899425.1;GCF_053038975.1;GCF_053209605.1;GCF_905400185.1;MF6	UbiH/UbiF family hydroxylase
chr1_clade_core	GCF_016899425.1|KEDGBJ_00529				5	5	GCF_016899425.1;GCF_053038975.1;GCF_053209605.1;GCF_905400185.1;MF6	Thiol:disulfide interchange protein
chr1_clade_core	GCF_016899425.1|KEDGBJ_00530	COG3975	R		5	5	GCF_016899425.1;GCF_053038975.1;GCF_053209605.1;GCF_905400185.1;MF6	PDZ domain-containing protein
chr1_clade_core	GCF_016899425.1|KEDGBJ_00531	COG1182	C	01118	5	5	GCF_016899425.1;GCF_053038975.1;GCF_053209605.1;GCF_905400185.1;MF6	FMN-dependent NADH:quinone oxidoreductase
chr1_clade_core	GCF_016899425.1|KEDGBJ_00533	COG3025	P	18446	5	5	GCF_016899425.1;GCF_053038975.1;GCF_053209605.1;GCF_905400185.1;MF6	Adenylate cyclase
chr1_clade_core	GCF_016899425.1|KEDGBJ_00534	COG0134	E		5	5	GCF_016899425.1;GCF_053038975.1;GCF_053209605.1;GCF_905400185.1;MF6	indole-3-glycerol phosphate synthase TrpC
chr1_clade_core	GCF_016899425.1|KEDGBJ_00535	COG0547	E	00766	5	5	GCF_016899425.1;GCF_053038975.1;GCF_053209605.1;GCF_905400185.1;MF6	Anthranilate phosphoribosyltransferase
chr1_clade_core	GCF_016899425.1|KEDGBJ_00536				5	5	GCF_016899425.1;GCF_053038975.1;GCF_053209605.1;GCF_905400185.1;MF6	Aminodeoxychorismate/anthranilate synthase component II
chr1_clade_core	GCF_016899425.1|KEDGBJ_00537	COG0147	EH	01657	5	5	GCF_016899425.1;GCF_053038975.1;GCF_053209605.1;GCF_905400185.1;MF6	anthranilate synthase component I
chr1_clade_core	GCF_016899425.1|KEDGBJ_00538	COG0546	C		5	5	GCF_016899425.1;GCF_053038975.1;GCF_053209605.1;GCF_905400185.1;MF6	phosphoglycolate phosphatase
chr1_clade_core	GCF_016899425.1|KEDGBJ_00539			01783	5	5	GCF_016899425.1;GCF_053038975.1;GCF_053209605.1;GCF_905400185.1;MF6	ribulose-phosphate 3-epimerase
chr1_clade_core	GCF_016899425.1|KEDGBJ_00540	COG2967	P		5	5	GCF_016899425.1;GCF_053038975.1;GCF_053209605.1;GCF_905400185.1;MF6	Co2+/Mg2+ efflux protein ApaG
chr1_clade_core	GCF_016899425.1|KEDGBJ_00543	COG1541	H		5	5	GCF_016899425.1;GCF_053038975.1;GCF_053209605.1;GCF_905400185.1;MF6	phenylacetate--CoA ligase PaaK
chr1_clade_core	GCF_016899425.1|KEDGBJ_00544	COG2050	Q		5	5	GCF_016899425.1;GCF_053038975.1;GCF_053209605.1;GCF_905400185.1;MF6	hydroxyphenylacetyl-CoA thioesterase PaaI
chr1_clade_core	GCF_016899425.1|KEDGBJ_00545	COG1024	I		5	5	GCF_016899425.1;GCF_053038975.1;GCF_053209605.1;GCF_905400185.1;MF6	2-(1,2-epoxy-1,2-dihydrophenyl)acetyl-CoA isomerase PaaG
chr1_clade_core	GCF_016899425.1|KEDGBJ_00546				5	5	GCF_016899425.1;GCF_053038975.1;GCF_053209605.1;GCF_905400185.1;MF6	3-oxoadipyl-CoA thiolase
chr1_clade_core	GCF_016899425.1|KEDGBJ_00547	COG1012	I		5	5	GCF_016899425.1;GCF_053038975.1;GCF_053209605.1;GCF_905400185.1;MF6	phenylacetic acid degradation protein PaaN
chr1_clade_core	GCF_016899425.1|KEDGBJ_00548	COG1024	I		5	5	GCF_016899425.1;GCF_053038975.1;GCF_053209605.1;GCF_905400185.1;MF6	enoyl-CoA hydratase
chr1_clade_core	GCF_016899425.1|KEDGBJ_00556	COG0243	C		5	5	GCF_016899425.1;GCF_053038975.1;GCF_053209605.1;GCF_905400185.1;MF6	Molybdopterin oxidoreductase
chr1_clade_core	GCF_016899425.1|KEDGBJ_00557	COG0318	I		5	5	GCF_016899425.1;GCF_053038975.1;GCF_053209605.1;GCF_905400185.1;MF6	Long-chain-fatty-acid--CoA ligase
chr1_clade_core	GCF_016899425.1|KEDGBJ_00558	COG3203	M	03285	5	5	GCF_016899425.1;GCF_053038975.1;GCF_053209605.1;GCF_905400185.1;MF6	Outer membrane porin
chr1_clade_core	GCF_016899425.1|KEDGBJ_00559	COG2941	H	06134	5	5	GCF_016899425.1;GCF_053038975.1;GCF_053209605.1;GCF_905400185.1;MF6	2-polyprenyl-3-methyl-6-methoxy-1,4-benzoquinone monooxygenase
chr1_clade_core	GCF_016899425.1|KEDGBJ_00560	COG2001	J		5	5	GCF_016899425.1;GCF_053038975.1;GCF_053209605.1;GCF_905400185.1;MF6	division/cell wall cluster transcriptional repressor MraZ
chr1_clade_core	GCF_016899425.1|KEDGBJ_00561	COG0275	J	03438	5	5	GCF_016899425.1;GCF_053038975.1;GCF_053209605.1;GCF_905400185.1;MF6	16S rRNA (cytosine(1402)-N(4))-methyltransferase RsmH
chr1_clade_core	GCF_016899425.1|KEDGBJ_00562	COG3116	D	03586	5	5	GCF_016899425.1;GCF_053038975.1;GCF_053209605.1;GCF_905400185.1;MF6	cell division protein FtsL
chr1_clade_core	GCF_016899425.1|KEDGBJ_00563	COG0768	DM		5	5	GCF_016899425.1;GCF_053038975.1;GCF_053209605.1;GCF_905400185.1;MF6	Peptidoglycan D,D-transpeptidase FtsI
chr1_clade_core	GCF_016899425.1|KEDGBJ_00564	COG0769	M	01928	5	5	GCF_016899425.1;GCF_053038975.1;GCF_053209605.1;GCF_905400185.1;MF6	UDP-N-acetylmuramoyl-L-alanyl-D-glutamate--2,6-diaminopimelate ligase
chr1_clade_core	GCF_016899425.1|KEDGBJ_00565			01929	5	5	GCF_016899425.1;GCF_053038975.1;GCF_053209605.1;GCF_905400185.1;MF6	UDP-N-acetylmuramoyl-tripeptide--D-alanyl-D-alanine ligase
chr1_clade_core	GCF_016899425.1|KEDGBJ_00566	COG0472	M	01000	5	5	GCF_016899425.1;GCF_053038975.1;GCF_053209605.1;GCF_905400185.1;MF6	phospho-N-acetylmuramoyl-pentapeptide-transferase
chr1_clade_core	GCF_016899425.1|KEDGBJ_00568	COG0772	D	03588	5	5	GCF_016899425.1;GCF_053038975.1;GCF_053209605.1;GCF_905400185.1;MF6	putative lipid II flippase FtsW
chr1_clade_core	GCF_016899425.1|KEDGBJ_00569			02563	5	5	GCF_016899425.1;GCF_053038975.1;GCF_053209605.1;GCF_905400185.1;MF6	undecaprenyldiphospho-muramoylpentapeptide beta-N-acetylglucosaminyltransferase
chr1_clade_core	GCF_016899425.1|KEDGBJ_00570	COG0773	M	01924	5	5	GCF_016899425.1;GCF_053038975.1;GCF_053209605.1;GCF_905400185.1;MF6	UDP-N-acetylmuramate--L-alanine ligase
chr1_clade_core	GCF_016899425.1|KEDGBJ_00571	COG1181	MR		5	5	GCF_016899425.1;GCF_053038975.1;GCF_053209605.1;GCF_905400185.1;MF6	D-alanine--D-alanine ligase
chr1_clade_core	GCF_016899425.1|KEDGBJ_00572	COG1589	D		5	5	GCF_016899425.1;GCF_053038975.1;GCF_053209605.1;GCF_905400185.1;MF6	Cell division protein FtsQ
chr1_clade_core	GCF_016899425.1|KEDGBJ_00573	COG0849	D		5	5	GCF_016899425.1;GCF_053038975.1;GCF_053209605.1;GCF_905400185.1;MF6	cell division protein FtsA
chr1_clade_core	GCF_016899425.1|KEDGBJ_00574	COG0206	D	03531	5	5	GCF_016899425.1;GCF_053038975.1;GCF_053209605.1;GCF_905400185.1;MF6	cell division protein FtsZ
chr1_clade_core	GCF_016899425.1|KEDGBJ_00575	COG0678	O		5	5	GCF_016899425.1;GCF_053038975.1;GCF_053209605.1;GCF_905400185.1;MF6	Glutathione-dependent peroxiredoxin
chr1_clade_core	GCF_016899425.1|KEDGBJ_00576	COG0774	M		5	5	GCF_016899425.1;GCF_053038975.1;GCF_053209605.1;GCF_905400185.1;MF6	UDP-3-O-acyl-N-acetylglucosamine deacetylase
chr1_clade_core	GCF_016899425.1|KEDGBJ_00577				5	5	GCF_016899425.1;GCF_053038975.1;GCF_053209605.1;GCF_905400185.1;MF6	DUF721 domain-containing protein
chr1_clade_core	GCF_016899425.1|KEDGBJ_00578			03070	5	5	GCF_016899425.1;GCF_053038975.1;GCF_053209605.1;GCF_905400185.1;MF6	preprotein translocase subunit SecA
chr1_clade_core	GCF_016899425.1|KEDGBJ_00579	COG1364	E	00620	5	5	GCF_016899425.1;GCF_053038975.1;GCF_053209605.1;GCF_905400185.1;MF6	bifunctional glutamate N-acetyltransferase/amino-acid acetyltransferase ArgJ
chr1_clade_core	GCF_016899425.1|KEDGBJ_00580			06923	5	5	GCF_016899425.1;GCF_053038975.1;GCF_053209605.1;GCF_905400185.1;MF6	AAA+ ATPase domain-containing protein
chr1_clade_core	GCF_016899425.1|KEDGBJ_00581	COG1051	F		5	5	GCF_016899425.1;GCF_053038975.1;GCF_053209605.1;GCF_905400185.1;MF6	8-oxo-dGTP diphosphatase
chr1_clade_core	GCF_016899425.1|KEDGBJ_00583	COG4582	D	18778	5	5	GCF_016899425.1;GCF_053038975.1;GCF_053209605.1;GCF_905400185.1;MF6	cell division protein ZapD
chr1_clade_core	GCF_016899425.1|KEDGBJ_00584			00859	5	5	GCF_016899425.1;GCF_053038975.1;GCF_053209605.1;GCF_905400185.1;MF6	dephospho-CoA kinase
chr1_clade_core	GCF_016899425.1|KEDGBJ_00585	COG1989	NU		5	5	GCF_016899425.1;GCF_053038975.1;GCF_053209605.1;GCF_905400185.1;MF6	Prepilin leader peptidase/N-methyltransferase
chr1_clade_core	GCF_016899425.1|KEDGBJ_00586	COG1459	NU		5	5	GCF_016899425.1;GCF_053038975.1;GCF_053209605.1;GCF_905400185.1;MF6	Type II secretion system protein GspF domain-containing protein
chr1_clade_core	GCF_016899425.1|KEDGBJ_00587	COG2804	NU		5	5	GCF_016899425.1;GCF_053038975.1;GCF_053209605.1;GCF_905400185.1;MF6	Flp pilus assembly complex ATPase component TadA
chr1_clade_core	GCF_016899425.1|KEDGBJ_00588	COG4536	P		5	5	GCF_016899425.1;GCF_053038975.1;GCF_053209605.1;GCF_905400185.1;MF6	Magnesium and cobalt efflux protein CorC
chr1_clade_core	GCF_016899425.1|KEDGBJ_00590	COG0142	H	02523	5	5	GCF_016899425.1;GCF_053038975.1;GCF_053209605.1;GCF_905400185.1;MF6	Heptaprenyl diphosphate synthase
chr1_clade_core	GCF_016899425.1|KEDGBJ_00591	COG0261	J	02888	5	5	GCF_016899425.1;GCF_053038975.1;GCF_053209605.1;GCF_905400185.1;MF6	50S ribosomal protein L21
chr1_clade_core	GCF_016899425.1|KEDGBJ_00592	COG0211	J	02899	5	5	GCF_016899425.1;GCF_053038975.1;GCF_053209605.1;GCF_905400185.1;MF6	50S ribosomal protein L27
chr1_clade_core	GCF_016899425.1|KEDGBJ_00593	COG0536	DL		5	5	GCF_016899425.1;GCF_053038975.1;GCF_053209605.1;GCF_905400185.1;MF6	Obg family GTPase CgtA
chr1_clade_core	GCF_016899425.1|KEDGBJ_00594	COG0263	E		5	5	GCF_016899425.1;GCF_053038975.1;GCF_053209605.1;GCF_905400185.1;MF6	Glutamate 5-kinase
chr1_clade_core	GCF_016899425.1|KEDGBJ_00595				5	5	GCF_016899425.1;GCF_053038975.1;GCF_053209605.1;GCF_905400185.1;MF6	CNP1-like uncharacterized domain-containing protein
chr1_clade_core	GCF_016899425.1|KEDGBJ_00596	COG0494	V		5	5	GCF_016899425.1;GCF_053038975.1;GCF_053209605.1;GCF_905400185.1;MF6	RNA pyrophosphohydrolase
chr1_clade_core	GCF_016899425.1|KEDGBJ_00597	COG0442	J	01881	5	5	GCF_016899425.1;GCF_053038975.1;GCF_053209605.1;GCF_905400185.1;MF6	proline--tRNA ligase
chr1_clade_core	GCF_016899425.1|KEDGBJ_00598	COG2095	E	05595	5	5	GCF_016899425.1;GCF_053038975.1;GCF_053209605.1;GCF_905400185.1;MF6	UPF0056 membrane protein
chr1_clade_core	GCF_016899425.1|KEDGBJ_00599	COG0634	F	00760	5	5	GCF_016899425.1;GCF_053038975.1;GCF_053209605.1;GCF_905400185.1;MF6	hypoxanthine-guanine phosphoribosyltransferase
chr1_clade_core	GCF_016899425.1|KEDGBJ_00600	COG0541	U	03106	5	5	GCF_016899425.1;GCF_053038975.1;GCF_053209605.1;GCF_905400185.1;MF6	signal recognition particle protein
chr1_clade_core	GCF_016899425.1|KEDGBJ_00601	COG4137	R		5	5	GCF_016899425.1;GCF_053038975.1;GCF_053209605.1;GCF_905400185.1;MF6	ABC transporter permease
chr1_clade_core	GCF_016899425.1|KEDGBJ_00602				5	5	GCF_016899425.1;GCF_053038975.1;GCF_053209605.1;GCF_905400185.1;MF6	Pyrimidine deaminase
chr1_clade_core	GCF_016899425.1|KEDGBJ_00603				5	5	GCF_016899425.1;GCF_053038975.1;GCF_053209605.1;GCF_905400185.1;MF6	1,6-anhydro-N-acetylmuramyl-L-alanine amidase AmpD
chr1_clade_core	GCF_016899425.1|KEDGBJ_00604	COG1328	F		5	5	GCF_016899425.1;GCF_053038975.1;GCF_053209605.1;GCF_905400185.1;MF6	ribonucleoside-diphosphate reductase subunit alpha
chr1_clade_core	GCF_016899425.1|KEDGBJ_00605	COG0208	F		5	5	GCF_016899425.1;GCF_053038975.1;GCF_053209605.1;GCF_905400185.1;MF6	ribonucleotide-diphosphate reductase subunit beta
chr1_clade_core	GCF_016899425.1|KEDGBJ_00606				5	5	GCF_016899425.1;GCF_053038975.1;GCF_053209605.1;GCF_905400185.1;MF6	histone H1-like DNA-binding protein
chr1_clade_core	GCF_016899425.1|KEDGBJ_00607	COG3133	M	06077	5	5	GCF_016899425.1;GCF_053038975.1;GCF_053209605.1;GCF_905400185.1;MF6	Glycine zipper 2TM domain-containing protein
chr1_clade_core	GCF_016899425.1|KEDGBJ_00608	COG0524	G		5	5	GCF_016899425.1;GCF_053038975.1;GCF_053209605.1;GCF_905400185.1;MF6	Adenosine kinase
chr1_clade_core	GCF_016899425.1|KEDGBJ_00609	COG2077	O		5	5	GCF_016899425.1;GCF_053038975.1;GCF_053209605.1;GCF_905400185.1;MF6	thiol peroxidase
chr1_clade_core	GCF_016899425.1|KEDGBJ_00611	COG2264	J		5	5	GCF_016899425.1;GCF_053038975.1;GCF_053209605.1;GCF_905400185.1;MF6	50S ribosomal protein L11 methyltransferase
chr1_clade_core	GCF_016899425.1|KEDGBJ_00612	COG0439	I		5	5	GCF_016899425.1;GCF_053038975.1;GCF_053209605.1;GCF_905400185.1;MF6	acetyl-CoA carboxylase biotin carboxylase subunit
chr1_clade_core	GCF_016899425.1|KEDGBJ_00614	COG0757	E	03786	5	5	GCF_016899425.1;GCF_053038975.1;GCF_053209605.1;GCF_905400185.1;MF6	type II 3-dehydroquinate dehydratase
chr1_clade_core	GCF_016899425.1|KEDGBJ_00615	COG0526	O		5	5	GCF_016899425.1;GCF_053038975.1;GCF_053209605.1;GCF_905400185.1;MF6	Thiol-disulfide isomerase/thioredoxin-like protein
chr1_clade_core	GCF_016899425.1|KEDGBJ_00616				5	5	GCF_016899425.1;GCF_053038975.1;GCF_053209605.1;GCF_905400185.1;MF6	UDP-N-acetylmuramate--alanine ligase
chr1_clade_core	GCF_016899425.1|KEDGBJ_00617	COG0773	M	02558	5	5	GCF_016899425.1;GCF_053038975.1;GCF_053209605.1;GCF_905400185.1;MF6	UDP-N-acetylmuramate:L-alanyl-gamma-D-glutamyl-meso-diaminopimelate ligase
chr1_clade_core	GCF_016899425.1|KEDGBJ_00618	COG3150	R	07000	5	5	GCF_016899425.1;GCF_053038975.1;GCF_053209605.1;GCF_905400185.1;MF6	Esterase
chr1_clade_core	GCF_016899425.1|KEDGBJ_00619	COG0557	K		5	5	GCF_016899425.1;GCF_053038975.1;GCF_053209605.1;GCF_905400185.1;MF6	Exoribonuclease II
chr1_clade_core	GCF_016899425.1|KEDGBJ_00620	COG0169	E		5	5	GCF_016899425.1;GCF_053038975.1;GCF_053209605.1;GCF_905400185.1;MF6	shikimate dehydrogenase
chr1_clade_core	GCF_016899425.1|KEDGBJ_00621	COG0744	M	03814	5	5	GCF_016899425.1;GCF_053038975.1;GCF_053209605.1;GCF_905400185.1;MF6	monofunctional biosynthetic peptidoglycan transglycosylase
chr1_clade_core	GCF_016899425.1|KEDGBJ_00622	COG2939	E		5	5	GCF_016899425.1;GCF_053038975.1;GCF_053209605.1;GCF_905400185.1;MF6	Peptidase S10
chr1_clade_core	GCF_016899425.1|KEDGBJ_00623				5	5	GCF_016899425.1;GCF_053038975.1;GCF_053209605.1;GCF_905400185.1;MF6	EF-hand domain-containing protein
chr1_clade_core	GCF_016899425.1|KEDGBJ_00624	COG1414	K		5	5	GCF_016899425.1;GCF_053038975.1;GCF_053209605.1;GCF_905400185.1;MF6	IclR family transcriptional regulator
chr1_clade_core	GCF_016899425.1|KEDGBJ_00625	COG3734	G	00883	5	5	GCF_016899425.1;GCF_053038975.1;GCF_053209605.1;GCF_905400185.1;MF6	2-dehydro-3-deoxygalactonokinase
chr1_clade_core	GCF_016899425.1|KEDGBJ_00626	COG0800	G	01631	5	5	GCF_016899425.1;GCF_053038975.1;GCF_053209605.1;GCF_905400185.1;MF6	2-dehydro-3-deoxy-6-phosphogalactonate aldolase
chr1_clade_core	GCF_016899425.1|KEDGBJ_00627	COG1028	I		5	5	GCF_016899425.1;GCF_053038975.1;GCF_053209605.1;GCF_905400185.1;MF6	SDR family oxidoreductase
chr1_clade_core	GCF_016899425.1|KEDGBJ_00628	COG1879	G	10537	5	5	GCF_016899425.1;GCF_053038975.1;GCF_053209605.1;GCF_905400185.1;MF6	L-arabinose-binding periplasmic protein
chr1_clade_core	GCF_016899425.1|KEDGBJ_00629	COG1129	G	10539	5	5	GCF_016899425.1;GCF_053038975.1;GCF_053209605.1;GCF_905400185.1;MF6	L-arabinose ABC transporter ATP-binding protein AraG
chr1_clade_core	GCF_016899425.1|KEDGBJ_00630	COG1172	G		5	5	GCF_016899425.1;GCF_053038975.1;GCF_053209605.1;GCF_905400185.1;MF6	L-arabinose ABC transporter permease AraH
chr1_clade_core	GCF_016899425.1|KEDGBJ_00631	COG1028	I	22185	5	5	GCF_016899425.1;GCF_053038975.1;GCF_053209605.1;GCF_905400185.1;MF6	SDR family NAD(P)-dependent oxidoreductase
chr1_clade_core	GCF_016899425.1|KEDGBJ_00632	COG2017	G		5	5	GCF_016899425.1;GCF_053038975.1;GCF_053209605.1;GCF_905400185.1;MF6	Aldose 1-epimerase
chr1_clade_core	GCF_016899425.1|KEDGBJ_00633	COG0284	F		5	5	GCF_016899425.1;GCF_053038975.1;GCF_053209605.1;GCF_905400185.1;MF6	orotidine-5'-phosphate decarboxylase
chr1_clade_core	GCF_016899425.1|KEDGBJ_00634			21830	5	5	GCF_016899425.1;GCF_053038975.1;GCF_053209605.1;GCF_905400185.1;MF6	phosphoserine phosphatase
chr1_clade_core	GCF_016899425.1|KEDGBJ_00635	COG1546	H	03743	5	5	GCF_016899425.1;GCF_053038975.1;GCF_053209605.1;GCF_905400185.1;MF6	CinA C-terminal domain-containing protein
chr1_clade_core	GCF_016899425.1|KEDGBJ_00636	COG1267	I	01095	5	5	GCF_016899425.1;GCF_053038975.1;GCF_053209605.1;GCF_905400185.1;MF6	Phosphatidylglycerophosphatase A
chr1_clade_core	GCF_016899425.1|KEDGBJ_00637	COG0611	H		5	5	GCF_016899425.1;GCF_053038975.1;GCF_053209605.1;GCF_905400185.1;MF6	thiamine-phosphate kinase
chr1_clade_core	GCF_016899425.1|KEDGBJ_00638	COG0281	C		5	5	GCF_016899425.1;GCF_053038975.1;GCF_053209605.1;GCF_905400185.1;MF6	Malate dehydrogenase (Oxaloacetate-decarboxylating) (NADP(+)), Phosphate acetyltransferase
chr1_clade_core	GCF_016899425.1|KEDGBJ_00639	COG4290	F	01167	5	5	GCF_016899425.1;GCF_053038975.1;GCF_053209605.1;GCF_905400185.1;MF6	Guanine-specific ribonuclease N1 and T1
chr1_clade_core	GCF_016899425.1|KEDGBJ_00640				5	5	GCF_016899425.1;GCF_053038975.1;GCF_053209605.1;GCF_905400185.1;MF6	Barstar (barnase inhibitor) domain-containing protein
chr1_clade_core	GCF_016899425.1|KEDGBJ_00641	COG1385	J	09761	5	5	GCF_016899425.1;GCF_053038975.1;GCF_053209605.1;GCF_905400185.1;MF6	16S rRNA (uracil(1498)-N(3))-methyltransferase
chr1_clade_core	GCF_016899425.1|KEDGBJ_00642	COG2764	C		5	5	GCF_016899425.1;GCF_053038975.1;GCF_053209605.1;GCF_905400185.1;MF6	Glyoxalase/bleomycin resistance protein/dioxygenase
chr1_clade_core	GCF_016899425.1|KEDGBJ_00643	COG0421	E		5	5	GCF_016899425.1;GCF_053038975.1;GCF_053209605.1;GCF_905400185.1;MF6	polyamine aminopropyltransferase
chr1_clade_core	GCF_016899425.1|KEDGBJ_00644	COG0021	G	00615	5	5	GCF_016899425.1;GCF_053038975.1;GCF_053209605.1;GCF_905400185.1;MF6	transketolase
chr1_clade_core	GCF_016899425.1|KEDGBJ_00645	COG0057	G		5	5	GCF_016899425.1;GCF_053038975.1;GCF_053209605.1;GCF_905400185.1;MF6	type I glyceraldehyde-3-phosphate dehydrogenase
chr1_clade_core	GCF_016899425.1|KEDGBJ_00646	COG0583	K		5	5	GCF_016899425.1;GCF_053038975.1;GCF_053209605.1;GCF_905400185.1;MF6	Hca operon transcriptional activator HcaR
chr1_clade_core	GCF_016899425.1|KEDGBJ_00647	COG1028	I		5	5	GCF_016899425.1;GCF_053038975.1;GCF_053209605.1;GCF_905400185.1;MF6	Gluconate 5-dehydrogenase
chr1_clade_core	GCF_016899425.1|KEDGBJ_00649	COG2186	K		5	5	GCF_016899425.1;GCF_053038975.1;GCF_053209605.1;GCF_905400185.1;MF6	GntR family transcriptional repressor for pyruvate dehydrogenase complex
chr1_clade_core	GCF_016899425.1|KEDGBJ_00650	COG1301	C	11103	5	5	GCF_016899425.1;GCF_053038975.1;GCF_053209605.1;GCF_905400185.1;MF6	C4-dicarboxylate transporter DctA
chr1_clade_core	GCF_016899425.1|KEDGBJ_00651	COG4266	F		5	5	GCF_016899425.1;GCF_053038975.1;GCF_053209605.1;GCF_905400185.1;MF6	allantoicase
chr1_clade_core	GCF_016899425.1|KEDGBJ_00652	COG3194	F	01483	5	5	GCF_016899425.1;GCF_053038975.1;GCF_053209605.1;GCF_905400185.1;MF6	Ureidoglycolate lyase
chr1_clade_core	GCF_016899425.1|KEDGBJ_00653	COG0735	P		5	5	GCF_016899425.1;GCF_053038975.1;GCF_053209605.1;GCF_905400185.1;MF6	ferric iron uptake transcriptional regulator
chr1_clade_core	GCF_016899425.1|KEDGBJ_00654			06186	5	5	GCF_016899425.1;GCF_053038975.1;GCF_053209605.1;GCF_905400185.1;MF6	Outer membrane protein assembly factor BamE
chr1_clade_core	GCF_016899425.1|KEDGBJ_00655	COG0289	E	00215	5	5	GCF_016899425.1;GCF_053038975.1;GCF_053209605.1;GCF_905400185.1;MF6	4-hydroxy-tetrahydrodipicolinate reductase
chr1_clade_core	GCF_016899425.1|KEDGBJ_00656	COG0811	U		5	5	GCF_016899425.1;GCF_053038975.1;GCF_053209605.1;GCF_905400185.1;MF6	Biopolymer transport protein ExbB
chr1_clade_core	GCF_016899425.1|KEDGBJ_00657	COG0848	U		5	5	GCF_016899425.1;GCF_053038975.1;GCF_053209605.1;GCF_905400185.1;MF6	Biopolymer transport protein ExbD
chr1_clade_core	GCF_016899425.1|KEDGBJ_00658	COG0495	J	01869	5	5	GCF_016899425.1;GCF_053038975.1;GCF_053209605.1;GCF_905400185.1;MF6	leucine--tRNA ligase
chr1_clade_core	GCF_016899425.1|KEDGBJ_00659	COG2980	M	03643	5	5	GCF_016899425.1;GCF_053038975.1;GCF_053209605.1;GCF_905400185.1;MF6	LPS-assembly lipoprotein LptE
chr1_clade_core	GCF_016899425.1|KEDGBJ_00660	COG1466	L		5	5	GCF_016899425.1;GCF_053038975.1;GCF_053209605.1;GCF_905400185.1;MF6	DNA polymerase III subunit delta
chr1_clade_core	GCF_016899425.1|KEDGBJ_00661	COG0014	E	00147	5	5	GCF_016899425.1;GCF_053038975.1;GCF_053209605.1;GCF_905400185.1;MF6	glutamate-5-semialdehyde dehydrogenase
chr1_clade_core	GCF_016899425.1|KEDGBJ_00662	COG1981	H	08973	5	5	GCF_016899425.1;GCF_053038975.1;GCF_053209605.1;GCF_905400185.1;MF6	Protoporphyrinogen IX oxidase
chr1_clade_core	GCF_016899425.1|KEDGBJ_00663	COG1737	K	19337	5	5	GCF_016899425.1;GCF_053038975.1;GCF_053209605.1;GCF_905400185.1;MF6	Transcriptional regulator
chr1_clade_core	GCF_016899425.1|KEDGBJ_00664	COG0129	EG	01690	5	5	GCF_016899425.1;GCF_053038975.1;GCF_053209605.1;GCF_905400185.1;MF6	phosphogluconate dehydratase
chr1_clade_core	GCF_016899425.1|KEDGBJ_00665	COG0800	G	01625	5	5	GCF_016899425.1;GCF_053038975.1;GCF_053209605.1;GCF_905400185.1;MF6	2-dehydro-3-deoxy-phosphogluconate aldolase
chr1_clade_core	GCF_016899425.1|KEDGBJ_00666	COG2610	G		5	5	GCF_016899425.1;GCF_053038975.1;GCF_053209605.1;GCF_905400185.1;MF6	High-affinity gluconate permease (GntP family)
chr1_clade_core	GCF_016899425.1|KEDGBJ_00667	COG3265	G		5	5	GCF_016899425.1;GCF_053038975.1;GCF_053209605.1;GCF_905400185.1;MF6	Gluconokinase
chr1_clade_core	GCF_016899425.1|KEDGBJ_00668				5	5	GCF_016899425.1;GCF_053038975.1;GCF_053209605.1;GCF_905400185.1;MF6	TetR family transcriptional regulator
chr1_clade_core	GCF_016899425.1|KEDGBJ_00669	COG0665	E	09471	5	5	GCF_016899425.1;GCF_053038975.1;GCF_053209605.1;GCF_905400185.1;MF6	FAD-dependent oxidoreductase
chr1_clade_core	GCF_016899425.1|KEDGBJ_00670	COG0015	F	01756	5	5	GCF_016899425.1;GCF_053038975.1;GCF_053209605.1;GCF_905400185.1;MF6	adenylosuccinate lyase
chr1_clade_core	GCF_016899425.1|KEDGBJ_00671	COG0583	K		5	5	GCF_016899425.1;GCF_053038975.1;GCF_053209605.1;GCF_905400185.1;MF6	HTH-type transcriptional regulator YjiE
chr1_clade_core	GCF_016899425.1|KEDGBJ_00672	COG0334	E		5	5	GCF_016899425.1;GCF_053038975.1;GCF_053209605.1;GCF_905400185.1;MF6	Glutamate dehydrogenase
chr1_clade_core	GCF_016899425.1|KEDGBJ_00673	COG0834	ET		5	5	GCF_016899425.1;GCF_053038975.1;GCF_053209605.1;GCF_905400185.1;MF6	Solute-binding protein family 3/N-terminal domain-containing protein
chr1_clade_core	GCF_016899425.1|KEDGBJ_00674	COG0765	E		5	5	GCF_016899425.1;GCF_053038975.1;GCF_053209605.1;GCF_905400185.1;MF6	ABC transmembrane type-1 domain-containing protein
chr1_clade_core	GCF_016899425.1|KEDGBJ_00675	COG0765	E		5	5	GCF_016899425.1;GCF_053038975.1;GCF_053209605.1;GCF_905400185.1;MF6	glutamate/aspartate ABC transporter permease GltK
chr1_clade_core	GCF_016899425.1|KEDGBJ_00676	COG1126	E		5	5	GCF_016899425.1;GCF_053038975.1;GCF_053209605.1;GCF_905400185.1;MF6	Glutamate/aspartate ABC transporter ATP-binding protein
chr1_clade_core	GCF_016899425.1|KEDGBJ_00677				5	5	GCF_016899425.1;GCF_053038975.1;GCF_053209605.1;GCF_905400185.1;MF6	Autotransporter outer membrane beta-barrel domain-containing protein
chr1_clade_core	GCF_016899425.1|KEDGBJ_00679	COG0418	F		5	5	GCF_016899425.1;GCF_053038975.1;GCF_053209605.1;GCF_905400185.1;MF6	dihydroorotase
chr1_clade_core	GCF_016899425.1|KEDGBJ_00681	COG1765	R		5	5	GCF_016899425.1;GCF_053038975.1;GCF_053209605.1;GCF_905400185.1;MF6	OsmC family protein
chr1_clade_core	GCF_016899425.1|KEDGBJ_00684	COG0102	J	02871	5	5	GCF_016899425.1;GCF_053038975.1;GCF_053209605.1;GCF_905400185.1;MF6	50S ribosomal protein L13
chr1_clade_core	GCF_016899425.1|KEDGBJ_00685	COG0103	J	02996	5	5	GCF_016899425.1;GCF_053038975.1;GCF_053209605.1;GCF_905400185.1;MF6	30S ribosomal protein S9
chr1_clade_core	GCF_016899425.1|KEDGBJ_00686	COG0316	O		5	5	GCF_016899425.1;GCF_053038975.1;GCF_053209605.1;GCF_905400185.1;MF6	iron-sulfur cluster insertion protein ErpA
chr1_clade_core	GCF_016899425.1|KEDGBJ_00687	COG2377	M	09001	5	5	GCF_016899425.1;GCF_053038975.1;GCF_053209605.1;GCF_905400185.1;MF6	anhydro-N-acetylmuramic acid kinase
chr1_clade_core	GCF_016899425.1|KEDGBJ_00688	COG0162	J	01866	5	5	GCF_016899425.1;GCF_053038975.1;GCF_053209605.1;GCF_905400185.1;MF6	tyrosine--tRNA ligase
chr1_clade_core	GCF_016899425.1|KEDGBJ_00689	COG1490	J	07560	5	5	GCF_016899425.1;GCF_053038975.1;GCF_053209605.1;GCF_905400185.1;MF6	D-aminoacyl-tRNA deacylase
chr1_clade_core	GCF_016899425.1|KEDGBJ_00690	COG0406	G		5	5	GCF_016899425.1;GCF_053038975.1;GCF_053209605.1;GCF_905400185.1;MF6	Phosphoglycerate mutase
chr1_clade_core	GCF_016899425.1|KEDGBJ_00692	COG3662	Q		5	5	GCF_016899425.1;GCF_053038975.1;GCF_053209605.1;GCF_905400185.1;MF6	ER-bound oxygenase mpaB/mpaB'/Rubber oxygenase catalytic domain-containing protein
chr1_clade_core	GCF_016899425.1|KEDGBJ_00693	COG2255	L		5	5	GCF_016899425.1;GCF_053038975.1;GCF_053209605.1;GCF_905400185.1;MF6	Holliday junction branch migration DNA helicase RuvB
chr1_clade_core	GCF_016899425.1|KEDGBJ_00694	COG0632	L		5	5	GCF_016899425.1;GCF_053038975.1;GCF_053209605.1;GCF_905400185.1;MF6	Holliday junction branch migration protein RuvA
chr1_clade_core	GCF_016899425.1|KEDGBJ_00695	COG0817	L	01159	5	5	GCF_016899425.1;GCF_053038975.1;GCF_053209605.1;GCF_905400185.1;MF6	crossover junction endodeoxyribonuclease RuvC
chr1_clade_core	GCF_016899425.1|KEDGBJ_00696	COG0138	F	00602	5	5	GCF_016899425.1;GCF_053038975.1;GCF_053209605.1;GCF_905400185.1;MF6	bifunctional phosphoribosylaminoimidazolecarboxamide formyltransferase/IMP cyclohydrolase
chr1_clade_core	GCF_016899425.1|KEDGBJ_00697	COG2901	K		5	5	GCF_016899425.1;GCF_053038975.1;GCF_053209605.1;GCF_905400185.1;MF6	Fis family transcriptional regulator
chr1_clade_core	GCF_016899425.1|KEDGBJ_00698	COG0042	J	05540	5	5	GCF_016899425.1;GCF_053038975.1;GCF_053209605.1;GCF_905400185.1;MF6	tRNA dihydrouridine synthase DusB
chr1_clade_core	GCF_016899425.1|KEDGBJ_00699				5	5	GCF_016899425.1;GCF_053038975.1;GCF_053209605.1;GCF_905400185.1;MF6	UbiH/UbiF/VisC/COQ6 family ubiquinone biosynthesis hydroxylase
chr1_clade_core	GCF_016899425.1|KEDGBJ_00700	COG0006	E	01262	5	5	GCF_016899425.1;GCF_053038975.1;GCF_053209605.1;GCF_905400185.1;MF6	Xaa-Pro aminopeptidase
chr1_clade_core	GCF_016899425.1|KEDGBJ_00701	COG0625	O		5	5	GCF_016899425.1;GCF_053038975.1;GCF_053209605.1;GCF_905400185.1;MF6	Glutathione S-transferase
chr1_clade_core	GCF_016899425.1|KEDGBJ_00702	COG0069	E		5	5	GCF_016899425.1;GCF_053038975.1;GCF_053209605.1;GCF_905400185.1;MF6	Glutamate synthase
chr1_clade_core	GCF_016899425.1|KEDGBJ_00704	COG1051	F		5	5	GCF_016899425.1;GCF_053038975.1;GCF_053209605.1;GCF_905400185.1;MF6	Phosphatase NudJ
chr1_clade_core	GCF_016899425.1|KEDGBJ_00705	COG3288	C		5	5	GCF_016899425.1;GCF_053038975.1;GCF_053209605.1;GCF_905400185.1;MF6	Re/Si-specific NAD(P)(+) transhydrogenase subunit alpha
chr1_clade_core	GCF_016899425.1|KEDGBJ_00706				5	5	GCF_016899425.1;GCF_053038975.1;GCF_053209605.1;GCF_905400185.1;MF6	proton-translocating NAD(P)(+) transhydrogenase
chr1_clade_core	GCF_016899425.1|KEDGBJ_00707	COG1282	C	00325	5	5	GCF_016899425.1;GCF_053038975.1;GCF_053209605.1;GCF_905400185.1;MF6	NAD(P) transhydrogenase subunit beta
chr1_clade_core	GCF_016899425.1|KEDGBJ_00708	COG0583	K		5	5	GCF_016899425.1;GCF_053038975.1;GCF_053209605.1;GCF_905400185.1;MF6	LysR family transcriptional regulator
chr1_clade_core	GCF_016899425.1|KEDGBJ_00709				5	5	GCF_016899425.1;GCF_053038975.1;GCF_053209605.1;GCF_905400185.1;MF6	Carbon-nitrogen hydrolase family protein
chr1_clade_core	GCF_016899425.1|KEDGBJ_00710	COG2378	K		5	5	GCF_016899425.1;GCF_053038975.1;GCF_053209605.1;GCF_905400185.1;MF6	Bifunctional ligase/repressor BirA
chr1_clade_core	GCF_016899425.1|KEDGBJ_00711				5	5	GCF_016899425.1;GCF_053038975.1;GCF_053209605.1;GCF_905400185.1;MF6	Glyoxalase/bleomycin resistance protein/dioxygenase
chr1_clade_core	GCF_016899425.1|KEDGBJ_00712	COG0116	J		5	5	GCF_016899425.1;GCF_053038975.1;GCF_053209605.1;GCF_905400185.1;MF6	THUMP domain-containing protein
chr1_clade_core	GCF_016899425.1|KEDGBJ_00713	COG4389	L		5	5	GCF_016899425.1;GCF_053038975.1;GCF_053209605.1;GCF_905400185.1;MF6	Site-specific recombinase
chr1_clade_core	GCF_016899425.1|KEDGBJ_00714	COG3009	M	09857	5	5	GCF_016899425.1;GCF_053038975.1;GCF_053209605.1;GCF_905400185.1;MF6	ABC-type transport auxiliary lipoprotein component domain-containing protein
chr1_clade_core	GCF_016899425.1|KEDGBJ_00715			06192	5	5	GCF_016899425.1;GCF_053038975.1;GCF_053209605.1;GCF_905400185.1;MF6	Paraquat-inducible protein B
chr1_clade_core	GCF_016899425.1|KEDGBJ_00716	COG2995	M	03808	5	5	GCF_016899425.1;GCF_053038975.1;GCF_053209605.1;GCF_905400185.1;MF6	Paraquat-inducible protein A
chr1_clade_core	GCF_016899425.1|KEDGBJ_00717			03808	5	5	GCF_016899425.1;GCF_053038975.1;GCF_053209605.1;GCF_905400185.1;MF6	Paraquat-inducible protein A
chr1_clade_core	GCF_016899425.1|KEDGBJ_00718	COG3038	C		5	5	GCF_016899425.1;GCF_053038975.1;GCF_053209605.1;GCF_905400185.1;MF6	Cytochrome b
chr1_clade_core	GCF_016899425.1|KEDGBJ_00719	COG2353	R		5	5	GCF_016899425.1;GCF_053038975.1;GCF_053209605.1;GCF_905400185.1;MF6	Lipid/polyisoprenoid-binding YceI-like domain-containing protein
chr1_clade_core	GCF_016899425.1|KEDGBJ_00720	COG2353	R		5	5	GCF_016899425.1;GCF_053038975.1;GCF_053209605.1;GCF_905400185.1;MF6	Lipid/polyisoprenoid-binding YceI-like domain-containing protein
chr1_clade_core	GCF_016899425.1|KEDGBJ_00721	COG0477	GEPR	03762	5	5	GCF_016899425.1;GCF_053038975.1;GCF_053209605.1;GCF_905400185.1;MF6	Major facilitator superfamily (MFS) profile domain-containing protein
chr1_clade_core	GCF_016899425.1|KEDGBJ_00723	COG0341	U		5	5	GCF_016899425.1;GCF_053038975.1;GCF_053209605.1;GCF_905400185.1;MF6	Protein-export membrane protein SecF
chr1_clade_core	GCF_016899425.1|KEDGBJ_00724	COG0342	U		5	5	GCF_016899425.1;GCF_053038975.1;GCF_053209605.1;GCF_905400185.1;MF6	Protein translocase subunit SecD
chr1_clade_core	GCF_016899425.1|KEDGBJ_00725	COG1862	U	03210	5	5	GCF_016899425.1;GCF_053038975.1;GCF_053209605.1;GCF_905400185.1;MF6	preprotein translocase subunit YajC
chr1_clade_core	GCF_016899425.1|KEDGBJ_00726	COG0343	J		5	5	GCF_016899425.1;GCF_053038975.1;GCF_053209605.1;GCF_905400185.1;MF6	tRNA guanosine(34) transglycosylase Tgt
chr1_clade_core	GCF_016899425.1|KEDGBJ_00727	COG0809	J		5	5	GCF_016899425.1;GCF_053038975.1;GCF_053209605.1;GCF_905400185.1;MF6	tRNA preQ1(34) S-adenosylmethionine ribosyltransferase-isomerase QueA
chr1_clade_core	GCF_016899425.1|KEDGBJ_00729	COG0583	K		5	5	GCF_016899425.1;GCF_053038975.1;GCF_053209605.1;GCF_905400185.1;MF6	HTH lysR-type domain-containing protein
chr1_clade_core	GCF_016899425.1|KEDGBJ_00730				5	5	GCF_016899425.1;GCF_053038975.1;GCF_053209605.1;GCF_905400185.1;MF6	Transposase
chr1_clade_core	GCF_016899425.1|KEDGBJ_00732			03782	5	5	GCF_016899425.1;GCF_053038975.1;GCF_053209605.1;GCF_905400185.1;MF6	catalase/peroxidase HPI
chr1_clade_core	GCF_016899425.1|KEDGBJ_00734				5	5	GCF_016899425.1;GCF_053038975.1;GCF_053209605.1;GCF_905400185.1;MF6	non-specific DNA-binding protein DpsA
chr1_clade_core	GCF_016899425.1|KEDGBJ_00735	COG0382	H		5	5	GCF_016899425.1;GCF_053038975.1;GCF_053209605.1;GCF_905400185.1;MF6	4-hydroxybenzoate octaprenyltransferase
chr1_clade_core	GCF_016899425.1|KEDGBJ_00736	COG0345	E		5	5	GCF_016899425.1;GCF_053038975.1;GCF_053209605.1;GCF_905400185.1;MF6	pyrroline-5-carboxylate reductase
chr1_clade_core	GCF_016899425.1|KEDGBJ_00737			06997	5	5	GCF_016899425.1;GCF_053038975.1;GCF_053209605.1;GCF_905400185.1;MF6	Pyridoxal phosphate homeostasis protein
chr1_clade_core	GCF_016899425.1|KEDGBJ_00738	COG0247	C	11473	5	5	GCF_016899425.1;GCF_053038975.1;GCF_053209605.1;GCF_905400185.1;MF6	glycolate oxidase subunit GlcF
chr1_clade_core	GCF_016899425.1|KEDGBJ_00739	COG0277	C		5	5	GCF_016899425.1;GCF_053038975.1;GCF_053209605.1;GCF_905400185.1;MF6	glycolate oxidase subunit GlcE
chr1_clade_core	GCF_016899425.1|KEDGBJ_00740	COG0277	C	00104	5	5	GCF_016899425.1;GCF_053038975.1;GCF_053209605.1;GCF_905400185.1;MF6	(S)-2-hydroxy-acid oxidase
chr1_clade_core	GCF_016899425.1|KEDGBJ_00741				5	5	GCF_016899425.1;GCF_053038975.1;GCF_053209605.1;GCF_905400185.1;MF6	D-lactate dehydrogenase (cytochrome)
chr1_clade_core	GCF_016899425.1|KEDGBJ_00742	COG2096	H		5	5	GCF_016899425.1;GCF_053038975.1;GCF_053209605.1;GCF_905400185.1;MF6	Cobalamin adenosyltransferase
chr1_clade_core	GCF_016899425.1|KEDGBJ_00743	COG1018	C		5	5	GCF_016899425.1;GCF_053038975.1;GCF_053209605.1;GCF_905400185.1;MF6	NO-inducible flavohemoprotein
chr1_clade_core	GCF_016899425.1|KEDGBJ_00744				5	5	GCF_016899425.1;GCF_053038975.1;GCF_053209605.1;GCF_905400185.1;MF6	Antitoxin
chr1_clade_core	GCF_016899425.1|KEDGBJ_00745	COG0722	E	01626	5	5	GCF_016899425.1;GCF_053038975.1;GCF_053209605.1;GCF_905400185.1;MF6	3-deoxy-7-phosphoheptulonate synthase AroG
chr1_clade_core	GCF_016899425.1|KEDGBJ_00746	COG0312	OV	03568	5	5	GCF_016899425.1;GCF_053038975.1;GCF_053209605.1;GCF_905400185.1;MF6	metalloprotease TldD
chr1_clade_core	GCF_016899425.1|KEDGBJ_00747	COG0388	V		5	5	GCF_016899425.1;GCF_053038975.1;GCF_053209605.1;GCF_905400185.1;MF6	Nitrilase/cyanide hydratase and apolipoprotein N-acyltransferase
chr1_clade_core	GCF_016899425.1|KEDGBJ_00748	COG3164	M		5	5	GCF_016899425.1;GCF_053038975.1;GCF_053209605.1;GCF_905400185.1;MF6	YhdP family protein
chr1_clade_core	GCF_016899425.1|KEDGBJ_00751	COG0497	L		5	5	GCF_016899425.1;GCF_053038975.1;GCF_053209605.1;GCF_905400185.1;MF6	DNA repair protein RecN
chr1_clade_core	GCF_016899425.1|KEDGBJ_00752	COG0061	H	00858	5	5	GCF_016899425.1;GCF_053038975.1;GCF_053209605.1;GCF_905400185.1;MF6	NAD kinase
chr1_clade_core	GCF_016899425.1|KEDGBJ_00753	COG1420	K	03705	5	5	GCF_016899425.1;GCF_053038975.1;GCF_053209605.1;GCF_905400185.1;MF6	heat-inducible transcriptional repressor HrcA
chr1_clade_core	GCF_016899425.1|KEDGBJ_00754	COG0276	H	01772	5	5	GCF_016899425.1;GCF_053038975.1;GCF_053209605.1;GCF_905400185.1;MF6	ferrochelatase
chr1_clade_core	GCF_016899425.1|KEDGBJ_00755	COG1188	J	04762	5	5	GCF_016899425.1;GCF_053038975.1;GCF_053209605.1;GCF_905400185.1;MF6	Heat shock protein Hsp15
chr1_clade_core	GCF_016899425.1|KEDGBJ_00756	COG0576	O	03687	5	5	GCF_016899425.1;GCF_053038975.1;GCF_053209605.1;GCF_905400185.1;MF6	nucleotide exchange factor GrpE
chr1_clade_core	GCF_016899425.1|KEDGBJ_00757				5	5	GCF_016899425.1;GCF_053038975.1;GCF_053209605.1;GCF_905400185.1;MF6	Thioredoxin domain-containing protein
chr1_clade_core	GCF_016899425.1|KEDGBJ_00758	COG0443	O		5	5	GCF_016899425.1;GCF_053038975.1;GCF_053209605.1;GCF_905400185.1;MF6	molecular chaperone DnaK
chr1_clade_core	GCF_016899425.1|KEDGBJ_00759	COG0484	O		5	5	GCF_016899425.1;GCF_053038975.1;GCF_053209605.1;GCF_905400185.1;MF6	molecular chaperone DnaJ
chr1_clade_core	GCF_016899425.1|KEDGBJ_00760			03342	5	5	GCF_016899425.1;GCF_053038975.1;GCF_053209605.1;GCF_905400185.1;MF6	aminodeoxychorismate synthase component I
chr1_clade_core	GCF_016899425.1|KEDGBJ_00761			00606	5	5	GCF_016899425.1;GCF_053038975.1;GCF_053209605.1;GCF_905400185.1;MF6	3-methyl-2-oxobutanoate hydroxymethyltransferase
chr1_clade_core	GCF_016899425.1|KEDGBJ_00762	COG1428	F		5	5	GCF_016899425.1;GCF_053038975.1;GCF_053209605.1;GCF_905400185.1;MF6	Deoxynucleoside kinase
chr1_clade_core	GCF_016899425.1|KEDGBJ_00763	COG0801	H		5	5	GCF_016899425.1;GCF_053038975.1;GCF_053209605.1;GCF_905400185.1;MF6	2-amino-4-hydroxy-6-hydroxymethyldihydropteridine diphosphokinase
chr1_clade_core	GCF_016899425.1|KEDGBJ_00765	COG0560	E		5	5	GCF_016899425.1;GCF_053038975.1;GCF_053209605.1;GCF_905400185.1;MF6	Phosphoserine phosphatase
chr1_clade_core	GCF_016899425.1|KEDGBJ_00766			10763	5	5	GCF_016899425.1;GCF_053038975.1;GCF_053209605.1;GCF_905400185.1;MF6	DnaA regulatory inactivator Hda
chr1_clade_core	GCF_016899425.1|KEDGBJ_00767	COG0150	F		5	5	GCF_016899425.1;GCF_053038975.1;GCF_053209605.1;GCF_905400185.1;MF6	Phosphoribosylformylglycinamidine cyclo-ligase
chr1_clade_core	GCF_016899425.1|KEDGBJ_00768	COG2814	G	08151	5	5	GCF_016899425.1;GCF_053038975.1;GCF_053209605.1;GCF_905400185.1;MF6	Tet(A)/Tet(B)/Tet(C) family tetracycline efflux MFS transporter
chr1_clade_core	GCF_016899425.1|KEDGBJ_00769			18476	5	5	GCF_016899425.1;GCF_053038975.1;GCF_053209605.1;GCF_905400185.1;MF6	tetracycline resistance transcriptional repressor TetR
chr1_clade_core	GCF_016899425.1|KEDGBJ_00770	COG0324	J		5	5	GCF_016899425.1;GCF_053038975.1;GCF_053209605.1;GCF_905400185.1;MF6	tRNA (adenosine(37)-N6)-dimethylallyltransferase MiaA
chr1_clade_core	GCF_016899425.1|KEDGBJ_00771	COG0323	L		5	5	GCF_016899425.1;GCF_053038975.1;GCF_053209605.1;GCF_905400185.1;MF6	DNA mismatch repair endonuclease MutL
chr1_clade_core	GCF_016899425.1|KEDGBJ_00772	COG0586	M	03975	5	5	GCF_016899425.1;GCF_053038975.1;GCF_053209605.1;GCF_905400185.1;MF6	DedA family protein
chr1_clade_core	GCF_016899425.1|KEDGBJ_00773				5	5	GCF_016899425.1;GCF_053038975.1;GCF_053209605.1;GCF_905400185.1;MF6	Small-conductance mechanosensitive channel
chr1_clade_core	GCF_016899425.1|KEDGBJ_00775				5	5	GCF_016899425.1;GCF_053038975.1;GCF_053209605.1;GCF_905400185.1;MF6	Adenylyl-sulfate kinase
chr1_clade_core	GCF_016899425.1|KEDGBJ_00776	COG0121	R	18802	5	5	GCF_016899425.1;GCF_053038975.1;GCF_053209605.1;GCF_905400185.1;MF6	Glutamine amidotransferase
chr1_clade_core	GCF_016899425.1|KEDGBJ_00777	COG0599	R		5	5	GCF_016899425.1;GCF_053038975.1;GCF_053209605.1;GCF_905400185.1;MF6	Alkylhydroperoxidase like protein, AhpD family
chr1_clade_core	GCF_016899425.1|KEDGBJ_00778	COG4682	S		5	5	GCF_016899425.1;GCF_053038975.1;GCF_053209605.1;GCF_905400185.1;MF6	inner membrane protein YiaA
chr1_clade_core	GCF_016899425.1|KEDGBJ_00779	COG1215	N		5	5	GCF_016899425.1;GCF_053038975.1;GCF_053209605.1;GCF_905400185.1;MF6	Glycosyl transferase
chr1_clade_core	GCF_016899425.1|KEDGBJ_00780				5	5	GCF_016899425.1;GCF_053038975.1;GCF_053209605.1;GCF_905400185.1;MF6	Lipoprotein
chr1_clade_core	GCF_016899425.1|KEDGBJ_00781				5	5	GCF_016899425.1;GCF_053038975.1;GCF_053209605.1;GCF_905400185.1;MF6	Ferritin-like domain-containing protein
chr1_clade_core	GCF_016899425.1|KEDGBJ_00782				5	5	GCF_016899425.1;GCF_053038975.1;GCF_053209605.1;GCF_905400185.1;MF6	Glycosyltransferase
chr1_clade_core	GCF_016899425.1|KEDGBJ_00783				5	5	GCF_016899425.1;GCF_053038975.1;GCF_053209605.1;GCF_905400185.1;MF6	Phosphatase PAP2 family protein
chr1_clade_core	GCF_016899425.1|KEDGBJ_00784				5	5	GCF_016899425.1;GCF_053038975.1;GCF_053209605.1;GCF_905400185.1;MF6	Fatty acid desaturase
chr1_clade_core	GCF_016899425.1|KEDGBJ_00786	COG1729	D		5	5	GCF_016899425.1;GCF_053038975.1;GCF_053209605.1;GCF_905400185.1;MF6	tol-pal system protein YbgF
chr1_clade_core	GCF_016899425.1|KEDGBJ_00787	COG2885	M		5	5	GCF_016899425.1;GCF_053038975.1;GCF_053209605.1;GCF_905400185.1;MF6	peptidoglycan-associated lipoprotein Pal
chr1_clade_core	GCF_016899425.1|KEDGBJ_00788	COG0823	U		5	5	GCF_016899425.1;GCF_053038975.1;GCF_053209605.1;GCF_905400185.1;MF6	Tol-Pal system beta propeller repeat protein TolB
chr1_clade_core	GCF_016899425.1|KEDGBJ_00789			03646	5	5	GCF_016899425.1;GCF_053038975.1;GCF_053209605.1;GCF_905400185.1;MF6	cell envelope integrity protein TolA
chr1_clade_core	GCF_016899425.1|KEDGBJ_00790	COG0848	U		5	5	GCF_016899425.1;GCF_053038975.1;GCF_053209605.1;GCF_905400185.1;MF6	protein TolR
chr1_clade_core	GCF_016899425.1|KEDGBJ_00791	COG0811	U		5	5	GCF_016899425.1;GCF_053038975.1;GCF_053209605.1;GCF_905400185.1;MF6	protein TolQ
chr1_clade_core	GCF_016899425.1|KEDGBJ_00792			07107	5	5	GCF_016899425.1;GCF_053038975.1;GCF_053209605.1;GCF_905400185.1;MF6	tol-pal system-associated acyl-CoA thioesterase
chr1_clade_core	GCF_016899425.1|KEDGBJ_00793				5	5	GCF_016899425.1;GCF_053038975.1;GCF_053209605.1;GCF_905400185.1;MF6	Short-chain dehydrogenase
chr1_clade_core	GCF_016899425.1|KEDGBJ_00794	COG0112	E		5	5	GCF_016899425.1;GCF_053038975.1;GCF_053209605.1;GCF_905400185.1;MF6	Serine hydroxymethyltransferase 1
chr1_clade_core	GCF_016899425.1|KEDGBJ_00795	COG1327	K		5	5	GCF_016899425.1;GCF_053038975.1;GCF_053209605.1;GCF_905400185.1;MF6	transcriptional regulator NrdR
chr1_clade_core	GCF_016899425.1|KEDGBJ_00796				5	5	GCF_016899425.1;GCF_053038975.1;GCF_053209605.1;GCF_905400185.1;MF6	Type II secretion system protein H
chr1_clade_core	GCF_016899425.1|KEDGBJ_00797				5	5	GCF_016899425.1;GCF_053038975.1;GCF_053209605.1;GCF_905400185.1;MF6	N-terminal cleavage protein
chr1_clade_core	GCF_016899425.1|KEDGBJ_00798				5	5	GCF_016899425.1;GCF_053038975.1;GCF_053209605.1;GCF_905400185.1;MF6	Type IV pillus assembly protein
chr1_clade_core	GCF_016899425.1|KEDGBJ_00799				5	5	GCF_016899425.1;GCF_053038975.1;GCF_053209605.1;GCF_905400185.1;MF6	Tfp pilus assembly protein PilX
chr1_clade_core	GCF_016899425.1|KEDGBJ_00800				5	5	GCF_016899425.1;GCF_053038975.1;GCF_053209605.1;GCF_905400185.1;MF6	Pilus assembly protein PilE
chr1_clade_core	GCF_016899425.1|KEDGBJ_00801				5	5	GCF_016899425.1;GCF_053038975.1;GCF_053209605.1;GCF_905400185.1;MF6	DUF3318 domain-containing protein
chr1_clade_core	GCF_016899425.1|KEDGBJ_00802	COG5393	S		5	5	GCF_016899425.1;GCF_053038975.1;GCF_053209605.1;GCF_905400185.1;MF6	Membrane protein YqjE
chr1_clade_core	GCF_016899425.1|KEDGBJ_00803	COG4575	J		5	5	GCF_016899425.1;GCF_053038975.1;GCF_053209605.1;GCF_905400185.1;MF6	DUF883 domain-containing protein
chr1_clade_core	GCF_016899425.1|KEDGBJ_00804	COG0450	V		5	5	GCF_016899425.1;GCF_053038975.1;GCF_053209605.1;GCF_905400185.1;MF6	peroxiredoxin
chr1_clade_core	GCF_016899425.1|KEDGBJ_00805			00252	5	5	GCF_016899425.1;GCF_053038975.1;GCF_053209605.1;GCF_905400185.1;MF6	glutaryl-CoA dehydrogenase (ETF)
chr1_clade_core	GCF_016899425.1|KEDGBJ_00806	COG1414	K		5	5	GCF_016899425.1;GCF_053038975.1;GCF_053209605.1;GCF_905400185.1;MF6	HTH-type transcriptional regulator TsaQ1/TsaQ2
chr1_clade_core	GCF_016899425.1|KEDGBJ_00807	COG3791	S		5	5	GCF_016899425.1;GCF_053038975.1;GCF_053209605.1;GCF_905400185.1;MF6	CENP-V/GFA domain-containing protein
chr1_clade_core	GCF_016899425.1|KEDGBJ_00808	COG2200	T		5	5	GCF_016899425.1;GCF_053038975.1;GCF_053209605.1;GCF_905400185.1;MF6	EAL domain-containing protein
chr1_clade_core	GCF_016899425.1|KEDGBJ_00810				5	5	GCF_016899425.1;GCF_053038975.1;GCF_053209605.1;GCF_905400185.1;MF6	DUF2783 domain-containing protein
chr1_clade_core	GCF_016899425.1|KEDGBJ_00811	COG2814	G	08195	5	5	GCF_016899425.1;GCF_053038975.1;GCF_053209605.1;GCF_905400185.1;MF6	4-hydroxybenzoate transporter
chr1_clade_core	GCF_016899425.1|KEDGBJ_00812			00451	5	5	GCF_016899425.1;GCF_053038975.1;GCF_053209605.1;GCF_905400185.1;MF6	homogentisate 1,2-dioxygenase
chr1_clade_core	GCF_016899425.1|KEDGBJ_00813	COG0179	Q		5	5	GCF_016899425.1;GCF_053038975.1;GCF_053209605.1;GCF_905400185.1;MF6	fumarylacetoacetase
chr1_clade_core	GCF_016899425.1|KEDGBJ_00814	COG2814	G		5	5	GCF_016899425.1;GCF_053038975.1;GCF_053209605.1;GCF_905400185.1;MF6	Major facilitator superfamily (MFS_1) transporter
chr1_clade_core	GCF_016899425.1|KEDGBJ_00815	COG2814	G	19577	5	5	GCF_016899425.1;GCF_053038975.1;GCF_053209605.1;GCF_905400185.1;MF6	Arabinose polymer transporter
chr1_clade_core	GCF_016899425.1|KEDGBJ_00816			04719	5	5	GCF_016899425.1;GCF_053038975.1;GCF_053209605.1;GCF_905400185.1;MF6	5,6-dimethylbenzimidazole synthase
chr1_clade_core	GCF_016899425.1|KEDGBJ_00817	COG1052	CHR		5	5	GCF_016899425.1;GCF_053038975.1;GCF_053209605.1;GCF_905400185.1;MF6	putative D-lactate dehydrogenase
chr1_clade_core	GCF_016899425.1|KEDGBJ_00818	COG0583	K		5	5	GCF_016899425.1;GCF_053038975.1;GCF_053209605.1;GCF_905400185.1;MF6	HTH lysR-type domain-containing protein
chr1_clade_core	GCF_016899425.1|KEDGBJ_00819				5	5	GCF_016899425.1;GCF_053038975.1;GCF_053209605.1;GCF_905400185.1;MF6	(S)-ureidoglycine--glyoxylate transaminase
chr1_clade_core	GCF_016899425.1|KEDGBJ_00820				5	5	GCF_016899425.1;GCF_053038975.1;GCF_053209605.1;GCF_905400185.1;MF6	AraC family transcriptional regulator
chr1_clade_core	GCF_016899425.1|KEDGBJ_00821	COG0697	GER		5	5	GCF_016899425.1;GCF_053038975.1;GCF_053209605.1;GCF_905400185.1;MF6	EamA domain-containing protein
chr1_clade_core	GCF_016899425.1|KEDGBJ_00824				5	5	GCF_016899425.1;GCF_053038975.1;GCF_053209605.1;GCF_905400185.1;MF6	Uncharacterized MFS-type transporter BCAL3174
chr1_clade_core	GCF_016899425.1|KEDGBJ_00826	COG4631	F		5	5	GCF_016899425.1;GCF_053038975.1;GCF_053209605.1;GCF_905400185.1;MF6	xanthine dehydrogenase molybdopterin binding subunit
chr1_clade_core	GCF_016899425.1|KEDGBJ_00827	COG1975	O	07402	5	5	GCF_016899425.1;GCF_053038975.1;GCF_053209605.1;GCF_905400185.1;MF6	xanthine dehydrogenase accessory protein XdhC
chr1_clade_core	GCF_016899425.1|KEDGBJ_00828				5	5	GCF_016899425.1;GCF_053038975.1;GCF_053209605.1;GCF_905400185.1;MF6	SnoaL-like domain-containing protein
chr1_clade_core	GCF_016899425.1|KEDGBJ_00829	COG0583	K		5	5	GCF_016899425.1;GCF_053038975.1;GCF_053209605.1;GCF_905400185.1;MF6	HTH-type transcriptional regulator SyrM 1
chr1_clade_core	GCF_016899425.1|KEDGBJ_00830				5	5	GCF_016899425.1;GCF_053038975.1;GCF_053209605.1;GCF_905400185.1;MF6	2-hydroxychromene-2-carboxylate isomerase
chr1_clade_core	GCF_016899425.1|KEDGBJ_00831			07080	5	5	GCF_016899425.1;GCF_053038975.1;GCF_053209605.1;GCF_905400185.1;MF6	C4-dicarboxylate ABC transporter substrate-binding protein
chr1_clade_core	GCF_016899425.1|KEDGBJ_00832			04065	5	5	GCF_016899425.1;GCF_053038975.1;GCF_053209605.1;GCF_905400185.1;MF6	Transport-associated protein
chr1_clade_core	GCF_016899425.1|KEDGBJ_00833			07518	5	5	GCF_016899425.1;GCF_053038975.1;GCF_053209605.1;GCF_905400185.1;MF6	D-(-)-3-hydroxybutyrate oligomer hydrolase
chr1_clade_core	GCF_016899425.1|KEDGBJ_00834	COG2939	E		5	5	GCF_016899425.1;GCF_053038975.1;GCF_053209605.1;GCF_905400185.1;MF6	Carboxypeptidase C (Cathepsin A)
chr1_clade_core	GCF_016899425.1|KEDGBJ_00835	COG0730	P		5	5	GCF_016899425.1;GCF_053038975.1;GCF_053209605.1;GCF_905400185.1;MF6	putative membrane transporter protein
chr1_clade_core	GCF_016899425.1|KEDGBJ_00836	COG2814	G		5	5	GCF_016899425.1;GCF_053038975.1;GCF_053209605.1;GCF_905400185.1;MF6	Major facilitator superfamily (MFS) profile domain-containing protein
chr1_clade_core	GCF_016899425.1|KEDGBJ_00837	COG2761	O		5	5	GCF_016899425.1;GCF_053038975.1;GCF_053209605.1;GCF_905400185.1;MF6	DSBA-like thioredoxin domain-containing protein
chr1_clade_core	GCF_016899425.1|KEDGBJ_00839	COG2423	E	19744	5	5	GCF_016899425.1;GCF_053038975.1;GCF_053209605.1;GCF_905400185.1;MF6	NAD(P)H-dependent anabolic L-arginine dehydrogenase DauB
chr1_clade_core	GCF_016899425.1|KEDGBJ_00840	COG0834	ET		5	5	GCF_016899425.1;GCF_053038975.1;GCF_053209605.1;GCF_905400185.1;MF6	Solute-binding protein family 3/N-terminal domain-containing protein
chr1_clade_core	GCF_016899425.1|KEDGBJ_00841	COG0665	E	26064	5	5	GCF_016899425.1;GCF_053038975.1;GCF_053209605.1;GCF_905400185.1;MF6	D-amino acid dehydrogenase 1
chr1_clade_core	GCF_016899425.1|KEDGBJ_00842				5	5	GCF_016899425.1;GCF_053038975.1;GCF_053209605.1;GCF_905400185.1;MF6	Lipoprotein
chr1_clade_core	GCF_016899425.1|KEDGBJ_00843	COG1595	K		5	5	GCF_016899425.1;GCF_053038975.1;GCF_053209605.1;GCF_905400185.1;MF6	RNA polymerase sigma factor sigM,RNA polymerase sigma factor,RNA polymerase sigma-70 factor, sigma-E family,Sigma-70, region 4
chr1_clade_core	GCF_016899425.1|KEDGBJ_00844				5	5	GCF_016899425.1;GCF_053038975.1;GCF_053209605.1;GCF_905400185.1;MF6	Anti sigma-E protein RseA N-terminal domain-containing protein
chr1_clade_core	GCF_016899425.1|KEDGBJ_00846	COG2834	M		5	5	GCF_016899425.1;GCF_053038975.1;GCF_053209605.1;GCF_905400185.1;MF6	DUF1571 domain-containing protein
chr1_clade_core	GCF_016899425.1|KEDGBJ_00847				5	5	GCF_016899425.1;GCF_053038975.1;GCF_053209605.1;GCF_905400185.1;MF6	Polyketide cyclase
chr1_clade_core	GCF_016899425.1|KEDGBJ_00848	COG0234	O	04078	5	5	GCF_016899425.1;GCF_053038975.1;GCF_053209605.1;GCF_905400185.1;MF6	co-chaperone GroES
chr1_clade_core	GCF_016899425.1|KEDGBJ_00849	COG0459	O		5	5	GCF_016899425.1;GCF_053038975.1;GCF_053209605.1;GCF_905400185.1;MF6	chaperonin GroEL
chr1_clade_core	GCF_016899425.1|KEDGBJ_00854	COG0351	H		5	5	GCF_016899425.1;GCF_053038975.1;GCF_053209605.1;GCF_905400185.1;MF6	hydroxymethylpyrimidine kinase
chr1_clade_core	GCF_016899425.1|KEDGBJ_00855	COG1773	P		5	5	GCF_016899425.1;GCF_053038975.1;GCF_053209605.1;GCF_905400185.1;MF6	Rubredoxin
chr1_clade_core	GCF_016899425.1|KEDGBJ_00856				5	5	GCF_016899425.1;GCF_053038975.1;GCF_053209605.1;GCF_905400185.1;MF6	hypothetical protein
chr1_clade_core	GCF_016899425.1|KEDGBJ_00857	COG1678	K	07735	5	5	GCF_016899425.1;GCF_053038975.1;GCF_053209605.1;GCF_905400185.1;MF6	YqgE/AlgH family protein
chr1_clade_core	GCF_016899425.1|KEDGBJ_00858	COG0816	JLK		5	5	GCF_016899425.1;GCF_053038975.1;GCF_053209605.1;GCF_905400185.1;MF6	Holliday junction resolvase RuvX
chr1_clade_core	GCF_016899425.1|KEDGBJ_00860	COG0540	F		5	5	GCF_016899425.1;GCF_053038975.1;GCF_053209605.1;GCF_905400185.1;MF6	aspartate carbamoyltransferase catalytic subunit
chr1_clade_core	GCF_016899425.1|KEDGBJ_00861	COG0044	F		5	5	GCF_016899425.1;GCF_053038975.1;GCF_053209605.1;GCF_905400185.1;MF6	dihydroorotase
chr1_clade_core	GCF_016899425.1|KEDGBJ_00862	COG0204	I		5	5	GCF_016899425.1;GCF_053038975.1;GCF_053209605.1;GCF_905400185.1;MF6	Phospholipid/glycerol acyltransferase
chr1_clade_core	GCF_016899425.1|KEDGBJ_00863				5	5	GCF_016899425.1;GCF_053038975.1;GCF_053209605.1;GCF_905400185.1;MF6	symmetrical bis(5'-nucleosyl)-tetraphosphatase
chr1_clade_core	GCF_016899425.1|KEDGBJ_00864	COG1088	M		5	5	GCF_016899425.1;GCF_053038975.1;GCF_053209605.1;GCF_905400185.1;MF6	dTDP-glucose 4,6-dehydratase
chr1_clade_core	GCF_016899425.1|KEDGBJ_00865			00973	5	5	GCF_016899425.1;GCF_053038975.1;GCF_053209605.1;GCF_905400185.1;MF6	glucose-1-phosphate thymidylyltransferase RfbA
chr1_clade_core	GCF_016899425.1|KEDGBJ_00878			24310	5	5	GCF_016899425.1;GCF_053038975.1;GCF_053209605.1;GCF_905400185.1;MF6	UDP-glucose 4-epimerase
chr1_clade_core	GCF_016899425.1|KEDGBJ_00884	COG0472	M		5	5	GCF_016899425.1;GCF_053038975.1;GCF_053209605.1;GCF_905400185.1;MF6	Glycosyl transferase
chr1_clade_core	GCF_016899425.1|KEDGBJ_00885	COG1087	M		5	5	GCF_016899425.1;GCF_053038975.1;GCF_053209605.1;GCF_905400185.1;MF6	UDP-glucose 4-epimerase GalE
chr1_clade_core	GCF_016899425.1|KEDGBJ_00886	COG0438	M		5	5	GCF_016899425.1;GCF_053038975.1;GCF_053209605.1;GCF_905400185.1;MF6	Glycosyl transferase
chr1_clade_core	GCF_016899425.1|KEDGBJ_00887	COG1216	G		5	5	GCF_016899425.1;GCF_053038975.1;GCF_053209605.1;GCF_905400185.1;MF6	Putative glycosyltransferase EpsE
chr1_clade_core	GCF_016899425.1|KEDGBJ_00888	COG2244	M		5	5	GCF_016899425.1;GCF_053038975.1;GCF_053209605.1;GCF_905400185.1;MF6	Polysaccharide biosynthesis protein
chr1_clade_core	GCF_016899425.1|KEDGBJ_00889	COG1109	G		5	5	GCF_016899425.1;GCF_053038975.1;GCF_053209605.1;GCF_905400185.1;MF6	Phosphoglucomutase
chr1_clade_core	GCF_016899425.1|KEDGBJ_00890	COG0859	M		5	5	GCF_016899425.1;GCF_053038975.1;GCF_053209605.1;GCF_905400185.1;MF6	lipopolysaccharide heptosyltransferase I
chr1_clade_core	GCF_016899425.1|KEDGBJ_00891				5	5	GCF_016899425.1;GCF_053038975.1;GCF_053209605.1;GCF_905400185.1;MF6	3-deoxy-D-manno-oct-2-ulosonic acid (Kdo) hydroxylase
chr1_clade_core	GCF_016899425.1|KEDGBJ_00892	COG1519	M	02527	5	5	GCF_016899425.1;GCF_053038975.1;GCF_053209605.1;GCF_905400185.1;MF6	lipid IV(A) 3-deoxy-D-manno-octulosonic acid transferase
chr1_clade_core	GCF_016899425.1|KEDGBJ_00893			03189	5	5	GCF_016899425.1;GCF_053038975.1;GCF_053209605.1;GCF_905400185.1;MF6	urease accessory protein UreG
chr1_clade_core	GCF_016899425.1|KEDGBJ_00894	COG0830	O		5	5	GCF_016899425.1;GCF_053038975.1;GCF_053209605.1;GCF_905400185.1;MF6	Urease accessory protein UreF
chr1_clade_core	GCF_016899425.1|KEDGBJ_00896	COG0804	E	01428	5	5	GCF_016899425.1;GCF_053038975.1;GCF_053209605.1;GCF_905400185.1;MF6	urease subunit alpha
chr1_clade_core	GCF_016899425.1|KEDGBJ_00898	COG0832	E		5	5	GCF_016899425.1;GCF_053038975.1;GCF_053209605.1;GCF_905400185.1;MF6	urease subunit beta
chr1_clade_core	GCF_016899425.1|KEDGBJ_00899	COG0831	E		5	5	GCF_016899425.1;GCF_053038975.1;GCF_053209605.1;GCF_905400185.1;MF6	urease subunit gamma
chr1_clade_core	GCF_016899425.1|KEDGBJ_00900	COG0829	O	03190	5	5	GCF_016899425.1;GCF_053038975.1;GCF_053209605.1;GCF_905400185.1;MF6	Urease accessory protein UreD
chr1_clade_core	GCF_016899425.1|KEDGBJ_00901	COG0410	E		5	5	GCF_016899425.1;GCF_053038975.1;GCF_053209605.1;GCF_905400185.1;MF6	urea ABC transporter ATP-binding subunit UrtE
chr1_clade_core	GCF_016899425.1|KEDGBJ_00903	COG4177	E		5	5	GCF_016899425.1;GCF_053038975.1;GCF_053209605.1;GCF_905400185.1;MF6	urea ABC transporter permease subunit UrtC
chr1_clade_core	GCF_016899425.1|KEDGBJ_00904	COG0559	E		5	5	GCF_016899425.1;GCF_053038975.1;GCF_053209605.1;GCF_905400185.1;MF6	urea ABC transporter permease subunit UrtB
chr1_clade_core	GCF_016899425.1|KEDGBJ_00905	COG0683	E	11959	5	5	GCF_016899425.1;GCF_053038975.1;GCF_053209605.1;GCF_905400185.1;MF6	urea ABC transporter substrate-binding protein
chr1_clade_core	GCF_016899425.1|KEDGBJ_00906				5	5	GCF_016899425.1;GCF_053038975.1;GCF_053209605.1;GCF_905400185.1;MF6	Rhodanese-related sulfurtransferase
chr1_clade_core	GCF_016899425.1|KEDGBJ_00907	COG2518	O		5	5	GCF_016899425.1;GCF_053038975.1;GCF_053209605.1;GCF_905400185.1;MF6	Protein-L-isoaspartate O-methyltransferase
chr1_clade_core	GCF_016899425.1|KEDGBJ_00908				5	5	GCF_016899425.1;GCF_053038975.1;GCF_053209605.1;GCF_905400185.1;MF6	Prevent-host-death protein
chr1_clade_core	GCF_016899425.1|KEDGBJ_00909	COG0635	H		5	5	GCF_016899425.1;GCF_053038975.1;GCF_053209605.1;GCF_905400185.1;MF6	oxygen-independent coproporphyrinogen III oxidase
chr1_clade_core	GCF_016899425.1|KEDGBJ_00910				5	5	GCF_016899425.1;GCF_053038975.1;GCF_053209605.1;GCF_905400185.1;MF6	Proteinase inhibitor
chr1_clade_core	GCF_016899425.1|KEDGBJ_00911				5	5	GCF_016899425.1;GCF_053038975.1;GCF_053209605.1;GCF_905400185.1;MF6	DUF1439 domain-containing protein
chr1_clade_core	GCF_016899425.1|KEDGBJ_00912	COG1968	I		5	5	GCF_016899425.1;GCF_053038975.1;GCF_053209605.1;GCF_905400185.1;MF6	undecaprenyl-diphosphate phosphatase
chr1_clade_core	GCF_016899425.1|KEDGBJ_00913				5	5	GCF_016899425.1;GCF_053038975.1;GCF_053209605.1;GCF_905400185.1;MF6	tRNA (guanosine(46)-N7)-methyltransferase TrmB
chr1_clade_core	GCF_016899425.1|KEDGBJ_00915	COG3450	R		5	5	GCF_016899425.1;GCF_053038975.1;GCF_053209605.1;GCF_905400185.1;MF6	(S)-ureidoglycine aminohydrolase cupin domain-containing protein
chr1_clade_core	GCF_016899425.1|KEDGBJ_00916			22209	5	5	GCF_016899425.1;GCF_053038975.1;GCF_053209605.1;GCF_905400185.1;MF6	Mandelate racemase/muconate lactonizing enzyme C-terminal domain-containing protein
chr1_clade_core	GCF_016899425.1|KEDGBJ_00917				5	5	GCF_016899425.1;GCF_053038975.1;GCF_053209605.1;GCF_905400185.1;MF6	Chromate transporter
chr1_clade_core	GCF_016899425.1|KEDGBJ_00918			07240	5	5	GCF_016899425.1;GCF_053038975.1;GCF_053209605.1;GCF_905400185.1;MF6	Chromate transporter
chr1_clade_core	GCF_016899425.1|KEDGBJ_00919	COG1349	KG		5	5	GCF_016899425.1;GCF_053038975.1;GCF_053209605.1;GCF_905400185.1;MF6	HTH deoR-type domain-containing protein
chr1_clade_core	GCF_016899425.1|KEDGBJ_00921				5	5	GCF_016899425.1;GCF_053038975.1;GCF_053209605.1;GCF_905400185.1;MF6	NUDIX hydrolase
chr1_clade_core	GCF_016899425.1|KEDGBJ_00922				5	5	GCF_016899425.1;GCF_053038975.1;GCF_053209605.1;GCF_905400185.1;MF6	protein acetyllysine N-acetyltransferase
chr1_clade_core	GCF_016899425.1|KEDGBJ_00923				5	5	GCF_016899425.1;GCF_053038975.1;GCF_053209605.1;GCF_905400185.1;MF6	Peptidase S8 and S53 subtilisin kexin sedolisin
chr1_clade_core	GCF_016899425.1|KEDGBJ_00924				5	5	GCF_016899425.1;GCF_053038975.1;GCF_053209605.1;GCF_905400185.1;MF6	fluoride efflux transporter CrcB
chr1_clade_core	GCF_016899425.1|KEDGBJ_00925	COG1993	T	09137	5	5	GCF_016899425.1;GCF_053038975.1;GCF_053209605.1;GCF_905400185.1;MF6	DUF190 domain-containing protein
chr1_clade_core	GCF_016899425.1|KEDGBJ_00926	COG0762	O	02221	5	5	GCF_016899425.1;GCF_053038975.1;GCF_053209605.1;GCF_905400185.1;MF6	YggT family protein
chr1_clade_core	GCF_016899425.1|KEDGBJ_00927				5	5	GCF_016899425.1;GCF_053038975.1;GCF_053209605.1;GCF_905400185.1;MF6	NADP oxidoreductase coenzyme F420-dependent
chr1_clade_core	GCF_016899425.1|KEDGBJ_00928				5	5	GCF_016899425.1;GCF_053038975.1;GCF_053209605.1;GCF_905400185.1;MF6	Transmembrane protein
chr1_clade_core	GCF_016899425.1|KEDGBJ_00929	COG1280	E		5	5	GCF_016899425.1;GCF_053038975.1;GCF_053209605.1;GCF_905400185.1;MF6	Lysine transporter LysE
chr1_clade_core	GCF_016899425.1|KEDGBJ_00930	COG0043	H		5	5	GCF_016899425.1;GCF_053038975.1;GCF_053209605.1;GCF_905400185.1;MF6	4-hydroxy-3-polyprenylbenzoate decarboxylase
chr1_clade_core	GCF_016899425.1|KEDGBJ_00933	COG0436	E		5	5	GCF_016899425.1;GCF_053038975.1;GCF_053209605.1;GCF_905400185.1;MF6	pyridoxal phosphate-dependent aminotransferase
chr1_clade_core	GCF_016899425.1|KEDGBJ_00934	COG0781	K		5	5	GCF_016899425.1;GCF_053038975.1;GCF_053209605.1;GCF_905400185.1;MF6	transcription antitermination factor NusB
chr1_clade_core	GCF_016899425.1|KEDGBJ_00935	COG0054	H	00794	5	5	GCF_016899425.1;GCF_053038975.1;GCF_053209605.1;GCF_905400185.1;MF6	6,7-dimethyl-8-ribityllumazine synthase
chr1_clade_core	GCF_016899425.1|KEDGBJ_00936	COG0807	H	14652	5	5	GCF_016899425.1;GCF_053038975.1;GCF_053209605.1;GCF_905400185.1;MF6	bifunctional 3,4-dihydroxy-2-butanone-4-phosphate synthase/GTP cyclohydrolase II
chr1_clade_core	GCF_016899425.1|KEDGBJ_00937	COG3812	S	09983	5	5	GCF_016899425.1;GCF_053038975.1;GCF_053209605.1;GCF_905400185.1;MF6	DUF1993 domain-containing protein
chr1_clade_core	GCF_016899425.1|KEDGBJ_00938			00793	5	5	GCF_016899425.1;GCF_053038975.1;GCF_053209605.1;GCF_905400185.1;MF6	riboflavin synthase
chr1_clade_core	GCF_016899425.1|KEDGBJ_00939	COG1985	H	11752	5	5	GCF_016899425.1;GCF_053038975.1;GCF_053209605.1;GCF_905400185.1;MF6	bifunctional diaminohydroxyphosphoribosylaminopyrimidine deaminase/5-amino-6-(5-phosphoribosylamino)uracil reductase RibD
chr1_clade_core	GCF_016899425.1|KEDGBJ_00940				5	5	GCF_016899425.1;GCF_053038975.1;GCF_053209605.1;GCF_905400185.1;MF6	glutamate-1-semialdehyde 2,1-aminomutase
chr1_clade_core	GCF_016899425.1|KEDGBJ_00941				5	5	GCF_016899425.1;GCF_053038975.1;GCF_053209605.1;GCF_905400185.1;MF6	Lipase
chr1_clade_core	GCF_016899425.1|KEDGBJ_00942	COG2814	G	07552	5	5	GCF_016899425.1;GCF_053038975.1;GCF_053209605.1;GCF_905400185.1;MF6	Bcr/CflA family multidrug efflux MFS transporter
chr1_clade_core	GCF_016899425.1|KEDGBJ_00944				5	5	GCF_016899425.1;GCF_053038975.1;GCF_053209605.1;GCF_905400185.1;MF6	DUF1493 domain-containing protein
chr1_clade_core	GCF_016899425.1|KEDGBJ_00945				5	5	GCF_016899425.1;GCF_053038975.1;GCF_053209605.1;GCF_905400185.1;MF6	Phage membrane protein
chr1_clade_core	GCF_016899425.1|KEDGBJ_00946	COG1737	K		5	5	GCF_016899425.1;GCF_053038975.1;GCF_053209605.1;GCF_905400185.1;MF6	bifunctional transcriptional regulator/glucokinase
chr1_clade_core	GCF_016899425.1|KEDGBJ_00947	COG0363	G	01057	5	5	GCF_016899425.1;GCF_053038975.1;GCF_053209605.1;GCF_905400185.1;MF6	6-phosphogluconolactonase
chr1_clade_core	GCF_016899425.1|KEDGBJ_00948	COG0364	G	00036	5	5	GCF_016899425.1;GCF_053038975.1;GCF_053209605.1;GCF_905400185.1;MF6	glucose-6-phosphate dehydrogenase
chr1_clade_core	GCF_016899425.1|KEDGBJ_00949	COG1653	G	17315	5	5	GCF_016899425.1;GCF_053038975.1;GCF_053209605.1;GCF_905400185.1;MF6	putative sugar-binding periplasmic protein
chr1_clade_core	GCF_016899425.1|KEDGBJ_00950	COG1175	G	17316	5	5	GCF_016899425.1;GCF_053038975.1;GCF_053209605.1;GCF_905400185.1;MF6	ABC transmembrane type-1 domain-containing protein
chr1_clade_core	GCF_016899425.1|KEDGBJ_00951	COG0395	G	17317	5	5	GCF_016899425.1;GCF_053038975.1;GCF_053209605.1;GCF_905400185.1;MF6	ABC transmembrane type-1 domain-containing protein
chr1_clade_core	GCF_016899425.1|KEDGBJ_00952				5	5	GCF_016899425.1;GCF_053038975.1;GCF_053209605.1;GCF_905400185.1;MF6	Carbohydrate ABC transporter ATP-binding protein, CUT1 family
chr1_clade_core	GCF_016899425.1|KEDGBJ_00953	COG2860	P		5	5	GCF_016899425.1;GCF_053038975.1;GCF_053209605.1;GCF_905400185.1;MF6	Glycine transporter domain-containing protein
chr1_clade_core	GCF_016899425.1|KEDGBJ_00954	COG2840	JL		5	5	GCF_016899425.1;GCF_053038975.1;GCF_053209605.1;GCF_905400185.1;MF6	DNA mismatch repair protein MutS
chr1_clade_core	GCF_016899425.1|KEDGBJ_00955	COG0492	O	00384	5	5	GCF_016899425.1;GCF_053038975.1;GCF_053209605.1;GCF_905400185.1;MF6	thioredoxin-disulfide reductase
chr1_clade_core	GCF_016899425.1|KEDGBJ_00956	COG1674	D		5	5	GCF_016899425.1;GCF_053038975.1;GCF_053209605.1;GCF_905400185.1;MF6	DNA translocase FtsK
chr1_clade_core	GCF_016899425.1|KEDGBJ_00957	COG2834	M	03634	5	5	GCF_016899425.1;GCF_053038975.1;GCF_053209605.1;GCF_905400185.1;MF6	outer membrane lipoprotein chaperone LolA
chr1_clade_core	GCF_016899425.1|KEDGBJ_00958	COG2256	L	07478	5	5	GCF_016899425.1;GCF_053038975.1;GCF_053209605.1;GCF_905400185.1;MF6	Replication-associated recombination protein A
chr1_clade_core	GCF_016899425.1|KEDGBJ_00959				5	5	GCF_016899425.1;GCF_053038975.1;GCF_053209605.1;GCF_905400185.1;MF6	DUF2164 domain-containing protein
chr1_clade_core	GCF_016899425.1|KEDGBJ_00960	COG0172	J	01875	5	5	GCF_016899425.1;GCF_053038975.1;GCF_053209605.1;GCF_905400185.1;MF6	serine--tRNA ligase
chr1_clade_core	GCF_016899425.1|KEDGBJ_00962			00496	5	5	GCF_016899425.1;GCF_053038975.1;GCF_053209605.1;GCF_905400185.1;MF6	Alkane 1-monooxygenase
chr1_clade_core	GCF_016899425.1|KEDGBJ_00963				5	5	GCF_016899425.1;GCF_053038975.1;GCF_053209605.1;GCF_905400185.1;MF6	GNAT family N-acetyltransferase
chr1_clade_core	GCF_016899425.1|KEDGBJ_00964	COG0850	D		5	5	GCF_016899425.1;GCF_053038975.1;GCF_053209605.1;GCF_905400185.1;MF6	septum site-determining protein MinC
chr1_clade_core	GCF_016899425.1|KEDGBJ_00965	COG2894	D		5	5	GCF_016899425.1;GCF_053038975.1;GCF_053209605.1;GCF_905400185.1;MF6	septum site-determining protein MinD
chr1_clade_core	GCF_016899425.1|KEDGBJ_00966	COG0851	D		5	5	GCF_016899425.1;GCF_053038975.1;GCF_053209605.1;GCF_905400185.1;MF6	cell division topological specificity factor MinE
chr1_clade_core	GCF_016899425.1|KEDGBJ_00967				5	5	GCF_016899425.1;GCF_053038975.1;GCF_053209605.1;GCF_905400185.1;MF6	YXWGXW repeat protein
chr1_clade_core	GCF_016899425.1|KEDGBJ_00968				5	5	GCF_016899425.1;GCF_053038975.1;GCF_053209605.1;GCF_905400185.1;MF6	Lipoprotein
chr1_clade_core	GCF_016899425.1|KEDGBJ_00969				5	5	GCF_016899425.1;GCF_053038975.1;GCF_053209605.1;GCF_905400185.1;MF6	Chloride channel protein
chr1_clade_core	GCF_016899425.1|KEDGBJ_00970			02841	5	5	GCF_016899425.1;GCF_053038975.1;GCF_053209605.1;GCF_905400185.1;MF6	lipopolysaccharide heptosyltransferase I
chr1_clade_core	GCF_016899425.1|KEDGBJ_00971				5	5	GCF_016899425.1;GCF_053038975.1;GCF_053209605.1;GCF_905400185.1;MF6	Membrane protein
chr1_clade_core	GCF_016899425.1|KEDGBJ_00972				5	5	GCF_016899425.1;GCF_053038975.1;GCF_053209605.1;GCF_905400185.1;MF6	Major facilitator superfamily (MFS) profile domain-containing protein
chr1_clade_core	GCF_016899425.1|KEDGBJ_00974				5	5	GCF_016899425.1;GCF_053038975.1;GCF_053209605.1;GCF_905400185.1;MF6	PAAR motif-containing protein
chr1_clade_core	GCF_016899425.1|KEDGBJ_00975				5	5	GCF_016899425.1;GCF_053038975.1;GCF_053209605.1;GCF_905400185.1;MF6	Lipoprotein
chr1_clade_core	GCF_016899425.1|KEDGBJ_00977				5	5	GCF_016899425.1;GCF_053038975.1;GCF_053209605.1;GCF_905400185.1;MF6	radical SAM family heme chaperone HemW
chr1_clade_core	GCF_016899425.1|KEDGBJ_00979	COG0689	J		5	5	GCF_016899425.1;GCF_053038975.1;GCF_053209605.1;GCF_905400185.1;MF6	ribonuclease PH
chr1_clade_core	GCF_016899425.1|KEDGBJ_00980	COG1561	J		5	5	GCF_016899425.1;GCF_053038975.1;GCF_053209605.1;GCF_905400185.1;MF6	YicC family protein
chr1_clade_core	GCF_016899425.1|KEDGBJ_00981	COG0194	F		5	5	GCF_016899425.1;GCF_053038975.1;GCF_053209605.1;GCF_905400185.1;MF6	guanylate kinase
chr1_clade_core	GCF_016899425.1|KEDGBJ_00982	COG1758	K		5	5	GCF_016899425.1;GCF_053038975.1;GCF_053209605.1;GCF_905400185.1;MF6	DNA-directed RNA polymerase subunit omega
chr1_clade_core	GCF_016899425.1|KEDGBJ_00983	COG0317	TK	01139	5	5	GCF_016899425.1;GCF_053038975.1;GCF_053209605.1;GCF_905400185.1;MF6	Bifunctional (P)ppGpp synthase/hydrolase SpoT
chr1_clade_core	GCF_016899425.1|KEDGBJ_00987	COG0782	K	04760	5	5	GCF_016899425.1;GCF_053038975.1;GCF_053209605.1;GCF_905400185.1;MF6	transcription elongation factor GreB
chr1_clade_core	GCF_016899425.1|KEDGBJ_00988	COG3203	M		5	5	GCF_016899425.1;GCF_053038975.1;GCF_053209605.1;GCF_905400185.1;MF6	Outer membrane protein, (Porin)
chr1_clade_core	GCF_016899425.1|KEDGBJ_00990				5	5	GCF_016899425.1;GCF_053038975.1;GCF_053209605.1;GCF_905400185.1;MF6	Transposase
chr1_clade_core	GCF_016899425.1|KEDGBJ_00992				5	5	GCF_016899425.1;GCF_053038975.1;GCF_053209605.1;GCF_905400185.1;MF6	3'-5' exonuclease DinG
chr1_clade_core	GCF_016899425.1|KEDGBJ_00994				5	5	GCF_016899425.1;GCF_053038975.1;GCF_053209605.1;GCF_905400185.1;MF6	Transposase
chr1_clade_core	GCF_016899425.1|KEDGBJ_00995				5	5	GCF_016899425.1;GCF_053038975.1;GCF_053209605.1;GCF_905400185.1;MF6	DUF2946 domain-containing protein
chr1_clade_core	GCF_016899425.1|KEDGBJ_00996	COG4771	P		5	5	GCF_016899425.1;GCF_053038975.1;GCF_053209605.1;GCF_905400185.1;MF6	TonB dependent receptor family protein
chr1_clade_core	GCF_016899425.1|KEDGBJ_00998				5	5	GCF_016899425.1;GCF_053038975.1;GCF_053209605.1;GCF_905400185.1;MF6	GlsB/YeaQ/YmgE family stress response membrane protein
chr1_clade_core	GCF_016899425.1|KEDGBJ_01001	COG0158	G	03841	5	5	GCF_016899425.1;GCF_053038975.1;GCF_053209605.1;GCF_905400185.1;MF6	class 1 fructose-bisphosphatase
chr1_clade_core	GCF_016899425.1|KEDGBJ_01002	COG0308	E		5	5	GCF_016899425.1;GCF_053038975.1;GCF_053209605.1;GCF_905400185.1;MF6	aminopeptidase N
chr1_clade_core	GCF_016899425.1|KEDGBJ_01003				5	5	GCF_016899425.1;GCF_053038975.1;GCF_053209605.1;GCF_905400185.1;MF6	DUF4136 domain-containing protein
chr1_clade_core	GCF_016899425.1|KEDGBJ_01004	COG2119	R		5	5	GCF_016899425.1;GCF_053038975.1;GCF_053209605.1;GCF_905400185.1;MF6	GDT1 family protein
chr1_clade_core	GCF_016899425.1|KEDGBJ_01005	COG0402	FR	01487	5	5	GCF_016899425.1;GCF_053038975.1;GCF_053209605.1;GCF_905400185.1;MF6	guanine deaminase
chr1_clade_core	GCF_016899425.1|KEDGBJ_01006			21053	5	5	GCF_016899425.1;GCF_053038975.1;GCF_053209605.1;GCF_905400185.1;MF6	adenosine deaminase
chr1_clade_core	GCF_016899425.1|KEDGBJ_01007	COG1975	O		5	5	GCF_016899425.1;GCF_053038975.1;GCF_053209605.1;GCF_905400185.1;MF6	xanthine dehydrogenase accessory protein XdhC
chr1_clade_core	GCF_016899425.1|KEDGBJ_01008	COG1495	O	03611	5	5	GCF_016899425.1;GCF_053038975.1;GCF_053209605.1;GCF_905400185.1;MF6	disulfide bond formation protein B
chr1_clade_core	GCF_016899425.1|KEDGBJ_01009				5	5	GCF_016899425.1;GCF_053038975.1;GCF_053209605.1;GCF_905400185.1;MF6	2-amino-5-chloromuconic acid deaminase
chr1_clade_core	GCF_016899425.1|KEDGBJ_01012				5	5	GCF_016899425.1;GCF_053038975.1;GCF_053209605.1;GCF_905400185.1;MF6	DUF2968 domain-containing protein
chr1_clade_core	GCF_016899425.1|KEDGBJ_01014	COG2814	G	03288	5	5	GCF_016899425.1;GCF_053038975.1;GCF_053209605.1;GCF_905400185.1;MF6	Citrate-proton symporter
chr1_clade_core	GCF_016899425.1|KEDGBJ_01015				5	5	GCF_016899425.1;GCF_053038975.1;GCF_053209605.1;GCF_905400185.1;MF6	hypothetical protein
chr1_clade_core	GCF_016899425.1|KEDGBJ_01017			00126	5	5	GCF_016899425.1;GCF_053038975.1;GCF_053209605.1;GCF_905400185.1;MF6	Formate dehydrogenase
chr1_clade_core	GCF_016899425.1|KEDGBJ_01018	COG3383	C		5	5	GCF_016899425.1;GCF_053038975.1;GCF_053209605.1;GCF_905400185.1;MF6	formate dehydrogenase subunit alpha
chr1_clade_core	GCF_016899425.1|KEDGBJ_01019	COG1894	C		5	5	GCF_016899425.1;GCF_053038975.1;GCF_053209605.1;GCF_905400185.1;MF6	NADH-ubiquinone oxidoreductase 51kDa subunit iron-sulphur binding domain-containing protein
chr1_clade_core	GCF_016899425.1|KEDGBJ_01020				5	5	GCF_016899425.1;GCF_053038975.1;GCF_053209605.1;GCF_905400185.1;MF6	Formate dehydrogenase
chr1_clade_core	GCF_016899425.1|KEDGBJ_01021	COG2005	K		5	5	GCF_016899425.1;GCF_053038975.1;GCF_053209605.1;GCF_905400185.1;MF6	Transcriptional regulator of molybdate metabolism, LysR family
chr1_clade_core	GCF_016899425.1|KEDGBJ_01022				5	5	GCF_016899425.1;GCF_053038975.1;GCF_053209605.1;GCF_905400185.1;MF6	Secreted protein
chr1_clade_core	GCF_016899425.1|KEDGBJ_01023				5	5	GCF_016899425.1;GCF_053038975.1;GCF_053209605.1;GCF_905400185.1;MF6	DUF4148 domain-containing protein
chr1_clade_core	GCF_016899425.1|KEDGBJ_01025	COG0546	C	22292	5	5	GCF_016899425.1;GCF_053038975.1;GCF_053209605.1;GCF_905400185.1;MF6	phosphoglycolate phosphatase
chr1_clade_core	GCF_016899425.1|KEDGBJ_01026			00568	5	5	GCF_016899425.1;GCF_053038975.1;GCF_053209605.1;GCF_905400185.1;MF6	bifunctional 2-polyprenyl-6-hydroxyphenol methylase/3-demethylubiquinol 3-O-methyltransferase UbiG
chr1_clade_core	GCF_016899425.1|KEDGBJ_01027	COG2885	M		5	5	GCF_016899425.1;GCF_053038975.1;GCF_053209605.1;GCF_905400185.1;MF6	outer membrane protein OmpA
chr1_clade_core	GCF_016899425.1|KEDGBJ_01028			02469	5	5	GCF_016899425.1;GCF_053038975.1;GCF_053209605.1;GCF_905400185.1;MF6	DNA gyrase subunit A
chr1_clade_core	GCF_016899425.1|KEDGBJ_01029			09924	5	5	GCF_016899425.1;GCF_053038975.1;GCF_053209605.1;GCF_905400185.1;MF6	DUF2059 domain-containing protein
chr1_clade_core	GCF_016899425.1|KEDGBJ_01030	COG1932	HE		5	5	GCF_016899425.1;GCF_053038975.1;GCF_053209605.1;GCF_905400185.1;MF6	3-phosphoserine/phosphohydroxythreonine transaminase
chr1_clade_core	GCF_016899425.1|KEDGBJ_01031	COG1605	E		5	5	GCF_016899425.1;GCF_053038975.1;GCF_053209605.1;GCF_905400185.1;MF6	prephenate dehydratase
chr1_clade_core	GCF_016899425.1|KEDGBJ_01032	COG0287	E		5	5	GCF_016899425.1;GCF_053038975.1;GCF_053209605.1;GCF_905400185.1;MF6	Cyclohexadienyl dehydrogenase
chr1_clade_core	GCF_016899425.1|KEDGBJ_01033	COG0128	E		5	5	GCF_016899425.1;GCF_053038975.1;GCF_053209605.1;GCF_905400185.1;MF6	3-phosphoshikimate 1-carboxyvinyltransferase
chr1_clade_core	GCF_016899425.1|KEDGBJ_01034	COG0283	F		5	5	GCF_016899425.1;GCF_053038975.1;GCF_053209605.1;GCF_905400185.1;MF6	(d)CMP kinase
chr1_clade_core	GCF_016899425.1|KEDGBJ_01035				5	5	GCF_016899425.1;GCF_053038975.1;GCF_053209605.1;GCF_905400185.1;MF6	30S ribosomal protein S1
chr1_clade_core	GCF_016899425.1|KEDGBJ_01036	COG0776	B		5	5	GCF_016899425.1;GCF_053038975.1;GCF_053209605.1;GCF_905400185.1;MF6	integration host factor subunit beta
chr1_clade_core	GCF_016899425.1|KEDGBJ_01037				5	5	GCF_016899425.1;GCF_053038975.1;GCF_053209605.1;GCF_905400185.1;MF6	Lipopolysaccharide assembly protein A domain-containing protein
chr1_clade_core	GCF_016899425.1|KEDGBJ_01038	COG2956	M		5	5	GCF_016899425.1;GCF_053038975.1;GCF_053209605.1;GCF_905400185.1;MF6	lipopolysaccharide assembly protein LapB
chr1_clade_core	GCF_016899425.1|KEDGBJ_01039	COG1004	M	00012	5	5	GCF_016899425.1;GCF_053038975.1;GCF_053209605.1;GCF_905400185.1;MF6	UDP-glucose 6-dehydrogenase
chr1_clade_core	GCF_016899425.1|KEDGBJ_01040	COG2870	M		5	5	GCF_016899425.1;GCF_053038975.1;GCF_053209605.1;GCF_905400185.1;MF6	Carbohydrate kinase PfkB domain-containing protein
chr1_clade_core	GCF_016899425.1|KEDGBJ_01041	COG0451	M	03274	5	5	GCF_016899425.1;GCF_053038975.1;GCF_053209605.1;GCF_905400185.1;MF6	ADP-glyceromanno-heptose 6-epimerase
chr1_clade_core	GCF_016899425.1|KEDGBJ_01042				5	5	GCF_016899425.1;GCF_053038975.1;GCF_053209605.1;GCF_905400185.1;MF6	ComE operon protein 1,comEA protein,Helix-hairpin-helix motif
chr1_clade_core	GCF_016899425.1|KEDGBJ_01043	COG0031	E		5	5	GCF_016899425.1;GCF_053038975.1;GCF_053209605.1;GCF_905400185.1;MF6	cysteine synthase CysM
chr1_clade_core	GCF_016899425.1|KEDGBJ_01044	COG2951	M	08305	5	5	GCF_016899425.1;GCF_053038975.1;GCF_053209605.1;GCF_905400185.1;MF6	lytic murein transglycosylase B
chr1_clade_core	GCF_016899425.1|KEDGBJ_01045	COG0123	Q		5	5	GCF_016899425.1;GCF_053038975.1;GCF_053209605.1;GCF_905400185.1;MF6	Histone deacetylase family protein
chr1_clade_core	GCF_016899425.1|KEDGBJ_01046	COG2267	I		5	5	GCF_016899425.1;GCF_053038975.1;GCF_053209605.1;GCF_905400185.1;MF6	Alpha/beta fold family hydrolase
chr1_clade_core	GCF_016899425.1|KEDGBJ_01047	COG1135	E		5	5	GCF_016899425.1;GCF_053038975.1;GCF_053209605.1;GCF_905400185.1;MF6	Methionine import ATP-binding protein MetN
chr1_clade_core	GCF_016899425.1|KEDGBJ_01048	COG2011	E		5	5	GCF_016899425.1;GCF_053038975.1;GCF_053209605.1;GCF_905400185.1;MF6	ABC transmembrane type-1 domain-containing protein
chr1_clade_core	GCF_016899425.1|KEDGBJ_01049	COG1464	P	02073	5	5	GCF_016899425.1;GCF_053038975.1;GCF_053209605.1;GCF_905400185.1;MF6	Lipoprotein
chr1_clade_core	GCF_016899425.1|KEDGBJ_01050				5	5	GCF_016899425.1;GCF_053038975.1;GCF_053209605.1;GCF_905400185.1;MF6	Electron transfer flavoprotein subunit beta
chr1_clade_core	GCF_016899425.1|KEDGBJ_01051			03522	5	5	GCF_016899425.1;GCF_053038975.1;GCF_053209605.1;GCF_905400185.1;MF6	Electron transfer flavoprotein subunit alpha
chr1_clade_core	GCF_016899425.1|KEDGBJ_01052			00285	5	5	GCF_016899425.1;GCF_053038975.1;GCF_053209605.1;GCF_905400185.1;MF6	D-amino acid dehydrogenase
chr1_clade_core	GCF_016899425.1|KEDGBJ_01054				5	5	GCF_016899425.1;GCF_053038975.1;GCF_053209605.1;GCF_905400185.1;MF6	putative DNA repair photolyase
chr1_clade_core	GCF_016899425.1|KEDGBJ_01055				5	5	GCF_016899425.1;GCF_053038975.1;GCF_053209605.1;GCF_905400185.1;MF6	TM2 domain-containing protein
chr1_clade_core	GCF_016899425.1|KEDGBJ_01057	COG0228	J		5	5	GCF_016899425.1;GCF_053038975.1;GCF_053209605.1;GCF_905400185.1;MF6	30S ribosomal protein S16
chr1_clade_core	GCF_016899425.1|KEDGBJ_01058	COG0806	J		5	5	GCF_016899425.1;GCF_053038975.1;GCF_053209605.1;GCF_905400185.1;MF6	ribosome maturation factor RimM
chr1_clade_core	GCF_016899425.1|KEDGBJ_01059	COG0336	J	00554	5	5	GCF_016899425.1;GCF_053038975.1;GCF_053209605.1;GCF_905400185.1;MF6	tRNA (guanosine(37)-N1)-methyltransferase TrmD
chr1_clade_core	GCF_016899425.1|KEDGBJ_01060	COG0335	J		5	5	GCF_016899425.1;GCF_053038975.1;GCF_053209605.1;GCF_905400185.1;MF6	50S ribosomal protein L19
chr1_clade_core	GCF_016899425.1|KEDGBJ_01061	COG0494	V		5	5	GCF_016899425.1;GCF_053038975.1;GCF_053209605.1;GCF_905400185.1;MF6	CoA pyrophosphatase
chr1_clade_core	GCF_016899425.1|KEDGBJ_01062	COG1270	H	02227	5	5	GCF_016899425.1;GCF_053038975.1;GCF_053209605.1;GCF_905400185.1;MF6	CobD/CbiB family protein
chr1_clade_core	GCF_016899425.1|KEDGBJ_01063				5	5	GCF_016899425.1;GCF_053038975.1;GCF_053209605.1;GCF_905400185.1;MF6	DUF2007 domain-containing protein
chr1_clade_core	GCF_016899425.1|KEDGBJ_01064				5	5	GCF_016899425.1;GCF_053038975.1;GCF_053209605.1;GCF_905400185.1;MF6	ribosome small subunit-dependent GTPase A
chr1_clade_core	GCF_016899425.1|KEDGBJ_01065	COG0501	O	06013	5	5	GCF_016899425.1;GCF_053038975.1;GCF_053209605.1;GCF_905400185.1;MF6	M48 family metallopeptidase
chr1_clade_core	GCF_016899425.1|KEDGBJ_01066	COG1949	A		5	5	GCF_016899425.1;GCF_053038975.1;GCF_053209605.1;GCF_905400185.1;MF6	oligoribonuclease
chr1_clade_core	GCF_016899425.1|KEDGBJ_01067	COG0521	H		5	5	GCF_016899425.1;GCF_053038975.1;GCF_053209605.1;GCF_905400185.1;MF6	molybdopterin adenylyltransferase
chr1_clade_core	GCF_016899425.1|KEDGBJ_01068				5	5	GCF_016899425.1;GCF_053038975.1;GCF_053209605.1;GCF_905400185.1;MF6	ribosome biogenesis factor YjgA
chr1_clade_core	GCF_016899425.1|KEDGBJ_01069	COG0312	OV	03592	5	5	GCF_016899425.1;GCF_053038975.1;GCF_053209605.1;GCF_905400185.1;MF6	metalloprotease PmbA
chr1_clade_core	GCF_016899425.1|KEDGBJ_01070			00287	5	5	GCF_016899425.1;GCF_053038975.1;GCF_053209605.1;GCF_905400185.1;MF6	Dihydrofolate reductase
chr1_clade_core	GCF_016899425.1|KEDGBJ_01072				5	5	GCF_016899425.1;GCF_053038975.1;GCF_053209605.1;GCF_905400185.1;MF6	Sigma-54 factor interaction domain-containing protein
chr1_clade_core	GCF_016899425.1|KEDGBJ_01073	COG0207	F	00560	5	5	GCF_016899425.1;GCF_053038975.1;GCF_053209605.1;GCF_905400185.1;MF6	thymidylate synthase
chr1_clade_core	GCF_016899425.1|KEDGBJ_01074	COG3115	D		5	5	GCF_016899425.1;GCF_053038975.1;GCF_053209605.1;GCF_905400185.1;MF6	Proline-rich exported protein
chr1_clade_core	GCF_016899425.1|KEDGBJ_01075	COG0640	K		5	5	GCF_016899425.1;GCF_053038975.1;GCF_053209605.1;GCF_905400185.1;MF6	ArsR family transcriptional regulator
chr1_clade_core	GCF_016899425.1|KEDGBJ_01076				5	5	GCF_016899425.1;GCF_053038975.1;GCF_053209605.1;GCF_905400185.1;MF6	Lipoprotein
chr1_clade_core	GCF_016899425.1|KEDGBJ_01077				5	5	GCF_016899425.1;GCF_053038975.1;GCF_053209605.1;GCF_905400185.1;MF6	Thioesterase
chr1_clade_core	GCF_016899425.1|KEDGBJ_01078	COG0114	C	01679	5	5	GCF_016899425.1;GCF_053038975.1;GCF_053209605.1;GCF_905400185.1;MF6	class II fumarate hydratase
chr1_clade_core	GCF_016899425.1|KEDGBJ_01079	COG0534	V		5	5	GCF_016899425.1;GCF_053038975.1;GCF_053209605.1;GCF_905400185.1;MF6	multidrug efflux MATE transporter NorM
chr1_clade_core	GCF_016899425.1|KEDGBJ_01080			14761	5	5	GCF_016899425.1;GCF_053038975.1;GCF_053209605.1;GCF_905400185.1;MF6	RNA-binding protein
chr1_clade_core	GCF_016899425.1|KEDGBJ_01081				5	5	GCF_016899425.1;GCF_053038975.1;GCF_053209605.1;GCF_905400185.1;MF6	Late embryogenesis abundant protein
chr1_clade_core	GCF_016899425.1|KEDGBJ_01082				5	5	GCF_016899425.1;GCF_053038975.1;GCF_053209605.1;GCF_905400185.1;MF6	DUF4088 domain-containing protein
chr1_clade_core	GCF_016899425.1|KEDGBJ_01083	COG4392	E		5	5	GCF_016899425.1;GCF_053038975.1;GCF_053209605.1;GCF_905400185.1;MF6	Transmembrane protein
chr1_clade_core	GCF_016899425.1|KEDGBJ_01084			26605	5	5	GCF_016899425.1;GCF_053038975.1;GCF_053209605.1;GCF_905400185.1;MF6	Branched-chain amino acid ABC transporter permease
chr1_clade_core	GCF_016899425.1|KEDGBJ_01086	COG3045	T	05805	5	5	GCF_016899425.1;GCF_053038975.1;GCF_053209605.1;GCF_905400185.1;MF6	CreA protein
chr1_clade_core	GCF_016899425.1|KEDGBJ_01089	COG4231	C		5	5	GCF_016899425.1;GCF_053038975.1;GCF_053209605.1;GCF_905400185.1;MF6	ferredoxin FdxA
chr1_clade_core	GCF_016899425.1|KEDGBJ_01090	COG1488	H		5	5	GCF_016899425.1;GCF_053038975.1;GCF_053209605.1;GCF_905400185.1;MF6	nicotinate phosphoribosyltransferase
chr1_clade_core	GCF_016899425.1|KEDGBJ_01091	COG1556	C		5	5	GCF_016899425.1;GCF_053038975.1;GCF_053209605.1;GCF_905400185.1;MF6	LUD domain-containing protein
chr1_clade_core	GCF_016899425.1|KEDGBJ_01092	COG1055	P		5	5	GCF_016899425.1;GCF_053038975.1;GCF_053209605.1;GCF_905400185.1;MF6	Citrate transporter
chr1_clade_core	GCF_016899425.1|KEDGBJ_01093	COG1052	CHR		5	5	GCF_016899425.1;GCF_053038975.1;GCF_053209605.1;GCF_905400185.1;MF6	2-hydroxyacid dehydrogenase
chr1_clade_core	GCF_016899425.1|KEDGBJ_01094	COG1322	L	09760	5	5	GCF_016899425.1;GCF_053038975.1;GCF_053209605.1;GCF_905400185.1;MF6	DNA recombination protein RmuC
chr1_clade_core	GCF_016899425.1|KEDGBJ_01095	COG0456	J		5	5	GCF_016899425.1;GCF_053038975.1;GCF_053209605.1;GCF_905400185.1;MF6	GCN5-related N-acetyltransferase
chr1_clade_core	GCF_016899425.1|KEDGBJ_01096				5	5	GCF_016899425.1;GCF_053038975.1;GCF_053209605.1;GCF_905400185.1;MF6	Transmembrane protein
chr1_clade_core	GCF_016899425.1|KEDGBJ_01097				5	5	GCF_016899425.1;GCF_053038975.1;GCF_053209605.1;GCF_905400185.1;MF6	gephyrin-like molybdotransferase Glp
chr1_clade_core	GCF_016899425.1|KEDGBJ_01098	COG0746	H		5	5	GCF_016899425.1;GCF_053038975.1;GCF_053209605.1;GCF_905400185.1;MF6	molybdenum cofactor guanylyltransferase MobA
chr1_clade_core	GCF_016899425.1|KEDGBJ_01099	COG2896	H		5	5	GCF_016899425.1;GCF_053038975.1;GCF_053209605.1;GCF_905400185.1;MF6	GTP 3',8-cyclase MoaA
chr1_clade_core	GCF_016899425.1|KEDGBJ_01100			08300	5	5	GCF_016899425.1;GCF_053038975.1;GCF_053209605.1;GCF_905400185.1;MF6	Rne/Rng family ribonuclease
chr1_clade_core	GCF_016899425.1|KEDGBJ_01101	COG0564	J	06179	5	5	GCF_016899425.1;GCF_053038975.1;GCF_053209605.1;GCF_905400185.1;MF6	Pseudouridine synthase
chr1_clade_core	GCF_016899425.1|KEDGBJ_01102	COG0546	C		5	5	GCF_016899425.1;GCF_053038975.1;GCF_053209605.1;GCF_905400185.1;MF6	HAD family hydrolase
chr1_clade_core	GCF_016899425.1|KEDGBJ_01103				5	5	GCF_016899425.1;GCF_053038975.1;GCF_053209605.1;GCF_905400185.1;MF6	Ferredoxin subunit of nitrite reductase and ring-hydroxylating dioxygenase
chr1_clade_core	GCF_016899425.1|KEDGBJ_01104	COG0616	O	04773	5	5	GCF_016899425.1;GCF_053038975.1;GCF_053209605.1;GCF_905400185.1;MF6	S49 family peptidase
chr1_clade_core	GCF_016899425.1|KEDGBJ_01105			07056	5	5	GCF_016899425.1;GCF_053038975.1;GCF_053209605.1;GCF_905400185.1;MF6	Tetrapyrrole methylase domain-containing protein
chr1_clade_core	GCF_016899425.1|KEDGBJ_01106	COG0424	Q		5	5	GCF_016899425.1;GCF_053038975.1;GCF_053209605.1;GCF_905400185.1;MF6	7-methyl-GTP pyrophosphatase
chr1_clade_core	GCF_016899425.1|KEDGBJ_01107				5	5	GCF_016899425.1;GCF_053038975.1;GCF_053209605.1;GCF_905400185.1;MF6	Large ribosomal RNA subunit accumulation protein YceD
chr1_clade_core	GCF_016899425.1|KEDGBJ_01108	COG0333	J		5	5	GCF_016899425.1;GCF_053038975.1;GCF_053209605.1;GCF_905400185.1;MF6	50S ribosomal protein L32
chr1_clade_core	GCF_016899425.1|KEDGBJ_01109	COG0416	I	03621	5	5	GCF_016899425.1;GCF_053038975.1;GCF_053209605.1;GCF_905400185.1;MF6	phosphate acyltransferase PlsX
chr1_clade_core	GCF_016899425.1|KEDGBJ_01110	COG0332	I		5	5	GCF_016899425.1;GCF_053038975.1;GCF_053209605.1;GCF_905400185.1;MF6	Beta-ketoacyl-[acyl-carrier-protein] synthase III
chr1_clade_core	GCF_016899425.1|KEDGBJ_01111	COG0331	I		5	5	GCF_016899425.1;GCF_053038975.1;GCF_053209605.1;GCF_905400185.1;MF6	ACP S-malonyltransferase
chr1_clade_core	GCF_016899425.1|KEDGBJ_01112	COG1028	I		5	5	GCF_016899425.1;GCF_053038975.1;GCF_053209605.1;GCF_905400185.1;MF6	3-oxoacyl-ACP reductase FabG
chr1_clade_core	GCF_016899425.1|KEDGBJ_01113	COG0236	I		5	5	GCF_016899425.1;GCF_053038975.1;GCF_053209605.1;GCF_905400185.1;MF6	acyl carrier protein
chr1_clade_core	GCF_016899425.1|KEDGBJ_01114	COG0304	IQ		5	5	GCF_016899425.1;GCF_053038975.1;GCF_053209605.1;GCF_905400185.1;MF6	beta-ketoacyl-ACP synthase II
chr1_clade_core	GCF_016899425.1|KEDGBJ_01115				5	5	GCF_016899425.1;GCF_053038975.1;GCF_053209605.1;GCF_905400185.1;MF6	Membrane protein
chr1_clade_core	GCF_016899425.1|KEDGBJ_01116	COG1595	K		5	5	GCF_016899425.1;GCF_053038975.1;GCF_053209605.1;GCF_905400185.1;MF6	RNA polymerase sigma factor RpoE
chr1_clade_core	GCF_016899425.1|KEDGBJ_01117	COG3073	T	03597	5	5	GCF_016899425.1;GCF_053038975.1;GCF_053209605.1;GCF_905400185.1;MF6	Anti sigma-E protein RseA N-terminal domain-containing protein
chr1_clade_core	GCF_016899425.1|KEDGBJ_01118	COG3026	T	03598	5	5	GCF_016899425.1;GCF_053038975.1;GCF_053209605.1;GCF_905400185.1;MF6	Sigma-E factor regulatory protein RseB 1
chr1_clade_core	GCF_016899425.1|KEDGBJ_01119	COG0265	O		5	5	GCF_016899425.1;GCF_053038975.1;GCF_053209605.1;GCF_905400185.1;MF6	putative periplasmic serine endoprotease DegP-like
chr1_clade_core	GCF_016899425.1|KEDGBJ_01120				5	5	GCF_016899425.1;GCF_053038975.1;GCF_053209605.1;GCF_905400185.1;MF6	Glutaredoxin
chr1_clade_core	GCF_016899425.1|KEDGBJ_01121	COG0481	J		5	5	GCF_016899425.1;GCF_053038975.1;GCF_053209605.1;GCF_905400185.1;MF6	translation elongation factor 4
chr1_clade_core	GCF_016899425.1|KEDGBJ_01122	COG0681	U		5	5	GCF_016899425.1;GCF_053038975.1;GCF_053209605.1;GCF_905400185.1;MF6	signal peptidase I
chr1_clade_core	GCF_016899425.1|KEDGBJ_01123				5	5	GCF_016899425.1;GCF_053038975.1;GCF_053209605.1;GCF_905400185.1;MF6	ribonuclease III
chr1_clade_core	GCF_016899425.1|KEDGBJ_01124	COG1159	J		5	5	GCF_016899425.1;GCF_053038975.1;GCF_053209605.1;GCF_905400185.1;MF6	GTPase Era
chr1_clade_core	GCF_016899425.1|KEDGBJ_01125	COG1381	L	03584	5	5	GCF_016899425.1;GCF_053038975.1;GCF_053209605.1;GCF_905400185.1;MF6	DNA repair protein RecO
chr1_clade_core	GCF_016899425.1|KEDGBJ_01126	COG0854	H	03474	5	5	GCF_016899425.1;GCF_053038975.1;GCF_053209605.1;GCF_905400185.1;MF6	pyridoxine 5'-phosphate synthase
chr1_clade_core	GCF_016899425.1|KEDGBJ_01128	COG1472	G		5	5	GCF_016899425.1;GCF_053038975.1;GCF_053209605.1;GCF_905400185.1;MF6	beta-N-acetylhexosaminidase
chr1_clade_core	GCF_016899425.1|KEDGBJ_01129	COG2204	T		5	5	GCF_016899425.1;GCF_053038975.1;GCF_053209605.1;GCF_905400185.1;MF6	Sigma-54-dependent Fis family transcriptional regulator
chr1_clade_core	GCF_016899425.1|KEDGBJ_01130	COG0231	J		5	5	GCF_016899425.1;GCF_053038975.1;GCF_053209605.1;GCF_905400185.1;MF6	elongation factor P
chr1_clade_core	GCF_016899425.1|KEDGBJ_01131				5	5	GCF_016899425.1;GCF_053038975.1;GCF_053209605.1;GCF_905400185.1;MF6	elongation factor P maturation arginine rhamnosyltransferase EarP
chr1_clade_core	GCF_016899425.1|KEDGBJ_01132			03703	5	5	GCF_016899425.1;GCF_053038975.1;GCF_053209605.1;GCF_905400185.1;MF6	excinuclease ABC subunit UvrC
chr1_clade_core	GCF_016899425.1|KEDGBJ_01133	COG0558	I	00995	5	5	GCF_016899425.1;GCF_053038975.1;GCF_053209605.1;GCF_905400185.1;MF6	CDP-diacylglycerol--glycerol-3-phosphate 3-phosphatidyltransferase
chr1_clade_core	GCF_016899425.1|KEDGBJ_01139				5	5	GCF_016899425.1;GCF_053038975.1;GCF_053209605.1;GCF_905400185.1;MF6	TB domain-containing protein
chr1_clade_core	GCF_016899425.1|KEDGBJ_01141			24217	5	5	GCF_016899425.1;GCF_053038975.1;GCF_053209605.1;GCF_905400185.1;MF6	Acetyltransferase (GNAT) family protein
chr1_clade_core	GCF_016899425.1|KEDGBJ_01142	COG1396	K		5	5	GCF_016899425.1;GCF_053038975.1;GCF_053209605.1;GCF_905400185.1;MF6	DNA-binding protein
chr1_clade_core	GCF_016899425.1|KEDGBJ_01143				5	5	GCF_016899425.1;GCF_053038975.1;GCF_053209605.1;GCF_905400185.1;MF6	ParD-like antitoxin of type II ParDE toxin-antitoxin system
chr1_clade_core	GCF_016899425.1|KEDGBJ_01144	COG0024	J	01265	5	5	GCF_016899425.1;GCF_053038975.1;GCF_053209605.1;GCF_905400185.1;MF6	type I methionyl aminopeptidase
chr1_clade_core	GCF_016899425.1|KEDGBJ_01145	COG1956	VT		5	5	GCF_016899425.1;GCF_053038975.1;GCF_053209605.1;GCF_905400185.1;MF6	GAF domain-containing protein
chr1_clade_core	GCF_016899425.1|KEDGBJ_01146	COG0583	K		5	5	GCF_016899425.1;GCF_053038975.1;GCF_053209605.1;GCF_905400185.1;MF6	LysR family transcriptional regulator
chr1_clade_core	GCF_016899425.1|KEDGBJ_01147	COG1741	R		5	5	GCF_016899425.1;GCF_053038975.1;GCF_053209605.1;GCF_905400185.1;MF6	Pirin
chr1_clade_core	GCF_016899425.1|KEDGBJ_01148	COG2153	R	02348	5	5	GCF_016899425.1;GCF_053038975.1;GCF_053209605.1;GCF_905400185.1;MF6	N-acetyltransferase domain-containing protein
chr1_clade_core	GCF_016899425.1|KEDGBJ_01149	COG3336	CO		5	5	GCF_016899425.1;GCF_053038975.1;GCF_053209605.1;GCF_905400185.1;MF6	Cytochrome c oxidase assembly protein
chr1_clade_core	GCF_016899425.1|KEDGBJ_01150	COG2847	P		5	5	GCF_016899425.1;GCF_053038975.1;GCF_053209605.1;GCF_905400185.1;MF6	Copper(I)-binding protein
chr1_clade_core	GCF_016899425.1|KEDGBJ_01152	COG1877	G		5	5	GCF_016899425.1;GCF_053038975.1;GCF_053209605.1;GCF_905400185.1;MF6	trehalose-phosphatase
chr1_clade_core	GCF_016899425.1|KEDGBJ_01153	COG0380	G		5	5	GCF_016899425.1;GCF_053038975.1;GCF_053209605.1;GCF_905400185.1;MF6	alpha,alpha-trehalose-phosphate synthase (UDP-forming)
chr1_clade_core	GCF_016899425.1|KEDGBJ_01154	COG1132	V		5	5	GCF_016899425.1;GCF_053038975.1;GCF_053209605.1;GCF_905400185.1;MF6	ABC transporter
chr1_clade_core	GCF_016899425.1|KEDGBJ_01155	COG0438	M		5	5	GCF_016899425.1;GCF_053038975.1;GCF_053209605.1;GCF_905400185.1;MF6	Glycosyl transferase
chr1_clade_core	GCF_016899425.1|KEDGBJ_01156				5	5	GCF_016899425.1;GCF_053038975.1;GCF_053209605.1;GCF_905400185.1;MF6	hypothetical protein
chr1_clade_core	GCF_016899425.1|KEDGBJ_01157			08983	5	5	GCF_016899425.1;GCF_053038975.1;GCF_053209605.1;GCF_905400185.1;MF6	DUF2214 domain-containing protein
chr1_clade_core	GCF_016899425.1|KEDGBJ_01158	COG4948	MR	01706	5	5	GCF_016899425.1;GCF_053038975.1;GCF_053209605.1;GCF_905400185.1;MF6	glucarate dehydratase
chr1_clade_core	GCF_016899425.1|KEDGBJ_01159	COG2186	K		5	5	GCF_016899425.1;GCF_053038975.1;GCF_053209605.1;GCF_905400185.1;MF6	GntR family transcriptional repressor for pyruvate dehydrogenase complex
chr1_clade_core	GCF_016899425.1|KEDGBJ_01160	COG0683	E		5	5	GCF_016899425.1;GCF_053038975.1;GCF_053209605.1;GCF_905400185.1;MF6	Leucine-binding protein domain-containing protein
chr1_clade_core	GCF_016899425.1|KEDGBJ_01161			01114	5	5	GCF_016899425.1;GCF_053038975.1;GCF_053209605.1;GCF_905400185.1;MF6	phosphocholine-specific phospholipase C
chr1_clade_core	GCF_016899425.1|KEDGBJ_01162	COG2240	H		5	5	GCF_016899425.1;GCF_053038975.1;GCF_053209605.1;GCF_905400185.1;MF6	pyridoxal kinase PdxY
chr1_clade_core	GCF_016899425.1|KEDGBJ_01163	COG0596	HR		5	5	GCF_016899425.1;GCF_053038975.1;GCF_053209605.1;GCF_905400185.1;MF6	Aminoacrylate hydrolase RutD
chr1_clade_core	GCF_016899425.1|KEDGBJ_01164	COG2141	HR		5	5	GCF_016899425.1;GCF_053038975.1;GCF_053209605.1;GCF_905400185.1;MF6	Luciferase-like domain-containing protein
chr1_clade_core	GCF_016899425.1|KEDGBJ_01165	COG1215	N	00720	5	5	GCF_016899425.1;GCF_053038975.1;GCF_053209605.1;GCF_905400185.1;MF6	bacteriohopanetetrol glucosamine biosynthesis glycosyltransferase HpnI
chr1_clade_core	GCF_016899425.1|KEDGBJ_01166				5	5	GCF_016899425.1;GCF_053038975.1;GCF_053209605.1;GCF_905400185.1;MF6	hopanoid biosynthesis associated radical SAM protein HpnJ
chr1_clade_core	GCF_016899425.1|KEDGBJ_01167	COG3394	G		5	5	GCF_016899425.1;GCF_053038975.1;GCF_053209605.1;GCF_905400185.1;MF6	Hopanoid biosynthesis associated protein HpnK
chr1_clade_core	GCF_016899425.1|KEDGBJ_01168				5	5	GCF_016899425.1;GCF_053038975.1;GCF_053209605.1;GCF_905400185.1;MF6	HpnL family protein
chr1_clade_core	GCF_016899425.1|KEDGBJ_01169				5	5	GCF_016899425.1;GCF_053038975.1;GCF_053209605.1;GCF_905400185.1;MF6	Lipoprotein
chr1_clade_core	GCF_016899425.1|KEDGBJ_01170	COG4215	E		5	5	GCF_016899425.1;GCF_053038975.1;GCF_053209605.1;GCF_905400185.1;MF6	ABC transmembrane type-1 domain-containing protein
chr1_clade_core	GCF_016899425.1|KEDGBJ_01171	COG4160	E		5	5	GCF_016899425.1;GCF_053038975.1;GCF_053209605.1;GCF_905400185.1;MF6	Histidine/lysine/arginine/ornithine transport system permease protein HisM
chr1_clade_core	GCF_016899425.1|KEDGBJ_01173	COG4977	K	21825	5	5	GCF_016899425.1;GCF_053038975.1;GCF_053209605.1;GCF_905400185.1;MF6	AraC family transcriptional regulator
chr1_clade_core	GCF_016899425.1|KEDGBJ_01176	COG4992	E		5	5	GCF_016899425.1;GCF_053038975.1;GCF_053209605.1;GCF_905400185.1;MF6	Acetylornithine aminotransferase
chr1_clade_core	GCF_016899425.1|KEDGBJ_01177	COG3138	E	00673	5	5	GCF_016899425.1;GCF_053038975.1;GCF_053209605.1;GCF_905400185.1;MF6	arginine/ornithine succinyltransferase subunit alpha
chr1_clade_core	GCF_016899425.1|KEDGBJ_01178				5	5	GCF_016899425.1;GCF_053038975.1;GCF_053209605.1;GCF_905400185.1;MF6	arginine N-succinyltransferase
chr1_clade_core	GCF_016899425.1|KEDGBJ_01179	COG1012	I		5	5	GCF_016899425.1;GCF_053038975.1;GCF_053209605.1;GCF_905400185.1;MF6	succinylglutamate-semialdehyde dehydrogenase
chr1_clade_core	GCF_016899425.1|KEDGBJ_01180	COG3724	E	01484	5	5	GCF_016899425.1;GCF_053038975.1;GCF_053209605.1;GCF_905400185.1;MF6	N-succinylarginine dihydrolase
chr1_clade_core	GCF_016899425.1|KEDGBJ_01182	COG0834	ET		5	5	GCF_016899425.1;GCF_053038975.1;GCF_053209605.1;GCF_905400185.1;MF6	Solute-binding protein family 3/N-terminal domain-containing protein
chr1_clade_core	GCF_016899425.1|KEDGBJ_01183	COG1639	T		5	5	GCF_016899425.1;GCF_053038975.1;GCF_053209605.1;GCF_905400185.1;MF6	Histidine kinase
chr1_clade_core	GCF_016899425.1|KEDGBJ_01184	COG2200	T		5	5	GCF_016899425.1;GCF_053038975.1;GCF_053209605.1;GCF_905400185.1;MF6	cyclic di-GMP phosphodiesterase CdpA
chr1_clade_core	GCF_016899425.1|KEDGBJ_01185	COG1225	O	03564	5	5	GCF_016899425.1;GCF_053038975.1;GCF_053209605.1;GCF_905400185.1;MF6	thioredoxin-dependent peroxiredoxin
chr1_clade_core	GCF_016899425.1|KEDGBJ_01186	COG0702	R		5	5	GCF_016899425.1;GCF_053038975.1;GCF_053209605.1;GCF_905400185.1;MF6	NAD-dependent dehydratase
chr1_clade_core	GCF_016899425.1|KEDGBJ_01188				5	5	GCF_016899425.1;GCF_053038975.1;GCF_053209605.1;GCF_905400185.1;MF6	Glyoxalase/bleomycin resistance protein/dioxygenase
chr1_clade_core	GCF_016899425.1|KEDGBJ_01189	COG0841	V	07789	5	5	GCF_016899425.1;GCF_053038975.1;GCF_053209605.1;GCF_905400185.1;MF6	RND superfamily multidrug transport protein
chr1_clade_core	GCF_016899425.1|KEDGBJ_01190	COG0841	V		5	5	GCF_016899425.1;GCF_053038975.1;GCF_053209605.1;GCF_905400185.1;MF6	MdtB/MuxB family multidrug efflux RND transporter permease subunit
chr1_clade_core	GCF_016899425.1|KEDGBJ_01191	COG0845	MV	07799	5	5	GCF_016899425.1;GCF_053038975.1;GCF_053209605.1;GCF_905400185.1;MF6	MdtA/MuxA family multidrug efflux RND transporter periplasmic adaptor subunit
chr1_clade_core	GCF_016899425.1|KEDGBJ_01192	COG1414	K		5	5	GCF_016899425.1;GCF_053038975.1;GCF_053209605.1;GCF_905400185.1;MF6	Transcriptional regulator kdgR,DNA-binding transcriptional activator MhpR,beta-ketoadipate pathway transcriptional regulators, PcaR/PcaU/PobR family,IclR helix-turn-helix domain
chr1_clade_core	GCF_016899425.1|KEDGBJ_01195	COG0004	P	03320	5	5	GCF_016899425.1;GCF_053038975.1;GCF_053209605.1;GCF_905400185.1;MF6	Ammonium transporter
chr1_clade_core	GCF_016899425.1|KEDGBJ_01196				5	5	GCF_016899425.1;GCF_053038975.1;GCF_053209605.1;GCF_905400185.1;MF6	DUF3325 domain-containing protein
chr1_clade_core	GCF_016899425.1|KEDGBJ_01197				5	5	GCF_016899425.1;GCF_053038975.1;GCF_053209605.1;GCF_905400185.1;MF6	Lipoprotein
chr1_clade_core	GCF_016899425.1|KEDGBJ_01198	COG1959	K		5	5	GCF_016899425.1;GCF_053038975.1;GCF_053209605.1;GCF_905400185.1;MF6	Rrf2 family transcriptional regulator
chr1_clade_core	GCF_016899425.1|KEDGBJ_01199	COG2910	R	07118	5	5	GCF_016899425.1;GCF_053038975.1;GCF_053209605.1;GCF_905400185.1;MF6	NAD(P)-binding domain-containing protein
chr1_clade_core	GCF_016899425.1|KEDGBJ_01200	COG1522	K		5	5	GCF_016899425.1;GCF_053038975.1;GCF_053209605.1;GCF_905400185.1;MF6	AsnC family transcriptional regulator
chr1_clade_core	GCF_016899425.1|KEDGBJ_01202	COG1178	P	02011	5	5	GCF_016899425.1;GCF_053038975.1;GCF_053209605.1;GCF_905400185.1;MF6	ABC transmembrane type-1 domain-containing protein
chr1_clade_core	GCF_016899425.1|KEDGBJ_01203	COG1840	GH	02012	5	5	GCF_016899425.1;GCF_053038975.1;GCF_053209605.1;GCF_905400185.1;MF6	Iron ABC transporter substrate-binding protein
chr1_clade_core	GCF_016899425.1|KEDGBJ_01204				5	5	GCF_016899425.1;GCF_053038975.1;GCF_053209605.1;GCF_905400185.1;MF6	Membrane protein
chr1_clade_core	GCF_016899425.1|KEDGBJ_01205	COG1113	E		5	5	GCF_016899425.1;GCF_053038975.1;GCF_053209605.1;GCF_905400185.1;MF6	Amino acid permease
chr1_clade_core	GCF_016899425.1|KEDGBJ_01207	COG1289	S		5	5	GCF_016899425.1;GCF_053038975.1;GCF_053209605.1;GCF_905400185.1;MF6	Integral membrane protein YccS N-terminal domain-containing protein
chr1_clade_core	GCF_016899425.1|KEDGBJ_01208	COG1330	L	03583	5	5	GCF_016899425.1;GCF_053038975.1;GCF_053209605.1;GCF_905400185.1;MF6	exodeoxyribonuclease V subunit gamma
chr1_clade_core	GCF_016899425.1|KEDGBJ_01209			03582	5	5	GCF_016899425.1;GCF_053038975.1;GCF_053209605.1;GCF_905400185.1;MF6	exodeoxyribonuclease V subunit beta
chr1_clade_core	GCF_016899425.1|KEDGBJ_01210				5	5	GCF_016899425.1;GCF_053038975.1;GCF_053209605.1;GCF_905400185.1;MF6	exodeoxyribonuclease V subunit alpha
chr1_clade_core	GCF_016899425.1|KEDGBJ_01211				5	5	GCF_016899425.1;GCF_053038975.1;GCF_053209605.1;GCF_905400185.1;MF6	alternative ribosome rescue aminoacyl-tRNA hydrolase ArfB
chr1_clade_core	GCF_016899425.1|KEDGBJ_01212	COG2200	T		5	5	GCF_016899425.1;GCF_053038975.1;GCF_053209605.1;GCF_905400185.1;MF6	Diguanylate phosphodiesterase
chr1_clade_core	GCF_016899425.1|KEDGBJ_01213	COG0697	GER		5	5	GCF_016899425.1;GCF_053038975.1;GCF_053209605.1;GCF_905400185.1;MF6	EamA domain-containing protein
chr1_clade_core	GCF_016899425.1|KEDGBJ_01214				5	5	GCF_016899425.1;GCF_053038975.1;GCF_053209605.1;GCF_905400185.1;MF6	Lipoprotein
chr1_clade_core	GCF_016899425.1|KEDGBJ_01215				5	5	GCF_016899425.1;GCF_053038975.1;GCF_053209605.1;GCF_905400185.1;MF6	Glycine zipper 2TM domain-containing protein
chr1_clade_core	GCF_016899425.1|KEDGBJ_01216	COG0422	H	03147	5	5	GCF_016899425.1;GCF_053038975.1;GCF_053209605.1;GCF_905400185.1;MF6	phosphomethylpyrimidine synthase ThiC
chr1_clade_core	GCF_016899425.1|KEDGBJ_01218	COG4117	P		5	5	GCF_016899425.1;GCF_053038975.1;GCF_053209605.1;GCF_905400185.1;MF6	Thiosulfate reductase cytochrome B subunit (Membrane anchoring protein)
chr1_clade_core	GCF_016899425.1|KEDGBJ_01219	COG2041	C		5	5	GCF_016899425.1;GCF_053038975.1;GCF_053209605.1;GCF_905400185.1;MF6	Oxidoreductase molybdopterin-binding domain-containing protein
chr1_clade_core	GCF_016899425.1|KEDGBJ_01222				5	5	GCF_016899425.1;GCF_053038975.1;GCF_053209605.1;GCF_905400185.1;MF6	EamA domain-containing protein
chr1_clade_core	GCF_016899425.1|KEDGBJ_01223	COG2814	G		5	5	GCF_016899425.1;GCF_053038975.1;GCF_053209605.1;GCF_905400185.1;MF6	MFS transporter
chr1_clade_core	GCF_016899425.1|KEDGBJ_01224	COG1409	T		5	5	GCF_016899425.1;GCF_053038975.1;GCF_053209605.1;GCF_905400185.1;MF6	Metallophosphoesterase
chr1_clade_core	GCF_016899425.1|KEDGBJ_01225	COG3842	E		5	5	GCF_016899425.1;GCF_053038975.1;GCF_053209605.1;GCF_905400185.1;MF6	Spermidine/putrescine ABC transporter ATPase
chr1_clade_core	GCF_016899425.1|KEDGBJ_01227	COG1177	E		5	5	GCF_016899425.1;GCF_053038975.1;GCF_053209605.1;GCF_905400185.1;MF6	ABC transmembrane type-1 domain-containing protein
chr1_clade_core	GCF_016899425.1|KEDGBJ_01228	COG0555	P		5	5	GCF_016899425.1;GCF_053038975.1;GCF_053209605.1;GCF_905400185.1;MF6	ABC transmembrane type-1 domain-containing protein
chr1_clade_core	GCF_016899425.1|KEDGBJ_01229	COG1840	GH	02012	5	5	GCF_016899425.1;GCF_053038975.1;GCF_053209605.1;GCF_905400185.1;MF6	ABC transporter substrate-binding protein
chr1_clade_core	GCF_016899425.1|KEDGBJ_01230	COG1609	K		5	5	GCF_016899425.1;GCF_053038975.1;GCF_053209605.1;GCF_905400185.1;MF6	Transcriptional regulator
chr1_clade_core	GCF_016899425.1|KEDGBJ_01232	COG1853	C		5	5	GCF_016899425.1;GCF_053038975.1;GCF_053209605.1;GCF_905400185.1;MF6	Flavin reductase like domain-containing protein
chr1_clade_core	GCF_016899425.1|KEDGBJ_01233	COG1071	C		5	5	GCF_016899425.1;GCF_053038975.1;GCF_053209605.1;GCF_905400185.1;MF6	2-oxoisovalerate dehydrogenase subunit alpha
chr1_clade_core	GCF_016899425.1|KEDGBJ_01234	COG0022	C	00167	5	5	GCF_016899425.1;GCF_053038975.1;GCF_053209605.1;GCF_905400185.1;MF6	3-methyl-2-oxobutanoate dehydrogenase (2-methylpropanoyl-transferring)
chr1_clade_core	GCF_016899425.1|KEDGBJ_01235				5	5	GCF_016899425.1;GCF_053038975.1;GCF_053209605.1;GCF_905400185.1;MF6	Dihydrolipoamide acetyltransferase component of pyruvate dehydrogenase complex
chr1_clade_core	GCF_016899425.1|KEDGBJ_01236	COG1249	C	00382	5	5	GCF_016899425.1;GCF_053038975.1;GCF_053209605.1;GCF_905400185.1;MF6	dihydrolipoyl dehydrogenase
chr1_clade_core	GCF_016899425.1|KEDGBJ_01237			17290	5	5	GCF_016899425.1;GCF_053038975.1;GCF_053209605.1;GCF_905400185.1;MF6	NAD-dependent epimerase/dehydratase family protein
chr1_clade_core	GCF_016899425.1|KEDGBJ_01238	COG1457	F	03457	5	5	GCF_016899425.1;GCF_053038975.1;GCF_053209605.1;GCF_905400185.1;MF6	Transport-related, membrane protein
chr1_clade_core	GCF_016899425.1|KEDGBJ_01239	COG3203	M		5	5	GCF_016899425.1;GCF_053038975.1;GCF_053209605.1;GCF_905400185.1;MF6	Porin domain-containing protein
chr1_clade_core	GCF_016899425.1|KEDGBJ_01240	COG0583	K		5	5	GCF_016899425.1;GCF_053038975.1;GCF_053209605.1;GCF_905400185.1;MF6	HTH-type transcriptional regulator CysL
chr1_clade_core	GCF_016899425.1|KEDGBJ_01241			08172	5	5	GCF_016899425.1;GCF_053038975.1;GCF_053209605.1;GCF_905400185.1;MF6	Proline porter II,shikimate transporter,Transposase and inactivated derivatives,MFS transporter, metabolite:H symporter (MHS) family protein,Major Facilitator Superfamily
chr1_clade_core	GCF_016899425.1|KEDGBJ_01242	COG0624	E		5	5	GCF_016899425.1;GCF_053038975.1;GCF_053209605.1;GCF_905400185.1;MF6	N-carbamoyl-L-amino-acid hydrolase
chr1_clade_core	GCF_016899425.1|KEDGBJ_01243	COG0123	Q		5	5	GCF_016899425.1;GCF_053038975.1;GCF_053209605.1;GCF_905400185.1;MF6	Acetylpolyamine amidohydrolase
chr1_clade_core	GCF_016899425.1|KEDGBJ_01244	COG2814	G	19577	5	5	GCF_016899425.1;GCF_053038975.1;GCF_053209605.1;GCF_905400185.1;MF6	Inner membrane transport protein YdhP
chr1_clade_core	GCF_016899425.1|KEDGBJ_01245	COG0583	K		5	5	GCF_016899425.1;GCF_053038975.1;GCF_053209605.1;GCF_905400185.1;MF6	Hca operon transcriptional activator HcaR
chr1_clade_core	GCF_016899425.1|KEDGBJ_01246	COG1171	E		5	5	GCF_016899425.1;GCF_053038975.1;GCF_053209605.1;GCF_905400185.1;MF6	L-serine ammonia-lyase
chr1_clade_core	GCF_016899425.1|KEDGBJ_01248	COG0583	K		5	5	GCF_016899425.1;GCF_053038975.1;GCF_053209605.1;GCF_905400185.1;MF6	LysR family transcriptional activator of nhaA
chr1_clade_core	GCF_016899425.1|KEDGBJ_01249	COG0861	P		5	5	GCF_016899425.1;GCF_053038975.1;GCF_053209605.1;GCF_905400185.1;MF6	TerC family protein
chr1_clade_core	GCF_016899425.1|KEDGBJ_01250				5	5	GCF_016899425.1;GCF_053038975.1;GCF_053209605.1;GCF_905400185.1;MF6	Transcription factor zinc-finger domain-containing protein
chr1_clade_core	GCF_016899425.1|KEDGBJ_01251				5	5	GCF_016899425.1;GCF_053038975.1;GCF_053209605.1;GCF_905400185.1;MF6	Heat shock protein Hsp20
chr1_clade_core	GCF_016899425.1|KEDGBJ_01252				5	5	GCF_016899425.1;GCF_053038975.1;GCF_053209605.1;GCF_905400185.1;MF6	Hsp20/alpha crystallin family protein
chr1_clade_core	GCF_016899425.1|KEDGBJ_01253				5	5	GCF_016899425.1;GCF_053038975.1;GCF_053209605.1;GCF_905400185.1;MF6	L-gulonate 3-dehydrogenase
chr1_clade_core	GCF_016899425.1|KEDGBJ_01254				5	5	GCF_016899425.1;GCF_053038975.1;GCF_053209605.1;GCF_905400185.1;MF6	DUF4148 domain-containing protein
chr1_clade_core	GCF_016899425.1|KEDGBJ_01255	COG0583	K		5	5	GCF_016899425.1;GCF_053038975.1;GCF_053209605.1;GCF_905400185.1;MF6	HTH-type transcriptional regulator YofA
chr1_clade_core	GCF_016899425.1|KEDGBJ_01256				5	5	GCF_016899425.1;GCF_053038975.1;GCF_053209605.1;GCF_905400185.1;MF6	malonate transporter subunit MadL
chr1_clade_core	GCF_016899425.1|KEDGBJ_01257				5	5	GCF_016899425.1;GCF_053038975.1;GCF_053209605.1;GCF_905400185.1;MF6	malonate transporter subunit MadM
chr1_clade_core	GCF_016899425.1|KEDGBJ_01258	COG4670	I	13929	5	5	GCF_016899425.1;GCF_053038975.1;GCF_053209605.1;GCF_905400185.1;MF6	malonate decarboxylase subunit alpha
chr1_clade_core	GCF_016899425.1|KEDGBJ_01259				5	5	GCF_016899425.1;GCF_053038975.1;GCF_053209605.1;GCF_905400185.1;MF6	malonate decarboxylase acyl carrier protein
chr1_clade_core	GCF_016899425.1|KEDGBJ_01260	COG0777	I	13932	5	5	GCF_016899425.1;GCF_053038975.1;GCF_053209605.1;GCF_905400185.1;MF6	biotin-independent malonate decarboxylase subunit beta
chr1_clade_core	GCF_016899425.1|KEDGBJ_01261				5	5	GCF_016899425.1;GCF_053038975.1;GCF_053209605.1;GCF_905400185.1;MF6	biotin-independent malonate decarboxylase subunit gamma
chr1_clade_core	GCF_016899425.1|KEDGBJ_01262			13934	5	5	GCF_016899425.1;GCF_053038975.1;GCF_053209605.1;GCF_905400185.1;MF6	malonate decarboxylase holo-[acyl-carrier-protein] synthase
chr1_clade_core	GCF_016899425.1|KEDGBJ_01263			13930	5	5	GCF_016899425.1;GCF_053038975.1;GCF_053209605.1;GCF_905400185.1;MF6	triphosphoribosyl-dephospho-CoA synthase MdcB
chr1_clade_core	GCF_016899425.1|KEDGBJ_01264				5	5	GCF_016899425.1;GCF_053038975.1;GCF_053209605.1;GCF_905400185.1;MF6	malonate decarboxylase subunit epsilon
chr1_clade_core	GCF_016899425.1|KEDGBJ_01265				5	5	GCF_016899425.1;GCF_053038975.1;GCF_053209605.1;GCF_905400185.1;MF6	phospholipase D
chr1_clade_core	GCF_016899425.1|KEDGBJ_01266				5	5	GCF_016899425.1;GCF_053038975.1;GCF_053209605.1;GCF_905400185.1;MF6	Phosphoribosyl transferase protein
chr1_clade_core	GCF_016899425.1|KEDGBJ_01267			05973	5	5	GCF_016899425.1;GCF_053038975.1;GCF_053209605.1;GCF_905400185.1;MF6	PHB depolymerase
chr1_clade_core	GCF_016899425.1|KEDGBJ_01268				5	5	GCF_016899425.1;GCF_053038975.1;GCF_053209605.1;GCF_905400185.1;MF6	GST N-terminal domain-containing protein
chr1_clade_core	GCF_016899425.1|KEDGBJ_01269				5	5	GCF_016899425.1;GCF_053038975.1;GCF_053209605.1;GCF_905400185.1;MF6	HDOD domain-containing protein
chr1_clade_core	GCF_016899425.1|KEDGBJ_01271	COG1742	R	09771	5	5	GCF_016899425.1;GCF_053038975.1;GCF_053209605.1;GCF_905400185.1;MF6	YnfA family protein
chr1_clade_core	GCF_016899425.1|KEDGBJ_01272	COG0847	L		5	5	GCF_016899425.1;GCF_053038975.1;GCF_053209605.1;GCF_905400185.1;MF6	DNA polymerase III subunit epsilon
chr1_clade_core	GCF_016899425.1|KEDGBJ_01273	COG0328	L	03469	5	5	GCF_016899425.1;GCF_053038975.1;GCF_053209605.1;GCF_905400185.1;MF6	ribonuclease HI
chr1_clade_core	GCF_016899425.1|KEDGBJ_01274	COG2226	HJ		5	5	GCF_016899425.1;GCF_053038975.1;GCF_053209605.1;GCF_905400185.1;MF6	Methyltransferase type 11 domain-containing protein
chr1_clade_core	GCF_016899425.1|KEDGBJ_01277	COG2814	G		5	5	GCF_016899425.1;GCF_053038975.1;GCF_053209605.1;GCF_905400185.1;MF6	Major facilitator superfamily (MFS) profile domain-containing protein
chr1_clade_core	GCF_016899425.1|KEDGBJ_01278	COG0505	EF		5	5	GCF_016899425.1;GCF_053038975.1;GCF_053209605.1;GCF_905400185.1;MF6	carbamoyl phosphate synthase small subunit
chr1_clade_core	GCF_016899425.1|KEDGBJ_01279	COG1280	E	11250	5	5	GCF_016899425.1;GCF_053038975.1;GCF_053209605.1;GCF_905400185.1;MF6	leucine efflux protein LeuE
chr1_clade_core	GCF_016899425.1|KEDGBJ_01280	COG0458	EF	01955	5	5	GCF_016899425.1;GCF_053038975.1;GCF_053209605.1;GCF_905400185.1;MF6	carbamoyl-phosphate synthase large subunit
chr1_clade_core	GCF_016899425.1|KEDGBJ_01281	COG0782	K		5	5	GCF_016899425.1;GCF_053038975.1;GCF_053209605.1;GCF_905400185.1;MF6	transcription elongation factor GreA
chr1_clade_core	GCF_016899425.1|KEDGBJ_01282				5	5	GCF_016899425.1;GCF_053038975.1;GCF_053209605.1;GCF_905400185.1;MF6	TMEM205-like domain-containing protein
chr1_clade_core	GCF_016899425.1|KEDGBJ_01283				5	5	GCF_016899425.1;GCF_053038975.1;GCF_053209605.1;GCF_905400185.1;MF6	CRM domain-containing protein
chr1_clade_core	GCF_016899425.1|KEDGBJ_01284	COG0293	J		5	5	GCF_016899425.1;GCF_053038975.1;GCF_053209605.1;GCF_905400185.1;MF6	Ribosomal RNA large subunit methyltransferase E
chr1_clade_core	GCF_016899425.1|KEDGBJ_01285	COG0465	O		5	5	GCF_016899425.1;GCF_053038975.1;GCF_053209605.1;GCF_905400185.1;MF6	ATP-dependent zinc metalloprotease FtsH
chr1_clade_core	GCF_016899425.1|KEDGBJ_01286	COG0294	H	00796	5	5	GCF_016899425.1;GCF_053038975.1;GCF_053209605.1;GCF_905400185.1;MF6	dihydropteroate synthase
chr1_clade_core	GCF_016899425.1|KEDGBJ_01287	COG1109	G		5	5	GCF_016899425.1;GCF_053038975.1;GCF_053209605.1;GCF_905400185.1;MF6	phosphoglucosamine mutase
chr1_clade_core	GCF_016899425.1|KEDGBJ_01288	COG0226	P		5	5	GCF_016899425.1;GCF_053038975.1;GCF_053209605.1;GCF_905400185.1;MF6	phosphate ABC transporter substrate-binding protein PstS
chr1_clade_core	GCF_016899425.1|KEDGBJ_01289	COG0573	P		5	5	GCF_016899425.1;GCF_053038975.1;GCF_053209605.1;GCF_905400185.1;MF6	phosphate ABC transporter permease PstC
chr1_clade_core	GCF_016899425.1|KEDGBJ_01290	COG0581	P		5	5	GCF_016899425.1;GCF_053038975.1;GCF_053209605.1;GCF_905400185.1;MF6	phosphate ABC transporter permease PstA
chr1_clade_core	GCF_016899425.1|KEDGBJ_01291	COG1117	P		5	5	GCF_016899425.1;GCF_053038975.1;GCF_053209605.1;GCF_905400185.1;MF6	phosphate ABC transporter ATP-binding protein PstB
chr1_clade_core	GCF_016899425.1|KEDGBJ_01292	COG0704	P		5	5	GCF_016899425.1;GCF_053038975.1;GCF_053209605.1;GCF_905400185.1;MF6	phosphate signaling complex protein PhoU
chr1_clade_core	GCF_016899425.1|KEDGBJ_01293	COG0745	TK		5	5	GCF_016899425.1;GCF_053038975.1;GCF_053209605.1;GCF_905400185.1;MF6	phosphate regulon transcriptional regulator PhoB
chr1_clade_core	GCF_016899425.1|KEDGBJ_01294	COG5002	T		5	5	GCF_016899425.1;GCF_053038975.1;GCF_053209605.1;GCF_905400185.1;MF6	phosphate regulon sensor histidine kinase PhoR
chr1_clade_core	GCF_016899425.1|KEDGBJ_01295	COG0855	P	00937	5	5	GCF_016899425.1;GCF_053038975.1;GCF_053209605.1;GCF_905400185.1;MF6	polyphosphate kinase 1
chr1_clade_core	GCF_016899425.1|KEDGBJ_01296	COG0248	FT	01524	5	5	GCF_016899425.1;GCF_053038975.1;GCF_053209605.1;GCF_905400185.1;MF6	exopolyphosphatase
chr1_clade_core	GCF_016899425.1|KEDGBJ_01297				5	5	GCF_016899425.1;GCF_053038975.1;GCF_053209605.1;GCF_905400185.1;MF6	Lipoprotein
chr1_clade_core	GCF_016899425.1|KEDGBJ_01307				5	5	GCF_016899425.1;GCF_053038975.1;GCF_053209605.1;GCF_905400185.1;MF6	phosphohistidine phosphatase SixA
chr1_clade_core	GCF_016899425.1|KEDGBJ_01308	COG3176	R	22310	5	5	GCF_016899425.1;GCF_053038975.1;GCF_053209605.1;GCF_905400185.1;MF6	L-ornithine N(alpha)-acyltransferase
chr1_clade_core	GCF_016899425.1|KEDGBJ_01309				5	5	GCF_016899425.1;GCF_053038975.1;GCF_053209605.1;GCF_905400185.1;MF6	Phage protein
chr1_clade_core	GCF_016899425.1|KEDGBJ_01310				5	5	GCF_016899425.1;GCF_053038975.1;GCF_053209605.1;GCF_905400185.1;MF6	Lipoprotein
chr1_clade_core	GCF_016899425.1|KEDGBJ_01311	COG0534	V		5	5	GCF_016899425.1;GCF_053038975.1;GCF_053209605.1;GCF_905400185.1;MF6	DNA damage-inducible protein F
chr1_clade_core	GCF_016899425.1|KEDGBJ_01312				5	5	GCF_016899425.1;GCF_053038975.1;GCF_053209605.1;GCF_905400185.1;MF6	DUF2288 domain-containing protein
chr1_clade_core	GCF_016899425.1|KEDGBJ_01314	COG4942	D		5	5	GCF_016899425.1;GCF_053038975.1;GCF_053209605.1;GCF_905400185.1;MF6	Murein hydrolase activator NlpD,lipoprotein NlpD,Membrane-bound metallopeptidase,Peptidase family M23
chr1_clade_core	GCF_016899425.1|KEDGBJ_01315	COG2017	G		5	5	GCF_016899425.1;GCF_053038975.1;GCF_053209605.1;GCF_905400185.1;MF6	Aldose epimerase
chr1_clade_core	GCF_016899425.1|KEDGBJ_01316				5	5	GCF_016899425.1;GCF_053038975.1;GCF_053209605.1;GCF_905400185.1;MF6	hypothetical protein
chr1_clade_core	GCF_016899425.1|KEDGBJ_01317	COG1968	I	06153	5	5	GCF_016899425.1;GCF_053038975.1;GCF_053209605.1;GCF_905400185.1;MF6	Undecaprenyl-diphosphatase 2
chr1_clade_core	GCF_016899425.1|KEDGBJ_01319				5	5	GCF_016899425.1;GCF_053038975.1;GCF_053209605.1;GCF_905400185.1;MF6	Amino acid ABC transporter substrate-binding protein
chr1_clade_core	GCF_016899425.1|KEDGBJ_01320				5	5	GCF_016899425.1;GCF_053038975.1;GCF_053209605.1;GCF_905400185.1;MF6	histidine kinase
chr1_clade_core	GCF_016899425.1|KEDGBJ_01321				5	5	GCF_016899425.1;GCF_053038975.1;GCF_053209605.1;GCF_905400185.1;MF6	Diguanylate cyclase
chr1_clade_core	GCF_016899425.1|KEDGBJ_01323				5	5	GCF_016899425.1;GCF_053038975.1;GCF_053209605.1;GCF_905400185.1;MF6	Flp family type IVb pilin
chr1_clade_core	GCF_016899425.1|KEDGBJ_01324				5	5	GCF_016899425.1;GCF_053038975.1;GCF_053209605.1;GCF_905400185.1;MF6	Peptidase A24
chr1_clade_core	GCF_016899425.1|KEDGBJ_01325			02279	5	5	GCF_016899425.1;GCF_053038975.1;GCF_053209605.1;GCF_905400185.1;MF6	Flp pilus assembly protein CpaB
chr1_clade_core	GCF_016899425.1|KEDGBJ_01326	COG4964	W	02280	5	5	GCF_016899425.1;GCF_053038975.1;GCF_053209605.1;GCF_905400185.1;MF6	Fimbrial protein
chr1_clade_core	GCF_016899425.1|KEDGBJ_01327			02281	5	5	GCF_016899425.1;GCF_053038975.1;GCF_053209605.1;GCF_905400185.1;MF6	Lipoprotein
chr1_clade_core	GCF_016899425.1|KEDGBJ_01328			02282	5	5	GCF_016899425.1;GCF_053038975.1;GCF_053209605.1;GCF_905400185.1;MF6	Response regulator receiver protein
chr1_clade_core	GCF_016899425.1|KEDGBJ_01330				5	5	GCF_016899425.1;GCF_053038975.1;GCF_053209605.1;GCF_905400185.1;MF6	type II secretion system F family protein
chr1_clade_core	GCF_016899425.1|KEDGBJ_01331				5	5	GCF_016899425.1;GCF_053038975.1;GCF_053209605.1;GCF_905400185.1;MF6	Type II secretion system protein
chr1_clade_core	GCF_016899425.1|KEDGBJ_01333				5	5	GCF_016899425.1;GCF_053038975.1;GCF_053209605.1;GCF_905400185.1;MF6	Pilus assembly protein
chr1_clade_core	GCF_016899425.1|KEDGBJ_01334				5	5	GCF_016899425.1;GCF_053038975.1;GCF_053209605.1;GCF_905400185.1;MF6	Pilus assembly protein TadE
chr1_clade_core	GCF_016899425.1|KEDGBJ_01335				5	5	GCF_016899425.1;GCF_053038975.1;GCF_053209605.1;GCF_905400185.1;MF6	DUF2029 domain-containing protein
chr1_clade_core	GCF_016899425.1|KEDGBJ_01338	COG0449	M	00820	5	5	GCF_016899425.1;GCF_053038975.1;GCF_053209605.1;GCF_905400185.1;MF6	glutamine--fructose-6-phosphate transaminase (isomerizing)
chr1_clade_core	GCF_016899425.1|KEDGBJ_01339				5	5	GCF_016899425.1;GCF_053038975.1;GCF_053209605.1;GCF_905400185.1;MF6	Alginate lyase domain-containing protein
chr1_clade_core	GCF_016899425.1|KEDGBJ_01340				5	5	GCF_016899425.1;GCF_053038975.1;GCF_053209605.1;GCF_905400185.1;MF6	NodB-like y domain-containing protein
chr1_clade_core	GCF_016899425.1|KEDGBJ_01341				5	5	GCF_016899425.1;GCF_053038975.1;GCF_053209605.1;GCF_905400185.1;MF6	DUF998 domain-containing protein
chr1_clade_core	GCF_016899425.1|KEDGBJ_01342				5	5	GCF_016899425.1;GCF_053038975.1;GCF_053209605.1;GCF_905400185.1;MF6	YaiO family beta-barrel domain-containing protein
chr1_clade_core	GCF_016899425.1|KEDGBJ_01343				5	5	GCF_016899425.1;GCF_053038975.1;GCF_053209605.1;GCF_905400185.1;MF6	N-acetylglucosamine-1-phosphate uridyltransferase
chr1_clade_core	GCF_016899425.1|KEDGBJ_01345	COG0381	M		5	5	GCF_016899425.1;GCF_053038975.1;GCF_053209605.1;GCF_905400185.1;MF6	non-hydrolyzing UDP-N-acetylglucosamine 2-epimerase
chr1_clade_core	GCF_016899425.1|KEDGBJ_01346	COG2080	C		5	5	GCF_016899425.1;GCF_053038975.1;GCF_053209605.1;GCF_905400185.1;MF6	Isoquinoline 1-oxidoreductase, alpha subunit
chr1_clade_core	GCF_016899425.1|KEDGBJ_01347	COG1529	C		5	5	GCF_016899425.1;GCF_053038975.1;GCF_053209605.1;GCF_905400185.1;MF6	Aldehyde oxidase/xanthine dehydrogenase a/b hammerhead domain-containing protein
chr1_clade_core	GCF_016899425.1|KEDGBJ_01348	COG0604	CR		5	5	GCF_016899425.1;GCF_053038975.1;GCF_053209605.1;GCF_905400185.1;MF6	NADPH2:quinone reductase
chr1_clade_core	GCF_016899425.1|KEDGBJ_01350	COG1902	C	00219	5	5	GCF_016899425.1;GCF_053038975.1;GCF_053209605.1;GCF_905400185.1;MF6	2,4-dienoyl-CoA reductase
chr1_clade_core	GCF_016899425.1|KEDGBJ_01351				5	5	GCF_016899425.1;GCF_053038975.1;GCF_053209605.1;GCF_905400185.1;MF6	SnoaL-like domain-containing protein
chr1_clade_core	GCF_016899425.1|KEDGBJ_01352				5	5	GCF_016899425.1;GCF_053038975.1;GCF_053209605.1;GCF_905400185.1;MF6	TonB-dependent siderophore receptor
chr1_clade_core	GCF_016899425.1|KEDGBJ_01354				5	5	GCF_016899425.1;GCF_053038975.1;GCF_053209605.1;GCF_905400185.1;MF6	ABC transporter substrate-binding protein
chr1_clade_core	GCF_016899425.1|KEDGBJ_01355				5	5	GCF_016899425.1;GCF_053038975.1;GCF_053209605.1;GCF_905400185.1;MF6	ABC transporter permease
chr1_clade_core	GCF_016899425.1|KEDGBJ_01356				5	5	GCF_016899425.1;GCF_053038975.1;GCF_053209605.1;GCF_905400185.1;MF6	histidine kinase
chr1_clade_core	GCF_016899425.1|KEDGBJ_01357	COG0745	TK		5	5	GCF_016899425.1;GCF_053038975.1;GCF_053209605.1;GCF_905400185.1;MF6	DNA-binding response regulator
chr1_clade_core	GCF_016899425.1|KEDGBJ_01358	COG3713	M		5	5	GCF_016899425.1;GCF_053038975.1;GCF_053209605.1;GCF_905400185.1;MF6	MltA-interacting MipA
chr1_clade_core	GCF_016899425.1|KEDGBJ_01361	COG3203	M	03285	5	5	GCF_016899425.1;GCF_053038975.1;GCF_053209605.1;GCF_905400185.1;MF6	Porin
chr1_clade_core	GCF_016899425.1|KEDGBJ_01363	COG0583	K		5	5	GCF_016899425.1;GCF_053038975.1;GCF_053209605.1;GCF_905400185.1;MF6	LysR family transcriptional regulator
chr1_clade_core	GCF_016899425.1|KEDGBJ_01364	COG3565	R		5	5	GCF_016899425.1;GCF_053038975.1;GCF_053209605.1;GCF_905400185.1;MF6	Glyoxalase/bleomycin resistance protein/dioxygenase
chr1_clade_core	GCF_016899425.1|KEDGBJ_01365	COG1853	C		5	5	GCF_016899425.1;GCF_053038975.1;GCF_053209605.1;GCF_905400185.1;MF6	Flavin reductase
chr1_clade_core	GCF_016899425.1|KEDGBJ_01366	COG0583	K		5	5	GCF_016899425.1;GCF_053038975.1;GCF_053209605.1;GCF_905400185.1;MF6	HTH-type transcriptional regulator GltC
chr1_clade_core	GCF_016899425.1|KEDGBJ_01367				5	5	GCF_016899425.1;GCF_053038975.1;GCF_053209605.1;GCF_905400185.1;MF6	Citrate transporter
chr1_clade_core	GCF_016899425.1|KEDGBJ_01368				5	5	GCF_016899425.1;GCF_053038975.1;GCF_053209605.1;GCF_905400185.1;MF6	ABC transporter substrate-binding protein
chr1_clade_core	GCF_016899425.1|KEDGBJ_01369				5	5	GCF_016899425.1;GCF_053038975.1;GCF_053209605.1;GCF_905400185.1;MF6	Beta-lactamase
chr1_clade_core	GCF_016899425.1|KEDGBJ_01372	COG4589	R	00981	5	5	GCF_016899425.1;GCF_053038975.1;GCF_053209605.1;GCF_905400185.1;MF6	Phosphatidate cytidylyltransferase
chr1_clade_core	GCF_016899425.1|KEDGBJ_01373	COG0204	I		5	5	GCF_016899425.1;GCF_053038975.1;GCF_053209605.1;GCF_905400185.1;MF6	Phospholipid/glycerol acyltransferase
chr1_clade_core	GCF_016899425.1|KEDGBJ_01374	COG0558	I		5	5	GCF_016899425.1;GCF_053038975.1;GCF_053209605.1;GCF_905400185.1;MF6	CDP-alcohol phosphatidyltransferase
chr1_clade_core	GCF_016899425.1|KEDGBJ_01375	COG2267	I		5	5	GCF_016899425.1;GCF_053038975.1;GCF_053209605.1;GCF_905400185.1;MF6	Bifunctional alpha/beta hydrolase/class I SAM-dependent methyltransferase
chr1_clade_core	GCF_016899425.1|KEDGBJ_01376				5	5	GCF_016899425.1;GCF_053038975.1;GCF_053209605.1;GCF_905400185.1;MF6	Dual specificity protein phosphatase
chr1_clade_core	GCF_016899425.1|KEDGBJ_01377				5	5	GCF_016899425.1;GCF_053038975.1;GCF_053209605.1;GCF_905400185.1;MF6	Transmembrane protein
chr1_clade_core	GCF_016899425.1|KEDGBJ_01379				5	5	GCF_016899425.1;GCF_053038975.1;GCF_053209605.1;GCF_905400185.1;MF6	cellulose biosynthesis cyclic di-GMP-binding regulatory protein BcsB
chr1_clade_core	GCF_016899425.1|KEDGBJ_01380	COG3405	G	20543	5	5	GCF_016899425.1;GCF_053038975.1;GCF_053209605.1;GCF_905400185.1;MF6	cellulose synthase complex periplasmic endoglucanase BcsZ
chr1_clade_core	GCF_016899425.1|KEDGBJ_01381	COG4783	MO		5	5	GCF_016899425.1;GCF_053038975.1;GCF_053209605.1;GCF_905400185.1;MF6	Cellulose biosynthesis protein
chr1_clade_core	GCF_016899425.1|KEDGBJ_01384				5	5	GCF_016899425.1;GCF_053038975.1;GCF_053209605.1;GCF_905400185.1;MF6	cellulose biosynthesis protein BcsQ
chr1_clade_core	GCF_016899425.1|KEDGBJ_01385	COG1215	N		5	5	GCF_016899425.1;GCF_053038975.1;GCF_053209605.1;GCF_905400185.1;MF6	UDP-forming cellulose synthase catalytic subunit
chr1_clade_core	GCF_016899425.1|KEDGBJ_01386				5	5	GCF_016899425.1;GCF_053038975.1;GCF_053209605.1;GCF_905400185.1;MF6	cellulose biosynthesis protein BcsG
chr1_clade_core	GCF_016899425.1|KEDGBJ_01387				5	5	GCF_016899425.1;GCF_053038975.1;GCF_053209605.1;GCF_905400185.1;MF6	Oxidoreductase
chr1_clade_core	GCF_016899425.1|KEDGBJ_01391	COG1765	R		5	5	GCF_016899425.1;GCF_053038975.1;GCF_053209605.1;GCF_905400185.1;MF6	Redox protein
chr1_clade_core	GCF_016899425.1|KEDGBJ_01392			24163	5	5	GCF_016899425.1;GCF_053038975.1;GCF_053209605.1;GCF_905400185.1;MF6	Na+/H+ antiporter
chr1_clade_core	GCF_016899425.1|KEDGBJ_01393				5	5	GCF_016899425.1;GCF_053038975.1;GCF_053209605.1;GCF_905400185.1;MF6	DUF1427 domain-containing protein
chr1_clade_core	GCF_016899425.1|KEDGBJ_01394	COG1335	HR		5	5	GCF_016899425.1;GCF_053038975.1;GCF_053209605.1;GCF_905400185.1;MF6	Putative hydrolase YcaC
chr1_clade_core	GCF_016899425.1|KEDGBJ_01395				5	5	GCF_016899425.1;GCF_053038975.1;GCF_053209605.1;GCF_905400185.1;MF6	HTH lysR-type domain-containing protein
chr1_clade_core	GCF_016899425.1|KEDGBJ_01396				5	5	GCF_016899425.1;GCF_053038975.1;GCF_053209605.1;GCF_905400185.1;MF6	XapX domain protein
chr1_clade_core	GCF_016899425.1|KEDGBJ_01397	COG1574	R		5	5	GCF_016899425.1;GCF_053038975.1;GCF_053209605.1;GCF_905400185.1;MF6	Amidohydrolase
chr1_clade_core	GCF_016899425.1|KEDGBJ_01398			18305	5	5	GCF_016899425.1;GCF_053038975.1;GCF_053209605.1;GCF_905400185.1;MF6	DoxX family protein
chr1_clade_core	GCF_016899425.1|KEDGBJ_01400				5	5	GCF_016899425.1;GCF_053038975.1;GCF_053209605.1;GCF_905400185.1;MF6	DUF1275 domain-containing protein
chr1_clade_core	GCF_016899425.1|KEDGBJ_01402			01114	5	5	GCF_016899425.1;GCF_053038975.1;GCF_053209605.1;GCF_905400185.1;MF6	Acid phosphatase
chr1_clade_core	GCF_016899425.1|KEDGBJ_01403			00428	5	5	GCF_016899425.1;GCF_053038975.1;GCF_053209605.1;GCF_905400185.1;MF6	Di-heme cytochrome c peroxidase
chr1_clade_core	GCF_016899425.1|KEDGBJ_01404				5	5	GCF_016899425.1;GCF_053038975.1;GCF_053209605.1;GCF_905400185.1;MF6	Surface antigen domain-containing protein
chr1_clade_core	GCF_016899425.1|KEDGBJ_01405	COG0494	V		5	5	GCF_016899425.1;GCF_053038975.1;GCF_053209605.1;GCF_905400185.1;MF6	NUDIX hydrolase
chr1_clade_core	GCF_016899425.1|KEDGBJ_01406	COG0008	J	01886	5	5	GCF_016899425.1;GCF_053038975.1;GCF_053209605.1;GCF_905400185.1;MF6	glutamine--tRNA ligase/YqeY domain fusion protein
chr1_clade_core	GCF_016899425.1|KEDGBJ_01407				5	5	GCF_016899425.1;GCF_053038975.1;GCF_053209605.1;GCF_905400185.1;MF6	Ornithine acetyltransferase
chr1_clade_core	GCF_016899425.1|KEDGBJ_01408				5	5	GCF_016899425.1;GCF_053038975.1;GCF_053209605.1;GCF_905400185.1;MF6	Alpha/beta hydrolase
chr1_clade_core	GCF_016899425.1|KEDGBJ_01411	COG1804	I	01041	5	5	GCF_016899425.1;GCF_053038975.1;GCF_053209605.1;GCF_905400185.1;MF6	Acetyl-CoA:oxalate CoA-transferase
chr1_clade_core	GCF_016899425.1|KEDGBJ_01412				5	5	GCF_016899425.1;GCF_053038975.1;GCF_053209605.1;GCF_905400185.1;MF6	alanine--tRNA ligase
chr1_clade_core	GCF_016899425.1|KEDGBJ_01413				5	5	GCF_016899425.1;GCF_053038975.1;GCF_053209605.1;GCF_905400185.1;MF6	LysR family transcriptional regulator
chr1_clade_core	GCF_016899425.1|KEDGBJ_01415	COG2816	F		5	5	GCF_016899425.1;GCF_053038975.1;GCF_053209605.1;GCF_905400185.1;MF6	ADP-ribose pyrophosphatase
chr1_clade_core	GCF_016899425.1|KEDGBJ_01416	COG0824	I	07107	5	5	GCF_016899425.1;GCF_053038975.1;GCF_053209605.1;GCF_905400185.1;MF6	Thioesterase
chr1_clade_core	GCF_016899425.1|KEDGBJ_01417	COG0559	E		5	5	GCF_016899425.1;GCF_053038975.1;GCF_053209605.1;GCF_905400185.1;MF6	Branched-chain amino acid ABC transporter permease
chr1_clade_core	GCF_016899425.1|KEDGBJ_01418				5	5	GCF_016899425.1;GCF_053038975.1;GCF_053209605.1;GCF_905400185.1;MF6	Branched-chain amino acid transport system family protein
chr1_clade_core	GCF_016899425.1|KEDGBJ_01419	COG0411	E		5	5	GCF_016899425.1;GCF_053038975.1;GCF_053209605.1;GCF_905400185.1;MF6	ABC transporter domain-containing protein
chr1_clade_core	GCF_016899425.1|KEDGBJ_01420				5	5	GCF_016899425.1;GCF_053038975.1;GCF_053209605.1;GCF_905400185.1;MF6	ABC transporter ATP-binding protein
chr1_clade_core	GCF_016899425.1|KEDGBJ_01421				5	5	GCF_016899425.1;GCF_053038975.1;GCF_053209605.1;GCF_905400185.1;MF6	Glucose 1-dehydrogenase 2
chr1_clade_core	GCF_016899425.1|KEDGBJ_01424				5	5	GCF_016899425.1;GCF_053038975.1;GCF_053209605.1;GCF_905400185.1;MF6	heme-degrading domain-containing protein
chr1_clade_core	GCF_016899425.1|KEDGBJ_01425	COG3718	G	03337	5	5	GCF_016899425.1;GCF_053038975.1;GCF_053209605.1;GCF_905400185.1;MF6	5-deoxy-glucuronate isomerase
chr1_clade_core	GCF_016899425.1|KEDGBJ_01426	COG1082	G	03335	5	5	GCF_016899425.1;GCF_053038975.1;GCF_053209605.1;GCF_905400185.1;MF6	myo-inosose-2 dehydratase
chr1_clade_core	GCF_016899425.1|KEDGBJ_01427	COG3962	G		5	5	GCF_016899425.1;GCF_053038975.1;GCF_053209605.1;GCF_905400185.1;MF6	3D-(3,5/4)-trihydroxycyclohexane-1,2-dione acylhydrolase (decyclizing)
chr1_clade_core	GCF_016899425.1|KEDGBJ_01429	COG1879	G		5	5	GCF_016899425.1;GCF_053038975.1;GCF_053209605.1;GCF_905400185.1;MF6	Periplasmic binding protein domain-containing protein
chr1_clade_core	GCF_016899425.1|KEDGBJ_01431	COG1172	G		5	5	GCF_016899425.1;GCF_053038975.1;GCF_053209605.1;GCF_905400185.1;MF6	ABC transporter permease
chr1_clade_core	GCF_016899425.1|KEDGBJ_01432			06605	5	5	GCF_016899425.1;GCF_053038975.1;GCF_053209605.1;GCF_905400185.1;MF6	Xylose isomerase domain protein TIM barrel
chr1_clade_core	GCF_016899425.1|KEDGBJ_01433	COG0673	R		5	5	GCF_016899425.1;GCF_053038975.1;GCF_053209605.1;GCF_905400185.1;MF6	Inositol 2-dehydrogenase
chr1_clade_core	GCF_016899425.1|KEDGBJ_01434	COG1082	G	03335	5	5	GCF_016899425.1;GCF_053038975.1;GCF_053209605.1;GCF_905400185.1;MF6	AP endonuclease
chr1_clade_core	GCF_016899425.1|KEDGBJ_01435	COG0673	R		5	5	GCF_016899425.1;GCF_053038975.1;GCF_053209605.1;GCF_905400185.1;MF6	Inositol 2-dehydrogenase/D-chiro-inositol 3-dehydrogenase
chr1_clade_core	GCF_016899425.1|KEDGBJ_01436	COG1737	K		5	5	GCF_016899425.1;GCF_053038975.1;GCF_053209605.1;GCF_905400185.1;MF6	HTH-type transcriptional regulator MurR
chr1_clade_core	GCF_016899425.1|KEDGBJ_01437	COG1012	I		5	5	GCF_016899425.1;GCF_053038975.1;GCF_053209605.1;GCF_905400185.1;MF6	methylmalonate-semialdehyde dehydrogenase (CoA acylating)
chr1_clade_core	GCF_016899425.1|KEDGBJ_01439	COG0425	JHO		5	5	GCF_016899425.1;GCF_053038975.1;GCF_053209605.1;GCF_905400185.1;MF6	UPF0033 domain-containing protein
chr1_clade_core	GCF_016899425.1|KEDGBJ_01440				5	5	GCF_016899425.1;GCF_053038975.1;GCF_053209605.1;GCF_905400185.1;MF6	Peptidase
chr1_clade_core	GCF_016899425.1|KEDGBJ_01441	COG0745	TK		5	5	GCF_016899425.1;GCF_053038975.1;GCF_053209605.1;GCF_905400185.1;MF6	DNA-binding response regulator
chr1_clade_core	GCF_016899425.1|KEDGBJ_01442			07165	5	5	GCF_016899425.1;GCF_053038975.1;GCF_053209605.1;GCF_905400185.1;MF6	Exported protein
chr1_clade_core	GCF_016899425.1|KEDGBJ_01443	COG4252	T		5	5	GCF_016899425.1;GCF_053038975.1;GCF_053209605.1;GCF_905400185.1;MF6	histidine kinase
chr1_clade_core	GCF_016899425.1|KEDGBJ_01444				5	5	GCF_016899425.1;GCF_053038975.1;GCF_053209605.1;GCF_905400185.1;MF6	DUF4136 domain-containing protein
chr1_clade_core	GCF_016899425.1|KEDGBJ_01445	COG1210	M	00963	5	5	GCF_016899425.1;GCF_053038975.1;GCF_053209605.1;GCF_905400185.1;MF6	UTP--glucose-1-phosphate uridylyltransferase GalU
chr1_clade_core	GCF_016899425.1|KEDGBJ_01446	COG0525	J	01873	5	5	GCF_016899425.1;GCF_053038975.1;GCF_053209605.1;GCF_905400185.1;MF6	valine--tRNA ligase
chr1_clade_core	GCF_016899425.1|KEDGBJ_01448	COG0210	L		5	5	GCF_016899425.1;GCF_053038975.1;GCF_053209605.1;GCF_905400185.1;MF6	DNA 3'-5' helicase
chr1_clade_core	GCF_016899425.1|KEDGBJ_01449	COG0775	FH	01243	5	5	GCF_016899425.1;GCF_053038975.1;GCF_053209605.1;GCF_905400185.1;MF6	5'-methylthioadenosine/adenosylhomocysteine nucleosidase
chr1_clade_core	GCF_016899425.1|KEDGBJ_01452	COG0840	T		5	5	GCF_016899425.1;GCF_053038975.1;GCF_053209605.1;GCF_905400185.1;MF6	MCP four helix bundle domain-containing protein
chr1_clade_core	GCF_016899425.1|KEDGBJ_01453	COG1566	V	21695	5	5	GCF_016899425.1;GCF_053038975.1;GCF_053209605.1;GCF_905400185.1;MF6	Membrane fusion protein biotin-lipoyl like domain-containing protein
chr1_clade_core	GCF_016899425.1|KEDGBJ_01454			21695	5	5	GCF_016899425.1;GCF_053038975.1;GCF_053209605.1;GCF_905400185.1;MF6	Protein AaeX
chr1_clade_core	GCF_016899425.1|KEDGBJ_01455				5	5	GCF_016899425.1;GCF_053038975.1;GCF_053209605.1;GCF_905400185.1;MF6	p-hydroxybenzoic acid efflux pump subunit AaeB,p-hydroxybenzoic acid efflux subunit AaeB,putative membrane protein,Fusaric acid resistance protein family
chr1_clade_core	GCF_016899425.1|KEDGBJ_01456	COG1538	M		5	5	GCF_016899425.1;GCF_053038975.1;GCF_053209605.1;GCF_905400185.1;MF6	Outer membrane protein OprM
chr1_clade_core	GCF_016899425.1|KEDGBJ_01457	COG0583	K		5	5	GCF_016899425.1;GCF_053038975.1;GCF_053209605.1;GCF_905400185.1;MF6	HTH lysR-type domain-containing protein
chr1_clade_core	GCF_016899425.1|KEDGBJ_01458				5	5	GCF_016899425.1;GCF_053038975.1;GCF_053209605.1;GCF_905400185.1;MF6	hypothetical protein
chr1_clade_core	GCF_016899425.1|KEDGBJ_01459				5	5	GCF_016899425.1;GCF_053038975.1;GCF_053209605.1;GCF_905400185.1;MF6	Metallophosphoesterase
chr1_clade_core	GCF_016899425.1|KEDGBJ_01460	COG0277	C		5	5	GCF_016899425.1;GCF_053038975.1;GCF_053209605.1;GCF_905400185.1;MF6	Cytochrome D-lactate dehydrogenase
chr1_clade_core	GCF_016899425.1|KEDGBJ_01461				5	5	GCF_016899425.1;GCF_053038975.1;GCF_053209605.1;GCF_905400185.1;MF6	DUF2069 domain-containing protein
chr1_clade_core	GCF_016899425.1|KEDGBJ_01462	COG0655	C		5	5	GCF_016899425.1;GCF_053038975.1;GCF_053209605.1;GCF_905400185.1;MF6	NAD(P)H:quinone oxidoreductase
chr1_clade_core	GCF_016899425.1|KEDGBJ_01463	COG1295	S		5	5	GCF_016899425.1;GCF_053038975.1;GCF_053209605.1;GCF_905400185.1;MF6	UPF0761 membrane protein Bcep18194_A4601
chr1_clade_core	GCF_016899425.1|KEDGBJ_01464	COG4323	S		5	5	GCF_016899425.1;GCF_053038975.1;GCF_053209605.1;GCF_905400185.1;MF6	DUF962 domain-containing protein
chr1_clade_core	GCF_016899425.1|KEDGBJ_01465				5	5	GCF_016899425.1;GCF_053038975.1;GCF_053209605.1;GCF_905400185.1;MF6	CBS domain-containing protein
chr1_clade_core	GCF_016899425.1|KEDGBJ_01466	COG0204	I		5	5	GCF_016899425.1;GCF_053038975.1;GCF_053209605.1;GCF_905400185.1;MF6	1-acyl-sn-glycerol-3-phosphate acyltransferase
chr1_clade_core	GCF_016899425.1|KEDGBJ_01468	COG0082	E	01736	5	5	GCF_016899425.1;GCF_053038975.1;GCF_053209605.1;GCF_905400185.1;MF6	chorismate synthase
chr1_clade_core	GCF_016899425.1|KEDGBJ_01470	COG1028	I		5	5	GCF_016899425.1;GCF_053038975.1;GCF_053209605.1;GCF_905400185.1;MF6	SDR family oxidoreductase
chr1_clade_core	GCF_016899425.1|KEDGBJ_01472				5	5	GCF_016899425.1;GCF_053038975.1;GCF_053209605.1;GCF_905400185.1;MF6	Transcriptional regulator, LuxR family
chr1_clade_core	GCF_016899425.1|KEDGBJ_01473	COG1788	I		5	5	GCF_016899425.1;GCF_053038975.1;GCF_053209605.1;GCF_905400185.1;MF6	Succinyl-CoA--3-ketoacid-CoA transferase
chr1_clade_core	GCF_016899425.1|KEDGBJ_01474	COG2057	I		5	5	GCF_016899425.1;GCF_053038975.1;GCF_053209605.1;GCF_905400185.1;MF6	Butyryl-CoA:acetate CoA transferase
chr1_clade_core	GCF_016899425.1|KEDGBJ_01475				5	5	GCF_016899425.1;GCF_053038975.1;GCF_053209605.1;GCF_905400185.1;MF6	SDR family oxidoreductase
chr1_clade_core	GCF_016899425.1|KEDGBJ_01476				5	5	GCF_016899425.1;GCF_053038975.1;GCF_053209605.1;GCF_905400185.1;MF6	Polysaccharide deacetylase
chr1_clade_core	GCF_016899425.1|KEDGBJ_01477				5	5	GCF_016899425.1;GCF_053038975.1;GCF_053209605.1;GCF_905400185.1;MF6	Polyketide cyclase
chr1_clade_core	GCF_016899425.1|KEDGBJ_01478			16135	5	5	GCF_016899425.1;GCF_053038975.1;GCF_053209605.1;GCF_905400185.1;MF6	LysR family regulatory protein
chr1_clade_core	GCF_016899425.1|KEDGBJ_01479	COG0596	HR		5	5	GCF_016899425.1;GCF_053038975.1;GCF_053209605.1;GCF_905400185.1;MF6	2-succinyl-6-hydroxy-2, 4-cyclohexadiene-1-carboxylate synthase
chr1_clade_core	GCF_016899425.1|KEDGBJ_01480	COG0251	V		5	5	GCF_016899425.1;GCF_053038975.1;GCF_053209605.1;GCF_905400185.1;MF6	Aminoacrylate peracid reductase RutC
chr1_clade_core	GCF_016899425.1|KEDGBJ_01481	COG0317	TK		5	5	GCF_016899425.1;GCF_053038975.1;GCF_053209605.1;GCF_905400185.1;MF6	GTP pyrophosphokinase
chr1_clade_core	GCF_016899425.1|KEDGBJ_01483	COG0441	J		5	5	GCF_016899425.1;GCF_053038975.1;GCF_053209605.1;GCF_905400185.1;MF6	threonine--tRNA ligase
chr1_clade_core	GCF_016899425.1|KEDGBJ_01484	COG0290	J		5	5	GCF_016899425.1;GCF_053038975.1;GCF_053209605.1;GCF_905400185.1;MF6	translation initiation factor IF-3
chr1_clade_core	GCF_016899425.1|KEDGBJ_01485	COG0291	J	02916	5	5	GCF_016899425.1;GCF_053038975.1;GCF_053209605.1;GCF_905400185.1;MF6	50S ribosomal protein L35
chr1_clade_core	GCF_016899425.1|KEDGBJ_01486	COG0292	J		5	5	GCF_016899425.1;GCF_053038975.1;GCF_053209605.1;GCF_905400185.1;MF6	50S ribosomal protein L20
chr1_clade_core	GCF_016899425.1|KEDGBJ_01487			01889	5	5	GCF_016899425.1;GCF_053038975.1;GCF_053209605.1;GCF_905400185.1;MF6	phenylalanine--tRNA ligase subunit alpha
chr1_clade_core	GCF_016899425.1|KEDGBJ_01488			01890	5	5	GCF_016899425.1;GCF_053038975.1;GCF_053209605.1;GCF_905400185.1;MF6	phenylalanine--tRNA ligase subunit beta
chr1_clade_core	GCF_016899425.1|KEDGBJ_01489	COG0776	B		5	5	GCF_016899425.1;GCF_053038975.1;GCF_053209605.1;GCF_905400185.1;MF6	integration host factor subunit alpha
chr1_clade_core	GCF_016899425.1|KEDGBJ_01490				5	5	GCF_016899425.1;GCF_053038975.1;GCF_053209605.1;GCF_905400185.1;MF6	MerR family transcriptional regulator
chr1_clade_core	GCF_016899425.1|KEDGBJ_01491				5	5	GCF_016899425.1;GCF_053038975.1;GCF_053209605.1;GCF_905400185.1;MF6	Lipoprotein
chr1_clade_core	GCF_016899425.1|KEDGBJ_01492				5	5	GCF_016899425.1;GCF_053038975.1;GCF_053209605.1;GCF_905400185.1;MF6	Methyltransferase
chr1_clade_core	GCF_016899425.1|KEDGBJ_01494	COG3317	M	07287	5	5	GCF_016899425.1;GCF_053038975.1;GCF_053209605.1;GCF_905400185.1;MF6	Lipoprotein
chr1_clade_core	GCF_016899425.1|KEDGBJ_01496	COG1359	C		5	5	GCF_016899425.1;GCF_053038975.1;GCF_053209605.1;GCF_905400185.1;MF6	Antibiotic biosynthesis monooxygenase
chr1_clade_core	GCF_016899425.1|KEDGBJ_01497				5	5	GCF_016899425.1;GCF_053038975.1;GCF_053209605.1;GCF_905400185.1;MF6	DNA-binding protein
chr1_clade_core	GCF_016899425.1|KEDGBJ_01499				5	5	GCF_016899425.1;GCF_053038975.1;GCF_053209605.1;GCF_905400185.1;MF6	DUF218 domain-containing protein
chr1_clade_core	GCF_016899425.1|KEDGBJ_01500				5	5	GCF_016899425.1;GCF_053038975.1;GCF_053209605.1;GCF_905400185.1;MF6	Bacteriophage protein
chr1_clade_core	GCF_016899425.1|KEDGBJ_01501				5	5	GCF_016899425.1;GCF_053038975.1;GCF_053209605.1;GCF_905400185.1;MF6	Lipoprotein
chr1_clade_core	GCF_016899425.1|KEDGBJ_01502	COG3293	X	07492	5	5	GCF_016899425.1;GCF_053038975.1;GCF_053209605.1;GCF_905400185.1;MF6	Insertion element IS402-like domain-containing protein
chr1_clade_core	GCF_016899425.1|KEDGBJ_01503	COG0583	K		5	5	GCF_016899425.1;GCF_053038975.1;GCF_053209605.1;GCF_905400185.1;MF6	HTH-type transcriptional regulator GltC
chr1_clade_core	GCF_016899425.1|KEDGBJ_01504	COG0436	E		5	5	GCF_016899425.1;GCF_053038975.1;GCF_053209605.1;GCF_905400185.1;MF6	Aminotransferase
chr1_clade_core	GCF_016899425.1|KEDGBJ_01505			06024	5	5	GCF_016899425.1;GCF_053038975.1;GCF_053209605.1;GCF_905400185.1;MF6	SMC-Scp complex subunit ScpB
chr1_clade_core	GCF_016899425.1|KEDGBJ_01508	COG0779	J		5	5	GCF_016899425.1;GCF_053038975.1;GCF_053209605.1;GCF_905400185.1;MF6	ribosome maturation factor RimP
chr1_clade_core	GCF_016899425.1|KEDGBJ_01509	COG0195	K		5	5	GCF_016899425.1;GCF_053038975.1;GCF_053209605.1;GCF_905400185.1;MF6	Transcription termination/antitermination protein NusA
chr1_clade_core	GCF_016899425.1|KEDGBJ_01511	COG0858	J	02834	5	5	GCF_016899425.1;GCF_053038975.1;GCF_053209605.1;GCF_905400185.1;MF6	30S ribosome-binding factor RbfA
chr1_clade_core	GCF_016899425.1|KEDGBJ_01512	COG0130	J	03177	5	5	GCF_016899425.1;GCF_053038975.1;GCF_053209605.1;GCF_905400185.1;MF6	tRNA pseudouridine(55) synthase TruB
chr1_clade_core	GCF_016899425.1|KEDGBJ_01513	COG2814	G	03446	5	5	GCF_016899425.1;GCF_053038975.1;GCF_053209605.1;GCF_905400185.1;MF6	MFS transporter
chr1_clade_core	GCF_016899425.1|KEDGBJ_01514	COG1566	V	03543	5	5	GCF_016899425.1;GCF_053038975.1;GCF_053209605.1;GCF_905400185.1;MF6	Hemolysin D
chr1_clade_core	GCF_016899425.1|KEDGBJ_01515				5	5	GCF_016899425.1;GCF_053038975.1;GCF_053209605.1;GCF_905400185.1;MF6	Efflux transporter, outer membrane factor (OMF) lipoprotein, NodT family
chr1_clade_core	GCF_016899425.1|KEDGBJ_01516	COG1846	K		5	5	GCF_016899425.1;GCF_053038975.1;GCF_053209605.1;GCF_905400185.1;MF6	Transcriptional regulator, MarR family
chr1_clade_core	GCF_016899425.1|KEDGBJ_01517	COG1217	T		5	5	GCF_016899425.1;GCF_053038975.1;GCF_053209605.1;GCF_905400185.1;MF6	translational GTPase TypA
chr1_clade_core	GCF_016899425.1|KEDGBJ_01518	COG0567	C		5	5	GCF_016899425.1;GCF_053038975.1;GCF_053209605.1;GCF_905400185.1;MF6	2-oxoglutarate dehydrogenase E1 component
chr1_clade_core	GCF_016899425.1|KEDGBJ_01519	COG0508	C		5	5	GCF_016899425.1;GCF_053038975.1;GCF_053209605.1;GCF_905400185.1;MF6	2-oxoglutarate dehydrogenase complex dihydrolipoyllysine-residue succinyltransferase
chr1_clade_core	GCF_016899425.1|KEDGBJ_01520	COG1249	C	00382	5	5	GCF_016899425.1;GCF_053038975.1;GCF_053209605.1;GCF_905400185.1;MF6	dihydrolipoyl dehydrogenase
chr1_clade_core	GCF_016899425.1|KEDGBJ_01521	COG1485	D		5	5	GCF_016899425.1;GCF_053038975.1;GCF_053209605.1;GCF_905400185.1;MF6	cell division protein ZapE
chr1_clade_core	GCF_016899425.1|KEDGBJ_01522				5	5	GCF_016899425.1;GCF_053038975.1;GCF_053209605.1;GCF_905400185.1;MF6	Insertion element IS402-like domain-containing protein
chr1_clade_core	GCF_016899425.1|KEDGBJ_01523	COG4731	S		5	5	GCF_016899425.1;GCF_053038975.1;GCF_053209605.1;GCF_905400185.1;MF6	DUF2147 domain-containing protein
chr1_clade_core	GCF_016899425.1|KEDGBJ_01524	COG2831	U		5	5	GCF_016899425.1;GCF_053038975.1;GCF_053209605.1;GCF_905400185.1;MF6	Hemolysin activation/secretion protein
chr1_clade_core	GCF_016899425.1|KEDGBJ_01525				5	5	GCF_016899425.1;GCF_053038975.1;GCF_053209605.1;GCF_905400185.1;MF6	Bacterial collagen-like protein middle domain-containing protein
chr1_clade_core	GCF_016899425.1|KEDGBJ_01526				5	5	GCF_016899425.1;GCF_053038975.1;GCF_053209605.1;GCF_905400185.1;MF6	Bacterial collagen-like protein middle domain-containing protein
chr1_clade_core	GCF_016899425.1|KEDGBJ_01540	COG2204	T		5	5	GCF_016899425.1;GCF_053038975.1;GCF_053209605.1;GCF_905400185.1;MF6	Sigma-54 factor interaction domain-containing protein
chr1_clade_core	GCF_016899425.1|KEDGBJ_01541				5	5	GCF_016899425.1;GCF_053038975.1;GCF_053209605.1;GCF_905400185.1;MF6	DUF2968 domain-containing protein
chr1_clade_core	GCF_016899425.1|KEDGBJ_01544				5	5	GCF_016899425.1;GCF_053038975.1;GCF_053209605.1;GCF_905400185.1;MF6	PXPV repeat protein
chr1_clade_core	GCF_016899425.1|KEDGBJ_01545				5	5	GCF_016899425.1;GCF_053038975.1;GCF_053209605.1;GCF_905400185.1;MF6	DUF1571 domain-containing protein
chr1_clade_core	GCF_016899425.1|KEDGBJ_01546	COG0318	I		5	5	GCF_016899425.1;GCF_053038975.1;GCF_053209605.1;GCF_905400185.1;MF6	Long-chain-fatty-acid--CoA ligase
chr1_clade_core	GCF_016899425.1|KEDGBJ_01547				5	5	GCF_016899425.1;GCF_053038975.1;GCF_053209605.1;GCF_905400185.1;MF6	HTH tetR-type domain-containing protein
chr1_clade_core	GCF_016899425.1|KEDGBJ_01548	COG2814	G		5	5	GCF_016899425.1;GCF_053038975.1;GCF_053209605.1;GCF_905400185.1;MF6	Lactate transporter
chr1_clade_core	GCF_016899425.1|KEDGBJ_01549	COG1670	JO		5	5	GCF_016899425.1;GCF_053038975.1;GCF_053209605.1;GCF_905400185.1;MF6	N-acetyltransferase domain-containing protein
chr1_clade_core	GCF_016899425.1|KEDGBJ_01550	COG4318	S		5	5	GCF_016899425.1;GCF_053038975.1;GCF_053209605.1;GCF_905400185.1;MF6	Chromosome partitioning protein ParB
chr1_clade_core	GCF_016899425.1|KEDGBJ_01551	COG0659	P		5	5	GCF_016899425.1;GCF_053038975.1;GCF_053209605.1;GCF_905400185.1;MF6	STAS domain-containing protein
chr1_clade_core	GCF_016899425.1|KEDGBJ_01552				5	5	GCF_016899425.1;GCF_053038975.1;GCF_053209605.1;GCF_905400185.1;MF6	Carbohydrate kinase
chr1_clade_core	GCF_016899425.1|KEDGBJ_01554	COG4158	R		5	5	GCF_016899425.1;GCF_053038975.1;GCF_053209605.1;GCF_905400185.1;MF6	Ribose ABC transporter permease
chr1_clade_core	GCF_016899425.1|KEDGBJ_01555	COG1129	G		5	5	GCF_016899425.1;GCF_053038975.1;GCF_053209605.1;GCF_905400185.1;MF6	Ribose import ATP-binding protein RbsA 1
chr1_clade_core	GCF_016899425.1|KEDGBJ_01556	COG1940	GK		5	5	GCF_016899425.1;GCF_053038975.1;GCF_053209605.1;GCF_905400185.1;MF6	N-acylmannosamine kinase
chr1_clade_core	GCF_016899425.1|KEDGBJ_01559	COG0715	P		5	5	GCF_016899425.1;GCF_053038975.1;GCF_053209605.1;GCF_905400185.1;MF6	Solute-binding protein family 3/N-terminal domain-containing protein
chr1_clade_core	GCF_016899425.1|KEDGBJ_01583	COG0557	K	12573	5	5	GCF_016899425.1;GCF_053038975.1;GCF_053209605.1;GCF_905400185.1;MF6	ribonuclease R
chr1_clade_core	GCF_016899425.1|KEDGBJ_01584	COG0566	J		5	5	GCF_016899425.1;GCF_053038975.1;GCF_053209605.1;GCF_905400185.1;MF6	23S rRNA (guanosine(2251)-2'-O)-methyltransferase RlmB
chr1_clade_core	GCF_016899425.1|KEDGBJ_01585			11066	5	5	GCF_016899425.1;GCF_053038975.1;GCF_053209605.1;GCF_905400185.1;MF6	N-acetylmuramoyl-L-alanine amidase
chr1_clade_core	GCF_016899425.1|KEDGBJ_01586	COG0120	G	01807	5	5	GCF_016899425.1;GCF_053038975.1;GCF_053209605.1;GCF_905400185.1;MF6	ribose-5-phosphate isomerase RpiA
chr1_clade_core	GCF_016899425.1|KEDGBJ_01587	COG2186	K	19776	5	5	GCF_016899425.1;GCF_053038975.1;GCF_053209605.1;GCF_905400185.1;MF6	GntR family transcriptional regulator
chr1_clade_core	GCF_016899425.1|KEDGBJ_01588	COG0673	R		5	5	GCF_016899425.1;GCF_053038975.1;GCF_053209605.1;GCF_905400185.1;MF6	Oxidoreductase
chr1_clade_core	GCF_016899425.1|KEDGBJ_01589	COG0765	E		5	5	GCF_016899425.1;GCF_053038975.1;GCF_053209605.1;GCF_905400185.1;MF6	ABC transporter permease
chr1_clade_core	GCF_016899425.1|KEDGBJ_01590	COG0834	ET		5	5	GCF_016899425.1;GCF_053038975.1;GCF_053209605.1;GCF_905400185.1;MF6	Cystine ABC transporter substrate-binding protein
chr1_clade_core	GCF_016899425.1|KEDGBJ_01592	COG2935	O		5	5	GCF_016899425.1;GCF_053038975.1;GCF_053209605.1;GCF_905400185.1;MF6	arginyltransferase
chr1_clade_core	GCF_016899425.1|KEDGBJ_01593	COG2360	O	00684	5	5	GCF_016899425.1;GCF_053038975.1;GCF_053209605.1;GCF_905400185.1;MF6	leucyl/phenylalanyl-tRNA--protein transferase
chr1_clade_core	GCF_016899425.1|KEDGBJ_01594	COG1051	F		5	5	GCF_016899425.1;GCF_053038975.1;GCF_053209605.1;GCF_905400185.1;MF6	NADH pyrophosphatase
chr1_clade_core	GCF_016899425.1|KEDGBJ_01596	COG4702	S		5	5	GCF_016899425.1;GCF_053038975.1;GCF_053209605.1;GCF_905400185.1;MF6	heme-degrading domain-containing protein
chr1_clade_core	GCF_016899425.1|KEDGBJ_01597	COG2076	V		5	5	GCF_016899425.1;GCF_053038975.1;GCF_053209605.1;GCF_905400185.1;MF6	Multidrug efflux SMR transporter
chr1_clade_core	GCF_016899425.1|KEDGBJ_01598	COG1024	I	05605	5	5	GCF_016899425.1;GCF_053038975.1;GCF_053209605.1;GCF_905400185.1;MF6	3-hydroxyisobutyryl-CoA hydrolase
chr1_clade_core	GCF_016899425.1|KEDGBJ_01599				5	5	GCF_016899425.1;GCF_053038975.1;GCF_053209605.1;GCF_905400185.1;MF6	Transmembrane protein
chr1_clade_core	GCF_016899425.1|KEDGBJ_01600	COG2141	HR	04091	5	5	GCF_016899425.1;GCF_053038975.1;GCF_053209605.1;GCF_905400185.1;MF6	FMNH2-dependent alkanesulfonate monooxygenase
chr1_clade_core	GCF_016899425.1|KEDGBJ_01601	COG0600	P		5	5	GCF_016899425.1;GCF_053038975.1;GCF_053209605.1;GCF_905400185.1;MF6	aliphatic sulfonate ABC transporter permease SsuC
chr1_clade_core	GCF_016899425.1|KEDGBJ_01602	COG1116	P		5	5	GCF_016899425.1;GCF_053038975.1;GCF_053209605.1;GCF_905400185.1;MF6	Aliphatic sulfonates import ATP-binding protein SsuB 1
chr1_clade_core	GCF_016899425.1|KEDGBJ_01603	COG3585	H		5	5	GCF_016899425.1;GCF_053038975.1;GCF_053209605.1;GCF_905400185.1;MF6	Transporter
chr1_clade_core	GCF_016899425.1|KEDGBJ_01604				5	5	GCF_016899425.1;GCF_053038975.1;GCF_053209605.1;GCF_905400185.1;MF6	Iron ABC transporter permease
chr1_clade_core	GCF_016899425.1|KEDGBJ_01605				5	5	GCF_016899425.1;GCF_053038975.1;GCF_053209605.1;GCF_905400185.1;MF6	DUF559 domain-containing protein
chr1_clade_core	GCF_016899425.1|KEDGBJ_01606	COG0042	J	05539	5	5	GCF_016899425.1;GCF_053038975.1;GCF_053209605.1;GCF_905400185.1;MF6	tRNA dihydrouridine(20/20a) synthase DusA
chr1_clade_core	GCF_016899425.1|KEDGBJ_01609				5	5	GCF_016899425.1;GCF_053038975.1;GCF_053209605.1;GCF_905400185.1;MF6	hypothetical protein
chr1_clade_core	GCF_016899425.1|KEDGBJ_01610				5	5	GCF_016899425.1;GCF_053038975.1;GCF_053209605.1;GCF_905400185.1;MF6	DUF3022 domain-containing protein
chr1_clade_core	GCF_016899425.1|KEDGBJ_01611				5	5	GCF_016899425.1;GCF_053038975.1;GCF_053209605.1;GCF_905400185.1;MF6	DUF695 domain-containing protein
chr1_clade_core	GCF_016899425.1|KEDGBJ_01612				5	5	GCF_016899425.1;GCF_053038975.1;GCF_053209605.1;GCF_905400185.1;MF6	Phosphatidylserine/phosphatidylglycerophosphate/ cardiolipin synthase
chr1_clade_core	GCF_016899425.1|KEDGBJ_01613				5	5	GCF_016899425.1;GCF_053038975.1;GCF_053209605.1;GCF_905400185.1;MF6	Lipoprotein
chr1_clade_core	GCF_016899425.1|KEDGBJ_01614				5	5	GCF_016899425.1;GCF_053038975.1;GCF_053209605.1;GCF_905400185.1;MF6	Aspartyl-tRNA synthetase
chr1_clade_core	GCF_016899425.1|KEDGBJ_01615	COG2764	C		5	5	GCF_016899425.1;GCF_053038975.1;GCF_053209605.1;GCF_905400185.1;MF6	VOC domain-containing protein
chr1_clade_core	GCF_016899425.1|KEDGBJ_01616				5	5	GCF_016899425.1;GCF_053038975.1;GCF_053209605.1;GCF_905400185.1;MF6	hypothetical protein
chr1_clade_core	GCF_016899425.1|KEDGBJ_01617				5	5	GCF_016899425.1;GCF_053038975.1;GCF_053209605.1;GCF_905400185.1;MF6	phospholipase D
chr1_clade_core	GCF_016899425.1|KEDGBJ_01618				5	5	GCF_016899425.1;GCF_053038975.1;GCF_053209605.1;GCF_905400185.1;MF6	Transcriptional regulator
chr1_clade_core	GCF_016899425.1|KEDGBJ_01619	COG2050	Q		5	5	GCF_016899425.1;GCF_053038975.1;GCF_053209605.1;GCF_905400185.1;MF6	Thioesterase domain-containing protein
chr1_clade_core	GCF_016899425.1|KEDGBJ_01620	COG0667	HR		5	5	GCF_016899425.1;GCF_053038975.1;GCF_053209605.1;GCF_905400185.1;MF6	NADP(H)-dependent aldo-keto reductase
chr1_clade_core	GCF_016899425.1|KEDGBJ_01622				5	5	GCF_016899425.1;GCF_053038975.1;GCF_053209605.1;GCF_905400185.1;MF6	Peptidase M20 dimerisation domain-containing protein
chr1_clade_core	GCF_016899425.1|KEDGBJ_01623	COG0583	K		5	5	GCF_016899425.1;GCF_053038975.1;GCF_053209605.1;GCF_905400185.1;MF6	Transcriptional regulator, LysR family
chr1_clade_core	GCF_016899425.1|KEDGBJ_01625	COG0701	S	07089	5	5	GCF_016899425.1;GCF_053038975.1;GCF_053209605.1;GCF_905400185.1;MF6	Permease
chr1_clade_core	GCF_016899425.1|KEDGBJ_01626				5	5	GCF_016899425.1;GCF_053038975.1;GCF_053209605.1;GCF_905400185.1;MF6	DUF736 domain-containing protein
chr1_clade_core	GCF_016899425.1|KEDGBJ_01627	COG0842	V	09694	5	5	GCF_016899425.1;GCF_053038975.1;GCF_053209605.1;GCF_905400185.1;MF6	Transport permease protein
chr1_clade_core	GCF_016899425.1|KEDGBJ_01628	COG1131	JV		5	5	GCF_016899425.1;GCF_053038975.1;GCF_053209605.1;GCF_905400185.1;MF6	nodulation factor ABC transporter ATP-binding protein NodI
chr1_clade_core	GCF_016899425.1|KEDGBJ_01629				5	5	GCF_016899425.1;GCF_053038975.1;GCF_053209605.1;GCF_905400185.1;MF6	UspA domain-containing protein
chr1_clade_core	GCF_016899425.1|KEDGBJ_01630				5	5	GCF_016899425.1;GCF_053038975.1;GCF_053209605.1;GCF_905400185.1;MF6	DUF2939 domain-containing protein
chr1_clade_core	GCF_016899425.1|KEDGBJ_01631				5	5	GCF_016899425.1;GCF_053038975.1;GCF_053209605.1;GCF_905400185.1;MF6	Transposase
chr1_clade_core	GCF_016899425.1|KEDGBJ_01632	COG1974	KT	01356	5	5	GCF_016899425.1;GCF_053038975.1;GCF_053209605.1;GCF_905400185.1;MF6	transcriptional repressor LexA
chr1_clade_core	GCF_016899425.1|KEDGBJ_01633	COG1613	P		5	5	GCF_016899425.1;GCF_053038975.1;GCF_053209605.1;GCF_905400185.1;MF6	Sulfate transporter subunit
chr1_clade_core	GCF_016899425.1|KEDGBJ_01634				5	5	GCF_016899425.1;GCF_053038975.1;GCF_053209605.1;GCF_905400185.1;MF6	sulfate ABC transporter permease subunit CysT
chr1_clade_core	GCF_016899425.1|KEDGBJ_01635	COG4208	P	02047	5	5	GCF_016899425.1;GCF_053038975.1;GCF_053209605.1;GCF_905400185.1;MF6	sulfate ABC transporter permease subunit CysW
chr1_clade_core	GCF_016899425.1|KEDGBJ_01636	COG1118	P		5	5	GCF_016899425.1;GCF_053038975.1;GCF_053209605.1;GCF_905400185.1;MF6	ABC sulfate transporter, ATPase subunit
chr1_clade_core	GCF_016899425.1|KEDGBJ_01637	COG0583	K	13635	5	5	GCF_016899425.1;GCF_053038975.1;GCF_053209605.1;GCF_905400185.1;MF6	HTH-type transcriptional regulator SsuR
chr1_clade_core	GCF_016899425.1|KEDGBJ_01638	COG1879	G		5	5	GCF_016899425.1;GCF_053038975.1;GCF_053209605.1;GCF_905400185.1;MF6	Periplasmic binding protein domain-containing protein
chr1_clade_core	GCF_016899425.1|KEDGBJ_01639	COG1129	G		5	5	GCF_016899425.1;GCF_053038975.1;GCF_053209605.1;GCF_905400185.1;MF6	heme ABC exporter ATP-binding protein CcmA
chr1_clade_core	GCF_016899425.1|KEDGBJ_01640	COG1172	G		5	5	GCF_016899425.1;GCF_053038975.1;GCF_053209605.1;GCF_905400185.1;MF6	ABC transporter permease
chr1_clade_core	GCF_016899425.1|KEDGBJ_01641	COG1609	K		5	5	GCF_016899425.1;GCF_053038975.1;GCF_053209605.1;GCF_905400185.1;MF6	HTH lacI-type domain-containing protein
chr1_clade_core	GCF_016899425.1|KEDGBJ_01642	COG0524	G	00852	5	5	GCF_016899425.1;GCF_053038975.1;GCF_053209605.1;GCF_905400185.1;MF6	ribokinase
chr1_clade_core	GCF_016899425.1|KEDGBJ_01643				5	5	GCF_016899425.1;GCF_053038975.1;GCF_053209605.1;GCF_905400185.1;MF6	Methyl-accepting chemotaxis protein
chr1_clade_core	GCF_016899425.1|KEDGBJ_01644	COG2766	T	07180	5	5	GCF_016899425.1;GCF_053038975.1;GCF_053209605.1;GCF_905400185.1;MF6	PrkA family serine protein kinase
chr1_clade_core	GCF_016899425.1|KEDGBJ_01645	COG2718	R	09786	5	5	GCF_016899425.1;GCF_053038975.1;GCF_053209605.1;GCF_905400185.1;MF6	UPF0229 protein MYA_1444
chr1_clade_core	GCF_016899425.1|KEDGBJ_01646	COG2719	D	06415	5	5	GCF_016899425.1;GCF_053038975.1;GCF_053209605.1;GCF_905400185.1;MF6	SpoVR family protein
chr1_clade_core	GCF_016899425.1|KEDGBJ_01647	COG2814	G	03761	5	5	GCF_016899425.1;GCF_053038975.1;GCF_053209605.1;GCF_905400185.1;MF6	Alpha-ketoglutarate permease
chr1_clade_core	GCF_016899425.1|KEDGBJ_01648	COG0834	ET		5	5	GCF_016899425.1;GCF_053038975.1;GCF_053209605.1;GCF_905400185.1;MF6	Amino acid ABC transporter substrate-binding protein
chr1_clade_core	GCF_016899425.1|KEDGBJ_01649	COG0765	E		5	5	GCF_016899425.1;GCF_053038975.1;GCF_053209605.1;GCF_905400185.1;MF6	ABC transmembrane type-1 domain-containing protein
chr1_clade_core	GCF_016899425.1|KEDGBJ_01650				5	5	GCF_016899425.1;GCF_053038975.1;GCF_053209605.1;GCF_905400185.1;MF6	ABC transmembrane type-1 domain-containing protein
chr1_clade_core	GCF_016899425.1|KEDGBJ_01656	COG0739	M	21472	5	5	GCF_016899425.1;GCF_053038975.1;GCF_053209605.1;GCF_905400185.1;MF6	M23 family metallopeptidase
chr1_clade_core	GCF_016899425.1|KEDGBJ_01658	COG0845	MV	18094	5	5	GCF_016899425.1;GCF_053038975.1;GCF_053209605.1;GCF_905400185.1;MF6	MexX/AxyX family multidrug efflux RND transporter periplasmic adaptor subunit
chr1_clade_core	GCF_016899425.1|KEDGBJ_01659	COG0841	V		5	5	GCF_016899425.1;GCF_053038975.1;GCF_053209605.1;GCF_905400185.1;MF6	multidrug efflux RND transporter permease subunit
chr1_clade_core	GCF_016899425.1|KEDGBJ_01660	COG1538	M		5	5	GCF_016899425.1;GCF_053038975.1;GCF_053209605.1;GCF_905400185.1;MF6	Multidrug transporter
chr1_clade_core	GCF_016899425.1|KEDGBJ_01661	COG3539	N		5	5	GCF_016899425.1;GCF_053038975.1;GCF_053209605.1;GCF_905400185.1;MF6	Fimbrial protein
chr1_clade_core	GCF_016899425.1|KEDGBJ_01662	COG3188	NW	12518	5	5	GCF_016899425.1;GCF_053038975.1;GCF_053209605.1;GCF_905400185.1;MF6	Outer membrane usher protein
chr1_clade_core	GCF_016899425.1|KEDGBJ_01664				5	5	GCF_016899425.1;GCF_053038975.1;GCF_053209605.1;GCF_905400185.1;MF6	Fimbrial protein
chr1_clade_core	GCF_016899425.1|KEDGBJ_01665	COG1595	K		5	5	GCF_016899425.1;GCF_053038975.1;GCF_053209605.1;GCF_905400185.1;MF6	RNA polymerase factor sigma-70
chr1_clade_core	GCF_016899425.1|KEDGBJ_01666	COG3251	Q		5	5	GCF_016899425.1;GCF_053038975.1;GCF_053209605.1;GCF_905400185.1;MF6	MbtH-like domain-containing protein
chr1_clade_core	GCF_016899425.1|KEDGBJ_01667	COG2175	Q		5	5	GCF_016899425.1;GCF_053038975.1;GCF_053209605.1;GCF_905400185.1;MF6	TauD/TfdA-like domain-containing protein
chr1_clade_core	GCF_016899425.1|KEDGBJ_01668				5	5	GCF_016899425.1;GCF_053038975.1;GCF_053209605.1;GCF_905400185.1;MF6	Iron complex transport system ATP-binding protein
chr1_clade_core	GCF_016899425.1|KEDGBJ_01669	COG0609	P	23228	5	5	GCF_016899425.1;GCF_053038975.1;GCF_053209605.1;GCF_905400185.1;MF6	Fe(3+)-hydroxamate ABC transporter permease FhuB
chr1_clade_core	GCF_016899425.1|KEDGBJ_01670			13255	5	5	GCF_016899425.1;GCF_053038975.1;GCF_053209605.1;GCF_905400185.1;MF6	siderophore-iron reductase FhuF
chr1_clade_core	GCF_016899425.1|KEDGBJ_01671				5	5	GCF_016899425.1;GCF_053038975.1;GCF_053209605.1;GCF_905400185.1;MF6	Periplasmic binding protein
chr1_clade_core	GCF_016899425.1|KEDGBJ_01672	COG4615	P	06160	5	5	GCF_016899425.1;GCF_053038975.1;GCF_053209605.1;GCF_905400185.1;MF6	Peptide ABC transporter ATP-binding protein
chr1_clade_core	GCF_016899425.1|KEDGBJ_01673				5	5	GCF_016899425.1;GCF_053038975.1;GCF_053209605.1;GCF_905400185.1;MF6	D-alanine--poly(phosphoribitol) ligase subunit DltA
chr1_clade_core	GCF_016899425.1|KEDGBJ_01674	COG1020	Q		5	5	GCF_016899425.1;GCF_053038975.1;GCF_053209605.1;GCF_905400185.1;MF6	Amino acid adenylation
chr1_clade_core	GCF_016899425.1|KEDGBJ_01675				5	5	GCF_016899425.1;GCF_053038975.1;GCF_053209605.1;GCF_905400185.1;MF6	Acyltransferase MbtK/IucB-like conserved domain-containing protein
chr1_clade_core	GCF_016899425.1|KEDGBJ_01676	COG3486	Q	10531	5	5	GCF_016899425.1;GCF_053038975.1;GCF_053209605.1;GCF_905400185.1;MF6	Lysine/ornithine N-monooxygenase
chr1_clade_core	GCF_016899425.1|KEDGBJ_01677	COG1629	P		5	5	GCF_016899425.1;GCF_053038975.1;GCF_053209605.1;GCF_905400185.1;MF6	TonB-dependent siderophore receptor
chr1_clade_core	GCF_016899425.1|KEDGBJ_01678	COG0299	F		5	5	GCF_016899425.1;GCF_053038975.1;GCF_053209605.1;GCF_905400185.1;MF6	phosphoribosylglycinamide formyltransferase 1
chr1_clade_core	GCF_016899425.1|KEDGBJ_01679				5	5	GCF_016899425.1;GCF_053038975.1;GCF_053209605.1;GCF_905400185.1;MF6	Acyltransferase MbtK/IucB-like conserved domain-containing protein
chr1_clade_core	GCF_016899425.1|KEDGBJ_01680	COG4456	S	18829	5	5	GCF_016899425.1;GCF_053038975.1;GCF_053209605.1;GCF_905400185.1;MF6	SpoVT-AbrB domain-containing protein
chr1_clade_core	GCF_016899425.1|KEDGBJ_01681	COG1487	V		5	5	GCF_016899425.1;GCF_053038975.1;GCF_053209605.1;GCF_905400185.1;MF6	Ribonuclease VapC
chr1_clade_core	GCF_016899425.1|KEDGBJ_01684			01451	5	5	GCF_016899425.1;GCF_053038975.1;GCF_053209605.1;GCF_905400185.1;MF6	Hippurate hydrolase
chr1_clade_core	GCF_016899425.1|KEDGBJ_01685				5	5	GCF_016899425.1;GCF_053038975.1;GCF_053209605.1;GCF_905400185.1;MF6	cobyrinate a,c-diamide synthase
chr1_clade_core	GCF_016899425.1|KEDGBJ_01686	COG2109	H	19221	5	5	GCF_016899425.1;GCF_053038975.1;GCF_053209605.1;GCF_905400185.1;MF6	cob(I)yrinic acid a,c-diamide adenosyltransferase
chr1_clade_core	GCF_016899425.1|KEDGBJ_01687				5	5	GCF_016899425.1;GCF_053038975.1;GCF_053209605.1;GCF_905400185.1;MF6	CobE/GbiG C-terminal domain-containing protein
chr1_clade_core	GCF_016899425.1|KEDGBJ_01688				5	5	GCF_016899425.1;GCF_053038975.1;GCF_053209605.1;GCF_905400185.1;MF6	uroporphyrinogen-III C-methyltransferase
chr1_clade_core	GCF_016899425.1|KEDGBJ_01691	COG0523	R	02234	5	5	GCF_016899425.1;GCF_053038975.1;GCF_053209605.1;GCF_905400185.1;MF6	cobalamin biosynthesis protein CobW
chr1_clade_core	GCF_016899425.1|KEDGBJ_01692			02230	5	5	GCF_016899425.1;GCF_053038975.1;GCF_053209605.1;GCF_905400185.1;MF6	cobaltochelatase subunit CobN
chr1_clade_core	GCF_016899425.1|KEDGBJ_01694				5	5	GCF_016899425.1;GCF_053038975.1;GCF_053209605.1;GCF_905400185.1;MF6	Mg-chelatase subunit ChlD-like protein
chr1_clade_core	GCF_016899425.1|KEDGBJ_01695	COG1671	S	09768	5	5	GCF_016899425.1;GCF_053038975.1;GCF_053209605.1;GCF_905400185.1;MF6	YaiI/YqxD family protein
chr1_clade_core	GCF_016899425.1|KEDGBJ_01697				5	5	GCF_016899425.1;GCF_053038975.1;GCF_053209605.1;GCF_905400185.1;MF6	Low molecular weight phosphotyrosine protein phosphatase
chr1_clade_core	GCF_016899425.1|KEDGBJ_01699				5	5	GCF_016899425.1;GCF_053038975.1;GCF_053209605.1;GCF_905400185.1;MF6	Lipoprotein
chr1_clade_core	GCF_016899425.1|KEDGBJ_01700				5	5	GCF_016899425.1;GCF_053038975.1;GCF_053209605.1;GCF_905400185.1;MF6	CoA transferase
chr1_clade_core	GCF_016899425.1|KEDGBJ_01701	COG2851	C		5	5	GCF_016899425.1;GCF_053038975.1;GCF_053209605.1;GCF_905400185.1;MF6	Citrate/H+ symporter, CitMHS family
chr1_clade_core	GCF_016899425.1|KEDGBJ_01702	COG1960	I		5	5	GCF_016899425.1;GCF_053038975.1;GCF_053209605.1;GCF_905400185.1;MF6	Acyl-CoA dehydrogenase
chr1_clade_core	GCF_016899425.1|KEDGBJ_01703	COG1414	K		5	5	GCF_016899425.1;GCF_053038975.1;GCF_053209605.1;GCF_905400185.1;MF6	IclR family transcriptional regulator
chr1_clade_core	GCF_016899425.1|KEDGBJ_01704	COG3979	G		5	5	GCF_016899425.1;GCF_053038975.1;GCF_053209605.1;GCF_905400185.1;MF6	Lysozyme
chr1_clade_core	GCF_016899425.1|KEDGBJ_01705	COG2073	H	13541	5	5	GCF_016899425.1;GCF_053038975.1;GCF_053209605.1;GCF_905400185.1;MF6	Precorrin-3B C(17)-methyltransferase
chr1_clade_core	GCF_016899425.1|KEDGBJ_01706	COG2243	H		5	5	GCF_016899425.1;GCF_053038975.1;GCF_053209605.1;GCF_905400185.1;MF6	precorrin-2 C(20)-methyltransferase
chr1_clade_core	GCF_016899425.1|KEDGBJ_01707			06042	5	5	GCF_016899425.1;GCF_053038975.1;GCF_053209605.1;GCF_905400185.1;MF6	precorrin-8X methylmutase
chr1_clade_core	GCF_016899425.1|KEDGBJ_01708			02229	5	5	GCF_016899425.1;GCF_053038975.1;GCF_053209605.1;GCF_905400185.1;MF6	precorrin-3B synthase
chr1_clade_core	GCF_016899425.1|KEDGBJ_01709				5	5	GCF_016899425.1;GCF_053038975.1;GCF_053209605.1;GCF_905400185.1;MF6	Precorrin-6Y C5,15-methyltransferase [decarboxylating]
chr1_clade_core	GCF_016899425.1|KEDGBJ_01710	COG1903	H	02188	5	5	GCF_016899425.1;GCF_053038975.1;GCF_053209605.1;GCF_905400185.1;MF6	cobalt-precorrin-5B (C(1))-methyltransferase
chr1_clade_core	GCF_016899425.1|KEDGBJ_01711				5	5	GCF_016899425.1;GCF_053038975.1;GCF_053209605.1;GCF_905400185.1;MF6	cobalt-precorrin-6A reductase
chr1_clade_core	GCF_016899425.1|KEDGBJ_01712	COG2875	H		5	5	GCF_016899425.1;GCF_053038975.1;GCF_053209605.1;GCF_905400185.1;MF6	precorrin-4 C(11)-methyltransferase
chr1_clade_core	GCF_016899425.1|KEDGBJ_01713				5	5	GCF_016899425.1;GCF_053038975.1;GCF_053209605.1;GCF_905400185.1;MF6	MFS transporter
chr1_clade_core	GCF_016899425.1|KEDGBJ_01714				5	5	GCF_016899425.1;GCF_053038975.1;GCF_053209605.1;GCF_905400185.1;MF6	MarR family transcriptional regulator
chr1_clade_core	GCF_016899425.1|KEDGBJ_01715	COG0625	O		5	5	GCF_016899425.1;GCF_053038975.1;GCF_053209605.1;GCF_905400185.1;MF6	Disulfide-bond oxidoreductase YghU
chr1_clade_core	GCF_016899425.1|KEDGBJ_01717	COG4134	R		5	5	GCF_016899425.1;GCF_053038975.1;GCF_053209605.1;GCF_905400185.1;MF6	ABC transporter substrate-binding protein
chr1_clade_core	GCF_016899425.1|KEDGBJ_01718	COG3842	E		5	5	GCF_016899425.1;GCF_053038975.1;GCF_053209605.1;GCF_905400185.1;MF6	ABC transporter ATPase
chr1_clade_core	GCF_016899425.1|KEDGBJ_01720	COG1177	E		5	5	GCF_016899425.1;GCF_053038975.1;GCF_053209605.1;GCF_905400185.1;MF6	ABC transmembrane type-1 domain-containing protein
chr1_clade_core	GCF_016899425.1|KEDGBJ_01721				5	5	GCF_016899425.1;GCF_053038975.1;GCF_053209605.1;GCF_905400185.1;MF6	Lipoprotein
chr1_clade_core	GCF_016899425.1|KEDGBJ_01722				5	5	GCF_016899425.1;GCF_053038975.1;GCF_053209605.1;GCF_905400185.1;MF6	Bacteriophage protein
chr1_clade_core	GCF_016899425.1|KEDGBJ_01723				5	5	GCF_016899425.1;GCF_053038975.1;GCF_053209605.1;GCF_905400185.1;MF6	D-2-hydroxyacid dehydrogenase
chr1_clade_core	GCF_016899425.1|KEDGBJ_01724	COG1804	I	18313	5	5	GCF_016899425.1;GCF_053038975.1;GCF_053209605.1;GCF_905400185.1;MF6	CoA transferase
chr1_clade_core	GCF_016899425.1|KEDGBJ_01725	COG0119	E	01640	5	5	GCF_016899425.1;GCF_053038975.1;GCF_053209605.1;GCF_905400185.1;MF6	Hydroxymethylglutaryl-CoA lyase
chr1_clade_core	GCF_016899425.1|KEDGBJ_01726				5	5	GCF_016899425.1;GCF_053038975.1;GCF_053209605.1;GCF_905400185.1;MF6	VOC family virulence protein
chr1_clade_core	GCF_016899425.1|KEDGBJ_01727			01432	5	5	GCF_016899425.1;GCF_053038975.1;GCF_053209605.1;GCF_905400185.1;MF6	BD-FAE-like domain-containing protein
chr1_clade_core	GCF_016899425.1|KEDGBJ_01728	COG0583	K		5	5	GCF_016899425.1;GCF_053038975.1;GCF_053209605.1;GCF_905400185.1;MF6	GntR family transcriptional regulator
chr1_clade_core	GCF_016899425.1|KEDGBJ_01730				5	5	GCF_016899425.1;GCF_053038975.1;GCF_053209605.1;GCF_905400185.1;MF6	Glutathione-dependent formaldehyde-activating GFA
chr1_clade_core	GCF_016899425.1|KEDGBJ_01731				5	5	GCF_016899425.1;GCF_053038975.1;GCF_053209605.1;GCF_905400185.1;MF6	Lipoprotein
chr1_clade_core	GCF_016899425.1|KEDGBJ_01732	COG1846	K		5	5	GCF_016899425.1;GCF_053038975.1;GCF_053209605.1;GCF_905400185.1;MF6	MarR family transcriptional regulator
chr1_clade_core	GCF_016899425.1|KEDGBJ_01733				5	5	GCF_016899425.1;GCF_053038975.1;GCF_053209605.1;GCF_905400185.1;MF6	N-acetyltransferase domain-containing protein
chr1_clade_core	GCF_016899425.1|KEDGBJ_01734				5	5	GCF_016899425.1;GCF_053038975.1;GCF_053209605.1;GCF_905400185.1;MF6	DUF4148 domain-containing protein
chr1_clade_core	GCF_016899425.1|KEDGBJ_01735				5	5	GCF_016899425.1;GCF_053038975.1;GCF_053209605.1;GCF_905400185.1;MF6	DUF4148 domain-containing protein
chr1_clade_core	GCF_016899425.1|KEDGBJ_01736				5	5	GCF_016899425.1;GCF_053038975.1;GCF_053209605.1;GCF_905400185.1;MF6	DUF4148 domain-containing protein
chr1_clade_core	GCF_016899425.1|KEDGBJ_01738				5	5	GCF_016899425.1;GCF_053038975.1;GCF_053209605.1;GCF_905400185.1;MF6	Shikimate kinase
chr1_clade_core	GCF_016899425.1|KEDGBJ_01739				5	5	GCF_016899425.1;GCF_053038975.1;GCF_053209605.1;GCF_905400185.1;MF6	hypothetical protein
chr1_clade_core	GCF_016899425.1|KEDGBJ_01740	COG0824	I	07107	5	5	GCF_016899425.1;GCF_053038975.1;GCF_053209605.1;GCF_905400185.1;MF6	1,4-dihydroxy-2-naphthoyl-CoA hydrolase
chr1_clade_core	GCF_016899425.1|KEDGBJ_01741	COG0722	E	01626	5	5	GCF_016899425.1;GCF_053038975.1;GCF_053209605.1;GCF_905400185.1;MF6	3-deoxy-7-phosphoheptulonate synthase
chr1_clade_core	GCF_016899425.1|KEDGBJ_01742	COG3572	H		5	5	GCF_016899425.1;GCF_053038975.1;GCF_053209605.1;GCF_905400185.1;MF6	glutamate--cysteine ligase
chr1_clade_core	GCF_016899425.1|KEDGBJ_01743	COG2207	K		5	5	GCF_016899425.1;GCF_053038975.1;GCF_053209605.1;GCF_905400185.1;MF6	AraC family transcriptional regulator
chr1_clade_core	GCF_016899425.1|KEDGBJ_01745	COG1566	V	03543	5	5	GCF_016899425.1;GCF_053038975.1;GCF_053209605.1;GCF_905400185.1;MF6	Putative multidrug resistance efflux protein
chr1_clade_core	GCF_016899425.1|KEDGBJ_01746	COG2814	G	03446	5	5	GCF_016899425.1;GCF_053038975.1;GCF_053209605.1;GCF_905400185.1;MF6	MFS transporter
chr1_clade_core	GCF_016899425.1|KEDGBJ_01747				5	5	GCF_016899425.1;GCF_053038975.1;GCF_053209605.1;GCF_905400185.1;MF6	ATP--cob(I)alamin adenosyltransferase
chr1_clade_core	GCF_016899425.1|KEDGBJ_01748	COG5905	DK	18304	5	5	GCF_016899425.1;GCF_053038975.1;GCF_053209605.1;GCF_905400185.1;MF6	HTH luxR-type domain-containing protein
chr1_clade_core	GCF_016899425.1|KEDGBJ_01750	COG0625	O		5	5	GCF_016899425.1;GCF_053038975.1;GCF_053209605.1;GCF_905400185.1;MF6	Glutathione S-transferase
chr1_clade_core	GCF_016899425.1|KEDGBJ_01751				5	5	GCF_016899425.1;GCF_053038975.1;GCF_053209605.1;GCF_905400185.1;MF6	cystathionine beta-lyase
chr1_clade_core	GCF_016899425.1|KEDGBJ_01752				5	5	GCF_016899425.1;GCF_053038975.1;GCF_053209605.1;GCF_905400185.1;MF6	Pyridoxine/pyridoxamine 5'-phosphate oxidase
chr1_clade_core	GCF_016899425.1|KEDGBJ_01753	COG2301	G		5	5	GCF_016899425.1;GCF_053038975.1;GCF_053209605.1;GCF_905400185.1;MF6	Citrate lyase subunit beta
chr1_clade_core	GCF_016899425.1|KEDGBJ_01754	COG1960	I		5	5	GCF_016899425.1;GCF_053038975.1;GCF_053209605.1;GCF_905400185.1;MF6	Acyl-CoA dehydrogenase
chr1_clade_core	GCF_016899425.1|KEDGBJ_01755				5	5	GCF_016899425.1;GCF_053038975.1;GCF_053209605.1;GCF_905400185.1;MF6	Porin
chr1_clade_core	GCF_016899425.1|KEDGBJ_01766				5	5	GCF_016899425.1;GCF_053038975.1;GCF_053209605.1;GCF_905400185.1;MF6	TonB-dependent receptor
chr1_clade_core	GCF_016899425.1|KEDGBJ_01767				5	5	GCF_016899425.1;GCF_053038975.1;GCF_053209605.1;GCF_905400185.1;MF6	Efflux pump membrane transporter
chr1_clade_core	GCF_016899425.1|KEDGBJ_01768	COG4172	Q		5	5	GCF_016899425.1;GCF_053038975.1;GCF_053209605.1;GCF_905400185.1;MF6	nickel import ATP-binding protein NikD
chr1_clade_core	GCF_016899425.1|KEDGBJ_01769			13895	5	5	GCF_016899425.1;GCF_053038975.1;GCF_053209605.1;GCF_905400185.1;MF6	ABC transporter permease subunit
chr1_clade_core	GCF_016899425.1|KEDGBJ_01770	COG4174	Q	13894	5	5	GCF_016899425.1;GCF_053038975.1;GCF_053209605.1;GCF_905400185.1;MF6	Binding-protein-dependent transport systems inner membrane component
chr1_clade_core	GCF_016899425.1|KEDGBJ_01771				5	5	GCF_016899425.1;GCF_053038975.1;GCF_053209605.1;GCF_905400185.1;MF6	Binding protein component of ABC transporter
chr1_clade_core	GCF_016899425.1|KEDGBJ_01772				5	5	GCF_016899425.1;GCF_053038975.1;GCF_053209605.1;GCF_905400185.1;MF6	TonB-dependent receptor
chr1_clade_core	GCF_016899425.1|KEDGBJ_01773	COG1917	R		5	5	GCF_016899425.1;GCF_053038975.1;GCF_053209605.1;GCF_905400185.1;MF6	HTH cro/C1-type domain-containing protein
chr1_clade_core	GCF_016899425.1|KEDGBJ_01774				5	5	GCF_016899425.1;GCF_053038975.1;GCF_053209605.1;GCF_905400185.1;MF6	Tetratricopeptide repeat family protein
chr1_clade_core	GCF_016899425.1|KEDGBJ_01775	COG0848	U		5	5	GCF_016899425.1;GCF_053038975.1;GCF_053209605.1;GCF_905400185.1;MF6	Biopolymer transport protein ExbD
chr1_clade_core	GCF_016899425.1|KEDGBJ_01776	COG0848	U		5	5	GCF_016899425.1;GCF_053038975.1;GCF_053209605.1;GCF_905400185.1;MF6	Biopolymer transport protein ExbD
chr1_clade_core	GCF_016899425.1|KEDGBJ_01777	COG0811	U		5	5	GCF_016899425.1;GCF_053038975.1;GCF_053209605.1;GCF_905400185.1;MF6	Biopolymer transport protein ExbB
chr1_clade_core	GCF_016899425.1|KEDGBJ_01778	COG0810	M		5	5	GCF_016899425.1;GCF_053038975.1;GCF_053209605.1;GCF_905400185.1;MF6	Protein TonB
chr1_clade_core	GCF_016899425.1|KEDGBJ_01779	COG2606	J		5	5	GCF_016899425.1;GCF_053038975.1;GCF_053209605.1;GCF_905400185.1;MF6	Prolyl-tRNA synthetase
chr1_clade_core	GCF_016899425.1|KEDGBJ_01780	COG2350	QR		5	5	GCF_016899425.1;GCF_053038975.1;GCF_053209605.1;GCF_905400185.1;MF6	YciI-like protein
chr1_clade_core	GCF_016899425.1|KEDGBJ_01781	COG0598	P		5	5	GCF_016899425.1;GCF_053038975.1;GCF_053209605.1;GCF_905400185.1;MF6	magnesium/cobalt transporter CorA
chr1_clade_core	GCF_016899425.1|KEDGBJ_01782				5	5	GCF_016899425.1;GCF_053038975.1;GCF_053209605.1;GCF_905400185.1;MF6	cytochrome bd-I oxidase subunit CydX
chr1_clade_core	GCF_016899425.1|KEDGBJ_01783	COG0645	R		5	5	GCF_016899425.1;GCF_053038975.1;GCF_053209605.1;GCF_905400185.1;MF6	ATP-binding protein
chr1_clade_core	GCF_016899425.1|KEDGBJ_01784	COG1748	E		5	5	GCF_016899425.1;GCF_053038975.1;GCF_053209605.1;GCF_905400185.1;MF6	Saccharopine dehydrogenase
chr1_clade_core	GCF_016899425.1|KEDGBJ_01785	COG1522	K		5	5	GCF_016899425.1;GCF_053038975.1;GCF_053209605.1;GCF_905400185.1;MF6	AsnC family transcriptional regulator
chr1_clade_core	GCF_016899425.1|KEDGBJ_01786				5	5	GCF_016899425.1;GCF_053038975.1;GCF_053209605.1;GCF_905400185.1;MF6	LTXXQ motif family protein
chr1_clade_core	GCF_016899425.1|KEDGBJ_01787				5	5	GCF_016899425.1;GCF_053038975.1;GCF_053209605.1;GCF_905400185.1;MF6	PGDYG protein
chr1_clade_core	GCF_016899425.1|KEDGBJ_01788				5	5	GCF_016899425.1;GCF_053038975.1;GCF_053209605.1;GCF_905400185.1;MF6	DUF3022 domain-containing protein
chr1_clade_core	GCF_016899425.1|KEDGBJ_01789	COG4377	R		5	5	GCF_016899425.1;GCF_053038975.1;GCF_053209605.1;GCF_905400185.1;MF6	YhfC family glutamic-type intramembrane protease
chr1_clade_core	GCF_016899425.1|KEDGBJ_01790	COG1609	K		5	5	GCF_016899425.1;GCF_053038975.1;GCF_053209605.1;GCF_905400185.1;MF6	LacI family kdg operon repressor
chr1_clade_core	GCF_016899425.1|KEDGBJ_01791	COG1052	CHR		5	5	GCF_016899425.1;GCF_053038975.1;GCF_053209605.1;GCF_905400185.1;MF6	Bifunctional glyoxylate/hydroxypyruvate reductase B
chr1_clade_core	GCF_016899425.1|KEDGBJ_01792	COG2271	G		5	5	GCF_016899425.1;GCF_053038975.1;GCF_053209605.1;GCF_905400185.1;MF6	2-ketogluconate transporter
chr1_clade_core	GCF_016899425.1|KEDGBJ_01793	COG0524	G		5	5	GCF_016899425.1;GCF_053038975.1;GCF_053209605.1;GCF_905400185.1;MF6	2-dehydro-3-deoxygluconokinase
chr1_clade_core	GCF_016899425.1|KEDGBJ_01794				5	5	GCF_016899425.1;GCF_053038975.1;GCF_053209605.1;GCF_905400185.1;MF6	Xylose isomerase domain protein TIM barrel
chr1_clade_core	GCF_016899425.1|KEDGBJ_01795	COG0583	K		5	5	GCF_016899425.1;GCF_053038975.1;GCF_053209605.1;GCF_905400185.1;MF6	HTH lysR-type domain-containing protein
chr1_clade_core	GCF_016899425.1|KEDGBJ_01796	COG2855	S		5	5	GCF_016899425.1;GCF_053038975.1;GCF_053209605.1;GCF_905400185.1;MF6	YeiH family sulfate export transporter
chr1_clade_core	GCF_016899425.1|KEDGBJ_01797	COG0038	P		5	5	GCF_016899425.1;GCF_053038975.1;GCF_053209605.1;GCF_905400185.1;MF6	ClcB-like voltage-gated chloride channel protein
chr1_clade_core	GCF_016899425.1|KEDGBJ_01798	COG1309	K		5	5	GCF_016899425.1;GCF_053038975.1;GCF_053209605.1;GCF_905400185.1;MF6	TetR family transcriptional regulator
chr1_clade_core	GCF_016899425.1|KEDGBJ_01800			18303	5	5	GCF_016899425.1;GCF_053038975.1;GCF_053209605.1;GCF_905400185.1;MF6	AcrB/AcrD/AcrF family protein
chr1_clade_core	GCF_016899425.1|KEDGBJ_01802	COG0789	K		5	5	GCF_016899425.1;GCF_053038975.1;GCF_053209605.1;GCF_905400185.1;MF6	MerR family transcriptional regulator
chr1_clade_core	GCF_016899425.1|KEDGBJ_01808	COG0491	R		5	5	GCF_016899425.1;GCF_053038975.1;GCF_053209605.1;GCF_905400185.1;MF6	Metallo-beta-lactamase domain-containing protein
chr1_clade_core	GCF_016899425.1|KEDGBJ_01809	COG3453	R		5	5	GCF_016899425.1;GCF_053038975.1;GCF_053209605.1;GCF_905400185.1;MF6	TIGR01244 family phosphatase
chr1_clade_core	GCF_016899425.1|KEDGBJ_01810	COG0730	P		5	5	GCF_016899425.1;GCF_053038975.1;GCF_053209605.1;GCF_905400185.1;MF6	putative membrane transporter protein
chr1_clade_core	GCF_016899425.1|KEDGBJ_01811	COG1177	E		5	5	GCF_016899425.1;GCF_053038975.1;GCF_053209605.1;GCF_905400185.1;MF6	ABC transmembrane type-1 domain-containing protein
chr1_clade_core	GCF_016899425.1|KEDGBJ_01812	COG1176	E	11075	5	5	GCF_016899425.1;GCF_053038975.1;GCF_053209605.1;GCF_905400185.1;MF6	ABC transmembrane type-1 domain-containing protein
chr1_clade_core	GCF_016899425.1|KEDGBJ_01813	COG3842	E		5	5	GCF_016899425.1;GCF_053038975.1;GCF_053209605.1;GCF_905400185.1;MF6	Spermidine/putrescine import ATP-binding protein PotA
chr1_clade_core	GCF_016899425.1|KEDGBJ_01814	COG0687	E	11073	5	5	GCF_016899425.1;GCF_053038975.1;GCF_053209605.1;GCF_905400185.1;MF6	Putrescine-binding periplasmic protein
chr1_clade_core	GCF_016899425.1|KEDGBJ_01815	COG3313	R		5	5	GCF_016899425.1;GCF_053038975.1;GCF_053209605.1;GCF_905400185.1;MF6	DUF1289 domain-containing protein
chr1_clade_core	GCF_016899425.1|KEDGBJ_01816	COG3047	M	07275	5	5	GCF_016899425.1;GCF_053038975.1;GCF_053209605.1;GCF_905400185.1;MF6	OmpW family protein
chr1_clade_core	GCF_016899425.1|KEDGBJ_01817	COG2070	R		5	5	GCF_016899425.1;GCF_053038975.1;GCF_053209605.1;GCF_905400185.1;MF6	2-nitropropane dioxygenase
chr1_clade_core	GCF_016899425.1|KEDGBJ_01818	COG1012	I		5	5	GCF_016899425.1;GCF_053038975.1;GCF_053209605.1;GCF_905400185.1;MF6	Aldehyde dehydrogenase family protein
chr1_clade_core	GCF_016899425.1|KEDGBJ_01819				5	5	GCF_016899425.1;GCF_053038975.1;GCF_053209605.1;GCF_905400185.1;MF6	HD domain-containing protein
chr1_clade_core	GCF_016899425.1|KEDGBJ_01820				5	5	GCF_016899425.1;GCF_053038975.1;GCF_053209605.1;GCF_905400185.1;MF6	Lipoprotein
chr1_clade_core	GCF_016899425.1|KEDGBJ_01821				5	5	GCF_016899425.1;GCF_053038975.1;GCF_053209605.1;GCF_905400185.1;MF6	Polysaccharide deacetylase
chr1_clade_core	GCF_016899425.1|KEDGBJ_01823				5	5	GCF_016899425.1;GCF_053038975.1;GCF_053209605.1;GCF_905400185.1;MF6	Cephalosporin hydroxylase
chr1_clade_core	GCF_016899425.1|KEDGBJ_01824	COG1819	G		5	5	GCF_016899425.1;GCF_053038975.1;GCF_053209605.1;GCF_905400185.1;MF6	UDP-glycosyltransferase, MGT
chr1_clade_core	GCF_016899425.1|KEDGBJ_01825				5	5	GCF_016899425.1;GCF_053038975.1;GCF_053209605.1;GCF_905400185.1;MF6	asparagine synthase (glutamine-hydrolyzing)
chr1_clade_core	GCF_016899425.1|KEDGBJ_01826				5	5	GCF_016899425.1;GCF_053038975.1;GCF_053209605.1;GCF_905400185.1;MF6	Radical SAM core domain-containing protein
chr1_clade_core	GCF_016899425.1|KEDGBJ_01827				5	5	GCF_016899425.1;GCF_053038975.1;GCF_053209605.1;GCF_905400185.1;MF6	Aminoglycoside phosphotransferase
chr1_clade_core	GCF_016899425.1|KEDGBJ_01828				5	5	GCF_016899425.1;GCF_053038975.1;GCF_053209605.1;GCF_905400185.1;MF6	Methyltransferase FkbM domain-containing protein
chr1_clade_core	GCF_016899425.1|KEDGBJ_01829	COG0488	R		5	5	GCF_016899425.1;GCF_053038975.1;GCF_053209605.1;GCF_905400185.1;MF6	ABC-F family ATPase
chr1_clade_core	GCF_016899425.1|KEDGBJ_01830				5	5	GCF_016899425.1;GCF_053038975.1;GCF_053209605.1;GCF_905400185.1;MF6	Lipocalin-like domain-containing protein
chr1_clade_core	GCF_016899425.1|KEDGBJ_01831				5	5	GCF_016899425.1;GCF_053038975.1;GCF_053209605.1;GCF_905400185.1;MF6	AsmA family protein
chr1_clade_core	GCF_016899425.1|KEDGBJ_01832				5	5	GCF_016899425.1;GCF_053038975.1;GCF_053209605.1;GCF_905400185.1;MF6	ABC transporter ATP-binding protein
chr1_clade_core	GCF_016899425.1|KEDGBJ_01833	COG0390	P	02069	5	5	GCF_016899425.1;GCF_053038975.1;GCF_053209605.1;GCF_905400185.1;MF6	Iron export ABC transporter permease subunit FetB
chr1_clade_core	GCF_016899425.1|KEDGBJ_01834				5	5	GCF_016899425.1;GCF_053038975.1;GCF_053209605.1;GCF_905400185.1;MF6	PliI family lysozyme inhibitor of I-type lysozyme
chr1_clade_core	GCF_016899425.1|KEDGBJ_01835				5	5	GCF_016899425.1;GCF_053038975.1;GCF_053209605.1;GCF_905400185.1;MF6	Lipoprotein
chr1_clade_core	GCF_016899425.1|KEDGBJ_01836	COG0604	CR		5	5	GCF_016899425.1;GCF_053038975.1;GCF_053209605.1;GCF_905400185.1;MF6	Zinc-type alcohol dehydrogenase-like protein
chr1_clade_core	GCF_016899425.1|KEDGBJ_01837				5	5	GCF_016899425.1;GCF_053038975.1;GCF_053209605.1;GCF_905400185.1;MF6	HTH-type transcriptional regulator DmlR
chr1_clade_core	GCF_016899425.1|KEDGBJ_01838	COG0560	E	01079	5	5	GCF_016899425.1;GCF_053038975.1;GCF_053209605.1;GCF_905400185.1;MF6	phosphoserine phosphatase SerB
chr1_clade_core	GCF_016899425.1|KEDGBJ_01839				5	5	GCF_016899425.1;GCF_053038975.1;GCF_053209605.1;GCF_905400185.1;MF6	cystathionine beta-lyase
chr1_clade_core	GCF_016899425.1|KEDGBJ_01840				5	5	GCF_016899425.1;GCF_053038975.1;GCF_053209605.1;GCF_905400185.1;MF6	Lipoprotein
chr1_clade_core	GCF_016899425.1|KEDGBJ_01841	COG0524	G		5	5	GCF_016899425.1;GCF_053038975.1;GCF_053209605.1;GCF_905400185.1;MF6	Ribokinase sugar kinase
chr1_clade_core	GCF_016899425.1|KEDGBJ_01842	COG0621	J	14441	5	5	GCF_016899425.1;GCF_053038975.1;GCF_053209605.1;GCF_905400185.1;MF6	30S ribosomal protein S12 methylthiotransferase RimO
chr1_clade_core	GCF_016899425.1|KEDGBJ_01848				5	5	GCF_016899425.1;GCF_053038975.1;GCF_053209605.1;GCF_905400185.1;MF6	Lipoprotein
chr1_clade_core	GCF_016899425.1|KEDGBJ_01849	COG5394	QT		5	5	GCF_016899425.1;GCF_053038975.1;GCF_053209605.1;GCF_905400185.1;MF6	polyhydroxyalkanoate synthesis repressor PhaR
chr1_clade_core	GCF_016899425.1|KEDGBJ_01850	COG1028	I		5	5	GCF_016899425.1;GCF_053038975.1;GCF_053209605.1;GCF_905400185.1;MF6	3-ketoacyl-ACP reductase
chr1_clade_core	GCF_016899425.1|KEDGBJ_01852	COG3243	I	03821	5	5	GCF_016899425.1;GCF_053038975.1;GCF_053209605.1;GCF_905400185.1;MF6	Poly(R)-hydroxyalkanoic acid synthase
chr1_clade_core	GCF_016899425.1|KEDGBJ_01853				5	5	GCF_016899425.1;GCF_053038975.1;GCF_053209605.1;GCF_905400185.1;MF6	peptidoglycan editing factor PgeF
chr1_clade_core	GCF_016899425.1|KEDGBJ_01854			06180	5	5	GCF_016899425.1;GCF_053038975.1;GCF_053209605.1;GCF_905400185.1;MF6	RluA family pseudouridine synthase
chr1_clade_core	GCF_016899425.1|KEDGBJ_01855	COG4105	M		5	5	GCF_016899425.1;GCF_053038975.1;GCF_053209605.1;GCF_905400185.1;MF6	Outer membrane protein assembly factor BamD
chr1_clade_core	GCF_016899425.1|KEDGBJ_01857				5	5	GCF_016899425.1;GCF_053038975.1;GCF_053209605.1;GCF_905400185.1;MF6	DUF465 domain-containing protein
chr1_clade_core	GCF_016899425.1|KEDGBJ_01858				5	5	GCF_016899425.1;GCF_053038975.1;GCF_053209605.1;GCF_905400185.1;MF6	Lipoprotein
chr1_clade_core	GCF_016899425.1|KEDGBJ_01859	COG2183	K	06959	5	5	GCF_016899425.1;GCF_053038975.1;GCF_053209605.1;GCF_905400185.1;MF6	S1 motif domain-containing protein
chr1_clade_core	GCF_016899425.1|KEDGBJ_01860	COG3158	P	03549	5	5	GCF_016899425.1;GCF_053038975.1;GCF_053209605.1;GCF_905400185.1;MF6	potassium uptake protein
chr1_clade_core	GCF_016899425.1|KEDGBJ_01861	COG2236	H	07101	5	5	GCF_016899425.1;GCF_053038975.1;GCF_053209605.1;GCF_905400185.1;MF6	Nicotinate phosphoribosyltransferase
chr1_clade_core	GCF_016899425.1|KEDGBJ_01862	COG0104	F	01939	5	5	GCF_016899425.1;GCF_053038975.1;GCF_053209605.1;GCF_905400185.1;MF6	adenylosuccinate synthase
chr1_clade_core	GCF_016899425.1|KEDGBJ_01863	COG3705	E		5	5	GCF_016899425.1;GCF_053038975.1;GCF_053209605.1;GCF_905400185.1;MF6	ATP phosphoribosyltransferase regulatory subunit
chr1_clade_core	GCF_016899425.1|KEDGBJ_01864	COG3242	S	09937	5	5	GCF_016899425.1;GCF_053038975.1;GCF_053209605.1;GCF_905400185.1;MF6	DUF2065 domain-containing protein
chr1_clade_core	GCF_016899425.1|KEDGBJ_01865	COG0330	O		5	5	GCF_016899425.1;GCF_053038975.1;GCF_053209605.1;GCF_905400185.1;MF6	protease modulator HflC
chr1_clade_core	GCF_016899425.1|KEDGBJ_01867				5	5	GCF_016899425.1;GCF_053038975.1;GCF_053209605.1;GCF_905400185.1;MF6	GTPase HflX
chr1_clade_core	GCF_016899425.1|KEDGBJ_01868	COG1923	T		5	5	GCF_016899425.1;GCF_053038975.1;GCF_053209605.1;GCF_905400185.1;MF6	GTPase HflX
chr1_clade_core	GCF_016899425.1|KEDGBJ_01869	COG1160	J	03977	5	5	GCF_016899425.1;GCF_053038975.1;GCF_053209605.1;GCF_905400185.1;MF6	ribosome biogenesis GTPase Der
chr1_clade_core	GCF_016899425.1|KEDGBJ_01870				5	5	GCF_016899425.1;GCF_053038975.1;GCF_053209605.1;GCF_905400185.1;MF6	outer membrane protein assembly factor BamB
chr1_clade_core	GCF_016899425.1|KEDGBJ_01871	COG2976	T		5	5	GCF_016899425.1;GCF_053038975.1;GCF_053209605.1;GCF_905400185.1;MF6	Ancillary SecYEG translocon subunit
chr1_clade_core	GCF_016899425.1|KEDGBJ_01872	COG0124	J	01892	5	5	GCF_016899425.1;GCF_053038975.1;GCF_053209605.1;GCF_905400185.1;MF6	histidine--tRNA ligase
chr1_clade_core	GCF_016899425.1|KEDGBJ_01873	COG0821	I	03526	5	5	GCF_016899425.1;GCF_053038975.1;GCF_053209605.1;GCF_905400185.1;MF6	flavodoxin-dependent (E)-4-hydroxy-3-methylbut-2-enyl-diphosphate synthase
chr1_clade_core	GCF_016899425.1|KEDGBJ_01875	COG0820	J	06941	5	5	GCF_016899425.1;GCF_053038975.1;GCF_053209605.1;GCF_905400185.1;MF6	23S rRNA (adenine(2503)-C(2))-methyltransferase RlmN
chr1_clade_core	GCF_016899425.1|KEDGBJ_01876	COG0105	F		5	5	GCF_016899425.1;GCF_053038975.1;GCF_053209605.1;GCF_905400185.1;MF6	nucleoside-diphosphate kinase
chr1_clade_core	GCF_016899425.1|KEDGBJ_01877	COG0670	P		5	5	GCF_016899425.1;GCF_053038975.1;GCF_053209605.1;GCF_905400185.1;MF6	Modulator of FtsH protease YccA
chr1_clade_core	GCF_016899425.1|KEDGBJ_01878	COG2265	J		5	5	GCF_016899425.1;GCF_053038975.1;GCF_053209605.1;GCF_905400185.1;MF6	23S rRNA (uracil(1939)-C(5))-methyltransferase RlmD
chr1_clade_core	GCF_016899425.1|KEDGBJ_01879				5	5	GCF_016899425.1;GCF_053038975.1;GCF_053209605.1;GCF_905400185.1;MF6	Endonuclease/exonuclease/phosphatase
chr1_clade_core	GCF_016899425.1|KEDGBJ_01880	COG3298	L		5	5	GCF_016899425.1;GCF_053038975.1;GCF_053209605.1;GCF_905400185.1;MF6	putative 3'-5' exonuclease PolB-like domain-containing protein
chr1_clade_core	GCF_016899425.1|KEDGBJ_01881	COG0568	K		5	5	GCF_016899425.1;GCF_053038975.1;GCF_053209605.1;GCF_905400185.1;MF6	RNA polymerase sigma factor RpoS
chr1_clade_core	GCF_016899425.1|KEDGBJ_01883	COG2518	O		5	5	GCF_016899425.1;GCF_053038975.1;GCF_053209605.1;GCF_905400185.1;MF6	protein-L-isoaspartate(D-aspartate) O-methyltransferase
chr1_clade_core	GCF_016899425.1|KEDGBJ_01884	COG0496	L		5	5	GCF_016899425.1;GCF_053038975.1;GCF_053209605.1;GCF_905400185.1;MF6	5'/3'-nucleotidase SurE
chr1_clade_core	GCF_016899425.1|KEDGBJ_01885	COG1804	I	18313	5	5	GCF_016899425.1;GCF_053038975.1;GCF_053209605.1;GCF_905400185.1;MF6	Formyl-CoA transferase
chr1_clade_core	GCF_016899425.1|KEDGBJ_01886	COG0353	L	06187	5	5	GCF_016899425.1;GCF_053038975.1;GCF_053209605.1;GCF_905400185.1;MF6	recombination mediator RecR
chr1_clade_core	GCF_016899425.1|KEDGBJ_01887	COG0718	K	09747	5	5	GCF_016899425.1;GCF_053038975.1;GCF_053209605.1;GCF_905400185.1;MF6	YbaB/EbfC family nucleoid-associated protein
chr1_clade_core	GCF_016899425.1|KEDGBJ_01890	COG3118	O		5	5	GCF_016899425.1;GCF_053038975.1;GCF_053209605.1;GCF_905400185.1;MF6	thioredoxin TrxA
chr1_clade_core	GCF_016899425.1|KEDGBJ_01891	COG1158	K		5	5	GCF_016899425.1;GCF_053038975.1;GCF_053209605.1;GCF_905400185.1;MF6	transcription termination factor Rho
chr1_clade_core	GCF_016899425.1|KEDGBJ_01892	COG0789	K		5	5	GCF_016899425.1;GCF_053038975.1;GCF_053209605.1;GCF_905400185.1;MF6	HTH merR-type domain-containing protein
chr1_clade_core	GCF_016899425.1|KEDGBJ_01893				5	5	GCF_016899425.1;GCF_053038975.1;GCF_053209605.1;GCF_905400185.1;MF6	Major facilitator superfamily MFS_1
chr1_clade_core	GCF_016899425.1|KEDGBJ_01894	COG3228	T		5	5	GCF_016899425.1;GCF_053038975.1;GCF_053209605.1;GCF_905400185.1;MF6	Zinc-dependent peptidase
chr1_clade_core	GCF_016899425.1|KEDGBJ_01895	COG0254	J		5	5	GCF_016899425.1;GCF_053038975.1;GCF_053209605.1;GCF_905400185.1;MF6	type B 50S ribosomal protein L31
chr1_clade_core	GCF_016899425.1|KEDGBJ_01896	COG1807	M		5	5	GCF_016899425.1;GCF_053038975.1;GCF_053209605.1;GCF_905400185.1;MF6	4-amino-4-deoxy-L-arabinose transferase and related glycosyltransferases of PMT family-like protein
chr1_clade_core	GCF_016899425.1|KEDGBJ_01898	COG0320	H	03644	5	5	GCF_016899425.1;GCF_053038975.1;GCF_053209605.1;GCF_905400185.1;MF6	lipoyl synthase
chr1_clade_core	GCF_016899425.1|KEDGBJ_01899	COG0596	HR		5	5	GCF_016899425.1;GCF_053038975.1;GCF_053209605.1;GCF_905400185.1;MF6	acetoin dehydrogenase dihydrolipoyllysine-residue acetyltransferase subunit
chr1_clade_core	GCF_016899425.1|KEDGBJ_01900				5	5	GCF_016899425.1;GCF_053038975.1;GCF_053209605.1;GCF_905400185.1;MF6	Acetoin:2,6-dichlorophenolindophenol oxidoreductase, beta subunit AcoB
chr1_clade_core	GCF_016899425.1|KEDGBJ_01901	COG1071	C		5	5	GCF_016899425.1;GCF_053038975.1;GCF_053209605.1;GCF_905400185.1;MF6	Pyruvate dehydrogenase E1 component alpha subunit
chr1_clade_core	GCF_016899425.1|KEDGBJ_01902	COG1028	I		5	5	GCF_016899425.1;GCF_053038975.1;GCF_053209605.1;GCF_905400185.1;MF6	SDR family oxidoreductase
chr1_clade_core	GCF_016899425.1|KEDGBJ_01903	COG3199	F		5	5	GCF_016899425.1;GCF_053038975.1;GCF_053209605.1;GCF_905400185.1;MF6	Acetoin catabolism protein
chr1_clade_core	GCF_016899425.1|KEDGBJ_01904	COG3284	K	21405	5	5	GCF_016899425.1;GCF_053038975.1;GCF_053209605.1;GCF_905400185.1;MF6	Sigma-54 factor interaction domain-containing protein
chr1_clade_core	GCF_016899425.1|KEDGBJ_01905				5	5	GCF_016899425.1;GCF_053038975.1;GCF_053209605.1;GCF_905400185.1;MF6	Decarboxylase
chr1_clade_core	GCF_016899425.1|KEDGBJ_01906			21745	5	5	GCF_016899425.1;GCF_053038975.1;GCF_053209605.1;GCF_905400185.1;MF6	HTH merR-type domain-containing protein
chr1_clade_core	GCF_016899425.1|KEDGBJ_01907	COG1555	L		5	5	GCF_016899425.1;GCF_053038975.1;GCF_053209605.1;GCF_905400185.1;MF6	Competence protein ComE
chr1_clade_core	GCF_016899425.1|KEDGBJ_01909	COG0542	O		5	5	GCF_016899425.1;GCF_053038975.1;GCF_053209605.1;GCF_905400185.1;MF6	ATP-dependent chaperone ClpB
chr1_clade_core	GCF_016899425.1|KEDGBJ_01910			13771	5	5	GCF_016899425.1;GCF_053038975.1;GCF_053209605.1;GCF_905400185.1;MF6	Rrf2 family transcriptional regulator
chr1_clade_core	GCF_016899425.1|KEDGBJ_01911				5	5	GCF_016899425.1;GCF_053038975.1;GCF_053209605.1;GCF_905400185.1;MF6	Globin-like protein
chr1_clade_core	GCF_016899425.1|KEDGBJ_01912	COG0314	H	03635	5	5	GCF_016899425.1;GCF_053038975.1;GCF_053209605.1;GCF_905400185.1;MF6	Molybdopterin synthase catalytic subunit
chr1_clade_core	GCF_016899425.1|KEDGBJ_01913				5	5	GCF_016899425.1;GCF_053038975.1;GCF_053209605.1;GCF_905400185.1;MF6	molybdopterin converting factor subunit 1
chr1_clade_core	GCF_016899425.1|KEDGBJ_01914	COG0303	H		5	5	GCF_016899425.1;GCF_053038975.1;GCF_053209605.1;GCF_905400185.1;MF6	gephyrin-like molybdotransferase Glp
chr1_clade_core	GCF_016899425.1|KEDGBJ_01915	COG0498	E		5	5	GCF_016899425.1;GCF_053038975.1;GCF_053209605.1;GCF_905400185.1;MF6	threonine synthase
chr1_clade_core	GCF_016899425.1|KEDGBJ_01916				5	5	GCF_016899425.1;GCF_053038975.1;GCF_053209605.1;GCF_905400185.1;MF6	Homoserine dehydrogenase
chr1_clade_core	GCF_016899425.1|KEDGBJ_01917	COG0436	E		5	5	GCF_016899425.1;GCF_053038975.1;GCF_053209605.1;GCF_905400185.1;MF6	alanine transaminase
chr1_clade_core	GCF_016899425.1|KEDGBJ_01918	COG3737	S		5	5	GCF_016899425.1;GCF_053038975.1;GCF_053209605.1;GCF_905400185.1;MF6	Xcc1710-like domain-containing protein
chr1_clade_core	GCF_016899425.1|KEDGBJ_01919	COG1807	M		5	5	GCF_016899425.1;GCF_053038975.1;GCF_053209605.1;GCF_905400185.1;MF6	4-amino-4-deoxy-L-arabinose transferase
chr1_clade_core	GCF_016899425.1|KEDGBJ_01920				5	5	GCF_016899425.1;GCF_053038975.1;GCF_053209605.1;GCF_905400185.1;MF6	EamA domain-containing protein
chr1_clade_core	GCF_016899425.1|KEDGBJ_01921	COG0399	M		5	5	GCF_016899425.1;GCF_053038975.1;GCF_053209605.1;GCF_905400185.1;MF6	Aminotransferase DegT
chr1_clade_core	GCF_016899425.1|KEDGBJ_01922	COG0463	M	10012	5	5	GCF_016899425.1;GCF_053038975.1;GCF_053209605.1;GCF_905400185.1;MF6	Dolichol-phosphate mannosyltransferase
chr1_clade_core	GCF_016899425.1|KEDGBJ_01923	COG0223	J		5	5	GCF_016899425.1;GCF_053038975.1;GCF_053209605.1;GCF_905400185.1;MF6	formyltransferase
chr1_clade_core	GCF_016899425.1|KEDGBJ_01924	COG0451	M		5	5	GCF_016899425.1;GCF_053038975.1;GCF_053209605.1;GCF_905400185.1;MF6	bifunctional UDP-4-keto-pentose/UDP-xylose synthase
chr1_clade_core	GCF_016899425.1|KEDGBJ_01925	COG0726	GM	13014	5	5	GCF_016899425.1;GCF_053038975.1;GCF_053209605.1;GCF_905400185.1;MF6	4-deoxy-4-formamido-L-arabinose-phosphoundecaprenol deformylase ArnD
chr1_clade_core	GCF_016899425.1|KEDGBJ_01926	COG1225	O	03564	5	5	GCF_016899425.1;GCF_053038975.1;GCF_053209605.1;GCF_905400185.1;MF6	thioredoxin-dependent peroxiredoxin
chr1_clade_core	GCF_016899425.1|KEDGBJ_01928	COG1875	R	07175	5	5	GCF_016899425.1;GCF_053038975.1;GCF_053209605.1;GCF_905400185.1;MF6	PIN domain-containing protein
chr1_clade_core	GCF_016899425.1|KEDGBJ_01929				5	5	GCF_016899425.1;GCF_053038975.1;GCF_053209605.1;GCF_905400185.1;MF6	NLP/P60
chr1_clade_core	GCF_016899425.1|KEDGBJ_01930	COG0306	P	03306	5	5	GCF_016899425.1;GCF_053038975.1;GCF_053209605.1;GCF_905400185.1;MF6	Phosphate transporter
chr1_clade_core	GCF_016899425.1|KEDGBJ_01931	COG1392	P		5	5	GCF_016899425.1;GCF_053038975.1;GCF_053209605.1;GCF_905400185.1;MF6	Phosphate transport regulator
chr1_clade_core	GCF_016899425.1|KEDGBJ_01933	COG0359	J	02939	5	5	GCF_016899425.1;GCF_053038975.1;GCF_053209605.1;GCF_905400185.1;MF6	50S ribosomal protein L9
chr1_clade_core	GCF_016899425.1|KEDGBJ_01934	COG0238	J	02963	5	5	GCF_016899425.1;GCF_053038975.1;GCF_053209605.1;GCF_905400185.1;MF6	30S ribosomal protein S18
chr1_clade_core	GCF_016899425.1|KEDGBJ_01935	COG2965	L		5	5	GCF_016899425.1;GCF_053038975.1;GCF_053209605.1;GCF_905400185.1;MF6	primosomal replication protein N
chr1_clade_core	GCF_016899425.1|KEDGBJ_01936	COG0360	J	02990	5	5	GCF_016899425.1;GCF_053038975.1;GCF_053209605.1;GCF_905400185.1;MF6	30S ribosomal protein S6
chr1_clade_core	GCF_016899425.1|KEDGBJ_01938	COG1595	K		5	5	GCF_016899425.1;GCF_053038975.1;GCF_053209605.1;GCF_905400185.1;MF6	RNA polymerase sigma factor
chr1_clade_core	GCF_016899425.1|KEDGBJ_01939	COG0583	K	16135	5	5	GCF_016899425.1;GCF_053038975.1;GCF_053209605.1;GCF_905400185.1;MF6	Transcriptional regulator, LysR family
chr1_clade_core	GCF_016899425.1|KEDGBJ_01940	COG3960	Q	01608	5	5	GCF_016899425.1;GCF_053038975.1;GCF_053209605.1;GCF_905400185.1;MF6	glyoxylate carboligase
chr1_clade_core	GCF_016899425.1|KEDGBJ_01941	COG3622	G		5	5	GCF_016899425.1;GCF_053038975.1;GCF_053209605.1;GCF_905400185.1;MF6	hydroxypyruvate isomerase
chr1_clade_core	GCF_016899425.1|KEDGBJ_01942	COG2084	I		5	5	GCF_016899425.1;GCF_053038975.1;GCF_053209605.1;GCF_905400185.1;MF6	2-hydroxy-3-oxopropionate reductase
chr1_clade_core	GCF_016899425.1|KEDGBJ_01943	COG1652	P		5	5	GCF_016899425.1;GCF_053038975.1;GCF_053209605.1;GCF_905400185.1;MF6	peptidoglycan-binding protein LysM
chr1_clade_core	GCF_016899425.1|KEDGBJ_01944	COG0252	JE		5	5	GCF_016899425.1;GCF_053038975.1;GCF_053209605.1;GCF_905400185.1;MF6	L-asparaginase
chr1_clade_core	GCF_016899425.1|KEDGBJ_01945				5	5	GCF_016899425.1;GCF_053038975.1;GCF_053209605.1;GCF_905400185.1;MF6	Phosphate starvation-inducible protein PsiF
chr1_clade_core	GCF_016899425.1|KEDGBJ_01946				5	5	GCF_016899425.1;GCF_053038975.1;GCF_053209605.1;GCF_905400185.1;MF6	Transmembrane protein
chr1_clade_core	GCF_016899425.1|KEDGBJ_01947	COG2930	I		5	5	GCF_016899425.1;GCF_053038975.1;GCF_053209605.1;GCF_905400185.1;MF6	Ysc84 actin-binding domain-containing protein
chr1_clade_core	GCF_016899425.1|KEDGBJ_01948	COG0438	M		5	5	GCF_016899425.1;GCF_053038975.1;GCF_053209605.1;GCF_905400185.1;MF6	Glycosyl transferase
chr1_clade_core	GCF_016899425.1|KEDGBJ_01949	COG4637	R		5	5	GCF_016899425.1;GCF_053038975.1;GCF_053209605.1;GCF_905400185.1;MF6	ATPase AAA-type core domain-containing protein
chr1_clade_core	GCF_016899425.1|KEDGBJ_01950	COG0668	M		5	5	GCF_016899425.1;GCF_053038975.1;GCF_053209605.1;GCF_905400185.1;MF6	Miniconductance mechanosensitive channel MscM
chr1_clade_core	GCF_016899425.1|KEDGBJ_01951				5	5	GCF_016899425.1;GCF_053038975.1;GCF_053209605.1;GCF_905400185.1;MF6	Rap1a immunity protein domain-containing protein
chr1_clade_core	GCF_016899425.1|KEDGBJ_01952	COG0666	T		5	5	GCF_016899425.1;GCF_053038975.1;GCF_053209605.1;GCF_905400185.1;MF6	Ankyrin
chr1_clade_core	GCF_016899425.1|KEDGBJ_01953	COG0084	N	03424	5	5	GCF_016899425.1;GCF_053038975.1;GCF_053209605.1;GCF_905400185.1;MF6	DNAase
chr1_clade_core	GCF_016899425.1|KEDGBJ_01954	COG0470	L		5	5	GCF_016899425.1;GCF_053038975.1;GCF_053209605.1;GCF_905400185.1;MF6	DNA polymerase III subunit delta'
chr1_clade_core	GCF_016899425.1|KEDGBJ_01955	COG0125	F	00943	5	5	GCF_016899425.1;GCF_053038975.1;GCF_053209605.1;GCF_905400185.1;MF6	dTMP kinase
chr1_clade_core	GCF_016899425.1|KEDGBJ_01957	COG0354	O	06980	5	5	GCF_016899425.1;GCF_053038975.1;GCF_053209605.1;GCF_905400185.1;MF6	tRNA-modifying protein YgfZ
chr1_clade_core	GCF_016899425.1|KEDGBJ_01958	COG3332	R		5	5	GCF_016899425.1;GCF_053038975.1;GCF_053209605.1;GCF_905400185.1;MF6	NRDE family protein
chr1_clade_core	GCF_016899425.1|KEDGBJ_01959	COG2153	R	02348	5	5	GCF_016899425.1;GCF_053038975.1;GCF_053209605.1;GCF_905400185.1;MF6	N-acetyltransferase domain-containing protein
chr1_clade_core	GCF_016899425.1|KEDGBJ_01960	COG0657	I		5	5	GCF_016899425.1;GCF_053038975.1;GCF_053209605.1;GCF_905400185.1;MF6	Alpha/beta hydrolase
chr1_clade_core	GCF_016899425.1|KEDGBJ_01961	COG2050	Q		5	5	GCF_016899425.1;GCF_053038975.1;GCF_053209605.1;GCF_905400185.1;MF6	Thioesterase domain-containing protein
chr1_clade_core	GCF_016899425.1|KEDGBJ_01962				5	5	GCF_016899425.1;GCF_053038975.1;GCF_053209605.1;GCF_905400185.1;MF6	Stress-response A/B barrel domain-containing protein
chr1_clade_core	GCF_016899425.1|KEDGBJ_02013				5	5	GCF_016899425.1;GCF_053038975.1;GCF_053209605.1;GCF_905400185.1;MF6	diguanylate cyclase
chr1_clade_core	GCF_016899425.1|KEDGBJ_02014				5	5	GCF_016899425.1;GCF_053038975.1;GCF_053209605.1;GCF_905400185.1;MF6	Lipoprotein
chr1_clade_core	GCF_016899425.1|KEDGBJ_02015	COG2199	T		5	5	GCF_016899425.1;GCF_053038975.1;GCF_053209605.1;GCF_905400185.1;MF6	diguanylate cyclase
chr1_clade_core	GCF_016899425.1|KEDGBJ_02016	COG0183	I		5	5	GCF_016899425.1;GCF_053038975.1;GCF_053209605.1;GCF_905400185.1;MF6	acetyl-CoA C-acyltransferase
chr1_clade_core	GCF_016899425.1|KEDGBJ_02017	COG1335	HR	08281	5	5	GCF_016899425.1;GCF_053038975.1;GCF_053209605.1;GCF_905400185.1;MF6	bifunctional nicotinamidase/pyrazinamidase
chr1_clade_core	GCF_016899425.1|KEDGBJ_02018	COG1250	I		5	5	GCF_016899425.1;GCF_053038975.1;GCF_053209605.1;GCF_905400185.1;MF6	3-hydroxyacyl-CoA dehydrogenase
chr1_clade_core	GCF_016899425.1|KEDGBJ_02019	COG0318	I		5	5	GCF_016899425.1;GCF_053038975.1;GCF_053209605.1;GCF_905400185.1;MF6	3-(methylthio)propionyl-CoA ligase
chr1_clade_core	GCF_016899425.1|KEDGBJ_02020	COG0397	O		5	5	GCF_016899425.1;GCF_053038975.1;GCF_053209605.1;GCF_905400185.1;MF6	Protein adenylyltransferase SelO
chr1_clade_core	GCF_016899425.1|KEDGBJ_02021	COG0229	O		5	5	GCF_016899425.1;GCF_053038975.1;GCF_053209605.1;GCF_905400185.1;MF6	Peptide methionine sulfoxide reductase MsrB
chr1_clade_core	GCF_016899425.1|KEDGBJ_02022	COG2917	D	06190	5	5	GCF_016899425.1;GCF_053038975.1;GCF_053209605.1;GCF_905400185.1;MF6	septation protein A
chr1_clade_core	GCF_016899425.1|KEDGBJ_02023	COG0271	KT		5	5	GCF_016899425.1;GCF_053038975.1;GCF_053209605.1;GCF_905400185.1;MF6	BolA family transcriptional regulator
chr1_clade_core	GCF_016899425.1|KEDGBJ_02024	COG0760	O		5	5	GCF_016899425.1;GCF_053038975.1;GCF_053209605.1;GCF_905400185.1;MF6	peptidylprolyl isomerase
chr1_clade_core	GCF_016899425.1|KEDGBJ_02026	COG0047	F	01952	5	5	GCF_016899425.1;GCF_053038975.1;GCF_053209605.1;GCF_905400185.1;MF6	phosphoribosylformylglycinamidine synthase
chr1_clade_core	GCF_016899425.1|KEDGBJ_02027	COG0665	E		5	5	GCF_016899425.1;GCF_053038975.1;GCF_053209605.1;GCF_905400185.1;MF6	D-amino acid dehydrogenase
chr1_clade_core	GCF_016899425.1|KEDGBJ_02028	COG0063	F	23997	5	5	GCF_016899425.1;GCF_053038975.1;GCF_053209605.1;GCF_905400185.1;MF6	Bifunctional NAD(P)H-hydrate repair enzyme
chr1_clade_core	GCF_016899425.1|KEDGBJ_02029	COG0166	G		5	5	GCF_016899425.1;GCF_053038975.1;GCF_053209605.1;GCF_905400185.1;MF6	glucose-6-phosphate isomerase
chr1_clade_core	GCF_016899425.1|KEDGBJ_02030	COG4181	Q		5	5	GCF_016899425.1;GCF_053038975.1;GCF_053209605.1;GCF_905400185.1;MF6	ABC transporter ATPase
chr1_clade_core	GCF_016899425.1|KEDGBJ_02031				5	5	GCF_016899425.1;GCF_053038975.1;GCF_053209605.1;GCF_905400185.1;MF6	Lysophospholipase
chr1_clade_core	GCF_016899425.1|KEDGBJ_02032	COG0760	O		5	5	GCF_016899425.1;GCF_053038975.1;GCF_053209605.1;GCF_905400185.1;MF6	Periplasmic chaperone PpiD
chr1_clade_core	GCF_016899425.1|KEDGBJ_02035	COG0466	O	01338	5	5	GCF_016899425.1;GCF_053038975.1;GCF_053209605.1;GCF_905400185.1;MF6	endopeptidase La
chr1_clade_core	GCF_016899425.1|KEDGBJ_02036	COG1219	O		5	5	GCF_016899425.1;GCF_053038975.1;GCF_053209605.1;GCF_905400185.1;MF6	ATP-dependent Clp protease ATP-binding subunit ClpX
chr1_clade_core	GCF_016899425.1|KEDGBJ_02037	COG0740	O	01358	5	5	GCF_016899425.1;GCF_053038975.1;GCF_053209605.1;GCF_905400185.1;MF6	ATP-dependent Clp endopeptidase proteolytic subunit ClpP
chr1_clade_core	GCF_016899425.1|KEDGBJ_02038	COG0544	O		5	5	GCF_016899425.1;GCF_053038975.1;GCF_053209605.1;GCF_905400185.1;MF6	trigger factor
chr1_clade_core	GCF_016899425.1|KEDGBJ_02039	COG1929	G	00865	5	5	GCF_016899425.1;GCF_053038975.1;GCF_053209605.1;GCF_905400185.1;MF6	Glycerate kinase
chr1_clade_core	GCF_016899425.1|KEDGBJ_02040	COG1846	K		5	5	GCF_016899425.1;GCF_053038975.1;GCF_053209605.1;GCF_905400185.1;MF6	MarR family transcriptional regulator
chr1_clade_core	GCF_016899425.1|KEDGBJ_02041	COG1893	H		5	5	GCF_016899425.1;GCF_053038975.1;GCF_053209605.1;GCF_905400185.1;MF6	2-dehydropantoate 2-reductase
chr1_clade_core	GCF_016899425.1|KEDGBJ_02042	COG2197	TK		5	5	GCF_016899425.1;GCF_053038975.1;GCF_053209605.1;GCF_905400185.1;MF6	Helix-turn-helix transcriptional regulator
chr1_clade_core	GCF_016899425.1|KEDGBJ_02043	COG3203	M		5	5	GCF_016899425.1;GCF_053038975.1;GCF_053209605.1;GCF_905400185.1;MF6	Porin, Gram-negative type
chr1_clade_core	GCF_016899425.1|KEDGBJ_02044				5	5	GCF_016899425.1;GCF_053038975.1;GCF_053209605.1;GCF_905400185.1;MF6	MFS transporter
chr1_clade_core	GCF_016899425.1|KEDGBJ_02045	COG0123	Q		5	5	GCF_016899425.1;GCF_053038975.1;GCF_053209605.1;GCF_905400185.1;MF6	Histone deacetylase family protein
chr1_clade_core	GCF_016899425.1|KEDGBJ_02046				5	5	GCF_016899425.1;GCF_053038975.1;GCF_053209605.1;GCF_905400185.1;MF6	Transmembrane protein
chr1_clade_core	GCF_016899425.1|KEDGBJ_02049	COG1562	I		5	5	GCF_016899425.1;GCF_053038975.1;GCF_053209605.1;GCF_905400185.1;MF6	presqualene diphosphate synthase HpnD
chr1_clade_core	GCF_016899425.1|KEDGBJ_02050	COG4102	S		5	5	GCF_016899425.1;GCF_053038975.1;GCF_053209605.1;GCF_905400185.1;MF6	DUF1501 domain-containing protein
chr1_clade_core	GCF_016899425.1|KEDGBJ_02051				5	5	GCF_016899425.1;GCF_053038975.1;GCF_053209605.1;GCF_905400185.1;MF6	DUF1800 domain-containing protein
chr1_clade_core	GCF_016899425.1|KEDGBJ_02052				5	5	GCF_016899425.1;GCF_053038975.1;GCF_053209605.1;GCF_905400185.1;MF6	DUF4148 domain-containing protein
chr1_clade_core	GCF_016899425.1|KEDGBJ_02054				5	5	GCF_016899425.1;GCF_053038975.1;GCF_053209605.1;GCF_905400185.1;MF6	Oxidative stress related two component system, transcriptional regulator
chr1_clade_core	GCF_016899425.1|KEDGBJ_02055	COG0642	T		5	5	GCF_016899425.1;GCF_053038975.1;GCF_053209605.1;GCF_905400185.1;MF6	histidine kinase
chr1_clade_core	GCF_016899425.1|KEDGBJ_02056	COG0450	V		5	5	GCF_016899425.1;GCF_053038975.1;GCF_053209605.1;GCF_905400185.1;MF6	Alkyl hydroperoxide reductase C
chr1_clade_core	GCF_016899425.1|KEDGBJ_02057	COG2128	P	04756	5	5	GCF_016899425.1;GCF_053038975.1;GCF_053209605.1;GCF_905400185.1;MF6	Alkyl hydroperoxide reductase AhpD
chr1_clade_core	GCF_016899425.1|KEDGBJ_02058	COG0245	I		5	5	GCF_016899425.1;GCF_053038975.1;GCF_053209605.1;GCF_905400185.1;MF6	2-C-methyl-D-erythritol 2,4-cyclodiphosphate synthase
chr1_clade_core	GCF_016899425.1|KEDGBJ_02059	COG1211	I		5	5	GCF_016899425.1;GCF_053038975.1;GCF_053209605.1;GCF_905400185.1;MF6	2-C-methyl-D-erythritol 4-phosphate cytidylyltransferase
chr1_clade_core	GCF_016899425.1|KEDGBJ_02060	COG1197	LK	03723	5	5	GCF_016899425.1;GCF_053038975.1;GCF_053209605.1;GCF_905400185.1;MF6	transcription-repair coupling factor
chr1_clade_core	GCF_016899425.1|KEDGBJ_02061	COG0624	E		5	5	GCF_016899425.1;GCF_053038975.1;GCF_053209605.1;GCF_905400185.1;MF6	acetylornithine deacetylase
chr1_clade_core	GCF_016899425.1|KEDGBJ_02062	COG1171	E		5	5	GCF_016899425.1;GCF_053038975.1;GCF_053209605.1;GCF_905400185.1;MF6	Threonine dehydratase
chr1_clade_core	GCF_016899425.1|KEDGBJ_02063				5	5	GCF_016899425.1;GCF_053038975.1;GCF_053209605.1;GCF_905400185.1;MF6	DUF3574 domain-containing protein
chr1_clade_core	GCF_016899425.1|KEDGBJ_02064	COG5009	M	05366	5	5	GCF_016899425.1;GCF_053038975.1;GCF_053209605.1;GCF_905400185.1;MF6	Penicillin-binding protein 1A
chr1_clade_core	GCF_016899425.1|KEDGBJ_02065	COG1842	TV	03969	5	5	GCF_016899425.1;GCF_053038975.1;GCF_053209605.1;GCF_905400185.1;MF6	PspA/IM30 family protein
chr1_clade_core	GCF_016899425.1|KEDGBJ_02066				5	5	GCF_016899425.1;GCF_053038975.1;GCF_053209605.1;GCF_905400185.1;MF6	Tetratricopeptide repeat protein
chr1_clade_core	GCF_016899425.1|KEDGBJ_02067	COG1970	M	03282	5	5	GCF_016899425.1;GCF_053038975.1;GCF_053209605.1;GCF_905400185.1;MF6	large conductance mechanosensitive channel protein MscL
chr1_clade_core	GCF_016899425.1|KEDGBJ_02068				5	5	GCF_016899425.1;GCF_053038975.1;GCF_053209605.1;GCF_905400185.1;MF6	hypothetical protein
chr1_clade_core	GCF_016899425.1|KEDGBJ_02069	COG2084	I		5	5	GCF_016899425.1;GCF_053038975.1;GCF_053209605.1;GCF_905400185.1;MF6	2-hydroxy-3-oxopropionate reductase
chr1_clade_core	GCF_016899425.1|KEDGBJ_02070	COG3360	R		5	5	GCF_016899425.1;GCF_053038975.1;GCF_053209605.1;GCF_905400185.1;MF6	dodecin
chr1_clade_core	GCF_016899425.1|KEDGBJ_02071	COG0583	K		5	5	GCF_016899425.1;GCF_053038975.1;GCF_053209605.1;GCF_905400185.1;MF6	HTH-type transcriptional regulator SyrM 1
chr1_clade_core	GCF_016899425.1|KEDGBJ_02072	COG0402	FR	18456	5	5	GCF_016899425.1;GCF_053038975.1;GCF_053209605.1;GCF_905400185.1;MF6	8-oxoguanine deaminase
chr1_clade_core	GCF_016899425.1|KEDGBJ_02073	COG2351	F		5	5	GCF_016899425.1;GCF_053038975.1;GCF_053209605.1;GCF_905400185.1;MF6	hydroxyisourate hydrolase
chr1_clade_core	GCF_016899425.1|KEDGBJ_02074	COG3748	S		5	5	GCF_016899425.1;GCF_053038975.1;GCF_053209605.1;GCF_905400185.1;MF6	Urate oxidase N-terminal domain-containing protein
chr1_clade_core	GCF_016899425.1|KEDGBJ_02076	COG0251	V		5	5	GCF_016899425.1;GCF_053038975.1;GCF_053209605.1;GCF_905400185.1;MF6	RidA family protein
chr1_clade_core	GCF_016899425.1|KEDGBJ_02077	COG0583	K	18900	5	5	GCF_016899425.1;GCF_053038975.1;GCF_053209605.1;GCF_905400185.1;MF6	HTH lysR-type domain-containing protein
chr1_clade_core	GCF_016899425.1|KEDGBJ_02078	COG3194	F	01483	5	5	GCF_016899425.1;GCF_053038975.1;GCF_053209605.1;GCF_905400185.1;MF6	ureidoglycolate lyase
chr1_clade_core	GCF_016899425.1|KEDGBJ_02079	COG4266	F		5	5	GCF_016899425.1;GCF_053038975.1;GCF_053209605.1;GCF_905400185.1;MF6	allantoicase
chr1_clade_core	GCF_016899425.1|KEDGBJ_02080	COG3195	F		5	5	GCF_016899425.1;GCF_053038975.1;GCF_053209605.1;GCF_905400185.1;MF6	2-oxo-4-hydroxy-4-carboxy-5-ureidoimidazoline decarboxylase
chr1_clade_core	GCF_016899425.1|KEDGBJ_02081			16842	5	5	GCF_016899425.1;GCF_053038975.1;GCF_053209605.1;GCF_905400185.1;MF6	NodB-like y domain-containing protein
chr1_clade_core	GCF_016899425.1|KEDGBJ_02082	COG4126	E		5	5	GCF_016899425.1;GCF_053038975.1;GCF_053209605.1;GCF_905400185.1;MF6	Asp/Glu racemase
chr1_clade_core	GCF_016899425.1|KEDGBJ_02083	COG1953	FH	03457	5	5	GCF_016899425.1;GCF_053038975.1;GCF_053209605.1;GCF_905400185.1;MF6	NCS1 family nucleobase:cation symporter-1
chr1_clade_core	GCF_016899425.1|KEDGBJ_02084	COG1802	K		5	5	GCF_016899425.1;GCF_053038975.1;GCF_053209605.1;GCF_905400185.1;MF6	GntR family transcriptional regulator
chr1_clade_core	GCF_016899425.1|KEDGBJ_02085	COG1619	M		5	5	GCF_016899425.1;GCF_053038975.1;GCF_053209605.1;GCF_905400185.1;MF6	muramoyltetrapeptide carboxypeptidase
chr1_clade_core	GCF_016899425.1|KEDGBJ_02086	COG0590	J	11991	5	5	GCF_016899425.1;GCF_053038975.1;GCF_053209605.1;GCF_905400185.1;MF6	tRNA adenosine(34) deaminase TadA
chr1_clade_core	GCF_016899425.1|KEDGBJ_02087				5	5	GCF_016899425.1;GCF_053038975.1;GCF_053209605.1;GCF_905400185.1;MF6	DnaJ-like ue subfamily C member 28 conserved domain-containing protein
chr1_clade_core	GCF_016899425.1|KEDGBJ_02088				5	5	GCF_016899425.1;GCF_053038975.1;GCF_053209605.1;GCF_905400185.1;MF6	MFS transporter
chr1_clade_core	GCF_016899425.1|KEDGBJ_02089	COG2188	K		5	5	GCF_016899425.1;GCF_053038975.1;GCF_053209605.1;GCF_905400185.1;MF6	GntR family transcriptional regulator
chr1_clade_core	GCF_016899425.1|KEDGBJ_02090	COG1053	C		5	5	GCF_016899425.1;GCF_053038975.1;GCF_053209605.1;GCF_905400185.1;MF6	fumarate reductase/succinate dehydrogenase flavoprotein subunit
chr1_clade_core	GCF_016899425.1|KEDGBJ_02091	COG2221	P		5	5	GCF_016899425.1;GCF_053038975.1;GCF_053209605.1;GCF_905400185.1;MF6	Ferredoxin
chr1_clade_core	GCF_016899425.1|KEDGBJ_02092				5	5	GCF_016899425.1;GCF_053038975.1;GCF_053209605.1;GCF_905400185.1;MF6	PBS lyase HEAT domain protein repeat-containing protein
chr1_clade_core	GCF_016899425.1|KEDGBJ_02093				5	5	GCF_016899425.1;GCF_053038975.1;GCF_053209605.1;GCF_905400185.1;MF6	gamma-butyrobetaine hydroxylase-like domain-containing protein
chr1_clade_core	GCF_016899425.1|KEDGBJ_02094				5	5	GCF_016899425.1;GCF_053038975.1;GCF_053209605.1;GCF_905400185.1;MF6	Dehydrogenase
chr1_clade_core	GCF_016899425.1|KEDGBJ_02095				5	5	GCF_016899425.1;GCF_053038975.1;GCF_053209605.1;GCF_905400185.1;MF6	Mutator protein MutT
chr1_clade_core	GCF_016899425.1|KEDGBJ_02096				5	5	GCF_016899425.1;GCF_053038975.1;GCF_053209605.1;GCF_905400185.1;MF6	acetyltransferase
chr1_clade_core	GCF_016899425.1|KEDGBJ_02097				5	5	GCF_016899425.1;GCF_053038975.1;GCF_053209605.1;GCF_905400185.1;MF6	2'-5' RNA ligase
chr1_clade_core	GCF_016899425.1|KEDGBJ_02098	COG2176	L		5	5	GCF_016899425.1;GCF_053038975.1;GCF_053209605.1;GCF_905400185.1;MF6	Exonuclease domain-containing protein
chr1_clade_core	GCF_016899425.1|KEDGBJ_02101	COG0519	F	01951	5	5	GCF_016899425.1;GCF_053038975.1;GCF_053209605.1;GCF_905400185.1;MF6	glutamine-hydrolyzing GMP synthase
chr1_clade_core	GCF_016899425.1|KEDGBJ_02102				5	5	GCF_016899425.1;GCF_053038975.1;GCF_053209605.1;GCF_905400185.1;MF6	Transmembrane protein
chr1_clade_core	GCF_016899425.1|KEDGBJ_02103	COG0516	F	00088	5	5	GCF_016899425.1;GCF_053038975.1;GCF_053209605.1;GCF_905400185.1;MF6	IMP dehydrogenase
chr1_clade_core	GCF_016899425.1|KEDGBJ_02105	COG4312	R		5	5	GCF_016899425.1;GCF_053038975.1;GCF_053209605.1;GCF_905400185.1;MF6	Thioredoxin
chr1_clade_core	GCF_016899425.1|KEDGBJ_02106				5	5	GCF_016899425.1;GCF_053038975.1;GCF_053209605.1;GCF_905400185.1;MF6	DNA-binding protein
chr1_clade_core	GCF_016899425.1|KEDGBJ_02107				5	5	GCF_016899425.1;GCF_053038975.1;GCF_053209605.1;GCF_905400185.1;MF6	Glutamine cyclotransferase
chr1_clade_core	GCF_016899425.1|KEDGBJ_02108	COG0697	GER		5	5	GCF_016899425.1;GCF_053038975.1;GCF_053209605.1;GCF_905400185.1;MF6	EamA domain-containing protein
chr1_clade_core	GCF_016899425.1|KEDGBJ_02109	COG2914	V	09801	5	5	GCF_016899425.1;GCF_053038975.1;GCF_053209605.1;GCF_905400185.1;MF6	RnfH family protein
chr1_clade_core	GCF_016899425.1|KEDGBJ_02111	COG0691	O	03664	5	5	GCF_016899425.1;GCF_053038975.1;GCF_053209605.1;GCF_905400185.1;MF6	SsrA-binding protein SmpB
chr1_clade_core	GCF_016899425.1|KEDGBJ_02112	COG0330	O		5	5	GCF_016899425.1;GCF_053038975.1;GCF_053209605.1;GCF_905400185.1;MF6	Band 7 domain-containing protein
chr1_clade_core	GCF_016899425.1|KEDGBJ_02113	COG1585	O		5	5	GCF_016899425.1;GCF_053038975.1;GCF_053209605.1;GCF_905400185.1;MF6	NfeD-like C-terminal domain-containing protein
chr1_clade_core	GCF_016899425.1|KEDGBJ_02114	COG0574	G		5	5	GCF_016899425.1;GCF_053038975.1;GCF_053209605.1;GCF_905400185.1;MF6	phosphoenolpyruvate synthase
chr1_clade_core	GCF_016899425.1|KEDGBJ_02115	COG1806	T		5	5	GCF_016899425.1;GCF_053038975.1;GCF_053209605.1;GCF_905400185.1;MF6	Putative phosphoenolpyruvate synthase regulatory protein
chr1_clade_core	GCF_016899425.1|KEDGBJ_02116				5	5	GCF_016899425.1;GCF_053038975.1;GCF_053209605.1;GCF_905400185.1;MF6	23S rRNA (Uridine(2479)-2'-O)-methyltransferase
chr1_clade_core	GCF_016899425.1|KEDGBJ_02117	COG0164	L	03470	5	5	GCF_016899425.1;GCF_053038975.1;GCF_053209605.1;GCF_905400185.1;MF6	ribonuclease HII
chr1_clade_core	GCF_016899425.1|KEDGBJ_02118	COG0763	M	00748	5	5	GCF_016899425.1;GCF_053038975.1;GCF_053209605.1;GCF_905400185.1;MF6	lipid-A-disaccharide synthase
chr1_clade_core	GCF_016899425.1|KEDGBJ_02119	COG1043	M		5	5	GCF_016899425.1;GCF_053038975.1;GCF_053209605.1;GCF_905400185.1;MF6	acyl-ACP--UDP-N-acetylglucosamine O-acyltransferase
chr1_clade_core	GCF_016899425.1|KEDGBJ_02120	COG0764	I	02372	5	5	GCF_016899425.1;GCF_053038975.1;GCF_053209605.1;GCF_905400185.1;MF6	3-hydroxyacyl-ACP dehydratase FabZ
chr1_clade_core	GCF_016899425.1|KEDGBJ_02121	COG1044	M		5	5	GCF_016899425.1;GCF_053038975.1;GCF_053209605.1;GCF_905400185.1;MF6	UDP-3-O-(3-hydroxymyristoyl)glucosamine N-acyltransferase
chr1_clade_core	GCF_016899425.1|KEDGBJ_02122	COG2825	MO		5	5	GCF_016899425.1;GCF_053038975.1;GCF_053209605.1;GCF_905400185.1;MF6	Outer membrane chaperone Skp (OmpH)
chr1_clade_core	GCF_016899425.1|KEDGBJ_02123	COG4775	M	07277	5	5	GCF_016899425.1;GCF_053038975.1;GCF_053209605.1;GCF_905400185.1;MF6	outer membrane protein assembly factor BamA
chr1_clade_core	GCF_016899425.1|KEDGBJ_02124				5	5	GCF_016899425.1;GCF_053038975.1;GCF_053209605.1;GCF_905400185.1;MF6	RIP metalloprotease RseP
chr1_clade_core	GCF_016899425.1|KEDGBJ_02125	COG0743	I	00099	5	5	GCF_016899425.1;GCF_053038975.1;GCF_053209605.1;GCF_905400185.1;MF6	1-deoxy-D-xylulose-5-phosphate reductoisomerase
chr1_clade_core	GCF_016899425.1|KEDGBJ_02126	COG0575	I	00981	5	5	GCF_016899425.1;GCF_053038975.1;GCF_053209605.1;GCF_905400185.1;MF6	Phosphatidate cytidylyltransferase
chr1_clade_core	GCF_016899425.1|KEDGBJ_02127	COG0020	I		5	5	GCF_016899425.1;GCF_053038975.1;GCF_053209605.1;GCF_905400185.1;MF6	polyprenyl diphosphate synthase
chr1_clade_core	GCF_016899425.1|KEDGBJ_02128	COG0233	J		5	5	GCF_016899425.1;GCF_053038975.1;GCF_053209605.1;GCF_905400185.1;MF6	ribosome recycling factor
chr1_clade_core	GCF_016899425.1|KEDGBJ_02129	COG0528	F	09903	5	5	GCF_016899425.1;GCF_053038975.1;GCF_053209605.1;GCF_905400185.1;MF6	UMP kinase
chr1_clade_core	GCF_016899425.1|KEDGBJ_02130	COG0264	J		5	5	GCF_016899425.1;GCF_053038975.1;GCF_053209605.1;GCF_905400185.1;MF6	translation elongation factor Ts
chr1_clade_core	GCF_016899425.1|KEDGBJ_02131			02967	5	5	GCF_016899425.1;GCF_053038975.1;GCF_053209605.1;GCF_905400185.1;MF6	30S ribosomal protein S2
chr1_clade_core	GCF_016899425.1|KEDGBJ_02132	COG0024	J		5	5	GCF_016899425.1;GCF_053038975.1;GCF_053209605.1;GCF_905400185.1;MF6	type I methionyl aminopeptidase
chr1_clade_core	GCF_016899425.1|KEDGBJ_02133	COG2844	OT		5	5	GCF_016899425.1;GCF_053038975.1;GCF_053209605.1;GCF_905400185.1;MF6	[protein-PII] uridylyltransferase
chr1_clade_core	GCF_016899425.1|KEDGBJ_02135	COG0242	J	01462	5	5	GCF_016899425.1;GCF_053038975.1;GCF_053209605.1;GCF_905400185.1;MF6	peptide deformylase
chr1_clade_core	GCF_016899425.1|KEDGBJ_02136	COG0272	L		5	5	GCF_016899425.1;GCF_053038975.1;GCF_053209605.1;GCF_905400185.1;MF6	NAD-dependent DNA ligase LigA
chr1_clade_core	GCF_016899425.1|KEDGBJ_02137				5	5	GCF_016899425.1;GCF_053038975.1;GCF_053209605.1;GCF_905400185.1;MF6	Cell division protein ZipA
chr1_clade_core	GCF_016899425.1|KEDGBJ_02138	COG1196	D	03529	5	5	GCF_016899425.1;GCF_053038975.1;GCF_053209605.1;GCF_905400185.1;MF6	chromosome segregation protein SMC
chr1_clade_core	GCF_016899425.1|KEDGBJ_02139	COG0697	GER		5	5	GCF_016899425.1;GCF_053038975.1;GCF_053209605.1;GCF_905400185.1;MF6	EamA domain-containing protein
chr1_clade_core	GCF_016899425.1|KEDGBJ_02140	COG0436	E		5	5	GCF_016899425.1;GCF_053038975.1;GCF_053209605.1;GCF_905400185.1;MF6	succinyldiaminopimelate transaminase
chr1_clade_core	GCF_016899425.1|KEDGBJ_02141	COG2171	E		5	5	GCF_016899425.1;GCF_053038975.1;GCF_053209605.1;GCF_905400185.1;MF6	2,3,4,5-tetrahydropyridine-2,6-dicarboxylate N-succinyltransferase
chr1_clade_core	GCF_016899425.1|KEDGBJ_02142	COG1393	P		5	5	GCF_016899425.1;GCF_053038975.1;GCF_053209605.1;GCF_905400185.1;MF6	ArsC family reductase
chr1_clade_core	GCF_016899425.1|KEDGBJ_02143	COG0624	E		5	5	GCF_016899425.1;GCF_053038975.1;GCF_053209605.1;GCF_905400185.1;MF6	succinyl-diaminopimelate desuccinylase
chr1_clade_core	GCF_016899425.1|KEDGBJ_02144	COG2890	J		5	5	GCF_016899425.1;GCF_053038975.1;GCF_053209605.1;GCF_905400185.1;MF6	50S ribosomal protein L3 N(5)-glutamine methyltransferase
chr1_clade_core	GCF_016899425.1|KEDGBJ_02145	COG1502	I	06131	5	5	GCF_016899425.1;GCF_053038975.1;GCF_053209605.1;GCF_905400185.1;MF6	cardiolipin synthase
chr1_clade_core	GCF_016899425.1|KEDGBJ_02146	COG0386	VI	00432	5	5	GCF_016899425.1;GCF_053038975.1;GCF_053209605.1;GCF_905400185.1;MF6	Glutathione peroxidase
chr1_clade_core	GCF_016899425.1|KEDGBJ_02147	COG0488	R		5	5	GCF_016899425.1;GCF_053038975.1;GCF_053209605.1;GCF_905400185.1;MF6	ribosomal protection-like ABC-F family protein
chr1_clade_core	GCF_016899425.1|KEDGBJ_02148				5	5	GCF_016899425.1;GCF_053038975.1;GCF_053209605.1;GCF_905400185.1;MF6	DUF2866 domain-containing protein
chr1_clade_core	GCF_016899425.1|KEDGBJ_02149	COG1066	L		5	5	GCF_016899425.1;GCF_053038975.1;GCF_053209605.1;GCF_905400185.1;MF6	DNA repair protein RadA
chr1_clade_core	GCF_016899425.1|KEDGBJ_02150	COG0787	M	01775	5	5	GCF_016899425.1;GCF_053038975.1;GCF_053209605.1;GCF_905400185.1;MF6	alanine racemase
chr1_clade_core	GCF_016899425.1|KEDGBJ_02151			08227	5	5	GCF_016899425.1;GCF_053038975.1;GCF_053209605.1;GCF_905400185.1;MF6	lysophospholipid transporter LplT
chr1_clade_core	GCF_016899425.1|KEDGBJ_02152				5	5	GCF_016899425.1;GCF_053038975.1;GCF_053209605.1;GCF_905400185.1;MF6	hydroxymethylpyrimidine kinase
chr1_clade_core	GCF_016899425.1|KEDGBJ_02153			09977	5	5	GCF_016899425.1;GCF_053038975.1;GCF_053209605.1;GCF_905400185.1;MF6	DUF1853 domain-containing protein
chr1_clade_core	GCF_016899425.1|KEDGBJ_02154				5	5	GCF_016899425.1;GCF_053038975.1;GCF_053209605.1;GCF_905400185.1;MF6	Type-4 uracil-DNA glycosylase
chr1_clade_core	GCF_016899425.1|KEDGBJ_02155	COG0456	J		5	5	GCF_016899425.1;GCF_053038975.1;GCF_053209605.1;GCF_905400185.1;MF6	ribosomal protein S18-alanine N-acetyltransferase
chr1_clade_core	GCF_016899425.1|KEDGBJ_02156	COG1214	J		5	5	GCF_016899425.1;GCF_053038975.1;GCF_053209605.1;GCF_905400185.1;MF6	tRNA (adenosine(37)-N6)-threonylcarbamoyltransferase complex dimerization subunit type 1 TsaB
chr1_clade_core	GCF_016899425.1|KEDGBJ_02157	COG4281	I		5	5	GCF_016899425.1;GCF_053038975.1;GCF_053209605.1;GCF_905400185.1;MF6	Diazepam-binding inhibitor
chr1_clade_core	GCF_016899425.1|KEDGBJ_02158				5	5	GCF_016899425.1;GCF_053038975.1;GCF_053209605.1;GCF_905400185.1;MF6	DEAD/DEAH box helicase
chr1_clade_core	GCF_016899425.1|KEDGBJ_02159	COG2224	C	01637	5	5	GCF_016899425.1;GCF_053038975.1;GCF_053209605.1;GCF_905400185.1;MF6	isocitrate lyase
chr1_clade_core	GCF_016899425.1|KEDGBJ_02160	COG0589	T		5	5	GCF_016899425.1;GCF_053038975.1;GCF_053209605.1;GCF_905400185.1;MF6	Universal stress protein family protein
chr1_clade_core	GCF_016899425.1|KEDGBJ_02161	COG0583	K	16135	5	5	GCF_016899425.1;GCF_053038975.1;GCF_053209605.1;GCF_905400185.1;MF6	HTH lysR-type domain-containing protein
chr1_clade_core	GCF_016899425.1|KEDGBJ_02162	COG1011	H		5	5	GCF_016899425.1;GCF_053038975.1;GCF_053209605.1;GCF_905400185.1;MF6	haloacid dehalogenase type II
chr1_clade_core	GCF_016899425.1|KEDGBJ_02163	COG2225	C	01638	5	5	GCF_016899425.1;GCF_053038975.1;GCF_053209605.1;GCF_905400185.1;MF6	malate synthase A
chr1_clade_core	GCF_016899425.1|KEDGBJ_02164	COG2105	E		5	5	GCF_016899425.1;GCF_053038975.1;GCF_053209605.1;GCF_905400185.1;MF6	Gamma-glutamylcyclotransferase AIG2-like domain-containing protein
chr1_clade_core	GCF_016899425.1|KEDGBJ_02165	COG2207	K		5	5	GCF_016899425.1;GCF_053038975.1;GCF_053209605.1;GCF_905400185.1;MF6	HTH-type transcriptional activator RhaR
chr1_clade_core	GCF_016899425.1|KEDGBJ_02166				5	5	GCF_016899425.1;GCF_053038975.1;GCF_053209605.1;GCF_905400185.1;MF6	GNAT family acetyltransferase
chr1_clade_core	GCF_016899425.1|KEDGBJ_02174	COG0008	J		5	5	GCF_016899425.1;GCF_053038975.1;GCF_053209605.1;GCF_905400185.1;MF6	glutamate--tRNA ligase
chr1_clade_core	GCF_016899425.1|KEDGBJ_02175				5	5	GCF_016899425.1;GCF_053038975.1;GCF_053209605.1;GCF_905400185.1;MF6	PNPLA domain-containing protein
chr1_clade_core	GCF_016899425.1|KEDGBJ_02176	COG0791	M		5	5	GCF_016899425.1;GCF_053038975.1;GCF_053209605.1;GCF_905400185.1;MF6	NLP/P60 family protein
chr1_clade_core	GCF_016899425.1|KEDGBJ_02177	COG4172	Q		5	5	GCF_016899425.1;GCF_053038975.1;GCF_053209605.1;GCF_905400185.1;MF6	nickel import ATP-binding protein NikD
chr1_clade_core	GCF_016899425.1|KEDGBJ_02178	COG4239	Q	13895	5	5	GCF_016899425.1;GCF_053038975.1;GCF_053209605.1;GCF_905400185.1;MF6	ABC transmembrane type-1 domain-containing protein
chr1_clade_core	GCF_016899425.1|KEDGBJ_02179	COG4174	Q	13894	5	5	GCF_016899425.1;GCF_053038975.1;GCF_053209605.1;GCF_905400185.1;MF6	ABC transmembrane type-1 domain-containing protein
chr1_clade_core	GCF_016899425.1|KEDGBJ_02180				5	5	GCF_016899425.1;GCF_053038975.1;GCF_053209605.1;GCF_905400185.1;MF6	Solute-binding protein family 5 domain-containing protein
chr1_clade_core	GCF_016899425.1|KEDGBJ_02181				5	5	GCF_016899425.1;GCF_053038975.1;GCF_053209605.1;GCF_905400185.1;MF6	PXPV repeat family protein
chr1_clade_core	GCF_016899425.1|KEDGBJ_02183				5	5	GCF_016899425.1;GCF_053038975.1;GCF_053209605.1;GCF_905400185.1;MF6	histidine kinase
chr1_clade_core	GCF_016899425.1|KEDGBJ_02184				5	5	GCF_016899425.1;GCF_053038975.1;GCF_053209605.1;GCF_905400185.1;MF6	DNA-binding response regulator
chr1_clade_core	GCF_016899425.1|KEDGBJ_02185				5	5	GCF_016899425.1;GCF_053038975.1;GCF_053209605.1;GCF_905400185.1;MF6	Purine nucleoside phosphorylase
chr1_clade_core	GCF_016899425.1|KEDGBJ_02186	COG3125	C	02300	5	5	GCF_016899425.1;GCF_053038975.1;GCF_053209605.1;GCF_905400185.1;MF6	cytochrome o ubiquinol oxidase subunit IV
chr1_clade_core	GCF_016899425.1|KEDGBJ_02187	COG1845	C	02299	5	5	GCF_016899425.1;GCF_053038975.1;GCF_053209605.1;GCF_905400185.1;MF6	cytochrome o ubiquinol oxidase subunit III
chr1_clade_core	GCF_016899425.1|KEDGBJ_02190	COG1008	C	00342	5	5	GCF_016899425.1;GCF_053038975.1;GCF_053209605.1;GCF_905400185.1;MF6	Proton-translocating NADH-quinone oxidoreductase subunit M
chr1_clade_core	GCF_016899425.1|KEDGBJ_02213	COG0527	E		5	5	GCF_016899425.1;GCF_053038975.1;GCF_053209605.1;GCF_905400185.1;MF6	aspartate kinase
chr1_clade_core	GCF_016899425.1|KEDGBJ_02215	COG0825	I		5	5	GCF_016899425.1;GCF_053038975.1;GCF_053209605.1;GCF_905400185.1;MF6	acetyl-CoA carboxylase carboxyltransferase subunit alpha
chr1_clade_core	GCF_016899425.1|KEDGBJ_02216	COG0122	L		5	5	GCF_016899425.1;GCF_053038975.1;GCF_053209605.1;GCF_905400185.1;MF6	DNA-3-methyladenine glycosylase II
chr1_clade_core	GCF_016899425.1|KEDGBJ_02217	COG0215	J	01883	5	5	GCF_016899425.1;GCF_053038975.1;GCF_053209605.1;GCF_905400185.1;MF6	cysteine--tRNA ligase
chr1_clade_core	GCF_016899425.1|KEDGBJ_02218	COG4783	MO		5	5	GCF_016899425.1;GCF_053038975.1;GCF_053209605.1;GCF_905400185.1;MF6	Tetratricopeptide TPR_2 repeat protein
chr1_clade_core	GCF_016899425.1|KEDGBJ_02219	COG0652	O		5	5	GCF_016899425.1;GCF_053038975.1;GCF_053209605.1;GCF_905400185.1;MF6	Peptidyl-prolyl cis-trans isomerase
chr1_clade_core	GCF_016899425.1|KEDGBJ_02220	COG0652	O		5	5	GCF_016899425.1;GCF_053038975.1;GCF_053209605.1;GCF_905400185.1;MF6	Peptidyl-prolyl cis-trans isomerase
chr1_clade_core	GCF_016899425.1|KEDGBJ_02221	COG2908	M		5	5	GCF_016899425.1;GCF_053038975.1;GCF_053209605.1;GCF_905400185.1;MF6	UDP-2,3-diacylglucosamine diphosphatase
chr1_clade_core	GCF_016899425.1|KEDGBJ_02222	COG1045	E		5	5	GCF_016899425.1;GCF_053038975.1;GCF_053209605.1;GCF_905400185.1;MF6	serine O-acetyltransferase
chr1_clade_core	GCF_016899425.1|KEDGBJ_02223	COG0565	J		5	5	GCF_016899425.1;GCF_053038975.1;GCF_053209605.1;GCF_905400185.1;MF6	tRNA (cytidine/uridine-2'-O-)-methyltransferase TrmJ
chr1_clade_core	GCF_016899425.1|KEDGBJ_02224				5	5	GCF_016899425.1;GCF_053038975.1;GCF_053209605.1;GCF_905400185.1;MF6	Putative Nus factor SuhB
chr1_clade_core	GCF_016899425.1|KEDGBJ_02225	COG2509	R	07137	5	5	GCF_016899425.1;GCF_053038975.1;GCF_053209605.1;GCF_905400185.1;MF6	Amine oxidase domain-containing protein
chr1_clade_core	GCF_016899425.1|KEDGBJ_02226				5	5	GCF_016899425.1;GCF_053038975.1;GCF_053209605.1;GCF_905400185.1;MF6	DNA mismatch repair protein MutS
chr1_clade_core	GCF_016899425.1|KEDGBJ_02227				5	5	GCF_016899425.1;GCF_053038975.1;GCF_053209605.1;GCF_905400185.1;MF6	Transmembrane protein
chr1_clade_core	GCF_016899425.1|KEDGBJ_02228	COG1047	O		5	5	GCF_016899425.1;GCF_053038975.1;GCF_053209605.1;GCF_905400185.1;MF6	peptidylprolyl isomerase
chr1_clade_core	GCF_016899425.1|KEDGBJ_02229	COG2850	J	18850	5	5	GCF_016899425.1;GCF_053038975.1;GCF_053209605.1;GCF_905400185.1;MF6	50S ribosomal protein L16 3-hydroxylase
chr1_clade_core	GCF_016899425.1|KEDGBJ_02230	COG1235	P		5	5	GCF_016899425.1;GCF_053038975.1;GCF_053209605.1;GCF_905400185.1;MF6	MBL fold metallo-hydrolase
chr1_clade_core	GCF_016899425.1|KEDGBJ_02231	COG3317	M	07287	5	5	GCF_016899425.1;GCF_053038975.1;GCF_053209605.1;GCF_905400185.1;MF6	Outer membrane protein assembly factor BamC
chr1_clade_core	GCF_016899425.1|KEDGBJ_02232	COG0329	EM		5	5	GCF_016899425.1;GCF_053038975.1;GCF_053209605.1;GCF_905400185.1;MF6	4-hydroxy-tetrahydrodipicolinate synthase
chr1_clade_core	GCF_016899425.1|KEDGBJ_02233	COG2227	H		5	5	GCF_016899425.1;GCF_053038975.1;GCF_053209605.1;GCF_905400185.1;MF6	SAM-dependent methyltransferase
chr1_clade_core	GCF_016899425.1|KEDGBJ_02234				5	5	GCF_016899425.1;GCF_053038975.1;GCF_053209605.1;GCF_905400185.1;MF6	tryptophan--tRNA ligase
chr1_clade_core	GCF_016899425.1|KEDGBJ_02235	COG1994	O		5	5	GCF_016899425.1;GCF_053038975.1;GCF_053209605.1;GCF_905400185.1;MF6	Peptidase M50
chr1_clade_core	GCF_016899425.1|KEDGBJ_02236	COG0009	J		5	5	GCF_016899425.1;GCF_053038975.1;GCF_053209605.1;GCF_905400185.1;MF6	L-threonylcarbamoyladenylate synthase
chr1_clade_core	GCF_016899425.1|KEDGBJ_02237	COG0613	F	07053	5	5	GCF_016899425.1;GCF_053038975.1;GCF_053209605.1;GCF_905400185.1;MF6	3',5'-nucleoside bisphosphate phosphatase
chr1_clade_core	GCF_016899425.1|KEDGBJ_02238	COG0596	HR		5	5	GCF_016899425.1;GCF_053038975.1;GCF_053209605.1;GCF_905400185.1;MF6	2-succinyl-6-hydroxy-2, 4-cyclohexadiene-1-carboxylate synthase
chr1_clade_core	GCF_016899425.1|KEDGBJ_02239				5	5	GCF_016899425.1;GCF_053038975.1;GCF_053209605.1;GCF_905400185.1;MF6	DUF455 domain-containing protein
chr1_clade_core	GCF_016899425.1|KEDGBJ_02240	COG0663	R	01726	5	5	GCF_016899425.1;GCF_053038975.1;GCF_053209605.1;GCF_905400185.1;MF6	Gamma carbonic anhydrase family protein
chr1_clade_core	GCF_016899425.1|KEDGBJ_02241	COG1281	O	04083	5	5	GCF_016899425.1;GCF_053038975.1;GCF_053209605.1;GCF_905400185.1;MF6	Hsp33 family molecular chaperone HslO
chr1_clade_core	GCF_016899425.1|KEDGBJ_02243	COG2919	D	05589	5	5	GCF_016899425.1;GCF_053038975.1;GCF_053209605.1;GCF_905400185.1;MF6	cell division protein FtsB
chr1_clade_core	GCF_016899425.1|KEDGBJ_02244	COG0148	G	01689	5	5	GCF_016899425.1;GCF_053038975.1;GCF_053209605.1;GCF_905400185.1;MF6	phosphopyruvate hydratase
chr1_clade_core	GCF_016899425.1|KEDGBJ_02245	COG2877	M	01627	5	5	GCF_016899425.1;GCF_053038975.1;GCF_053209605.1;GCF_905400185.1;MF6	3-deoxy-8-phosphooctulonate synthase
chr1_clade_core	GCF_016899425.1|KEDGBJ_02246	COG0504	F	01937	5	5	GCF_016899425.1;GCF_053038975.1;GCF_053209605.1;GCF_905400185.1;MF6	CTP synthase
chr1_clade_core	GCF_016899425.1|KEDGBJ_02247	COG0596	HR		5	5	GCF_016899425.1;GCF_053038975.1;GCF_053209605.1;GCF_905400185.1;MF6	AB hydrolase-1 domain-containing protein
chr1_clade_core	GCF_016899425.1|KEDGBJ_02249	COG0084	N	03424	5	5	GCF_016899425.1;GCF_053038975.1;GCF_053209605.1;GCF_905400185.1;MF6	TatD family deoxyribonuclease
chr1_clade_core	GCF_016899425.1|KEDGBJ_02250	COG1136	M		5	5	GCF_016899425.1;GCF_053038975.1;GCF_053209605.1;GCF_905400185.1;MF6	lipoprotein-releasing ABC transporter ATP-binding protein LolD
chr1_clade_core	GCF_016899425.1|KEDGBJ_02251	COG4591	M		5	5	GCF_016899425.1;GCF_053038975.1;GCF_053209605.1;GCF_905400185.1;MF6	lipoprotein-releasing ABC transporter permease subunit
chr1_clade_core	GCF_016899425.1|KEDGBJ_02252	COG4255	K		5	5	GCF_016899425.1;GCF_053038975.1;GCF_053209605.1;GCF_905400185.1;MF6	Regulatory protein, RpfE type
chr1_clade_core	GCF_016899425.1|KEDGBJ_02253	COG0608	L	07462	5	5	GCF_016899425.1;GCF_053038975.1;GCF_053209605.1;GCF_905400185.1;MF6	single-stranded-DNA-specific exonuclease RecJ
chr1_clade_core	GCF_016899425.1|KEDGBJ_02254				5	5	GCF_016899425.1;GCF_053038975.1;GCF_053209605.1;GCF_905400185.1;MF6	hypothetical protein
chr1_clade_core	GCF_016899425.1|KEDGBJ_02255	COG1190	J	04567	5	5	GCF_016899425.1;GCF_053038975.1;GCF_053209605.1;GCF_905400185.1;MF6	lysine--tRNA ligase
chr1_clade_core	GCF_016899425.1|KEDGBJ_02256				5	5	GCF_016899425.1;GCF_053038975.1;GCF_053209605.1;GCF_905400185.1;MF6	Glycine zipper 2TM domain-containing protein
chr1_clade_core	GCF_016899425.1|KEDGBJ_02257	COG2975	O		5	5	GCF_016899425.1;GCF_053038975.1;GCF_053209605.1;GCF_905400185.1;MF6	Fe-S cluster assembly protein IscX
chr1_clade_core	GCF_016899425.1|KEDGBJ_02258				5	5	GCF_016899425.1;GCF_053038975.1;GCF_053209605.1;GCF_905400185.1;MF6	ISC system 2Fe-2S type ferredoxin
chr1_clade_core	GCF_016899425.1|KEDGBJ_02260	COG1076	O		5	5	GCF_016899425.1;GCF_053038975.1;GCF_053209605.1;GCF_905400185.1;MF6	Fe-S protein assembly co-chaperone HscB
chr1_clade_core	GCF_016899425.1|KEDGBJ_02261	COG0316	O		5	5	GCF_016899425.1;GCF_053038975.1;GCF_053209605.1;GCF_905400185.1;MF6	iron-sulfur cluster assembly protein IscA
chr1_clade_core	GCF_016899425.1|KEDGBJ_02262				5	5	GCF_016899425.1;GCF_053038975.1;GCF_053209605.1;GCF_905400185.1;MF6	Iron-sulfur cluster assembly scaffold protein IscU
chr1_clade_core	GCF_016899425.1|KEDGBJ_02263	COG1104	E	04487	5	5	GCF_016899425.1;GCF_053038975.1;GCF_053209605.1;GCF_905400185.1;MF6	IscS subfamily cysteine desulfurase
chr1_clade_core	GCF_016899425.1|KEDGBJ_02264	COG1959	K		5	5	GCF_016899425.1;GCF_053038975.1;GCF_053209605.1;GCF_905400185.1;MF6	Fe-S cluster assembly transcriptional regulator IscR
chr1_clade_core	GCF_016899425.1|KEDGBJ_02265	COG0394	T		5	5	GCF_016899425.1;GCF_053038975.1;GCF_053209605.1;GCF_905400185.1;MF6	protein-tyrosine-phosphatase
chr1_clade_core	GCF_016899425.1|KEDGBJ_02266				5	5	GCF_016899425.1;GCF_053038975.1;GCF_053209605.1;GCF_905400185.1;MF6	DUF4148 domain-containing protein
chr1_clade_core	GCF_016899425.1|KEDGBJ_02267	COG1139	C	18929	5	5	GCF_016899425.1;GCF_053038975.1;GCF_053209605.1;GCF_905400185.1;MF6	4Fe-4S ferredoxin-type domain-containing protein
chr1_clade_core	GCF_016899425.1|KEDGBJ_02268	COG0247	C	18928	5	5	GCF_016899425.1;GCF_053038975.1;GCF_053209605.1;GCF_905400185.1;MF6	Cysteine-rich domain-containing protein
chr1_clade_core	GCF_016899425.1|KEDGBJ_02269	COG1414	K		5	5	GCF_016899425.1;GCF_053038975.1;GCF_053209605.1;GCF_905400185.1;MF6	IclR family transcriptional regulator
chr1_clade_core	GCF_016899425.1|KEDGBJ_02270	COG1686	M	07262	5	5	GCF_016899425.1;GCF_053038975.1;GCF_053209605.1;GCF_905400185.1;MF6	D-alanyl-D-alanine endopeptidase
chr1_clade_core	GCF_016899425.1|KEDGBJ_02271				5	5	GCF_016899425.1;GCF_053038975.1;GCF_053209605.1;GCF_905400185.1;MF6	Phasin family protein
chr1_clade_core	GCF_016899425.1|KEDGBJ_02272	COG1249	C	00382	5	5	GCF_016899425.1;GCF_053038975.1;GCF_053209605.1;GCF_905400185.1;MF6	dihydrolipoyl dehydrogenase
chr1_clade_core	GCF_016899425.1|KEDGBJ_02275	COG2609	C	00163	5	5	GCF_016899425.1;GCF_053038975.1;GCF_053209605.1;GCF_905400185.1;MF6	pyruvate dehydrogenase (acetyl-transferring), homodimeric type
chr1_clade_core	GCF_016899425.1|KEDGBJ_02276				5	5	GCF_016899425.1;GCF_053038975.1;GCF_053209605.1;GCF_905400185.1;MF6	oxygen sensor histidine kinase FixL
chr1_clade_core	GCF_016899425.1|KEDGBJ_02277	COG4566	TK		5	5	GCF_016899425.1;GCF_053038975.1;GCF_053209605.1;GCF_905400185.1;MF6	oxygen response regulator transcription factor FixJ
chr1_clade_core	GCF_016899425.1|KEDGBJ_02278	COG0190	H		5	5	GCF_016899425.1;GCF_053038975.1;GCF_053209605.1;GCF_905400185.1;MF6	bifunctional methylenetetrahydrofolate dehydrogenase/methenyltetrahydrofolate cyclohydrolase FolD
chr1_clade_core	GCF_016899425.1|KEDGBJ_02279	COG0339	O		5	5	GCF_016899425.1;GCF_053038975.1;GCF_053209605.1;GCF_905400185.1;MF6	oligopeptidase A
chr1_clade_core	GCF_016899425.1|KEDGBJ_02281	COG1794	M	25316	5	5	GCF_016899425.1;GCF_053038975.1;GCF_053209605.1;GCF_905400185.1;MF6	Aspartate racemase
chr1_clade_core	GCF_016899425.1|KEDGBJ_02284				5	5	GCF_016899425.1;GCF_053038975.1;GCF_053209605.1;GCF_905400185.1;MF6	exodeoxyribonuclease III
chr1_clade_core	GCF_016899425.1|KEDGBJ_02285	COG1505	E	01322	5	5	GCF_016899425.1;GCF_053038975.1;GCF_053209605.1;GCF_905400185.1;MF6	Prolyl oligopeptidase
chr1_clade_core	GCF_016899425.1|KEDGBJ_02287	COG3852	T		5	5	GCF_016899425.1;GCF_053038975.1;GCF_053209605.1;GCF_905400185.1;MF6	nitrogen regulation protein NR(II)
chr1_clade_core	GCF_016899425.1|KEDGBJ_02288	COG0174	E		5	5	GCF_016899425.1;GCF_053038975.1;GCF_053209605.1;GCF_905400185.1;MF6	type I glutamate--ammonia ligase
chr1_clade_core	GCF_016899425.1|KEDGBJ_02289	COG0607	P		5	5	GCF_016899425.1;GCF_053038975.1;GCF_053209605.1;GCF_905400185.1;MF6	Rhodanese domain-containing protein
chr1_clade_core	GCF_016899425.1|KEDGBJ_02290	COG1058	L		5	5	GCF_016899425.1;GCF_053038975.1;GCF_053209605.1;GCF_905400185.1;MF6	MoaB/Mog domain-containing protein
chr1_clade_core	GCF_016899425.1|KEDGBJ_02291				5	5	GCF_016899425.1;GCF_053038975.1;GCF_053209605.1;GCF_905400185.1;MF6	Transmembrane protein
chr1_clade_core	GCF_016899425.1|KEDGBJ_02292	COG3000	I		5	5	GCF_016899425.1;GCF_053038975.1;GCF_053209605.1;GCF_905400185.1;MF6	Sterol desaturase family protein
chr1_clade_core	GCF_016899425.1|KEDGBJ_02293				5	5	GCF_016899425.1;GCF_053038975.1;GCF_053209605.1;GCF_905400185.1;MF6	YNCE-like beta-propeller domain-containing protein
chr1_clade_core	GCF_016899425.1|KEDGBJ_02295	COG1246	E	14682	5	5	GCF_016899425.1;GCF_053038975.1;GCF_053209605.1;GCF_905400185.1;MF6	amino-acid N-acetyltransferase
chr1_clade_core	GCF_016899425.1|KEDGBJ_02296	COG2924	PO		5	5	GCF_016899425.1;GCF_053038975.1;GCF_053209605.1;GCF_905400185.1;MF6	oxidative damage protection protein
chr1_clade_core	GCF_016899425.1|KEDGBJ_02297				5	5	GCF_016899425.1;GCF_053038975.1;GCF_053209605.1;GCF_905400185.1;MF6	Major facilitator superfamily (MFS) profile domain-containing protein
chr1_clade_core	GCF_016899425.1|KEDGBJ_02298				5	5	GCF_016899425.1;GCF_053038975.1;GCF_053209605.1;GCF_905400185.1;MF6	CaiB/BaiF CoA-transferase family protein
chr1_clade_core	GCF_016899425.1|KEDGBJ_02299			09456	5	5	GCF_016899425.1;GCF_053038975.1;GCF_053209605.1;GCF_905400185.1;MF6	Crotonobetainyl-CoA reductase
chr1_clade_core	GCF_016899425.1|KEDGBJ_02300	COG0583	K	21757	5	5	GCF_016899425.1;GCF_053038975.1;GCF_053209605.1;GCF_905400185.1;MF6	Ben and cat operon transcriptional regulator,DNA-binding transcriptional activator XapR,aminoethylphosphonate catabolism associated LysR family transcriptional regulator,LysR substrate binding domain
chr1_clade_core	GCF_016899425.1|KEDGBJ_02304	COG2071	E	07010	5	5	GCF_016899425.1;GCF_053038975.1;GCF_053209605.1;GCF_905400185.1;MF6	Gamma-glutamyl-gamma-aminobutyrate hydrolase
chr1_clade_core	GCF_016899425.1|KEDGBJ_02305	COG3741	E		5	5	GCF_016899425.1;GCF_053038975.1;GCF_053209605.1;GCF_905400185.1;MF6	N-formylglutamate deformylase
chr1_clade_core	GCF_016899425.1|KEDGBJ_02306	COG0402	FR	05603	5	5	GCF_016899425.1;GCF_053038975.1;GCF_053209605.1;GCF_905400185.1;MF6	formimidoylglutamate deiminase
chr1_clade_core	GCF_016899425.1|KEDGBJ_02307				5	5	GCF_016899425.1;GCF_053038975.1;GCF_053209605.1;GCF_905400185.1;MF6	Imidazolonepropionase
chr1_clade_core	GCF_016899425.1|KEDGBJ_02309	COG2987	E	01712	5	5	GCF_016899425.1;GCF_053038975.1;GCF_053209605.1;GCF_905400185.1;MF6	urocanate hydratase
chr1_clade_core	GCF_016899425.1|KEDGBJ_02310	COG2188	K	05836	5	5	GCF_016899425.1;GCF_053038975.1;GCF_053209605.1;GCF_905400185.1;MF6	histidine utilization repressor
chr1_clade_core	GCF_016899425.1|KEDGBJ_02311	COG2986	E	01745	5	5	GCF_016899425.1;GCF_053038975.1;GCF_053209605.1;GCF_905400185.1;MF6	histidine ammonia-lyase
chr1_clade_core	GCF_016899425.1|KEDGBJ_02312	COG0834	ET		5	5	GCF_016899425.1;GCF_053038975.1;GCF_053209605.1;GCF_905400185.1;MF6	Solute-binding protein family 3/N-terminal domain-containing protein
chr1_clade_core	GCF_016899425.1|KEDGBJ_02315	COG0583	K	03566	5	5	GCF_016899425.1;GCF_053038975.1;GCF_053209605.1;GCF_905400185.1;MF6	Glycine cleavage system transcriptional activator
chr1_clade_core	GCF_016899425.1|KEDGBJ_02316				5	5	GCF_016899425.1;GCF_053038975.1;GCF_053209605.1;GCF_905400185.1;MF6	Inner membrane protein yhjX,multidrug resistance protein MdtH,Arabinose efflux permease,oxalate/formate antiporter family transporter,Major Facilitator Superfamily
chr1_clade_core	GCF_016899425.1|KEDGBJ_02317				5	5	GCF_016899425.1;GCF_053038975.1;GCF_053209605.1;GCF_905400185.1;MF6	MFS transporter
chr1_clade_core	GCF_016899425.1|KEDGBJ_02318	COG0415	L		5	5	GCF_016899425.1;GCF_053038975.1;GCF_053209605.1;GCF_905400185.1;MF6	Deoxyribodipyrimidine photo-lyase
chr1_clade_core	GCF_016899425.1|KEDGBJ_02319				5	5	GCF_016899425.1;GCF_053038975.1;GCF_053209605.1;GCF_905400185.1;MF6	Acetyltransferase
chr1_clade_core	GCF_016899425.1|KEDGBJ_02320	COG2271	G		5	5	GCF_016899425.1;GCF_053038975.1;GCF_053209605.1;GCF_905400185.1;MF6	Major facilitator transporter
chr1_clade_core	GCF_016899425.1|KEDGBJ_02323	COG0560	E		5	5	GCF_016899425.1;GCF_053038975.1;GCF_053209605.1;GCF_905400185.1;MF6	HAD family hydrolase
chr1_clade_core	GCF_016899425.1|KEDGBJ_02324				5	5	GCF_016899425.1;GCF_053038975.1;GCF_053209605.1;GCF_905400185.1;MF6	HAD family hydrolase
chr1_clade_core	GCF_016899425.1|KEDGBJ_02333	COG4147	C	14393	5	5	GCF_016899425.1;GCF_053038975.1;GCF_053209605.1;GCF_905400185.1;MF6	Na+/solute symporter
chr1_clade_core	GCF_016899425.1|KEDGBJ_02334	COG4327	S		5	5	GCF_016899425.1;GCF_053038975.1;GCF_053209605.1;GCF_905400185.1;MF6	Sodium symporter small subunit domain-containing protein
chr1_clade_core	GCF_016899425.1|KEDGBJ_02335				5	5	GCF_016899425.1;GCF_053038975.1;GCF_053209605.1;GCF_905400185.1;MF6	acetate--CoA ligase
chr1_clade_core	GCF_016899425.1|KEDGBJ_02336				5	5	GCF_016899425.1;GCF_053038975.1;GCF_053209605.1;GCF_905400185.1;MF6	EamA domain-containing protein
chr1_clade_core	GCF_016899425.1|KEDGBJ_02337				5	5	GCF_016899425.1;GCF_053038975.1;GCF_053209605.1;GCF_905400185.1;MF6	UPF0114 protein WT83_03930
chr1_clade_core	GCF_016899425.1|KEDGBJ_02338	COG1951	C	01676	5	5	GCF_016899425.1;GCF_053038975.1;GCF_053209605.1;GCF_905400185.1;MF6	Fumarate hydratase class I
chr1_clade_core	GCF_016899425.1|KEDGBJ_02339	COG2193	P	03594	5	5	GCF_016899425.1;GCF_053038975.1;GCF_053209605.1;GCF_905400185.1;MF6	bacterioferritin
chr1_clade_core	GCF_016899425.1|KEDGBJ_02340				5	5	GCF_016899425.1;GCF_053038975.1;GCF_053209605.1;GCF_905400185.1;MF6	glutamate racemase
chr1_clade_core	GCF_016899425.1|KEDGBJ_02341	COG2906	P		5	5	GCF_016899425.1;GCF_053038975.1;GCF_053209605.1;GCF_905400185.1;MF6	Bacterioferritin-associated ferredoxin
chr1_clade_core	GCF_016899425.1|KEDGBJ_02343	COG0811	U		5	5	GCF_016899425.1;GCF_053038975.1;GCF_053209605.1;GCF_905400185.1;MF6	Biopolymer transport protein ExbB
chr1_clade_core	GCF_016899425.1|KEDGBJ_02344	COG0848	U		5	5	GCF_016899425.1;GCF_053038975.1;GCF_053209605.1;GCF_905400185.1;MF6	Biopolymer transport protein
chr1_clade_core	GCF_016899425.1|KEDGBJ_02346	COG0583	K		5	5	GCF_016899425.1;GCF_053038975.1;GCF_053209605.1;GCF_905400185.1;MF6	LysR family transcriptional regulator
chr1_clade_core	GCF_016899425.1|KEDGBJ_02347	COG1741	R		5	5	GCF_016899425.1;GCF_053038975.1;GCF_053209605.1;GCF_905400185.1;MF6	Pirin
chr1_clade_core	GCF_016899425.1|KEDGBJ_02348				5	5	GCF_016899425.1;GCF_053038975.1;GCF_053209605.1;GCF_905400185.1;MF6	DUF1857 domain-containing protein
chr1_clade_core	GCF_016899425.1|KEDGBJ_02349	COG4256	HK		5	5	GCF_016899425.1;GCF_053038975.1;GCF_053209605.1;GCF_905400185.1;MF6	Hemin uptake protein HemP
chr1_clade_core	GCF_016899425.1|KEDGBJ_02351	COG0348	C		5	5	GCF_016899425.1;GCF_053038975.1;GCF_053209605.1;GCF_905400185.1;MF6	4Fe-4S ferredoxin-type domain-containing protein
chr1_clade_core	GCF_016899425.1|KEDGBJ_02352	COG0672	P	07243	5	5	GCF_016899425.1;GCF_053038975.1;GCF_053209605.1;GCF_905400185.1;MF6	High-affinity iron transporter
chr1_clade_core	GCF_016899425.1|KEDGBJ_02353				5	5	GCF_016899425.1;GCF_053038975.1;GCF_053209605.1;GCF_905400185.1;MF6	EfeO-type cupredoxin-like domain-containing protein
chr1_clade_core	GCF_016899425.1|KEDGBJ_02354	COG3470	MI	07230	5	5	GCF_016899425.1;GCF_053038975.1;GCF_053209605.1;GCF_905400185.1;MF6	34 kDa membrane antigen
chr1_clade_core	GCF_016899425.1|KEDGBJ_02355	COG0556	L	03702	5	5	GCF_016899425.1;GCF_053038975.1;GCF_053209605.1;GCF_905400185.1;MF6	excinuclease ABC subunit UvrB
chr1_clade_core	GCF_016899425.1|KEDGBJ_02356	COG1448	E		5	5	GCF_016899425.1;GCF_053038975.1;GCF_053209605.1;GCF_905400185.1;MF6	Aminotransferase
chr1_clade_core	GCF_016899425.1|KEDGBJ_02357	COG1028	I		5	5	GCF_016899425.1;GCF_053038975.1;GCF_053209605.1;GCF_905400185.1;MF6	3-hydroxybutyrate dehydrogenase
chr1_clade_core	GCF_016899425.1|KEDGBJ_02358	COG0667	HR		5	5	GCF_016899425.1;GCF_053038975.1;GCF_053209605.1;GCF_905400185.1;MF6	NADP-dependent oxidoreductase domain-containing protein
chr1_clade_core	GCF_016899425.1|KEDGBJ_02359	COG2961	J	07115	5	5	GCF_016899425.1;GCF_053038975.1;GCF_053209605.1;GCF_905400185.1;MF6	Ribosomal RNA large subunit methyltransferase J
chr1_clade_core	GCF_016899425.1|KEDGBJ_02360				5	5	GCF_016899425.1;GCF_053038975.1;GCF_053209605.1;GCF_905400185.1;MF6	PXPV repeat-containing protein
chr1_clade_core	GCF_016899425.1|KEDGBJ_02361				5	5	GCF_016899425.1;GCF_053038975.1;GCF_053209605.1;GCF_905400185.1;MF6	DUF3563 domain-containing protein
chr1_clade_core	GCF_016899425.1|KEDGBJ_02362	COG0789	K		5	5	GCF_016899425.1;GCF_053038975.1;GCF_053209605.1;GCF_905400185.1;MF6	Cu(I)-responsive transcriptional regulator
chr1_clade_core	GCF_016899425.1|KEDGBJ_02368				5	5	GCF_016899425.1;GCF_053038975.1;GCF_053209605.1;GCF_905400185.1;MF6	DUF2863 domain-containing protein
chr1_clade_core	GCF_016899425.1|KEDGBJ_02369	COG2197	TK		5	5	GCF_016899425.1;GCF_053038975.1;GCF_053209605.1;GCF_905400185.1;MF6	Helix-turn-helix transcriptional regulator
chr1_clade_core	GCF_016899425.1|KEDGBJ_02370	COG3235	R		5	5	GCF_016899425.1;GCF_053038975.1;GCF_053209605.1;GCF_905400185.1;MF6	Cobalt uptake substrate-specific transmembrane region family protein
chr1_clade_core	GCF_016899425.1|KEDGBJ_02373	COG3022	L	09861	5	5	GCF_016899425.1;GCF_053038975.1;GCF_053209605.1;GCF_905400185.1;MF6	peroxide stress protein YaaA
chr1_clade_core	GCF_016899425.1|KEDGBJ_02375				5	5	GCF_016899425.1;GCF_053038975.1;GCF_053209605.1;GCF_905400185.1;MF6	Kynurenine--oxoglutarate transaminase
chr1_clade_core	GCF_016899425.1|KEDGBJ_02376	COG0625	O		5	5	GCF_016899425.1;GCF_053038975.1;GCF_053209605.1;GCF_905400185.1;MF6	Glutathione S-transferase
chr1_clade_core	GCF_016899425.1|KEDGBJ_02377	COG1024	I		5	5	GCF_016899425.1;GCF_053038975.1;GCF_053209605.1;GCF_905400185.1;MF6	oxepin-CoA hydrolase, alternative type
chr1_clade_core	GCF_016899425.1|KEDGBJ_02378	COG0625	O		5	5	GCF_016899425.1;GCF_053038975.1;GCF_053209605.1;GCF_905400185.1;MF6	Disulfide-bond oxidoreductase YfcG
chr1_clade_core	GCF_016899425.1|KEDGBJ_02379	COG2030	I		5	5	GCF_016899425.1;GCF_053038975.1;GCF_053209605.1;GCF_905400185.1;MF6	MaoC-like domain-containing protein
chr1_clade_core	GCF_016899425.1|KEDGBJ_02380	COG2030	I		5	5	GCF_016899425.1;GCF_053038975.1;GCF_053209605.1;GCF_905400185.1;MF6	MaoC-like domain-containing protein
chr1_clade_core	GCF_016899425.1|KEDGBJ_02381	COG1960	I		5	5	GCF_016899425.1;GCF_053038975.1;GCF_053209605.1;GCF_905400185.1;MF6	Crotonobetainyl-CoA reductase
chr1_clade_core	GCF_016899425.1|KEDGBJ_02382	COG1960	I		5	5	GCF_016899425.1;GCF_053038975.1;GCF_053209605.1;GCF_905400185.1;MF6	Pimeloyl-CoA dehydrogenase large subunit
chr1_clade_core	GCF_016899425.1|KEDGBJ_02383	COG5319	S		5	5	GCF_016899425.1;GCF_053038975.1;GCF_053209605.1;GCF_905400185.1;MF6	DUF1178 domain-containing protein
chr1_clade_core	GCF_016899425.1|KEDGBJ_02384	COG0494	V		5	5	GCF_016899425.1;GCF_053038975.1;GCF_053209605.1;GCF_905400185.1;MF6	GDP-mannose pyrophosphatase
chr1_clade_core	GCF_016899425.1|KEDGBJ_02385				5	5	GCF_016899425.1;GCF_053038975.1;GCF_053209605.1;GCF_905400185.1;MF6	DUF2818 domain-containing protein
chr1_clade_core	GCF_016899425.1|KEDGBJ_02386	COG1007	C		5	5	GCF_016899425.1;GCF_053038975.1;GCF_053209605.1;GCF_905400185.1;MF6	NADH-quinone oxidoreductase subunit NuoN
chr1_clade_core	GCF_016899425.1|KEDGBJ_02387				5	5	GCF_016899425.1;GCF_053038975.1;GCF_053209605.1;GCF_905400185.1;MF6	NADH-quinone oxidoreductase subunit M
chr1_clade_core	GCF_016899425.1|KEDGBJ_02388			00341	5	5	GCF_016899425.1;GCF_053038975.1;GCF_053209605.1;GCF_905400185.1;MF6	NADH-quinone oxidoreductase subunit L
chr1_clade_core	GCF_016899425.1|KEDGBJ_02389	COG0713	C	00340	5	5	GCF_016899425.1;GCF_053038975.1;GCF_053209605.1;GCF_905400185.1;MF6	NADH-quinone oxidoreductase subunit NuoK
chr1_clade_core	GCF_016899425.1|KEDGBJ_02390	COG0839	C		5	5	GCF_016899425.1;GCF_053038975.1;GCF_053209605.1;GCF_905400185.1;MF6	NADH-quinone oxidoreductase subunit J
chr1_clade_core	GCF_016899425.1|KEDGBJ_02391	COG1143	C		5	5	GCF_016899425.1;GCF_053038975.1;GCF_053209605.1;GCF_905400185.1;MF6	NADH-quinone oxidoreductase subunit NuoI
chr1_clade_core	GCF_016899425.1|KEDGBJ_02392	COG1005	C	00337	5	5	GCF_016899425.1;GCF_053038975.1;GCF_053209605.1;GCF_905400185.1;MF6	NADH-quinone oxidoreductase subunit NuoH
chr1_clade_core	GCF_016899425.1|KEDGBJ_02393	COG1034	C		5	5	GCF_016899425.1;GCF_053038975.1;GCF_053209605.1;GCF_905400185.1;MF6	NADH-quinone oxidoreductase subunit NuoG
chr1_clade_core	GCF_016899425.1|KEDGBJ_02394				5	5	GCF_016899425.1;GCF_053038975.1;GCF_053209605.1;GCF_905400185.1;MF6	NADH-quinone oxidoreductase subunit NuoF
chr1_clade_core	GCF_016899425.1|KEDGBJ_02395	COG1905	C		5	5	GCF_016899425.1;GCF_053038975.1;GCF_053209605.1;GCF_905400185.1;MF6	NADH-quinone oxidoreductase subunit NuoE
chr1_clade_core	GCF_016899425.1|KEDGBJ_02396	COG0649	C		5	5	GCF_016899425.1;GCF_053038975.1;GCF_053209605.1;GCF_905400185.1;MF6	NADH-quinone oxidoreductase subunit D
chr1_clade_core	GCF_016899425.1|KEDGBJ_02397	COG0852	C		5	5	GCF_016899425.1;GCF_053038975.1;GCF_053209605.1;GCF_905400185.1;MF6	NADH-quinone oxidoreductase subunit C
chr1_clade_core	GCF_016899425.1|KEDGBJ_02398	COG0377	C		5	5	GCF_016899425.1;GCF_053038975.1;GCF_053209605.1;GCF_905400185.1;MF6	NADH-quinone oxidoreductase subunit B
chr1_clade_core	GCF_016899425.1|KEDGBJ_02399	COG0838	C		5	5	GCF_016899425.1;GCF_053038975.1;GCF_053209605.1;GCF_905400185.1;MF6	NADH-quinone oxidoreductase subunit A
chr1_clade_core	GCF_016899425.1|KEDGBJ_02402	COG0149	G	01803	5	5	GCF_016899425.1;GCF_053038975.1;GCF_053209605.1;GCF_905400185.1;MF6	triose-phosphate isomerase
chr1_clade_core	GCF_016899425.1|KEDGBJ_02403				5	5	GCF_016899425.1;GCF_053038975.1;GCF_053209605.1;GCF_905400185.1;MF6	Zinc-containing alcohol dehydrogenase superfamily protein
chr1_clade_core	GCF_016899425.1|KEDGBJ_02404	COG1185	J	00962	5	5	GCF_016899425.1;GCF_053038975.1;GCF_053209605.1;GCF_905400185.1;MF6	polyribonucleotide nucleotidyltransferase
chr1_clade_core	GCF_016899425.1|KEDGBJ_02405	COG0184	J		5	5	GCF_016899425.1;GCF_053038975.1;GCF_053209605.1;GCF_905400185.1;MF6	30S ribosomal protein S15
chr1_clade_core	GCF_016899425.1|KEDGBJ_02406	COG0683	E		5	5	GCF_016899425.1;GCF_053038975.1;GCF_053209605.1;GCF_905400185.1;MF6	Leucine-binding protein domain-containing protein
chr1_clade_core	GCF_016899425.1|KEDGBJ_02407				5	5	GCF_016899425.1;GCF_053038975.1;GCF_053209605.1;GCF_905400185.1;MF6	Lipoprotein
chr1_clade_core	GCF_016899425.1|KEDGBJ_02408			01673	5	5	GCF_016899425.1;GCF_053038975.1;GCF_053209605.1;GCF_905400185.1;MF6	Carbonic anhydrase
chr1_clade_core	GCF_016899425.1|KEDGBJ_02409	COG0659	P		5	5	GCF_016899425.1;GCF_053038975.1;GCF_053209605.1;GCF_905400185.1;MF6	STAS domain-containing protein
chr1_clade_core	GCF_016899425.1|KEDGBJ_02410			01649	5	5	GCF_016899425.1;GCF_053038975.1;GCF_053209605.1;GCF_905400185.1;MF6	2-isopropylmalate synthase
chr1_clade_core	GCF_016899425.1|KEDGBJ_02411	COG1183	I	17103	5	5	GCF_016899425.1;GCF_053038975.1;GCF_053209605.1;GCF_905400185.1;MF6	CDP-diacylglycerol--serine O-phosphatidyltransferase
chr1_clade_core	GCF_016899425.1|KEDGBJ_02412	COG0688	I	01613	5	5	GCF_016899425.1;GCF_053038975.1;GCF_053209605.1;GCF_905400185.1;MF6	phosphatidylserine decarboxylase
chr1_clade_core	GCF_016899425.1|KEDGBJ_02413	COG0059	EH	00053	5	5	GCF_016899425.1;GCF_053038975.1;GCF_053209605.1;GCF_905400185.1;MF6	ketol-acid reductoisomerase
chr1_clade_core	GCF_016899425.1|KEDGBJ_02414	COG0440	E	01653	5	5	GCF_016899425.1;GCF_053038975.1;GCF_053209605.1;GCF_905400185.1;MF6	acetolactate synthase small subunit
chr1_clade_core	GCF_016899425.1|KEDGBJ_02415	COG0028	EH	01652	5	5	GCF_016899425.1;GCF_053038975.1;GCF_053209605.1;GCF_905400185.1;MF6	acetolactate synthase 3 catalytic subunit
chr1_clade_core	GCF_016899425.1|KEDGBJ_02416	COG1595	K		5	5	GCF_016899425.1;GCF_053038975.1;GCF_053209605.1;GCF_905400185.1;MF6	RNA polymerase sigma factor
chr1_clade_core	GCF_016899425.1|KEDGBJ_02417				5	5	GCF_016899425.1;GCF_053038975.1;GCF_053209605.1;GCF_905400185.1;MF6	DUF3619 domain-containing protein
chr1_clade_core	GCF_016899425.1|KEDGBJ_02418				5	5	GCF_016899425.1;GCF_053038975.1;GCF_053209605.1;GCF_905400185.1;MF6	DUF3106 domain-containing protein
chr1_clade_core	GCF_016899425.1|KEDGBJ_02419				5	5	GCF_016899425.1;GCF_053038975.1;GCF_053209605.1;GCF_905400185.1;MF6	RDD domain-containing protein
chr1_clade_core	GCF_016899425.1|KEDGBJ_02420	COG2908	M	03269	5	5	GCF_016899425.1;GCF_053038975.1;GCF_053209605.1;GCF_905400185.1;MF6	Serine/threonine protein phosphatase
chr1_clade_core	GCF_016899425.1|KEDGBJ_02421			27597	5	5	GCF_016899425.1;GCF_053038975.1;GCF_053209605.1;GCF_905400185.1;MF6	Glycosyl transferase, group 1
chr1_clade_core	GCF_016899425.1|KEDGBJ_02422	COG0818	I		5	5	GCF_016899425.1;GCF_053038975.1;GCF_053209605.1;GCF_905400185.1;MF6	Diacylglycerol kinase
chr1_clade_core	GCF_016899425.1|KEDGBJ_02423	COG1309	K		5	5	GCF_016899425.1;GCF_053038975.1;GCF_053209605.1;GCF_905400185.1;MF6	HTH-type transcriptional regulator TtgR
chr1_clade_core	GCF_016899425.1|KEDGBJ_02424				5	5	GCF_016899425.1;GCF_053038975.1;GCF_053209605.1;GCF_905400185.1;MF6	Cytokinin riboside 5'-monophosphate phosphoribohydrolase
chr1_clade_core	GCF_016899425.1|KEDGBJ_02425	COG1028	I		5	5	GCF_016899425.1;GCF_053038975.1;GCF_053209605.1;GCF_905400185.1;MF6	SDR family oxidoreductase
chr1_clade_core	GCF_016899425.1|KEDGBJ_02426	COG1807	M		5	5	GCF_016899425.1;GCF_053038975.1;GCF_053209605.1;GCF_905400185.1;MF6	Glycosyl transferase
chr1_clade_core	GCF_016899425.1|KEDGBJ_02427	COG3803	S		5	5	GCF_016899425.1;GCF_053038975.1;GCF_053209605.1;GCF_905400185.1;MF6	DUF924 domain-containing protein
chr1_clade_core	GCF_016899425.1|KEDGBJ_02428	COG2872	J		5	5	GCF_016899425.1;GCF_053038975.1;GCF_053209605.1;GCF_905400185.1;MF6	Ala-tRNA(Pro) hydrolase
chr1_clade_core	GCF_016899425.1|KEDGBJ_02429	COG2346	P		5	5	GCF_016899425.1;GCF_053038975.1;GCF_053209605.1;GCF_905400185.1;MF6	Cyanoglobin
chr1_clade_core	GCF_016899425.1|KEDGBJ_02430				5	5	GCF_016899425.1;GCF_053038975.1;GCF_053209605.1;GCF_905400185.1;MF6	ABC transporter permease
chr1_clade_core	GCF_016899425.1|KEDGBJ_02431				5	5	GCF_016899425.1;GCF_053038975.1;GCF_053209605.1;GCF_905400185.1;MF6	DUF4126 domain-containing protein
chr1_clade_core	GCF_016899425.1|KEDGBJ_02432	COG2076	V	11741	5	5	GCF_016899425.1;GCF_053038975.1;GCF_053209605.1;GCF_905400185.1;MF6	quaternary ammonium compound efflux SMR transporter SugE
chr1_clade_core	GCF_016899425.1|KEDGBJ_02433			09712	5	5	GCF_016899425.1;GCF_053038975.1;GCF_053209605.1;GCF_905400185.1;MF6	Hemolysin
chr1_clade_core	GCF_016899425.1|KEDGBJ_02434	COG0745	TK	07667	5	5	GCF_016899425.1;GCF_053038975.1;GCF_053209605.1;GCF_905400185.1;MF6	two-component system response regulator KdpE
chr1_clade_core	GCF_016899425.1|KEDGBJ_02435	COG2205	T		5	5	GCF_016899425.1;GCF_053038975.1;GCF_053209605.1;GCF_905400185.1;MF6	histidine kinase
chr1_clade_core	GCF_016899425.1|KEDGBJ_02436	COG2156	P		5	5	GCF_016899425.1;GCF_053038975.1;GCF_053209605.1;GCF_905400185.1;MF6	potassium-transporting ATPase subunit KdpC
chr1_clade_core	GCF_016899425.1|KEDGBJ_02437				5	5	GCF_016899425.1;GCF_053038975.1;GCF_053209605.1;GCF_905400185.1;MF6	potassium-transporting ATPase subunit KdpB
chr1_clade_core	GCF_016899425.1|KEDGBJ_02438	COG2060	P	01546	5	5	GCF_016899425.1;GCF_053038975.1;GCF_053209605.1;GCF_905400185.1;MF6	potassium-transporting ATPase subunit KdpA
chr1_clade_core	GCF_016899425.1|KEDGBJ_02439				5	5	GCF_016899425.1;GCF_053038975.1;GCF_053209605.1;GCF_905400185.1;MF6	ATPase
chr1_clade_core	GCF_016899425.1|KEDGBJ_02440				5	5	GCF_016899425.1;GCF_053038975.1;GCF_053209605.1;GCF_905400185.1;MF6	Potassium-transporting ATPase subunit A
chr1_clade_core	GCF_016899425.1|KEDGBJ_02441	COG0604	CR		5	5	GCF_016899425.1;GCF_053038975.1;GCF_053209605.1;GCF_905400185.1;MF6	NADPH2:quinone reductase
chr1_clade_core	GCF_016899425.1|KEDGBJ_02443	COG1803	G	01734	5	5	GCF_016899425.1;GCF_053038975.1;GCF_053209605.1;GCF_905400185.1;MF6	methylglyoxal synthase
chr1_clade_core	GCF_016899425.1|KEDGBJ_02444	COG1028	I		5	5	GCF_016899425.1;GCF_053038975.1;GCF_053209605.1;GCF_905400185.1;MF6	3-oxoacyl-[acyl-carrier protein] reductase
chr1_clade_core	GCF_016899425.1|KEDGBJ_02445	COG0035	F		5	5	GCF_016899425.1;GCF_053038975.1;GCF_053209605.1;GCF_905400185.1;MF6	uracil phosphoribosyltransferase
chr1_clade_core	GCF_016899425.1|KEDGBJ_02446	COG0217	KJ		5	5	GCF_016899425.1;GCF_053038975.1;GCF_053209605.1;GCF_905400185.1;MF6	YebC/PmpR family DNA-binding transcriptional regulator
chr1_clade_core	GCF_016899425.1|KEDGBJ_02447	COG0151	F		5	5	GCF_016899425.1;GCF_053038975.1;GCF_053209605.1;GCF_905400185.1;MF6	Phosphoribosylamine--glycine ligase
chr1_clade_core	GCF_016899425.1|KEDGBJ_02448	COG0408	H		5	5	GCF_016899425.1;GCF_053038975.1;GCF_053209605.1;GCF_905400185.1;MF6	oxygen-dependent coproporphyrinogen oxidase
chr1_clade_core	GCF_016899425.1|KEDGBJ_02449	COG1057	H		5	5	GCF_016899425.1;GCF_053038975.1;GCF_053209605.1;GCF_905400185.1;MF6	nicotinate-nucleotide adenylyltransferase
chr1_clade_core	GCF_016899425.1|KEDGBJ_02450				5	5	GCF_016899425.1;GCF_053038975.1;GCF_053209605.1;GCF_905400185.1;MF6	ribosome silencing factor
chr1_clade_core	GCF_016899425.1|KEDGBJ_02451	COG1576	J	00783	5	5	GCF_016899425.1;GCF_053038975.1;GCF_053209605.1;GCF_905400185.1;MF6	23S rRNA (pseudouridine(1915)-N(3))-methyltransferase RlmH
chr1_clade_core	GCF_016899425.1|KEDGBJ_02452				5	5	GCF_016899425.1;GCF_053038975.1;GCF_053209605.1;GCF_905400185.1;MF6	dTTP/UTP pyrophosphatase
chr1_clade_core	GCF_016899425.1|KEDGBJ_02453	COG1530	J		5	5	GCF_016899425.1;GCF_053038975.1;GCF_053209605.1;GCF_905400185.1;MF6	ribonuclease G
chr1_clade_core	GCF_016899425.1|KEDGBJ_02456			09923	5	5	GCF_016899425.1;GCF_053038975.1;GCF_053209605.1;GCF_905400185.1;MF6	DUF469 domain-containing protein
chr1_clade_core	GCF_016899425.1|KEDGBJ_02457				5	5	GCF_016899425.1;GCF_053038975.1;GCF_053209605.1;GCF_905400185.1;MF6	PRC-barrel domain-containing protein
chr1_clade_core	GCF_016899425.1|KEDGBJ_02458				5	5	GCF_016899425.1;GCF_053038975.1;GCF_053209605.1;GCF_905400185.1;MF6	MFS transporter
chr1_clade_core	GCF_016899425.1|KEDGBJ_02459				5	5	GCF_016899425.1;GCF_053038975.1;GCF_053209605.1;GCF_905400185.1;MF6	Integral membrane bound transporter domain-containing protein
chr1_clade_core	GCF_016899425.1|KEDGBJ_02460			23243	5	5	GCF_016899425.1;GCF_053038975.1;GCF_053209605.1;GCF_905400185.1;MF6	RcnB family protein
chr1_clade_core	GCF_016899425.1|KEDGBJ_02461				5	5	GCF_016899425.1;GCF_053038975.1;GCF_053209605.1;GCF_905400185.1;MF6	lipid A export permease/ATP-binding protein MsbA
chr1_clade_core	GCF_016899425.1|KEDGBJ_02462	COG0463	M		5	5	GCF_016899425.1;GCF_053038975.1;GCF_053209605.1;GCF_905400185.1;MF6	Glycosyl transferase, family 2
chr1_clade_core	GCF_016899425.1|KEDGBJ_02463	COG1216	G		5	5	GCF_016899425.1;GCF_053038975.1;GCF_053209605.1;GCF_905400185.1;MF6	Glycosyltransferase 2-like domain-containing protein
chr1_clade_core	GCF_016899425.1|KEDGBJ_02465				5	5	GCF_016899425.1;GCF_053038975.1;GCF_053209605.1;GCF_905400185.1;MF6	Glycosyl transferase family 9
chr1_clade_core	GCF_016899425.1|KEDGBJ_02466				5	5	GCF_016899425.1;GCF_053038975.1;GCF_053209605.1;GCF_905400185.1;MF6	Glycosyl transferase family 9
chr1_clade_core	GCF_016899425.1|KEDGBJ_02467	COG0587	L		5	5	GCF_016899425.1;GCF_053038975.1;GCF_053209605.1;GCF_905400185.1;MF6	DNA polymerase III subunit alpha
chr1_clade_core	GCF_016899425.1|KEDGBJ_02468	COG1054	J	07146	5	5	GCF_016899425.1;GCF_053038975.1;GCF_053209605.1;GCF_905400185.1;MF6	sulfurtransferase
chr1_clade_core	GCF_016899425.1|KEDGBJ_02469				5	5	GCF_016899425.1;GCF_053038975.1;GCF_053209605.1;GCF_905400185.1;MF6	tRNA glutamyl-Q(34) synthetase GluQRS
chr1_clade_core	GCF_016899425.1|KEDGBJ_02470	COG0513	L		5	5	GCF_016899425.1;GCF_053038975.1;GCF_053209605.1;GCF_905400185.1;MF6	ATP-dependent RNA helicase RhlE
chr1_clade_core	GCF_016899425.1|KEDGBJ_02471	COG3895	M		5	5	GCF_016899425.1;GCF_053038975.1;GCF_053209605.1;GCF_905400185.1;MF6	C-type lysozyme inhibitor domain-containing protein
chr1_clade_core	GCF_016899425.1|KEDGBJ_02472				5	5	GCF_016899425.1;GCF_053038975.1;GCF_053209605.1;GCF_905400185.1;MF6	Lipoprotein
chr1_clade_core	GCF_016899425.1|KEDGBJ_02473	COG0027	F	08289	5	5	GCF_016899425.1;GCF_053038975.1;GCF_053209605.1;GCF_905400185.1;MF6	formate-dependent phosphoribosylglycinamide formyltransferase
chr1_clade_core	GCF_016899425.1|KEDGBJ_02474	COG3187	O		5	5	GCF_016899425.1;GCF_053038975.1;GCF_053209605.1;GCF_905400185.1;MF6	DUF306 domain-containing protein
chr1_clade_core	GCF_016899425.1|KEDGBJ_02476	COG2706	G		5	5	GCF_016899425.1;GCF_053038975.1;GCF_053209605.1;GCF_905400185.1;MF6	6-phosphogluconolactonase
chr1_clade_core	GCF_016899425.1|KEDGBJ_02477	COG3387	G		5	5	GCF_016899425.1;GCF_053038975.1;GCF_053209605.1;GCF_905400185.1;MF6	Glycoside hydrolase 15-like protein
chr1_clade_core	GCF_016899425.1|KEDGBJ_02478	COG4553	I		5	5	GCF_016899425.1;GCF_053038975.1;GCF_053209605.1;GCF_905400185.1;MF6	Polyhydroxyalkanoate depolymerase
chr1_clade_core	GCF_016899425.1|KEDGBJ_02479	COG1309	K		5	5	GCF_016899425.1;GCF_053038975.1;GCF_053209605.1;GCF_905400185.1;MF6	TetR family transcriptional regulator
chr1_clade_core	GCF_016899425.1|KEDGBJ_02480	COG2878	C		5	5	GCF_016899425.1;GCF_053038975.1;GCF_053209605.1;GCF_905400185.1;MF6	electron transport complex subunit RsxB
chr1_clade_core	GCF_016899425.1|KEDGBJ_02481	COG0177	L		5	5	GCF_016899425.1;GCF_053038975.1;GCF_053209605.1;GCF_905400185.1;MF6	endonuclease III
chr1_clade_core	GCF_016899425.1|KEDGBJ_02482	COG0697	GER		5	5	GCF_016899425.1;GCF_053038975.1;GCF_053209605.1;GCF_905400185.1;MF6	EamA domain-containing protein
chr1_clade_core	GCF_016899425.1|KEDGBJ_02483				5	5	GCF_016899425.1;GCF_053038975.1;GCF_053209605.1;GCF_905400185.1;MF6	AmpD protein
chr1_clade_core	GCF_016899425.1|KEDGBJ_02484	COG2863	C		5	5	GCF_016899425.1;GCF_053038975.1;GCF_053209605.1;GCF_905400185.1;MF6	Cytochrome c553
chr1_clade_core	GCF_016899425.1|KEDGBJ_02485	COG2863	C		5	5	GCF_016899425.1;GCF_053038975.1;GCF_053209605.1;GCF_905400185.1;MF6	Cytochrome c553
chr1_clade_core	GCF_016899425.1|KEDGBJ_02486	COG0714	R		5	5	GCF_016899425.1;GCF_053038975.1;GCF_053209605.1;GCF_905400185.1;MF6	AAA+ ATPase domain-containing protein
chr1_clade_core	GCF_016899425.1|KEDGBJ_02487	COG3825	S	09989	5	5	GCF_016899425.1;GCF_053038975.1;GCF_053209605.1;GCF_905400185.1;MF6	VWA domain-containing protein
chr1_clade_core	GCF_016899425.1|KEDGBJ_02488	COG3135	Q		5	5	GCF_016899425.1;GCF_053038975.1;GCF_053209605.1;GCF_905400185.1;MF6	Benzoate/H(+) symporter BenE family transporter
chr1_clade_core	GCF_016899425.1|KEDGBJ_02489	COG0176	G	00616	5	5	GCF_016899425.1;GCF_053038975.1;GCF_053209605.1;GCF_905400185.1;MF6	transaldolase
chr1_clade_core	GCF_016899425.1|KEDGBJ_02490	COG2764	C		5	5	GCF_016899425.1;GCF_053038975.1;GCF_053209605.1;GCF_905400185.1;MF6	PhnB-like domain-containing protein
chr1_clade_core	GCF_016899425.1|KEDGBJ_02491	COG0591	E		5	5	GCF_016899425.1;GCF_053038975.1;GCF_053209605.1;GCF_905400185.1;MF6	monocarboxylate uptake permease MctP
chr1_clade_core	GCF_016899425.1|KEDGBJ_02492				5	5	GCF_016899425.1;GCF_053038975.1;GCF_053209605.1;GCF_905400185.1;MF6	Membrane protein
chr1_clade_core	GCF_016899425.1|KEDGBJ_02493	COG0421	E		5	5	GCF_016899425.1;GCF_053038975.1;GCF_053209605.1;GCF_905400185.1;MF6	Polyamine aminopropyltransferase
chr1_clade_core	GCF_016899425.1|KEDGBJ_02497				5	5	GCF_016899425.1;GCF_053038975.1;GCF_053209605.1;GCF_905400185.1;MF6	DNA-deoxyinosine glycosylase
chr1_clade_core	GCF_016899425.1|KEDGBJ_02498			03181	5	5	GCF_016899425.1;GCF_053038975.1;GCF_053209605.1;GCF_905400185.1;MF6	putative chorismate pyruvate-lyase
chr1_clade_core	GCF_016899425.1|KEDGBJ_02499	COG0326	O		5	5	GCF_016899425.1;GCF_053038975.1;GCF_053209605.1;GCF_905400185.1;MF6	molecular chaperone HtpG
chr1_clade_core	GCF_016899425.1|KEDGBJ_02500	COG1167	KE		5	5	GCF_016899425.1;GCF_053038975.1;GCF_053209605.1;GCF_905400185.1;MF6	HTH gntR-type domain-containing protein
chr1_clade_core	GCF_016899425.1|KEDGBJ_02501				5	5	GCF_016899425.1;GCF_053038975.1;GCF_053209605.1;GCF_905400185.1;MF6	Glyoxalase-like domain-containing protein
chr1_clade_core	GCF_016899425.1|KEDGBJ_02502				5	5	GCF_016899425.1;GCF_053038975.1;GCF_053209605.1;GCF_905400185.1;MF6	EamA domain-containing protein
chr1_clade_core	GCF_016899425.1|KEDGBJ_02503	COG1167	KE		5	5	GCF_016899425.1;GCF_053038975.1;GCF_053209605.1;GCF_905400185.1;MF6	Class I and II aminotransferase
chr1_clade_core	GCF_016899425.1|KEDGBJ_02504	COG0251	V		5	5	GCF_016899425.1;GCF_053038975.1;GCF_053209605.1;GCF_905400185.1;MF6	Endoribonuclease L-PSP/chorismate mutase-like domain-containing protein
chr1_clade_core	GCF_016899425.1|KEDGBJ_02505			06998	5	5	GCF_016899425.1;GCF_053038975.1;GCF_053209605.1;GCF_905400185.1;MF6	Phenazine biosynthesis, PhzF family protein
chr1_clade_core	GCF_016899425.1|KEDGBJ_02506	COG2200	T		5	5	GCF_016899425.1;GCF_053038975.1;GCF_053209605.1;GCF_905400185.1;MF6	Diguanylate cyclase/phosphodiesterase
chr1_clade_core	GCF_016899425.1|KEDGBJ_02507	COG2059	P	07240	5	5	GCF_016899425.1;GCF_053038975.1;GCF_053209605.1;GCF_905400185.1;MF6	Chromate transporter
chr1_clade_core	GCF_016899425.1|KEDGBJ_02508	COG4125	Q		5	5	GCF_016899425.1;GCF_053038975.1;GCF_053209605.1;GCF_905400185.1;MF6	multidrug/biocide efflux PACE transporter
chr1_clade_core	GCF_016899425.1|KEDGBJ_02509	COG0583	K		5	5	GCF_016899425.1;GCF_053038975.1;GCF_053209605.1;GCF_905400185.1;MF6	Cyn operon transcriptional activator,putative DNA-binding transcriptional regulator,aminoethylphosphonate catabolism associated LysR family transcriptional regulator,LysR substrate binding domain
chr1_clade_core	GCF_016899425.1|KEDGBJ_02510	COG5615	P		5	5	GCF_016899425.1;GCF_053038975.1;GCF_053209605.1;GCF_905400185.1;MF6	Copper resistance protein D domain-containing protein
chr1_clade_core	GCF_016899425.1|KEDGBJ_02511	COG0188	L		5	5	GCF_016899425.1;GCF_053038975.1;GCF_053209605.1;GCF_905400185.1;MF6	DNA topoisomerase IV subunit A
chr1_clade_core	GCF_016899425.1|KEDGBJ_02512	COG0187	L		5	5	GCF_016899425.1;GCF_053038975.1;GCF_053209605.1;GCF_905400185.1;MF6	DNA topoisomerase 4 subunit B
chr1_clade_core	GCF_016899425.1|KEDGBJ_02513	COG0488	R		5	5	GCF_016899425.1;GCF_053038975.1;GCF_053209605.1;GCF_905400185.1;MF6	ribosomal protection-like ABC-F family protein
chr1_clade_core	GCF_016899425.1|KEDGBJ_02514				5	5	GCF_016899425.1;GCF_053038975.1;GCF_053209605.1;GCF_905400185.1;MF6	DUF4399 domain-containing protein
chr1_clade_core	GCF_016899425.1|KEDGBJ_02515				5	5	GCF_016899425.1;GCF_053038975.1;GCF_053209605.1;GCF_905400185.1;MF6	Rubredoxin
chr1_clade_core	GCF_016899425.1|KEDGBJ_02520				5	5	GCF_016899425.1;GCF_053038975.1;GCF_053209605.1;GCF_905400185.1;MF6	Class I SAM-dependent methyltransferase
chr1_clade_core	GCF_016899425.1|KEDGBJ_02521				5	5	GCF_016899425.1;GCF_053038975.1;GCF_053209605.1;GCF_905400185.1;MF6	4Fe-4S dicluster domain-containing protein
chr1_clade_core	GCF_016899425.1|KEDGBJ_02522				5	5	GCF_016899425.1;GCF_053038975.1;GCF_053209605.1;GCF_905400185.1;MF6	Transmembrane protein
chr1_clade_core	GCF_016899425.1|KEDGBJ_02523				5	5	GCF_016899425.1;GCF_053038975.1;GCF_053209605.1;GCF_905400185.1;MF6	RNA polymerase, sigma-24 subunit, ECF subfamily
chr1_clade_core	GCF_016899425.1|KEDGBJ_02525				5	5	GCF_016899425.1;GCF_053038975.1;GCF_053209605.1;GCF_905400185.1;MF6	DUF4148 domain-containing protein
chr1_clade_core	GCF_016899425.1|KEDGBJ_02526	COG1028	I		5	5	GCF_016899425.1;GCF_053038975.1;GCF_053209605.1;GCF_905400185.1;MF6	Cyclic-di-GMP-binding biofilm dispersal mediator protein
chr1_clade_core	GCF_016899425.1|KEDGBJ_02527			22041	5	5	GCF_016899425.1;GCF_053038975.1;GCF_053209605.1;GCF_905400185.1;MF6	TetR family transcriptional regulator
chr1_clade_core	GCF_016899425.1|KEDGBJ_02528			08276	5	5	GCF_016899425.1;GCF_053038975.1;GCF_053209605.1;GCF_905400185.1;MF6	serine protease inhibitor ecotin
chr1_clade_core	GCF_016899425.1|KEDGBJ_02529				5	5	GCF_016899425.1;GCF_053038975.1;GCF_053209605.1;GCF_905400185.1;MF6	Lipoprotein
chr1_clade_core	GCF_016899425.1|KEDGBJ_02530				5	5	GCF_016899425.1;GCF_053038975.1;GCF_053209605.1;GCF_905400185.1;MF6	Ecotin
chr1_clade_core	GCF_016899425.1|KEDGBJ_02531				5	5	GCF_016899425.1;GCF_053038975.1;GCF_053209605.1;GCF_905400185.1;MF6	DUF5594 domain-containing protein
chr1_clade_core	GCF_016899425.1|KEDGBJ_02532	COG2814	G		5	5	GCF_016899425.1;GCF_053038975.1;GCF_053209605.1;GCF_905400185.1;MF6	Major facilitator superfamily (MFS) profile domain-containing protein
chr1_clade_core	GCF_016899425.1|KEDGBJ_02533				5	5	GCF_016899425.1;GCF_053038975.1;GCF_053209605.1;GCF_905400185.1;MF6	ATPase-like protein
chr1_clade_core	GCF_016899425.1|KEDGBJ_02534	COG0380	G		5	5	GCF_016899425.1;GCF_053038975.1;GCF_053209605.1;GCF_905400185.1;MF6	alpha,alpha-trehalose-phosphate synthase (UDP-forming)
chr1_clade_core	GCF_016899425.1|KEDGBJ_02535				5	5	GCF_016899425.1;GCF_053038975.1;GCF_053209605.1;GCF_905400185.1;MF6	MARCKS-like protein
chr1_clade_core	GCF_016899425.1|KEDGBJ_02536				5	5	GCF_016899425.1;GCF_053038975.1;GCF_053209605.1;GCF_905400185.1;MF6	Lipoprotein
chr1_clade_core	GCF_016899425.1|KEDGBJ_02537				5	5	GCF_016899425.1;GCF_053038975.1;GCF_053209605.1;GCF_905400185.1;MF6	Lipoprotein
chr1_clade_core	GCF_016899425.1|KEDGBJ_02540	COG4754	R		5	5	GCF_016899425.1;GCF_053038975.1;GCF_053209605.1;GCF_905400185.1;MF6	ABC transporter domain-containing protein
chr1_clade_core	GCF_016899425.1|KEDGBJ_02541	COG4986	P		5	5	GCF_016899425.1;GCF_053038975.1;GCF_053209605.1;GCF_905400185.1;MF6	ABC transmembrane type-1 domain-containing protein
chr1_clade_core	GCF_016899425.1|KEDGBJ_02542				5	5	GCF_016899425.1;GCF_053038975.1;GCF_053209605.1;GCF_905400185.1;MF6	Bacteriophage protein
chr1_clade_core	GCF_016899425.1|KEDGBJ_02543	COG0642	T		5	5	GCF_016899425.1;GCF_053038975.1;GCF_053209605.1;GCF_905400185.1;MF6	histidine kinase
chr1_clade_core	GCF_016899425.1|KEDGBJ_02544	COG0745	TK		5	5	GCF_016899425.1;GCF_053038975.1;GCF_053209605.1;GCF_905400185.1;MF6	Response regulator
chr1_clade_core	GCF_016899425.1|KEDGBJ_02545			06006	5	5	GCF_016899425.1;GCF_053038975.1;GCF_053209605.1;GCF_905400185.1;MF6	Periplasmic heavy metal sensor
chr1_clade_core	GCF_016899425.1|KEDGBJ_02546				5	5	GCF_016899425.1;GCF_053038975.1;GCF_053209605.1;GCF_905400185.1;MF6	Quercetin 2,3-dioxygenase
chr1_clade_core	GCF_016899425.1|KEDGBJ_02547	COG0834	ET		5	5	GCF_016899425.1;GCF_053038975.1;GCF_053209605.1;GCF_905400185.1;MF6	Solute-binding protein family 3/N-terminal domain-containing protein
chr1_clade_core	GCF_016899425.1|KEDGBJ_02548	COG4215	E	10016	5	5	GCF_016899425.1;GCF_053038975.1;GCF_053209605.1;GCF_905400185.1;MF6	Amino acid ABC transporter membrane protein 1, PAAT family
chr1_clade_core	GCF_016899425.1|KEDGBJ_02549	COG4160	E		5	5	GCF_016899425.1;GCF_053038975.1;GCF_053209605.1;GCF_905400185.1;MF6	Histidine/lysine/arginine/ornithine transport system permease protein HisM
chr1_clade_core	GCF_016899425.1|KEDGBJ_02551	COG0456	J		5	5	GCF_016899425.1;GCF_053038975.1;GCF_053209605.1;GCF_905400185.1;MF6	Diamine N-acetyltransferase
chr1_clade_core	GCF_016899425.1|KEDGBJ_02552	COG0583	K		5	5	GCF_016899425.1;GCF_053038975.1;GCF_053209605.1;GCF_905400185.1;MF6	LysR family transcriptional regulator
chr1_clade_core	GCF_016899425.1|KEDGBJ_02553	COG3203	M		5	5	GCF_016899425.1;GCF_053038975.1;GCF_053209605.1;GCF_905400185.1;MF6	Outer membrane protein (Porin)-like protein
chr1_clade_core	GCF_016899425.1|KEDGBJ_02554	COG0347	TE		5	5	GCF_016899425.1;GCF_053038975.1;GCF_053209605.1;GCF_905400185.1;MF6	Nitrogen regulatory protein P-II 1
chr1_clade_core	GCF_016899425.1|KEDGBJ_02555				5	5	GCF_016899425.1;GCF_053038975.1;GCF_053209605.1;GCF_905400185.1;MF6	NAD+ synthase
chr1_clade_core	GCF_016899425.1|KEDGBJ_02556	COG3146	R		5	5	GCF_016899425.1;GCF_053038975.1;GCF_053209605.1;GCF_905400185.1;MF6	N-acetyltransferase domain-containing protein
chr1_clade_core	GCF_016899425.1|KEDGBJ_02557	COG1472	G		5	5	GCF_016899425.1;GCF_053038975.1;GCF_053209605.1;GCF_905400185.1;MF6	Glycosyl hydrolase
chr1_clade_core	GCF_016899425.1|KEDGBJ_02558	COG2207	K		5	5	GCF_016899425.1;GCF_053038975.1;GCF_053209605.1;GCF_905400185.1;MF6	Transcriptional regulator, AraC family
chr1_clade_core	GCF_016899425.1|KEDGBJ_02560	COG0221	C		5	5	GCF_016899425.1;GCF_053038975.1;GCF_053209605.1;GCF_905400185.1;MF6	inorganic diphosphatase
chr1_clade_core	GCF_016899425.1|KEDGBJ_02561	COG1012	I		5	5	GCF_016899425.1;GCF_053038975.1;GCF_053209605.1;GCF_905400185.1;MF6	Aldehyde dehydrogenase
chr1_clade_core	GCF_016899425.1|KEDGBJ_02562	COG1028	I		5	5	GCF_016899425.1;GCF_053038975.1;GCF_053209605.1;GCF_905400185.1;MF6	3-oxoacyl-ACP reductase
chr1_clade_core	GCF_016899425.1|KEDGBJ_02563	COG2271	G	13021	5	5	GCF_016899425.1;GCF_053038975.1;GCF_053209605.1;GCF_905400185.1;MF6	Major facilitator superfamily (MFS_1) transporter
chr1_clade_core	GCF_016899425.1|KEDGBJ_02565				5	5	GCF_016899425.1;GCF_053038975.1;GCF_053209605.1;GCF_905400185.1;MF6	Hydrolase
chr1_clade_core	GCF_016899425.1|KEDGBJ_02566	COG3071	S		5	5	GCF_016899425.1;GCF_053038975.1;GCF_053209605.1;GCF_905400185.1;MF6	HemY N-terminal domain-containing protein
chr1_clade_core	GCF_016899425.1|KEDGBJ_02567	COG2959	R	13543	5	5	GCF_016899425.1;GCF_053038975.1;GCF_053209605.1;GCF_905400185.1;MF6	fused uroporphyrinogen-III synthase HemD/membrane protein HemX
chr1_clade_core	GCF_016899425.1|KEDGBJ_02568	COG0181	H	01749	5	5	GCF_016899425.1;GCF_053038975.1;GCF_053209605.1;GCF_905400185.1;MF6	hydroxymethylbilane synthase
chr1_clade_core	GCF_016899425.1|KEDGBJ_02569	COG2352	C	01595	5	5	GCF_016899425.1;GCF_053038975.1;GCF_053209605.1;GCF_905400185.1;MF6	phosphoenolpyruvate carboxylase
chr1_clade_core	GCF_016899425.1|KEDGBJ_02570	COG2226	HJ		5	5	GCF_016899425.1;GCF_053038975.1;GCF_053209605.1;GCF_905400185.1;MF6	Putative methyltransferase YcgJ
chr1_clade_core	GCF_016899425.1|KEDGBJ_02571				5	5	GCF_016899425.1;GCF_053038975.1;GCF_053209605.1;GCF_905400185.1;MF6	Transcriptional regulator, XRE family
chr1_clade_core	GCF_016899425.1|KEDGBJ_02572			27078	5	5	GCF_016899425.1;GCF_053038975.1;GCF_053209605.1;GCF_905400185.1;MF6	Spore coat protein U/FanG domain-containing protein
chr1_clade_core	GCF_016899425.1|KEDGBJ_02573			27078	5	5	GCF_016899425.1;GCF_053038975.1;GCF_053209605.1;GCF_905400185.1;MF6	Spore coat protein U
chr1_clade_core	GCF_016899425.1|KEDGBJ_02574				5	5	GCF_016899425.1;GCF_053038975.1;GCF_053209605.1;GCF_905400185.1;MF6	Pilus assembly protein PapD
chr1_clade_core	GCF_016899425.1|KEDGBJ_02575			07347	5	5	GCF_016899425.1;GCF_053038975.1;GCF_053209605.1;GCF_905400185.1;MF6	Outer membrane usher protein
chr1_clade_core	GCF_016899425.1|KEDGBJ_02576	COG0165	E	01755	5	5	GCF_016899425.1;GCF_053038975.1;GCF_053209605.1;GCF_905400185.1;MF6	argininosuccinate lyase
chr1_clade_core	GCF_016899425.1|KEDGBJ_02577	COG0637	G		5	5	GCF_016899425.1;GCF_053038975.1;GCF_053209605.1;GCF_905400185.1;MF6	Haloacid dehalogenase
chr1_clade_core	GCF_016899425.1|KEDGBJ_02578				5	5	GCF_016899425.1;GCF_053038975.1;GCF_053209605.1;GCF_905400185.1;MF6	LprI family protein
chr1_clade_core	GCF_016899425.1|KEDGBJ_02579	COG1982	E	01584	5	5	GCF_016899425.1;GCF_053038975.1;GCF_053209605.1;GCF_905400185.1;MF6	Arginine decarboxylase, Ornithine decarboxylase, Lysine decarboxylase
chr1_clade_core	GCF_016899425.1|KEDGBJ_02580	COG0717	F	01494	5	5	GCF_016899425.1;GCF_053038975.1;GCF_053209605.1;GCF_905400185.1;MF6	dCTP deaminase
chr1_clade_core	GCF_016899425.1|KEDGBJ_02581	COG2032	P		5	5	GCF_016899425.1;GCF_053038975.1;GCF_053209605.1;GCF_905400185.1;MF6	superoxide dismutase [Cu-Zn]
chr1_clade_core	GCF_016899425.1|KEDGBJ_02582	COG0489	D		5	5	GCF_016899425.1;GCF_053038975.1;GCF_053209605.1;GCF_905400185.1;MF6	iron-sulfur cluster carrier protein ApbC
chr1_clade_core	GCF_016899425.1|KEDGBJ_02583	COG2885	M		5	5	GCF_016899425.1;GCF_053038975.1;GCF_053209605.1;GCF_905400185.1;MF6	OmpA-like domain-containing protein
chr1_clade_core	GCF_016899425.1|KEDGBJ_02585	COG0143	J		5	5	GCF_016899425.1;GCF_053038975.1;GCF_053209605.1;GCF_905400185.1;MF6	methionine--tRNA ligase
chr1_clade_core	GCF_016899425.1|KEDGBJ_02587	COG0729	M		5	5	GCF_016899425.1;GCF_053038975.1;GCF_053209605.1;GCF_905400185.1;MF6	POTRA domain-containing protein
chr1_clade_core	GCF_016899425.1|KEDGBJ_02588				5	5	GCF_016899425.1;GCF_053038975.1;GCF_053209605.1;GCF_905400185.1;MF6	DUF3460 domain-containing protein
chr1_clade_core	GCF_016899425.1|KEDGBJ_02589	COG1354	L	05896	5	5	GCF_016899425.1;GCF_053038975.1;GCF_053209605.1;GCF_905400185.1;MF6	Segregation and condensation protein A
chr1_clade_core	GCF_016899425.1|KEDGBJ_02590	COG0414	H	01918	5	5	GCF_016899425.1;GCF_053038975.1;GCF_053209605.1;GCF_905400185.1;MF6	pantoate--beta-alanine ligase
chr1_clade_core	GCF_016899425.1|KEDGBJ_02591	COG0853	H	01579	5	5	GCF_016899425.1;GCF_053038975.1;GCF_053209605.1;GCF_905400185.1;MF6	aspartate 1-decarboxylase
chr1_clade_core	GCF_016899425.1|KEDGBJ_02592	COG1192	DN		5	5	GCF_016899425.1;GCF_053038975.1;GCF_053209605.1;GCF_905400185.1;MF6	Chromosome-partitioning ATPase Soj
chr1_clade_core	GCF_016899425.1|KEDGBJ_02593	COG2259	S		5	5	GCF_016899425.1;GCF_053038975.1;GCF_053209605.1;GCF_905400185.1;MF6	Putative oxidoreductase MhqP
chr1_clade_core	GCF_016899425.1|KEDGBJ_02594				5	5	GCF_016899425.1;GCF_053038975.1;GCF_053209605.1;GCF_905400185.1;MF6	Lipoprotein
chr1_clade_core	GCF_016899425.1|KEDGBJ_02595	COG1492	H		5	5	GCF_016899425.1;GCF_053038975.1;GCF_053209605.1;GCF_905400185.1;MF6	cobyric acid synthase
chr1_clade_core	GCF_016899425.1|KEDGBJ_02596	COG2087	H	02231	5	5	GCF_016899425.1;GCF_053038975.1;GCF_053209605.1;GCF_905400185.1;MF6	bifunctional adenosylcobinamide kinase/adenosylcobinamide-phosphate guanylyltransferase
chr1_clade_core	GCF_016899425.1|KEDGBJ_02597	COG1270	H	02227	5	5	GCF_016899425.1;GCF_053038975.1;GCF_053209605.1;GCF_905400185.1;MF6	adenosylcobinamide-phosphate synthase CbiB
chr1_clade_core	GCF_016899425.1|KEDGBJ_02598	COG0079	E	02225	5	5	GCF_016899425.1;GCF_053038975.1;GCF_053209605.1;GCF_905400185.1;MF6	threonine-phosphate decarboxylase CobD
chr1_clade_core	GCF_016899425.1|KEDGBJ_02599				5	5	GCF_016899425.1;GCF_053038975.1;GCF_053209605.1;GCF_905400185.1;MF6	Fe/B12 periplasmic-binding domain-containing protein
chr1_clade_core	GCF_016899425.1|KEDGBJ_02600				5	5	GCF_016899425.1;GCF_053038975.1;GCF_053209605.1;GCF_905400185.1;MF6	alpha-ribazole phosphatase
chr1_clade_core	GCF_016899425.1|KEDGBJ_02601	COG0368	H	02233	5	5	GCF_016899425.1;GCF_053038975.1;GCF_053209605.1;GCF_905400185.1;MF6	adenosylcobinamide-GDP ribazoletransferase
chr1_clade_core	GCF_016899425.1|KEDGBJ_02602	COG2038	H	00768	5	5	GCF_016899425.1;GCF_053038975.1;GCF_053209605.1;GCF_905400185.1;MF6	nicotinate-nucleotide--dimethylbenzimidazole phosphoribosyltransferase
chr1_clade_core	GCF_016899425.1|KEDGBJ_02603				5	5	GCF_016899425.1;GCF_053038975.1;GCF_053209605.1;GCF_905400185.1;MF6	ABC transporter domain-containing protein
chr1_clade_core	GCF_016899425.1|KEDGBJ_02604				5	5	GCF_016899425.1;GCF_053038975.1;GCF_053209605.1;GCF_905400185.1;MF6	Iron ABC transporter
chr1_clade_core	GCF_016899425.1|KEDGBJ_02605				5	5	GCF_016899425.1;GCF_053038975.1;GCF_053209605.1;GCF_905400185.1;MF6	ATPase
chr1_clade_core	GCF_016899425.1|KEDGBJ_02606	COG3027	D		5	5	GCF_016899425.1;GCF_053038975.1;GCF_053209605.1;GCF_905400185.1;MF6	Cell division protein ZapA
chr1_clade_core	GCF_016899425.1|KEDGBJ_02608	COG2947	R		5	5	GCF_016899425.1;GCF_053038975.1;GCF_053209605.1;GCF_905400185.1;MF6	EVE domain-containing protein
chr1_clade_core	GCF_016899425.1|KEDGBJ_02609	COG3471	S	09807	5	5	GCF_016899425.1;GCF_053038975.1;GCF_053209605.1;GCF_905400185.1;MF6	DUF541 domain-containing protein
chr1_clade_core	GCF_016899425.1|KEDGBJ_02610	COG0682	M		5	5	GCF_016899425.1;GCF_053038975.1;GCF_053209605.1;GCF_905400185.1;MF6	prolipoprotein diacylglyceryl transferase
chr1_clade_core	GCF_016899425.1|KEDGBJ_02611	COG0583	K	21757	5	5	GCF_016899425.1;GCF_053038975.1;GCF_053209605.1;GCF_905400185.1;MF6	Isoleucine biosynthesis transcriptional activator
chr1_clade_core	GCF_016899425.1|KEDGBJ_02612	COG0129	EG	01687	5	5	GCF_016899425.1;GCF_053038975.1;GCF_053209605.1;GCF_905400185.1;MF6	dihydroxy-acid dehydratase
chr1_clade_core	GCF_016899425.1|KEDGBJ_02613	COG4654	C		5	5	GCF_016899425.1;GCF_053038975.1;GCF_053209605.1;GCF_905400185.1;MF6	Cytochrome c, class I
chr1_clade_core	GCF_016899425.1|KEDGBJ_02614				5	5	GCF_016899425.1;GCF_053038975.1;GCF_053209605.1;GCF_905400185.1;MF6	DUF2486 domain-containing protein
chr1_clade_core	GCF_016899425.1|KEDGBJ_02615	COG2927	L		5	5	GCF_016899425.1;GCF_053038975.1;GCF_053209605.1;GCF_905400185.1;MF6	DNA polymerase III subunit chi
chr1_clade_core	GCF_016899425.1|KEDGBJ_02616	COG0260	E		5	5	GCF_016899425.1;GCF_053038975.1;GCF_053209605.1;GCF_905400185.1;MF6	leucyl aminopeptidase
chr1_clade_core	GCF_016899425.1|KEDGBJ_02617	COG0795	MN	07091	5	5	GCF_016899425.1;GCF_053038975.1;GCF_053209605.1;GCF_905400185.1;MF6	LPS export ABC transporter permease LptF
chr1_clade_core	GCF_016899425.1|KEDGBJ_02618	COG0795	MN		5	5	GCF_016899425.1;GCF_053038975.1;GCF_053209605.1;GCF_905400185.1;MF6	LPS export ABC transporter permease LptG
chr1_clade_core	GCF_016899425.1|KEDGBJ_02619				5	5	GCF_016899425.1;GCF_053038975.1;GCF_053209605.1;GCF_905400185.1;MF6	Cobalamin biosynthesis protein CbiX
chr1_clade_core	GCF_016899425.1|KEDGBJ_02620	COG0007	H		5	5	GCF_016899425.1;GCF_053038975.1;GCF_053209605.1;GCF_905400185.1;MF6	uroporphyrinogen-III C-methyltransferase
chr1_clade_core	GCF_016899425.1|KEDGBJ_02621	COG2895	P		5	5	GCF_016899425.1;GCF_053038975.1;GCF_053209605.1;GCF_905400185.1;MF6	sulfate adenylyltransferase
chr1_clade_core	GCF_016899425.1|KEDGBJ_02622	COG0175	EH	00957	5	5	GCF_016899425.1;GCF_053038975.1;GCF_053209605.1;GCF_905400185.1;MF6	sulfate adenylyltransferase subunit CysD
chr1_clade_core	GCF_016899425.1|KEDGBJ_02623	COG0175	EH		5	5	GCF_016899425.1;GCF_053038975.1;GCF_053209605.1;GCF_905400185.1;MF6	phosphoadenylyl-sulfate reductase
chr1_clade_core	GCF_016899425.1|KEDGBJ_02624	COG3749	S		5	5	GCF_016899425.1;GCF_053038975.1;GCF_053209605.1;GCF_905400185.1;MF6	DUF934 domain-containing protein
chr1_clade_core	GCF_016899425.1|KEDGBJ_02625	COG0155	P		5	5	GCF_016899425.1;GCF_053038975.1;GCF_053209605.1;GCF_905400185.1;MF6	Sulfite reductase
chr1_clade_core	GCF_016899425.1|KEDGBJ_02626	COG0583	K		5	5	GCF_016899425.1;GCF_053038975.1;GCF_053209605.1;GCF_905400185.1;MF6	HTH-type transcriptional regulator CysB
chr1_clade_core	GCF_016899425.1|KEDGBJ_02627	COG0683	E		5	5	GCF_016899425.1;GCF_053038975.1;GCF_053209605.1;GCF_905400185.1;MF6	Branched-chain amino acid transport system substrate-binding protein
chr1_clade_core	GCF_016899425.1|KEDGBJ_02643	COG1961	L	14060	5	5	GCF_016899425.1;GCF_053038975.1;GCF_053209605.1;GCF_905400185.1;MF6	Transposon resolvase
chr1_clade_core	GCF_016899425.1|KEDGBJ_02648	COG0583	K		5	5	GCF_016899425.1;GCF_053038975.1;GCF_053209605.1;GCF_905400185.1;MF6	Transcriptional regulator, LysR family
chr1_clade_core	GCF_016899425.1|KEDGBJ_02649	COG1028	I		5	5	GCF_016899425.1;GCF_053038975.1;GCF_053209605.1;GCF_905400185.1;MF6	Short-chain type dehydrogenase/reductase
chr1_clade_core	GCF_016899425.1|KEDGBJ_02650				5	5	GCF_016899425.1;GCF_053038975.1;GCF_053209605.1;GCF_905400185.1;MF6	SDR family oxidoreductase
chr1_clade_core	GCF_016899425.1|KEDGBJ_02651	COG0596	HR		5	5	GCF_016899425.1;GCF_053038975.1;GCF_053209605.1;GCF_905400185.1;MF6	Alpha/beta hydrolase
chr1_clade_core	GCF_016899425.1|KEDGBJ_02652				5	5	GCF_016899425.1;GCF_053038975.1;GCF_053209605.1;GCF_905400185.1;MF6	Transcriptional regulator, LysR family
chr1_clade_core	GCF_016899425.1|KEDGBJ_02654	COG1028	I		5	5	GCF_016899425.1;GCF_053038975.1;GCF_053209605.1;GCF_905400185.1;MF6	SDR family oxidoreductase
chr1_clade_core	GCF_016899425.1|KEDGBJ_02655				5	5	GCF_016899425.1;GCF_053038975.1;GCF_053209605.1;GCF_905400185.1;MF6	DinB-like domain-containing protein
chr1_clade_core	GCF_016899425.1|KEDGBJ_02656				5	5	GCF_016899425.1;GCF_053038975.1;GCF_053209605.1;GCF_905400185.1;MF6	copper homeostasis periplasmic binding protein CopC
chr1_clade_core	GCF_016899425.1|KEDGBJ_02657	COG1187	J		5	5	GCF_016899425.1;GCF_053038975.1;GCF_053209605.1;GCF_905400185.1;MF6	Pseudouridine synthase
chr1_clade_core	GCF_016899425.1|KEDGBJ_02658				5	5	GCF_016899425.1;GCF_053038975.1;GCF_053209605.1;GCF_905400185.1;MF6	DUF1427 domain-containing protein
chr1_clade_core	GCF_016899425.1|KEDGBJ_02659	COG0451	M		5	5	GCF_016899425.1;GCF_053038975.1;GCF_053209605.1;GCF_905400185.1;MF6	NAD-dependent epimerase/dehydratase domain-containing protein
chr1_clade_core	GCF_016899425.1|KEDGBJ_02660	COG0633	C	00523	5	5	GCF_016899425.1;GCF_053038975.1;GCF_053209605.1;GCF_905400185.1;MF6	CDP-6-deoxy-delta-3,4-glucoseen reductase
chr1_clade_core	GCF_016899425.1|KEDGBJ_02662	COG4992	E		5	5	GCF_016899425.1;GCF_053038975.1;GCF_053209605.1;GCF_905400185.1;MF6	acetylornithine transaminase
chr1_clade_core	GCF_016899425.1|KEDGBJ_02663				5	5	GCF_016899425.1;GCF_053038975.1;GCF_053209605.1;GCF_905400185.1;MF6	GNAT family acetyltransferase
chr1_clade_core	GCF_016899425.1|KEDGBJ_02664	COG5634	S		5	5	GCF_016899425.1;GCF_053038975.1;GCF_053209605.1;GCF_905400185.1;MF6	DUF2278 domain-containing protein
chr1_clade_core	GCF_016899425.1|KEDGBJ_02665	COG0410	E		5	5	GCF_016899425.1;GCF_053038975.1;GCF_053209605.1;GCF_905400185.1;MF6	High-affinity branched-chain amino acid transport ATP-binding protein LivF
chr1_clade_core	GCF_016899425.1|KEDGBJ_02666	COG0411	E		5	5	GCF_016899425.1;GCF_053038975.1;GCF_053209605.1;GCF_905400185.1;MF6	ABC transporter
chr1_clade_core	GCF_016899425.1|KEDGBJ_02667	COG4177	E		5	5	GCF_016899425.1;GCF_053038975.1;GCF_053209605.1;GCF_905400185.1;MF6	ABC transporter ATP-binding protein
chr1_clade_core	GCF_016899425.1|KEDGBJ_02668	COG0559	E		5	5	GCF_016899425.1;GCF_053038975.1;GCF_053209605.1;GCF_905400185.1;MF6	High-affinity branched-chain amino acid transport system permease protein LivH
chr1_clade_core	GCF_016899425.1|KEDGBJ_02669				5	5	GCF_016899425.1;GCF_053038975.1;GCF_053209605.1;GCF_905400185.1;MF6	Amino acid-binding protein
chr1_clade_core	GCF_016899425.1|KEDGBJ_02670	COG0761	I		5	5	GCF_016899425.1;GCF_053038975.1;GCF_053209605.1;GCF_905400185.1;MF6	4-hydroxy-3-methylbut-2-enyl diphosphate reductase
chr1_clade_core	GCF_016899425.1|KEDGBJ_02671	COG1047	O		5	5	GCF_016899425.1;GCF_053038975.1;GCF_053209605.1;GCF_905400185.1;MF6	Peptidyl-prolyl cis-trans isomerase
chr1_clade_core	GCF_016899425.1|KEDGBJ_02672			03630	5	5	GCF_016899425.1;GCF_053038975.1;GCF_053209605.1;GCF_905400185.1;MF6	DNA repair protein RadC
chr1_clade_core	GCF_016899425.1|KEDGBJ_02673	COG0227	J		5	5	GCF_016899425.1;GCF_053038975.1;GCF_053209605.1;GCF_905400185.1;MF6	DNA repair protein RadC
chr1_clade_core	GCF_016899425.1|KEDGBJ_02674	COG0267	J	02913	5	5	GCF_016899425.1;GCF_053038975.1;GCF_053209605.1;GCF_905400185.1;MF6	50S ribosomal protein L33
chr1_clade_core	GCF_016899425.1|KEDGBJ_02675	COG0029	H	00278	5	5	GCF_016899425.1;GCF_053038975.1;GCF_053209605.1;GCF_905400185.1;MF6	L-aspartate oxidase
chr1_clade_core	GCF_016899425.1|KEDGBJ_02676	COG0157	H		5	5	GCF_016899425.1;GCF_053038975.1;GCF_053209605.1;GCF_905400185.1;MF6	carboxylating nicotinate-nucleotide diphosphorylase
chr1_clade_core	GCF_016899425.1|KEDGBJ_02677			03517	5	5	GCF_016899425.1;GCF_053038975.1;GCF_053209605.1;GCF_905400185.1;MF6	quinolinate synthase NadA
chr1_clade_core	GCF_016899425.1|KEDGBJ_02680	COG0144	J	03500	5	5	GCF_016899425.1;GCF_053038975.1;GCF_053209605.1;GCF_905400185.1;MF6	Ribosomal RNA small subunit methyltransferase B
chr1_clade_core	GCF_016899425.1|KEDGBJ_02681	COG0299	F		5	5	GCF_016899425.1;GCF_053038975.1;GCF_053209605.1;GCF_905400185.1;MF6	phosphoribosylglycinamide formyltransferase
chr1_clade_core	GCF_016899425.1|KEDGBJ_02682	COG0196	H	11753	5	5	GCF_016899425.1;GCF_053038975.1;GCF_053209605.1;GCF_905400185.1;MF6	bifunctional riboflavin kinase/FAD synthetase
chr1_clade_core	GCF_016899425.1|KEDGBJ_02683	COG0060	J		5	5	GCF_016899425.1;GCF_053038975.1;GCF_053209605.1;GCF_905400185.1;MF6	isoleucine--tRNA ligase
chr1_clade_core	GCF_016899425.1|KEDGBJ_02684	COG0597	MU	03101	5	5	GCF_016899425.1;GCF_053038975.1;GCF_053209605.1;GCF_905400185.1;MF6	signal peptidase II
chr1_clade_core	GCF_016899425.1|KEDGBJ_02685	COG0452	H		5	5	GCF_016899425.1;GCF_053038975.1;GCF_053209605.1;GCF_905400185.1;MF6	bifunctional phosphopantothenoylcysteine decarboxylase/phosphopantothenate--cysteine ligase CoaBC
chr1_clade_core	GCF_016899425.1|KEDGBJ_02686	COG0756	FV		5	5	GCF_016899425.1;GCF_053038975.1;GCF_053209605.1;GCF_905400185.1;MF6	dUTP diphosphatase
chr1_clade_core	GCF_016899425.1|KEDGBJ_02687	COG1113	E		5	5	GCF_016899425.1;GCF_053038975.1;GCF_053209605.1;GCF_905400185.1;MF6	Amino acid permease
chr1_clade_core	GCF_016899425.1|KEDGBJ_02688	COG0542	O		5	5	GCF_016899425.1;GCF_053038975.1;GCF_053209605.1;GCF_905400185.1;MF6	ATP-dependent Clp protease ATP-binding subunit ClpA
chr1_clade_core	GCF_016899425.1|KEDGBJ_02689	COG2127	O		5	5	GCF_016899425.1;GCF_053038975.1;GCF_053209605.1;GCF_905400185.1;MF6	ATP-dependent Clp protease adapter ClpS
chr1_clade_core	GCF_016899425.1|KEDGBJ_02691	COG2132	DPM		5	5	GCF_016899425.1;GCF_053038975.1;GCF_053209605.1;GCF_905400185.1;MF6	Multicopper oxidase, type 3
chr1_clade_core	GCF_016899425.1|KEDGBJ_02692				5	5	GCF_016899425.1;GCF_053038975.1;GCF_053209605.1;GCF_905400185.1;MF6	Bacteriophage protein
chr1_clade_core	GCF_016899425.1|KEDGBJ_02693	COG2838	C	00031	5	5	GCF_016899425.1;GCF_053038975.1;GCF_053209605.1;GCF_905400185.1;MF6	NADP-dependent isocitrate dehydrogenase
chr1_clade_core	GCF_016899425.1|KEDGBJ_02694			00031	5	5	GCF_016899425.1;GCF_053038975.1;GCF_053209605.1;GCF_905400185.1;MF6	NADP-dependent isocitrate dehydrogenase
chr1_clade_core	GCF_016899425.1|KEDGBJ_02695	COG1187	J		5	5	GCF_016899425.1;GCF_053038975.1;GCF_053209605.1;GCF_905400185.1;MF6	Pseudouridine synthase
chr1_clade_core	GCF_016899425.1|KEDGBJ_02696	COG1430	S		5	5	GCF_016899425.1;GCF_053038975.1;GCF_053209605.1;GCF_905400185.1;MF6	DUF192 domain-containing protein
chr1_clade_core	GCF_016899425.1|KEDGBJ_02698	COG3376	P		5	5	GCF_016899425.1;GCF_053038975.1;GCF_053209605.1;GCF_905400185.1;MF6	Nickel/cobalt efflux system
chr1_clade_core	GCF_016899425.1|KEDGBJ_02700	COG0656	Q		5	5	GCF_016899425.1;GCF_053038975.1;GCF_053209605.1;GCF_905400185.1;MF6	Oxidoreductase, aldo/keto reductase family
chr1_clade_core	GCF_016899425.1|KEDGBJ_02701	COG2188	K		5	5	GCF_016899425.1;GCF_053038975.1;GCF_053209605.1;GCF_905400185.1;MF6	Transcriptional regulator, GntR family
chr1_clade_core	GCF_016899425.1|KEDGBJ_02702				5	5	GCF_016899425.1;GCF_053038975.1;GCF_053209605.1;GCF_905400185.1;MF6	Formyl-coenzyme A transferase,formyl-coenzyme A transferase,putative acyl-CoA transferases/carnitine dehydratase,formyl-CoA transferase,CoA-transferase family III
chr1_clade_core	GCF_016899425.1|KEDGBJ_02704				5	5	GCF_016899425.1;GCF_053038975.1;GCF_053209605.1;GCF_905400185.1;MF6	DUF2917 domain-containing protein
chr1_clade_core	GCF_016899425.1|KEDGBJ_02705	COG2814	G	18326	5	5	GCF_016899425.1;GCF_053038975.1;GCF_053209605.1;GCF_905400185.1;MF6	MFS transporter
chr1_clade_core	GCF_016899425.1|KEDGBJ_02706	COG2200	T		5	5	GCF_016899425.1;GCF_053038975.1;GCF_053209605.1;GCF_905400185.1;MF6	EAL domain (Diguanylate phosphodiesterase) protein
chr1_clade_core	GCF_016899425.1|KEDGBJ_02707	COG4106	C		5	5	GCF_016899425.1;GCF_053038975.1;GCF_053209605.1;GCF_905400185.1;MF6	SAM-dependent methyltransferase
chr1_clade_core	GCF_016899425.1|KEDGBJ_02708	COG4539	I		5	5	GCF_016899425.1;GCF_053038975.1;GCF_053209605.1;GCF_905400185.1;MF6	DUF962 domain-containing protein
chr1_clade_core	GCF_016899425.1|KEDGBJ_02709				5	5	GCF_016899425.1;GCF_053038975.1;GCF_053209605.1;GCF_905400185.1;MF6	Transcriptional regulator, Crp/Fnr family
chr1_clade_core	GCF_016899425.1|KEDGBJ_02710	COG2059	P	07240	5	5	GCF_016899425.1;GCF_053038975.1;GCF_053209605.1;GCF_905400185.1;MF6	Chromate efflux transporter
chr1_clade_core	GCF_016899425.1|KEDGBJ_02711	COG0605	P	04564	5	5	GCF_016899425.1;GCF_053038975.1;GCF_053209605.1;GCF_905400185.1;MF6	superoxide dismutase [Fe]
chr1_clade_core	GCF_016899425.1|KEDGBJ_02712	COG1570	L		5	5	GCF_016899425.1;GCF_053038975.1;GCF_053209605.1;GCF_905400185.1;MF6	exodeoxyribonuclease VII large subunit
chr1_clade_core	GCF_016899425.1|KEDGBJ_02713	COG1663	M	00912	5	5	GCF_016899425.1;GCF_053038975.1;GCF_053209605.1;GCF_905400185.1;MF6	tetraacyldisaccharide 4'-kinase
chr1_clade_core	GCF_016899425.1|KEDGBJ_02714	COG2835	J		5	5	GCF_016899425.1;GCF_053038975.1;GCF_053209605.1;GCF_905400185.1;MF6	UPF0434 protein Bcep18194_A5877
chr1_clade_core	GCF_016899425.1|KEDGBJ_02715	COG1212	M	00979	5	5	GCF_016899425.1;GCF_053038975.1;GCF_053209605.1;GCF_905400185.1;MF6	3-deoxy-manno-octulosonate cytidylyltransferase
chr1_clade_core	GCF_016899425.1|KEDGBJ_02716	COG0563	F		5	5	GCF_016899425.1;GCF_053038975.1;GCF_053209605.1;GCF_905400185.1;MF6	adenylate kinase
chr1_clade_core	GCF_016899425.1|KEDGBJ_02717	COG2912	T		5	5	GCF_016899425.1;GCF_053038975.1;GCF_053209605.1;GCF_905400185.1;MF6	Protein SirB1 N-terminal domain-containing protein
chr1_clade_core	GCF_016899425.1|KEDGBJ_02718			03980	5	5	GCF_016899425.1;GCF_053038975.1;GCF_053209605.1;GCF_905400185.1;MF6	murein biosynthesis integral membrane protein MurJ
chr1_clade_core	GCF_016899425.1|KEDGBJ_02719	COG0268	J	02968	5	5	GCF_016899425.1;GCF_053038975.1;GCF_053209605.1;GCF_905400185.1;MF6	30S ribosomal protein S20
chr1_clade_core	GCF_016899425.1|KEDGBJ_02720				5	5	GCF_016899425.1;GCF_053038975.1;GCF_053209605.1;GCF_905400185.1;MF6	PhnO
chr1_clade_core	GCF_016899425.1|KEDGBJ_02721			00611	5	5	GCF_016899425.1;GCF_053038975.1;GCF_053209605.1;GCF_905400185.1;MF6	ornithine carbamoyltransferase
chr1_clade_core	GCF_016899425.1|KEDGBJ_02722	COG0812	M		5	5	GCF_016899425.1;GCF_053038975.1;GCF_053209605.1;GCF_905400185.1;MF6	UDP-N-acetylmuramate dehydrogenase
chr1_clade_core	GCF_016899425.1|KEDGBJ_02723	COG1666	T	09767	5	5	GCF_016899425.1;GCF_053038975.1;GCF_053209605.1;GCF_905400185.1;MF6	YajQ family cyclic di-GMP-binding protein
chr1_clade_core	GCF_016899425.1|KEDGBJ_02724	COG0344	I		5	5	GCF_016899425.1;GCF_053038975.1;GCF_053209605.1;GCF_905400185.1;MF6	glycerol-3-phosphate 1-O-acyltransferase PlsY
chr1_clade_core	GCF_016899425.1|KEDGBJ_02725	COG2606	J	03976	5	5	GCF_016899425.1;GCF_053038975.1;GCF_053209605.1;GCF_905400185.1;MF6	Cys-tRNA(Pro) deacylase
chr1_clade_core	GCF_016899425.1|KEDGBJ_02726	COG0318	I		5	5	GCF_016899425.1;GCF_053038975.1;GCF_053209605.1;GCF_905400185.1;MF6	AMP-dependent synthetase/ligase
chr1_clade_core	GCF_016899425.1|KEDGBJ_02727	COG4974	L		5	5	GCF_016899425.1;GCF_053038975.1;GCF_053209605.1;GCF_905400185.1;MF6	site-specific tyrosine recombinase XerD
chr1_clade_core	GCF_016899425.1|KEDGBJ_02728	COG0350	L		5	5	GCF_016899425.1;GCF_053038975.1;GCF_053209605.1;GCF_905400185.1;MF6	Methylated-DNA-[protein]-cysteine S-methyltransferase DNA binding domain-containing protein
chr1_clade_core	GCF_016899425.1|KEDGBJ_02729			18979	5	5	GCF_016899425.1;GCF_053038975.1;GCF_053209605.1;GCF_905400185.1;MF6	tRNA epoxyqueuosine(34) reductase QueG
chr1_clade_core	GCF_016899425.1|KEDGBJ_02731			01448	5	5	GCF_016899425.1;GCF_053038975.1;GCF_053209605.1;GCF_905400185.1;MF6	N-acetylmuramoyl-L-alanine amidase
chr1_clade_core	GCF_016899425.1|KEDGBJ_02732	COG0697	GER	15268	5	5	GCF_016899425.1;GCF_053038975.1;GCF_053209605.1;GCF_905400185.1;MF6	EamA domain-containing protein
chr1_clade_core	GCF_016899425.1|KEDGBJ_02733	COG1741	R		5	5	GCF_016899425.1;GCF_053038975.1;GCF_053209605.1;GCF_905400185.1;MF6	Pirin
chr1_clade_core	GCF_016899425.1|KEDGBJ_02734	COG3118	O		5	5	GCF_016899425.1;GCF_053038975.1;GCF_053209605.1;GCF_905400185.1;MF6	thioredoxin
chr1_clade_core	GCF_016899425.1|KEDGBJ_02735	COG1179	J		5	5	GCF_016899425.1;GCF_053038975.1;GCF_053209605.1;GCF_905400185.1;MF6	tRNA cyclic N6-threonylcarbamoyladenosine(37) synthase TcdA
chr1_clade_core	GCF_016899425.1|KEDGBJ_02736	COG0259	H		5	5	GCF_016899425.1;GCF_053038975.1;GCF_053209605.1;GCF_905400185.1;MF6	pyridoxamine 5'-phosphate oxidase
chr1_clade_core	GCF_016899425.1|KEDGBJ_02737	COG2230	I	00574	5	5	GCF_016899425.1;GCF_053038975.1;GCF_053209605.1;GCF_905400185.1;MF6	Cyclopropane-fatty-acyl-phospholipid synthase
chr1_clade_core	GCF_016899425.1|KEDGBJ_02738				5	5	GCF_016899425.1;GCF_053038975.1;GCF_053209605.1;GCF_905400185.1;MF6	DUF72 domain-containing protein
chr1_clade_core	GCF_016899425.1|KEDGBJ_02739	COG0225	O		5	5	GCF_016899425.1;GCF_053038975.1;GCF_053209605.1;GCF_905400185.1;MF6	Peptide methionine sulfoxide reductase MsrA
chr1_clade_core	GCF_016899425.1|KEDGBJ_02740	COG5276	S		5	5	GCF_016899425.1;GCF_053038975.1;GCF_053209605.1;GCF_905400185.1;MF6	Methanethiol oxidase
chr1_clade_core	GCF_016899425.1|KEDGBJ_02741				5	5	GCF_016899425.1;GCF_053038975.1;GCF_053209605.1;GCF_905400185.1;MF6	Lysine transporter LysE
chr1_clade_core	GCF_016899425.1|KEDGBJ_02742	COG1853	C		5	5	GCF_016899425.1;GCF_053038975.1;GCF_053209605.1;GCF_905400185.1;MF6	Flavin reductase
chr1_clade_core	GCF_016899425.1|KEDGBJ_02743	COG1522	K		5	5	GCF_016899425.1;GCF_053038975.1;GCF_053209605.1;GCF_905400185.1;MF6	AsnC family transcriptional regulator
chr1_clade_core	GCF_016899425.1|KEDGBJ_02744				5	5	GCF_016899425.1;GCF_053038975.1;GCF_053209605.1;GCF_905400185.1;MF6	arylformamidase
chr1_clade_core	GCF_016899425.1|KEDGBJ_02745	COG3844	E	01556	5	5	GCF_016899425.1;GCF_053038975.1;GCF_053209605.1;GCF_905400185.1;MF6	kynureninase
chr1_clade_core	GCF_016899425.1|KEDGBJ_02746	COG3483	E	00453	5	5	GCF_016899425.1;GCF_053038975.1;GCF_053209605.1;GCF_905400185.1;MF6	tryptophan 2,3-dioxygenase
chr1_clade_core	GCF_016899425.1|KEDGBJ_02753	COG1070	G		5	5	GCF_016899425.1;GCF_053038975.1;GCF_053209605.1;GCF_905400185.1;MF6	xylulokinase
chr1_clade_core	GCF_016899425.1|KEDGBJ_02755	COG3839	G		5	5	GCF_016899425.1;GCF_053038975.1;GCF_053209605.1;GCF_905400185.1;MF6	Sugar ABC transporter ATPases
chr1_clade_core	GCF_016899425.1|KEDGBJ_02756	COG0637	G		5	5	GCF_016899425.1;GCF_053038975.1;GCF_053209605.1;GCF_905400185.1;MF6	HAD family hydrolase
chr1_clade_core	GCF_016899425.1|KEDGBJ_02757			10229	5	5	GCF_016899425.1;GCF_053038975.1;GCF_053209605.1;GCF_905400185.1;MF6	Carbohydrate ABC transporter permease
chr1_clade_core	GCF_016899425.1|KEDGBJ_02758	COG1175	G	10228	5	5	GCF_016899425.1;GCF_053038975.1;GCF_053209605.1;GCF_905400185.1;MF6	ABC transmembrane type-1 domain-containing protein
chr1_clade_core	GCF_016899425.1|KEDGBJ_02759	COG1653	G	10227	5	5	GCF_016899425.1;GCF_053038975.1;GCF_053209605.1;GCF_905400185.1;MF6	Sugar ABC transporter substrate-binding protein
chr1_clade_core	GCF_016899425.1|KEDGBJ_02760	COG4573	G	16371	5	5	GCF_016899425.1;GCF_053038975.1;GCF_053209605.1;GCF_905400185.1;MF6	D-tagatose-bisphosphate aldolase, class II, non-catalytic subunit
chr1_clade_core	GCF_016899425.1|KEDGBJ_02761	COG0524	G		5	5	GCF_016899425.1;GCF_053038975.1;GCF_053209605.1;GCF_905400185.1;MF6	Fructokinase
chr1_clade_core	GCF_016899425.1|KEDGBJ_02762	COG1028	I		5	5	GCF_016899425.1;GCF_053038975.1;GCF_053209605.1;GCF_905400185.1;MF6	L-iditol 2-dehydrogenase
chr1_clade_core	GCF_016899425.1|KEDGBJ_02763	COG0735	P	09823	5	5	GCF_016899425.1;GCF_053038975.1;GCF_053209605.1;GCF_905400185.1;MF6	Ferric uptake regulator family protein
chr1_clade_core	GCF_016899425.1|KEDGBJ_02764	COG0803	P		5	5	GCF_016899425.1;GCF_053038975.1;GCF_053209605.1;GCF_905400185.1;MF6	Manganese ABC transporter substrate-binding lipoprotein
chr1_clade_core	GCF_016899425.1|KEDGBJ_02765	COG1120	PH		5	5	GCF_016899425.1;GCF_053038975.1;GCF_053209605.1;GCF_905400185.1;MF6	ABC transporter-like protein
chr1_clade_core	GCF_016899425.1|KEDGBJ_02766	COG1108	P		5	5	GCF_016899425.1;GCF_053038975.1;GCF_053209605.1;GCF_905400185.1;MF6	ABC transporter permease
chr1_clade_core	GCF_016899425.1|KEDGBJ_02769	COG0627	V	01070	5	5	GCF_016899425.1;GCF_053038975.1;GCF_053209605.1;GCF_905400185.1;MF6	S-formylglutathione hydrolase
chr1_clade_core	GCF_016899425.1|KEDGBJ_02770	COG1062	C		5	5	GCF_016899425.1;GCF_053038975.1;GCF_053209605.1;GCF_905400185.1;MF6	S-(hydroxymethyl)glutathione dehydrogenase/class III alcohol dehydrogenase
chr1_clade_core	GCF_016899425.1|KEDGBJ_02771	COG1070	G		5	5	GCF_016899425.1;GCF_053038975.1;GCF_053209605.1;GCF_905400185.1;MF6	Carbohydrate kinase
chr1_clade_core	GCF_016899425.1|KEDGBJ_02772	COG2233	F	24206	5	5	GCF_016899425.1;GCF_053038975.1;GCF_053209605.1;GCF_905400185.1;MF6	Purine permease ygfU,uracil transporter,xanthine permease,Permease family
chr1_clade_core	GCF_016899425.1|KEDGBJ_02777	COG0841	V		5	5	GCF_016899425.1;GCF_053038975.1;GCF_053209605.1;GCF_905400185.1;MF6	efflux RND transporter permease BpeB
chr1_clade_core	GCF_016899425.1|KEDGBJ_02778	COG0845	MV		5	5	GCF_016899425.1;GCF_053038975.1;GCF_053209605.1;GCF_905400185.1;MF6	Efflux RND transporter periplasmic adaptor subunit
chr1_clade_core	GCF_016899425.1|KEDGBJ_02780	COG1309	K	03577	5	5	GCF_016899425.1;GCF_053038975.1;GCF_053209605.1;GCF_905400185.1;MF6	TetR family transcriptional regulator
chr1_clade_core	GCF_016899425.1|KEDGBJ_02781				5	5	GCF_016899425.1;GCF_053038975.1;GCF_053209605.1;GCF_905400185.1;MF6	Cysteine hydrolase
chr1_clade_core	GCF_016899425.1|KEDGBJ_02783	COG3427	C		5	5	GCF_016899425.1;GCF_053038975.1;GCF_053209605.1;GCF_905400185.1;MF6	Carbon monoxide dehydrogenase subunit G
chr1_clade_core	GCF_016899425.1|KEDGBJ_02784	COG2343	S		5	5	GCF_016899425.1;GCF_053038975.1;GCF_053209605.1;GCF_905400185.1;MF6	DUF427 domain-containing protein
chr1_clade_core	GCF_016899425.1|KEDGBJ_02785				5	5	GCF_016899425.1;GCF_053038975.1;GCF_053209605.1;GCF_905400185.1;MF6	Carboxypeptidase regulatory-like domain-containing protein
chr1_clade_core	GCF_016899425.1|KEDGBJ_02786	COG0265	O		5	5	GCF_016899425.1;GCF_053038975.1;GCF_053209605.1;GCF_905400185.1;MF6	DegQ family serine endoprotease
chr1_clade_core	GCF_016899425.1|KEDGBJ_02787	COG0642	T		5	5	GCF_016899425.1;GCF_053038975.1;GCF_053209605.1;GCF_905400185.1;MF6	histidine kinase
chr1_clade_core	GCF_016899425.1|KEDGBJ_02788	COG0745	TK		5	5	GCF_016899425.1;GCF_053038975.1;GCF_053209605.1;GCF_905400185.1;MF6	Transcriptional regulatory protein BasR,DNA-binding transcriptional regulator BasR,Response regulator of citrate/malate metabolism,heavy metal response regulator,Response regulator receiver domain
chr1_clade_core	GCF_016899425.1|KEDGBJ_02789	COG2027	M	07259	5	5	GCF_016899425.1;GCF_053038975.1;GCF_053209605.1;GCF_905400185.1;MF6	D-alanyl-D-alanine carboxypeptidase/D-alanyl-D-alanine-endopeptidase
chr1_clade_core	GCF_016899425.1|KEDGBJ_02790	COG3000	I		5	5	GCF_016899425.1;GCF_053038975.1;GCF_053209605.1;GCF_905400185.1;MF6	Fatty acid hydroxylase domain-containing protein
chr1_clade_core	GCF_016899425.1|KEDGBJ_02791	COG3240	I	12686	5	5	GCF_016899425.1;GCF_053038975.1;GCF_053209605.1;GCF_905400185.1;MF6	Phospholipase/lecithinase/hemolysin-like protein
chr1_clade_core	GCF_016899425.1|KEDGBJ_02792	COG0009	J		5	5	GCF_016899425.1;GCF_053038975.1;GCF_053209605.1;GCF_905400185.1;MF6	L-threonylcarbamoyladenylate synthase
chr1_clade_core	GCF_016899425.1|KEDGBJ_02793	COG0026	F		5	5	GCF_016899425.1;GCF_053038975.1;GCF_053209605.1;GCF_905400185.1;MF6	5-(carboxyamino)imidazole ribonucleotide synthase
chr1_clade_core	GCF_016899425.1|KEDGBJ_02794	COG0041	F		5	5	GCF_016899425.1;GCF_053038975.1;GCF_053209605.1;GCF_905400185.1;MF6	N5-carboxyaminoimidazole ribonucleotide mutase
chr1_clade_core	GCF_016899425.1|KEDGBJ_02795	COG0152	F		5	5	GCF_016899425.1;GCF_053038975.1;GCF_053209605.1;GCF_905400185.1;MF6	phosphoribosylaminoimidazolesuccinocarboxamide synthase
chr1_clade_core	GCF_016899425.1|KEDGBJ_02796	COG0191	G	01624	5	5	GCF_016899425.1;GCF_053038975.1;GCF_053209605.1;GCF_905400185.1;MF6	class II fructose-bisphosphate aldolase
chr1_clade_core	GCF_016899425.1|KEDGBJ_02797	COG0469	G	00873	5	5	GCF_016899425.1;GCF_053038975.1;GCF_053209605.1;GCF_905400185.1;MF6	pyruvate kinase
chr1_clade_core	GCF_016899425.1|KEDGBJ_02798	COG0126	G	00927	5	5	GCF_016899425.1;GCF_053038975.1;GCF_053209605.1;GCF_905400185.1;MF6	Phosphoglycerate kinase
chr1_clade_core	GCF_016899425.1|KEDGBJ_02799	COG4392	E		5	5	GCF_016899425.1;GCF_053038975.1;GCF_053209605.1;GCF_905400185.1;MF6	Branched-chain amino acid transporter
chr1_clade_core	GCF_016899425.1|KEDGBJ_02800	COG1296	E	26605	5	5	GCF_016899425.1;GCF_053038975.1;GCF_053209605.1;GCF_905400185.1;MF6	Branched-chain amino acid permease
chr1_clade_core	GCF_016899425.1|KEDGBJ_02801	COG0115	EH	00826	5	5	GCF_016899425.1;GCF_053038975.1;GCF_053209605.1;GCF_905400185.1;MF6	branched-chain amino acid transaminase
chr1_clade_core	GCF_016899425.1|KEDGBJ_02802				5	5	GCF_016899425.1;GCF_053038975.1;GCF_053209605.1;GCF_905400185.1;MF6	Zinc finger CHCC-type domain-containing protein
chr1_clade_core	GCF_016899425.1|KEDGBJ_02803	COG0859	M	02843	5	5	GCF_016899425.1;GCF_053038975.1;GCF_053209605.1;GCF_905400185.1;MF6	lipopolysaccharide heptosyltransferase II
chr1_clade_core	GCF_016899425.1|KEDGBJ_02804				5	5	GCF_016899425.1;GCF_053038975.1;GCF_053209605.1;GCF_905400185.1;MF6	SnoaL-like domain-containing protein
chr1_clade_core	GCF_016899425.1|KEDGBJ_02805	COG0429	R		5	5	GCF_016899425.1;GCF_053038975.1;GCF_053209605.1;GCF_905400185.1;MF6	hydrolase
chr1_clade_core	GCF_016899425.1|KEDGBJ_02806				5	5	GCF_016899425.1;GCF_053038975.1;GCF_053209605.1;GCF_905400185.1;MF6	DUF2946 domain-containing protein
chr1_clade_core	GCF_016899425.1|KEDGBJ_02807	COG4783	MO	01423	5	5	GCF_016899425.1;GCF_053038975.1;GCF_053209605.1;GCF_905400185.1;MF6	Beta-barrel assembly-enhancing protease
chr1_clade_core	GCF_016899425.1|KEDGBJ_02808	COG0315	H	03637	5	5	GCF_016899425.1;GCF_053038975.1;GCF_053209605.1;GCF_905400185.1;MF6	cyclic pyranopterin monophosphate synthase MoaC
chr1_clade_core	GCF_016899425.1|KEDGBJ_02812				5	5	GCF_016899425.1;GCF_053038975.1;GCF_053209605.1;GCF_905400185.1;MF6	TonB C-terminal domain-containing protein
chr1_clade_core	GCF_016899425.1|KEDGBJ_02813				5	5	GCF_016899425.1;GCF_053038975.1;GCF_053209605.1;GCF_905400185.1;MF6	O-antigen polymerase family protein
chr1_clade_core	GCF_016899425.1|KEDGBJ_02814				5	5	GCF_016899425.1;GCF_053038975.1;GCF_053209605.1;GCF_905400185.1;MF6	General secretion pathway protein GspH
chr1_clade_core	GCF_016899425.1|KEDGBJ_02815	COG0861	P		5	5	GCF_016899425.1;GCF_053038975.1;GCF_053209605.1;GCF_905400185.1;MF6	TerC family protein
chr1_clade_core	GCF_016899425.1|KEDGBJ_02816	COG0074	C		5	5	GCF_016899425.1;GCF_053038975.1;GCF_053209605.1;GCF_905400185.1;MF6	succinate--CoA ligase subunit alpha
chr1_clade_core	GCF_016899425.1|KEDGBJ_02817	COG0045	C		5	5	GCF_016899425.1;GCF_053038975.1;GCF_053209605.1;GCF_905400185.1;MF6	ADP-forming succinate--CoA ligase subunit beta
chr1_clade_core	GCF_016899425.1|KEDGBJ_02818				5	5	GCF_016899425.1;GCF_053038975.1;GCF_053209605.1;GCF_905400185.1;MF6	DUF2889 domain-containing protein
chr1_clade_core	GCF_016899425.1|KEDGBJ_02820	COG0468	L	03553	5	5	GCF_016899425.1;GCF_053038975.1;GCF_053209605.1;GCF_905400185.1;MF6	recombinase RecA
chr1_clade_core	GCF_016899425.1|KEDGBJ_02821	COG0745	TK		5	5	GCF_016899425.1;GCF_053038975.1;GCF_053209605.1;GCF_905400185.1;MF6	OmpR family two-component system response regulator
chr1_clade_core	GCF_016899425.1|KEDGBJ_02822	COG0642	T	07649	5	5	GCF_016899425.1;GCF_053038975.1;GCF_053209605.1;GCF_905400185.1;MF6	histidine kinase
chr1_clade_core	GCF_016899425.1|KEDGBJ_02823	COG2814	G		5	5	GCF_016899425.1;GCF_053038975.1;GCF_053209605.1;GCF_905400185.1;MF6	Major facilitator superfamily (MFS_1) transporter
chr1_clade_core	GCF_016899425.1|KEDGBJ_02825	COG0583	K	18900	5	5	GCF_016899425.1;GCF_053038975.1;GCF_053209605.1;GCF_905400185.1;MF6	LysR family transcriptional regulator
chr1_clade_core	GCF_016899425.1|KEDGBJ_02826	COG4977	K		5	5	GCF_016899425.1;GCF_053038975.1;GCF_053209605.1;GCF_905400185.1;MF6	AraC family transcriptional regulator
chr1_clade_core	GCF_016899425.1|KEDGBJ_02827				5	5	GCF_016899425.1;GCF_053038975.1;GCF_053209605.1;GCF_905400185.1;MF6	Dimethylglycine dehydrogenase
chr1_clade_core	GCF_016899425.1|KEDGBJ_02828	COG0662	G		5	5	GCF_016899425.1;GCF_053038975.1;GCF_053209605.1;GCF_905400185.1;MF6	Cupin
chr1_clade_core	GCF_016899425.1|KEDGBJ_02830				5	5	GCF_016899425.1;GCF_053038975.1;GCF_053209605.1;GCF_905400185.1;MF6	Transcriptional regulator, LysR family
chr1_clade_core	GCF_016899425.1|KEDGBJ_02831	COG0744	M		5	5	GCF_016899425.1;GCF_053038975.1;GCF_053209605.1;GCF_905400185.1;MF6	peptidoglycan glycosyltransferase
chr1_clade_core	GCF_016899425.1|KEDGBJ_02832				5	5	GCF_016899425.1;GCF_053038975.1;GCF_053209605.1;GCF_905400185.1;MF6	Aldehyde-activating protein
chr1_clade_core	GCF_016899425.1|KEDGBJ_02833	COG3813	S		5	5	GCF_016899425.1;GCF_053038975.1;GCF_053209605.1;GCF_905400185.1;MF6	DUF1272 domain-containing protein
chr1_clade_core	GCF_016899425.1|KEDGBJ_02834			19776	5	5	GCF_016899425.1;GCF_053038975.1;GCF_053209605.1;GCF_905400185.1;MF6	GntR family transcriptional regulator
chr1_clade_core	GCF_016899425.1|KEDGBJ_02835	COG4948	MR		5	5	GCF_016899425.1;GCF_053038975.1;GCF_053209605.1;GCF_905400185.1;MF6	galactonate dehydratase
chr1_clade_core	GCF_016899425.1|KEDGBJ_02836	COG1276	P		5	5	GCF_016899425.1;GCF_053038975.1;GCF_053209605.1;GCF_905400185.1;MF6	Copper resistance protein D
chr1_clade_core	GCF_016899425.1|KEDGBJ_02837	COG2863	C		5	5	GCF_016899425.1;GCF_053038975.1;GCF_053209605.1;GCF_905400185.1;MF6	Cytochrome c4,Cytochrome c, mono- and diheme variants,Cytochrome c
chr1_clade_core	GCF_016899425.1|KEDGBJ_02838	COG2010	C		5	5	GCF_016899425.1;GCF_053038975.1;GCF_053209605.1;GCF_905400185.1;MF6	Gluconate 2-dehydrogenase (Acceptor)
chr1_clade_core	GCF_016899425.1|KEDGBJ_02839	COG0513	L		5	5	GCF_016899425.1;GCF_053038975.1;GCF_053209605.1;GCF_905400185.1;MF6	ATP-dependent RNA helicase RhlE
chr1_clade_core	GCF_016899425.1|KEDGBJ_02840				5	5	GCF_016899425.1;GCF_053038975.1;GCF_053209605.1;GCF_905400185.1;MF6	Vanillate decarboxylase VdcD protein
chr1_clade_core	GCF_016899425.1|KEDGBJ_02841				5	5	GCF_016899425.1;GCF_053038975.1;GCF_053209605.1;GCF_905400185.1;MF6	Ferritin-like domain-containing protein
chr1_clade_core	GCF_016899425.1|KEDGBJ_02842	COG0405	E		5	5	GCF_016899425.1;GCF_053038975.1;GCF_053209605.1;GCF_905400185.1;MF6	Gamma-glutamyltransferase
chr1_clade_core	GCF_016899425.1|KEDGBJ_02843	COG1349	KG	02444	5	5	GCF_016899425.1;GCF_053038975.1;GCF_053209605.1;GCF_905400185.1;MF6	Transcriptional regulator, DeoR family
chr1_clade_core	GCF_016899425.1|KEDGBJ_02844				5	5	GCF_016899425.1;GCF_053038975.1;GCF_053209605.1;GCF_905400185.1;MF6	Phage tail assembly chaperone
chr1_clade_core	GCF_016899425.1|KEDGBJ_02845				5	5	GCF_016899425.1;GCF_053038975.1;GCF_053209605.1;GCF_905400185.1;MF6	Lipoprotein
chr1_clade_core	GCF_016899425.1|KEDGBJ_02846	COG0578	C	00111	5	5	GCF_016899425.1;GCF_053038975.1;GCF_053209605.1;GCF_905400185.1;MF6	glycerol-3-phosphate dehydrogenase
chr1_clade_core	GCF_016899425.1|KEDGBJ_02847			00864	5	5	GCF_016899425.1;GCF_053038975.1;GCF_053209605.1;GCF_905400185.1;MF6	glycerol kinase GlpK
chr1_clade_core	GCF_016899425.1|KEDGBJ_02848	COG0580	G		5	5	GCF_016899425.1;GCF_053038975.1;GCF_053209605.1;GCF_905400185.1;MF6	Glycerol uptake facilitator protein
chr1_clade_core	GCF_016899425.1|KEDGBJ_02856	COG0637	G		5	5	GCF_016899425.1;GCF_053038975.1;GCF_053209605.1;GCF_905400185.1;MF6	HAD family hydrolase
chr1_clade_core	GCF_016899425.1|KEDGBJ_02857	COG0108	H		5	5	GCF_016899425.1;GCF_053038975.1;GCF_053209605.1;GCF_905400185.1;MF6	3,4-dihydroxy-2-butanone 4-phosphate synthase
chr1_clade_core	GCF_016899425.1|KEDGBJ_02858	COG1396	K		5	5	GCF_016899425.1;GCF_053038975.1;GCF_053209605.1;GCF_905400185.1;MF6	HTH-type transcriptional regulator SutR
chr1_clade_core	GCF_016899425.1|KEDGBJ_02859	COG2814	G	19577	5	5	GCF_016899425.1;GCF_053038975.1;GCF_053209605.1;GCF_905400185.1;MF6	MFS transporter
chr1_clade_core	GCF_016899425.1|KEDGBJ_02860				5	5	GCF_016899425.1;GCF_053038975.1;GCF_053209605.1;GCF_905400185.1;MF6	LysR family transcriptional regulator
chr1_clade_core	GCF_016899425.1|KEDGBJ_02861	COG0621	J	06168	5	5	GCF_016899425.1;GCF_053038975.1;GCF_053209605.1;GCF_905400185.1;MF6	tRNA (N6-isopentenyl adenosine(37)-C2)-methylthiotransferase MiaB
chr1_clade_core	GCF_016899425.1|KEDGBJ_02862			06217	5	5	GCF_016899425.1;GCF_053038975.1;GCF_053209605.1;GCF_905400185.1;MF6	PhoH-like protein
chr1_clade_core	GCF_016899425.1|KEDGBJ_02863	COG0319	J		5	5	GCF_016899425.1;GCF_053038975.1;GCF_053209605.1;GCF_905400185.1;MF6	rRNA maturation RNase YbeY
chr1_clade_core	GCF_016899425.1|KEDGBJ_02864	COG3703	P	07232	5	5	GCF_016899425.1;GCF_053038975.1;GCF_053209605.1;GCF_905400185.1;MF6	glutathione-specific gamma-glutamylcyclotransferase
chr1_clade_core	GCF_016899425.1|KEDGBJ_02865				5	5	GCF_016899425.1;GCF_053038975.1;GCF_053209605.1;GCF_905400185.1;MF6	Lipoprotein
chr1_clade_core	GCF_016899425.1|KEDGBJ_02866	COG4535	P		5	5	GCF_016899425.1;GCF_053038975.1;GCF_053209605.1;GCF_905400185.1;MF6	Magnesium and cobalt efflux protein CorC
chr1_clade_core	GCF_016899425.1|KEDGBJ_02869	COG0752	J	01878	5	5	GCF_016899425.1;GCF_053038975.1;GCF_053209605.1;GCF_905400185.1;MF6	glycine--tRNA ligase subunit alpha
chr1_clade_core	GCF_016899425.1|KEDGBJ_02870	COG0751	J		5	5	GCF_016899425.1;GCF_053038975.1;GCF_053209605.1;GCF_905400185.1;MF6	Glycine--tRNA ligase beta subunit
chr1_clade_core	GCF_016899425.1|KEDGBJ_02871	COG0241	E		5	5	GCF_016899425.1;GCF_053038975.1;GCF_053209605.1;GCF_905400185.1;MF6	D-glycero-beta-D-manno-heptose 1,7-bisphosphate 7-phosphatase
chr1_clade_core	GCF_016899425.1|KEDGBJ_02872	COG0204	I		5	5	GCF_016899425.1;GCF_053038975.1;GCF_053209605.1;GCF_905400185.1;MF6	1-acyl-sn-glycerol-3-phosphate acyltransferase
chr1_clade_core	GCF_016899425.1|KEDGBJ_02873	COG1451	R		5	5	GCF_016899425.1;GCF_053038975.1;GCF_053209605.1;GCF_905400185.1;MF6	YgjP-like metallopeptidase domain-containing protein
chr1_clade_core	GCF_016899425.1|KEDGBJ_02874	COG0346	Q		5	5	GCF_016899425.1;GCF_053038975.1;GCF_053209605.1;GCF_905400185.1;MF6	lactoylglutathione lyase
chr1_clade_core	GCF_016899425.1|KEDGBJ_02876	COG0030	J		5	5	GCF_016899425.1;GCF_053038975.1;GCF_053209605.1;GCF_905400185.1;MF6	16S rRNA (adenine(1518)-N(6)/adenine(1519)-N(6))-dimethyltransferase RsmA
chr1_clade_core	GCF_016899425.1|KEDGBJ_02877			00097	5	5	GCF_016899425.1;GCF_053038975.1;GCF_053209605.1;GCF_905400185.1;MF6	4-hydroxythreonine-4-phosphate dehydrogenase PdxA
chr1_clade_core	GCF_016899425.1|KEDGBJ_02878	COG0760	O		5	5	GCF_016899425.1;GCF_053038975.1;GCF_053209605.1;GCF_905400185.1;MF6	Chaperone SurA
chr1_clade_core	GCF_016899425.1|KEDGBJ_02879	COG1452	M		5	5	GCF_016899425.1;GCF_053038975.1;GCF_053209605.1;GCF_905400185.1;MF6	LPS-assembly protein LptD
chr1_clade_core	GCF_016899425.1|KEDGBJ_02880	COG3178	R	07102	5	5	GCF_016899425.1;GCF_053038975.1;GCF_053209605.1;GCF_905400185.1;MF6	Aminoglycoside phosphotransferase
chr1_clade_core	GCF_016899425.1|KEDGBJ_02881	COG1208	JM		5	5	GCF_016899425.1;GCF_053038975.1;GCF_053209605.1;GCF_905400185.1;MF6	N-acetylmuramate alpha-1-phosphate uridylyltransferase MurU
chr1_clade_core	GCF_016899425.1|KEDGBJ_02882	COG5265	O		5	5	GCF_016899425.1;GCF_053038975.1;GCF_053209605.1;GCF_905400185.1;MF6	Xenobiotic-transporting ATPase
chr1_clade_core	GCF_016899425.1|KEDGBJ_02883	COG1607	I		5	5	GCF_016899425.1;GCF_053038975.1;GCF_053209605.1;GCF_905400185.1;MF6	Acyl-CoA hydrolase
chr1_clade_core	GCF_016899425.1|KEDGBJ_02884				5	5	GCF_016899425.1;GCF_053038975.1;GCF_053209605.1;GCF_905400185.1;MF6	NAD-dependent aldehyde dehydrogenase associated with FdhD
chr1_clade_core	GCF_016899425.1|KEDGBJ_02885				5	5	GCF_016899425.1;GCF_053038975.1;GCF_053209605.1;GCF_905400185.1;MF6	Sulfur carrier protein FdhD
chr1_clade_core	GCF_016899425.1|KEDGBJ_02886				5	5	GCF_016899425.1;GCF_053038975.1;GCF_053209605.1;GCF_905400185.1;MF6	Enoyl-CoA hydratase
chr1_clade_core	GCF_016899425.1|KEDGBJ_02887	COG0183	I		5	5	GCF_016899425.1;GCF_053038975.1;GCF_053209605.1;GCF_905400185.1;MF6	acetyl-CoA C-acyltransferase
chr1_clade_core	GCF_016899425.1|KEDGBJ_02888	COG1250	I		5	5	GCF_016899425.1;GCF_053038975.1;GCF_053209605.1;GCF_905400185.1;MF6	3-hydroxyacyl-CoA dehydrogenase
chr1_clade_core	GCF_016899425.1|KEDGBJ_02889	COG1960	I	20035	5	5	GCF_016899425.1;GCF_053038975.1;GCF_053209605.1;GCF_905400185.1;MF6	Acyl-CoA dehydrogenase
chr1_clade_core	GCF_016899425.1|KEDGBJ_02890	COG1309	K		5	5	GCF_016899425.1;GCF_053038975.1;GCF_053209605.1;GCF_905400185.1;MF6	HTH tetR-type domain-containing protein
chr1_clade_core	GCF_016899425.1|KEDGBJ_02891	COG1502	I	06131	5	5	GCF_016899425.1;GCF_053038975.1;GCF_053209605.1;GCF_905400185.1;MF6	cardiolipin synthase ClsB
chr1_clade_core	GCF_016899425.1|KEDGBJ_02892	COG0494	V		5	5	GCF_016899425.1;GCF_053038975.1;GCF_053209605.1;GCF_905400185.1;MF6	dihydroneopterin triphosphate diphosphatase
chr1_clade_core	GCF_016899425.1|KEDGBJ_02893				5	5	GCF_016899425.1;GCF_053038975.1;GCF_053209605.1;GCF_905400185.1;MF6	aspartate--tRNA ligase
chr1_clade_core	GCF_016899425.1|KEDGBJ_02894	COG2928	S		5	5	GCF_016899425.1;GCF_053038975.1;GCF_053209605.1;GCF_905400185.1;MF6	DUF502 domain-containing protein
chr1_clade_core	GCF_016899425.1|KEDGBJ_02895	COG2331	R		5	5	GCF_016899425.1;GCF_053038975.1;GCF_053209605.1;GCF_905400185.1;MF6	Zinc ribbon domain-containing protein
chr1_clade_core	GCF_016899425.1|KEDGBJ_02896				5	5	GCF_016899425.1;GCF_053038975.1;GCF_053209605.1;GCF_905400185.1;MF6	Thiopurine S-methyltransferase
chr1_clade_core	GCF_016899425.1|KEDGBJ_02897	COG0661	HT	03688	5	5	GCF_016899425.1;GCF_053038975.1;GCF_053209605.1;GCF_905400185.1;MF6	ubiquinone biosynthesis regulatory protein kinase UbiB
chr1_clade_core	GCF_016899425.1|KEDGBJ_02898	COG3165	H	03690	5	5	GCF_016899425.1;GCF_053038975.1;GCF_053209605.1;GCF_905400185.1;MF6	Ubiquinone biosynthesis accessory factor UbiJ
chr1_clade_core	GCF_016899425.1|KEDGBJ_02899	COG4395	I		5	5	GCF_016899425.1;GCF_053038975.1;GCF_053209605.1;GCF_905400185.1;MF6	Tim44-like domain-containing protein
chr1_clade_core	GCF_016899425.1|KEDGBJ_02900	COG2226	HJ		5	5	GCF_016899425.1;GCF_053038975.1;GCF_053209605.1;GCF_905400185.1;MF6	bifunctional demethylmenaquinone methyltransferase/2-methoxy-6-polyprenyl-1,4-benzoquinol methylase UbiE
chr1_clade_core	GCF_016899425.1|KEDGBJ_02901	COG3536	R		5	5	GCF_016899425.1;GCF_053038975.1;GCF_053209605.1;GCF_905400185.1;MF6	Gamma-butyrobetaine hydroxylase-like N-terminal domain-containing protein
chr1_clade_core	GCF_016899425.1|KEDGBJ_02902	COG0537	FR		5	5	GCF_016899425.1;GCF_053038975.1;GCF_053209605.1;GCF_905400185.1;MF6	HIT family protein
chr1_clade_core	GCF_016899425.1|KEDGBJ_02903	COG0277	C		5	5	GCF_016899425.1;GCF_053038975.1;GCF_053209605.1;GCF_905400185.1;MF6	FAD-binding PCMH-type domain-containing protein
chr1_clade_core	GCF_016899425.1|KEDGBJ_02904	COG1171	E		5	5	GCF_016899425.1;GCF_053038975.1;GCF_053209605.1;GCF_905400185.1;MF6	threonine ammonia-lyase, biosynthetic
chr1_clade_core	GCF_016899425.1|KEDGBJ_02905	COG2904	J	06879	5	5	GCF_016899425.1;GCF_053038975.1;GCF_053209605.1;GCF_905400185.1;MF6	NADPH-dependent 7-cyano-7-deazaguanine reductase QueF
chr1_clade_core	GCF_016899425.1|KEDGBJ_02906				5	5	GCF_016899425.1;GCF_053038975.1;GCF_053209605.1;GCF_905400185.1;MF6	DUF1493 domain-containing protein
chr1_clade_core	GCF_016899425.1|KEDGBJ_02907	COG0251	V		5	5	GCF_016899425.1;GCF_053038975.1;GCF_053209605.1;GCF_905400185.1;MF6	2-iminobutanoate/2-iminopropanoate deaminase
chr1_clade_core	GCF_016899425.1|KEDGBJ_02908	COG3653	Q		5	5	GCF_016899425.1;GCF_053038975.1;GCF_053209605.1;GCF_905400185.1;MF6	D-aminoacylase
chr1_clade_core	GCF_016899425.1|KEDGBJ_02909	COG1737	K	19337	5	5	GCF_016899425.1;GCF_053038975.1;GCF_053209605.1;GCF_905400185.1;MF6	Transcriptional regulator, RpiR family
chr1_clade_core	GCF_016899425.1|KEDGBJ_02910	COG3616	E		5	5	GCF_016899425.1;GCF_053038975.1;GCF_053209605.1;GCF_905400185.1;MF6	D-serine dehydratase
chr1_clade_core	GCF_016899425.1|KEDGBJ_02911	COG0693	V		5	5	GCF_016899425.1;GCF_053038975.1;GCF_053209605.1;GCF_905400185.1;MF6	Protease
chr1_clade_core	GCF_016899425.1|KEDGBJ_02912	COG1846	K		5	5	GCF_016899425.1;GCF_053038975.1;GCF_053209605.1;GCF_905400185.1;MF6	Uncharacterized HTH-type transcriptional regulator yusO,DNA-binding transcriptional repressor MarR,homoprotocatechuate degradation operon regulator, HpaR,MarR family
chr1_clade_core	GCF_016899425.1|KEDGBJ_02913	COG2814	G		5	5	GCF_016899425.1;GCF_053038975.1;GCF_053209605.1;GCF_905400185.1;MF6	MFS transporter
chr1_clade_core	GCF_016899425.1|KEDGBJ_02914				5	5	GCF_016899425.1;GCF_053038975.1;GCF_053209605.1;GCF_905400185.1;MF6	Peptidase
chr1_clade_core	GCF_016899425.1|KEDGBJ_02915	COG0657	I		5	5	GCF_016899425.1;GCF_053038975.1;GCF_053209605.1;GCF_905400185.1;MF6	Acetyl esterase
chr1_clade_core	GCF_016899425.1|KEDGBJ_02916				5	5	GCF_016899425.1;GCF_053038975.1;GCF_053209605.1;GCF_905400185.1;MF6	CHRD domain protein
chr1_clade_core	GCF_016899425.1|KEDGBJ_02917	COG0235	EG		5	5	GCF_016899425.1;GCF_053038975.1;GCF_053209605.1;GCF_905400185.1;MF6	Aldolase
chr1_clade_core	GCF_016899425.1|KEDGBJ_02918			06132	5	5	GCF_016899425.1;GCF_053038975.1;GCF_053209605.1;GCF_905400185.1;MF6	Exported protein
chr1_clade_core	GCF_016899425.1|KEDGBJ_02919	COG2186	K		5	5	GCF_016899425.1;GCF_053038975.1;GCF_053209605.1;GCF_905400185.1;MF6	Pyruvate dehydrogenase complex repressor
chr1_clade_core	GCF_016899425.1|KEDGBJ_02920	COG0247	C	18928	5	5	GCF_016899425.1;GCF_053038975.1;GCF_053209605.1;GCF_905400185.1;MF6	Cysteine-rich domain-containing protein
chr1_clade_core	GCF_016899425.1|KEDGBJ_02921				5	5	GCF_016899425.1;GCF_053038975.1;GCF_053209605.1;GCF_905400185.1;MF6	LUD domain-containing protein
chr1_clade_core	GCF_016899425.1|KEDGBJ_02922	COG1139	C	18929	5	5	GCF_016899425.1;GCF_053038975.1;GCF_053209605.1;GCF_905400185.1;MF6	LutB/LldF family L-lactate oxidation iron-sulfur protein
chr1_clade_core	GCF_016899425.1|KEDGBJ_02923			03303	5	5	GCF_016899425.1;GCF_053038975.1;GCF_053209605.1;GCF_905400185.1;MF6	L-lactate permease
chr1_clade_core	GCF_016899425.1|KEDGBJ_02924	COG0501	O	07387	5	5	GCF_016899425.1;GCF_053038975.1;GCF_053209605.1;GCF_905400185.1;MF6	Peptidase
chr1_clade_core	GCF_016899425.1|KEDGBJ_02925				5	5	GCF_016899425.1;GCF_053038975.1;GCF_053209605.1;GCF_905400185.1;MF6	Glycosyl transferase
chr1_clade_core	GCF_016899425.1|KEDGBJ_02926				5	5	GCF_016899425.1;GCF_053038975.1;GCF_053209605.1;GCF_905400185.1;MF6	Endoribonuclease L-PSP
chr1_clade_core	GCF_016899425.1|KEDGBJ_02927	COG1028	I		5	5	GCF_016899425.1;GCF_053038975.1;GCF_053209605.1;GCF_905400185.1;MF6	3-oxoacyl-ACP reductase FabG
chr1_clade_core	GCF_016899425.1|KEDGBJ_02928				5	5	GCF_016899425.1;GCF_053038975.1;GCF_053209605.1;GCF_905400185.1;MF6	Acyl carrier protein
chr1_clade_core	GCF_016899425.1|KEDGBJ_02929	COG4648	S		5	5	GCF_016899425.1;GCF_053038975.1;GCF_053209605.1;GCF_905400185.1;MF6	Transmembrane protein
chr1_clade_core	GCF_016899425.1|KEDGBJ_02931	COG4261	R		5	5	GCF_016899425.1;GCF_053038975.1;GCF_053209605.1;GCF_905400185.1;MF6	Acyl-CoA synthetase
chr1_clade_core	GCF_016899425.1|KEDGBJ_02932			03634	5	5	GCF_016899425.1;GCF_053038975.1;GCF_053209605.1;GCF_905400185.1;MF6	Acyltransferase
chr1_clade_core	GCF_016899425.1|KEDGBJ_02933				5	5	GCF_016899425.1;GCF_053038975.1;GCF_053209605.1;GCF_905400185.1;MF6	Membrane transport protein MMPL domain-containing protein
chr1_clade_core	GCF_016899425.1|KEDGBJ_02934				5	5	GCF_016899425.1;GCF_053038975.1;GCF_053209605.1;GCF_905400185.1;MF6	Polysaccharide deacetylase
chr1_clade_core	GCF_016899425.1|KEDGBJ_02935	COG0304	IQ		5	5	GCF_016899425.1;GCF_053038975.1;GCF_053209605.1;GCF_905400185.1;MF6	3-oxoacyl-ACP synthase
chr1_clade_core	GCF_016899425.1|KEDGBJ_02936				5	5	GCF_016899425.1;GCF_053038975.1;GCF_053209605.1;GCF_905400185.1;MF6	Beta-ketoacyl synthase-like N-terminal domain-containing protein
chr1_clade_core	GCF_016899425.1|KEDGBJ_02937				5	5	GCF_016899425.1;GCF_053038975.1;GCF_053209605.1;GCF_905400185.1;MF6	3-hydroxylacyl-ACP dehydratase
chr1_clade_core	GCF_016899425.1|KEDGBJ_02938				5	5	GCF_016899425.1;GCF_053038975.1;GCF_053209605.1;GCF_905400185.1;MF6	Signal peptide protein
chr1_clade_core	GCF_016899425.1|KEDGBJ_02939				5	5	GCF_016899425.1;GCF_053038975.1;GCF_053209605.1;GCF_905400185.1;MF6	hypothetical protein
chr1_clade_core	GCF_016899425.1|KEDGBJ_02940				5	5	GCF_016899425.1;GCF_053038975.1;GCF_053209605.1;GCF_905400185.1;MF6	Acetoacetyl-CoA reductase
chr1_clade_core	GCF_016899425.1|KEDGBJ_02942				5	5	GCF_016899425.1;GCF_053038975.1;GCF_053209605.1;GCF_905400185.1;MF6	Phasin
chr1_clade_core	GCF_016899425.1|KEDGBJ_02943	COG1192	DN	03496	5	5	GCF_016899425.1;GCF_053038975.1;GCF_053209605.1;GCF_905400185.1;MF6	Cobyric acid synthase
chr1_clade_core	GCF_016899425.1|KEDGBJ_02944			03652	5	5	GCF_016899425.1;GCF_053038975.1;GCF_053209605.1;GCF_905400185.1;MF6	DNA-3-methyladenine glycosylase
chr1_clade_core	GCF_016899425.1|KEDGBJ_02945				5	5	GCF_016899425.1;GCF_053038975.1;GCF_053209605.1;GCF_905400185.1;MF6	G/U mismatch-specific DNA glycosylase
chr1_clade_core	GCF_016899425.1|KEDGBJ_02946	COG0629	L		5	5	GCF_016899425.1;GCF_053038975.1;GCF_053209605.1;GCF_905400185.1;MF6	Single-stranded DNA-binding protein
chr1_clade_core	GCF_016899425.1|KEDGBJ_02947				5	5	GCF_016899425.1;GCF_053038975.1;GCF_053209605.1;GCF_905400185.1;MF6	Major facilitator superfamily transporter, MFS_1 family
chr1_clade_core	GCF_016899425.1|KEDGBJ_02948	COG0178	L	03701	5	5	GCF_016899425.1;GCF_053038975.1;GCF_053209605.1;GCF_905400185.1;MF6	excinuclease ABC subunit UvrA
chr1_clade_core	GCF_016899425.1|KEDGBJ_02949	COG0628	R		5	5	GCF_016899425.1;GCF_053038975.1;GCF_053209605.1;GCF_905400185.1;MF6	Transporter
chr1_clade_core	GCF_016899425.1|KEDGBJ_02950	COG0788	F		5	5	GCF_016899425.1;GCF_053038975.1;GCF_053209605.1;GCF_905400185.1;MF6	formyltetrahydrofolate deformylase
chr1_clade_core	GCF_016899425.1|KEDGBJ_02951				5	5	GCF_016899425.1;GCF_053038975.1;GCF_053209605.1;GCF_905400185.1;MF6	Nudix hydrolase domain-containing protein
chr1_clade_core	GCF_016899425.1|KEDGBJ_02952	COG1280	E	05834	5	5	GCF_016899425.1;GCF_053038975.1;GCF_053209605.1;GCF_905400185.1;MF6	LysE family translocator
chr1_clade_core	GCF_016899425.1|KEDGBJ_02953	COG0503	F		5	5	GCF_016899425.1;GCF_053038975.1;GCF_053209605.1;GCF_905400185.1;MF6	adenine phosphoribosyltransferase
chr1_clade_core	GCF_016899425.1|KEDGBJ_02954	COG1226	P	03455	5	5	GCF_016899425.1;GCF_053038975.1;GCF_053209605.1;GCF_905400185.1;MF6	Potassium transporter
chr1_clade_core	GCF_016899425.1|KEDGBJ_02955	COG0794	GM		5	5	GCF_016899425.1;GCF_053038975.1;GCF_053209605.1;GCF_905400185.1;MF6	Arabinose-5-phosphate isomerase
chr1_clade_core	GCF_016899425.1|KEDGBJ_02956	COG1778	MR		5	5	GCF_016899425.1;GCF_053038975.1;GCF_053209605.1;GCF_905400185.1;MF6	3-deoxy-D-manno-octulosonate 8-phosphate phosphatase KdsC
chr1_clade_core	GCF_016899425.1|KEDGBJ_02957	COG3117	M		5	5	GCF_016899425.1;GCF_053038975.1;GCF_053209605.1;GCF_905400185.1;MF6	LPS export ABC transporter periplasmic protein LptC
chr1_clade_core	GCF_016899425.1|KEDGBJ_02958	COG1934	M	09774	5	5	GCF_016899425.1;GCF_053038975.1;GCF_053209605.1;GCF_905400185.1;MF6	lipopolysaccharide transport periplasmic protein LptA
chr1_clade_core	GCF_016899425.1|KEDGBJ_02959	COG1137	M		5	5	GCF_016899425.1;GCF_053038975.1;GCF_053209605.1;GCF_905400185.1;MF6	LPS export ABC transporter ATP-binding protein
chr1_clade_core	GCF_016899425.1|KEDGBJ_02960	COG1508	K		5	5	GCF_016899425.1;GCF_053038975.1;GCF_053209605.1;GCF_905400185.1;MF6	RNA polymerase factor sigma-54
chr1_clade_core	GCF_016899425.1|KEDGBJ_02961	COG1544	J	05808	5	5	GCF_016899425.1;GCF_053038975.1;GCF_053209605.1;GCF_905400185.1;MF6	ribosome hibernation-promoting factor, HPF/YfiA family
chr1_clade_core	GCF_016899425.1|KEDGBJ_02962	COG1762	GT		5	5	GCF_016899425.1;GCF_053038975.1;GCF_053209605.1;GCF_905400185.1;MF6	PTS IIA-like nitrogen-regulatory protein PtsN
chr1_clade_core	GCF_016899425.1|KEDGBJ_02963			06023	5	5	GCF_016899425.1;GCF_053038975.1;GCF_053209605.1;GCF_905400185.1;MF6	HPr(Ser) kinase/phosphatase
chr1_clade_core	GCF_016899425.1|KEDGBJ_02964	COG1660	T	06958	5	5	GCF_016899425.1;GCF_053038975.1;GCF_053209605.1;GCF_905400185.1;MF6	RNase adapter RapZ
chr1_clade_core	GCF_016899425.1|KEDGBJ_02965	COG2802	S	07157	5	5	GCF_016899425.1;GCF_053038975.1;GCF_053209605.1;GCF_905400185.1;MF6	Lon N-terminal domain-containing protein
chr1_clade_core	GCF_016899425.1|KEDGBJ_02966	COG1194	L	03575	5	5	GCF_016899425.1;GCF_053038975.1;GCF_053209605.1;GCF_905400185.1;MF6	A/G-specific adenine glycosylase
chr1_clade_core	GCF_016899425.1|KEDGBJ_02968	COG2956	M		5	5	GCF_016899425.1;GCF_053038975.1;GCF_053209605.1;GCF_905400185.1;MF6	Tetratricopeptide repeat protein
chr1_clade_core	GCF_016899425.1|KEDGBJ_02969	COG3017	M	02494	5	5	GCF_016899425.1;GCF_053038975.1;GCF_053209605.1;GCF_905400185.1;MF6	lipoprotein insertase outer membrane protein LolB
chr1_clade_core	GCF_016899425.1|KEDGBJ_02970	COG1947	I	00919	5	5	GCF_016899425.1;GCF_053038975.1;GCF_053209605.1;GCF_905400185.1;MF6	4-(cytidine 5'-diphospho)-2-C-methyl-D-erythritol kinase
chr1_clade_core	GCF_016899425.1|KEDGBJ_02972	COG0462	F	00948	5	5	GCF_016899425.1;GCF_053038975.1;GCF_053209605.1;GCF_905400185.1;MF6	Ribose-phosphate pyrophosphokinase
chr1_clade_core	GCF_016899425.1|KEDGBJ_02973	COG1825	J	02897	5	5	GCF_016899425.1;GCF_053038975.1;GCF_053209605.1;GCF_905400185.1;MF6	50S ribosomal protein L25/general stress protein Ctc
chr1_clade_core	GCF_016899425.1|KEDGBJ_02974	COG0193	J		5	5	GCF_016899425.1;GCF_053038975.1;GCF_053209605.1;GCF_905400185.1;MF6	aminoacyl-tRNA hydrolase
chr1_clade_core	GCF_016899425.1|KEDGBJ_02975	COG0079	E	00817	5	5	GCF_016899425.1;GCF_053038975.1;GCF_053209605.1;GCF_905400185.1;MF6	histidinol-phosphate transaminase
chr1_clade_core	GCF_016899425.1|KEDGBJ_02976	COG1143	C		5	5	GCF_016899425.1;GCF_053038975.1;GCF_053209605.1;GCF_905400185.1;MF6	YfhL family 4Fe-4S dicluster ferredoxin
chr1_clade_core	GCF_016899425.1|KEDGBJ_02977	COG0669	H	00954	5	5	GCF_016899425.1;GCF_053038975.1;GCF_053209605.1;GCF_905400185.1;MF6	pantetheine-phosphate adenylyltransferase
chr1_clade_core	GCF_016899425.1|KEDGBJ_02978	COG0742	J	08316	5	5	GCF_016899425.1;GCF_053038975.1;GCF_053209605.1;GCF_905400185.1;MF6	16S rRNA (guanine(966)-N(2))-methyltransferase RsmD
chr1_clade_core	GCF_016899425.1|KEDGBJ_02979	COG0552	U	03110	5	5	GCF_016899425.1;GCF_053038975.1;GCF_053209605.1;GCF_905400185.1;MF6	signal recognition particle-docking protein FtsY
chr1_clade_core	GCF_016899425.1|KEDGBJ_02980	COG0625	O		5	5	GCF_016899425.1;GCF_053038975.1;GCF_053209605.1;GCF_905400185.1;MF6	maleylacetoacetate isomerase
chr1_clade_core	GCF_016899425.1|KEDGBJ_02981	COG0547	E		5	5	GCF_016899425.1;GCF_053038975.1;GCF_053209605.1;GCF_905400185.1;MF6	DNA-binding protein YbiB
chr1_clade_core	GCF_016899425.1|KEDGBJ_02982	COG0119	E	01649	5	5	GCF_016899425.1;GCF_053038975.1;GCF_053209605.1;GCF_905400185.1;MF6	2-isopropylmalate synthase
chr1_clade_core	GCF_016899425.1|KEDGBJ_02983				5	5	GCF_016899425.1;GCF_053038975.1;GCF_053209605.1;GCF_905400185.1;MF6	DUF4440 domain-containing protein
chr1_clade_core	GCF_016899425.1|KEDGBJ_02984			12976	5	5	GCF_016899425.1;GCF_053038975.1;GCF_053209605.1;GCF_905400185.1;MF6	Lipid A deacylase
chr1_clade_core	GCF_016899425.1|KEDGBJ_02985	COG0568	K	03089	5	5	GCF_016899425.1;GCF_053038975.1;GCF_053209605.1;GCF_905400185.1;MF6	RNA polymerase sigma factor RpoH
chr1_clade_core	GCF_016899425.1|KEDGBJ_02986				5	5	GCF_016899425.1;GCF_053038975.1;GCF_053209605.1;GCF_905400185.1;MF6	cytochrome oxidase putative small subunit CydP
chr1_clade_core	GCF_016899425.1|KEDGBJ_02987	COG1271	C	00425	5	5	GCF_016899425.1;GCF_053038975.1;GCF_053209605.1;GCF_905400185.1;MF6	Cytochrome d ubiquinol oxidase subunit I
chr1_clade_core	GCF_016899425.1|KEDGBJ_02988	COG1294	C		5	5	GCF_016899425.1;GCF_053038975.1;GCF_053209605.1;GCF_905400185.1;MF6	cytochrome d ubiquinol oxidase subunit II
chr1_clade_core	GCF_016899425.1|KEDGBJ_02989			00424	5	5	GCF_016899425.1;GCF_053038975.1;GCF_053209605.1;GCF_905400185.1;MF6	cytochrome bd-I oxidase subunit CydX
chr1_clade_core	GCF_016899425.1|KEDGBJ_02990	COG3525	G	12373	5	5	GCF_016899425.1;GCF_053038975.1;GCF_053209605.1;GCF_905400185.1;MF6	beta-N-acetylhexosaminidase
chr1_clade_core	GCF_016899425.1|KEDGBJ_02992	COG2190	G	23993	5	5	GCF_016899425.1;GCF_053038975.1;GCF_053209605.1;GCF_905400185.1;MF6	phosphoenolpyruvate--protein phosphotransferase
chr1_clade_core	GCF_016899425.1|KEDGBJ_02994	COG1820	G	01443	5	5	GCF_016899425.1;GCF_053038975.1;GCF_053209605.1;GCF_905400185.1;MF6	N-acetylglucosamine-6-phosphate deacetylase
chr1_clade_core	GCF_016899425.1|KEDGBJ_02995	COG2188	K		5	5	GCF_016899425.1;GCF_053038975.1;GCF_053209605.1;GCF_905400185.1;MF6	GntR family transcriptional regulator
chr1_clade_core	GCF_016899425.1|KEDGBJ_02996			14162	5	5	GCF_016899425.1;GCF_053038975.1;GCF_053209605.1;GCF_905400185.1;MF6	Error-prone DNA polymerase
chr1_clade_core	GCF_016899425.1|KEDGBJ_02997			14161	5	5	GCF_016899425.1;GCF_053038975.1;GCF_053209605.1;GCF_905400185.1;MF6	Nucleotidyltransferase/DNA polymerase
chr1_clade_core	GCF_016899425.1|KEDGBJ_02998	COG4544	L	14160	5	5	GCF_016899425.1;GCF_053038975.1;GCF_053209605.1;GCF_905400185.1;MF6	translesion DNA synthesis-associated protein ImuA
chr1_clade_core	GCF_016899425.1|KEDGBJ_02999				5	5	GCF_016899425.1;GCF_053038975.1;GCF_053209605.1;GCF_905400185.1;MF6	Lipoprotein
chr1_clade_core	GCF_016899425.1|KEDGBJ_03000				5	5	GCF_016899425.1;GCF_053038975.1;GCF_053209605.1;GCF_905400185.1;MF6	DUF1493 domain-containing protein
chr1_clade_core	GCF_016899425.1|KEDGBJ_03001				5	5	GCF_016899425.1;GCF_053038975.1;GCF_053209605.1;GCF_905400185.1;MF6	Phage membrane protein
chr1_clade_core	GCF_016899425.1|KEDGBJ_03002	COG1464	P	02073	5	5	GCF_016899425.1;GCF_053038975.1;GCF_053209605.1;GCF_905400185.1;MF6	Lipoprotein
chr1_clade_core	GCF_016899425.1|KEDGBJ_03003	COG4564	T		5	5	GCF_016899425.1;GCF_053038975.1;GCF_053209605.1;GCF_905400185.1;MF6	Methyl-accepting chemotaxis sensory transducer
chr1_clade_core	GCF_016899425.1|KEDGBJ_03004	COG2350	QR		5	5	GCF_016899425.1;GCF_053038975.1;GCF_053209605.1;GCF_905400185.1;MF6	YCII-related domain-containing protein
chr1_clade_core	GCF_016899425.1|KEDGBJ_03005	COG1999	O		5	5	GCF_016899425.1;GCF_053038975.1;GCF_053209605.1;GCF_905400185.1;MF6	Thioredoxin domain-containing protein
chr1_clade_core	GCF_016899425.1|KEDGBJ_03006	COG0109	HI		5	5	GCF_016899425.1;GCF_053038975.1;GCF_053209605.1;GCF_905400185.1;MF6	heme o synthase
chr1_clade_core	GCF_016899425.1|KEDGBJ_03007	COG1612	H	02259	5	5	GCF_016899425.1;GCF_053038975.1;GCF_053209605.1;GCF_905400185.1;MF6	COX15/CtaA family protein
chr1_clade_core	GCF_016899425.1|KEDGBJ_03008	COG1999	O		5	5	GCF_016899425.1;GCF_053038975.1;GCF_053209605.1;GCF_905400185.1;MF6	Cytochrome C oxidase subunit I
chr1_clade_core	GCF_016899425.1|KEDGBJ_03009	COG3346	O	14998	5	5	GCF_016899425.1;GCF_053038975.1;GCF_053209605.1;GCF_905400185.1;MF6	SURF1-like protein
chr1_clade_core	GCF_016899425.1|KEDGBJ_03010				5	5	GCF_016899425.1;GCF_053038975.1;GCF_053209605.1;GCF_905400185.1;MF6	Twin transmembrane helix small protein
chr1_clade_core	GCF_016899425.1|KEDGBJ_03011	COG1845	C		5	5	GCF_016899425.1;GCF_053038975.1;GCF_053209605.1;GCF_905400185.1;MF6	cytochrome-c oxidase
chr1_clade_core	GCF_016899425.1|KEDGBJ_03012				5	5	GCF_016899425.1;GCF_053038975.1;GCF_053209605.1;GCF_905400185.1;MF6	DUF2970 domain-containing protein
chr1_clade_core	GCF_016899425.1|KEDGBJ_03013	COG3175	CO	02258	5	5	GCF_016899425.1;GCF_053038975.1;GCF_053209605.1;GCF_905400185.1;MF6	cytochrome c oxidase assembly protein
chr1_clade_core	GCF_016899425.1|KEDGBJ_03015	COG0843	C		5	5	GCF_016899425.1;GCF_053038975.1;GCF_053209605.1;GCF_905400185.1;MF6	cytochrome c oxidase subunit I
chr1_clade_core	GCF_016899425.1|KEDGBJ_03016	COG2885	M	02275	5	5	GCF_016899425.1;GCF_053038975.1;GCF_053209605.1;GCF_905400185.1;MF6	cytochrome c oxidase subunit II
chr1_clade_core	GCF_016899425.1|KEDGBJ_03017	COG5488	S		5	5	GCF_016899425.1;GCF_053038975.1;GCF_053209605.1;GCF_905400185.1;MF6	DUF2244 domain-containing protein
chr1_clade_core	GCF_016899425.1|KEDGBJ_03018	COG2226	HJ		5	5	GCF_016899425.1;GCF_053038975.1;GCF_053209605.1;GCF_905400185.1;MF6	Malonyl-[acyl-carrier protein] O-methyltransferase
chr1_clade_core	GCF_016899425.1|KEDGBJ_03019			02242	5	5	GCF_016899425.1;GCF_053038975.1;GCF_053209605.1;GCF_905400185.1;MF6	Phosphoribosyltransferase domain-containing protein
chr1_clade_core	GCF_016899425.1|KEDGBJ_03020	COG0219	J	03216	5	5	GCF_016899425.1;GCF_053038975.1;GCF_053209605.1;GCF_905400185.1;MF6	tRNA (uridine(34)/cytosine(34)/5-carboxymethylaminomethyluridine(34)-2'-O)-methyltransferase TrmL
chr1_clade_core	GCF_016899425.1|KEDGBJ_03021	COG2110	J		5	5	GCF_016899425.1;GCF_053038975.1;GCF_053209605.1;GCF_905400185.1;MF6	O-acetyl-ADP-ribose deacetylase
chr1_clade_core	GCF_016899425.1|KEDGBJ_03022	COG0240	C		5	5	GCF_016899425.1;GCF_053038975.1;GCF_053209605.1;GCF_905400185.1;MF6	Glycerol-3-phosphate dehydrogenase [NAD(P)+]
chr1_clade_core	GCF_016899425.1|KEDGBJ_03023	COG1952	U	03071	5	5	GCF_016899425.1;GCF_053038975.1;GCF_053209605.1;GCF_905400185.1;MF6	protein-export chaperone SecB
chr1_clade_core	GCF_016899425.1|KEDGBJ_03024	COG0695	O		5	5	GCF_016899425.1;GCF_053038975.1;GCF_053209605.1;GCF_905400185.1;MF6	glutaredoxin 3
chr1_clade_core	GCF_016899425.1|KEDGBJ_03025	COG0607	P		5	5	GCF_016899425.1;GCF_053038975.1;GCF_053209605.1;GCF_905400185.1;MF6	Rhodanese-like protein
chr1_clade_core	GCF_016899425.1|KEDGBJ_03026	COG0588	G	01834	5	5	GCF_016899425.1;GCF_053038975.1;GCF_053209605.1;GCF_905400185.1;MF6	2,3-diphosphoglycerate-dependent phosphoglycerate mutase
chr1_clade_core	GCF_016899425.1|KEDGBJ_03027				5	5	GCF_016899425.1;GCF_053038975.1;GCF_053209605.1;GCF_905400185.1;MF6	Carboxyl-terminal protease
chr1_clade_core	GCF_016899425.1|KEDGBJ_03028	COG0476	H		5	5	GCF_016899425.1;GCF_053038975.1;GCF_053209605.1;GCF_905400185.1;MF6	Molybdopterin biosynthesis protein MoeB
chr1_clade_core	GCF_016899425.1|KEDGBJ_03029	COG1080	G		5	5	GCF_016899425.1;GCF_053038975.1;GCF_053209605.1;GCF_905400185.1;MF6	Phosphoenolpyruvate-protein phosphotransferase
chr1_clade_core	GCF_016899425.1|KEDGBJ_03030	COG1925	TG		5	5	GCF_016899425.1;GCF_053038975.1;GCF_053209605.1;GCF_905400185.1;MF6	Phosphocarrier protein HPr
chr1_clade_core	GCF_016899425.1|KEDGBJ_03031	COG2893	G		5	5	GCF_016899425.1;GCF_053038975.1;GCF_053209605.1;GCF_905400185.1;MF6	PTS fructose transporter subunit IIA
chr1_clade_core	GCF_016899425.1|KEDGBJ_03032			01920	5	5	GCF_016899425.1;GCF_053038975.1;GCF_053209605.1;GCF_905400185.1;MF6	glutathione synthase
chr1_clade_core	GCF_016899425.1|KEDGBJ_03033				5	5	GCF_016899425.1;GCF_053038975.1;GCF_053209605.1;GCF_905400185.1;MF6	glutamate--cysteine ligase
chr1_clade_core	GCF_016899425.1|KEDGBJ_03034	COG0004	P	03320	5	5	GCF_016899425.1;GCF_053038975.1;GCF_053209605.1;GCF_905400185.1;MF6	Ammonium transporter
chr1_clade_core	GCF_016899425.1|KEDGBJ_03035	COG0347	TE		5	5	GCF_016899425.1;GCF_053038975.1;GCF_053209605.1;GCF_905400185.1;MF6	Regulatory protein (P-II) for nitrogen assimilation by glutamine synthetase (ATase) signal transduction protein, associated to amtB, ammonium transporter
chr1_clade_core	GCF_016899425.1|KEDGBJ_03036	COG2960	H		5	5	GCF_016899425.1;GCF_053038975.1;GCF_053209605.1;GCF_905400185.1;MF6	Ubiquinone biosynthesis accessory factor UbiK
chr1_clade_core	GCF_016899425.1|KEDGBJ_03037				5	5	GCF_016899425.1;GCF_053038975.1;GCF_053209605.1;GCF_905400185.1;MF6	Competence protein ComM
chr1_clade_core	GCF_016899425.1|KEDGBJ_03039	COG0526	O		5	5	GCF_016899425.1;GCF_053038975.1;GCF_053209605.1;GCF_905400185.1;MF6	Thioredoxin domain-containing protein
chr1_clade_core	GCF_016899425.1|KEDGBJ_03040				5	5	GCF_016899425.1;GCF_053038975.1;GCF_053209605.1;GCF_905400185.1;MF6	Sigma-54-dependent Fis family transcriptional regulator
chr1_clade_core	GCF_016899425.1|KEDGBJ_03041	COG4191	T		5	5	GCF_016899425.1;GCF_053038975.1;GCF_053209605.1;GCF_905400185.1;MF6	histidine kinase
chr1_clade_core	GCF_016899425.1|KEDGBJ_03042				5	5	GCF_016899425.1;GCF_053038975.1;GCF_053209605.1;GCF_905400185.1;MF6	C4-dicarboxylate transport protein
chr1_clade_core	GCF_016899425.1|KEDGBJ_03043	COG4147	C	14393	5	5	GCF_016899425.1;GCF_053038975.1;GCF_053209605.1;GCF_905400185.1;MF6	Cation acetate symporter
chr1_clade_core	GCF_016899425.1|KEDGBJ_03044	COG3162	S		5	5	GCF_016899425.1;GCF_053038975.1;GCF_053209605.1;GCF_905400185.1;MF6	DUF485 domain-containing protein
chr1_clade_core	GCF_016899425.1|KEDGBJ_03045	COG1804	I		5	5	GCF_016899425.1;GCF_053038975.1;GCF_053209605.1;GCF_905400185.1;MF6	Acetyl-CoA:oxalate CoA-transferase
chr1_clade_core	GCF_016899425.1|KEDGBJ_03046				5	5	GCF_016899425.1;GCF_053038975.1;GCF_053209605.1;GCF_905400185.1;MF6	Acyl-CoA dehydrogenase
chr1_clade_core	GCF_016899425.1|KEDGBJ_03047	COG1960	I		5	5	GCF_016899425.1;GCF_053038975.1;GCF_053209605.1;GCF_905400185.1;MF6	Acyl-CoA dehydrogenase domain-containing protein
chr1_clade_core	GCF_016899425.1|KEDGBJ_03048	COG1250	I		5	5	GCF_016899425.1;GCF_053038975.1;GCF_053209605.1;GCF_905400185.1;MF6	3-hydroxyacyl-CoA dehydrogenase
chr1_clade_core	GCF_016899425.1|KEDGBJ_03049	COG0583	K		5	5	GCF_016899425.1;GCF_053038975.1;GCF_053209605.1;GCF_905400185.1;MF6	HTH lysR-type domain-containing protein
chr1_clade_core	GCF_016899425.1|KEDGBJ_03050	COG0405	E		5	5	GCF_016899425.1;GCF_053038975.1;GCF_053209605.1;GCF_905400185.1;MF6	gamma-glutamyltransferase
chr1_clade_core	GCF_016899425.1|KEDGBJ_03053	COG4525	P		5	5	GCF_016899425.1;GCF_053038975.1;GCF_053209605.1;GCF_905400185.1;MF6	Taurine import ATP-binding protein TauB
chr1_clade_core	GCF_016899425.1|KEDGBJ_03054	COG4521	P	15551	5	5	GCF_016899425.1;GCF_053038975.1;GCF_053209605.1;GCF_905400185.1;MF6	taurine ABC transporter substrate-binding protein
chr1_clade_core	GCF_016899425.1|KEDGBJ_03055	COG0320	H	03644	5	5	GCF_016899425.1;GCF_053038975.1;GCF_053209605.1;GCF_905400185.1;MF6	lipoyl synthase
chr1_clade_core	GCF_016899425.1|KEDGBJ_03056	COG0321	H		5	5	GCF_016899425.1;GCF_053038975.1;GCF_053209605.1;GCF_905400185.1;MF6	lipoyl(octanoyl) transferase LipB
chr1_clade_core	GCF_016899425.1|KEDGBJ_03057				5	5	GCF_016899425.1;GCF_053038975.1;GCF_053209605.1;GCF_905400185.1;MF6	DUF2917 domain-containing protein
chr1_clade_core	GCF_016899425.1|KEDGBJ_03058			03566	5	5	GCF_016899425.1;GCF_053038975.1;GCF_053209605.1;GCF_905400185.1;MF6	HTH lysR-type domain-containing protein
chr1_clade_core	GCF_016899425.1|KEDGBJ_03059	COG2921	T		5	5	GCF_016899425.1;GCF_053038975.1;GCF_053209605.1;GCF_905400185.1;MF6	UPF0250 protein BSFP_017290
chr1_clade_core	GCF_016899425.1|KEDGBJ_03060	COG0115	EH		5	5	GCF_016899425.1;GCF_053038975.1;GCF_053209605.1;GCF_905400185.1;MF6	Branched chain amino acid: 2-keto-4-methylthiobutyrate aminotransferase
chr1_clade_core	GCF_016899425.1|KEDGBJ_03061	COG1686	M	07258	5	5	GCF_016899425.1;GCF_053038975.1;GCF_053209605.1;GCF_905400185.1;MF6	serine-type D-Ala-D-Ala carboxypeptidase
chr1_clade_core	GCF_016899425.1|KEDGBJ_03062	COG2945	R		5	5	GCF_016899425.1;GCF_053038975.1;GCF_053209605.1;GCF_905400185.1;MF6	Serine aminopeptidase S33 domain-containing protein
chr1_clade_core	GCF_016899425.1|KEDGBJ_03063	COG3411	C		5	5	GCF_016899425.1;GCF_053038975.1;GCF_053209605.1;GCF_905400185.1;MF6	2Fe-2S ferredoxin
chr1_clade_core	GCF_016899425.1|KEDGBJ_03064				5	5	GCF_016899425.1;GCF_053038975.1;GCF_053209605.1;GCF_905400185.1;MF6	VanZ like protein
chr1_clade_core	GCF_016899425.1|KEDGBJ_03065	COG3218	R	18480	5	5	GCF_016899425.1;GCF_053038975.1;GCF_053209605.1;GCF_905400185.1;MF6	ABC-type transport auxiliary lipoprotein component domain-containing protein
chr1_clade_core	GCF_016899425.1|KEDGBJ_03066	COG1463	M		5	5	GCF_016899425.1;GCF_053038975.1;GCF_053209605.1;GCF_905400185.1;MF6	Mce/MlaD domain-containing protein
chr1_clade_core	GCF_016899425.1|KEDGBJ_03068	COG0767	M	02066	5	5	GCF_016899425.1;GCF_053038975.1;GCF_053209605.1;GCF_905400185.1;MF6	ABC transporter permease
chr1_clade_core	GCF_016899425.1|KEDGBJ_03069	COG0737	FV		5	5	GCF_016899425.1;GCF_053038975.1;GCF_053209605.1;GCF_905400185.1;MF6	bifunctional 2',3'-cyclic-nucleotide 2'-phosphodiesterase/3'-nucleotidase
chr1_clade_core	GCF_016899425.1|KEDGBJ_03070				5	5	GCF_016899425.1;GCF_053038975.1;GCF_053209605.1;GCF_905400185.1;MF6	Sel1 repeat family protein
chr1_clade_core	GCF_016899425.1|KEDGBJ_03073	COG0340	H		5	5	GCF_016899425.1;GCF_053038975.1;GCF_053209605.1;GCF_905400185.1;MF6	biotin--[acetyl-CoA-carboxylase] ligase
chr1_clade_core	GCF_016899425.1|KEDGBJ_03074	COG1521	H	03525	5	5	GCF_016899425.1;GCF_053038975.1;GCF_053209605.1;GCF_905400185.1;MF6	type III pantothenate kinase
chr1_clade_core	GCF_016899425.1|KEDGBJ_03075				5	5	GCF_016899425.1;GCF_053038975.1;GCF_053209605.1;GCF_905400185.1;MF6	Sporulation protein
chr1_clade_core	GCF_016899425.1|KEDGBJ_03077				5	5	GCF_016899425.1;GCF_053038975.1;GCF_053209605.1;GCF_905400185.1;MF6	Ferritin
chr1_clade_core	GCF_016899425.1|KEDGBJ_03078				5	5	GCF_016899425.1;GCF_053038975.1;GCF_053209605.1;GCF_905400185.1;MF6	hypothetical protein
chr1_clade_core	GCF_016899425.1|KEDGBJ_03079	COG1752	R		5	5	GCF_016899425.1;GCF_053038975.1;GCF_053209605.1;GCF_905400185.1;MF6	Patatin-like phospholipase
chr1_clade_core	GCF_016899425.1|KEDGBJ_03081				5	5	GCF_016899425.1;GCF_053038975.1;GCF_053209605.1;GCF_905400185.1;MF6	Enoyl-CoA hydratase
chr1_clade_core	GCF_016899425.1|KEDGBJ_03082	COG0179	Q		5	5	GCF_016899425.1;GCF_053038975.1;GCF_053209605.1;GCF_905400185.1;MF6	Ureidoglycolate lyase
chr1_clade_core	GCF_016899425.1|KEDGBJ_03083	COG1414	K		5	5	GCF_016899425.1;GCF_053038975.1;GCF_053209605.1;GCF_905400185.1;MF6	IclR family transcriptional regulator
chr1_clade_core	GCF_016899425.1|KEDGBJ_03084				5	5	GCF_016899425.1;GCF_053038975.1;GCF_053209605.1;GCF_905400185.1;MF6	DUF3108 domain-containing protein
chr1_clade_core	GCF_016899425.1|KEDGBJ_03085				5	5	GCF_016899425.1;GCF_053038975.1;GCF_053209605.1;GCF_905400185.1;MF6	DUF3567 domain-containing protein
chr1_clade_core	GCF_016899425.1|KEDGBJ_03086	COG0646	E		5	5	GCF_016899425.1;GCF_053038975.1;GCF_053209605.1;GCF_905400185.1;MF6	Methionine synthase
chr1_clade_core	GCF_016899425.1|KEDGBJ_03087				5	5	GCF_016899425.1;GCF_053038975.1;GCF_053209605.1;GCF_905400185.1;MF6	methionine synthase
chr1_clade_core	GCF_016899425.1|KEDGBJ_03089	COG0018	J	01887	5	5	GCF_016899425.1;GCF_053038975.1;GCF_053209605.1;GCF_905400185.1;MF6	arginine--tRNA ligase
chr1_clade_core	GCF_016899425.1|KEDGBJ_03091	COG1651	O	03673	5	5	GCF_016899425.1;GCF_053038975.1;GCF_053209605.1;GCF_905400185.1;MF6	Thiol:disulfide interchange protein DsbA
chr1_clade_core	GCF_016899425.1|KEDGBJ_03092	COG0300	R		5	5	GCF_016899425.1;GCF_053038975.1;GCF_053209605.1;GCF_905400185.1;MF6	SDR family oxidoreductase
chr1_clade_core	GCF_016899425.1|KEDGBJ_03094				5	5	GCF_016899425.1;GCF_053038975.1;GCF_053209605.1;GCF_905400185.1;MF6	ABC transporter ATP-binding protein
chr1_clade_core	GCF_016899425.1|KEDGBJ_03098	COG4579	T	00906	5	5	GCF_016899425.1;GCF_053038975.1;GCF_053209605.1;GCF_905400185.1;MF6	bifunctional isocitrate dehydrogenase kinase/phosphatase
chr1_clade_core	GCF_016899425.1|KEDGBJ_03099			01673	5	5	GCF_016899425.1;GCF_053038975.1;GCF_053209605.1;GCF_905400185.1;MF6	carbonate dehydratase
chr1_clade_core	GCF_016899425.1|KEDGBJ_03100	COG0300	R		5	5	GCF_016899425.1;GCF_053038975.1;GCF_053209605.1;GCF_905400185.1;MF6	SDR family oxidoreductase
chr1_clade_core	GCF_016899425.1|KEDGBJ_03101	COG3012	S		5	5	GCF_016899425.1;GCF_053038975.1;GCF_053209605.1;GCF_905400185.1;MF6	UPF0225 protein GEM_0508
chr1_clade_core	GCF_016899425.1|KEDGBJ_03102	COG0412	Q		5	5	GCF_016899425.1;GCF_053038975.1;GCF_053209605.1;GCF_905400185.1;MF6	Xaa-Pro dipeptidyl-peptidase-like domain-containing protein
chr1_clade_core	GCF_016899425.1|KEDGBJ_03103	COG0161	H	00833	5	5	GCF_016899425.1;GCF_053038975.1;GCF_053209605.1;GCF_905400185.1;MF6	adenosylmethionine--8-amino-7-oxononanoate transaminase
chr1_clade_core	GCF_016899425.1|KEDGBJ_03104	COG0156	H		5	5	GCF_016899425.1;GCF_053038975.1;GCF_053209605.1;GCF_905400185.1;MF6	8-amino-7-oxononanoate synthase
chr1_clade_core	GCF_016899425.1|KEDGBJ_03105	COG0132	H	01935	5	5	GCF_016899425.1;GCF_053038975.1;GCF_053209605.1;GCF_905400185.1;MF6	dethiobiotin synthase
chr1_clade_core	GCF_016899425.1|KEDGBJ_03116				5	5	GCF_016899425.1;GCF_053038975.1;GCF_053209605.1;GCF_905400185.1;MF6	Major facilitator superfamily (MFS) profile domain-containing protein
chr1_clade_core	GCF_016899425.1|KEDGBJ_03117				5	5	GCF_016899425.1;GCF_053038975.1;GCF_053209605.1;GCF_905400185.1;MF6	DoxX family protein
chr1_clade_core	GCF_016899425.1|KEDGBJ_03118	COG2200	T		5	5	GCF_016899425.1;GCF_053038975.1;GCF_053209605.1;GCF_905400185.1;MF6	Diguanylate phosphodiesterase
chr1_clade_core	GCF_016899425.1|KEDGBJ_03119	COG0025	P	24163	5	5	GCF_016899425.1;GCF_053038975.1;GCF_053209605.1;GCF_905400185.1;MF6	Na+/H+ antiporter
chr1_clade_core	GCF_016899425.1|KEDGBJ_03122	COG4231	C	04090	5	5	GCF_016899425.1;GCF_053038975.1;GCF_053209605.1;GCF_905400185.1;MF6	Pyruvate ferredoxin oxidoreductase
chr1_clade_core	GCF_016899425.1|KEDGBJ_03123			00661	5	5	GCF_016899425.1;GCF_053038975.1;GCF_053209605.1;GCF_905400185.1;MF6	Transferase hexapeptide repeat containing protein
chr1_clade_core	GCF_016899425.1|KEDGBJ_03124	COG0625	O		5	5	GCF_016899425.1;GCF_053038975.1;GCF_053209605.1;GCF_905400185.1;MF6	Glutathione S-transferase
chr1_clade_core	GCF_016899425.1|KEDGBJ_03125				5	5	GCF_016899425.1;GCF_053038975.1;GCF_053209605.1;GCF_905400185.1;MF6	K+ channel, inward rectifier
chr1_clade_core	GCF_016899425.1|KEDGBJ_03126	COG1613	P		5	5	GCF_016899425.1;GCF_053038975.1;GCF_053209605.1;GCF_905400185.1;MF6	Thiosulfate transporter subunit
chr1_clade_core	GCF_016899425.1|KEDGBJ_03127	COG0329	EM		5	5	GCF_016899425.1;GCF_053038975.1;GCF_053209605.1;GCF_905400185.1;MF6	4-hydroxy-tetrahydrodipicolinate synthase
chr1_clade_core	GCF_016899425.1|KEDGBJ_03128				5	5	GCF_016899425.1;GCF_053038975.1;GCF_053209605.1;GCF_905400185.1;MF6	LysR family transcriptional regulator
chr1_clade_core	GCF_016899425.1|KEDGBJ_03129				5	5	GCF_016899425.1;GCF_053038975.1;GCF_053209605.1;GCF_905400185.1;MF6	MFS transporter
chr1_clade_core	GCF_016899425.1|KEDGBJ_03130			16090	5	5	GCF_016899425.1;GCF_053038975.1;GCF_053209605.1;GCF_905400185.1;MF6	TonB-dependent siderophore receptor
chr1_clade_core	GCF_016899425.1|KEDGBJ_03131				5	5	GCF_016899425.1;GCF_053038975.1;GCF_053209605.1;GCF_905400185.1;MF6	Glutathione S-transferase
chr1_clade_core	GCF_016899425.1|KEDGBJ_03132	COG0583	K	03566	5	5	GCF_016899425.1;GCF_053038975.1;GCF_053209605.1;GCF_905400185.1;MF6	Gcv operon activator,DNA-binding transcriptional activator GcvA,putative choline sulfate-utilization transcription factor,LysR substrate binding domain
chr1_clade_core	GCF_016899425.1|KEDGBJ_03133			11177	5	5	GCF_016899425.1;GCF_053038975.1;GCF_053209605.1;GCF_905400185.1;MF6	Xanthine dehydrogenase, molybdenum binding subunit
chr1_clade_core	GCF_016899425.1|KEDGBJ_03134			11178	5	5	GCF_016899425.1;GCF_053038975.1;GCF_053209605.1;GCF_905400185.1;MF6	Xanthine dehydrogenase, fad binding subunit
chr1_clade_core	GCF_016899425.1|KEDGBJ_03136				5	5	GCF_016899425.1;GCF_053038975.1;GCF_053209605.1;GCF_905400185.1;MF6	Lipoprotein
chr1_clade_core	GCF_016899425.1|KEDGBJ_03138	COG3545	R		5	5	GCF_016899425.1;GCF_053038975.1;GCF_053209605.1;GCF_905400185.1;MF6	Alpha/beta hydrolase
chr1_clade_core	GCF_016899425.1|KEDGBJ_03139	COG0111	H		5	5	GCF_016899425.1;GCF_053038975.1;GCF_053209605.1;GCF_905400185.1;MF6	D-isomer specific 2-hydroxyacid dehydrogenase
chr1_clade_core	GCF_016899425.1|KEDGBJ_03140	COG0119	E	01640	5	5	GCF_016899425.1;GCF_053038975.1;GCF_053209605.1;GCF_905400185.1;MF6	hydroxymethylglutaryl-CoA lyase
chr1_clade_core	GCF_016899425.1|KEDGBJ_03141	COG2606	J		5	5	GCF_016899425.1;GCF_053038975.1;GCF_053209605.1;GCF_905400185.1;MF6	YbaK/aminoacyl-tRNA synthetase-associated domain-containing protein
chr1_clade_core	GCF_016899425.1|KEDGBJ_03142				5	5	GCF_016899425.1;GCF_053038975.1;GCF_053209605.1;GCF_905400185.1;MF6	DUF1289 domain-containing protein
chr1_clade_core	GCF_016899425.1|KEDGBJ_03143	COG0697	GER		5	5	GCF_016899425.1;GCF_053038975.1;GCF_053209605.1;GCF_905400185.1;MF6	EamA domain-containing protein
chr1_clade_core	GCF_016899425.1|KEDGBJ_03144	COG1522	K		5	5	GCF_016899425.1;GCF_053038975.1;GCF_053209605.1;GCF_905400185.1;MF6	HTH-type transcriptional regulator lrpC,DNA-binding transcriptional regulator AsnC,AsnC family
chr1_clade_core	GCF_016899425.1|KEDGBJ_03145	COG0596	HR		5	5	GCF_016899425.1;GCF_053038975.1;GCF_053209605.1;GCF_905400185.1;MF6	Alpha/beta hydrolase
chr1_clade_core	GCF_016899425.1|KEDGBJ_03146	COG2070	R		5	5	GCF_016899425.1;GCF_053038975.1;GCF_053209605.1;GCF_905400185.1;MF6	2-nitropropane dioxygenase
chr1_clade_core	GCF_016899425.1|KEDGBJ_03147	COG0583	K		5	5	GCF_016899425.1;GCF_053038975.1;GCF_053209605.1;GCF_905400185.1;MF6	HTH lysR-type domain-containing protein
chr1_clade_core	GCF_016899425.1|KEDGBJ_03148	COG3203	M		5	5	GCF_016899425.1;GCF_053038975.1;GCF_053209605.1;GCF_905400185.1;MF6	Outer membrane porin
chr1_clade_core	GCF_016899425.1|KEDGBJ_03149				5	5	GCF_016899425.1;GCF_053038975.1;GCF_053209605.1;GCF_905400185.1;MF6	Peptide-binding protein
chr1_clade_core	GCF_016899425.1|KEDGBJ_03150	COG0385	R	14347	5	5	GCF_016899425.1;GCF_053038975.1;GCF_053209605.1;GCF_905400185.1;MF6	Bile acid:sodium symporter
chr1_clade_core	GCF_016899425.1|KEDGBJ_03151	COG2200	T		5	5	GCF_016899425.1;GCF_053038975.1;GCF_053209605.1;GCF_905400185.1;MF6	Cyclic di-GMP phosphodiesterase PdeF
chr1_clade_core	GCF_016899425.1|KEDGBJ_03152	COG1609	K		5	5	GCF_016899425.1;GCF_053038975.1;GCF_053209605.1;GCF_905400185.1;MF6	HTH lacI-type domain-containing protein
chr1_clade_core	GCF_016899425.1|KEDGBJ_03153	COG2942	G		5	5	GCF_016899425.1;GCF_053038975.1;GCF_053209605.1;GCF_905400185.1;MF6	N-acylglucosamine 2-epimerase
chr1_clade_core	GCF_016899425.1|KEDGBJ_03154	COG0524	G		5	5	GCF_016899425.1;GCF_053038975.1;GCF_053209605.1;GCF_905400185.1;MF6	Fructokinase
chr1_clade_core	GCF_016899425.1|KEDGBJ_03155				5	5	GCF_016899425.1;GCF_053038975.1;GCF_053209605.1;GCF_905400185.1;MF6	Bacteriophage protein
chr1_clade_core	GCF_016899425.1|KEDGBJ_03156				5	5	GCF_016899425.1;GCF_053038975.1;GCF_053209605.1;GCF_905400185.1;MF6	DUF2905 domain-containing protein
chr1_clade_core	GCF_016899425.1|KEDGBJ_03157	COG1565	R		5	5	GCF_016899425.1;GCF_053038975.1;GCF_053209605.1;GCF_905400185.1;MF6	Class I SAM-dependent methyltransferase
chr1_clade_core	GCF_016899425.1|KEDGBJ_03158				5	5	GCF_016899425.1;GCF_053038975.1;GCF_053209605.1;GCF_905400185.1;MF6	Short-chain dehydrogenase
chr1_clade_core	GCF_016899425.1|KEDGBJ_03159	COG1539	H		5	5	GCF_016899425.1;GCF_053038975.1;GCF_053209605.1;GCF_905400185.1;MF6	dihydroneopterin aldolase
chr1_clade_core	GCF_016899425.1|KEDGBJ_03160	COG0037	J	14058	5	5	GCF_016899425.1;GCF_053038975.1;GCF_053209605.1;GCF_905400185.1;MF6	tRNA 2-thiocytidine(32) synthetase TtcA
chr1_clade_core	GCF_016899425.1|KEDGBJ_03161				5	5	GCF_016899425.1;GCF_053038975.1;GCF_053209605.1;GCF_905400185.1;MF6	Bifunctional protein GlmU
chr1_clade_core	GCF_016899425.1|KEDGBJ_03162	COG0449	M	00820	5	5	GCF_016899425.1;GCF_053038975.1;GCF_053209605.1;GCF_905400185.1;MF6	glutamine--fructose-6-phosphate transaminase (isomerizing)
chr1_clade_core	GCF_016899425.1|KEDGBJ_03164				5	5	GCF_016899425.1;GCF_053038975.1;GCF_053209605.1;GCF_905400185.1;MF6	Transcriptional regulator
chr1_clade_core	GCF_016899425.1|KEDGBJ_03165				5	5	GCF_016899425.1;GCF_053038975.1;GCF_053209605.1;GCF_905400185.1;MF6	Extensin
chr1_clade_core	GCF_016899425.1|KEDGBJ_03166				5	5	GCF_016899425.1;GCF_053038975.1;GCF_053209605.1;GCF_905400185.1;MF6	Transposase
chr1_clade_core	GCF_016899425.1|KEDGBJ_03167	COG0672	P		5	5	GCF_016899425.1;GCF_053038975.1;GCF_053209605.1;GCF_905400185.1;MF6	High-affinity iron transporter
chr1_clade_core	GCF_016899425.1|KEDGBJ_03168				5	5	GCF_016899425.1;GCF_053038975.1;GCF_053209605.1;GCF_905400185.1;MF6	EfeO-type cupredoxin-like domain-containing protein
chr1_clade_core	GCF_016899425.1|KEDGBJ_03169	COG2608	P		5	5	GCF_016899425.1;GCF_053038975.1;GCF_053209605.1;GCF_905400185.1;MF6	Heavy metal transport/detoxification protein
chr1_clade_core	GCF_016899425.1|KEDGBJ_03170	COG1012	I		5	5	GCF_016899425.1;GCF_053038975.1;GCF_053209605.1;GCF_905400185.1;MF6	Aldehyde dehydrogenase
chr1_clade_core	GCF_016899425.1|KEDGBJ_03171	COG1396	K	14056	5	5	GCF_016899425.1;GCF_053038975.1;GCF_053209605.1;GCF_905400185.1;MF6	HTH-type transcriptional regulator PuuR,DNA-binding transcriptional repressor PuuR,transcriptional regulator, y4mF family,Cupin domain
chr1_clade_core	GCF_016899425.1|KEDGBJ_03172	COG2071	E	07010	5	5	GCF_016899425.1;GCF_053038975.1;GCF_053209605.1;GCF_905400185.1;MF6	Gamma-glutamyl-gamma-aminobutyrate hydrolase PuuD
chr1_clade_core	GCF_016899425.1|KEDGBJ_03175	COG0687	E	11073	5	5	GCF_016899425.1;GCF_053038975.1;GCF_053209605.1;GCF_905400185.1;MF6	Putrescine-binding periplasmic protein
chr1_clade_core	GCF_016899425.1|KEDGBJ_03176	COG3842	E		5	5	GCF_016899425.1;GCF_053038975.1;GCF_053209605.1;GCF_905400185.1;MF6	Spermidine/putrescine import ATP-binding protein PotA
chr1_clade_core	GCF_016899425.1|KEDGBJ_03177	COG1176	E	11075	5	5	GCF_016899425.1;GCF_053038975.1;GCF_053209605.1;GCF_905400185.1;MF6	Putrescine/spermidine ABC transporter permease
chr1_clade_core	GCF_016899425.1|KEDGBJ_03178				5	5	GCF_016899425.1;GCF_053038975.1;GCF_053209605.1;GCF_905400185.1;MF6	ABC transmembrane type-1 domain-containing protein
chr1_clade_core	GCF_016899425.1|KEDGBJ_03180			09471	5	5	GCF_016899425.1;GCF_053038975.1;GCF_053209605.1;GCF_905400185.1;MF6	FAD-dependent oxidoreductase
chr1_clade_core	GCF_016899425.1|KEDGBJ_03181	COG0665	E	09471	5	5	GCF_016899425.1;GCF_053038975.1;GCF_053209605.1;GCF_905400185.1;MF6	FAD-dependent oxidoreductase
chr1_clade_core	GCF_016899425.1|KEDGBJ_03182			00383	5	5	GCF_016899425.1;GCF_053038975.1;GCF_053209605.1;GCF_905400185.1;MF6	glutathione-disulfide reductase
chr1_clade_core	GCF_016899425.1|KEDGBJ_03183				5	5	GCF_016899425.1;GCF_053038975.1;GCF_053209605.1;GCF_905400185.1;MF6	hypothetical protein
chr1_clade_core	GCF_016899425.1|KEDGBJ_03184	COG3203	M		5	5	GCF_016899425.1;GCF_053038975.1;GCF_053209605.1;GCF_905400185.1;MF6	Outer membrane porin
chr1_clade_core	GCF_016899425.1|KEDGBJ_03185				5	5	GCF_016899425.1;GCF_053038975.1;GCF_053209605.1;GCF_905400185.1;MF6	DUF1275 domain-containing protein
chr1_clade_core	GCF_016899425.1|KEDGBJ_03186	COG2059	P	07240	5	5	GCF_016899425.1;GCF_053038975.1;GCF_053209605.1;GCF_905400185.1;MF6	Chromate transporter
chr1_clade_core	GCF_016899425.1|KEDGBJ_03187			07240	5	5	GCF_016899425.1;GCF_053038975.1;GCF_053209605.1;GCF_905400185.1;MF6	Chromate transporter
chr1_clade_core	GCF_016899425.1|KEDGBJ_03188	COG0583	K	03566	5	5	GCF_016899425.1;GCF_053038975.1;GCF_053209605.1;GCF_905400185.1;MF6	DNA-binding transcriptional activator GcvA
chr1_clade_core	GCF_016899425.1|KEDGBJ_03189			11896	5	5	GCF_016899425.1;GCF_053038975.1;GCF_053209605.1;GCF_905400185.1;MF6	type VI secretion system baseplate subunit TssF
chr1_clade_core	GCF_016899425.1|KEDGBJ_03191				5	5	GCF_016899425.1;GCF_053038975.1;GCF_053209605.1;GCF_905400185.1;MF6	PAAR repeat-containing protein
chr1_clade_core	GCF_016899425.1|KEDGBJ_03196				5	5	GCF_016899425.1;GCF_053038975.1;GCF_053209605.1;GCF_905400185.1;MF6	Type VI secretion system tip protein VgrG
chr1_clade_core	GCF_016899425.1|KEDGBJ_03197	COG2233	F	09016	5	5	GCF_016899425.1;GCF_053038975.1;GCF_053209605.1;GCF_905400185.1;MF6	Uracil permease
chr1_clade_core	GCF_016899425.1|KEDGBJ_03198			02397	5	5	GCF_016899425.1;GCF_053038975.1;GCF_053209605.1;GCF_905400185.1;MF6	flagellar hook-associated protein FlgL
chr1_clade_core	GCF_016899425.1|KEDGBJ_03199				5	5	GCF_016899425.1;GCF_053038975.1;GCF_053209605.1;GCF_905400185.1;MF6	flagellar hook-associated protein FlgK
chr1_clade_core	GCF_016899425.1|KEDGBJ_03200	COG5581	N	21087	5	5	GCF_016899425.1;GCF_053038975.1;GCF_053209605.1;GCF_905400185.1;MF6	Flagellar brake protein YcgR
chr1_clade_core	GCF_016899425.1|KEDGBJ_03203	COG1706	N	02394	5	5	GCF_016899425.1;GCF_053038975.1;GCF_053209605.1;GCF_905400185.1;MF6	flagellar P-ring protein precursor FlgI
chr1_clade_core	GCF_016899425.1|KEDGBJ_03204	COG2063	N	02393	5	5	GCF_016899425.1;GCF_053038975.1;GCF_053209605.1;GCF_905400185.1;MF6	flagellar basal body L-ring protein FlgH
chr1_clade_core	GCF_016899425.1|KEDGBJ_03205	COG4786	N	02392	5	5	GCF_016899425.1;GCF_053038975.1;GCF_053209605.1;GCF_905400185.1;MF6	flagellar basal body rod protein FlgG
chr1_clade_core	GCF_016899425.1|KEDGBJ_03206	COG4787	N		5	5	GCF_016899425.1;GCF_053038975.1;GCF_053209605.1;GCF_905400185.1;MF6	flagellar basal-body rod protein FlgF
chr1_clade_core	GCF_016899425.1|KEDGBJ_03207	COG1749	N		5	5	GCF_016899425.1;GCF_053038975.1;GCF_053209605.1;GCF_905400185.1;MF6	flagellar hook protein FlgE
chr1_clade_core	GCF_016899425.1|KEDGBJ_03208				5	5	GCF_016899425.1;GCF_053038975.1;GCF_053209605.1;GCF_905400185.1;MF6	Basal-body rod modification protein FlgD
chr1_clade_core	GCF_016899425.1|KEDGBJ_03209	COG1558	N		5	5	GCF_016899425.1;GCF_053038975.1;GCF_053209605.1;GCF_905400185.1;MF6	flagellar basal body rod protein FlgC
chr1_clade_core	GCF_016899425.1|KEDGBJ_03210	COG1815	N		5	5	GCF_016899425.1;GCF_053038975.1;GCF_053209605.1;GCF_905400185.1;MF6	flagellar basal body rod protein FlgB
chr1_clade_core	GCF_016899425.1|KEDGBJ_03211			02386	5	5	GCF_016899425.1;GCF_053038975.1;GCF_053209605.1;GCF_905400185.1;MF6	Flagellar basal body P-ring formation protein FlgA
chr1_clade_core	GCF_016899425.1|KEDGBJ_03212	COG2747	KN		5	5	GCF_016899425.1;GCF_053038975.1;GCF_053209605.1;GCF_905400185.1;MF6	flagellar biosynthesis anti-sigma factor FlgM
chr1_clade_core	GCF_016899425.1|KEDGBJ_03213	COG3418	NU	02399	5	5	GCF_016899425.1;GCF_053038975.1;GCF_053209605.1;GCF_905400185.1;MF6	Flagella synthesis protein FlgN
chr1_clade_core	GCF_016899425.1|KEDGBJ_03214			01262	5	5	GCF_016899425.1;GCF_053038975.1;GCF_053209605.1;GCF_905400185.1;MF6	Peptidase M24
chr1_clade_core	GCF_016899425.1|KEDGBJ_03215				5	5	GCF_016899425.1;GCF_053038975.1;GCF_053209605.1;GCF_905400185.1;MF6	hypothetical protein
chr1_clade_core	GCF_016899425.1|KEDGBJ_03216				5	5	GCF_016899425.1;GCF_053038975.1;GCF_053209605.1;GCF_905400185.1;MF6	XRE family transcriptional regulator
chr1_clade_core	GCF_016899425.1|KEDGBJ_03217				5	5	GCF_016899425.1;GCF_053038975.1;GCF_053209605.1;GCF_905400185.1;MF6	multifunctional CCA addition/repair protein
chr1_clade_core	GCF_016899425.1|KEDGBJ_03218	COG0625	O		5	5	GCF_016899425.1;GCF_053038975.1;GCF_053209605.1;GCF_905400185.1;MF6	Glutathione S-transferase-like protein
chr1_clade_core	GCF_016899425.1|KEDGBJ_03219	COG0451	M		5	5	GCF_016899425.1;GCF_053038975.1;GCF_053209605.1;GCF_905400185.1;MF6	NADH dehydrogenase
chr1_clade_core	GCF_016899425.1|KEDGBJ_03220	COG0741	MU		5	5	GCF_016899425.1;GCF_053038975.1;GCF_053209605.1;GCF_905400185.1;MF6	Lytic murein transglycosylase
chr1_clade_core	GCF_016899425.1|KEDGBJ_03221				5	5	GCF_016899425.1;GCF_053038975.1;GCF_053209605.1;GCF_905400185.1;MF6	5-formyltetrahydrofolate cyclo-ligase
chr1_clade_core	GCF_016899425.1|KEDGBJ_03222	COG5631	K		5	5	GCF_016899425.1;GCF_053038975.1;GCF_053209605.1;GCF_905400185.1;MF6	HTH marR-type domain-containing protein
chr1_clade_core	GCF_016899425.1|KEDGBJ_03223	COG2049	E		5	5	GCF_016899425.1;GCF_053038975.1;GCF_053209605.1;GCF_905400185.1;MF6	5-oxoprolinase subunit PxpB
chr1_clade_core	GCF_016899425.1|KEDGBJ_03224	COG1984	E		5	5	GCF_016899425.1;GCF_053038975.1;GCF_053209605.1;GCF_905400185.1;MF6	Allophanate hydrolase subunit 2
chr1_clade_core	GCF_016899425.1|KEDGBJ_03225	COG1540	E		5	5	GCF_016899425.1;GCF_053038975.1;GCF_053209605.1;GCF_905400185.1;MF6	5-oxoprolinase subunit PxpA
chr1_clade_core	GCF_016899425.1|KEDGBJ_03227	COG3735	S	09973	5	5	GCF_016899425.1;GCF_053038975.1;GCF_053209605.1;GCF_905400185.1;MF6	GumN family protein
chr1_clade_core	GCF_016899425.1|KEDGBJ_03230	COG1173	EP	12370	5	5	GCF_016899425.1;GCF_053038975.1;GCF_053209605.1;GCF_905400185.1;MF6	ABC transmembrane type-1 domain-containing protein
chr1_clade_core	GCF_016899425.1|KEDGBJ_03231	COG0601	EP	12369	5	5	GCF_016899425.1;GCF_053038975.1;GCF_053209605.1;GCF_905400185.1;MF6	Alkaline phosphatase
chr1_clade_core	GCF_016899425.1|KEDGBJ_03232	COG0747	E	12368	5	5	GCF_016899425.1;GCF_053038975.1;GCF_053209605.1;GCF_905400185.1;MF6	Solute-binding protein family 5 domain-containing protein
chr1_clade_core	GCF_016899425.1|KEDGBJ_03233	COG0477	GEPR	03762	5	5	GCF_016899425.1;GCF_053038975.1;GCF_053209605.1;GCF_905400185.1;MF6	MFS transporter
chr1_clade_core	GCF_016899425.1|KEDGBJ_03236				5	5	GCF_016899425.1;GCF_053038975.1;GCF_053209605.1;GCF_905400185.1;MF6	High-putative iron-sulfur protein
chr1_clade_core	GCF_016899425.1|KEDGBJ_03237	COG0579	G	00109	5	5	GCF_016899425.1;GCF_053038975.1;GCF_053209605.1;GCF_905400185.1;MF6	Sarcosine oxidase
chr1_clade_core	GCF_016899425.1|KEDGBJ_03238	COG0466	O		5	5	GCF_016899425.1;GCF_053038975.1;GCF_053209605.1;GCF_905400185.1;MF6	AAA ATPase central domain protein
chr1_clade_core	GCF_016899425.1|KEDGBJ_03239				5	5	GCF_016899425.1;GCF_053038975.1;GCF_053209605.1;GCF_905400185.1;MF6	Nitroreductase family protein
chr1_clade_core	GCF_016899425.1|KEDGBJ_03240				5	5	GCF_016899425.1;GCF_053038975.1;GCF_053209605.1;GCF_905400185.1;MF6	Lipoprotein
chr1_clade_core	GCF_016899425.1|KEDGBJ_03241	COG3568	R		5	5	GCF_016899425.1;GCF_053038975.1;GCF_053209605.1;GCF_905400185.1;MF6	Endonuclease/exonuclease/phosphatase
chr1_clade_core	GCF_016899425.1|KEDGBJ_03242	COG1018	C		5	5	GCF_016899425.1;GCF_053038975.1;GCF_053209605.1;GCF_905400185.1;MF6	ferredoxin--NADP(+) reductase
chr1_clade_core	GCF_016899425.1|KEDGBJ_03243				5	5	GCF_016899425.1;GCF_053038975.1;GCF_053209605.1;GCF_905400185.1;MF6	quorum system sensor histidine kinase RqpS
chr1_clade_core	GCF_016899425.1|KEDGBJ_03244	COG2197	TK	07689	5	5	GCF_016899425.1;GCF_053038975.1;GCF_053209605.1;GCF_905400185.1;MF6	response regulator transcription factor RqpR
chr1_clade_core	GCF_016899425.1|KEDGBJ_03245	COG0531	E		5	5	GCF_016899425.1;GCF_053038975.1;GCF_053209605.1;GCF_905400185.1;MF6	Amino acid permease-associated region
chr1_clade_core	GCF_016899425.1|KEDGBJ_03246	COG1975	O	07402	5	5	GCF_016899425.1;GCF_053038975.1;GCF_053209605.1;GCF_905400185.1;MF6	XdhC family protein
chr1_clade_core	GCF_016899425.1|KEDGBJ_03247				5	5	GCF_016899425.1;GCF_053038975.1;GCF_053209605.1;GCF_905400185.1;MF6	Peptidase
chr1_clade_core	GCF_016899425.1|KEDGBJ_03248	COG2257	U		5	5	GCF_016899425.1;GCF_053038975.1;GCF_053209605.1;GCF_905400185.1;MF6	Transporter
chr1_clade_core	GCF_016899425.1|KEDGBJ_03249				5	5	GCF_016899425.1;GCF_053038975.1;GCF_053209605.1;GCF_905400185.1;MF6	Flagellar hook-length control protein-like C-terminal domain-containing protein
chr1_clade_core	GCF_016899425.1|KEDGBJ_03250				5	5	GCF_016899425.1;GCF_053038975.1;GCF_053209605.1;GCF_905400185.1;MF6	Flagellar protein FliT
chr1_clade_core	GCF_016899425.1|KEDGBJ_03251			02422	5	5	GCF_016899425.1;GCF_053038975.1;GCF_053209605.1;GCF_905400185.1;MF6	flagellar export chaperone FliS
chr1_clade_core	GCF_016899425.1|KEDGBJ_03252	COG1677	N	02408	5	5	GCF_016899425.1;GCF_053038975.1;GCF_053209605.1;GCF_905400185.1;MF6	flagellar hook-basal body complex protein FliE
chr1_clade_core	GCF_016899425.1|KEDGBJ_03253	COG1766	NU	02409	5	5	GCF_016899425.1;GCF_053038975.1;GCF_053209605.1;GCF_905400185.1;MF6	flagellar basal-body MS-ring/collar protein FliF
chr1_clade_core	GCF_016899425.1|KEDGBJ_03256	COG1157	NU	02412	5	5	GCF_016899425.1;GCF_053038975.1;GCF_053209605.1;GCF_905400185.1;MF6	flagellar protein export ATPase FliI
chr1_clade_core	GCF_016899425.1|KEDGBJ_03257	COG2882	N		5	5	GCF_016899425.1;GCF_053038975.1;GCF_053209605.1;GCF_905400185.1;MF6	flagellar export protein FliJ
chr1_clade_core	GCF_016899425.1|KEDGBJ_03259	COG2303	IR		5	5	GCF_016899425.1;GCF_053038975.1;GCF_053209605.1;GCF_905400185.1;MF6	Choline dehydrogenase
chr1_clade_core	GCF_016899425.1|KEDGBJ_03260				5	5	GCF_016899425.1;GCF_053038975.1;GCF_053209605.1;GCF_905400185.1;MF6	Aldehyde dehydrogenase
chr1_clade_core	GCF_016899425.1|KEDGBJ_03261	COG2334	T		5	5	GCF_016899425.1;GCF_053038975.1;GCF_053209605.1;GCF_905400185.1;MF6	serine/threonine protein kinase
chr1_clade_core	GCF_016899425.1|KEDGBJ_03262				5	5	GCF_016899425.1;GCF_053038975.1;GCF_053209605.1;GCF_905400185.1;MF6	DUF2158 domain-containing protein
chr1_clade_core	GCF_016899425.1|KEDGBJ_03263				5	5	GCF_016899425.1;GCF_053038975.1;GCF_053209605.1;GCF_905400185.1;MF6	EamA domain-containing protein
chr1_clade_core	GCF_016899425.1|KEDGBJ_03264				5	5	GCF_016899425.1;GCF_053038975.1;GCF_053209605.1;GCF_905400185.1;MF6	Membrane protein
chr1_clade_core	GCF_016899425.1|KEDGBJ_03265	COG0667	HR	19265	5	5	GCF_016899425.1;GCF_053038975.1;GCF_053209605.1;GCF_905400185.1;MF6	Aldo/keto reductase
chr1_clade_core	GCF_016899425.1|KEDGBJ_03266				5	5	GCF_016899425.1;GCF_053038975.1;GCF_053209605.1;GCF_905400185.1;MF6	Hemin uptake protein
chr1_clade_core	GCF_016899425.1|KEDGBJ_03267	COG5285	Q	00477	5	5	GCF_016899425.1;GCF_053038975.1;GCF_053209605.1;GCF_905400185.1;MF6	Phytanoyl-CoA hydroxylase
chr1_clade_core	GCF_016899425.1|KEDGBJ_03268				5	5	GCF_016899425.1;GCF_053038975.1;GCF_053209605.1;GCF_905400185.1;MF6	Integron gene cassette protein
chr1_clade_core	GCF_016899425.1|KEDGBJ_03269	COG0192	H	00789	5	5	GCF_016899425.1;GCF_053038975.1;GCF_053209605.1;GCF_905400185.1;MF6	methionine adenosyltransferase
chr1_clade_core	GCF_016899425.1|KEDGBJ_03270	COG1560	I	02517	5	5	GCF_016899425.1;GCF_053038975.1;GCF_053209605.1;GCF_905400185.1;MF6	Lipid A biosynthesis lauroyl acyltransferase
chr1_clade_core	GCF_016899425.1|KEDGBJ_03272	COG0253	E	01778	5	5	GCF_016899425.1;GCF_053038975.1;GCF_053209605.1;GCF_905400185.1;MF6	diaminopimelate epimerase
chr1_clade_core	GCF_016899425.1|KEDGBJ_03273	COG3159	S		5	5	GCF_016899425.1;GCF_053038975.1;GCF_053209605.1;GCF_905400185.1;MF6	DUF484 domain-containing protein
chr1_clade_core	GCF_016899425.1|KEDGBJ_03274	COG4973	L		5	5	GCF_016899425.1;GCF_053038975.1;GCF_053209605.1;GCF_905400185.1;MF6	tyrosine recombinase XerC
chr1_clade_core	GCF_016899425.1|KEDGBJ_03275	COG1092	J		5	5	GCF_016899425.1;GCF_053038975.1;GCF_053209605.1;GCF_905400185.1;MF6	PUA domain-containing protein
chr1_clade_core	GCF_016899425.1|KEDGBJ_03277	COG1734	K		5	5	GCF_016899425.1;GCF_053038975.1;GCF_053209605.1;GCF_905400185.1;MF6	RNA polymerase-binding protein DksA
chr1_clade_core	GCF_016899425.1|KEDGBJ_03278	COG5405	O	01419	5	5	GCF_016899425.1;GCF_053038975.1;GCF_053209605.1;GCF_905400185.1;MF6	ATP-dependent protease subunit HslV
chr1_clade_core	GCF_016899425.1|KEDGBJ_03279	COG1220	O		5	5	GCF_016899425.1;GCF_053038975.1;GCF_053209605.1;GCF_905400185.1;MF6	ATP-dependent protease ATPase subunit HslU
chr1_clade_core	GCF_016899425.1|KEDGBJ_03280	COG4567	TK		5	5	GCF_016899425.1;GCF_053038975.1;GCF_053209605.1;GCF_905400185.1;MF6	Photosynthetic apparatus regulatory protein RegA
chr1_clade_core	GCF_016899425.1|KEDGBJ_03281	COG0642	T		5	5	GCF_016899425.1;GCF_053038975.1;GCF_053209605.1;GCF_905400185.1;MF6	histidine kinase
chr1_clade_core	GCF_016899425.1|KEDGBJ_03283	COG0548	E		5	5	GCF_016899425.1;GCF_053038975.1;GCF_053209605.1;GCF_905400185.1;MF6	Acetylglutamate kinase
chr1_clade_core	GCF_016899425.1|KEDGBJ_03285	COG1309	K	05501	5	5	GCF_016899425.1;GCF_053038975.1;GCF_053209605.1;GCF_905400185.1;MF6	nucleoid occlusion factor SlmA
chr1_clade_core	GCF_016899425.1|KEDGBJ_03286				5	5	GCF_016899425.1;GCF_053038975.1;GCF_053209605.1;GCF_905400185.1;MF6	Fimbrial protein
chr1_clade_core	GCF_016899425.1|KEDGBJ_03287			15540	5	5	GCF_016899425.1;GCF_053038975.1;GCF_053209605.1;GCF_905400185.1;MF6	Molecular chaperone
chr1_clade_core	GCF_016899425.1|KEDGBJ_03290	COG3539	N		5	5	GCF_016899425.1;GCF_053038975.1;GCF_053209605.1;GCF_905400185.1;MF6	Fimbrial protein
chr1_clade_core	GCF_016899425.1|KEDGBJ_03291				5	5	GCF_016899425.1;GCF_053038975.1;GCF_053209605.1;GCF_905400185.1;MF6	Autotransporter outer membrane beta-barrel domain-containing protein
chr1_clade_core	GCF_016899425.1|KEDGBJ_03292	COG2021	E		5	5	GCF_016899425.1;GCF_053038975.1;GCF_053209605.1;GCF_905400185.1;MF6	homoserine O-acetyltransferase
chr1_clade_core	GCF_016899425.1|KEDGBJ_03293	COG2226	HJ		5	5	GCF_016899425.1;GCF_053038975.1;GCF_053209605.1;GCF_905400185.1;MF6	methionine biosynthesis protein MetW
chr1_clade_core	GCF_016899425.1|KEDGBJ_03294			08218	5	5	GCF_016899425.1;GCF_053038975.1;GCF_053209605.1;GCF_905400185.1;MF6	AmpG family muropeptide MFS transporter
chr1_clade_core	GCF_016899425.1|KEDGBJ_03295				5	5	GCF_016899425.1;GCF_053038975.1;GCF_053209605.1;GCF_905400185.1;MF6	Peptidase M48
chr1_clade_core	GCF_016899425.1|KEDGBJ_03296	COG2207	K		5	5	GCF_016899425.1;GCF_053038975.1;GCF_053209605.1;GCF_905400185.1;MF6	AraC family transcriptional regulator
chr1_clade_core	GCF_016899425.1|KEDGBJ_03297	COG1064	G		5	5	GCF_016899425.1;GCF_053038975.1;GCF_053209605.1;GCF_905400185.1;MF6	Enoyl reductase (ER) domain-containing protein
chr1_clade_core	GCF_016899425.1|KEDGBJ_03298	COG0708	L	01142	5	5	GCF_016899425.1;GCF_053038975.1;GCF_053209605.1;GCF_905400185.1;MF6	exodeoxyribonuclease III
chr1_clade_core	GCF_016899425.1|KEDGBJ_03299	COG2326	C		5	5	GCF_016899425.1;GCF_053038975.1;GCF_053209605.1;GCF_905400185.1;MF6	Polyphosphate kinase-2-related domain-containing protein
chr1_clade_core	GCF_016899425.1|KEDGBJ_03300	COG0064	J	02434	5	5	GCF_016899425.1;GCF_053038975.1;GCF_053209605.1;GCF_905400185.1;MF6	Asp-tRNA(Asn)/Glu-tRNA(Gln) amidotransferase subunit GatB
chr1_clade_core	GCF_016899425.1|KEDGBJ_03301			02433	5	5	GCF_016899425.1;GCF_053038975.1;GCF_053209605.1;GCF_905400185.1;MF6	Asp-tRNA(Asn)/Glu-tRNA(Gln) amidotransferase subunit GatA
chr1_clade_core	GCF_016899425.1|KEDGBJ_03302	COG0721	J		5	5	GCF_016899425.1;GCF_053038975.1;GCF_053209605.1;GCF_905400185.1;MF6	Asp-tRNA(Asn)/Glu-tRNA(Gln) amidotransferase subunit GatC
chr1_clade_core	GCF_016899425.1|KEDGBJ_03303	COG1077	DZ		5	5	GCF_016899425.1;GCF_053038975.1;GCF_053209605.1;GCF_905400185.1;MF6	Cell shape-determining protein MreB
chr1_clade_core	GCF_016899425.1|KEDGBJ_03304				5	5	GCF_016899425.1;GCF_053038975.1;GCF_053209605.1;GCF_905400185.1;MF6	rod shape-determining protein MreC
chr1_clade_core	GCF_016899425.1|KEDGBJ_03305	COG2891	M		5	5	GCF_016899425.1;GCF_053038975.1;GCF_053209605.1;GCF_905400185.1;MF6	rod shape-determining protein MreD
chr1_clade_core	GCF_016899425.1|KEDGBJ_03307	COG0772	D	05515	5	5	GCF_016899425.1;GCF_053038975.1;GCF_053209605.1;GCF_905400185.1;MF6	rod shape-determining protein RodA
chr1_clade_core	GCF_016899425.1|KEDGBJ_03308				5	5	GCF_016899425.1;GCF_053038975.1;GCF_053209605.1;GCF_905400185.1;MF6	Sel1 repeat family protein
chr1_clade_core	GCF_016899425.1|KEDGBJ_03309	COG3836	G		5	5	GCF_016899425.1;GCF_053038975.1;GCF_053209605.1;GCF_905400185.1;MF6	2-dehydro-3-deoxyglucarate aldolase
chr1_clade_core	GCF_016899425.1|KEDGBJ_03310	COG0720	H	01737	5	5	GCF_016899425.1;GCF_053038975.1;GCF_053209605.1;GCF_905400185.1;MF6	6-carboxytetrahydropterin synthase QueD
chr1_clade_core	GCF_016899425.1|KEDGBJ_03311	COG0602	H	10026	5	5	GCF_016899425.1;GCF_053038975.1;GCF_053209605.1;GCF_905400185.1;MF6	7-carboxy-7-deazaguanine synthase
chr1_clade_core	GCF_016899425.1|KEDGBJ_03312	COG0603	J		5	5	GCF_016899425.1;GCF_053038975.1;GCF_053209605.1;GCF_905400185.1;MF6	7-cyano-7-deazaguanine synthase QueC
chr1_clade_core	GCF_016899425.1|KEDGBJ_03314	COG2204	T		5	5	GCF_016899425.1;GCF_053038975.1;GCF_053209605.1;GCF_905400185.1;MF6	response regulator transcription factor EsaR
chr1_clade_core	GCF_016899425.1|KEDGBJ_03315	COG5000	T		5	5	GCF_016899425.1;GCF_053038975.1;GCF_053209605.1;GCF_905400185.1;MF6	sensor histidine kinase EsaS
chr1_clade_core	GCF_016899425.1|KEDGBJ_03316				5	5	GCF_016899425.1;GCF_053038975.1;GCF_053209605.1;GCF_905400185.1;MF6	DUF4390 domain-containing protein
chr1_clade_core	GCF_016899425.1|KEDGBJ_03317	COG0144	J	03500	5	5	GCF_016899425.1;GCF_053038975.1;GCF_053209605.1;GCF_905400185.1;MF6	16S rRNA (cytosine(967)-C(5))-methyltransferase RsmB
chr1_clade_core	GCF_016899425.1|KEDGBJ_03318				5	5	GCF_016899425.1;GCF_053038975.1;GCF_053209605.1;GCF_905400185.1;MF6	zinc metalloprotease HtpX
chr1_clade_core	GCF_016899425.1|KEDGBJ_03319				5	5	GCF_016899425.1;GCF_053038975.1;GCF_053209605.1;GCF_905400185.1;MF6	Leucine efflux protein
chr1_clade_core	GCF_016899425.1|KEDGBJ_03320	COG0223	J		5	5	GCF_016899425.1;GCF_053038975.1;GCF_053209605.1;GCF_905400185.1;MF6	methionyl-tRNA formyltransferase
chr1_clade_core	GCF_016899425.1|KEDGBJ_03321	COG0242	J		5	5	GCF_016899425.1;GCF_053038975.1;GCF_053209605.1;GCF_905400185.1;MF6	peptide deformylase
chr1_clade_core	GCF_016899425.1|KEDGBJ_03322				5	5	GCF_016899425.1;GCF_053038975.1;GCF_053209605.1;GCF_905400185.1;MF6	DNA-processing protein DprA
chr1_clade_core	GCF_016899425.1|KEDGBJ_03323				5	5	GCF_016899425.1;GCF_053038975.1;GCF_053209605.1;GCF_905400185.1;MF6	Thiol-disulfide isomerase
chr1_clade_core	GCF_053038975.1|AHCKDM_00059	COG2814	G	03446	5	5	GCF_016899425.1;GCF_053038975.1;GCF_053209605.1;GCF_905400185.1;MF6	Fatty acid resistance protein FarB
chr1_clade_core	GCF_053038975.1|AHCKDM_00062				5	5	GCF_016899425.1;GCF_053038975.1;GCF_053209605.1;GCF_905400185.1;MF6	Multidrug ABC transporter ATPase
chr1_clade_core	GCF_053038975.1|AHCKDM_00063	COG1538	M		5	5	GCF_016899425.1;GCF_053038975.1;GCF_053209605.1;GCF_905400185.1;MF6	Outer membrane protein OprM
chr1_clade_core	GCF_053038975.1|AHCKDM_00070			02457	5	5	GCF_016899425.1;GCF_053038975.1;GCF_053209605.1;GCF_905400185.1;MF6	Type II secretion system protein H
chr1_clade_core	GCF_053038975.1|AHCKDM_00076	COG0741	MU		5	5	GCF_016899425.1;GCF_053038975.1;GCF_053209605.1;GCF_905400185.1;MF6	Lytic transglycosylase
chr1_clade_core	GCF_053038975.1|AHCKDM_00134	COG1695	K		5	5	GCF_016899425.1;GCF_053038975.1;GCF_053209605.1;GCF_905400185.1;MF6	Transcription regulator PadR N-terminal domain-containing protein
chr1_clade_core	GCF_053038975.1|AHCKDM_00142	COG4302	E	03736	5	5	GCF_016899425.1;GCF_053038975.1;GCF_053209605.1;GCF_905400185.1;MF6	ethanolamine ammonia-lyase subunit EutC
chr1_clade_core	GCF_053038975.1|AHCKDM_00144				5	5	GCF_016899425.1;GCF_053038975.1;GCF_053209605.1;GCF_905400185.1;MF6	MFS transporter
chr1_clade_core	GCF_053038975.1|AHCKDM_00147			07006	5	5	GCF_016899425.1;GCF_053038975.1;GCF_053209605.1;GCF_905400185.1;MF6	Pyridoxamine 5'-phosphate oxidase-like protein
chr1_clade_core	GCF_053038975.1|AHCKDM_00156				5	5	GCF_016899425.1;GCF_053038975.1;GCF_053209605.1;GCF_905400185.1;MF6	Alginate lyase domain-containing protein
chr1_clade_core	GCF_053038975.1|AHCKDM_00203			02407	5	5	GCF_016899425.1;GCF_053038975.1;GCF_053209605.1;GCF_905400185.1;MF6	Flagellar hook-associated protein 2
chr1_clade_core	GCF_053038975.1|AHCKDM_00211	COG0580	G		5	5	GCF_016899425.1;GCF_053038975.1;GCF_053209605.1;GCF_905400185.1;MF6	aquaporin Z
chr1_clade_core	GCF_053038975.1|AHCKDM_00234			02404	5	5	GCF_016899425.1;GCF_053038975.1;GCF_053209605.1;GCF_905400185.1;MF6	flagellar biosynthesis protein FlhF
chr1_clade_core	GCF_053038975.1|AHCKDM_00271			05834	5	5	GCF_016899425.1;GCF_053038975.1;GCF_053209605.1;GCF_905400185.1;MF6	LysE family translocator
chr1_clade_core	GCF_053038975.1|AHCKDM_00291			02612	5	5	GCF_016899425.1;GCF_053038975.1;GCF_053209605.1;GCF_905400185.1;MF6	1,2-phenylacetyl-CoA epoxidase subunit PaaD
chr1_clade_core	GCF_053038975.1|AHCKDM_00363				5	5	GCF_016899425.1;GCF_053038975.1;GCF_053209605.1;GCF_905400185.1;MF6	Fimbrial protein
chr1_clade_core	GCF_053038975.1|AHCKDM_00462				5	5	GCF_016899425.1;GCF_053038975.1;GCF_053209605.1;GCF_905400185.1;MF6	Phage tail protein
chr1_clade_core	GCF_053038975.1|AHCKDM_00502	COG0692	L	03648	5	5	GCF_016899425.1;GCF_053038975.1;GCF_053209605.1;GCF_905400185.1;MF6	uracil-DNA glycosylase
chr1_clade_core	GCF_053038975.1|AHCKDM_00511	COG2821	M	08304	5	5	GCF_016899425.1;GCF_053038975.1;GCF_053209605.1;GCF_905400185.1;MF6	peptidoglycan lytic exotransglycosylase
chr1_clade_core	GCF_053038975.1|AHCKDM_00534	COG0771	M	01925	5	5	GCF_016899425.1;GCF_053038975.1;GCF_053209605.1;GCF_905400185.1;MF6	UDP-N-acetylmuramoyl-L-alanine--D-glutamate ligase
chr1_clade_core	GCF_053038975.1|AHCKDM_00580	COG0511	I		5	5	GCF_016899425.1;GCF_053038975.1;GCF_053209605.1;GCF_905400185.1;MF6	acetyl-CoA carboxylase biotin carboxyl carrier protein
chr1_clade_core	GCF_053038975.1|AHCKDM_00615	COG1063	ER		5	5	GCF_016899425.1;GCF_053038975.1;GCF_053209605.1;GCF_905400185.1;MF6	Zinc-containing alcohol dehydrogenase superfamily protein
chr1_clade_core	GCF_053038975.1|AHCKDM_00645	COG0121	R		5	5	GCF_016899425.1;GCF_053038975.1;GCF_053209605.1;GCF_905400185.1;MF6	Glutamine amidotransferase
chr1_clade_core	GCF_053038975.1|AHCKDM_00651				5	5	GCF_016899425.1;GCF_053038975.1;GCF_053209605.1;GCF_905400185.1;MF6	DUF1090 domain-containing protein
chr1_clade_core	GCF_053038975.1|AHCKDM_00659				5	5	GCF_016899425.1;GCF_053038975.1;GCF_053209605.1;GCF_905400185.1;MF6	Lipoprotein
chr1_clade_core	GCF_053038975.1|AHCKDM_00671	COG0482	J	00566	5	5	GCF_016899425.1;GCF_053038975.1;GCF_053209605.1;GCF_905400185.1;MF6	tRNA 2-thiouridine(34) synthase MnmA
chr1_clade_core	GCF_053038975.1|AHCKDM_00697	COG1200	L	03655	5	5	GCF_016899425.1;GCF_053038975.1;GCF_053209605.1;GCF_905400185.1;MF6	ATP-dependent DNA helicase RecG
chr1_clade_core	GCF_053038975.1|AHCKDM_00701				5	5	GCF_016899425.1;GCF_053038975.1;GCF_053209605.1;GCF_905400185.1;MF6	Flp family type IVb pilin
chr1_clade_core	GCF_053038975.1|AHCKDM_00718	COG1391	O	00982	5	5	GCF_016899425.1;GCF_053038975.1;GCF_053209605.1;GCF_905400185.1;MF6	bifunctional [glutamate--ammonia ligase]-adenylyl-L-tyrosine phosphorylase/[glutamate--ammonia-ligase] adenylyltransferase
chr1_clade_core	GCF_053038975.1|AHCKDM_00734	COG0617	J	00970	5	5	GCF_016899425.1;GCF_053038975.1;GCF_053209605.1;GCF_905400185.1;MF6	Poly(A) polymerase I
chr1_clade_core	GCF_053038975.1|AHCKDM_00778			05712	5	5	GCF_016899425.1;GCF_053038975.1;GCF_053209605.1;GCF_905400185.1;MF6	3-(3-hydroxy-phenyl)propionate hydroxylase
chr1_clade_core	GCF_053038975.1|AHCKDM_00805	COG2964	K	21829	5	5	GCF_016899425.1;GCF_053038975.1;GCF_053209605.1;GCF_905400185.1;MF6	YheO domain-containing protein
chr1_clade_core	GCF_053038975.1|AHCKDM_00812				5	5	GCF_016899425.1;GCF_053038975.1;GCF_053209605.1;GCF_905400185.1;MF6	Quinol oxidase
chr1_clade_core	GCF_053038975.1|AHCKDM_00822	COG2065	F		5	5	GCF_016899425.1;GCF_053038975.1;GCF_053209605.1;GCF_905400185.1;MF6	bifunctional pyr operon transcriptional regulator/uracil phosphoribosyltransferase PyrR
chr1_clade_core	GCF_053038975.1|AHCKDM_00869	COG4674	R		5	5	GCF_016899425.1;GCF_053038975.1;GCF_053209605.1;GCF_905400185.1;MF6	urea ABC transporter ATP-binding protein UrtD
chr1_clade_core	GCF_053038975.1|AHCKDM_00887				5	5	GCF_016899425.1;GCF_053038975.1;GCF_053209605.1;GCF_905400185.1;MF6	GDP-mannose pyrophosphatase
chr1_clade_core	GCF_053038975.1|AHCKDM_00899	COG0741	MU		5	5	GCF_016899425.1;GCF_053038975.1;GCF_053209605.1;GCF_905400185.1;MF6	Transglycosylase SLT domain-containing protein
chr1_clade_core	GCF_053038975.1|AHCKDM_00944	COG0127	F	01519	5	5	GCF_016899425.1;GCF_053038975.1;GCF_053209605.1;GCF_905400185.1;MF6	RdgB/HAM1 family non-canonical purine NTP pyrophosphatase
chr1_clade_core	GCF_053038975.1|AHCKDM_00959	COG1605	E		5	5	GCF_016899425.1;GCF_053038975.1;GCF_053209605.1;GCF_905400185.1;MF6	chorismate mutase
chr1_clade_core	GCF_053038975.1|AHCKDM_00975				5	5	GCF_016899425.1;GCF_053038975.1;GCF_053209605.1;GCF_905400185.1;MF6	GntR family transcriptional regulator
chr1_clade_core	GCF_053038975.1|AHCKDM_00981	COG0654	HC		5	5	GCF_016899425.1;GCF_053038975.1;GCF_053209605.1;GCF_905400185.1;MF6	FAD-binding domain-containing protein
chr1_clade_core	GCF_053038975.1|AHCKDM_01018	COG1522	K		5	5	GCF_016899425.1;GCF_053038975.1;GCF_053209605.1;GCF_905400185.1;MF6	Leucine-responsive regulatory protein
chr1_clade_core	GCF_053038975.1|AHCKDM_01021	COG2133	G		5	5	GCF_016899425.1;GCF_053038975.1;GCF_053209605.1;GCF_905400185.1;MF6	Sorbosone dehydrogenase
chr1_clade_core	GCF_053038975.1|AHCKDM_01036				5	5	GCF_016899425.1;GCF_053038975.1;GCF_053209605.1;GCF_905400185.1;MF6	Lipoprotein
chr1_clade_core	GCF_053038975.1|AHCKDM_01050	COG2207	K		5	5	GCF_016899425.1;GCF_053038975.1;GCF_053209605.1;GCF_905400185.1;MF6	AraC family transcriptional regulator
chr1_clade_core	GCF_053038975.1|AHCKDM_01114				5	5	GCF_016899425.1;GCF_053038975.1;GCF_053209605.1;GCF_905400185.1;MF6	Electron transport protein SCO1/SenC
chr1_clade_core	GCF_053038975.1|AHCKDM_01146	COG2988	E	05526	5	5	GCF_016899425.1;GCF_053038975.1;GCF_053209605.1;GCF_905400185.1;MF6	succinylglutamate desuccinylase
chr1_clade_core	GCF_053038975.1|AHCKDM_01152				5	5	GCF_016899425.1;GCF_053038975.1;GCF_053209605.1;GCF_905400185.1;MF6	HTH OST-type domain-containing protein
chr1_clade_core	GCF_053038975.1|AHCKDM_01159	COG3211	R		5	5	GCF_016899425.1;GCF_053038975.1;GCF_053209605.1;GCF_905400185.1;MF6	Alkaline phosphatase
chr1_clade_core	GCF_053038975.1|AHCKDM_01181				5	5	GCF_016899425.1;GCF_053038975.1;GCF_053209605.1;GCF_905400185.1;MF6	Pentapeptide MXKDX repeat protein
chr1_clade_core	GCF_053038975.1|AHCKDM_01208				5	5	GCF_016899425.1;GCF_053038975.1;GCF_053209605.1;GCF_905400185.1;MF6	hypothetical protein
chr1_clade_core	GCF_053038975.1|AHCKDM_01236	COG0491	R		5	5	GCF_016899425.1;GCF_053038975.1;GCF_053209605.1;GCF_905400185.1;MF6	hydroxyacylglutathione hydrolase
chr1_clade_core	GCF_053038975.1|AHCKDM_01237	COG1388	M		5	5	GCF_016899425.1;GCF_053038975.1;GCF_053209605.1;GCF_905400185.1;MF6	Lytic transglycosylase
chr1_clade_core	GCF_053038975.1|AHCKDM_01268				5	5	GCF_016899425.1;GCF_053038975.1;GCF_053209605.1;GCF_905400185.1;MF6	hypothetical protein
chr1_clade_core	GCF_053038975.1|AHCKDM_01297			02283	5	5	GCF_016899425.1;GCF_053038975.1;GCF_053209605.1;GCF_905400185.1;MF6	Type II secretion system protein E
chr1_clade_core	GCF_053038975.1|AHCKDM_01300				5	5	GCF_016899425.1;GCF_053038975.1;GCF_053209605.1;GCF_905400185.1;MF6	Tetratricopeptide repeat protein
chr1_clade_core	GCF_053038975.1|AHCKDM_01304				5	5	GCF_016899425.1;GCF_053038975.1;GCF_053209605.1;GCF_905400185.1;MF6	glycosyltransferase family 2 protein
chr1_clade_core	GCF_053038975.1|AHCKDM_01311			19003	5	5	GCF_016899425.1;GCF_053038975.1;GCF_053209605.1;GCF_905400185.1;MF6	Glycosyl transferase 2 family protein
chr1_clade_core	GCF_053038975.1|AHCKDM_01317				5	5	GCF_016899425.1;GCF_053038975.1;GCF_053209605.1;GCF_905400185.1;MF6	PadR family transcriptional regulator
chr1_clade_core	GCF_053038975.1|AHCKDM_01321	COG1120	PH		5	5	GCF_016899425.1;GCF_053038975.1;GCF_053209605.1;GCF_905400185.1;MF6	ABC transporter domain-containing protein
chr1_clade_core	GCF_053038975.1|AHCKDM_01328				5	5	GCF_016899425.1;GCF_053038975.1;GCF_053209605.1;GCF_905400185.1;MF6	Transglycosylase SLT domain-containing protein
chr1_clade_core	GCF_053038975.1|AHCKDM_01338				5	5	GCF_016899425.1;GCF_053038975.1;GCF_053209605.1;GCF_905400185.1;MF6	Topoisomerase IV
chr1_clade_core	GCF_053038975.1|AHCKDM_01348				5	5	GCF_016899425.1;GCF_053038975.1;GCF_053209605.1;GCF_905400185.1;MF6	cellulose biosynthesis protein BcsE
chr1_clade_core	GCF_053038975.1|AHCKDM_01354	COG1741	R		5	5	GCF_016899425.1;GCF_053038975.1;GCF_053209605.1;GCF_905400185.1;MF6	Pirin
chr1_clade_core	GCF_053038975.1|AHCKDM_01365				5	5	GCF_016899425.1;GCF_053038975.1;GCF_053209605.1;GCF_905400185.1;MF6	Alginate export domain-containing protein
chr1_clade_core	GCF_053038975.1|AHCKDM_01373				5	5	GCF_016899425.1;GCF_053038975.1;GCF_053209605.1;GCF_905400185.1;MF6	Lipoprotein transmembrane
chr1_clade_core	GCF_053038975.1|AHCKDM_01377				5	5	GCF_016899425.1;GCF_053038975.1;GCF_053209605.1;GCF_905400185.1;MF6	YbfB/YjiJ family MFS transporter
chr1_clade_core	GCF_053038975.1|AHCKDM_01393	COG1129	G		5	5	GCF_016899425.1;GCF_053038975.1;GCF_053209605.1;GCF_905400185.1;MF6	Putative ribose/galactose/methyl galactoside import ATP-binding protein 1
chr1_clade_core	GCF_053038975.1|AHCKDM_01401	COG0583	K		5	5	GCF_016899425.1;GCF_053038975.1;GCF_053209605.1;GCF_905400185.1;MF6	HTH lysR-type domain-containing protein
chr1_clade_core	GCF_053038975.1|AHCKDM_01411				5	5	GCF_016899425.1;GCF_053038975.1;GCF_053209605.1;GCF_905400185.1;MF6	Type VI secretion protein
chr1_clade_core	GCF_053038975.1|AHCKDM_01415	COG2814	G		5	5	GCF_016899425.1;GCF_053038975.1;GCF_053209605.1;GCF_905400185.1;MF6	Fosmidomycin resistance protein
chr1_clade_core	GCF_053038975.1|AHCKDM_01435	COG0824	I		5	5	GCF_016899425.1;GCF_053038975.1;GCF_053209605.1;GCF_905400185.1;MF6	Thioesterase superfamily protein
chr1_clade_core	GCF_053038975.1|AHCKDM_01461				5	5	GCF_016899425.1;GCF_053038975.1;GCF_053209605.1;GCF_905400185.1;MF6	hypothetical protein
chr1_clade_core	GCF_053038975.1|AHCKDM_01469	COG1187	J		5	5	GCF_016899425.1;GCF_053038975.1;GCF_053209605.1;GCF_905400185.1;MF6	23S rRNA pseudouridine(2605) synthase RluB
chr1_clade_core	GCF_053038975.1|AHCKDM_01473	COG0532	J	02519	5	5	GCF_016899425.1;GCF_053038975.1;GCF_053209605.1;GCF_905400185.1;MF6	translation initiation factor IF-2
chr1_clade_core	GCF_053038975.1|AHCKDM_01496	COG4962	W	02283	5	5	GCF_016899425.1;GCF_053038975.1;GCF_053209605.1;GCF_905400185.1;MF6	Type II/IV secretion system ATP-binding protein
chr1_clade_core	GCF_053038975.1|AHCKDM_01504				5	5	GCF_016899425.1;GCF_053038975.1;GCF_053209605.1;GCF_905400185.1;MF6	RNA chaperone Hfq
chr1_clade_core	GCF_053038975.1|AHCKDM_01515	COG1879	G		5	5	GCF_016899425.1;GCF_053038975.1;GCF_053209605.1;GCF_905400185.1;MF6	Periplasmic binding protein domain-containing protein
chr1_clade_core	GCF_053038975.1|AHCKDM_01532	COG0167	F		5	5	GCF_016899425.1;GCF_053038975.1;GCF_053209605.1;GCF_905400185.1;MF6	quinone-dependent dihydroorotate dehydrogenase
chr1_clade_core	GCF_053038975.1|AHCKDM_01549				5	5	GCF_016899425.1;GCF_053038975.1;GCF_053209605.1;GCF_905400185.1;MF6	Acetyltransferase (GNAT) family protein
chr1_clade_core	GCF_053038975.1|AHCKDM_01563	COG0477	GEPR	03762	5	5	GCF_016899425.1;GCF_053038975.1;GCF_053209605.1;GCF_905400185.1;MF6	Major facilitator superfamily (MFS) profile domain-containing protein
chr1_clade_core	GCF_053038975.1|AHCKDM_01566	COG2603	J		5	5	GCF_016899425.1;GCF_053038975.1;GCF_053209605.1;GCF_905400185.1;MF6	tRNA 2-selenouridine(34) synthase MnmH
chr1_clade_core	GCF_053038975.1|AHCKDM_01605	COG1309	K	18129	5	5	GCF_016899425.1;GCF_053038975.1;GCF_053209605.1;GCF_905400185.1;MF6	TetR family transcriptional regulator
chr1_clade_core	GCF_053038975.1|AHCKDM_01637				5	5	GCF_016899425.1;GCF_053038975.1;GCF_053209605.1;GCF_905400185.1;MF6	Magnesium chelatase
chr1_clade_core	GCF_053038975.1|AHCKDM_01640	COG3812	S	09983	5	5	GCF_016899425.1;GCF_053038975.1;GCF_053209605.1;GCF_905400185.1;MF6	DUF1993 domain-containing protein
chr1_clade_core	GCF_053038975.1|AHCKDM_01642	COG1051	F		5	5	GCF_016899425.1;GCF_053038975.1;GCF_053209605.1;GCF_905400185.1;MF6	NUDIX hydrolase
chr1_clade_core	GCF_053038975.1|AHCKDM_01664	COG1175	G		5	5	GCF_016899425.1;GCF_053038975.1;GCF_053209605.1;GCF_905400185.1;MF6	ABC transmembrane type-1 domain-containing protein
chr1_clade_core	GCF_053038975.1|AHCKDM_01674	COG2814	G		5	5	GCF_016899425.1;GCF_053038975.1;GCF_053209605.1;GCF_905400185.1;MF6	Major facilitator superfamily (MFS) profile domain-containing protein
chr1_clade_core	GCF_053038975.1|AHCKDM_01694				5	5	GCF_016899425.1;GCF_053038975.1;GCF_053209605.1;GCF_905400185.1;MF6	glutamine amidotransferase
chr1_clade_core	GCF_053038975.1|AHCKDM_01737	COG0845	MV		5	5	GCF_016899425.1;GCF_053038975.1;GCF_053209605.1;GCF_905400185.1;MF6	Multidrug resistance protein MdtE
chr1_clade_core	GCF_053038975.1|AHCKDM_01739				5	5	GCF_016899425.1;GCF_053038975.1;GCF_053209605.1;GCF_905400185.1;MF6	RND transporter
chr1_clade_core	GCF_053038975.1|AHCKDM_01741				5	5	GCF_016899425.1;GCF_053038975.1;GCF_053209605.1;GCF_905400185.1;MF6	DUF4124 domain-containing protein
chr1_clade_core	GCF_053038975.1|AHCKDM_01742				5	5	GCF_016899425.1;GCF_053038975.1;GCF_053209605.1;GCF_905400185.1;MF6	Sigma-54 factor interaction domain-containing protein
chr1_clade_core	GCF_053038975.1|AHCKDM_01757				5	5	GCF_016899425.1;GCF_053038975.1;GCF_053209605.1;GCF_905400185.1;MF6	Phosphotransferase
chr1_clade_core	GCF_053038975.1|AHCKDM_01863				5	5	GCF_016899425.1;GCF_053038975.1;GCF_053209605.1;GCF_905400185.1;MF6	Bacteriophage protein
chr1_clade_core	GCF_053038975.1|AHCKDM_01882				5	5	GCF_016899425.1;GCF_053038975.1;GCF_053209605.1;GCF_905400185.1;MF6	FtsH protease activity modulator HflK
chr1_clade_core	GCF_053038975.1|AHCKDM_01890			15539	5	5	GCF_016899425.1;GCF_053038975.1;GCF_053209605.1;GCF_905400185.1;MF6	Helix-turn-helix domain-containing protein
chr1_clade_core	GCF_053038975.1|AHCKDM_01898	COG0739	M		5	5	GCF_016899425.1;GCF_053038975.1;GCF_053209605.1;GCF_905400185.1;MF6	Lipoprotein
chr1_clade_core	GCF_053038975.1|AHCKDM_01904			02343	5	5	GCF_016899425.1;GCF_053038975.1;GCF_053209605.1;GCF_905400185.1;MF6	DNA polymerase III subunit gamma/tau
chr1_clade_core	GCF_053038975.1|AHCKDM_01913				5	5	GCF_016899425.1;GCF_053038975.1;GCF_053209605.1;GCF_905400185.1;MF6	Multidrug-efflux transporter
chr1_clade_core	GCF_053038975.1|AHCKDM_01924	COG3753	S		5	5	GCF_016899425.1;GCF_053038975.1;GCF_053209605.1;GCF_905400185.1;MF6	DUF937 domain-containing protein
chr1_clade_core	GCF_053038975.1|AHCKDM_01953				5	5	GCF_016899425.1;GCF_053038975.1;GCF_053209605.1;GCF_905400185.1;MF6	Putative zinc-finger domain-containing protein
chr1_clade_core	GCF_053038975.1|AHCKDM_01994				5	5	GCF_016899425.1;GCF_053038975.1;GCF_053209605.1;GCF_905400185.1;MF6	N-acetyltransferase
chr1_clade_core	GCF_053038975.1|AHCKDM_02043				5	5	GCF_016899425.1;GCF_053038975.1;GCF_053209605.1;GCF_905400185.1;MF6	Aspartate kinase
chr1_clade_core	GCF_053038975.1|AHCKDM_02070				5	5	GCF_016899425.1;GCF_053038975.1;GCF_053209605.1;GCF_905400185.1;MF6	DUF2182 domain-containing protein
chr1_clade_core	GCF_053038975.1|AHCKDM_02076	COG2867	J		5	5	GCF_016899425.1;GCF_053038975.1;GCF_053209605.1;GCF_905400185.1;MF6	Coenzyme Q-binding protein COQ10 START domain-containing protein
chr1_clade_core	GCF_053038975.1|AHCKDM_02100				5	5	GCF_016899425.1;GCF_053038975.1;GCF_053209605.1;GCF_905400185.1;MF6	Dual-specificity RNA pseudouridine synthase RluF
chr1_clade_core	GCF_053038975.1|AHCKDM_02148				5	5	GCF_016899425.1;GCF_053038975.1;GCF_053209605.1;GCF_905400185.1;MF6	OmpR/PhoB-type domain-containing protein
chr1_clade_core	GCF_053038975.1|AHCKDM_02154				5	5	GCF_016899425.1;GCF_053038975.1;GCF_053209605.1;GCF_905400185.1;MF6	Cytochrome o ubiquinol oxidase subunit I
chr1_clade_core	GCF_053038975.1|AHCKDM_02155			02297	5	5	GCF_016899425.1;GCF_053038975.1;GCF_053209605.1;GCF_905400185.1;MF6	ubiquinol oxidase subunit II
chr1_clade_core	GCF_053038975.1|AHCKDM_02160	COG0037	J	04075	5	5	GCF_016899425.1;GCF_053038975.1;GCF_053209605.1;GCF_905400185.1;MF6	tRNA(Ile)-lysidine synthase
chr1_clade_core	GCF_053038975.1|AHCKDM_02194			02238	5	5	GCF_016899425.1;GCF_053038975.1;GCF_053209605.1;GCF_905400185.1;MF6	DNA internalization-related competence protein ComEC/Rec2
chr1_clade_core	GCF_053038975.1|AHCKDM_02226				5	5	GCF_016899425.1;GCF_053038975.1;GCF_053209605.1;GCF_905400185.1;MF6	DNA polymerase IV
chr1_clade_core	GCF_053038975.1|AHCKDM_02231				5	5	GCF_016899425.1;GCF_053038975.1;GCF_053209605.1;GCF_905400185.1;MF6	nitrogen regulation protein NR(I)
chr1_clade_core	GCF_053038975.1|AHCKDM_02239	COG1643	J		5	5	GCF_016899425.1;GCF_053038975.1;GCF_053209605.1;GCF_905400185.1;MF6	ATP-dependent RNA helicase HrpA
chr1_clade_core	GCF_053038975.1|AHCKDM_02254			09975	5	5	GCF_016899425.1;GCF_053038975.1;GCF_053209605.1;GCF_905400185.1;MF6	Histidine utilization protein HutD
chr1_clade_core	GCF_053038975.1|AHCKDM_02259				5	5	GCF_016899425.1;GCF_053038975.1;GCF_053209605.1;GCF_905400185.1;MF6	4'-phosphopantetheinyl transferase superfamily protein
chr1_clade_core	GCF_053038975.1|AHCKDM_02260				5	5	GCF_016899425.1;GCF_053038975.1;GCF_053209605.1;GCF_905400185.1;MF6	Alpha/beta hydrolase
chr1_clade_core	GCF_053038975.1|AHCKDM_02267				5	5	GCF_016899425.1;GCF_053038975.1;GCF_053209605.1;GCF_905400185.1;MF6	6-phosphogluconolactonase
chr1_clade_core	GCF_053038975.1|AHCKDM_02269				5	5	GCF_016899425.1;GCF_053038975.1;GCF_053209605.1;GCF_905400185.1;MF6	hypothetical protein
chr1_clade_core	GCF_053038975.1|AHCKDM_02286			03832	5	5	GCF_016899425.1;GCF_053038975.1;GCF_053209605.1;GCF_905400185.1;MF6	energy transducer TonB
chr1_clade_core	GCF_053038975.1|AHCKDM_02315				5	5	GCF_016899425.1;GCF_053038975.1;GCF_053209605.1;GCF_905400185.1;MF6	Lipoprotein transmembrane
chr1_clade_core	GCF_053038975.1|AHCKDM_02318	COG1569	R	07063	5	5	GCF_016899425.1;GCF_053038975.1;GCF_053209605.1;GCF_905400185.1;MF6	putative toxin-antitoxin system toxin component, PIN family
chr1_clade_core	GCF_053038975.1|AHCKDM_02345				5	5	GCF_016899425.1;GCF_053038975.1;GCF_053209605.1;GCF_905400185.1;MF6	preprotein translocase subunit SecG
chr1_clade_core	GCF_053038975.1|AHCKDM_02409				5	5	GCF_016899425.1;GCF_053038975.1;GCF_053209605.1;GCF_905400185.1;MF6	O-antigen ligase-related domain-containing protein
chr1_clade_core	GCF_053038975.1|AHCKDM_02420				5	5	GCF_016899425.1;GCF_053038975.1;GCF_053209605.1;GCF_905400185.1;MF6	DNA translocase FtsK
chr1_clade_core	GCF_053038975.1|AHCKDM_02527				5	5	GCF_016899425.1;GCF_053038975.1;GCF_053209605.1;GCF_905400185.1;MF6	GIY-YIG nuclease family protein
chr1_clade_core	GCF_053038975.1|AHCKDM_02553				5	5	GCF_016899425.1;GCF_053038975.1;GCF_053209605.1;GCF_905400185.1;MF6	translocation/assembly module TamB domain-containing protein
chr1_clade_core	GCF_053038975.1|AHCKDM_02626	COG1398	I	00507	5	5	GCF_016899425.1;GCF_053038975.1;GCF_053209605.1;GCF_905400185.1;MF6	Stearoyl-CoA desaturase
chr1_clade_core	GCF_053038975.1|AHCKDM_02627	COG3264	M		5	5	GCF_016899425.1;GCF_053038975.1;GCF_053209605.1;GCF_905400185.1;MF6	Mechanosensitive ion channel protein MscS
chr1_clade_core	GCF_053038975.1|AHCKDM_02678				5	5	GCF_016899425.1;GCF_053038975.1;GCF_053209605.1;GCF_905400185.1;MF6	tRNA (adenosine(37)-N6)-threonylcarbamoyltransferase complex ATPase subunit type 1 TsaE
chr1_clade_core	GCF_053038975.1|AHCKDM_02695	COG0246	G	00007	5	5	GCF_016899425.1;GCF_053038975.1;GCF_053209605.1;GCF_905400185.1;MF6	D-arabinitol 4-dehydrogenase
chr1_clade_core	GCF_053038975.1|AHCKDM_02713				5	5	GCF_016899425.1;GCF_053038975.1;GCF_053209605.1;GCF_905400185.1;MF6	DUF2269 domain-containing protein
chr1_clade_core	GCF_053038975.1|AHCKDM_02718	COG1538	M		5	5	GCF_016899425.1;GCF_053038975.1;GCF_053209605.1;GCF_905400185.1;MF6	Multidrug transporter
chr1_clade_core	GCF_053038975.1|AHCKDM_02724	COG4977	K		5	5	GCF_016899425.1;GCF_053038975.1;GCF_053209605.1;GCF_905400185.1;MF6	AraC family transcriptional regulator
chr1_clade_core	GCF_053038975.1|AHCKDM_02759				5	5	GCF_016899425.1;GCF_053038975.1;GCF_053209605.1;GCF_905400185.1;MF6	recombination regulator RecX
chr1_clade_core	GCF_053038975.1|AHCKDM_02799			03820	5	5	GCF_016899425.1;GCF_053038975.1;GCF_053209605.1;GCF_905400185.1;MF6	apolipoprotein N-acyltransferase
chr1_clade_core	GCF_053038975.1|AHCKDM_02800				5	5	GCF_016899425.1;GCF_053038975.1;GCF_053209605.1;GCF_905400185.1;MF6	TPR repeat-containing protein
chr1_clade_core	GCF_053038975.1|AHCKDM_02863	COG0764	I		5	5	GCF_016899425.1;GCF_053038975.1;GCF_053209605.1;GCF_905400185.1;MF6	Long-chain-fatty-acid--CoA ligase
chr1_clade_core	GCF_053038975.1|AHCKDM_02900	COG0266	L	10563	5	5	GCF_016899425.1;GCF_053038975.1;GCF_053209605.1;GCF_905400185.1;MF6	bifunctional DNA-formamidopyrimidine glycosylase/DNA-(apurinic or apyrimidinic site) lyase
chr1_clade_core	GCF_053038975.1|AHCKDM_02925	COG1264	G		5	5	GCF_016899425.1;GCF_053038975.1;GCF_053209605.1;GCF_905400185.1;MF6	NagE protein
chr1_clade_core	GCF_053038975.1|AHCKDM_02927	COG2222	M	00820	5	5	GCF_016899425.1;GCF_053038975.1;GCF_053209605.1;GCF_905400185.1;MF6	SIS domain-containing protein
chr1_clade_core	GCF_053038975.1|AHCKDM_02971				5	5	GCF_016899425.1;GCF_053038975.1;GCF_053209605.1;GCF_905400185.1;MF6	Lipoprotein
chr1_clade_core	GCF_053038975.1|AHCKDM_02984				5	5	GCF_016899425.1;GCF_053038975.1;GCF_053209605.1;GCF_905400185.1;MF6	ABC transmembrane type-1 domain-containing protein
chr1_clade_core	GCF_053038975.1|AHCKDM_02999				5	5	GCF_016899425.1;GCF_053038975.1;GCF_053209605.1;GCF_905400185.1;MF6	ABC transporter ATPase
chr1_clade_core	GCF_053038975.1|AHCKDM_03019				5	5	GCF_016899425.1;GCF_053038975.1;GCF_053209605.1;GCF_905400185.1;MF6	DUF1840 domain-containing protein
chr1_clade_core	GCF_053038975.1|AHCKDM_03024	COG0747	E	12368	5	5	GCF_016899425.1;GCF_053038975.1;GCF_053209605.1;GCF_905400185.1;MF6	Solute-binding protein family 5 domain-containing protein
chr1_clade_core	GCF_053038975.1|AHCKDM_03027	COG0491	R		5	5	GCF_016899425.1;GCF_053038975.1;GCF_053209605.1;GCF_905400185.1;MF6	Hydroxyacylglutathione hydrolase
chr1_clade_core	GCF_053038975.1|AHCKDM_03036	COG0502	H	01012	5	5	GCF_016899425.1;GCF_053038975.1;GCF_053209605.1;GCF_905400185.1;MF6	biotin synthase BioB
chr1_clade_core	GCF_053038975.1|AHCKDM_03055				5	5	GCF_016899425.1;GCF_053038975.1;GCF_053209605.1;GCF_905400185.1;MF6	(2Fe-2S)-binding protein
chr1_clade_core	GCF_053038975.1|AHCKDM_03099				5	5	GCF_016899425.1;GCF_053038975.1;GCF_053209605.1;GCF_905400185.1;MF6	DUF3138 domain-containing protein
chr1_clade_core	GCF_053038975.1|AHCKDM_03116				5	5	GCF_016899425.1;GCF_053038975.1;GCF_053209605.1;GCF_905400185.1;MF6	DUF6708 domain-containing protein
chr1_clade_core	GCF_053038975.1|AHCKDM_03117				5	5	GCF_016899425.1;GCF_053038975.1;GCF_053209605.1;GCF_905400185.1;MF6	T6SS effector BTH_I2691 family protein
chr1_clade_core	GCF_053038975.1|AHCKDM_03150	COG4608	E		5	5	GCF_016899425.1;GCF_053038975.1;GCF_053209605.1;GCF_905400185.1;MF6	ABC transporter ATP-binding protein
chr1_clade_core	GCF_053038975.1|AHCKDM_03151	COG0444	EP		5	5	GCF_016899425.1;GCF_053038975.1;GCF_053209605.1;GCF_905400185.1;MF6	ABC transporter ATP-binding protein
chr1_clade_core	GCF_053038975.1|AHCKDM_03178			02414	5	5	GCF_016899425.1;GCF_053038975.1;GCF_053209605.1;GCF_905400185.1;MF6	Flagellar hook-length control protein FliK
chr1_clade_core	GCF_053038975.1|AHCKDM_03195	COG0523	R		5	5	GCF_016899425.1;GCF_053038975.1;GCF_053209605.1;GCF_905400185.1;MF6	CobW C-terminal domain-containing protein
chr1_clade_core	GCF_053038975.1|AHCKDM_03202				5	5	GCF_016899425.1;GCF_053038975.1;GCF_053209605.1;GCF_905400185.1;MF6	HAD family hydrolase
chr1_clade_core	GCF_053038975.1|AHCKDM_03243	COG0583	K		5	5	GCF_016899425.1;GCF_053038975.1;GCF_053209605.1;GCF_905400185.1;MF6	HTH lysR-type domain-containing protein
chr1_clade_core	GCF_053038975.1|AHCKDM_03273				5	5	GCF_016899425.1;GCF_053038975.1;GCF_053209605.1;GCF_905400185.1;MF6	DUF2795 domain-containing protein
chr1_clade_core	GCF_053209605.1|GFFINM_00221				5	5	GCF_016899425.1;GCF_053038975.1;GCF_053209605.1;GCF_905400185.1;MF6	Chemotaxis protein
chr1_clade_core	GCF_905400185.1|DKPOPA_00068	COG1846	K		5	5	GCF_016899425.1;GCF_053038975.1;GCF_053209605.1;GCF_905400185.1;MF6	MarR-family transcriptional regulator
chr1_clade_core	GCF_905400185.1|DKPOPA_00541				5	5	GCF_016899425.1;GCF_053038975.1;GCF_053209605.1;GCF_905400185.1;MF6	Zinc finger/thioredoxin putative domain-containing protein
chr1_clade_core	GCF_905400185.1|DKPOPA_00757	COG4630	F		5	5	GCF_016899425.1;GCF_053038975.1;GCF_053209605.1;GCF_905400185.1;MF6	xanthine dehydrogenase small subunit
chr1_clade_core	GCF_905400185.1|DKPOPA_00814				5	5	GCF_016899425.1;GCF_053038975.1;GCF_053209605.1;GCF_905400185.1;MF6	UDP-N-acetylmuramyl pentapeptide phosphotransferase/UDP-N-acetylglucosamine-1-phosphate transferase
chr1_clade_core	GCF_905400185.1|DKPOPA_00815				5	5	GCF_016899425.1;GCF_053038975.1;GCF_053209605.1;GCF_905400185.1;MF6	Polysaccharide biosynthesis protein
chr1_clade_core	GCF_905400185.1|DKPOPA_00912				5	5	GCF_016899425.1;GCF_053038975.1;GCF_053209605.1;GCF_905400185.1;MF6	TonB C-terminal domain-containing protein
chr1_clade_core	GCF_905400185.1|DKPOPA_01346				5	5	GCF_016899425.1;GCF_053038975.1;GCF_053209605.1;GCF_905400185.1;MF6	Lipoprotein
chr1_clade_core	GCF_905400185.1|DKPOPA_01649				5	5	GCF_016899425.1;GCF_053038975.1;GCF_053209605.1;GCF_905400185.1;MF6	Fimbrial protein
chr1_clade_core	GCF_905400185.1|DKPOPA_01844			03722	5	5	GCF_016899425.1;GCF_053038975.1;GCF_053209605.1;GCF_905400185.1;MF6	Helicase c2
chr1_clade_core	GCF_905400185.1|DKPOPA_01944	COG1559	M	07082	5	5	GCF_016899425.1;GCF_053038975.1;GCF_053209605.1;GCF_905400185.1;MF6	Endolytic murein transglycosylase
chr1_clade_core	GCF_905400185.1|DKPOPA_02180				5	5	GCF_016899425.1;GCF_053038975.1;GCF_053209605.1;GCF_905400185.1;MF6	Lipoprotein
chr1_clade_core	GCF_905400185.1|DKPOPA_02608	COG0583	K	18900	5	5	GCF_016899425.1;GCF_053038975.1;GCF_053209605.1;GCF_905400185.1;MF6	HTH lysR-type domain-containing protein
chr1_clade_core	GCF_905400185.1|DKPOPA_02658				5	5	GCF_016899425.1;GCF_053038975.1;GCF_053209605.1;GCF_905400185.1;MF6	citrate synthase (unknown stereospecificity)
chr1_clade_core	GCF_905400185.1|DKPOPA_02709	COG2390	K		5	5	GCF_016899425.1;GCF_053038975.1;GCF_053209605.1;GCF_905400185.1;MF6	Transcriptional regulator, DeoR family
chr1_clade_core	GCF_905400185.1|DKPOPA_03045				5	5	GCF_016899425.1;GCF_053038975.1;GCF_053209605.1;GCF_905400185.1;MF6	Cell division protein
chr1_clade_core	GCF_905400185.1|DKPOPA_03157	COG3951	N		5	5	GCF_016899425.1;GCF_053038975.1;GCF_053209605.1;GCF_905400185.1;MF6	flagellar assembly peptidoglycan hydrolase FlgJ
chr1_clade_core	GCF_905400185.1|DKPOPA_03261			05515	5	5	GCF_016899425.1;GCF_053038975.1;GCF_053209605.1;GCF_905400185.1;MF6	penicillin-binding protein 2
chr1_clade_core	MF6|CFFIHE_00170				5	5	GCF_016899425.1;GCF_053038975.1;GCF_053209605.1;GCF_905400185.1;MF6	protein O-GlcNAc transferase
chr1_clade_core	MF6|CFFIHE_00831				5	5	GCF_016899425.1;GCF_053038975.1;GCF_053209605.1;GCF_905400185.1;MF6	Urease accessory protein UreE
chr1_clade_core	MF6|CFFIHE_00952	COG2071	E	07010	5	5	GCF_016899425.1;GCF_053038975.1;GCF_053209605.1;GCF_905400185.1;MF6	Carbamoyl-phosphate synthase small chain
chr1_clade_core	MF6|CFFIHE_01068	COG0736	I		5	5	GCF_016899425.1;GCF_053038975.1;GCF_053209605.1;GCF_905400185.1;MF6	Holo-[acyl-carrier-protein] synthase
chr1_clade_core	MF6|CFFIHE_01263	COG0477	GEPR	03762	5	5	GCF_016899425.1;GCF_053038975.1;GCF_053209605.1;GCF_905400185.1;MF6	glycine betaine/L-proline transporter ProP
chr1_clade_core	MF6|CFFIHE_01398				5	5	GCF_016899425.1;GCF_053038975.1;GCF_053209605.1;GCF_905400185.1;MF6	hypothetical protein
chr1_clade_core	MF6|CFFIHE_01753	COG1538	M		5	5	GCF_016899425.1;GCF_053038975.1;GCF_053209605.1;GCF_905400185.1;MF6	RND efflux system, outer membrane lipoprotein, NodT family
chr1_clade_core	MF6|CFFIHE_03073				5	5	GCF_016899425.1;GCF_053038975.1;GCF_053209605.1;GCF_905400185.1;MF6	Alginate biosynthesis protein AlgP
chr1_clade_core	MF7|EFEKAH_06929				5	5	GCF_016899425.1;GCF_053038975.1;GCF_053209605.1;GCF_905400185.1;MF6	Fe-S protein assembly chaperone HscA
