accession	locus	tier1_carrier
GCA_017356705.2	MF6_001079	False
GCA_017356705.2	MF6_002734	True
GCA_017356705.2	MF6_003184	False
GCA_017356705.2	MF6_003684	False
GCA_017356705.2	MF6_003684_Cterm	False
GCA_017356705.2	MF6_003686	False
GCA_017356705.2	MF6_003843	True
GCA_017356705.2	MF6_004284	False
GCA_017356705.2	MF6_004284_Cterm	False
GCA_017356705.2	MF6_004285	False
GCA_017356705.2	MF6_004947	True
GCA_017356705.2	MF6_006318	True
GCA_017356725.2	MF6_001079	False
GCA_017356725.2	MF6_002734	True
GCA_017356725.2	MF6_003184	False
GCA_017356725.2	MF6_003684	False
GCA_017356725.2	MF6_003684_Cterm	False
GCA_017356725.2	MF6_003686	False
GCA_017356725.2	MF6_003843	True
GCA_017356725.2	MF6_004284	False
GCA_017356725.2	MF6_004284_Cterm	False
GCA_017356725.2	MF6_004285	False
GCA_017356725.2	MF6_004947	True
GCA_017356725.2	MF6_006318	True
GCA_020887275.1	MF6_001079	False
GCA_020887275.1	MF6_002734	False
GCA_020887275.1	MF6_003184	False
GCA_020887275.1	MF6_003684	False
GCA_020887275.1	MF6_003684_Cterm	False
GCA_020887275.1	MF6_003686	False
GCA_020887275.1	MF6_003843	False
GCA_020887275.1	MF6_004284	False
GCA_020887275.1	MF6_004284_Cterm	False
GCA_020887275.1	MF6_004285	False
GCA_020887275.1	MF6_004947	False
GCA_020887275.1	MF6_006318	False
GCA_024298805.1	MF6_001079	False
GCA_024298805.1	MF6_002734	True
GCA_024298805.1	MF6_003184	False
GCA_024298805.1	MF6_003684	False
GCA_024298805.1	MF6_003684_Cterm	False
GCA_024298805.1	MF6_003686	False
GCA_024298805.1	MF6_003843	False
GCA_024298805.1	MF6_004284	False
GCA_024298805.1	MF6_004284_Cterm	False
GCA_024298805.1	MF6_004285	False
GCA_024298805.1	MF6_004947	True
GCA_024298805.1	MF6_006318	False
GCA_029762415.1	MF6_001079	False
GCA_029762415.1	MF6_002734	True
GCA_029762415.1	MF6_003184	True
GCA_029762415.1	MF6_003684	False
GCA_029762415.1	MF6_003684_Cterm	False
GCA_029762415.1	MF6_003686	False
GCA_029762415.1	MF6_003843	False
GCA_029762415.1	MF6_004284	False
GCA_029762415.1	MF6_004284_Cterm	False
GCA_029762415.1	MF6_004285	False
GCA_029762415.1	MF6_004947	False
GCA_029762415.1	MF6_006318	True
GCA_036870995.1	MF6_001079	False
GCA_036870995.1	MF6_002734	True
GCA_036870995.1	MF6_003184	False
GCA_036870995.1	MF6_003684_Cterm	False
GCA_036870995.1	MF6_003686	False
GCA_036870995.1	MF6_003843	True
GCA_036870995.1	MF6_004284_Cterm	False
GCA_036870995.1	MF6_004285	False
GCA_036870995.1	MF6_004947	True
GCA_036870995.1	MF6_006318	True
GCA_038448705.1	MF6_001079	False
GCA_038448705.1	MF6_002734	True
GCA_038448705.1	MF6_003184	False
GCA_038448705.1	MF6_003684_Cterm	False
GCA_038448705.1	MF6_003686	False
GCA_038448705.1	MF6_003843	True
GCA_038448705.1	MF6_004284_Cterm	False
GCA_038448705.1	MF6_004285	False
GCA_038448705.1	MF6_004947	True
GCA_038448705.1	MF6_006318	True
GCA_040954445.1	MF6_001079	False
GCA_040954445.1	MF6_002734	False
GCA_040954445.1	MF6_003184	False
GCA_040954445.1	MF6_003684	False
GCA_040954445.1	MF6_003684_Cterm	False
GCA_040954445.1	MF6_003686	False
GCA_040954445.1	MF6_003843	False
GCA_040954445.1	MF6_004284	False
GCA_040954445.1	MF6_004284_Cterm	False
GCA_040954445.1	MF6_004285	False
GCA_040954445.1	MF6_004947	False
GCA_040954445.1	MF6_006318	False
GCA_048918525.1	MF6_001079	False
GCA_048918525.1	MF6_002734	True
GCA_048918525.1	MF6_003184	True
GCA_048918525.1	MF6_003684	False
GCA_048918525.1	MF6_003684_Cterm	False
GCA_048918525.1	MF6_003686	False
GCA_048918525.1	MF6_003843	False
GCA_048918525.1	MF6_004284	False
GCA_048918525.1	MF6_004284_Cterm	False
GCA_048918525.1	MF6_004285	False
GCA_048918525.1	MF6_004947	True
GCA_048918525.1	MF6_006318	True
GCA_050916205.1	MF6_001079	False
GCA_050916205.1	MF6_002734	True
GCA_050916205.1	MF6_003184	False
GCA_050916205.1	MF6_003684_Cterm	False
GCA_050916205.1	MF6_003686	False
GCA_050916205.1	MF6_003843	False
GCA_050916205.1	MF6_004284_Cterm	False
GCA_050916205.1	MF6_004285	False
GCA_050916205.1	MF6_004947	False
GCA_050916205.1	MF6_006318	True
GCA_051027405.1	MF6_001079	False
GCA_051027405.1	MF6_002734	False
GCA_051027405.1	MF6_003184	False
GCA_051027405.1	MF6_003684	False
GCA_051027405.1	MF6_003684_Cterm	False
GCA_051027405.1	MF6_003686	False
GCA_051027405.1	MF6_003843	False
GCA_051027405.1	MF6_004284	False
GCA_051027405.1	MF6_004284_Cterm	False
GCA_051027405.1	MF6_004285	False
GCA_051027405.1	MF6_004947	False
GCA_051027405.1	MF6_006318	True
GCA_055387565.1	MF6_001079	False
GCA_055387565.1	MF6_002734	True
GCA_055387565.1	MF6_003184	False
GCA_055387565.1	MF6_003684	False
GCA_055387565.1	MF6_003684_Cterm	False
GCA_055387565.1	MF6_003686	False
GCA_055387565.1	MF6_003843	False
GCA_055387565.1	MF6_004284	False
GCA_055387565.1	MF6_004284_Cterm	False
GCA_055387565.1	MF6_004285	False
GCA_055387565.1	MF6_004947	True
GCA_055387565.1	MF6_006318	True
GCA_056494915.1	MF6_001079	False
GCA_056494915.1	MF6_002734	False
GCA_056494915.1	MF6_003184	False
GCA_056494915.1	MF6_003684	False
GCA_056494915.1	MF6_003684_Cterm	False
GCA_056494915.1	MF6_003686	False
GCA_056494915.1	MF6_003843	False
GCA_056494915.1	MF6_004284	False
GCA_056494915.1	MF6_004284_Cterm	False
GCA_056494915.1	MF6_004285	False
GCA_056494915.1	MF6_004947	False
GCA_056494915.1	MF6_006318	False
GCA_059696275.1	MF6_001079	False
GCA_059696275.1	MF6_002734	False
GCA_059696275.1	MF6_003184	False
GCA_059696275.1	MF6_003684	False
GCA_059696275.1	MF6_003684_Cterm	False
GCA_059696275.1	MF6_003686	False
GCA_059696275.1	MF6_003843	False
GCA_059696275.1	MF6_004284	False
GCA_059696275.1	MF6_004284_Cterm	False
GCA_059696275.1	MF6_004285	False
GCA_059696275.1	MF6_004947	True
GCA_059696275.1	MF6_006318	True
GCA_903231545.1	MF6_001079	False
GCA_903231545.1	MF6_002734	True
GCA_903231545.1	MF6_003184	False
GCA_903231545.1	MF6_003684_Cterm	False
GCA_903231545.1	MF6_003686	False
GCA_903231545.1	MF6_003843	True
GCA_903231545.1	MF6_004284_Cterm	False
GCA_903231545.1	MF6_004285	False
GCA_903231545.1	MF6_004947	True
GCA_903231545.1	MF6_006318	True
GCA_964417475.2	MF6_001079	False
GCA_964417475.2	MF6_002734	True
GCA_964417475.2	MF6_003184	False
GCA_964417475.2	MF6_003684	False
GCA_964417475.2	MF6_003684_Cterm	False
GCA_964417475.2	MF6_003686	False
GCA_964417475.2	MF6_003843	True
GCA_964417475.2	MF6_004284	False
GCA_964417475.2	MF6_004284_Cterm	False
GCA_964417475.2	MF6_004285	False
GCA_964417475.2	MF6_004947	True
GCA_964417475.2	MF6_006318	True
GCA_965199415.1	MF6_001079	False
GCA_965199415.1	MF6_002734	True
GCA_965199415.1	MF6_003184	False
GCA_965199415.1	MF6_003684	False
GCA_965199415.1	MF6_003684_Cterm	False
GCA_965199415.1	MF6_003686	False
GCA_965199415.1	MF6_003843	True
GCA_965199415.1	MF6_004284	False
GCA_965199415.1	MF6_004284_Cterm	False
GCA_965199415.1	MF6_004285	False
GCA_965199415.1	MF6_004947	True
GCA_965199415.1	MF6_006318	True
GCA_965199775.1	MF6_001079	False
GCA_965199775.1	MF6_002734	True
GCA_965199775.1	MF6_003184	False
GCA_965199775.1	MF6_003684	False
GCA_965199775.1	MF6_003684_Cterm	False
GCA_965199775.1	MF6_003686	False
GCA_965199775.1	MF6_003843	False
GCA_965199775.1	MF6_004284	False
GCA_965199775.1	MF6_004284_Cterm	False
GCA_965199775.1	MF6_004285	False
GCA_965199775.1	MF6_004947	True
GCA_965199775.1	MF6_006318	True
GCA_965217235.1	MF6_001079	False
GCA_965217235.1	MF6_002734	False
GCA_965217235.1	MF6_003184	False
GCA_965217235.1	MF6_003684	False
GCA_965217235.1	MF6_003684_Cterm	False
GCA_965217235.1	MF6_003686	False
GCA_965217235.1	MF6_003843	False
GCA_965217235.1	MF6_004284	False
GCA_965217235.1	MF6_004284_Cterm	False
GCA_965217235.1	MF6_004285	False
GCA_965217235.1	MF6_004947	False
GCA_965217235.1	MF6_006318	False
GCA_965217245.1	MF6_001079	False
GCA_965217245.1	MF6_002734	False
GCA_965217245.1	MF6_003184	False
GCA_965217245.1	MF6_003684	False
GCA_965217245.1	MF6_003684_Cterm	False
GCA_965217245.1	MF6_003686	False
GCA_965217245.1	MF6_003843	False
GCA_965217245.1	MF6_004284	False
GCA_965217245.1	MF6_004284_Cterm	False
GCA_965217245.1	MF6_004285	False
GCA_965217245.1	MF6_004947	False
GCA_965217245.1	MF6_006318	False
GCA_980298765.1	MF6_001079	False
GCA_980298765.1	MF6_002734	True
GCA_980298765.1	MF6_003184	False
GCA_980298765.1	MF6_003684	False
GCA_980298765.1	MF6_003684_Cterm	False
GCA_980298765.1	MF6_003686	False
GCA_980298765.1	MF6_003843	True
GCA_980298765.1	MF6_004284	False
GCA_980298765.1	MF6_004284_Cterm	False
GCA_980298765.1	MF6_004285	False
GCA_980298765.1	MF6_004947	True
GCA_980298765.1	MF6_006318	True
GCF_000009485.1	MF6_001079	False
GCF_000009485.1	MF6_002734	True
GCF_000009485.1	MF6_003184	False
GCF_000009485.1	MF6_003684	False
GCF_000009485.1	MF6_003684_Cterm	False
GCF_000009485.1	MF6_003686	False
GCF_000009485.1	MF6_003843	True
GCF_000009485.1	MF6_004284	False
GCF_000009485.1	MF6_004284_Cterm	False
GCF_000009485.1	MF6_004285	False
GCF_000009485.1	MF6_004947	True
GCF_000009485.1	MF6_006318	True
GCF_000010545.1	MF6_001079	False
GCF_000010545.1	MF6_002734	True
GCF_000010545.1	MF6_003184	False
GCF_000010545.1	MF6_003684	False
GCF_000010545.1	MF6_003684_Cterm	False
GCF_000010545.1	MF6_003686	False
GCF_000010545.1	MF6_003843	False
GCF_000010545.1	MF6_004284	False
GCF_000010545.1	MF6_004284_Cterm	False
GCF_000010545.1	MF6_004285	False
GCF_000010545.1	MF6_004947	False
GCF_000010545.1	MF6_006318	True
GCF_000011545.1	MF6_001079	False
GCF_000011545.1	MF6_002734	True
GCF_000011545.1	MF6_003184	False
GCF_000011545.1	MF6_003684	False
GCF_000011545.1	MF6_003684_Cterm	False
GCF_000011545.1	MF6_003686	False
GCF_000011545.1	MF6_003843	True
GCF_000011545.1	MF6_004284	False
GCF_000011545.1	MF6_004284_Cterm	False
GCF_000011545.1	MF6_004285	False
GCF_000011545.1	MF6_004947	True
GCF_000011545.1	MF6_006318	True
GCF_000011705.1	MF6_001079	False
GCF_000011705.1	MF6_002734	True
GCF_000011705.1	MF6_003184	False
GCF_000011705.1	MF6_003684	False
GCF_000011705.1	MF6_003684_Cterm	False
GCF_000011705.1	MF6_003686	False
GCF_000011705.1	MF6_003843	True
GCF_000011705.1	MF6_004284	False
GCF_000011705.1	MF6_004284_Cterm	False
GCF_000011705.1	MF6_004285	False
GCF_000011705.1	MF6_004947	True
GCF_000011705.1	MF6_006318	True
GCF_000012365.1	MF6_001079	False
GCF_000012365.1	MF6_002734	True
GCF_000012365.1	MF6_003184	False
GCF_000012365.1	MF6_003684	False
GCF_000012365.1	MF6_003684_Cterm	False
GCF_000012365.1	MF6_003686	False
GCF_000012365.1	MF6_003843	True
GCF_000012365.1	MF6_004284	False
GCF_000012365.1	MF6_004284_Cterm	False
GCF_000012365.1	MF6_004285	False
GCF_000012365.1	MF6_004947	True
GCF_000012365.1	MF6_006318	True
GCF_000012785.1	MF6_001079	False
GCF_000012785.1	MF6_002734	True
GCF_000012785.1	MF6_003184	False
GCF_000012785.1	MF6_003684	False
GCF_000012785.1	MF6_003684_Cterm	False
GCF_000012785.1	MF6_003686	False
GCF_000012785.1	MF6_003843	True
GCF_000012785.1	MF6_004284	False
GCF_000012785.1	MF6_004284_Cterm	False
GCF_000012785.1	MF6_004285	False
GCF_000012785.1	MF6_004947	True
GCF_000012785.1	MF6_006318	True
GCF_000012945.1	MF6_001079	False
GCF_000012945.1	MF6_002734	True
GCF_000012945.1	MF6_003184	False
GCF_000012945.1	MF6_003684	False
GCF_000012945.1	MF6_003684_Cterm	False
GCF_000012945.1	MF6_003686	False
GCF_000012945.1	MF6_003843	True
GCF_000012945.1	MF6_004284	False
GCF_000012945.1	MF6_004284_Cterm	False
GCF_000012945.1	MF6_004285	False
GCF_000012945.1	MF6_004947	True
GCF_000012945.1	MF6_006318	True
GCF_000013645.1	MF6_001079	False
GCF_000013645.1	MF6_002734	False
GCF_000013645.1	MF6_003184	False
GCF_000013645.1	MF6_003684	False
GCF_000013645.1	MF6_003684_Cterm	False
GCF_000013645.1	MF6_003686	False
GCF_000013645.1	MF6_003843	False
GCF_000013645.1	MF6_004284	False
GCF_000013645.1	MF6_004284_Cterm	False
GCF_000013645.1	MF6_004285	False
GCF_000013645.1	MF6_004947	False
GCF_000013645.1	MF6_006318	False
GCF_000015465.1	MF6_001079	False
GCF_000015465.1	MF6_002734	True
GCF_000015465.1	MF6_003184	False
GCF_000015465.1	MF6_003684	False
GCF_000015465.1	MF6_003684_Cterm	False
GCF_000015465.1	MF6_003686	False
GCF_000015465.1	MF6_003843	False
GCF_000015465.1	MF6_004284	False
GCF_000015465.1	MF6_004284_Cterm	False
GCF_000015465.1	MF6_004285	False
GCF_000015465.1	MF6_004947	True
GCF_000015465.1	MF6_006318	True
GCF_000015605.1	MF6_001079	False
GCF_000015605.1	MF6_002734	True
GCF_000015605.1	MF6_003184	False
GCF_000015605.1	MF6_003684	False
GCF_000015605.1	MF6_003684_Cterm	False
GCF_000015605.1	MF6_003686	False
GCF_000015605.1	MF6_003843	True
GCF_000015605.1	MF6_004284	False
GCF_000015605.1	MF6_004284_Cterm	False
GCF_000015605.1	MF6_004285	False
GCF_000015605.1	MF6_004947	True
GCF_000015605.1	MF6_006318	True
GCF_000015625.1	MF6_001079	False
GCF_000015625.1	MF6_002734	True
GCF_000015625.1	MF6_003184	False
GCF_000015625.1	MF6_003684	False
GCF_000015625.1	MF6_003684_Cterm	False
GCF_000015625.1	MF6_003686	False
GCF_000015625.1	MF6_003843	True
GCF_000015625.1	MF6_004284	False
GCF_000015625.1	MF6_004284_Cterm	False
GCF_000015625.1	MF6_004285	False
GCF_000015625.1	MF6_004947	True
GCF_000015625.1	MF6_006318	True
GCF_000015905.1	MF6_001079	False
GCF_000015905.1	MF6_002734	True
GCF_000015905.1	MF6_003184	False
GCF_000015905.1	MF6_003684	False
GCF_000015905.1	MF6_003684_Cterm	False
GCF_000015905.1	MF6_003686	False
GCF_000015905.1	MF6_003843	True
GCF_000015905.1	MF6_004284	False
GCF_000015905.1	MF6_004284_Cterm	False
GCF_000015905.1	MF6_004285	False
GCF_000015905.1	MF6_004947	True
GCF_000015905.1	MF6_006318	True
GCF_000015925.1	MF6_001079	False
GCF_000015925.1	MF6_002734	True
GCF_000015925.1	MF6_003184	False
GCF_000015925.1	MF6_003684	False
GCF_000015925.1	MF6_003684_Cterm	False
GCF_000015925.1	MF6_003686	False
GCF_000015925.1	MF6_003843	True
GCF_000015925.1	MF6_004284	False
GCF_000015925.1	MF6_004284_Cterm	False
GCF_000015925.1	MF6_004285	False
GCF_000015925.1	MF6_004947	True
GCF_000015925.1	MF6_006318	True
GCF_000016205.1	MF6_001079	False
GCF_000016205.1	MF6_002734	True
GCF_000016205.1	MF6_003184	True
GCF_000016205.1	MF6_003684	False
GCF_000016205.1	MF6_003684_Cterm	False
GCF_000016205.1	MF6_003686	False
GCF_000016205.1	MF6_003843	False
GCF_000016205.1	MF6_004284	False
GCF_000016205.1	MF6_004284_Cterm	False
GCF_000016205.1	MF6_004285	False
GCF_000016205.1	MF6_004947	False
GCF_000016205.1	MF6_006318	True
GCF_000018505.1	MF6_001079	False
GCF_000018505.1	MF6_002734	True
GCF_000018505.1	MF6_003184	False
GCF_000018505.1	MF6_003684	False
GCF_000018505.1	MF6_003684_Cterm	False
GCF_000018505.1	MF6_003686	False
GCF_000018505.1	MF6_003843	False
GCF_000018505.1	MF6_004284	False
GCF_000018505.1	MF6_004284_Cterm	False
GCF_000018505.1	MF6_004285	False
GCF_000018505.1	MF6_004947	False
GCF_000018505.1	MF6_006318	True
GCF_000019505.1	MF6_001079	False
GCF_000019505.1	MF6_002734	True
GCF_000019505.1	MF6_003184	False
GCF_000019505.1	MF6_003684	False
GCF_000019505.1	MF6_003684_Cterm	False
GCF_000019505.1	MF6_003686	False
GCF_000019505.1	MF6_003843	True
GCF_000019505.1	MF6_004284	False
GCF_000019505.1	MF6_004284_Cterm	False
GCF_000019505.1	MF6_004285	False
GCF_000019505.1	MF6_004947	True
GCF_000019505.1	MF6_006318	True
GCF_000019925.1	MF6_001079	False
GCF_000019925.1	MF6_002734	True
GCF_000019925.1	MF6_003184	False
GCF_000019925.1	MF6_003684	False
GCF_000019925.1	MF6_003684_Cterm	False
GCF_000019925.1	MF6_003686	False
GCF_000019925.1	MF6_003843	True
GCF_000019925.1	MF6_004284	False
GCF_000019925.1	MF6_004284_Cterm	False
GCF_000019925.1	MF6_004285	False
GCF_000019925.1	MF6_004947	True
GCF_000019925.1	MF6_006318	True
GCF_000020045.1	MF6_001079	False
GCF_000020045.1	MF6_002734	False
GCF_000020045.1	MF6_003184	False
GCF_000020045.1	MF6_003684	False
GCF_000020045.1	MF6_003684_Cterm	False
GCF_000020045.1	MF6_003686	False
GCF_000020045.1	MF6_003843	False
GCF_000020045.1	MF6_004284	False
GCF_000020045.1	MF6_004284_Cterm	False
GCF_000020045.1	MF6_004285	False
GCF_000020045.1	MF6_004947	False
GCF_000020045.1	MF6_006318	False
GCF_000020125.1	MF6_001079	False
GCF_000020125.1	MF6_002734	False
GCF_000020125.1	MF6_003184	False
GCF_000020125.1	MF6_003684	False
GCF_000020125.1	MF6_003684_Cterm	False
GCF_000020125.1	MF6_003686	False
GCF_000020125.1	MF6_003843	False
GCF_000020125.1	MF6_004284	False
GCF_000020125.1	MF6_004284_Cterm	False
GCF_000020125.1	MF6_004285	False
GCF_000020125.1	MF6_004947	False
GCF_000020125.1	MF6_006318	False
GCF_000022645.2	MF6_001079	False
GCF_000022645.2	MF6_002734	True
GCF_000022645.2	MF6_003184	False
GCF_000022645.2	MF6_003684	False
GCF_000022645.2	MF6_003684_Cterm	False
GCF_000022645.2	MF6_003686	False
GCF_000022645.2	MF6_003843	False
GCF_000022645.2	MF6_004284	False
GCF_000022645.2	MF6_004284_Cterm	False
GCF_000022645.2	MF6_004285	False
GCF_000022645.2	MF6_004947	False
GCF_000022645.2	MF6_006318	True
GCF_000092885.1	MF6_001079	False
GCF_000092885.1	MF6_002734	False
GCF_000092885.1	MF6_003184	False
GCF_000092885.1	MF6_003684	False
GCF_000092885.1	MF6_003684_Cterm	False
GCF_000092885.1	MF6_003686	False
GCF_000092885.1	MF6_003843	False
GCF_000092885.1	MF6_004284	False
GCF_000092885.1	MF6_004284_Cterm	False
GCF_000092885.1	MF6_004285	False
GCF_000092885.1	MF6_004947	False
GCF_000092885.1	MF6_006318	False
GCF_000182585.2	MF6_001079	False
GCF_000182585.2	MF6_002734	True
GCF_000182585.2	MF6_003184	False
GCF_000182585.2	MF6_003684_Cterm	False
GCF_000182585.2	MF6_003686	False
GCF_000182585.2	MF6_003843	True
GCF_000182585.2	MF6_004284_Cterm	False
GCF_000182585.2	MF6_004285	False
GCF_000182585.2	MF6_004947	True
GCF_000182585.2	MF6_006318	True
GCF_000193475.1	MF6_001079	False
GCF_000193475.1	MF6_002734	True
GCF_000193475.1	MF6_003184	False
GCF_000193475.1	MF6_003684_Cterm	False
GCF_000193475.1	MF6_003686	False
GCF_000193475.1	MF6_003843	True
GCF_000193475.1	MF6_004284_Cterm	False
GCF_000193475.1	MF6_004285	False
GCF_000193475.1	MF6_004947	True
GCF_000193475.1	MF6_006318	True
GCF_000194745.1	MF6_001079	False
GCF_000194745.1	MF6_002734	True
GCF_000194745.1	MF6_003184	True
GCF_000194745.1	MF6_003684	False
GCF_000194745.1	MF6_003684_Cterm	False
GCF_000194745.1	MF6_003686	False
GCF_000194745.1	MF6_003843	False
GCF_000194745.1	MF6_004284	False
GCF_000194745.1	MF6_004284_Cterm	False
GCF_000194745.1	MF6_004285	False
GCF_000194745.1	MF6_004947	True
GCF_000194745.1	MF6_006318	True
GCF_000198775.1	MF6_001079	False
GCF_000198775.1	MF6_002734	False
GCF_000198775.1	MF6_003184	False
GCF_000198775.1	MF6_003684	False
GCF_000198775.1	MF6_003684_Cterm	False
GCF_000198775.1	MF6_003686	False
GCF_000198775.1	MF6_003843	False
GCF_000198775.1	MF6_004284	False
GCF_000198775.1	MF6_004284_Cterm	False
GCF_000198775.1	MF6_004285	False
GCF_000198775.1	MF6_004947	False
GCF_000198775.1	MF6_006318	False
GCF_000203915.1	MF6_001079	False
GCF_000203915.1	MF6_002734	True
GCF_000203915.1	MF6_003184	False
GCF_000203915.1	MF6_003684	False
GCF_000203915.1	MF6_003684_Cterm	False
GCF_000203915.1	MF6_003686	False
GCF_000203915.1	MF6_003843	True
GCF_000203915.1	MF6_004284	False
GCF_000203915.1	MF6_004284_Cterm	False
GCF_000203915.1	MF6_004285	False
GCF_000203915.1	MF6_004947	True
GCF_000203915.1	MF6_006318	True
GCF_000203955.1	MF6_001079	False
GCF_000203955.1	MF6_002734	True
GCF_000203955.1	MF6_003184	False
GCF_000203955.1	MF6_003684	False
GCF_000203955.1	MF6_003684_Cterm	False
GCF_000203955.1	MF6_003686	False
GCF_000203955.1	MF6_003843	True
GCF_000203955.1	MF6_004284	False
GCF_000203955.1	MF6_004284_Cterm	False
GCF_000203955.1	MF6_004285	False
GCF_000203955.1	MF6_004947	True
GCF_000203955.1	MF6_006318	True
GCF_000236065.1	MF6_001079	False
GCF_000236065.1	MF6_002734	False
GCF_000236065.1	MF6_003184	False
GCF_000236065.1	MF6_003684	False
GCF_000236065.1	MF6_003684_Cterm	False
GCF_000236065.1	MF6_003686	False
GCF_000236065.1	MF6_003843	False
GCF_000236065.1	MF6_004284	False
GCF_000236065.1	MF6_004284_Cterm	False
GCF_000236065.1	MF6_004285	False
GCF_000236065.1	MF6_004947	False
GCF_000236065.1	MF6_006318	False
GCF_000236215.2	MF6_001079	False
GCF_000236215.2	MF6_002734	True
GCF_000236215.2	MF6_003184	False
GCF_000236215.2	MF6_003684	False
GCF_000236215.2	MF6_003684_Cterm	False
GCF_000236215.2	MF6_003686	False
GCF_000236215.2	MF6_003843	True
GCF_000236215.2	MF6_004284	False
GCF_000236215.2	MF6_004284_Cterm	False
GCF_000236215.2	MF6_004285	False
GCF_000236215.2	MF6_004947	True
GCF_000236215.2	MF6_006318	True
GCF_000260515.1	MF6_001079	False
GCF_000260515.1	MF6_002734	True
GCF_000260515.1	MF6_003184	False
GCF_000260515.1	MF6_003684	False
GCF_000260515.1	MF6_003684_Cterm	False
GCF_000260515.1	MF6_003686	False
GCF_000260515.1	MF6_003843	True
GCF_000260515.1	MF6_004284	False
GCF_000260515.1	MF6_004284_Cterm	False
GCF_000260515.1	MF6_004285	False
GCF_000260515.1	MF6_004947	True
GCF_000260515.1	MF6_006318	True
GCF_000262695.1	MF6_001079	False
GCF_000262695.1	MF6_002734	True
GCF_000262695.1	MF6_003184	False
GCF_000262695.1	MF6_003684	False
GCF_000262695.1	MF6_003684_Cterm	False
GCF_000262695.1	MF6_003686	False
GCF_000262695.1	MF6_003843	False
GCF_000262695.1	MF6_004284	False
GCF_000262695.1	MF6_004284_Cterm	False
GCF_000262695.1	MF6_004285	False
GCF_000262695.1	MF6_004947	False
GCF_000262695.1	MF6_006318	True
GCF_000292915.1	MF6_001079	False
GCF_000292915.1	MF6_002734	True
GCF_000292915.1	MF6_003184	False
GCF_000292915.1	MF6_003684	False
GCF_000292915.1	MF6_003684_Cterm	False
GCF_000292915.1	MF6_003686	False
GCF_000292915.1	MF6_003843	False
GCF_000292915.1	MF6_004284	False
GCF_000292915.1	MF6_004284_Cterm	False
GCF_000292915.1	MF6_004285	False
GCF_000292915.1	MF6_004947	False
GCF_000292915.1	MF6_006318	True
GCF_000294635.1	MF6_001079	False
GCF_000294635.1	MF6_002734	True
GCF_000294635.1	MF6_003184	False
GCF_000294635.1	MF6_003684	False
GCF_000294635.1	MF6_003684_Cterm	False
GCF_000294635.1	MF6_003686	False
GCF_000294635.1	MF6_003843	True
GCF_000294635.1	MF6_004284	False
GCF_000294635.1	MF6_004284_Cterm	False
GCF_000294635.1	MF6_004285	False
GCF_000294635.1	MF6_004947	True
GCF_000294635.1	MF6_006318	True
GCF_000300095.1	MF6_001079	False
GCF_000300095.1	MF6_002734	False
GCF_000300095.1	MF6_003184	False
GCF_000300095.1	MF6_003684	False
GCF_000300095.1	MF6_003684_Cterm	False
GCF_000300095.1	MF6_003686	False
GCF_000300095.1	MF6_003843	False
GCF_000300095.1	MF6_004284	False
GCF_000300095.1	MF6_004284_Cterm	False
GCF_000300095.1	MF6_004285	False
GCF_000300095.1	MF6_004947	False
GCF_000300095.1	MF6_006318	False
GCF_000385525.1	MF6_001079	False
GCF_000385525.1	MF6_002734	True
GCF_000385525.1	MF6_003184	False
GCF_000385525.1	MF6_003684	False
GCF_000385525.1	MF6_003684_Cterm	False
GCF_000385525.1	MF6_003686	False
GCF_000385525.1	MF6_003843	True
GCF_000385525.1	MF6_004284	False
GCF_000385525.1	MF6_004284_Cterm	False
GCF_000385525.1	MF6_004285	False
GCF_000385525.1	MF6_004947	True
GCF_000385525.1	MF6_006318	True
GCF_000402035.1	MF6_001079	False
GCF_000402035.1	MF6_002734	False
GCF_000402035.1	MF6_003184	False
GCF_000402035.1	MF6_003684	False
GCF_000402035.1	MF6_003684_Cterm	False
GCF_000402035.1	MF6_003686	False
GCF_000402035.1	MF6_003843	False
GCF_000402035.1	MF6_004284	False
GCF_000402035.1	MF6_004284_Cterm	False
GCF_000402035.1	MF6_004285	False
GCF_000402035.1	MF6_004947	False
GCF_000402035.1	MF6_006318	True
GCF_000439695.1	MF6_001079	False
GCF_000439695.1	MF6_002734	True
GCF_000439695.1	MF6_003184	False
GCF_000439695.1	MF6_003684	False
GCF_000439695.1	MF6_003684_Cterm	False
GCF_000439695.1	MF6_003686	False
GCF_000439695.1	MF6_003843	True
GCF_000439695.1	MF6_004284	False
GCF_000439695.1	MF6_004284_Cterm	False
GCF_000439695.1	MF6_004285	False
GCF_000439695.1	MF6_004947	True
GCF_000439695.1	MF6_006318	True
GCF_000494855.1	MF6_001079	False
GCF_000494855.1	MF6_002734	True
GCF_000494855.1	MF6_003184	False
GCF_000494855.1	MF6_003684	False
GCF_000494855.1	MF6_003684_Cterm	False
GCF_000494855.1	MF6_003686	False
GCF_000494855.1	MF6_003843	True
GCF_000494855.1	MF6_004284	False
GCF_000494855.1	MF6_004284_Cterm	False
GCF_000494855.1	MF6_004285	False
GCF_000494855.1	MF6_004947	True
GCF_000494855.1	MF6_006318	True
GCF_000497165.1	MF6_001079	False
GCF_000497165.1	MF6_002734	True
GCF_000497165.1	MF6_003184	False
GCF_000497165.1	MF6_003684_Cterm	False
GCF_000497165.1	MF6_003686	False
GCF_000497165.1	MF6_003843	False
GCF_000497165.1	MF6_004284_Cterm	False
GCF_000497165.1	MF6_004285	False
GCF_000497165.1	MF6_004947	False
GCF_000497165.1	MF6_006318	True
GCF_000511895.1	MF6_001079	False
GCF_000511895.1	MF6_002734	True
GCF_000511895.1	MF6_003184	False
GCF_000511895.1	MF6_003684	False
GCF_000511895.1	MF6_003684_Cterm	False
GCF_000511895.1	MF6_003686	False
GCF_000511895.1	MF6_003843	True
GCF_000511895.1	MF6_004284	False
GCF_000511895.1	MF6_004284_Cterm	False
GCF_000511895.1	MF6_004285	False
GCF_000511895.1	MF6_004947	True
GCF_000511895.1	MF6_006318	True
GCF_000511915.1	MF6_001079	False
GCF_000511915.1	MF6_002734	True
GCF_000511915.1	MF6_003184	False
GCF_000511915.1	MF6_003684	False
GCF_000511915.1	MF6_003684_Cterm	False
GCF_000511915.1	MF6_003686	False
GCF_000511915.1	MF6_003843	True
GCF_000511915.1	MF6_004284	False
GCF_000511915.1	MF6_004284_Cterm	False
GCF_000511915.1	MF6_004285	False
GCF_000511915.1	MF6_004947	True
GCF_000511915.1	MF6_006318	True
GCF_000520895.1	MF6_001079	False
GCF_000520895.1	MF6_002734	True
GCF_000520895.1	MF6_003184	False
GCF_000520895.1	MF6_003684	False
GCF_000520895.1	MF6_003684_Cterm	False
GCF_000520895.1	MF6_003686	False
GCF_000520895.1	MF6_003843	True
GCF_000520895.1	MF6_004284	False
GCF_000520895.1	MF6_004284_Cterm	False
GCF_000520895.1	MF6_004285	False
GCF_000520895.1	MF6_004947	True
GCF_000520895.1	MF6_006318	True
GCF_000521645.1	MF6_001079	False
GCF_000521645.1	MF6_002734	True
GCF_000521645.1	MF6_003184	False
GCF_000521645.1	MF6_003684	False
GCF_000521645.1	MF6_003684_Cterm	False
GCF_000521645.1	MF6_003686	False
GCF_000521645.1	MF6_003843	True
GCF_000521645.1	MF6_004284	False
GCF_000521645.1	MF6_004284_Cterm	False
GCF_000521645.1	MF6_004285	False
GCF_000521645.1	MF6_004947	True
GCF_000521645.1	MF6_006318	True
GCF_000522545.2	MF6_001079	False
GCF_000522545.2	MF6_002734	False
GCF_000522545.2	MF6_003184	False
GCF_000522545.2	MF6_003684	False
GCF_000522545.2	MF6_003684_Cterm	False
GCF_000522545.2	MF6_003686	False
GCF_000522545.2	MF6_003843	False
GCF_000522545.2	MF6_004284	False
GCF_000522545.2	MF6_004284_Cterm	False
GCF_000522545.2	MF6_004285	False
GCF_000522545.2	MF6_004947	False
GCF_000522545.2	MF6_006318	False
GCF_000567905.1	MF6_001079	False
GCF_000567905.1	MF6_002734	True
GCF_000567905.1	MF6_003184	False
GCF_000567905.1	MF6_003684	False
GCF_000567905.1	MF6_003684_Cterm	False
GCF_000567905.1	MF6_003686	False
GCF_000567905.1	MF6_003843	True
GCF_000567905.1	MF6_004284	False
GCF_000567905.1	MF6_004284_Cterm	False
GCF_000567905.1	MF6_004285	False
GCF_000567905.1	MF6_004947	True
GCF_000567905.1	MF6_006318	True
GCF_000567925.1	MF6_001079	False
GCF_000567925.1	MF6_002734	True
GCF_000567925.1	MF6_003184	False
GCF_000567925.1	MF6_003684	False
GCF_000567925.1	MF6_003684_Cterm	False
GCF_000567925.1	MF6_003686	False
GCF_000567925.1	MF6_003843	True
GCF_000567925.1	MF6_004284	False
GCF_000567925.1	MF6_004284_Cterm	False
GCF_000567925.1	MF6_004285	False
GCF_000567925.1	MF6_004947	True
GCF_000567925.1	MF6_006318	True
GCF_000567945.1	MF6_001079	False
GCF_000567945.1	MF6_002734	True
GCF_000567945.1	MF6_003184	False
GCF_000567945.1	MF6_003684	False
GCF_000567945.1	MF6_003684_Cterm	False
GCF_000567945.1	MF6_003686	False
GCF_000567945.1	MF6_003843	True
GCF_000567945.1	MF6_004284	False
GCF_000567945.1	MF6_004284_Cterm	False
GCF_000567945.1	MF6_004285	False
GCF_000567945.1	MF6_004947	True
GCF_000567945.1	MF6_006318	True
GCF_000583835.1	MF6_001079	False
GCF_000583835.1	MF6_002734	True
GCF_000583835.1	MF6_003184	False
GCF_000583835.1	MF6_003684	False
GCF_000583835.1	MF6_003684_Cterm	False
GCF_000583835.1	MF6_003686	False
GCF_000583835.1	MF6_003843	True
GCF_000583835.1	MF6_004284	False
GCF_000583835.1	MF6_004284_Cterm	False
GCF_000583835.1	MF6_004285	False
GCF_000583835.1	MF6_004947	True
GCF_000583835.1	MF6_006318	True
GCF_000701165.1	MF6_001079	False
GCF_000701165.1	MF6_002734	True
GCF_000701165.1	MF6_003184	False
GCF_000701165.1	MF6_003684	False
GCF_000701165.1	MF6_003684_Cterm	False
GCF_000701165.1	MF6_003686	False
GCF_000701165.1	MF6_003843	True
GCF_000701165.1	MF6_004284	False
GCF_000701165.1	MF6_004284_Cterm	False
GCF_000701165.1	MF6_004285	False
GCF_000701165.1	MF6_004947	True
GCF_000701165.1	MF6_006318	True
GCF_000705535.2	MF6_001079	False
GCF_000705535.2	MF6_002734	True
GCF_000705535.2	MF6_003184	False
GCF_000705535.2	MF6_003684	False
GCF_000705535.2	MF6_003684_Cterm	False
GCF_000705535.2	MF6_003686	False
GCF_000705535.2	MF6_003843	True
GCF_000705535.2	MF6_004284	False
GCF_000705535.2	MF6_004284_Cterm	False
GCF_000705535.2	MF6_004285	False
GCF_000705535.2	MF6_004947	True
GCF_000705535.2	MF6_006318	True
GCF_000706745.1	MF6_001079	False
GCF_000706745.1	MF6_002734	True
GCF_000706745.1	MF6_003184	False
GCF_000706745.1	MF6_003684	False
GCF_000706745.1	MF6_003684_Cterm	False
GCF_000706745.1	MF6_003686	False
GCF_000706745.1	MF6_003843	True
GCF_000706745.1	MF6_004284	False
GCF_000706745.1	MF6_004284_Cterm	False
GCF_000706745.1	MF6_004285	False
GCF_000706745.1	MF6_004947	True
GCF_000706745.1	MF6_006318	True
GCF_000755725.1	MF6_001079	False
GCF_000755725.1	MF6_002734	True
GCF_000755725.1	MF6_003184	False
GCF_000755725.1	MF6_003684	False
GCF_000755725.1	MF6_003684_Cterm	False
GCF_000755725.1	MF6_003686	False
GCF_000755725.1	MF6_003843	False
GCF_000755725.1	MF6_004284	False
GCF_000755725.1	MF6_004284_Cterm	False
GCF_000755725.1	MF6_004285	False
GCF_000755725.1	MF6_004947	False
GCF_000755725.1	MF6_006318	True
GCF_000755765.1	MF6_001079	False
GCF_000755765.1	MF6_002734	True
GCF_000755765.1	MF6_003184	False
GCF_000755765.1	MF6_003684	False
GCF_000755765.1	MF6_003684_Cterm	False
GCF_000755765.1	MF6_003686	False
GCF_000755765.1	MF6_003843	True
GCF_000755765.1	MF6_004284	False
GCF_000755765.1	MF6_004284_Cterm	False
GCF_000755765.1	MF6_004285	False
GCF_000755765.1	MF6_004947	True
GCF_000755765.1	MF6_006318	True
GCF_000755785.1	MF6_001079	False
GCF_000755785.1	MF6_002734	True
GCF_000755785.1	MF6_003184	False
GCF_000755785.1	MF6_003684	False
GCF_000755785.1	MF6_003684_Cterm	False
GCF_000755785.1	MF6_003686	False
GCF_000755785.1	MF6_003843	True
GCF_000755785.1	MF6_004284	False
GCF_000755785.1	MF6_004284_Cterm	False
GCF_000755785.1	MF6_004285	False
GCF_000755785.1	MF6_004947	True
GCF_000755785.1	MF6_006318	True
GCF_000755805.1	MF6_001079	False
GCF_000755805.1	MF6_002734	True
GCF_000755805.1	MF6_003184	False
GCF_000755805.1	MF6_003684	False
GCF_000755805.1	MF6_003684_Cterm	False
GCF_000755805.1	MF6_003686	False
GCF_000755805.1	MF6_003843	True
GCF_000755805.1	MF6_004284	False
GCF_000755805.1	MF6_004284_Cterm	False
GCF_000755805.1	MF6_004285	False
GCF_000755805.1	MF6_004947	True
GCF_000755805.1	MF6_006318	True
GCF_000755825.1	MF6_001079	False
GCF_000755825.1	MF6_002734	True
GCF_000755825.1	MF6_003184	False
GCF_000755825.1	MF6_003684	False
GCF_000755825.1	MF6_003684_Cterm	False
GCF_000755825.1	MF6_003686	False
GCF_000755825.1	MF6_003843	True
GCF_000755825.1	MF6_004284	False
GCF_000755825.1	MF6_004284_Cterm	False
GCF_000755825.1	MF6_004285	False
GCF_000755825.1	MF6_004947	True
GCF_000755825.1	MF6_006318	True
GCF_000755845.1	MF6_001079	False
GCF_000755845.1	MF6_002734	True
GCF_000755845.1	MF6_003184	False
GCF_000755845.1	MF6_003684	False
GCF_000755845.1	MF6_003684_Cterm	False
GCF_000755845.1	MF6_003686	False
GCF_000755845.1	MF6_003843	True
GCF_000755845.1	MF6_004284	False
GCF_000755845.1	MF6_004284_Cterm	False
GCF_000755845.1	MF6_004285	False
GCF_000755845.1	MF6_004947	True
GCF_000755845.1	MF6_006318	True
GCF_000755865.1	MF6_001079	False
GCF_000755865.1	MF6_002734	True
GCF_000755865.1	MF6_003184	False
GCF_000755865.1	MF6_003684	False
GCF_000755865.1	MF6_003684_Cterm	False
GCF_000755865.1	MF6_003686	False
GCF_000755865.1	MF6_003843	True
GCF_000755865.1	MF6_004284	False
GCF_000755865.1	MF6_004284_Cterm	False
GCF_000755865.1	MF6_004285	False
GCF_000755865.1	MF6_004947	True
GCF_000755865.1	MF6_006318	True
GCF_000755885.1	MF6_001079	False
GCF_000755885.1	MF6_002734	True
GCF_000755885.1	MF6_003184	False
GCF_000755885.1	MF6_003684	False
GCF_000755885.1	MF6_003684_Cterm	False
GCF_000755885.1	MF6_003686	False
GCF_000755885.1	MF6_003843	True
GCF_000755885.1	MF6_004284	False
GCF_000755885.1	MF6_004284_Cterm	False
GCF_000755885.1	MF6_004285	False
GCF_000755885.1	MF6_004947	True
GCF_000755885.1	MF6_006318	True
GCF_000755905.1	MF6_001079	False
GCF_000755905.1	MF6_002734	True
GCF_000755905.1	MF6_003184	False
GCF_000755905.1	MF6_003684	False
GCF_000755905.1	MF6_003684_Cterm	False
GCF_000755905.1	MF6_003686	False
GCF_000755905.1	MF6_003843	True
GCF_000755905.1	MF6_004284	False
GCF_000755905.1	MF6_004284_Cterm	False
GCF_000755905.1	MF6_004285	False
GCF_000755905.1	MF6_004947	True
GCF_000755905.1	MF6_006318	True
GCF_000755925.1	MF6_001079	False
GCF_000755925.1	MF6_002734	True
GCF_000755925.1	MF6_003184	False
GCF_000755925.1	MF6_003684	False
GCF_000755925.1	MF6_003684_Cterm	False
GCF_000755925.1	MF6_003686	False
GCF_000755925.1	MF6_003843	True
GCF_000755925.1	MF6_004284	False
GCF_000755925.1	MF6_004284_Cterm	False
GCF_000755925.1	MF6_004285	False
GCF_000755925.1	MF6_004947	True
GCF_000755925.1	MF6_006318	True
GCF_000755945.1	MF6_001079	False
GCF_000755945.1	MF6_002734	True
GCF_000755945.1	MF6_003184	False
GCF_000755945.1	MF6_003684	False
GCF_000755945.1	MF6_003684_Cterm	False
GCF_000755945.1	MF6_003686	False
GCF_000755945.1	MF6_003843	True
GCF_000755945.1	MF6_004284	False
GCF_000755945.1	MF6_004284_Cterm	False
GCF_000755945.1	MF6_004285	False
GCF_000755945.1	MF6_004947	True
GCF_000755945.1	MF6_006318	True
GCF_000755965.1	MF6_001079	False
GCF_000755965.1	MF6_002734	True
GCF_000755965.1	MF6_003184	False
GCF_000755965.1	MF6_003684	False
GCF_000755965.1	MF6_003684_Cterm	False
GCF_000755965.1	MF6_003686	False
GCF_000755965.1	MF6_003843	True
GCF_000755965.1	MF6_004284	False
GCF_000755965.1	MF6_004284_Cterm	False
GCF_000755965.1	MF6_004285	False
GCF_000755965.1	MF6_004947	True
GCF_000755965.1	MF6_006318	True
GCF_000755985.1	MF6_001079	False
GCF_000755985.1	MF6_002734	True
GCF_000755985.1	MF6_003184	False
GCF_000755985.1	MF6_003684	False
GCF_000755985.1	MF6_003684_Cterm	False
GCF_000755985.1	MF6_003686	False
GCF_000755985.1	MF6_003843	True
GCF_000755985.1	MF6_004284	False
GCF_000755985.1	MF6_004284_Cterm	False
GCF_000755985.1	MF6_004285	False
GCF_000755985.1	MF6_004947	True
GCF_000755985.1	MF6_006318	True
GCF_000756005.1	MF6_001079	False
GCF_000756005.1	MF6_002734	True
GCF_000756005.1	MF6_003184	False
GCF_000756005.1	MF6_003684	False
GCF_000756005.1	MF6_003684_Cterm	False
GCF_000756005.1	MF6_003686	False
GCF_000756005.1	MF6_003843	False
GCF_000756005.1	MF6_004284	False
GCF_000756005.1	MF6_004284_Cterm	False
GCF_000756005.1	MF6_004285	False
GCF_000756005.1	MF6_004947	False
GCF_000756005.1	MF6_006318	True
GCF_000756025.1	MF6_001079	False
GCF_000756025.1	MF6_002734	True
GCF_000756025.1	MF6_003184	False
GCF_000756025.1	MF6_003684	False
GCF_000756025.1	MF6_003684_Cterm	False
GCF_000756025.1	MF6_003686	False
GCF_000756025.1	MF6_003843	True
GCF_000756025.1	MF6_004284	False
GCF_000756025.1	MF6_004284_Cterm	False
GCF_000756025.1	MF6_004285	False
GCF_000756025.1	MF6_004947	True
GCF_000756025.1	MF6_006318	True
GCF_000756045.1	MF6_001079	False
GCF_000756045.1	MF6_002734	False
GCF_000756045.1	MF6_003184	False
GCF_000756045.1	MF6_003684	False
GCF_000756045.1	MF6_003684_Cterm	False
GCF_000756045.1	MF6_003686	False
GCF_000756045.1	MF6_003843	False
GCF_000756045.1	MF6_004284	False
GCF_000756045.1	MF6_004284_Cterm	False
GCF_000756045.1	MF6_004285	False
GCF_000756045.1	MF6_004947	False
GCF_000756045.1	MF6_006318	False
GCF_000756065.1	MF6_001079	False
GCF_000756065.1	MF6_002734	True
GCF_000756065.1	MF6_003184	False
GCF_000756065.1	MF6_003684	False
GCF_000756065.1	MF6_003684_Cterm	False
GCF_000756065.1	MF6_003686	False
GCF_000756065.1	MF6_003843	True
GCF_000756065.1	MF6_004284	False
GCF_000756065.1	MF6_004284_Cterm	False
GCF_000756065.1	MF6_004285	False
GCF_000756065.1	MF6_004947	True
GCF_000756065.1	MF6_006318	True
GCF_000756085.1	MF6_001079	False
GCF_000756085.1	MF6_002734	True
GCF_000756085.1	MF6_003184	False
GCF_000756085.1	MF6_003684	False
GCF_000756085.1	MF6_003684_Cterm	False
GCF_000756085.1	MF6_003686	False
GCF_000756085.1	MF6_003843	True
GCF_000756085.1	MF6_004284	False
GCF_000756085.1	MF6_004284_Cterm	False
GCF_000756085.1	MF6_004285	False
GCF_000756085.1	MF6_004947	True
GCF_000756085.1	MF6_006318	True
GCF_000756125.1	MF6_001079	False
GCF_000756125.1	MF6_002734	True
GCF_000756125.1	MF6_003184	False
GCF_000756125.1	MF6_003684	False
GCF_000756125.1	MF6_003684_Cterm	False
GCF_000756125.1	MF6_003686	False
GCF_000756125.1	MF6_003843	True
GCF_000756125.1	MF6_004284	False
GCF_000756125.1	MF6_004284_Cterm	False
GCF_000756125.1	MF6_004285	False
GCF_000756125.1	MF6_004947	True
GCF_000756125.1	MF6_006318	True
GCF_000756145.1	MF6_001079	False
GCF_000756145.1	MF6_002734	True
GCF_000756145.1	MF6_003184	False
GCF_000756145.1	MF6_003684	False
GCF_000756145.1	MF6_003684_Cterm	False
GCF_000756145.1	MF6_003686	False
GCF_000756145.1	MF6_003843	True
GCF_000756145.1	MF6_004284	False
GCF_000756145.1	MF6_004284_Cterm	False
GCF_000756145.1	MF6_004285	False
GCF_000756145.1	MF6_004947	True
GCF_000756145.1	MF6_006318	True
GCF_000756165.1	MF6_001079	False
GCF_000756165.1	MF6_002734	True
GCF_000756165.1	MF6_003184	False
GCF_000756165.1	MF6_003684	False
GCF_000756165.1	MF6_003684_Cterm	False
GCF_000756165.1	MF6_003686	False
GCF_000756165.1	MF6_003843	True
GCF_000756165.1	MF6_004284	False
GCF_000756165.1	MF6_004284_Cterm	False
GCF_000756165.1	MF6_004285	False
GCF_000756165.1	MF6_004947	True
GCF_000756165.1	MF6_006318	True
GCF_000756185.1	MF6_001079	False
GCF_000756185.1	MF6_002734	True
GCF_000756185.1	MF6_003184	False
GCF_000756185.1	MF6_003684	False
GCF_000756185.1	MF6_003684_Cterm	False
GCF_000756185.1	MF6_003686	False
GCF_000756185.1	MF6_003843	True
GCF_000756185.1	MF6_004284	False
GCF_000756185.1	MF6_004284_Cterm	False
GCF_000756185.1	MF6_004285	False
GCF_000756185.1	MF6_004947	True
GCF_000756185.1	MF6_006318	True
GCF_000757015.2	MF6_001079	False
GCF_000757015.2	MF6_002734	True
GCF_000757015.2	MF6_003184	False
GCF_000757015.2	MF6_003684	False
GCF_000757015.2	MF6_003684_Cterm	False
GCF_000757015.2	MF6_003686	False
GCF_000757015.2	MF6_003843	True
GCF_000757015.2	MF6_004284	False
GCF_000757015.2	MF6_004284_Cterm	False
GCF_000757015.2	MF6_004285	False
GCF_000757015.2	MF6_004947	True
GCF_000757015.2	MF6_006318	True
GCF_000757035.2	MF6_001079	False
GCF_000757035.2	MF6_002734	True
GCF_000757035.2	MF6_003184	False
GCF_000757035.2	MF6_003684	False
GCF_000757035.2	MF6_003684_Cterm	False
GCF_000757035.2	MF6_003686	False
GCF_000757035.2	MF6_003843	True
GCF_000757035.2	MF6_004284	False
GCF_000757035.2	MF6_004284_Cterm	False
GCF_000757035.2	MF6_004285	False
GCF_000757035.2	MF6_004947	True
GCF_000757035.2	MF6_006318	True
GCF_000762285.1	MF6_001079	False
GCF_000762285.1	MF6_002734	True
GCF_000762285.1	MF6_003184	False
GCF_000762285.1	MF6_003684	False
GCF_000762285.1	MF6_003684_Cterm	False
GCF_000762285.1	MF6_003686	False
GCF_000762285.1	MF6_003843	True
GCF_000762285.1	MF6_004284	False
GCF_000762285.1	MF6_004284_Cterm	False
GCF_000762285.1	MF6_004285	False
GCF_000762285.1	MF6_004947	True
GCF_000762285.1	MF6_006318	True
GCF_000764575.1	MF6_001079	False
GCF_000764575.1	MF6_002734	True
GCF_000764575.1	MF6_003184	False
GCF_000764575.1	MF6_003684	False
GCF_000764575.1	MF6_003684_Cterm	False
GCF_000764575.1	MF6_003686	False
GCF_000764575.1	MF6_003843	True
GCF_000764575.1	MF6_004284	False
GCF_000764575.1	MF6_004284_Cterm	False
GCF_000764575.1	MF6_004285	False
GCF_000764575.1	MF6_004947	True
GCF_000764575.1	MF6_006318	True
GCF_000764595.1	MF6_001079	False
GCF_000764595.1	MF6_002734	True
GCF_000764595.1	MF6_003184	False
GCF_000764595.1	MF6_003684	False
GCF_000764595.1	MF6_003684_Cterm	False
GCF_000764595.1	MF6_003686	False
GCF_000764595.1	MF6_003843	True
GCF_000764595.1	MF6_004284	False
GCF_000764595.1	MF6_004284_Cterm	False
GCF_000764595.1	MF6_004285	False
GCF_000764595.1	MF6_004947	True
GCF_000764595.1	MF6_006318	True
GCF_000764955.1	MF6_001079	False
GCF_000764955.1	MF6_002734	True
GCF_000764955.1	MF6_003184	False
GCF_000764955.1	MF6_003684	False
GCF_000764955.1	MF6_003684_Cterm	False
GCF_000764955.1	MF6_003686	False
GCF_000764955.1	MF6_003843	False
GCF_000764955.1	MF6_004284	False
GCF_000764955.1	MF6_004284_Cterm	False
GCF_000764955.1	MF6_004285	False
GCF_000764955.1	MF6_004947	True
GCF_000764955.1	MF6_006318	True
GCF_000765375.1	MF6_001079	False
GCF_000765375.1	MF6_002734	True
GCF_000765375.1	MF6_003184	False
GCF_000765375.1	MF6_003684	False
GCF_000765375.1	MF6_003684_Cterm	False
GCF_000765375.1	MF6_003686	False
GCF_000765375.1	MF6_003843	True
GCF_000765375.1	MF6_004284	False
GCF_000765375.1	MF6_004284_Cterm	False
GCF_000765375.1	MF6_004285	False
GCF_000765375.1	MF6_004947	True
GCF_000765375.1	MF6_006318	True
GCF_000770395.1	MF6_001079	False
GCF_000770395.1	MF6_002734	True
GCF_000770395.1	MF6_003184	False
GCF_000770395.1	MF6_003684	False
GCF_000770395.1	MF6_003684_Cterm	False
GCF_000770395.1	MF6_003686	False
GCF_000770395.1	MF6_003843	True
GCF_000770395.1	MF6_004284	False
GCF_000770395.1	MF6_004284_Cterm	False
GCF_000770395.1	MF6_004285	False
GCF_000770395.1	MF6_004947	True
GCF_000770395.1	MF6_006318	True
GCF_000770415.1	MF6_001079	False
GCF_000770415.1	MF6_002734	True
GCF_000770415.1	MF6_003184	False
GCF_000770415.1	MF6_003684_Cterm	False
GCF_000770415.1	MF6_003686	False
GCF_000770415.1	MF6_003843	True
GCF_000770415.1	MF6_004284_Cterm	False
GCF_000770415.1	MF6_004285	False
GCF_000770415.1	MF6_004947	True
GCF_000770415.1	MF6_006318	True
GCF_000770435.1	MF6_001079	False
GCF_000770435.1	MF6_002734	True
GCF_000770435.1	MF6_003184	False
GCF_000770435.1	MF6_003684_Cterm	False
GCF_000770435.1	MF6_003686	False
GCF_000770435.1	MF6_003843	True
GCF_000770435.1	MF6_004284_Cterm	False
GCF_000770435.1	MF6_004285	False
GCF_000770435.1	MF6_004947	True
GCF_000770435.1	MF6_006318	True
GCF_000770455.1	MF6_001079	False
GCF_000770455.1	MF6_002734	True
GCF_000770455.1	MF6_003184	False
GCF_000770455.1	MF6_003684	False
GCF_000770455.1	MF6_003684_Cterm	False
GCF_000770455.1	MF6_003686	False
GCF_000770455.1	MF6_003843	True
GCF_000770455.1	MF6_004284	False
GCF_000770455.1	MF6_004284_Cterm	False
GCF_000770455.1	MF6_004285	False
GCF_000770455.1	MF6_004947	True
GCF_000770455.1	MF6_006318	True
GCF_000770475.1	MF6_001079	False
GCF_000770475.1	MF6_002734	True
GCF_000770475.1	MF6_003184	False
GCF_000770475.1	MF6_003684_Cterm	False
GCF_000770475.1	MF6_003686	False
GCF_000770475.1	MF6_003843	True
GCF_000770475.1	MF6_004284_Cterm	False
GCF_000770475.1	MF6_004285	False
GCF_000770475.1	MF6_004947	True
GCF_000770475.1	MF6_006318	True
GCF_000770495.1	MF6_001079	False
GCF_000770495.1	MF6_002734	True
GCF_000770495.1	MF6_003184	False
GCF_000770495.1	MF6_003684	False
GCF_000770495.1	MF6_003684_Cterm	False
GCF_000770495.1	MF6_003686	False
GCF_000770495.1	MF6_003843	True
GCF_000770495.1	MF6_004284	False
GCF_000770495.1	MF6_004284_Cterm	False
GCF_000770495.1	MF6_004285	False
GCF_000770495.1	MF6_004947	True
GCF_000770495.1	MF6_006318	True
GCF_000770515.1	MF6_001079	False
GCF_000770515.1	MF6_002734	True
GCF_000770515.1	MF6_003184	False
GCF_000770515.1	MF6_003684	False
GCF_000770515.1	MF6_003684_Cterm	False
GCF_000770515.1	MF6_003686	False
GCF_000770515.1	MF6_003843	True
GCF_000770515.1	MF6_004284	False
GCF_000770515.1	MF6_004284_Cterm	False
GCF_000770515.1	MF6_004285	False
GCF_000770515.1	MF6_004947	True
GCF_000770515.1	MF6_006318	True
GCF_000770535.1	MF6_001079	False
GCF_000770535.1	MF6_002734	True
GCF_000770535.1	MF6_003184	False
GCF_000770535.1	MF6_003684	False
GCF_000770535.1	MF6_003684_Cterm	False
GCF_000770535.1	MF6_003686	False
GCF_000770535.1	MF6_003843	True
GCF_000770535.1	MF6_004284	False
GCF_000770535.1	MF6_004284_Cterm	False
GCF_000770535.1	MF6_004285	False
GCF_000770535.1	MF6_004947	True
GCF_000770535.1	MF6_006318	True
GCF_000770565.1	MF6_001079	False
GCF_000770565.1	MF6_002734	True
GCF_000770565.1	MF6_003184	False
GCF_000770565.1	MF6_003684	False
GCF_000770565.1	MF6_003684_Cterm	False
GCF_000770565.1	MF6_003686	False
GCF_000770565.1	MF6_003843	True
GCF_000770565.1	MF6_004284	False
GCF_000770565.1	MF6_004284_Cterm	False
GCF_000770565.1	MF6_004285	False
GCF_000770565.1	MF6_004947	True
GCF_000770565.1	MF6_006318	True
GCF_000775165.1	MF6_001079	False
GCF_000775165.1	MF6_002734	True
GCF_000775165.1	MF6_003184	False
GCF_000775165.1	MF6_003684_Cterm	False
GCF_000775165.1	MF6_003686	False
GCF_000775165.1	MF6_003843	True
GCF_000775165.1	MF6_004284_Cterm	False
GCF_000775165.1	MF6_004285	False
GCF_000775165.1	MF6_004947	True
GCF_000775165.1	MF6_006318	True
GCF_000808035.2	MF6_001079	False
GCF_000808035.2	MF6_002734	True
GCF_000808035.2	MF6_003184	False
GCF_000808035.2	MF6_003684	False
GCF_000808035.2	MF6_003684_Cterm	False
GCF_000808035.2	MF6_003686	False
GCF_000808035.2	MF6_003843	True
GCF_000808035.2	MF6_004284	False
GCF_000808035.2	MF6_004284_Cterm	False
GCF_000808035.2	MF6_004285	False
GCF_000808035.2	MF6_004947	True
GCF_000808035.2	MF6_006318	True
GCF_000828875.1	MF6_001079	False
GCF_000828875.1	MF6_002734	False
GCF_000828875.1	MF6_003184	False
GCF_000828875.1	MF6_003684	False
GCF_000828875.1	MF6_003684_Cterm	False
GCF_000828875.1	MF6_003686	False
GCF_000828875.1	MF6_003843	False
GCF_000828875.1	MF6_004284	False
GCF_000828875.1	MF6_004284_Cterm	False
GCF_000828875.1	MF6_004285	False
GCF_000828875.1	MF6_004947	False
GCF_000828875.1	MF6_006318	False
GCF_000835205.1	MF6_001079	False
GCF_000835205.1	MF6_002734	True
GCF_000835205.1	MF6_003184	False
GCF_000835205.1	MF6_003684	False
GCF_000835205.1	MF6_003684_Cterm	False
GCF_000835205.1	MF6_003686	False
GCF_000835205.1	MF6_003843	False
GCF_000835205.1	MF6_004284	False
GCF_000835205.1	MF6_004284_Cterm	False
GCF_000835205.1	MF6_004285	False
GCF_000835205.1	MF6_004947	False
GCF_000835205.1	MF6_006318	True
GCF_000953095.1	MF6_001079	False
GCF_000953095.1	MF6_002734	True
GCF_000953095.1	MF6_003184	False
GCF_000953095.1	MF6_003684	False
GCF_000953095.1	MF6_003684_Cterm	False
GCF_000953095.1	MF6_003686	False
GCF_000953095.1	MF6_003843	True
GCF_000953095.1	MF6_004284	False
GCF_000953095.1	MF6_004284_Cterm	False
GCF_000953095.1	MF6_004285	False
GCF_000953095.1	MF6_004947	True
GCF_000953095.1	MF6_006318	True
GCF_000954175.1	MF6_001079	False
GCF_000954175.1	MF6_002734	True
GCF_000954175.1	MF6_003184	False
GCF_000954175.1	MF6_003684	False
GCF_000954175.1	MF6_003684_Cterm	False
GCF_000954175.1	MF6_003686	False
GCF_000954175.1	MF6_003843	True
GCF_000954175.1	MF6_004284	False
GCF_000954175.1	MF6_004284_Cterm	False
GCF_000954175.1	MF6_004285	False
GCF_000954175.1	MF6_004947	True
GCF_000954175.1	MF6_006318	True
GCF_000959125.1	MF6_001079	False
GCF_000959125.1	MF6_002734	True
GCF_000959125.1	MF6_003184	False
GCF_000959125.1	MF6_003684	False
GCF_000959125.1	MF6_003684_Cterm	False
GCF_000959125.1	MF6_003686	False
GCF_000959125.1	MF6_003843	True
GCF_000959125.1	MF6_004284	False
GCF_000959125.1	MF6_004284_Cterm	False
GCF_000959125.1	MF6_004285	False
GCF_000959125.1	MF6_004947	True
GCF_000959125.1	MF6_006318	True
GCF_000959145.1	MF6_001079	False
GCF_000959145.1	MF6_002734	True
GCF_000959145.1	MF6_003184	False
GCF_000959145.1	MF6_003684	False
GCF_000959145.1	MF6_003684_Cterm	False
GCF_000959145.1	MF6_003686	False
GCF_000959145.1	MF6_003843	True
GCF_000959145.1	MF6_004284	False
GCF_000959145.1	MF6_004284_Cterm	False
GCF_000959145.1	MF6_004285	False
GCF_000959145.1	MF6_004947	True
GCF_000959145.1	MF6_006318	True
GCF_000959165.1	MF6_001079	False
GCF_000959165.1	MF6_002734	True
GCF_000959165.1	MF6_003184	False
GCF_000959165.1	MF6_003684	False
GCF_000959165.1	MF6_003684_Cterm	False
GCF_000959165.1	MF6_003686	False
GCF_000959165.1	MF6_003843	True
GCF_000959165.1	MF6_004284	False
GCF_000959165.1	MF6_004284_Cterm	False
GCF_000959165.1	MF6_004285	False
GCF_000959165.1	MF6_004947	True
GCF_000959165.1	MF6_006318	True
GCF_000959185.1	MF6_001079	False
GCF_000959185.1	MF6_002734	True
GCF_000959185.1	MF6_003184	False
GCF_000959185.1	MF6_003684	False
GCF_000959185.1	MF6_003684_Cterm	False
GCF_000959185.1	MF6_003686	False
GCF_000959185.1	MF6_003843	True
GCF_000959185.1	MF6_004284	False
GCF_000959185.1	MF6_004284_Cterm	False
GCF_000959185.1	MF6_004285	False
GCF_000959185.1	MF6_004947	True
GCF_000959185.1	MF6_006318	True
GCF_000959205.1	MF6_001079	False
GCF_000959205.1	MF6_002734	True
GCF_000959205.1	MF6_003184	False
GCF_000959205.1	MF6_003684	False
GCF_000959205.1	MF6_003684_Cterm	False
GCF_000959205.1	MF6_003686	False
GCF_000959205.1	MF6_003843	True
GCF_000959205.1	MF6_004284	False
GCF_000959205.1	MF6_004284_Cterm	False
GCF_000959205.1	MF6_004285	False
GCF_000959205.1	MF6_004947	True
GCF_000959205.1	MF6_006318	True
GCF_000959225.1	MF6_001079	False
GCF_000959225.1	MF6_002734	True
GCF_000959225.1	MF6_003184	False
GCF_000959225.1	MF6_003684	False
GCF_000959225.1	MF6_003684_Cterm	False
GCF_000959225.1	MF6_003686	False
GCF_000959225.1	MF6_003843	True
GCF_000959225.1	MF6_004284	False
GCF_000959225.1	MF6_004284_Cterm	False
GCF_000959225.1	MF6_004285	False
GCF_000959225.1	MF6_004947	True
GCF_000959225.1	MF6_006318	True
GCF_000959245.1	MF6_001079	False
GCF_000959245.1	MF6_002734	True
GCF_000959245.1	MF6_003184	False
GCF_000959245.1	MF6_003684	False
GCF_000959245.1	MF6_003684_Cterm	False
GCF_000959245.1	MF6_003686	False
GCF_000959245.1	MF6_003843	True
GCF_000959245.1	MF6_004284	False
GCF_000959245.1	MF6_004284_Cterm	False
GCF_000959245.1	MF6_004285	False
GCF_000959245.1	MF6_004947	True
GCF_000959245.1	MF6_006318	True
GCF_000959265.1	MF6_001079	False
GCF_000959265.1	MF6_002734	True
GCF_000959265.1	MF6_003184	False
GCF_000959265.1	MF6_003684	False
GCF_000959265.1	MF6_003684_Cterm	False
GCF_000959265.1	MF6_003686	False
GCF_000959265.1	MF6_003843	True
GCF_000959265.1	MF6_004284	False
GCF_000959265.1	MF6_004284_Cterm	False
GCF_000959265.1	MF6_004285	False
GCF_000959265.1	MF6_004947	True
GCF_000959265.1	MF6_006318	True
GCF_000959285.1	MF6_001079	False
GCF_000959285.1	MF6_002734	True
GCF_000959285.1	MF6_003184	False
GCF_000959285.1	MF6_003684	False
GCF_000959285.1	MF6_003684_Cterm	False
GCF_000959285.1	MF6_003686	False
GCF_000959285.1	MF6_003843	True
GCF_000959285.1	MF6_004284	False
GCF_000959285.1	MF6_004284_Cterm	False
GCF_000959285.1	MF6_004285	False
GCF_000959285.1	MF6_004947	True
GCF_000959285.1	MF6_006318	True
GCF_000959305.1	MF6_001079	False
GCF_000959305.1	MF6_002734	True
GCF_000959305.1	MF6_003184	False
GCF_000959305.1	MF6_003684	False
GCF_000959305.1	MF6_003684_Cterm	False
GCF_000959305.1	MF6_003686	False
GCF_000959305.1	MF6_003843	True
GCF_000959305.1	MF6_004284	False
GCF_000959305.1	MF6_004284_Cterm	False
GCF_000959305.1	MF6_004285	False
GCF_000959305.1	MF6_004947	True
GCF_000959305.1	MF6_006318	True
GCF_000959325.1	MF6_001079	False
GCF_000959325.1	MF6_002734	True
GCF_000959325.1	MF6_003184	False
GCF_000959325.1	MF6_003684	False
GCF_000959325.1	MF6_003684_Cterm	False
GCF_000959325.1	MF6_003686	False
GCF_000959325.1	MF6_003843	True
GCF_000959325.1	MF6_004284	False
GCF_000959325.1	MF6_004284_Cterm	False
GCF_000959325.1	MF6_004285	False
GCF_000959325.1	MF6_004947	True
GCF_000959325.1	MF6_006318	True
GCF_000959345.1	MF6_001079	False
GCF_000959345.1	MF6_002734	True
GCF_000959345.1	MF6_003184	False
GCF_000959345.1	MF6_003684	False
GCF_000959345.1	MF6_003684_Cterm	False
GCF_000959345.1	MF6_003686	False
GCF_000959345.1	MF6_003843	True
GCF_000959345.1	MF6_004284	False
GCF_000959345.1	MF6_004284_Cterm	False
GCF_000959345.1	MF6_004285	False
GCF_000959345.1	MF6_004947	True
GCF_000959345.1	MF6_006318	True
GCF_000959365.1	MF6_001079	False
GCF_000959365.1	MF6_002734	True
GCF_000959365.1	MF6_003184	False
GCF_000959365.1	MF6_003684	False
GCF_000959365.1	MF6_003684_Cterm	False
GCF_000959365.1	MF6_003686	False
GCF_000959365.1	MF6_003843	True
GCF_000959365.1	MF6_004284	False
GCF_000959365.1	MF6_004284_Cterm	False
GCF_000959365.1	MF6_004285	False
GCF_000959365.1	MF6_004947	True
GCF_000959365.1	MF6_006318	True
GCF_000959405.1	MF6_001079	False
GCF_000959405.1	MF6_002734	True
GCF_000959405.1	MF6_003184	False
GCF_000959405.1	MF6_003684	False
GCF_000959405.1	MF6_003684_Cterm	False
GCF_000959405.1	MF6_003686	False
GCF_000959405.1	MF6_003843	True
GCF_000959405.1	MF6_004284	False
GCF_000959405.1	MF6_004284_Cterm	False
GCF_000959405.1	MF6_004285	False
GCF_000959405.1	MF6_004947	True
GCF_000959405.1	MF6_006318	True
GCF_000959425.1	MF6_001079	False
GCF_000959425.1	MF6_002734	True
GCF_000959425.1	MF6_003184	False
GCF_000959425.1	MF6_003684	False
GCF_000959425.1	MF6_003684_Cterm	False
GCF_000959425.1	MF6_003686	False
GCF_000959425.1	MF6_003843	True
GCF_000959425.1	MF6_004284	False
GCF_000959425.1	MF6_004284_Cterm	False
GCF_000959425.1	MF6_004285	False
GCF_000959425.1	MF6_004947	True
GCF_000959425.1	MF6_006318	True
GCF_000959445.1	MF6_001079	False
GCF_000959445.1	MF6_002734	True
GCF_000959445.1	MF6_003184	True
GCF_000959445.1	MF6_003684	False
GCF_000959445.1	MF6_003684_Cterm	False
GCF_000959445.1	MF6_003686	False
GCF_000959445.1	MF6_003843	False
GCF_000959445.1	MF6_004284	True
GCF_000959445.1	MF6_004284_Cterm	False
GCF_000959445.1	MF6_004285	False
GCF_000959445.1	MF6_004947	False
GCF_000959445.1	MF6_006318	True
GCF_000959465.1	MF6_001079	False
GCF_000959465.1	MF6_002734	True
GCF_000959465.1	MF6_003184	False
GCF_000959465.1	MF6_003684	False
GCF_000959465.1	MF6_003684_Cterm	False
GCF_000959465.1	MF6_003686	False
GCF_000959465.1	MF6_003843	True
GCF_000959465.1	MF6_004284	False
GCF_000959465.1	MF6_004284_Cterm	False
GCF_000959465.1	MF6_004285	False
GCF_000959465.1	MF6_004947	True
GCF_000959465.1	MF6_006318	True
GCF_000959485.1	MF6_001079	False
GCF_000959485.1	MF6_002734	True
GCF_000959485.1	MF6_003184	False
GCF_000959485.1	MF6_003684	False
GCF_000959485.1	MF6_003684_Cterm	False
GCF_000959485.1	MF6_003686	False
GCF_000959485.1	MF6_003843	True
GCF_000959485.1	MF6_004284	False
GCF_000959485.1	MF6_004284_Cterm	False
GCF_000959485.1	MF6_004285	False
GCF_000959485.1	MF6_004947	False
GCF_000959485.1	MF6_006318	True
GCF_000959505.1	MF6_001079	False
GCF_000959505.1	MF6_002734	True
GCF_000959505.1	MF6_003184	False
GCF_000959505.1	MF6_003684	False
GCF_000959505.1	MF6_003684_Cterm	False
GCF_000959505.1	MF6_003686	False
GCF_000959505.1	MF6_003843	False
GCF_000959505.1	MF6_004284	False
GCF_000959505.1	MF6_004284_Cterm	False
GCF_000959505.1	MF6_004285	False
GCF_000959505.1	MF6_004947	False
GCF_000959505.1	MF6_006318	True
GCF_000959525.1	MF6_001079	False
GCF_000959525.1	MF6_002734	True
GCF_000959525.1	MF6_003184	False
GCF_000959525.1	MF6_003684	False
GCF_000959525.1	MF6_003684_Cterm	False
GCF_000959525.1	MF6_003686	False
GCF_000959525.1	MF6_003843	False
GCF_000959525.1	MF6_004284	False
GCF_000959525.1	MF6_004284_Cterm	False
GCF_000959525.1	MF6_004285	False
GCF_000959525.1	MF6_004947	False
GCF_000959525.1	MF6_006318	True
GCF_000959545.1	MF6_001079	False
GCF_000959545.1	MF6_002734	True
GCF_000959545.1	MF6_003184	False
GCF_000959545.1	MF6_003684	False
GCF_000959545.1	MF6_003684_Cterm	False
GCF_000959545.1	MF6_003686	False
GCF_000959545.1	MF6_003843	True
GCF_000959545.1	MF6_004284	False
GCF_000959545.1	MF6_004284_Cterm	False
GCF_000959545.1	MF6_004285	False
GCF_000959545.1	MF6_004947	True
GCF_000959545.1	MF6_006318	True
GCF_000959605.1	MF6_001079	False
GCF_000959605.1	MF6_002734	True
GCF_000959605.1	MF6_003184	False
GCF_000959605.1	MF6_003684	False
GCF_000959605.1	MF6_003684_Cterm	False
GCF_000959605.1	MF6_003686	False
GCF_000959605.1	MF6_003843	True
GCF_000959605.1	MF6_004284	False
GCF_000959605.1	MF6_004284_Cterm	False
GCF_000959605.1	MF6_004285	False
GCF_000959605.1	MF6_004947	True
GCF_000959605.1	MF6_006318	True
GCF_000959625.1	MF6_001079	False
GCF_000959625.1	MF6_002734	True
GCF_000959625.1	MF6_003184	False
GCF_000959625.1	MF6_003684	False
GCF_000959625.1	MF6_003684_Cterm	False
GCF_000959625.1	MF6_003686	False
GCF_000959625.1	MF6_003843	True
GCF_000959625.1	MF6_004284	False
GCF_000959625.1	MF6_004284_Cterm	False
GCF_000959625.1	MF6_004285	False
GCF_000959625.1	MF6_004947	True
GCF_000959625.1	MF6_006318	True
GCF_000959725.1	MF6_001079	False
GCF_000959725.1	MF6_002734	True
GCF_000959725.1	MF6_003184	True
GCF_000959725.1	MF6_003684	False
GCF_000959725.1	MF6_003684_Cterm	False
GCF_000959725.1	MF6_003686	False
GCF_000959725.1	MF6_003843	False
GCF_000959725.1	MF6_004284	False
GCF_000959725.1	MF6_004284_Cterm	False
GCF_000959725.1	MF6_004285	False
GCF_000959725.1	MF6_004947	True
GCF_000959725.1	MF6_006318	True
GCF_000960995.1	MF6_001079	False
GCF_000960995.1	MF6_002734	True
GCF_000960995.1	MF6_003184	False
GCF_000960995.1	MF6_003684	False
GCF_000960995.1	MF6_003684_Cterm	False
GCF_000960995.1	MF6_003686	False
GCF_000960995.1	MF6_003843	False
GCF_000960995.1	MF6_004284	False
GCF_000960995.1	MF6_004284_Cterm	False
GCF_000960995.1	MF6_004285	False
GCF_000960995.1	MF6_004947	False
GCF_000960995.1	MF6_006318	True
GCF_000961515.1	MF6_001079	False
GCF_000961515.1	MF6_002734	False
GCF_000961515.1	MF6_003184	False
GCF_000961515.1	MF6_003684	False
GCF_000961515.1	MF6_003684_Cterm	False
GCF_000961515.1	MF6_003686	False
GCF_000961515.1	MF6_003843	False
GCF_000961515.1	MF6_004284	False
GCF_000961515.1	MF6_004284_Cterm	False
GCF_000961515.1	MF6_004285	False
GCF_000961515.1	MF6_004947	False
GCF_000961515.1	MF6_006318	True
GCF_000970935.1	MF6_001079	False
GCF_000970935.1	MF6_002734	True
GCF_000970935.1	MF6_003184	False
GCF_000970935.1	MF6_003684_Cterm	False
GCF_000970935.1	MF6_003686	False
GCF_000970935.1	MF6_003843	True
GCF_000970935.1	MF6_004284_Cterm	False
GCF_000970935.1	MF6_004285	False
GCF_000970935.1	MF6_004947	True
GCF_000970935.1	MF6_006318	True
GCF_000970955.1	MF6_001079	False
GCF_000970955.1	MF6_002734	True
GCF_000970955.1	MF6_003184	False
GCF_000970955.1	MF6_003684_Cterm	False
GCF_000970955.1	MF6_003686	False
GCF_000970955.1	MF6_003843	True
GCF_000970955.1	MF6_004284_Cterm	False
GCF_000970955.1	MF6_004285	False
GCF_000970955.1	MF6_004947	True
GCF_000970955.1	MF6_006318	True
GCF_000974835.2	MF6_001079	False
GCF_000974835.2	MF6_002734	True
GCF_000974835.2	MF6_003184	False
GCF_000974835.2	MF6_003684	False
GCF_000974835.2	MF6_003684_Cterm	False
GCF_000974835.2	MF6_003686	False
GCF_000974835.2	MF6_003843	False
GCF_000974835.2	MF6_004284	False
GCF_000974835.2	MF6_004284_Cterm	False
GCF_000974835.2	MF6_004285	False
GCF_000974835.2	MF6_004947	False
GCF_000974835.2	MF6_006318	True
GCF_001028665.1	MF6_001079	False
GCF_001028665.1	MF6_002734	True
GCF_001028665.1	MF6_003184	False
GCF_001028665.1	MF6_003684	False
GCF_001028665.1	MF6_003684_Cterm	False
GCF_001028665.1	MF6_003686	False
GCF_001028665.1	MF6_003843	True
GCF_001028665.1	MF6_004284	False
GCF_001028665.1	MF6_004284_Cterm	False
GCF_001028665.1	MF6_004285	False
GCF_001028665.1	MF6_004947	True
GCF_001028665.1	MF6_006318	True
GCF_001029145.1	MF6_001079	False
GCF_001029145.1	MF6_002734	True
GCF_001029145.1	MF6_003184	False
GCF_001029145.1	MF6_003684	False
GCF_001029145.1	MF6_003684_Cterm	False
GCF_001029145.1	MF6_003686	False
GCF_001029145.1	MF6_003843	True
GCF_001029145.1	MF6_004284	False
GCF_001029145.1	MF6_004284_Cterm	False
GCF_001029145.1	MF6_004285	False
GCF_001029145.1	MF6_004947	True
GCF_001029145.1	MF6_006318	True
GCF_001275585.1	MF6_001079	False
GCF_001275585.1	MF6_002734	True
GCF_001275585.1	MF6_003184	False
GCF_001275585.1	MF6_003684_Cterm	False
GCF_001275585.1	MF6_003686	False
GCF_001275585.1	MF6_003843	True
GCF_001275585.1	MF6_004284_Cterm	False
GCF_001275585.1	MF6_004285	False
GCF_001275585.1	MF6_004947	True
GCF_001275585.1	MF6_006318	True
GCF_001277875.1	MF6_001079	False
GCF_001277875.1	MF6_002734	True
GCF_001277875.1	MF6_003184	False
GCF_001277875.1	MF6_003684	False
GCF_001277875.1	MF6_003684_Cterm	False
GCF_001277875.1	MF6_003686	False
GCF_001277875.1	MF6_003843	True
GCF_001277875.1	MF6_004284	False
GCF_001277875.1	MF6_004284_Cterm	False
GCF_001277875.1	MF6_004285	False
GCF_001277875.1	MF6_004947	True
GCF_001277875.1	MF6_006318	True
GCF_001277895.1	MF6_001079	False
GCF_001277895.1	MF6_002734	True
GCF_001277895.1	MF6_003184	False
GCF_001277895.1	MF6_003684	False
GCF_001277895.1	MF6_003684_Cterm	False
GCF_001277895.1	MF6_003686	False
GCF_001277895.1	MF6_003843	True
GCF_001277895.1	MF6_004284	False
GCF_001277895.1	MF6_004284_Cterm	False
GCF_001277895.1	MF6_004285	False
GCF_001277895.1	MF6_004947	True
GCF_001277895.1	MF6_006318	True
GCF_001277975.1	MF6_001079	False
GCF_001277975.1	MF6_002734	True
GCF_001277975.1	MF6_003184	False
GCF_001277975.1	MF6_003684	False
GCF_001277975.1	MF6_003684_Cterm	False
GCF_001277975.1	MF6_003686	False
GCF_001277975.1	MF6_003843	True
GCF_001277975.1	MF6_004284	False
GCF_001277975.1	MF6_004284_Cterm	False
GCF_001277975.1	MF6_004285	False
GCF_001277975.1	MF6_004947	True
GCF_001277975.1	MF6_006318	True
GCF_001293045.1	MF6_001079	False
GCF_001293045.1	MF6_002734	False
GCF_001293045.1	MF6_003184	False
GCF_001293045.1	MF6_003684	False
GCF_001293045.1	MF6_003684_Cterm	False
GCF_001293045.1	MF6_003686	False
GCF_001293045.1	MF6_003843	False
GCF_001293045.1	MF6_004284	False
GCF_001293045.1	MF6_004284_Cterm	False
GCF_001293045.1	MF6_004285	False
GCF_001293045.1	MF6_004947	False
GCF_001293045.1	MF6_006318	False
GCF_001318245.1	MF6_001079	False
GCF_001318245.1	MF6_002734	True
GCF_001318245.1	MF6_003184	False
GCF_001318245.1	MF6_003684	False
GCF_001318245.1	MF6_003684_Cterm	False
GCF_001318245.1	MF6_003686	False
GCF_001318245.1	MF6_003843	True
GCF_001318245.1	MF6_004284	False
GCF_001318245.1	MF6_004284_Cterm	False
GCF_001318245.1	MF6_004285	False
GCF_001318245.1	MF6_004947	True
GCF_001318245.1	MF6_006318	True
GCF_001411495.1	MF6_001079	False
GCF_001411495.1	MF6_002734	True
GCF_001411495.1	MF6_003184	False
GCF_001411495.1	MF6_003684	False
GCF_001411495.1	MF6_003684_Cterm	False
GCF_001411495.1	MF6_003686	False
GCF_001411495.1	MF6_003843	True
GCF_001411495.1	MF6_004284	False
GCF_001411495.1	MF6_004284_Cterm	False
GCF_001411495.1	MF6_004285	False
GCF_001411495.1	MF6_004947	True
GCF_001411495.1	MF6_006318	True
GCF_001411805.1	MF6_001079	False
GCF_001411805.1	MF6_002734	True
GCF_001411805.1	MF6_003184	False
GCF_001411805.1	MF6_003684	False
GCF_001411805.1	MF6_003684_Cterm	False
GCF_001411805.1	MF6_003686	False
GCF_001411805.1	MF6_003843	False
GCF_001411805.1	MF6_004284	False
GCF_001411805.1	MF6_004284_Cterm	False
GCF_001411805.1	MF6_004285	False
GCF_001411805.1	MF6_004947	False
GCF_001411805.1	MF6_006318	True
GCF_001449005.1	MF6_001079	False
GCF_001449005.1	MF6_002734	False
GCF_001449005.1	MF6_003184	False
GCF_001449005.1	MF6_003684	False
GCF_001449005.1	MF6_003684_Cterm	False
GCF_001449005.1	MF6_003686	False
GCF_001449005.1	MF6_003843	False
GCF_001449005.1	MF6_004284	False
GCF_001449005.1	MF6_004284_Cterm	False
GCF_001449005.1	MF6_004285	False
GCF_001449005.1	MF6_004947	False
GCF_001449005.1	MF6_006318	False
GCF_001462435.1	MF6_001079	False
GCF_001462435.1	MF6_002734	True
GCF_001462435.1	MF6_003184	False
GCF_001462435.1	MF6_003684_Cterm	False
GCF_001462435.1	MF6_003686	False
GCF_001462435.1	MF6_003843	True
GCF_001462435.1	MF6_004284_Cterm	False
GCF_001462435.1	MF6_004285	False
GCF_001462435.1	MF6_004947	True
GCF_001462435.1	MF6_006318	True
GCF_001484665.1	MF6_001079	False
GCF_001484665.1	MF6_002734	True
GCF_001484665.1	MF6_003184	False
GCF_001484665.1	MF6_003684	False
GCF_001484665.1	MF6_003684_Cterm	False
GCF_001484665.1	MF6_003686	False
GCF_001484665.1	MF6_003843	True
GCF_001484665.1	MF6_004284	False
GCF_001484665.1	MF6_004284_Cterm	False
GCF_001484665.1	MF6_004285	False
GCF_001484665.1	MF6_004947	True
GCF_001484665.1	MF6_006318	True
GCF_001513745.1	MF6_001079	False
GCF_001513745.1	MF6_002734	True
GCF_001513745.1	MF6_003184	False
GCF_001513745.1	MF6_003684	False
GCF_001513745.1	MF6_003684_Cterm	False
GCF_001513745.1	MF6_003686	False
GCF_001513745.1	MF6_003843	True
GCF_001513745.1	MF6_004284	False
GCF_001513745.1	MF6_004284_Cterm	False
GCF_001513745.1	MF6_004285	False
GCF_001513745.1	MF6_004947	True
GCF_001513745.1	MF6_006318	True
GCF_001522105.2	MF6_001079	False
GCF_001522105.2	MF6_002734	True
GCF_001522105.2	MF6_003184	False
GCF_001522105.2	MF6_003684	False
GCF_001522105.2	MF6_003684_Cterm	False
GCF_001522105.2	MF6_003686	False
GCF_001522105.2	MF6_003843	True
GCF_001522105.2	MF6_004284	False
GCF_001522105.2	MF6_004284_Cterm	False
GCF_001522105.2	MF6_004285	False
GCF_001522105.2	MF6_004947	True
GCF_001522105.2	MF6_006318	True
GCF_001522135.2	MF6_001079	False
GCF_001522135.2	MF6_002734	True
GCF_001522135.2	MF6_003184	False
GCF_001522135.2	MF6_003684	False
GCF_001522135.2	MF6_003684_Cterm	False
GCF_001522135.2	MF6_003686	False
GCF_001522135.2	MF6_003843	True
GCF_001522135.2	MF6_004284	False
GCF_001522135.2	MF6_004284_Cterm	False
GCF_001522135.2	MF6_004285	False
GCF_001522135.2	MF6_004947	True
GCF_001522135.2	MF6_006318	True
GCF_001522585.2	MF6_001079	False
GCF_001522585.2	MF6_002734	True
GCF_001522585.2	MF6_003184	False
GCF_001522585.2	MF6_003684	False
GCF_001522585.2	MF6_003684_Cterm	False
GCF_001522585.2	MF6_003686	False
GCF_001522585.2	MF6_003843	False
GCF_001522585.2	MF6_004284	False
GCF_001522585.2	MF6_004284_Cterm	False
GCF_001522585.2	MF6_004285	False
GCF_001522585.2	MF6_004947	True
GCF_001522585.2	MF6_006318	True
GCF_001522635.2	MF6_001079	False
GCF_001522635.2	MF6_002734	True
GCF_001522635.2	MF6_003184	False
GCF_001522635.2	MF6_003684	False
GCF_001522635.2	MF6_003684_Cterm	False
GCF_001522635.2	MF6_003686	False
GCF_001522635.2	MF6_003843	True
GCF_001522635.2	MF6_004284	False
GCF_001522635.2	MF6_004284_Cterm	False
GCF_001522635.2	MF6_004285	False
GCF_001522635.2	MF6_004947	True
GCF_001522635.2	MF6_006318	True
GCF_001523745.2	MF6_001079	False
GCF_001523745.2	MF6_002734	True
GCF_001523745.2	MF6_003184	True
GCF_001523745.2	MF6_003684	False
GCF_001523745.2	MF6_003684_Cterm	False
GCF_001523745.2	MF6_003686	False
GCF_001523745.2	MF6_003843	True
GCF_001523745.2	MF6_004284	False
GCF_001523745.2	MF6_004284_Cterm	False
GCF_001523745.2	MF6_004285	False
GCF_001523745.2	MF6_004947	True
GCF_001523745.2	MF6_006318	True
GCF_001523915.2	MF6_001079	False
GCF_001523915.2	MF6_002734	True
GCF_001523915.2	MF6_003184	False
GCF_001523915.2	MF6_003684	False
GCF_001523915.2	MF6_003684_Cterm	False
GCF_001523915.2	MF6_003686	False
GCF_001523915.2	MF6_003843	False
GCF_001523915.2	MF6_004284	False
GCF_001523915.2	MF6_004284_Cterm	False
GCF_001523915.2	MF6_004285	False
GCF_001523915.2	MF6_004947	True
GCF_001523915.2	MF6_006318	True
GCF_001524445.2	MF6_001079	False
GCF_001524445.2	MF6_002734	True
GCF_001524445.2	MF6_003184	False
GCF_001524445.2	MF6_003684	False
GCF_001524445.2	MF6_003684_Cterm	False
GCF_001524445.2	MF6_003686	False
GCF_001524445.2	MF6_003843	True
GCF_001524445.2	MF6_004284	False
GCF_001524445.2	MF6_004284_Cterm	False
GCF_001524445.2	MF6_004285	False
GCF_001524445.2	MF6_004947	True
GCF_001524445.2	MF6_006318	True
GCF_001524625.2	MF6_001079	False
GCF_001524625.2	MF6_002734	True
GCF_001524625.2	MF6_003184	False
GCF_001524625.2	MF6_003684	False
GCF_001524625.2	MF6_003684_Cterm	False
GCF_001524625.2	MF6_003686	False
GCF_001524625.2	MF6_003843	True
GCF_001524625.2	MF6_004284	False
GCF_001524625.2	MF6_004284_Cterm	False
GCF_001524625.2	MF6_004285	False
GCF_001524625.2	MF6_004947	True
GCF_001524625.2	MF6_006318	True
GCF_001524645.2	MF6_001079	False
GCF_001524645.2	MF6_002734	True
GCF_001524645.2	MF6_003184	False
GCF_001524645.2	MF6_003684	False
GCF_001524645.2	MF6_003684_Cterm	False
GCF_001524645.2	MF6_003686	False
GCF_001524645.2	MF6_003843	False
GCF_001524645.2	MF6_004284	False
GCF_001524645.2	MF6_004284_Cterm	False
GCF_001524645.2	MF6_004285	False
GCF_001524645.2	MF6_004947	True
GCF_001524645.2	MF6_006318	True
GCF_001532025.2	MF6_001079	False
GCF_001532025.2	MF6_002734	True
GCF_001532025.2	MF6_003184	False
GCF_001532025.2	MF6_003684	False
GCF_001532025.2	MF6_003684_Cterm	False
GCF_001532025.2	MF6_003686	False
GCF_001532025.2	MF6_003843	True
GCF_001532025.2	MF6_004284	False
GCF_001532025.2	MF6_004284_Cterm	False
GCF_001532025.2	MF6_004285	False
GCF_001532025.2	MF6_004947	True
GCF_001532025.2	MF6_006318	True
GCF_001546925.1	MF6_001079	False
GCF_001546925.1	MF6_002734	True
GCF_001546925.1	MF6_003184	False
GCF_001546925.1	MF6_003684_Cterm	False
GCF_001546925.1	MF6_003686	False
GCF_001546925.1	MF6_003843	True
GCF_001546925.1	MF6_004284_Cterm	False
GCF_001546925.1	MF6_004285	False
GCF_001546925.1	MF6_004947	True
GCF_001546925.1	MF6_006318	True
GCF_001546975.1	MF6_001079	False
GCF_001546975.1	MF6_002734	True
GCF_001546975.1	MF6_003184	False
GCF_001546975.1	MF6_003684_Cterm	False
GCF_001546975.1	MF6_003686	False
GCF_001546975.1	MF6_003843	False
GCF_001546975.1	MF6_004284_Cterm	False
GCF_001546975.1	MF6_004285	False
GCF_001546975.1	MF6_004947	True
GCF_001546975.1	MF6_006318	True
GCF_001547525.1	MF6_001079	False
GCF_001547525.1	MF6_002734	True
GCF_001547525.1	MF6_003184	False
GCF_001547525.1	MF6_003684_Cterm	True
GCF_001547525.1	MF6_003686	True
GCF_001547525.1	MF6_003843	True
GCF_001547525.1	MF6_004284_Cterm	False
GCF_001547525.1	MF6_004285	False
GCF_001547525.1	MF6_004947	True
GCF_001547525.1	MF6_006318	True
GCF_001557535.2	MF6_001079	False
GCF_001557535.2	MF6_002734	True
GCF_001557535.2	MF6_003184	False
GCF_001557535.2	MF6_003684	False
GCF_001557535.2	MF6_003684_Cterm	False
GCF_001557535.2	MF6_003686	False
GCF_001557535.2	MF6_003843	False
GCF_001557535.2	MF6_004284	False
GCF_001557535.2	MF6_004284_Cterm	False
GCF_001557535.2	MF6_004285	False
GCF_001557535.2	MF6_004947	False
GCF_001557535.2	MF6_006318	False
GCF_001577465.1	MF6_001079	False
GCF_001577465.1	MF6_002734	False
GCF_001577465.1	MF6_003184	False
GCF_001577465.1	MF6_003684	False
GCF_001577465.1	MF6_003684_Cterm	False
GCF_001577465.1	MF6_003686	False
GCF_001577465.1	MF6_003843	False
GCF_001577465.1	MF6_004284	False
GCF_001577465.1	MF6_004284_Cterm	False
GCF_001577465.1	MF6_004285	False
GCF_001577465.1	MF6_004947	False
GCF_001577465.1	MF6_006318	False
GCF_001606115.1	MF6_001079	False
GCF_001606115.1	MF6_002734	True
GCF_001606115.1	MF6_003184	False
GCF_001606115.1	MF6_003684	False
GCF_001606115.1	MF6_003684_Cterm	False
GCF_001606115.1	MF6_003686	False
GCF_001606115.1	MF6_003843	True
GCF_001606115.1	MF6_004284	False
GCF_001606115.1	MF6_004284_Cterm	False
GCF_001606115.1	MF6_004285	False
GCF_001606115.1	MF6_004947	True
GCF_001606115.1	MF6_006318	True
GCF_001606135.1	MF6_001079	False
GCF_001606135.1	MF6_002734	True
GCF_001606135.1	MF6_003184	False
GCF_001606135.1	MF6_003684	False
GCF_001606135.1	MF6_003684_Cterm	False
GCF_001606135.1	MF6_003686	False
GCF_001606135.1	MF6_003843	True
GCF_001606135.1	MF6_004284	False
GCF_001606135.1	MF6_004284_Cterm	False
GCF_001606135.1	MF6_004285	False
GCF_001606135.1	MF6_004947	True
GCF_001606135.1	MF6_006318	True
GCF_001611015.1	MF6_001079	False
GCF_001611015.1	MF6_002734	False
GCF_001611015.1	MF6_003184	False
GCF_001611015.1	MF6_003684	False
GCF_001611015.1	MF6_003684_Cterm	False
GCF_001611015.1	MF6_003686	False
GCF_001611015.1	MF6_003843	False
GCF_001611015.1	MF6_004284	False
GCF_001611015.1	MF6_004284_Cterm	False
GCF_001611015.1	MF6_004285	False
GCF_001611015.1	MF6_004947	False
GCF_001611015.1	MF6_006318	False
GCF_001634365.1	MF6_001079	False
GCF_001634365.1	MF6_002734	False
GCF_001634365.1	MF6_003184	False
GCF_001634365.1	MF6_003684	False
GCF_001634365.1	MF6_003684_Cterm	False
GCF_001634365.1	MF6_003686	False
GCF_001634365.1	MF6_003843	False
GCF_001634365.1	MF6_004284	False
GCF_001634365.1	MF6_004284_Cterm	False
GCF_001634365.1	MF6_004285	False
GCF_001634365.1	MF6_004947	False
GCF_001634365.1	MF6_006318	False
GCF_001636095.1	MF6_001079	False
GCF_001636095.1	MF6_002734	True
GCF_001636095.1	MF6_003184	False
GCF_001636095.1	MF6_003684_Cterm	False
GCF_001636095.1	MF6_003686	False
GCF_001636095.1	MF6_003843	False
GCF_001636095.1	MF6_004284_Cterm	False
GCF_001636095.1	MF6_004285	False
GCF_001636095.1	MF6_004947	True
GCF_001636095.1	MF6_006318	True
GCF_001695715.1	MF6_001079	False
GCF_001695715.1	MF6_002734	True
GCF_001695715.1	MF6_003184	False
GCF_001695715.1	MF6_003684	False
GCF_001695715.1	MF6_003684_Cterm	False
GCF_001695715.1	MF6_003686	False
GCF_001695715.1	MF6_003843	True
GCF_001695715.1	MF6_004284	False
GCF_001695715.1	MF6_004284_Cterm	False
GCF_001695715.1	MF6_004285	False
GCF_001695715.1	MF6_004947	True
GCF_001695715.1	MF6_006318	True
GCF_001695735.1	MF6_001079	False
GCF_001695735.1	MF6_002734	True
GCF_001695735.1	MF6_003184	False
GCF_001695735.1	MF6_003684	False
GCF_001695735.1	MF6_003684_Cterm	False
GCF_001695735.1	MF6_003686	False
GCF_001695735.1	MF6_003843	True
GCF_001695735.1	MF6_004284	False
GCF_001695735.1	MF6_004284_Cterm	False
GCF_001695735.1	MF6_004285	False
GCF_001695735.1	MF6_004947	True
GCF_001695735.1	MF6_006318	True
GCF_001718295.1	MF6_001079	False
GCF_001718295.1	MF6_002734	True
GCF_001718295.1	MF6_003184	False
GCF_001718295.1	MF6_003684	False
GCF_001718295.1	MF6_003684_Cterm	False
GCF_001718295.1	MF6_003686	False
GCF_001718295.1	MF6_003843	True
GCF_001718295.1	MF6_004284	False
GCF_001718295.1	MF6_004284_Cterm	False
GCF_001718295.1	MF6_004285	False
GCF_001718295.1	MF6_004947	True
GCF_001718295.1	MF6_006318	True
GCF_001718315.1	MF6_001079	False
GCF_001718315.1	MF6_002734	True
GCF_001718315.1	MF6_003184	False
GCF_001718315.1	MF6_003684	False
GCF_001718315.1	MF6_003684_Cterm	False
GCF_001718315.1	MF6_003686	False
GCF_001718315.1	MF6_003843	False
GCF_001718315.1	MF6_004284	False
GCF_001718315.1	MF6_004284_Cterm	False
GCF_001718315.1	MF6_004285	False
GCF_001718315.1	MF6_004947	True
GCF_001718315.1	MF6_006318	True
GCF_001718335.1	MF6_001079	False
GCF_001718335.1	MF6_002734	True
GCF_001718335.1	MF6_003184	False
GCF_001718335.1	MF6_003684	False
GCF_001718335.1	MF6_003684_Cterm	False
GCF_001718335.1	MF6_003686	False
GCF_001718335.1	MF6_003843	False
GCF_001718335.1	MF6_004284	False
GCF_001718335.1	MF6_004284_Cterm	False
GCF_001718335.1	MF6_004285	False
GCF_001718335.1	MF6_004947	True
GCF_001718335.1	MF6_006318	True
GCF_001718355.1	MF6_001079	False
GCF_001718355.1	MF6_002734	True
GCF_001718355.1	MF6_003184	False
GCF_001718355.1	MF6_003684	False
GCF_001718355.1	MF6_003684_Cterm	False
GCF_001718355.1	MF6_003686	False
GCF_001718355.1	MF6_003843	True
GCF_001718355.1	MF6_004284	False
GCF_001718355.1	MF6_004284_Cterm	False
GCF_001718355.1	MF6_004285	False
GCF_001718355.1	MF6_004947	True
GCF_001718355.1	MF6_006318	True
GCF_001718395.1	MF6_001079	False
GCF_001718395.1	MF6_002734	True
GCF_001718395.1	MF6_003184	False
GCF_001718395.1	MF6_003684	False
GCF_001718395.1	MF6_003684_Cterm	False
GCF_001718395.1	MF6_003686	False
GCF_001718395.1	MF6_003843	False
GCF_001718395.1	MF6_004284	False
GCF_001718395.1	MF6_004284_Cterm	False
GCF_001718395.1	MF6_004285	False
GCF_001718395.1	MF6_004947	True
GCF_001718395.1	MF6_006318	True
GCF_001718415.1	MF6_001079	False
GCF_001718415.1	MF6_002734	True
GCF_001718415.1	MF6_003184	False
GCF_001718415.1	MF6_003684	False
GCF_001718415.1	MF6_003684_Cterm	False
GCF_001718415.1	MF6_003686	False
GCF_001718415.1	MF6_003843	False
GCF_001718415.1	MF6_004284	False
GCF_001718415.1	MF6_004284_Cterm	False
GCF_001718415.1	MF6_004285	False
GCF_001718415.1	MF6_004947	False
GCF_001718415.1	MF6_006318	True
GCF_001718495.1	MF6_001079	False
GCF_001718495.1	MF6_002734	True
GCF_001718495.1	MF6_003184	False
GCF_001718495.1	MF6_003684	False
GCF_001718495.1	MF6_003684_Cterm	False
GCF_001718495.1	MF6_003686	False
GCF_001718495.1	MF6_003843	False
GCF_001718495.1	MF6_004284	False
GCF_001718495.1	MF6_004284_Cterm	False
GCF_001718495.1	MF6_004285	False
GCF_001718495.1	MF6_004947	False
GCF_001718495.1	MF6_006318	True
GCF_001718515.1	MF6_001079	False
GCF_001718515.1	MF6_002734	True
GCF_001718515.1	MF6_003184	False
GCF_001718515.1	MF6_003684	False
GCF_001718515.1	MF6_003684_Cterm	False
GCF_001718515.1	MF6_003686	False
GCF_001718515.1	MF6_003843	False
GCF_001718515.1	MF6_004284	False
GCF_001718515.1	MF6_004284_Cterm	False
GCF_001718515.1	MF6_004285	False
GCF_001718515.1	MF6_004947	True
GCF_001718515.1	MF6_006318	True
GCF_001718535.1	MF6_001079	False
GCF_001718535.1	MF6_002734	True
GCF_001718535.1	MF6_003184	False
GCF_001718535.1	MF6_003684	False
GCF_001718535.1	MF6_003684_Cterm	False
GCF_001718535.1	MF6_003686	False
GCF_001718535.1	MF6_003843	True
GCF_001718535.1	MF6_004284	False
GCF_001718535.1	MF6_004284_Cterm	False
GCF_001718535.1	MF6_004285	False
GCF_001718535.1	MF6_004947	True
GCF_001718535.1	MF6_006318	True
GCF_001718555.1	MF6_001079	False
GCF_001718555.1	MF6_002734	True
GCF_001718555.1	MF6_003184	False
GCF_001718555.1	MF6_003684	False
GCF_001718555.1	MF6_003684_Cterm	False
GCF_001718555.1	MF6_003686	False
GCF_001718555.1	MF6_003843	True
GCF_001718555.1	MF6_004284	False
GCF_001718555.1	MF6_004284_Cterm	False
GCF_001718555.1	MF6_004285	False
GCF_001718555.1	MF6_004947	True
GCF_001718555.1	MF6_006318	True
GCF_001718575.1	MF6_001079	True
GCF_001718575.1	MF6_002734	True
GCF_001718575.1	MF6_003184	False
GCF_001718575.1	MF6_003684	False
GCF_001718575.1	MF6_003684_Cterm	False
GCF_001718575.1	MF6_003686	False
GCF_001718575.1	MF6_003843	True
GCF_001718575.1	MF6_004284	False
GCF_001718575.1	MF6_004284_Cterm	False
GCF_001718575.1	MF6_004285	False
GCF_001718575.1	MF6_004947	True
GCF_001718575.1	MF6_006318	True
GCF_001718595.1	MF6_001079	False
GCF_001718595.1	MF6_002734	True
GCF_001718595.1	MF6_003184	False
GCF_001718595.1	MF6_003684	False
GCF_001718595.1	MF6_003684_Cterm	False
GCF_001718595.1	MF6_003686	False
GCF_001718595.1	MF6_003843	True
GCF_001718595.1	MF6_004284	False
GCF_001718595.1	MF6_004284_Cterm	False
GCF_001718595.1	MF6_004285	False
GCF_001718595.1	MF6_004947	True
GCF_001718595.1	MF6_006318	True
GCF_001718615.1	MF6_001079	False
GCF_001718615.1	MF6_002734	True
GCF_001718615.1	MF6_003184	False
GCF_001718615.1	MF6_003684	False
GCF_001718615.1	MF6_003684_Cterm	False
GCF_001718615.1	MF6_003686	False
GCF_001718615.1	MF6_003843	True
GCF_001718615.1	MF6_004284	False
GCF_001718615.1	MF6_004284_Cterm	False
GCF_001718615.1	MF6_004285	False
GCF_001718615.1	MF6_004947	True
GCF_001718615.1	MF6_006318	True
GCF_001718635.1	MF6_001079	False
GCF_001718635.1	MF6_002734	True
GCF_001718635.1	MF6_003184	False
GCF_001718635.1	MF6_003684	False
GCF_001718635.1	MF6_003684_Cterm	False
GCF_001718635.1	MF6_003686	False
GCF_001718635.1	MF6_003843	True
GCF_001718635.1	MF6_004284	False
GCF_001718635.1	MF6_004284_Cterm	False
GCF_001718635.1	MF6_004285	False
GCF_001718635.1	MF6_004947	True
GCF_001718635.1	MF6_006318	True
GCF_001718655.1	MF6_001079	False
GCF_001718655.1	MF6_002734	True
GCF_001718655.1	MF6_003184	False
GCF_001718655.1	MF6_003684	False
GCF_001718655.1	MF6_003684_Cterm	False
GCF_001718655.1	MF6_003686	False
GCF_001718655.1	MF6_003843	True
GCF_001718655.1	MF6_004284	False
GCF_001718655.1	MF6_004284_Cterm	False
GCF_001718655.1	MF6_004285	False
GCF_001718655.1	MF6_004947	True
GCF_001718655.1	MF6_006318	True
GCF_001718695.1	MF6_001079	False
GCF_001718695.1	MF6_002734	True
GCF_001718695.1	MF6_003184	False
GCF_001718695.1	MF6_003684	False
GCF_001718695.1	MF6_003684_Cterm	False
GCF_001718695.1	MF6_003686	False
GCF_001718695.1	MF6_003843	False
GCF_001718695.1	MF6_004284	False
GCF_001718695.1	MF6_004284_Cterm	False
GCF_001718695.1	MF6_004285	False
GCF_001718695.1	MF6_004947	False
GCF_001718695.1	MF6_006318	True
GCF_001718755.1	MF6_001079	False
GCF_001718755.1	MF6_002734	True
GCF_001718755.1	MF6_003184	False
GCF_001718755.1	MF6_003684	False
GCF_001718755.1	MF6_003684_Cterm	False
GCF_001718755.1	MF6_003686	False
GCF_001718755.1	MF6_003843	False
GCF_001718755.1	MF6_004284	False
GCF_001718755.1	MF6_004284_Cterm	False
GCF_001718755.1	MF6_004285	False
GCF_001718755.1	MF6_004947	False
GCF_001718755.1	MF6_006318	True
GCF_001718775.1	MF6_001079	False
GCF_001718775.1	MF6_002734	True
GCF_001718775.1	MF6_003184	False
GCF_001718775.1	MF6_003684	False
GCF_001718775.1	MF6_003684_Cterm	False
GCF_001718775.1	MF6_003686	False
GCF_001718775.1	MF6_003843	False
GCF_001718775.1	MF6_004284	False
GCF_001718775.1	MF6_004284_Cterm	False
GCF_001718775.1	MF6_004285	False
GCF_001718775.1	MF6_004947	False
GCF_001718775.1	MF6_006318	True
GCF_001718795.1	MF6_001079	False
GCF_001718795.1	MF6_002734	True
GCF_001718795.1	MF6_003184	False
GCF_001718795.1	MF6_003684	False
GCF_001718795.1	MF6_003684_Cterm	False
GCF_001718795.1	MF6_003686	False
GCF_001718795.1	MF6_003843	False
GCF_001718795.1	MF6_004284	False
GCF_001718795.1	MF6_004284_Cterm	False
GCF_001718795.1	MF6_004285	False
GCF_001718795.1	MF6_004947	False
GCF_001718795.1	MF6_006318	True
GCF_001718815.1	MF6_001079	False
GCF_001718815.1	MF6_002734	True
GCF_001718815.1	MF6_003184	False
GCF_001718815.1	MF6_003684	False
GCF_001718815.1	MF6_003684_Cterm	False
GCF_001718815.1	MF6_003686	False
GCF_001718815.1	MF6_003843	False
GCF_001718815.1	MF6_004284	False
GCF_001718815.1	MF6_004284_Cterm	False
GCF_001718815.1	MF6_004285	False
GCF_001718815.1	MF6_004947	False
GCF_001718815.1	MF6_006318	True
GCF_001718835.1	MF6_001079	False
GCF_001718835.1	MF6_002734	True
GCF_001718835.1	MF6_003184	False
GCF_001718835.1	MF6_003684	False
GCF_001718835.1	MF6_003684_Cterm	False
GCF_001718835.1	MF6_003686	False
GCF_001718835.1	MF6_003843	True
GCF_001718835.1	MF6_004284	False
GCF_001718835.1	MF6_004284_Cterm	False
GCF_001718835.1	MF6_004285	False
GCF_001718835.1	MF6_004947	True
GCF_001718835.1	MF6_006318	True
GCF_001718855.1	MF6_001079	False
GCF_001718855.1	MF6_002734	True
GCF_001718855.1	MF6_003184	False
GCF_001718855.1	MF6_003684	False
GCF_001718855.1	MF6_003684_Cterm	False
GCF_001718855.1	MF6_003686	False
GCF_001718855.1	MF6_003843	True
GCF_001718855.1	MF6_004284	False
GCF_001718855.1	MF6_004284_Cterm	False
GCF_001718855.1	MF6_004285	False
GCF_001718855.1	MF6_004947	True
GCF_001718855.1	MF6_006318	True
GCF_001718875.1	MF6_001079	False
GCF_001718875.1	MF6_002734	True
GCF_001718875.1	MF6_003184	False
GCF_001718875.1	MF6_003684	False
GCF_001718875.1	MF6_003684_Cterm	False
GCF_001718875.1	MF6_003686	False
GCF_001718875.1	MF6_003843	True
GCF_001718875.1	MF6_004284	False
GCF_001718875.1	MF6_004284_Cterm	False
GCF_001718875.1	MF6_004285	False
GCF_001718875.1	MF6_004947	True
GCF_001718875.1	MF6_006318	True
GCF_001718895.1	MF6_001079	False
GCF_001718895.1	MF6_002734	True
GCF_001718895.1	MF6_003184	False
GCF_001718895.1	MF6_003684	False
GCF_001718895.1	MF6_003684_Cterm	False
GCF_001718895.1	MF6_003686	False
GCF_001718895.1	MF6_003843	True
GCF_001718895.1	MF6_004284	False
GCF_001718895.1	MF6_004284_Cterm	False
GCF_001718895.1	MF6_004285	False
GCF_001718895.1	MF6_004947	True
GCF_001718895.1	MF6_006318	True
GCF_001718915.1	MF6_001079	False
GCF_001718915.1	MF6_002734	True
GCF_001718915.1	MF6_003184	False
GCF_001718915.1	MF6_003684	False
GCF_001718915.1	MF6_003684_Cterm	False
GCF_001718915.1	MF6_003686	False
GCF_001718915.1	MF6_003843	False
GCF_001718915.1	MF6_004284	False
GCF_001718915.1	MF6_004284_Cterm	False
GCF_001718915.1	MF6_004285	False
GCF_001718915.1	MF6_004947	False
GCF_001718915.1	MF6_006318	True
GCF_001718955.1	MF6_001079	False
GCF_001718955.1	MF6_002734	True
GCF_001718955.1	MF6_003184	False
GCF_001718955.1	MF6_003684	False
GCF_001718955.1	MF6_003684_Cterm	False
GCF_001718955.1	MF6_003686	False
GCF_001718955.1	MF6_003843	True
GCF_001718955.1	MF6_004284	False
GCF_001718955.1	MF6_004284_Cterm	False
GCF_001718955.1	MF6_004285	False
GCF_001718955.1	MF6_004947	True
GCF_001718955.1	MF6_006318	True
GCF_001718975.1	MF6_001079	False
GCF_001718975.1	MF6_002734	True
GCF_001718975.1	MF6_003184	False
GCF_001718975.1	MF6_003684	False
GCF_001718975.1	MF6_003684_Cterm	False
GCF_001718975.1	MF6_003686	False
GCF_001718975.1	MF6_003843	True
GCF_001718975.1	MF6_004284	False
GCF_001718975.1	MF6_004284_Cterm	False
GCF_001718975.1	MF6_004285	False
GCF_001718975.1	MF6_004947	True
GCF_001718975.1	MF6_006318	True
GCF_001718995.1	MF6_001079	False
GCF_001718995.1	MF6_002734	True
GCF_001718995.1	MF6_003184	False
GCF_001718995.1	MF6_003684	False
GCF_001718995.1	MF6_003684_Cterm	False
GCF_001718995.1	MF6_003686	False
GCF_001718995.1	MF6_003843	False
GCF_001718995.1	MF6_004284	False
GCF_001718995.1	MF6_004284_Cterm	False
GCF_001718995.1	MF6_004285	False
GCF_001718995.1	MF6_004947	False
GCF_001718995.1	MF6_006318	True
GCF_001729545.1	MF6_001079	False
GCF_001729545.1	MF6_002734	True
GCF_001729545.1	MF6_003184	False
GCF_001729545.1	MF6_003684	False
GCF_001729545.1	MF6_003684_Cterm	False
GCF_001729545.1	MF6_003686	False
GCF_001729545.1	MF6_003843	True
GCF_001729545.1	MF6_004284	False
GCF_001729545.1	MF6_004284_Cterm	False
GCF_001729545.1	MF6_004285	False
GCF_001729545.1	MF6_004947	True
GCF_001729545.1	MF6_006318	True
GCF_001742165.1	MF6_001079	False
GCF_001742165.1	MF6_002734	True
GCF_001742165.1	MF6_003184	False
GCF_001742165.1	MF6_003684	False
GCF_001742165.1	MF6_003684_Cterm	False
GCF_001742165.1	MF6_003686	False
GCF_001742165.1	MF6_003843	True
GCF_001742165.1	MF6_004284	False
GCF_001742165.1	MF6_004284_Cterm	False
GCF_001742165.1	MF6_004285	False
GCF_001742165.1	MF6_004947	True
GCF_001742165.1	MF6_006318	True
GCF_001865575.2	MF6_001079	False
GCF_001865575.2	MF6_002734	False
GCF_001865575.2	MF6_003184	False
GCF_001865575.2	MF6_003684	False
GCF_001865575.2	MF6_003684_Cterm	False
GCF_001865575.2	MF6_003686	False
GCF_001865575.2	MF6_003843	False
GCF_001865575.2	MF6_004284	False
GCF_001865575.2	MF6_004284_Cterm	False
GCF_001865575.2	MF6_004285	False
GCF_001865575.2	MF6_004947	False
GCF_001865575.2	MF6_006318	False
GCF_001885195.1	MF6_001079	False
GCF_001885195.1	MF6_002734	True
GCF_001885195.1	MF6_003184	False
GCF_001885195.1	MF6_003684	False
GCF_001885195.1	MF6_003684_Cterm	False
GCF_001885195.1	MF6_003686	False
GCF_001885195.1	MF6_003843	True
GCF_001885195.1	MF6_004284	False
GCF_001885195.1	MF6_004284_Cterm	False
GCF_001885195.1	MF6_004285	False
GCF_001885195.1	MF6_004947	True
GCF_001885195.1	MF6_006318	True
GCF_001887555.1	MF6_001079	False
GCF_001887555.1	MF6_002734	True
GCF_001887555.1	MF6_003184	False
GCF_001887555.1	MF6_003684	False
GCF_001887555.1	MF6_003684_Cterm	False
GCF_001887555.1	MF6_003686	False
GCF_001887555.1	MF6_003843	True
GCF_001887555.1	MF6_004284	False
GCF_001887555.1	MF6_004284_Cterm	False
GCF_001887555.1	MF6_004285	False
GCF_001887555.1	MF6_004947	True
GCF_001887555.1	MF6_006318	True
GCF_001887575.1	MF6_001079	False
GCF_001887575.1	MF6_002734	True
GCF_001887575.1	MF6_003184	False
GCF_001887575.1	MF6_003684	False
GCF_001887575.1	MF6_003684_Cterm	False
GCF_001887575.1	MF6_003686	False
GCF_001887575.1	MF6_003843	True
GCF_001887575.1	MF6_004284	False
GCF_001887575.1	MF6_004284_Cterm	False
GCF_001887575.1	MF6_004285	False
GCF_001887575.1	MF6_004947	True
GCF_001887575.1	MF6_006318	True
GCF_001922345.1	MF6_001079	False
GCF_001922345.1	MF6_002734	False
GCF_001922345.1	MF6_003184	False
GCF_001922345.1	MF6_003684	False
GCF_001922345.1	MF6_003684_Cterm	False
GCF_001922345.1	MF6_003686	False
GCF_001922345.1	MF6_003843	False
GCF_001922345.1	MF6_004284	False
GCF_001922345.1	MF6_004284_Cterm	False
GCF_001922345.1	MF6_004285	False
GCF_001922345.1	MF6_004947	False
GCF_001922345.1	MF6_006318	False
GCF_001974745.1	MF6_001079	False
GCF_001974745.1	MF6_002734	True
GCF_001974745.1	MF6_003184	False
GCF_001974745.1	MF6_003684_Cterm	False
GCF_001974745.1	MF6_003686	False
GCF_001974745.1	MF6_003843	True
GCF_001974745.1	MF6_004284_Cterm	False
GCF_001974745.1	MF6_004285	False
GCF_001974745.1	MF6_004947	True
GCF_001974745.1	MF6_006318	True
GCF_001975065.1	MF6_001079	False
GCF_001975065.1	MF6_002734	True
GCF_001975065.1	MF6_003184	False
GCF_001975065.1	MF6_003684	False
GCF_001975065.1	MF6_003684_Cterm	False
GCF_001975065.1	MF6_003686	False
GCF_001975065.1	MF6_003843	True
GCF_001975065.1	MF6_004284	False
GCF_001975065.1	MF6_004284_Cterm	False
GCF_001975065.1	MF6_004285	False
GCF_001975065.1	MF6_004947	True
GCF_001975065.1	MF6_006318	True
GCF_001975085.1	MF6_001079	False
GCF_001975085.1	MF6_002734	True
GCF_001975085.1	MF6_003184	False
GCF_001975085.1	MF6_003684	False
GCF_001975085.1	MF6_003684_Cterm	False
GCF_001975085.1	MF6_003686	False
GCF_001975085.1	MF6_003843	True
GCF_001975085.1	MF6_004284	False
GCF_001975085.1	MF6_004284_Cterm	False
GCF_001975085.1	MF6_004285	False
GCF_001975085.1	MF6_004947	True
GCF_001975085.1	MF6_006318	True
GCF_001975105.1	MF6_001079	False
GCF_001975105.1	MF6_002734	True
GCF_001975105.1	MF6_003184	False
GCF_001975105.1	MF6_003684	False
GCF_001975105.1	MF6_003684_Cterm	False
GCF_001975105.1	MF6_003686	False
GCF_001975105.1	MF6_003843	True
GCF_001975105.1	MF6_004284	False
GCF_001975105.1	MF6_004284_Cterm	False
GCF_001975105.1	MF6_004285	False
GCF_001975105.1	MF6_004947	True
GCF_001975105.1	MF6_006318	True
GCF_001975125.1	MF6_001079	False
GCF_001975125.1	MF6_002734	True
GCF_001975125.1	MF6_003184	False
GCF_001975125.1	MF6_003684	False
GCF_001975125.1	MF6_003684_Cterm	False
GCF_001975125.1	MF6_003686	False
GCF_001975125.1	MF6_003843	True
GCF_001975125.1	MF6_004284	False
GCF_001975125.1	MF6_004284_Cterm	False
GCF_001975125.1	MF6_004285	False
GCF_001975125.1	MF6_004947	True
GCF_001975125.1	MF6_006318	True
GCF_001975145.1	MF6_001079	False
GCF_001975145.1	MF6_002734	True
GCF_001975145.1	MF6_003184	False
GCF_001975145.1	MF6_003684	False
GCF_001975145.1	MF6_003684_Cterm	False
GCF_001975145.1	MF6_003686	False
GCF_001975145.1	MF6_003843	True
GCF_001975145.1	MF6_004284	False
GCF_001975145.1	MF6_004284_Cterm	False
GCF_001975145.1	MF6_004285	False
GCF_001975145.1	MF6_004947	True
GCF_001975145.1	MF6_006318	True
GCF_001980585.2	MF6_001079	False
GCF_001980585.2	MF6_002734	True
GCF_001980585.2	MF6_003184	False
GCF_001980585.2	MF6_003684	False
GCF_001980585.2	MF6_003684_Cterm	False
GCF_001980585.2	MF6_003686	False
GCF_001980585.2	MF6_003843	True
GCF_001980585.2	MF6_004284	False
GCF_001980585.2	MF6_004284_Cterm	False
GCF_001980585.2	MF6_004285	False
GCF_001980585.2	MF6_004947	True
GCF_001980585.2	MF6_006318	True
GCF_001988975.1	MF6_001079	False
GCF_001988975.1	MF6_002734	False
GCF_001988975.1	MF6_003184	False
GCF_001988975.1	MF6_003684_Cterm	False
GCF_001988975.1	MF6_003686	False
GCF_001988975.1	MF6_003843	False
GCF_001988975.1	MF6_004284_Cterm	False
GCF_001988975.1	MF6_004285	False
GCF_001988975.1	MF6_004947	False
GCF_001988975.1	MF6_006318	False
GCF_001999785.1	MF6_001079	False
GCF_001999785.1	MF6_002734	True
GCF_001999785.1	MF6_003184	False
GCF_001999785.1	MF6_003684	False
GCF_001999785.1	MF6_003684_Cterm	False
GCF_001999785.1	MF6_003686	False
GCF_001999785.1	MF6_003843	True
GCF_001999785.1	MF6_004284	False
GCF_001999785.1	MF6_004284_Cterm	False
GCF_001999785.1	MF6_004285	False
GCF_001999785.1	MF6_004947	True
GCF_001999785.1	MF6_006318	True
GCF_001999805.1	MF6_001079	False
GCF_001999805.1	MF6_002734	True
GCF_001999805.1	MF6_003184	False
GCF_001999805.1	MF6_003684_Cterm	False
GCF_001999805.1	MF6_003686	False
GCF_001999805.1	MF6_003843	True
GCF_001999805.1	MF6_004284_Cterm	False
GCF_001999805.1	MF6_004285	False
GCF_001999805.1	MF6_004947	True
GCF_001999805.1	MF6_006318	True
GCF_001999825.1	MF6_001079	False
GCF_001999825.1	MF6_002734	True
GCF_001999825.1	MF6_003184	False
GCF_001999825.1	MF6_003684	False
GCF_001999825.1	MF6_003684_Cterm	False
GCF_001999825.1	MF6_003686	False
GCF_001999825.1	MF6_003843	True
GCF_001999825.1	MF6_004284	False
GCF_001999825.1	MF6_004284_Cterm	False
GCF_001999825.1	MF6_004285	False
GCF_001999825.1	MF6_004947	True
GCF_001999825.1	MF6_006318	True
GCF_001999885.1	MF6_001079	False
GCF_001999885.1	MF6_002734	True
GCF_001999885.1	MF6_003184	False
GCF_001999885.1	MF6_003684	False
GCF_001999885.1	MF6_003684_Cterm	False
GCF_001999885.1	MF6_003686	False
GCF_001999885.1	MF6_003843	True
GCF_001999885.1	MF6_004284	False
GCF_001999885.1	MF6_004284_Cterm	False
GCF_001999885.1	MF6_004285	False
GCF_001999885.1	MF6_004947	True
GCF_001999885.1	MF6_006318	True
GCF_001999925.1	MF6_001079	False
GCF_001999925.1	MF6_002734	True
GCF_001999925.1	MF6_003184	False
GCF_001999925.1	MF6_003684_Cterm	False
GCF_001999925.1	MF6_003686	False
GCF_001999925.1	MF6_003843	True
GCF_001999925.1	MF6_004284_Cterm	False
GCF_001999925.1	MF6_004285	False
GCF_001999925.1	MF6_004947	True
GCF_001999925.1	MF6_006318	True
GCF_002007585.1	MF6_001079	False
GCF_002007585.1	MF6_002734	True
GCF_002007585.1	MF6_003184	False
GCF_002007585.1	MF6_003684	False
GCF_002007585.1	MF6_003684_Cterm	False
GCF_002007585.1	MF6_003686	False
GCF_002007585.1	MF6_003843	True
GCF_002007585.1	MF6_004284	False
GCF_002007585.1	MF6_004284_Cterm	False
GCF_002007585.1	MF6_004285	False
GCF_002007585.1	MF6_004947	True
GCF_002007585.1	MF6_006318	True
GCF_002083015.1	MF6_001079	False
GCF_002083015.1	MF6_002734	True
GCF_002083015.1	MF6_003184	False
GCF_002083015.1	MF6_003684_Cterm	False
GCF_002083015.1	MF6_003686	False
GCF_002083015.1	MF6_003843	True
GCF_002083015.1	MF6_004284_Cterm	False
GCF_002083015.1	MF6_004285	False
GCF_002083015.1	MF6_004947	True
GCF_002083015.1	MF6_006318	True
GCF_002097715.1	MF6_001079	False
GCF_002097715.1	MF6_002734	True
GCF_002097715.1	MF6_003184	False
GCF_002097715.1	MF6_003684	False
GCF_002097715.1	MF6_003684_Cterm	False
GCF_002097715.1	MF6_003686	False
GCF_002097715.1	MF6_003843	True
GCF_002097715.1	MF6_004284	False
GCF_002097715.1	MF6_004284_Cterm	False
GCF_002097715.1	MF6_004285	False
GCF_002097715.1	MF6_004947	True
GCF_002097715.1	MF6_006318	True
GCF_002110925.1	MF6_001079	False
GCF_002110925.1	MF6_002734	True
GCF_002110925.1	MF6_003184	False
GCF_002110925.1	MF6_003684_Cterm	False
GCF_002110925.1	MF6_003686	False
GCF_002110925.1	MF6_003843	True
GCF_002110925.1	MF6_004284_Cterm	False
GCF_002110925.1	MF6_004285	False
GCF_002110925.1	MF6_004947	True
GCF_002110925.1	MF6_006318	True
GCF_002110945.1	MF6_001079	False
GCF_002110945.1	MF6_002734	True
GCF_002110945.1	MF6_003184	False
GCF_002110945.1	MF6_003684	False
GCF_002110945.1	MF6_003684_Cterm	False
GCF_002110945.1	MF6_003686	False
GCF_002110945.1	MF6_003843	True
GCF_002110945.1	MF6_004284	False
GCF_002110945.1	MF6_004284_Cterm	False
GCF_002110945.1	MF6_004285	False
GCF_002110945.1	MF6_004947	True
GCF_002110945.1	MF6_006318	True
GCF_002110965.1	MF6_001079	False
GCF_002110965.1	MF6_002734	True
GCF_002110965.1	MF6_003184	False
GCF_002110965.1	MF6_003684	False
GCF_002110965.1	MF6_003684_Cterm	False
GCF_002110965.1	MF6_003686	False
GCF_002110965.1	MF6_003843	True
GCF_002110965.1	MF6_004284	False
GCF_002110965.1	MF6_004284_Cterm	False
GCF_002110965.1	MF6_004285	False
GCF_002110965.1	MF6_004947	True
GCF_002110965.1	MF6_006318	True
GCF_002110985.1	MF6_001079	False
GCF_002110985.1	MF6_002734	True
GCF_002110985.1	MF6_003184	False
GCF_002110985.1	MF6_003684_Cterm	False
GCF_002110985.1	MF6_003686	False
GCF_002110985.1	MF6_003843	True
GCF_002110985.1	MF6_004284_Cterm	False
GCF_002110985.1	MF6_004285	False
GCF_002110985.1	MF6_004947	True
GCF_002110985.1	MF6_006318	True
GCF_002111005.1	MF6_001079	False
GCF_002111005.1	MF6_002734	True
GCF_002111005.1	MF6_003184	False
GCF_002111005.1	MF6_003684	False
GCF_002111005.1	MF6_003684_Cterm	False
GCF_002111005.1	MF6_003686	False
GCF_002111005.1	MF6_003843	True
GCF_002111005.1	MF6_004284	False
GCF_002111005.1	MF6_004284_Cterm	False
GCF_002111005.1	MF6_004285	False
GCF_002111005.1	MF6_004947	True
GCF_002111005.1	MF6_006318	True
GCF_002111025.1	MF6_001079	False
GCF_002111025.1	MF6_002734	True
GCF_002111025.1	MF6_003184	False
GCF_002111025.1	MF6_003684	False
GCF_002111025.1	MF6_003684_Cterm	False
GCF_002111025.1	MF6_003686	False
GCF_002111025.1	MF6_003843	True
GCF_002111025.1	MF6_004284	False
GCF_002111025.1	MF6_004284_Cterm	False
GCF_002111025.1	MF6_004285	False
GCF_002111025.1	MF6_004947	True
GCF_002111025.1	MF6_006318	True
GCF_002111045.1	MF6_001079	False
GCF_002111045.1	MF6_002734	True
GCF_002111045.1	MF6_003184	False
GCF_002111045.1	MF6_003684	False
GCF_002111045.1	MF6_003684_Cterm	False
GCF_002111045.1	MF6_003686	False
GCF_002111045.1	MF6_003843	True
GCF_002111045.1	MF6_004284	False
GCF_002111045.1	MF6_004284_Cterm	False
GCF_002111045.1	MF6_004285	False
GCF_002111045.1	MF6_004947	True
GCF_002111045.1	MF6_006318	True
GCF_002111065.1	MF6_001079	False
GCF_002111065.1	MF6_002734	True
GCF_002111065.1	MF6_003184	False
GCF_002111065.1	MF6_003684_Cterm	False
GCF_002111065.1	MF6_003686	False
GCF_002111065.1	MF6_003843	True
GCF_002111065.1	MF6_004284_Cterm	False
GCF_002111065.1	MF6_004285	False
GCF_002111065.1	MF6_004947	True
GCF_002111065.1	MF6_006318	True
GCF_002111085.1	MF6_001079	False
GCF_002111085.1	MF6_002734	True
GCF_002111085.1	MF6_003184	False
GCF_002111085.1	MF6_003684	False
GCF_002111085.1	MF6_003684_Cterm	False
GCF_002111085.1	MF6_003686	False
GCF_002111085.1	MF6_003843	True
GCF_002111085.1	MF6_004284	False
GCF_002111085.1	MF6_004284_Cterm	False
GCF_002111085.1	MF6_004285	False
GCF_002111085.1	MF6_004947	True
GCF_002111085.1	MF6_006318	True
GCF_002111105.1	MF6_001079	False
GCF_002111105.1	MF6_002734	True
GCF_002111105.1	MF6_003184	False
GCF_002111105.1	MF6_003684	False
GCF_002111105.1	MF6_003684_Cterm	False
GCF_002111105.1	MF6_003686	False
GCF_002111105.1	MF6_003843	True
GCF_002111105.1	MF6_004284	False
GCF_002111105.1	MF6_004284_Cterm	False
GCF_002111105.1	MF6_004285	False
GCF_002111105.1	MF6_004947	True
GCF_002111105.1	MF6_006318	True
GCF_002111125.1	MF6_001079	False
GCF_002111125.1	MF6_002734	True
GCF_002111125.1	MF6_003184	False
GCF_002111125.1	MF6_003684	False
GCF_002111125.1	MF6_003684_Cterm	False
GCF_002111125.1	MF6_003686	False
GCF_002111125.1	MF6_003843	True
GCF_002111125.1	MF6_004284	False
GCF_002111125.1	MF6_004284_Cterm	False
GCF_002111125.1	MF6_004285	False
GCF_002111125.1	MF6_004947	True
GCF_002111125.1	MF6_006318	True
GCF_002111145.1	MF6_001079	False
GCF_002111145.1	MF6_002734	True
GCF_002111145.1	MF6_003184	False
GCF_002111145.1	MF6_003684	False
GCF_002111145.1	MF6_003684_Cterm	False
GCF_002111145.1	MF6_003686	False
GCF_002111145.1	MF6_003843	True
GCF_002111145.1	MF6_004284	False
GCF_002111145.1	MF6_004284_Cterm	False
GCF_002111145.1	MF6_004285	False
GCF_002111145.1	MF6_004947	True
GCF_002111145.1	MF6_006318	True
GCF_002111165.1	MF6_001079	False
GCF_002111165.1	MF6_002734	True
GCF_002111165.1	MF6_003184	False
GCF_002111165.1	MF6_003684	False
GCF_002111165.1	MF6_003684_Cterm	False
GCF_002111165.1	MF6_003686	False
GCF_002111165.1	MF6_003843	True
GCF_002111165.1	MF6_004284	False
GCF_002111165.1	MF6_004284_Cterm	False
GCF_002111165.1	MF6_004285	False
GCF_002111165.1	MF6_004947	True
GCF_002111165.1	MF6_006318	True
GCF_002111185.1	MF6_001079	False
GCF_002111185.1	MF6_002734	True
GCF_002111185.1	MF6_003184	False
GCF_002111185.1	MF6_003684_Cterm	False
GCF_002111185.1	MF6_003686	False
GCF_002111185.1	MF6_003843	True
GCF_002111185.1	MF6_004284_Cterm	False
GCF_002111185.1	MF6_004285	False
GCF_002111185.1	MF6_004947	True
GCF_002111185.1	MF6_006318	True
GCF_002111205.1	MF6_001079	False
GCF_002111205.1	MF6_002734	True
GCF_002111205.1	MF6_003184	False
GCF_002111205.1	MF6_003684	False
GCF_002111205.1	MF6_003684_Cterm	False
GCF_002111205.1	MF6_003686	False
GCF_002111205.1	MF6_003843	True
GCF_002111205.1	MF6_004284	False
GCF_002111205.1	MF6_004284_Cterm	False
GCF_002111205.1	MF6_004285	False
GCF_002111205.1	MF6_004947	True
GCF_002111205.1	MF6_006318	True
GCF_002111225.1	MF6_001079	False
GCF_002111225.1	MF6_002734	True
GCF_002111225.1	MF6_003184	False
GCF_002111225.1	MF6_003684	False
GCF_002111225.1	MF6_003684_Cterm	False
GCF_002111225.1	MF6_003686	False
GCF_002111225.1	MF6_003843	True
GCF_002111225.1	MF6_004284	False
GCF_002111225.1	MF6_004284_Cterm	False
GCF_002111225.1	MF6_004285	False
GCF_002111225.1	MF6_004947	True
GCF_002111225.1	MF6_006318	True
GCF_002111245.1	MF6_001079	False
GCF_002111245.1	MF6_002734	True
GCF_002111245.1	MF6_003184	False
GCF_002111245.1	MF6_003684	False
GCF_002111245.1	MF6_003684_Cterm	False
GCF_002111245.1	MF6_003686	False
GCF_002111245.1	MF6_003843	True
GCF_002111245.1	MF6_004284	False
GCF_002111245.1	MF6_004284_Cterm	False
GCF_002111245.1	MF6_004285	False
GCF_002111245.1	MF6_004947	True
GCF_002111245.1	MF6_006318	True
GCF_002111265.1	MF6_001079	False
GCF_002111265.1	MF6_002734	True
GCF_002111265.1	MF6_003184	False
GCF_002111265.1	MF6_003684	False
GCF_002111265.1	MF6_003684_Cterm	False
GCF_002111265.1	MF6_003686	False
GCF_002111265.1	MF6_003843	True
GCF_002111265.1	MF6_004284	False
GCF_002111265.1	MF6_004284_Cterm	False
GCF_002111265.1	MF6_004285	False
GCF_002111265.1	MF6_004947	True
GCF_002111265.1	MF6_006318	True
GCF_002111285.1	MF6_001079	False
GCF_002111285.1	MF6_002734	True
GCF_002111285.1	MF6_003184	False
GCF_002111285.1	MF6_003684	False
GCF_002111285.1	MF6_003684_Cterm	False
GCF_002111285.1	MF6_003686	False
GCF_002111285.1	MF6_003843	True
GCF_002111285.1	MF6_004284	False
GCF_002111285.1	MF6_004284_Cterm	False
GCF_002111285.1	MF6_004285	False
GCF_002111285.1	MF6_004947	True
GCF_002111285.1	MF6_006318	True
GCF_002111305.1	MF6_001079	False
GCF_002111305.1	MF6_002734	True
GCF_002111305.1	MF6_003184	False
GCF_002111305.1	MF6_003684	False
GCF_002111305.1	MF6_003684_Cterm	False
GCF_002111305.1	MF6_003686	False
GCF_002111305.1	MF6_003843	True
GCF_002111305.1	MF6_004284	False
GCF_002111305.1	MF6_004284_Cterm	False
GCF_002111305.1	MF6_004285	False
GCF_002111305.1	MF6_004947	True
GCF_002111305.1	MF6_006318	True
GCF_002111325.1	MF6_001079	False
GCF_002111325.1	MF6_002734	True
GCF_002111325.1	MF6_003184	False
GCF_002111325.1	MF6_003684	False
GCF_002111325.1	MF6_003684_Cterm	False
GCF_002111325.1	MF6_003686	False
GCF_002111325.1	MF6_003843	True
GCF_002111325.1	MF6_004284	False
GCF_002111325.1	MF6_004284_Cterm	False
GCF_002111325.1	MF6_004285	False
GCF_002111325.1	MF6_004947	True
GCF_002111325.1	MF6_006318	True
GCF_002111345.1	MF6_001079	False
GCF_002111345.1	MF6_002734	True
GCF_002111345.1	MF6_003184	False
GCF_002111345.1	MF6_003684	False
GCF_002111345.1	MF6_003684_Cterm	False
GCF_002111345.1	MF6_003686	False
GCF_002111345.1	MF6_003843	True
GCF_002111345.1	MF6_004284	False
GCF_002111345.1	MF6_004284_Cterm	False
GCF_002111345.1	MF6_004285	False
GCF_002111345.1	MF6_004947	True
GCF_002111345.1	MF6_006318	True
GCF_002111365.1	MF6_001079	False
GCF_002111365.1	MF6_002734	True
GCF_002111365.1	MF6_003184	False
GCF_002111365.1	MF6_003684	False
GCF_002111365.1	MF6_003684_Cterm	False
GCF_002111365.1	MF6_003686	False
GCF_002111365.1	MF6_003843	True
GCF_002111365.1	MF6_004284	False
GCF_002111365.1	MF6_004284_Cterm	False
GCF_002111365.1	MF6_004285	False
GCF_002111365.1	MF6_004947	True
GCF_002111365.1	MF6_006318	True
GCF_002111385.1	MF6_001079	False
GCF_002111385.1	MF6_002734	True
GCF_002111385.1	MF6_003184	False
GCF_002111385.1	MF6_003684	False
GCF_002111385.1	MF6_003684_Cterm	False
GCF_002111385.1	MF6_003686	False
GCF_002111385.1	MF6_003843	True
GCF_002111385.1	MF6_004284	False
GCF_002111385.1	MF6_004284_Cterm	False
GCF_002111385.1	MF6_004285	False
GCF_002111385.1	MF6_004947	True
GCF_002111385.1	MF6_006318	True
GCF_002208175.1	MF6_001079	False
GCF_002208175.1	MF6_002734	True
GCF_002208175.1	MF6_003184	True
GCF_002208175.1	MF6_003684	False
GCF_002208175.1	MF6_003684_Cterm	False
GCF_002208175.1	MF6_003686	False
GCF_002208175.1	MF6_003843	False
GCF_002208175.1	MF6_004284	False
GCF_002208175.1	MF6_004284_Cterm	False
GCF_002208175.1	MF6_004285	False
GCF_002208175.1	MF6_004947	True
GCF_002208175.1	MF6_006318	True
GCF_002209085.2	MF6_001079	False
GCF_002209085.2	MF6_002734	True
GCF_002209085.2	MF6_003184	False
GCF_002209085.2	MF6_003684	False
GCF_002209085.2	MF6_003684_Cterm	False
GCF_002209085.2	MF6_003686	False
GCF_002209085.2	MF6_003843	True
GCF_002209085.2	MF6_004284	False
GCF_002209085.2	MF6_004284_Cterm	False
GCF_002209085.2	MF6_004285	False
GCF_002209085.2	MF6_004947	True
GCF_002209085.2	MF6_006318	True
GCF_002220305.1	MF6_001079	False
GCF_002220305.1	MF6_002734	False
GCF_002220305.1	MF6_003184	False
GCF_002220305.1	MF6_003684_Cterm	False
GCF_002220305.1	MF6_003686	False
GCF_002220305.1	MF6_003843	False
GCF_002220305.1	MF6_004284_Cterm	False
GCF_002220305.1	MF6_004285	False
GCF_002220305.1	MF6_004947	False
GCF_002220305.1	MF6_006318	True
GCF_002278075.1	MF6_001079	False
GCF_002278075.1	MF6_002734	False
GCF_002278075.1	MF6_003184	False
GCF_002278075.1	MF6_003684	False
GCF_002278075.1	MF6_003684_Cterm	False
GCF_002278075.1	MF6_003686	False
GCF_002278075.1	MF6_003843	False
GCF_002278075.1	MF6_004284	False
GCF_002278075.1	MF6_004284_Cterm	False
GCF_002278075.1	MF6_004285	False
GCF_002278075.1	MF6_004947	False
GCF_002278075.1	MF6_006318	False
GCF_002345985.1	MF6_001079	False
GCF_002345985.1	MF6_002734	True
GCF_002345985.1	MF6_003184	False
GCF_002345985.1	MF6_003684	False
GCF_002345985.1	MF6_003684_Cterm	False
GCF_002345985.1	MF6_003686	False
GCF_002345985.1	MF6_003843	True
GCF_002345985.1	MF6_004284	False
GCF_002345985.1	MF6_004284_Cterm	False
GCF_002345985.1	MF6_004285	False
GCF_002345985.1	MF6_004947	False
GCF_002345985.1	MF6_006318	True
GCF_002346005.1	MF6_001079	False
GCF_002346005.1	MF6_002734	True
GCF_002346005.1	MF6_003184	False
GCF_002346005.1	MF6_003684	False
GCF_002346005.1	MF6_003684_Cterm	False
GCF_002346005.1	MF6_003686	False
GCF_002346005.1	MF6_003843	True
GCF_002346005.1	MF6_004284	False
GCF_002346005.1	MF6_004284_Cterm	False
GCF_002346005.1	MF6_004285	False
GCF_002346005.1	MF6_004947	False
GCF_002346005.1	MF6_006318	True
GCF_002346025.1	MF6_001079	False
GCF_002346025.1	MF6_002734	True
GCF_002346025.1	MF6_003184	False
GCF_002346025.1	MF6_003684	False
GCF_002346025.1	MF6_003684_Cterm	False
GCF_002346025.1	MF6_003686	False
GCF_002346025.1	MF6_003843	True
GCF_002346025.1	MF6_004284	False
GCF_002346025.1	MF6_004284_Cterm	False
GCF_002346025.1	MF6_004285	False
GCF_002346025.1	MF6_004947	False
GCF_002346025.1	MF6_006318	True
GCF_002346045.1	MF6_001079	False
GCF_002346045.1	MF6_002734	True
GCF_002346045.1	MF6_003184	False
GCF_002346045.1	MF6_003684	False
GCF_002346045.1	MF6_003684_Cterm	False
GCF_002346045.1	MF6_003686	False
GCF_002346045.1	MF6_003843	True
GCF_002346045.1	MF6_004284	False
GCF_002346045.1	MF6_004284_Cterm	False
GCF_002346045.1	MF6_004285	False
GCF_002346045.1	MF6_004947	True
GCF_002346045.1	MF6_006318	True
GCF_002346065.1	MF6_001079	False
GCF_002346065.1	MF6_002734	True
GCF_002346065.1	MF6_003184	False
GCF_002346065.1	MF6_003684	False
GCF_002346065.1	MF6_003684_Cterm	False
GCF_002346065.1	MF6_003686	False
GCF_002346065.1	MF6_003843	True
GCF_002346065.1	MF6_004284	False
GCF_002346065.1	MF6_004284_Cterm	False
GCF_002346065.1	MF6_004285	False
GCF_002346065.1	MF6_004947	False
GCF_002346065.1	MF6_006318	True
GCF_002346085.1	MF6_001079	False
GCF_002346085.1	MF6_002734	True
GCF_002346085.1	MF6_003184	False
GCF_002346085.1	MF6_003684	False
GCF_002346085.1	MF6_003684_Cterm	False
GCF_002346085.1	MF6_003686	False
GCF_002346085.1	MF6_003843	True
GCF_002346085.1	MF6_004284	False
GCF_002346085.1	MF6_004284_Cterm	False
GCF_002346085.1	MF6_004285	False
GCF_002346085.1	MF6_004947	False
GCF_002346085.1	MF6_006318	True
GCF_002346105.1	MF6_001079	False
GCF_002346105.1	MF6_002734	True
GCF_002346105.1	MF6_003184	False
GCF_002346105.1	MF6_003684	False
GCF_002346105.1	MF6_003684_Cterm	False
GCF_002346105.1	MF6_003686	False
GCF_002346105.1	MF6_003843	True
GCF_002346105.1	MF6_004284	False
GCF_002346105.1	MF6_004284_Cterm	False
GCF_002346105.1	MF6_004285	False
GCF_002346105.1	MF6_004947	False
GCF_002346105.1	MF6_006318	True
GCF_002346125.1	MF6_001079	False
GCF_002346125.1	MF6_002734	True
GCF_002346125.1	MF6_003184	False
GCF_002346125.1	MF6_003684	False
GCF_002346125.1	MF6_003684_Cterm	False
GCF_002346125.1	MF6_003686	False
GCF_002346125.1	MF6_003843	True
GCF_002346125.1	MF6_004284	False
GCF_002346125.1	MF6_004284_Cterm	False
GCF_002346125.1	MF6_004285	False
GCF_002346125.1	MF6_004947	False
GCF_002346125.1	MF6_006318	True
GCF_002346145.1	MF6_001079	False
GCF_002346145.1	MF6_002734	True
GCF_002346145.1	MF6_003184	False
GCF_002346145.1	MF6_003684	False
GCF_002346145.1	MF6_003684_Cterm	False
GCF_002346145.1	MF6_003686	False
GCF_002346145.1	MF6_003843	True
GCF_002346145.1	MF6_004284	False
GCF_002346145.1	MF6_004284_Cterm	False
GCF_002346145.1	MF6_004285	False
GCF_002346145.1	MF6_004947	False
GCF_002346145.1	MF6_006318	True
GCF_002346165.1	MF6_001079	False
GCF_002346165.1	MF6_002734	True
GCF_002346165.1	MF6_003184	False
GCF_002346165.1	MF6_003684	False
GCF_002346165.1	MF6_003684_Cterm	False
GCF_002346165.1	MF6_003686	False
GCF_002346165.1	MF6_003843	True
GCF_002346165.1	MF6_004284	False
GCF_002346165.1	MF6_004284_Cterm	False
GCF_002346165.1	MF6_004285	False
GCF_002346165.1	MF6_004947	False
GCF_002346165.1	MF6_006318	True
GCF_002346185.1	MF6_001079	False
GCF_002346185.1	MF6_002734	True
GCF_002346185.1	MF6_003184	False
GCF_002346185.1	MF6_003684	False
GCF_002346185.1	MF6_003684_Cterm	False
GCF_002346185.1	MF6_003686	False
GCF_002346185.1	MF6_003843	True
GCF_002346185.1	MF6_004284	False
GCF_002346185.1	MF6_004284_Cterm	False
GCF_002346185.1	MF6_004285	False
GCF_002346185.1	MF6_004947	False
GCF_002346185.1	MF6_006318	True
GCF_002346205.1	MF6_001079	False
GCF_002346205.1	MF6_002734	True
GCF_002346205.1	MF6_003184	False
GCF_002346205.1	MF6_003684	False
GCF_002346205.1	MF6_003684_Cterm	False
GCF_002346205.1	MF6_003686	False
GCF_002346205.1	MF6_003843	True
GCF_002346205.1	MF6_004284	False
GCF_002346205.1	MF6_004284_Cterm	False
GCF_002346205.1	MF6_004285	False
GCF_002346205.1	MF6_004947	True
GCF_002346205.1	MF6_006318	True
GCF_002356275.1	MF6_001079	False
GCF_002356275.1	MF6_002734	True
GCF_002356275.1	MF6_003184	False
GCF_002356275.1	MF6_003684	False
GCF_002356275.1	MF6_003684_Cterm	False
GCF_002356275.1	MF6_003686	False
GCF_002356275.1	MF6_003843	True
GCF_002356275.1	MF6_004284	False
GCF_002356275.1	MF6_004284_Cterm	False
GCF_002356275.1	MF6_004285	False
GCF_002356275.1	MF6_004947	True
GCF_002356275.1	MF6_006318	True
GCF_002386205.1	MF6_001079	False
GCF_002386205.1	MF6_002734	True
GCF_002386205.1	MF6_003184	False
GCF_002386205.1	MF6_003684	False
GCF_002386205.1	MF6_003684_Cterm	False
GCF_002386205.1	MF6_003686	False
GCF_002386205.1	MF6_003843	True
GCF_002386205.1	MF6_004284	False
GCF_002386205.1	MF6_004284_Cterm	False
GCF_002386205.1	MF6_004285	False
GCF_002386205.1	MF6_004947	True
GCF_002386205.1	MF6_006318	True
GCF_002393425.1	MF6_001079	False
GCF_002393425.1	MF6_002734	True
GCF_002393425.1	MF6_003184	True
GCF_002393425.1	MF6_003684	False
GCF_002393425.1	MF6_003684_Cterm	False
GCF_002393425.1	MF6_003686	False
GCF_002393425.1	MF6_003843	False
GCF_002393425.1	MF6_004284	False
GCF_002393425.1	MF6_004284_Cterm	False
GCF_002393425.1	MF6_004285	False
GCF_002393425.1	MF6_004947	True
GCF_002393425.1	MF6_006318	True
GCF_002407525.2	MF6_001079	False
GCF_002407525.2	MF6_002734	True
GCF_002407525.2	MF6_003184	False
GCF_002407525.2	MF6_003684	False
GCF_002407525.2	MF6_003684_Cterm	False
GCF_002407525.2	MF6_003686	False
GCF_002407525.2	MF6_003843	True
GCF_002407525.2	MF6_004284	False
GCF_002407525.2	MF6_004284_Cterm	False
GCF_002407525.2	MF6_004285	False
GCF_002407525.2	MF6_004947	True
GCF_002407525.2	MF6_006318	True
GCF_002843645.1	MF6_001079	False
GCF_002843645.1	MF6_002734	True
GCF_002843645.1	MF6_003184	False
GCF_002843645.1	MF6_003684	False
GCF_002843645.1	MF6_003684_Cterm	False
GCF_002843645.1	MF6_003686	False
GCF_002843645.1	MF6_003843	True
GCF_002843645.1	MF6_004284	False
GCF_002843645.1	MF6_004284_Cterm	False
GCF_002843645.1	MF6_004285	False
GCF_002843645.1	MF6_004947	True
GCF_002843645.1	MF6_006318	True
GCF_002860065.1	MF6_001079	False
GCF_002860065.1	MF6_002734	True
GCF_002860065.1	MF6_003184	False
GCF_002860065.1	MF6_003684	False
GCF_002860065.1	MF6_003684_Cterm	False
GCF_002860065.1	MF6_003686	False
GCF_002860065.1	MF6_003843	True
GCF_002860065.1	MF6_004284	False
GCF_002860065.1	MF6_004284_Cterm	False
GCF_002860065.1	MF6_004285	False
GCF_002860065.1	MF6_004947	True
GCF_002860065.1	MF6_006318	True
GCF_002902925.1	MF6_001079	False
GCF_002902925.1	MF6_002734	False
GCF_002902925.1	MF6_003184	False
GCF_002902925.1	MF6_003684	False
GCF_002902925.1	MF6_003684_Cterm	False
GCF_002902925.1	MF6_003686	False
GCF_002902925.1	MF6_003843	False
GCF_002902925.1	MF6_004284	False
GCF_002902925.1	MF6_004284_Cterm	False
GCF_002902925.1	MF6_004285	False
GCF_002902925.1	MF6_004947	False
GCF_002902925.1	MF6_006318	False
GCF_002902945.1	MF6_001079	False
GCF_002902945.1	MF6_002734	False
GCF_002902945.1	MF6_003184	False
GCF_002902945.1	MF6_003684	False
GCF_002902945.1	MF6_003684_Cterm	False
GCF_002902945.1	MF6_003686	False
GCF_002902945.1	MF6_003843	False
GCF_002902945.1	MF6_004284	False
GCF_002902945.1	MF6_004284_Cterm	False
GCF_002902945.1	MF6_004285	False
GCF_002902945.1	MF6_004947	False
GCF_002902945.1	MF6_006318	False
GCF_002902965.1	MF6_001079	False
GCF_002902965.1	MF6_002734	False
GCF_002902965.1	MF6_003184	False
GCF_002902965.1	MF6_003684	False
GCF_002902965.1	MF6_003684_Cterm	False
GCF_002902965.1	MF6_003686	False
GCF_002902965.1	MF6_003843	False
GCF_002902965.1	MF6_004284	False
GCF_002902965.1	MF6_004284_Cterm	False
GCF_002902965.1	MF6_004285	False
GCF_002902965.1	MF6_004947	False
GCF_002902965.1	MF6_006318	False
GCF_002924455.1	MF6_001079	False
GCF_002924455.1	MF6_002734	True
GCF_002924455.1	MF6_003184	False
GCF_002924455.1	MF6_003684_Cterm	False
GCF_002924455.1	MF6_003686	False
GCF_002924455.1	MF6_003843	True
GCF_002924455.1	MF6_004284_Cterm	False
GCF_002924455.1	MF6_004285	False
GCF_002924455.1	MF6_004947	True
GCF_002924455.1	MF6_006318	True
GCF_003019945.1	MF6_001079	False
GCF_003019945.1	MF6_002734	True
GCF_003019945.1	MF6_003184	True
GCF_003019945.1	MF6_003684	False
GCF_003019945.1	MF6_003684_Cterm	False
GCF_003019945.1	MF6_003686	False
GCF_003019945.1	MF6_003843	False
GCF_003019945.1	MF6_004284	True
GCF_003019945.1	MF6_004284_Cterm	False
GCF_003019945.1	MF6_004285	False
GCF_003019945.1	MF6_004947	False
GCF_003019945.1	MF6_006318	True
GCF_003019965.1	MF6_001079	False
GCF_003019965.1	MF6_002734	True
GCF_003019965.1	MF6_003184	False
GCF_003019965.1	MF6_003684	False
GCF_003019965.1	MF6_003684_Cterm	False
GCF_003019965.1	MF6_003686	False
GCF_003019965.1	MF6_003843	False
GCF_003019965.1	MF6_004284	False
GCF_003019965.1	MF6_004284_Cterm	False
GCF_003019965.1	MF6_004285	False
GCF_003019965.1	MF6_004947	False
GCF_003019965.1	MF6_006318	True
GCF_003020025.1	MF6_001079	False
GCF_003020025.1	MF6_002734	True
GCF_003020025.1	MF6_003184	False
GCF_003020025.1	MF6_003684	False
GCF_003020025.1	MF6_003684_Cterm	False
GCF_003020025.1	MF6_003686	False
GCF_003020025.1	MF6_003843	True
GCF_003020025.1	MF6_004284	False
GCF_003020025.1	MF6_004284_Cterm	False
GCF_003020025.1	MF6_004285	False
GCF_003020025.1	MF6_004947	True
GCF_003020025.1	MF6_006318	True
GCF_003020185.1	MF6_001079	False
GCF_003020185.1	MF6_002734	True
GCF_003020185.1	MF6_003184	False
GCF_003020185.1	MF6_003684	False
GCF_003020185.1	MF6_003684_Cterm	False
GCF_003020185.1	MF6_003686	False
GCF_003020185.1	MF6_003843	True
GCF_003020185.1	MF6_004284	False
GCF_003020185.1	MF6_004284_Cterm	False
GCF_003020185.1	MF6_004285	False
GCF_003020185.1	MF6_004947	True
GCF_003020185.1	MF6_006318	True
GCF_003076415.1	MF6_001079	False
GCF_003076415.1	MF6_002734	True
GCF_003076415.1	MF6_003184	False
GCF_003076415.1	MF6_003684	False
GCF_003076415.1	MF6_003684_Cterm	False
GCF_003076415.1	MF6_003686	False
GCF_003076415.1	MF6_003843	True
GCF_003076415.1	MF6_004284	False
GCF_003076415.1	MF6_004284_Cterm	False
GCF_003076415.1	MF6_004285	False
GCF_003076415.1	MF6_004947	True
GCF_003076415.1	MF6_006318	True
GCF_003233675.1	MF6_001079	False
GCF_003233675.1	MF6_002734	True
GCF_003233675.1	MF6_003184	False
GCF_003233675.1	MF6_003684	False
GCF_003233675.1	MF6_003684_Cterm	False
GCF_003233675.1	MF6_003686	False
GCF_003233675.1	MF6_003843	True
GCF_003233675.1	MF6_004284	False
GCF_003233675.1	MF6_004284_Cterm	False
GCF_003233675.1	MF6_004285	False
GCF_003233675.1	MF6_004947	True
GCF_003233675.1	MF6_006318	True
GCF_003286395.1	MF6_001079	False
GCF_003286395.1	MF6_002734	False
GCF_003286395.1	MF6_003184	False
GCF_003286395.1	MF6_003684	False
GCF_003286395.1	MF6_003684_Cterm	False
GCF_003286395.1	MF6_003686	False
GCF_003286395.1	MF6_003843	False
GCF_003286395.1	MF6_004284	False
GCF_003286395.1	MF6_004284_Cterm	False
GCF_003286395.1	MF6_004285	False
GCF_003286395.1	MF6_004947	False
GCF_003286395.1	MF6_006318	False
GCF_003330745.1	MF6_001079	False
GCF_003330745.1	MF6_002734	False
GCF_003330745.1	MF6_003184	False
GCF_003330745.1	MF6_003684	False
GCF_003330745.1	MF6_003684_Cterm	False
GCF_003330745.1	MF6_003686	False
GCF_003330745.1	MF6_003843	False
GCF_003330745.1	MF6_004284	False
GCF_003330745.1	MF6_004284_Cterm	False
GCF_003330745.1	MF6_004285	False
GCF_003330745.1	MF6_004947	False
GCF_003330745.1	MF6_006318	False
GCF_003330765.1	MF6_001079	False
GCF_003330765.1	MF6_002734	True
GCF_003330765.1	MF6_003184	False
GCF_003330765.1	MF6_003684	False
GCF_003330765.1	MF6_003684_Cterm	False
GCF_003330765.1	MF6_003686	False
GCF_003330765.1	MF6_003843	False
GCF_003330765.1	MF6_004284	False
GCF_003330765.1	MF6_004284_Cterm	False
GCF_003330765.1	MF6_004285	False
GCF_003330765.1	MF6_004947	True
GCF_003330765.1	MF6_006318	True
GCF_003330785.1	MF6_001079	False
GCF_003330785.1	MF6_002734	False
GCF_003330785.1	MF6_003184	False
GCF_003330785.1	MF6_003684	False
GCF_003330785.1	MF6_003684_Cterm	False
GCF_003330785.1	MF6_003686	False
GCF_003330785.1	MF6_003843	False
GCF_003330785.1	MF6_004284	False
GCF_003330785.1	MF6_004284_Cterm	False
GCF_003330785.1	MF6_004285	False
GCF_003330785.1	MF6_004947	False
GCF_003330785.1	MF6_006318	False
GCF_003330805.1	MF6_001079	False
GCF_003330805.1	MF6_002734	False
GCF_003330805.1	MF6_003184	False
GCF_003330805.1	MF6_003684	False
GCF_003330805.1	MF6_003684_Cterm	False
GCF_003330805.1	MF6_003686	False
GCF_003330805.1	MF6_003843	False
GCF_003330805.1	MF6_004284	False
GCF_003330805.1	MF6_004284_Cterm	False
GCF_003330805.1	MF6_004285	False
GCF_003330805.1	MF6_004947	False
GCF_003330805.1	MF6_006318	False
GCF_003330825.1	MF6_001079	False
GCF_003330825.1	MF6_002734	False
GCF_003330825.1	MF6_003184	False
GCF_003330825.1	MF6_003684	False
GCF_003330825.1	MF6_003684_Cterm	False
GCF_003330825.1	MF6_003686	False
GCF_003330825.1	MF6_003843	False
GCF_003330825.1	MF6_004284	False
GCF_003330825.1	MF6_004284_Cterm	False
GCF_003330825.1	MF6_004285	False
GCF_003330825.1	MF6_004947	False
GCF_003330825.1	MF6_006318	False
GCF_003366075.1	MF6_001079	False
GCF_003366075.1	MF6_002734	True
GCF_003366075.1	MF6_003184	False
GCF_003366075.1	MF6_003684	False
GCF_003366075.1	MF6_003684_Cterm	False
GCF_003366075.1	MF6_003686	False
GCF_003366075.1	MF6_003843	False
GCF_003366075.1	MF6_004284	False
GCF_003366075.1	MF6_004284_Cterm	False
GCF_003366075.1	MF6_004285	False
GCF_003366075.1	MF6_004947	False
GCF_003366075.1	MF6_006318	True
GCF_003368325.1	MF6_001079	False
GCF_003368325.1	MF6_002734	False
GCF_003368325.1	MF6_003184	True
GCF_003368325.1	MF6_003684	False
GCF_003368325.1	MF6_003684_Cterm	False
GCF_003368325.1	MF6_003686	False
GCF_003368325.1	MF6_003843	False
GCF_003368325.1	MF6_004284	False
GCF_003368325.1	MF6_004284_Cterm	True
GCF_003368325.1	MF6_004285	False
GCF_003368325.1	MF6_004947	False
GCF_003368325.1	MF6_006318	True
GCF_003445415.1	MF6_001079	False
GCF_003445415.1	MF6_002734	True
GCF_003445415.1	MF6_003184	False
GCF_003445415.1	MF6_003684	False
GCF_003445415.1	MF6_003684_Cterm	False
GCF_003445415.1	MF6_003686	False
GCF_003445415.1	MF6_003843	True
GCF_003445415.1	MF6_004284	False
GCF_003445415.1	MF6_004284_Cterm	False
GCF_003445415.1	MF6_004285	False
GCF_003445415.1	MF6_004947	True
GCF_003445415.1	MF6_006318	True
GCF_003546465.1	MF6_001079	False
GCF_003546465.1	MF6_002734	True
GCF_003546465.1	MF6_003184	False
GCF_003546465.1	MF6_003684	False
GCF_003546465.1	MF6_003684_Cterm	False
GCF_003546465.1	MF6_003686	False
GCF_003546465.1	MF6_003843	True
GCF_003546465.1	MF6_004284	False
GCF_003546465.1	MF6_004284_Cterm	False
GCF_003546465.1	MF6_004285	False
GCF_003546465.1	MF6_004947	True
GCF_003546465.1	MF6_006318	True
GCF_003546995.3	MF6_001079	False
GCF_003546995.3	MF6_002734	True
GCF_003546995.3	MF6_003184	False
GCF_003546995.3	MF6_003684_Cterm	False
GCF_003546995.3	MF6_003686	False
GCF_003546995.3	MF6_003843	True
GCF_003546995.3	MF6_004284_Cterm	False
GCF_003546995.3	MF6_004285	False
GCF_003546995.3	MF6_004947	True
GCF_003546995.3	MF6_006318	True
GCF_003547015.1	MF6_001079	False
GCF_003547015.1	MF6_002734	True
GCF_003547015.1	MF6_003184	False
GCF_003547015.1	MF6_003684	False
GCF_003547015.1	MF6_003684_Cterm	False
GCF_003547015.1	MF6_003686	False
GCF_003547015.1	MF6_003843	True
GCF_003547015.1	MF6_004284	False
GCF_003547015.1	MF6_004284_Cterm	False
GCF_003547015.1	MF6_004285	False
GCF_003547015.1	MF6_004947	True
GCF_003547015.1	MF6_006318	True
GCF_003547035.1	MF6_001079	False
GCF_003547035.1	MF6_002734	True
GCF_003547035.1	MF6_003184	False
GCF_003547035.1	MF6_003684	False
GCF_003547035.1	MF6_003684_Cterm	False
GCF_003547035.1	MF6_003686	False
GCF_003547035.1	MF6_003843	True
GCF_003547035.1	MF6_004284	False
GCF_003547035.1	MF6_004284_Cterm	False
GCF_003547035.1	MF6_004285	False
GCF_003547035.1	MF6_004947	True
GCF_003547035.1	MF6_006318	True
GCF_003547055.1	MF6_001079	False
GCF_003547055.1	MF6_002734	True
GCF_003547055.1	MF6_003184	False
GCF_003547055.1	MF6_003684	False
GCF_003547055.1	MF6_003684_Cterm	False
GCF_003547055.1	MF6_003686	False
GCF_003547055.1	MF6_003843	True
GCF_003547055.1	MF6_004284	False
GCF_003547055.1	MF6_004284_Cterm	False
GCF_003547055.1	MF6_004285	False
GCF_003547055.1	MF6_004947	True
GCF_003547055.1	MF6_006318	True
GCF_003568605.1	MF6_001079	False
GCF_003568605.1	MF6_002734	True
GCF_003568605.1	MF6_003184	False
GCF_003568605.1	MF6_003684	False
GCF_003568605.1	MF6_003684_Cterm	False
GCF_003568605.1	MF6_003686	False
GCF_003568605.1	MF6_003843	True
GCF_003568605.1	MF6_004284	False
GCF_003568605.1	MF6_004284_Cterm	False
GCF_003568605.1	MF6_004285	False
GCF_003568605.1	MF6_004947	True
GCF_003568605.1	MF6_006318	True
GCF_003606245.1	MF6_001079	False
GCF_003606245.1	MF6_002734	True
GCF_003606245.1	MF6_003184	False
GCF_003606245.1	MF6_003684	False
GCF_003606245.1	MF6_003684_Cterm	False
GCF_003606245.1	MF6_003686	False
GCF_003606245.1	MF6_003843	True
GCF_003606245.1	MF6_004284	False
GCF_003606245.1	MF6_004284_Cterm	False
GCF_003606245.1	MF6_004285	False
GCF_003606245.1	MF6_004947	True
GCF_003606245.1	MF6_006318	True
GCF_003613595.1	MF6_001079	False
GCF_003613595.1	MF6_002734	True
GCF_003613595.1	MF6_003184	True
GCF_003613595.1	MF6_003684	False
GCF_003613595.1	MF6_003684_Cterm	False
GCF_003613595.1	MF6_003686	False
GCF_003613595.1	MF6_003843	False
GCF_003613595.1	MF6_004284	False
GCF_003613595.1	MF6_004284_Cterm	False
GCF_003613595.1	MF6_004285	False
GCF_003613595.1	MF6_004947	True
GCF_003613595.1	MF6_006318	True
GCF_003614815.1	MF6_001079	False
GCF_003614815.1	MF6_002734	True
GCF_003614815.1	MF6_003184	False
GCF_003614815.1	MF6_003684	False
GCF_003614815.1	MF6_003684_Cterm	False
GCF_003614815.1	MF6_003686	False
GCF_003614815.1	MF6_003843	True
GCF_003614815.1	MF6_004284	False
GCF_003614815.1	MF6_004284_Cterm	False
GCF_003614815.1	MF6_004285	False
GCF_003614815.1	MF6_004947	True
GCF_003614815.1	MF6_006318	True
GCF_003614835.1	MF6_001079	False
GCF_003614835.1	MF6_002734	True
GCF_003614835.1	MF6_003184	False
GCF_003614835.1	MF6_003684	False
GCF_003614835.1	MF6_003684_Cterm	False
GCF_003614835.1	MF6_003686	False
GCF_003614835.1	MF6_003843	True
GCF_003614835.1	MF6_004284	False
GCF_003614835.1	MF6_004284_Cterm	False
GCF_003614835.1	MF6_004285	False
GCF_003614835.1	MF6_004947	True
GCF_003614835.1	MF6_006318	True
GCF_003704285.1	MF6_001079	False
GCF_003704285.1	MF6_002734	True
GCF_003704285.1	MF6_003184	False
GCF_003704285.1	MF6_003684	False
GCF_003704285.1	MF6_003684_Cterm	False
GCF_003704285.1	MF6_003686	False
GCF_003704285.1	MF6_003843	True
GCF_003704285.1	MF6_004284	False
GCF_003704285.1	MF6_004284_Cterm	False
GCF_003704285.1	MF6_004285	False
GCF_003704285.1	MF6_004947	True
GCF_003704285.1	MF6_006318	True
GCF_003711145.1	MF6_001079	False
GCF_003711145.1	MF6_002734	True
GCF_003711145.1	MF6_003184	False
GCF_003711145.1	MF6_003684	False
GCF_003711145.1	MF6_003684_Cterm	False
GCF_003711145.1	MF6_003686	False
GCF_003711145.1	MF6_003843	True
GCF_003711145.1	MF6_004284	False
GCF_003711145.1	MF6_004284_Cterm	False
GCF_003711145.1	MF6_004285	False
GCF_003711145.1	MF6_004947	True
GCF_003711145.1	MF6_006318	True
GCF_003713105.1	MF6_001079	False
GCF_003713105.1	MF6_002734	True
GCF_003713105.1	MF6_003184	True
GCF_003713105.1	MF6_003684	False
GCF_003713105.1	MF6_003684_Cterm	False
GCF_003713105.1	MF6_003686	False
GCF_003713105.1	MF6_003843	False
GCF_003713105.1	MF6_004284	False
GCF_003713105.1	MF6_004284_Cterm	False
GCF_003713105.1	MF6_004285	False
GCF_003713105.1	MF6_004947	True
GCF_003713105.1	MF6_006318	True
GCF_003798245.1	MF6_001079	False
GCF_003798245.1	MF6_002734	True
GCF_003798245.1	MF6_003184	False
GCF_003798245.1	MF6_003684	False
GCF_003798245.1	MF6_003684_Cterm	False
GCF_003798245.1	MF6_003686	False
GCF_003798245.1	MF6_003843	True
GCF_003798245.1	MF6_004284	False
GCF_003798245.1	MF6_004284_Cterm	False
GCF_003798245.1	MF6_004285	False
GCF_003798245.1	MF6_004947	True
GCF_003798245.1	MF6_006318	True
GCF_003798265.1	MF6_001079	False
GCF_003798265.1	MF6_002734	True
GCF_003798265.1	MF6_003184	False
GCF_003798265.1	MF6_003684	False
GCF_003798265.1	MF6_003684_Cterm	False
GCF_003798265.1	MF6_003686	False
GCF_003798265.1	MF6_003843	True
GCF_003798265.1	MF6_004284	False
GCF_003798265.1	MF6_004284_Cterm	False
GCF_003798265.1	MF6_004285	False
GCF_003798265.1	MF6_004947	True
GCF_003798265.1	MF6_006318	True
GCF_003798365.1	MF6_001079	False
GCF_003798365.1	MF6_002734	True
GCF_003798365.1	MF6_003184	False
GCF_003798365.1	MF6_003684	False
GCF_003798365.1	MF6_003684_Cterm	False
GCF_003798365.1	MF6_003686	False
GCF_003798365.1	MF6_003843	True
GCF_003798365.1	MF6_004284	False
GCF_003798365.1	MF6_004284_Cterm	False
GCF_003798365.1	MF6_004285	False
GCF_003798365.1	MF6_004947	True
GCF_003798365.1	MF6_006318	True
GCF_003812365.1	MF6_001079	False
GCF_003812365.1	MF6_002734	True
GCF_003812365.1	MF6_003184	False
GCF_003812365.1	MF6_003684	False
GCF_003812365.1	MF6_003684_Cterm	False
GCF_003812365.1	MF6_003686	False
GCF_003812365.1	MF6_003843	False
GCF_003812365.1	MF6_004284	False
GCF_003812365.1	MF6_004284_Cterm	False
GCF_003812365.1	MF6_004285	False
GCF_003812365.1	MF6_004947	False
GCF_003812365.1	MF6_006318	True
GCF_003812585.1	MF6_001079	False
GCF_003812585.1	MF6_002734	True
GCF_003812585.1	MF6_003184	True
GCF_003812585.1	MF6_003684	False
GCF_003812585.1	MF6_003684_Cterm	False
GCF_003812585.1	MF6_003686	False
GCF_003812585.1	MF6_003843	False
GCF_003812585.1	MF6_004284	False
GCF_003812585.1	MF6_004284_Cterm	False
GCF_003812585.1	MF6_004285	False
GCF_003812585.1	MF6_004947	False
GCF_003812585.1	MF6_006318	True
GCF_003812965.1	MF6_001079	False
GCF_003812965.1	MF6_002734	True
GCF_003812965.1	MF6_003184	False
GCF_003812965.1	MF6_003684	False
GCF_003812965.1	MF6_003684_Cterm	False
GCF_003812965.1	MF6_003686	False
GCF_003812965.1	MF6_003843	True
GCF_003812965.1	MF6_004284	False
GCF_003812965.1	MF6_004284_Cterm	False
GCF_003812965.1	MF6_004285	False
GCF_003812965.1	MF6_004947	True
GCF_003812965.1	MF6_006318	True
GCF_003813045.1	MF6_001079	False
GCF_003813045.1	MF6_002734	True
GCF_003813045.1	MF6_003184	False
GCF_003813045.1	MF6_003684	False
GCF_003813045.1	MF6_003684_Cterm	False
GCF_003813045.1	MF6_003686	False
GCF_003813045.1	MF6_003843	False
GCF_003813045.1	MF6_004284	False
GCF_003813045.1	MF6_004284_Cterm	False
GCF_003813045.1	MF6_004285	False
GCF_003813045.1	MF6_004947	False
GCF_003813045.1	MF6_006318	True
GCF_003852635.1	MF6_001079	False
GCF_003852635.1	MF6_002734	True
GCF_003852635.1	MF6_003184	False
GCF_003852635.1	MF6_003684_Cterm	False
GCF_003852635.1	MF6_003686	False
GCF_003852635.1	MF6_003843	True
GCF_003852635.1	MF6_004284_Cterm	False
GCF_003852635.1	MF6_004285	False
GCF_003852635.1	MF6_004947	True
GCF_003852635.1	MF6_006318	True
GCF_003933015.1	MF6_001079	False
GCF_003933015.1	MF6_002734	True
GCF_003933015.1	MF6_003184	False
GCF_003933015.1	MF6_003684_Cterm	False
GCF_003933015.1	MF6_003686	False
GCF_003933015.1	MF6_003843	True
GCF_003933015.1	MF6_004284_Cterm	False
GCF_003933015.1	MF6_004285	False
GCF_003933015.1	MF6_004947	False
GCF_003933015.1	MF6_006318	True
GCF_003933025.1	MF6_001079	False
GCF_003933025.1	MF6_002734	True
GCF_003933025.1	MF6_003184	False
GCF_003933025.1	MF6_003684_Cterm	False
GCF_003933025.1	MF6_003686	False
GCF_003933025.1	MF6_003843	True
GCF_003933025.1	MF6_004284_Cterm	False
GCF_003933025.1	MF6_004285	False
GCF_003933025.1	MF6_004947	False
GCF_003933025.1	MF6_006318	True
GCF_003933035.1	MF6_001079	False
GCF_003933035.1	MF6_002734	True
GCF_003933035.1	MF6_003184	False
GCF_003933035.1	MF6_003684_Cterm	False
GCF_003933035.1	MF6_003686	False
GCF_003933035.1	MF6_003843	False
GCF_003933035.1	MF6_004284_Cterm	False
GCF_003933035.1	MF6_004285	False
GCF_003933035.1	MF6_004947	True
GCF_003933035.1	MF6_006318	True
GCF_003933045.1	MF6_001079	False
GCF_003933045.1	MF6_002734	True
GCF_003933045.1	MF6_003184	False
GCF_003933045.1	MF6_003684_Cterm	False
GCF_003933045.1	MF6_003686	False
GCF_003933045.1	MF6_003843	True
GCF_003933045.1	MF6_004284_Cterm	False
GCF_003933045.1	MF6_004285	False
GCF_003933045.1	MF6_004947	True
GCF_003933045.1	MF6_006318	True
GCF_003966315.1	MF6_001079	False
GCF_003966315.1	MF6_002734	True
GCF_003966315.1	MF6_003184	False
GCF_003966315.1	MF6_003684	False
GCF_003966315.1	MF6_003684_Cterm	False
GCF_003966315.1	MF6_003686	False
GCF_003966315.1	MF6_003843	True
GCF_003966315.1	MF6_004284	True
GCF_003966315.1	MF6_004284_Cterm	False
GCF_003966315.1	MF6_004285	True
GCF_003966315.1	MF6_004947	True
GCF_003966315.1	MF6_006318	True
GCF_004323015.1	MF6_001079	False
GCF_004323015.1	MF6_002734	True
GCF_004323015.1	MF6_003184	False
GCF_004323015.1	MF6_003684	False
GCF_004323015.1	MF6_003684_Cterm	False
GCF_004323015.1	MF6_003686	False
GCF_004323015.1	MF6_003843	True
GCF_004323015.1	MF6_004284	False
GCF_004323015.1	MF6_004284_Cterm	False
GCF_004323015.1	MF6_004285	False
GCF_004323015.1	MF6_004947	True
GCF_004323015.1	MF6_006318	True
GCF_004323035.1	MF6_001079	False
GCF_004323035.1	MF6_002734	True
GCF_004323035.1	MF6_003184	False
GCF_004323035.1	MF6_003684	False
GCF_004323035.1	MF6_003684_Cterm	False
GCF_004323035.1	MF6_003686	False
GCF_004323035.1	MF6_003843	True
GCF_004323035.1	MF6_004284	False
GCF_004323035.1	MF6_004284_Cterm	False
GCF_004323035.1	MF6_004285	False
GCF_004323035.1	MF6_004947	True
GCF_004323035.1	MF6_006318	True
GCF_004348055.1	MF6_001079	False
GCF_004348055.1	MF6_002734	True
GCF_004348055.1	MF6_003184	False
GCF_004348055.1	MF6_003684	False
GCF_004348055.1	MF6_003684_Cterm	False
GCF_004348055.1	MF6_003686	False
GCF_004348055.1	MF6_003843	True
GCF_004348055.1	MF6_004284	False
GCF_004348055.1	MF6_004284_Cterm	False
GCF_004348055.1	MF6_004285	False
GCF_004348055.1	MF6_004947	True
GCF_004348055.1	MF6_006318	True
GCF_004348075.1	MF6_001079	False
GCF_004348075.1	MF6_002734	True
GCF_004348075.1	MF6_003184	False
GCF_004348075.1	MF6_003684	False
GCF_004348075.1	MF6_003684_Cterm	False
GCF_004348075.1	MF6_003686	False
GCF_004348075.1	MF6_003843	True
GCF_004348075.1	MF6_004284	False
GCF_004348075.1	MF6_004284_Cterm	False
GCF_004348075.1	MF6_004285	False
GCF_004348075.1	MF6_004947	True
GCF_004348075.1	MF6_006318	True
GCF_004367665.1	MF6_001079	False
GCF_004367665.1	MF6_002734	True
GCF_004367665.1	MF6_003184	False
GCF_004367665.1	MF6_003684	False
GCF_004367665.1	MF6_003684_Cterm	False
GCF_004367665.1	MF6_003686	False
GCF_004367665.1	MF6_003843	True
GCF_004367665.1	MF6_004284	False
GCF_004367665.1	MF6_004284_Cterm	False
GCF_004367665.1	MF6_004285	False
GCF_004367665.1	MF6_004947	True
GCF_004367665.1	MF6_006318	True
GCF_004367685.1	MF6_001079	False
GCF_004367685.1	MF6_002734	True
GCF_004367685.1	MF6_003184	False
GCF_004367685.1	MF6_003684	False
GCF_004367685.1	MF6_003684_Cterm	False
GCF_004367685.1	MF6_003686	False
GCF_004367685.1	MF6_003843	True
GCF_004367685.1	MF6_004284	False
GCF_004367685.1	MF6_004284_Cterm	False
GCF_004367685.1	MF6_004285	False
GCF_004367685.1	MF6_004947	True
GCF_004367685.1	MF6_006318	True
GCF_004367705.1	MF6_001079	False
GCF_004367705.1	MF6_002734	True
GCF_004367705.1	MF6_003184	False
GCF_004367705.1	MF6_003684	False
GCF_004367705.1	MF6_003684_Cterm	False
GCF_004367705.1	MF6_003686	False
GCF_004367705.1	MF6_003843	True
GCF_004367705.1	MF6_004284	False
GCF_004367705.1	MF6_004284_Cterm	False
GCF_004367705.1	MF6_004285	False
GCF_004367705.1	MF6_004947	True
GCF_004367705.1	MF6_006318	True
GCF_004367725.1	MF6_001079	False
GCF_004367725.1	MF6_002734	True
GCF_004367725.1	MF6_003184	False
GCF_004367725.1	MF6_003684	False
GCF_004367725.1	MF6_003684_Cterm	False
GCF_004367725.1	MF6_003686	False
GCF_004367725.1	MF6_003843	True
GCF_004367725.1	MF6_004284	False
GCF_004367725.1	MF6_004284_Cterm	False
GCF_004367725.1	MF6_004285	False
GCF_004367725.1	MF6_004947	True
GCF_004367725.1	MF6_006318	True
GCF_004524855.1	MF6_001079	False
GCF_004524855.1	MF6_002734	False
GCF_004524855.1	MF6_003184	False
GCF_004524855.1	MF6_003684_Cterm	False
GCF_004524855.1	MF6_003686	False
GCF_004524855.1	MF6_003843	False
GCF_004524855.1	MF6_004284_Cterm	False
GCF_004524855.1	MF6_004285	False
GCF_004524855.1	MF6_004947	False
GCF_004524855.1	MF6_006318	False
GCF_004526325.1	MF6_001079	False
GCF_004526325.1	MF6_002734	True
GCF_004526325.1	MF6_003184	False
GCF_004526325.1	MF6_003684	False
GCF_004526325.1	MF6_003684_Cterm	False
GCF_004526325.1	MF6_003686	False
GCF_004526325.1	MF6_003843	True
GCF_004526325.1	MF6_004284	False
GCF_004526325.1	MF6_004284_Cterm	False
GCF_004526325.1	MF6_004285	False
GCF_004526325.1	MF6_004947	True
GCF_004526325.1	MF6_006318	True
GCF_004842085.1	MF6_001079	False
GCF_004842085.1	MF6_002734	True
GCF_004842085.1	MF6_003184	False
GCF_004842085.1	MF6_003684	False
GCF_004842085.1	MF6_003684_Cterm	False
GCF_004842085.1	MF6_003686	False
GCF_004842085.1	MF6_003843	True
GCF_004842085.1	MF6_004284	False
GCF_004842085.1	MF6_004284_Cterm	False
GCF_004842085.1	MF6_004285	False
GCF_004842085.1	MF6_004947	True
GCF_004842085.1	MF6_006318	True
GCF_005280735.1	MF6_001079	False
GCF_005280735.1	MF6_002734	False
GCF_005280735.1	MF6_003184	False
GCF_005280735.1	MF6_003684	False
GCF_005280735.1	MF6_003684_Cterm	False
GCF_005280735.1	MF6_003686	False
GCF_005280735.1	MF6_003843	False
GCF_005280735.1	MF6_004284	False
GCF_005280735.1	MF6_004284_Cterm	False
GCF_005280735.1	MF6_004285	False
GCF_005280735.1	MF6_004947	False
GCF_005280735.1	MF6_006318	True
GCF_005853645.1	MF6_001079	False
GCF_005853645.1	MF6_002734	True
GCF_005853645.1	MF6_003184	False
GCF_005853645.1	MF6_003684	False
GCF_005853645.1	MF6_003684_Cterm	False
GCF_005853645.1	MF6_003686	False
GCF_005853645.1	MF6_003843	True
GCF_005853645.1	MF6_004284	False
GCF_005853645.1	MF6_004284_Cterm	False
GCF_005853645.1	MF6_004285	False
GCF_005853645.1	MF6_004947	True
GCF_005853645.1	MF6_006318	True
GCF_005862325.1	MF6_001079	False
GCF_005862325.1	MF6_002734	True
GCF_005862325.1	MF6_003184	False
GCF_005862325.1	MF6_003684	False
GCF_005862325.1	MF6_003684_Cterm	False
GCF_005862325.1	MF6_003686	False
GCF_005862325.1	MF6_003843	True
GCF_005862325.1	MF6_004284	False
GCF_005862325.1	MF6_004284_Cterm	False
GCF_005862325.1	MF6_004285	False
GCF_005862325.1	MF6_004947	True
GCF_005862325.1	MF6_006318	True
GCF_005937855.2	MF6_001079	False
GCF_005937855.2	MF6_002734	True
GCF_005937855.2	MF6_003184	False
GCF_005937855.2	MF6_003684	False
GCF_005937855.2	MF6_003684_Cterm	False
GCF_005937855.2	MF6_003686	False
GCF_005937855.2	MF6_003843	True
GCF_005937855.2	MF6_004284	False
GCF_005937855.2	MF6_004284_Cterm	False
GCF_005937855.2	MF6_004285	False
GCF_005937855.2	MF6_004947	True
GCF_005937855.2	MF6_006318	True
GCF_006094315.1	MF6_001079	False
GCF_006094315.1	MF6_002734	True
GCF_006094315.1	MF6_003184	False
GCF_006094315.1	MF6_003684	False
GCF_006094315.1	MF6_003684_Cterm	False
GCF_006094315.1	MF6_003686	False
GCF_006094315.1	MF6_003843	True
GCF_006094315.1	MF6_004284	False
GCF_006094315.1	MF6_004284_Cterm	False
GCF_006094315.1	MF6_004285	False
GCF_006094315.1	MF6_004947	True
GCF_006094315.1	MF6_006318	True
GCF_006542565.1	MF6_001079	False
GCF_006542565.1	MF6_002734	True
GCF_006542565.1	MF6_003184	False
GCF_006542565.1	MF6_003684_Cterm	False
GCF_006542565.1	MF6_003686	False
GCF_006542565.1	MF6_003843	True
GCF_006542565.1	MF6_004284_Cterm	False
GCF_006542565.1	MF6_004285	False
GCF_006542565.1	MF6_004947	True
GCF_006542565.1	MF6_006318	True
GCF_006542585.1	MF6_001079	False
GCF_006542585.1	MF6_002734	True
GCF_006542585.1	MF6_003184	False
GCF_006542585.1	MF6_003684_Cterm	False
GCF_006542585.1	MF6_003686	False
GCF_006542585.1	MF6_003843	True
GCF_006542585.1	MF6_004284_Cterm	False
GCF_006542585.1	MF6_004285	False
GCF_006542585.1	MF6_004947	True
GCF_006542585.1	MF6_006318	True
GCF_007556815.1	MF6_001079	False
GCF_007556815.1	MF6_002734	True
GCF_007556815.1	MF6_003184	False
GCF_007556815.1	MF6_003684	False
GCF_007556815.1	MF6_003684_Cterm	False
GCF_007556815.1	MF6_003686	False
GCF_007556815.1	MF6_003843	False
GCF_007556815.1	MF6_004284	False
GCF_007556815.1	MF6_004284_Cterm	False
GCF_007556815.1	MF6_004285	False
GCF_007556815.1	MF6_004947	False
GCF_007556815.1	MF6_006318	True
GCF_007724625.1	MF6_001079	False
GCF_007724625.1	MF6_002734	True
GCF_007724625.1	MF6_003184	False
GCF_007724625.1	MF6_003684	False
GCF_007724625.1	MF6_003684_Cterm	False
GCF_007724625.1	MF6_003686	False
GCF_007724625.1	MF6_003843	True
GCF_007724625.1	MF6_004284	False
GCF_007724625.1	MF6_004284_Cterm	False
GCF_007724625.1	MF6_004285	False
GCF_007724625.1	MF6_004947	True
GCF_007724625.1	MF6_006318	False
GCF_008693485.1	MF6_001079	False
GCF_008693485.1	MF6_002734	True
GCF_008693485.1	MF6_003184	False
GCF_008693485.1	MF6_003684	False
GCF_008693485.1	MF6_003684_Cterm	False
GCF_008693485.1	MF6_003686	False
GCF_008693485.1	MF6_003843	False
GCF_008693485.1	MF6_004284	False
GCF_008693485.1	MF6_004284_Cterm	False
GCF_008693485.1	MF6_004285	False
GCF_008693485.1	MF6_004947	False
GCF_008693485.1	MF6_006318	True
GCF_008693525.1	MF6_001079	False
GCF_008693525.1	MF6_002734	True
GCF_008693525.1	MF6_003184	False
GCF_008693525.1	MF6_003684	False
GCF_008693525.1	MF6_003684_Cterm	False
GCF_008693525.1	MF6_003686	False
GCF_008693525.1	MF6_003843	False
GCF_008693525.1	MF6_004284	False
GCF_008693525.1	MF6_004284_Cterm	False
GCF_008693525.1	MF6_004285	False
GCF_008693525.1	MF6_004947	False
GCF_008693525.1	MF6_006318	True
GCF_008728255.1	MF6_001079	False
GCF_008728255.1	MF6_002734	True
GCF_008728255.1	MF6_003184	False
GCF_008728255.1	MF6_003684	False
GCF_008728255.1	MF6_003684_Cterm	False
GCF_008728255.1	MF6_003686	False
GCF_008728255.1	MF6_003843	True
GCF_008728255.1	MF6_004284	False
GCF_008728255.1	MF6_004284_Cterm	False
GCF_008728255.1	MF6_004285	False
GCF_008728255.1	MF6_004947	True
GCF_008728255.1	MF6_006318	True
GCF_008728275.1	MF6_001079	False
GCF_008728275.1	MF6_002734	True
GCF_008728275.1	MF6_003184	False
GCF_008728275.1	MF6_003684	False
GCF_008728275.1	MF6_003684_Cterm	False
GCF_008728275.1	MF6_003686	False
GCF_008728275.1	MF6_003843	True
GCF_008728275.1	MF6_004284	False
GCF_008728275.1	MF6_004284_Cterm	False
GCF_008728275.1	MF6_004285	False
GCF_008728275.1	MF6_004947	True
GCF_008728275.1	MF6_006318	True
GCF_008728295.1	MF6_001079	False
GCF_008728295.1	MF6_002734	True
GCF_008728295.1	MF6_003184	False
GCF_008728295.1	MF6_003684	False
GCF_008728295.1	MF6_003684_Cterm	False
GCF_008728295.1	MF6_003686	False
GCF_008728295.1	MF6_003843	True
GCF_008728295.1	MF6_004284	False
GCF_008728295.1	MF6_004284_Cterm	False
GCF_008728295.1	MF6_004285	False
GCF_008728295.1	MF6_004947	True
GCF_008728295.1	MF6_006318	True
GCF_008728315.1	MF6_001079	False
GCF_008728315.1	MF6_002734	True
GCF_008728315.1	MF6_003184	False
GCF_008728315.1	MF6_003684	False
GCF_008728315.1	MF6_003684_Cterm	False
GCF_008728315.1	MF6_003686	False
GCF_008728315.1	MF6_003843	True
GCF_008728315.1	MF6_004284	False
GCF_008728315.1	MF6_004284_Cterm	False
GCF_008728315.1	MF6_004285	False
GCF_008728315.1	MF6_004947	True
GCF_008728315.1	MF6_006318	True
GCF_008728335.1	MF6_001079	False
GCF_008728335.1	MF6_002734	True
GCF_008728335.1	MF6_003184	False
GCF_008728335.1	MF6_003684	False
GCF_008728335.1	MF6_003684_Cterm	False
GCF_008728335.1	MF6_003686	False
GCF_008728335.1	MF6_003843	True
GCF_008728335.1	MF6_004284	False
GCF_008728335.1	MF6_004284_Cterm	False
GCF_008728335.1	MF6_004285	False
GCF_008728335.1	MF6_004947	True
GCF_008728335.1	MF6_006318	True
GCF_008728355.1	MF6_001079	False
GCF_008728355.1	MF6_002734	True
GCF_008728355.1	MF6_003184	False
GCF_008728355.1	MF6_003684	False
GCF_008728355.1	MF6_003684_Cterm	False
GCF_008728355.1	MF6_003686	False
GCF_008728355.1	MF6_003843	True
GCF_008728355.1	MF6_004284	False
GCF_008728355.1	MF6_004284_Cterm	False
GCF_008728355.1	MF6_004285	False
GCF_008728355.1	MF6_004947	True
GCF_008728355.1	MF6_006318	True
GCF_008728375.1	MF6_001079	False
GCF_008728375.1	MF6_002734	True
GCF_008728375.1	MF6_003184	False
GCF_008728375.1	MF6_003684	False
GCF_008728375.1	MF6_003684_Cterm	False
GCF_008728375.1	MF6_003686	False
GCF_008728375.1	MF6_003843	True
GCF_008728375.1	MF6_004284	False
GCF_008728375.1	MF6_004284_Cterm	False
GCF_008728375.1	MF6_004285	False
GCF_008728375.1	MF6_004947	True
GCF_008728375.1	MF6_006318	True
GCF_009191525.1	MF6_001079	False
GCF_009191525.1	MF6_002734	True
GCF_009191525.1	MF6_003184	False
GCF_009191525.1	MF6_003684	False
GCF_009191525.1	MF6_003684_Cterm	False
GCF_009191525.1	MF6_003686	False
GCF_009191525.1	MF6_003843	True
GCF_009191525.1	MF6_004284	False
GCF_009191525.1	MF6_004284_Cterm	False
GCF_009191525.1	MF6_004285	False
GCF_009191525.1	MF6_004947	True
GCF_009191525.1	MF6_006318	True
GCF_009578005.1	MF6_001079	False
GCF_009578005.1	MF6_002734	True
GCF_009578005.1	MF6_003184	False
GCF_009578005.1	MF6_003684	False
GCF_009578005.1	MF6_003684_Cterm	False
GCF_009578005.1	MF6_003686	False
GCF_009578005.1	MF6_003843	False
GCF_009578005.1	MF6_004284	False
GCF_009578005.1	MF6_004284_Cterm	False
GCF_009578005.1	MF6_004285	False
GCF_009578005.1	MF6_004947	False
GCF_009578005.1	MF6_006318	True
GCF_009586235.1	MF6_001079	False
GCF_009586235.1	MF6_002734	True
GCF_009586235.1	MF6_003184	False
GCF_009586235.1	MF6_003684	False
GCF_009586235.1	MF6_003684_Cterm	False
GCF_009586235.1	MF6_003686	False
GCF_009586235.1	MF6_003843	True
GCF_009586235.1	MF6_004284	False
GCF_009586235.1	MF6_004284_Cterm	False
GCF_009586235.1	MF6_004285	False
GCF_009586235.1	MF6_004947	True
GCF_009586235.1	MF6_006318	True
GCF_009730035.1	MF6_001079	False
GCF_009730035.1	MF6_002734	True
GCF_009730035.1	MF6_003184	False
GCF_009730035.1	MF6_003684	False
GCF_009730035.1	MF6_003684_Cterm	False
GCF_009730035.1	MF6_003686	False
GCF_009730035.1	MF6_003843	False
GCF_009730035.1	MF6_004284	False
GCF_009730035.1	MF6_004284_Cterm	False
GCF_009730035.1	MF6_004285	False
GCF_009730035.1	MF6_004947	False
GCF_009730035.1	MF6_006318	True
GCF_009730175.1	MF6_001079	False
GCF_009730175.1	MF6_002734	True
GCF_009730175.1	MF6_003184	False
GCF_009730175.1	MF6_003684	False
GCF_009730175.1	MF6_003684_Cterm	False
GCF_009730175.1	MF6_003686	False
GCF_009730175.1	MF6_003843	False
GCF_009730175.1	MF6_004284	False
GCF_009730175.1	MF6_004284_Cterm	False
GCF_009730175.1	MF6_004285	False
GCF_009730175.1	MF6_004947	False
GCF_009730175.1	MF6_006318	True
GCF_009730195.1	MF6_001079	False
GCF_009730195.1	MF6_002734	True
GCF_009730195.1	MF6_003184	True
GCF_009730195.1	MF6_003684	False
GCF_009730195.1	MF6_003684_Cterm	False
GCF_009730195.1	MF6_003686	False
GCF_009730195.1	MF6_003843	False
GCF_009730195.1	MF6_004284	False
GCF_009730195.1	MF6_004284_Cterm	False
GCF_009730195.1	MF6_004285	False
GCF_009730195.1	MF6_004947	False
GCF_009730195.1	MF6_006318	True
GCF_009749345.1	MF6_001079	False
GCF_009749345.1	MF6_002734	True
GCF_009749345.1	MF6_003184	False
GCF_009749345.1	MF6_003684	False
GCF_009749345.1	MF6_003684_Cterm	False
GCF_009749345.1	MF6_003686	False
GCF_009749345.1	MF6_003843	True
GCF_009749345.1	MF6_004284	False
GCF_009749345.1	MF6_004284_Cterm	False
GCF_009749345.1	MF6_004285	False
GCF_009749345.1	MF6_004947	True
GCF_009749345.1	MF6_006318	True
GCF_009755625.1	MF6_001079	False
GCF_009755625.1	MF6_002734	True
GCF_009755625.1	MF6_003184	False
GCF_009755625.1	MF6_003684	False
GCF_009755625.1	MF6_003684_Cterm	False
GCF_009755625.1	MF6_003686	False
GCF_009755625.1	MF6_003843	True
GCF_009755625.1	MF6_004284	False
GCF_009755625.1	MF6_004284_Cterm	False
GCF_009755625.1	MF6_004285	False
GCF_009755625.1	MF6_004947	True
GCF_009755625.1	MF6_006318	True
GCF_009789655.1	MF6_001079	False
GCF_009789655.1	MF6_002734	False
GCF_009789655.1	MF6_003184	False
GCF_009789655.1	MF6_003684	False
GCF_009789655.1	MF6_003684_Cterm	False
GCF_009789655.1	MF6_003686	False
GCF_009789655.1	MF6_003843	False
GCF_009789655.1	MF6_004284	False
GCF_009789655.1	MF6_004284_Cterm	False
GCF_009789655.1	MF6_004285	False
GCF_009789655.1	MF6_004947	False
GCF_009789655.1	MF6_006318	False
GCF_009789675.1	MF6_001079	False
GCF_009789675.1	MF6_002734	False
GCF_009789675.1	MF6_003184	False
GCF_009789675.1	MF6_003684	False
GCF_009789675.1	MF6_003684_Cterm	False
GCF_009789675.1	MF6_003686	False
GCF_009789675.1	MF6_003843	False
GCF_009789675.1	MF6_004284	False
GCF_009789675.1	MF6_004284_Cterm	False
GCF_009789675.1	MF6_004285	False
GCF_009789675.1	MF6_004947	False
GCF_009789675.1	MF6_006318	False
GCF_009857095.1	MF6_001079	False
GCF_009857095.1	MF6_002734	True
GCF_009857095.1	MF6_003184	False
GCF_009857095.1	MF6_003684	False
GCF_009857095.1	MF6_003684_Cterm	False
GCF_009857095.1	MF6_003686	False
GCF_009857095.1	MF6_003843	False
GCF_009857095.1	MF6_004284	False
GCF_009857095.1	MF6_004284_Cterm	False
GCF_009857095.1	MF6_004285	False
GCF_009857095.1	MF6_004947	False
GCF_009857095.1	MF6_006318	True
GCF_009931375.1	MF6_001079	False
GCF_009931375.1	MF6_002734	True
GCF_009931375.1	MF6_003184	True
GCF_009931375.1	MF6_003684	False
GCF_009931375.1	MF6_003684_Cterm	False
GCF_009931375.1	MF6_003686	False
GCF_009931375.1	MF6_003843	False
GCF_009931375.1	MF6_004284	False
GCF_009931375.1	MF6_004284_Cterm	False
GCF_009931375.1	MF6_004285	False
GCF_009931375.1	MF6_004947	False
GCF_009931375.1	MF6_006318	True
GCF_009938265.1	MF6_001079	False
GCF_009938265.1	MF6_002734	False
GCF_009938265.1	MF6_003184	False
GCF_009938265.1	MF6_003684	False
GCF_009938265.1	MF6_003684_Cterm	False
GCF_009938265.1	MF6_003686	False
GCF_009938265.1	MF6_003843	False
GCF_009938265.1	MF6_004284	False
GCF_009938265.1	MF6_004284_Cterm	False
GCF_009938265.1	MF6_004285	False
GCF_009938265.1	MF6_004947	False
GCF_009938265.1	MF6_006318	False
GCF_011039955.1	MF6_001079	False
GCF_011039955.1	MF6_002734	True
GCF_011039955.1	MF6_003184	False
GCF_011039955.1	MF6_003684	False
GCF_011039955.1	MF6_003684_Cterm	False
GCF_011039955.1	MF6_003686	False
GCF_011039955.1	MF6_003843	False
GCF_011039955.1	MF6_004284	False
GCF_011039955.1	MF6_004284_Cterm	False
GCF_011039955.1	MF6_004285	False
GCF_011039955.1	MF6_004947	False
GCF_011039955.1	MF6_006318	False
GCF_011493005.1	MF6_001079	False
GCF_011493005.1	MF6_002734	True
GCF_011493005.1	MF6_003184	False
GCF_011493005.1	MF6_003684	False
GCF_011493005.1	MF6_003684_Cterm	False
GCF_011493005.1	MF6_003686	False
GCF_011493005.1	MF6_003843	False
GCF_011493005.1	MF6_004284	False
GCF_011493005.1	MF6_004284_Cterm	False
GCF_011493005.1	MF6_004285	False
GCF_011493005.1	MF6_004947	False
GCF_011493005.1	MF6_006318	False
GCF_011578485.1	MF6_001079	False
GCF_011578485.1	MF6_002734	True
GCF_011578485.1	MF6_003184	False
GCF_011578485.1	MF6_003684	False
GCF_011578485.1	MF6_003684_Cterm	False
GCF_011578485.1	MF6_003686	False
GCF_011578485.1	MF6_003843	True
GCF_011578485.1	MF6_004284	False
GCF_011578485.1	MF6_004284_Cterm	False
GCF_011578485.1	MF6_004285	False
GCF_011578485.1	MF6_004947	True
GCF_011578485.1	MF6_006318	True
GCF_012272655.1	MF6_001079	False
GCF_012272655.1	MF6_002734	True
GCF_012272655.1	MF6_003184	False
GCF_012272655.1	MF6_003684_Cterm	False
GCF_012272655.1	MF6_003686	False
GCF_012272655.1	MF6_003843	False
GCF_012272655.1	MF6_004284_Cterm	False
GCF_012272655.1	MF6_004285	False
GCF_012272655.1	MF6_004947	False
GCF_012272655.1	MF6_006318	True
GCF_012273415.1	MF6_001079	False
GCF_012273415.1	MF6_002734	True
GCF_012273415.1	MF6_003184	False
GCF_012273415.1	MF6_003684_Cterm	False
GCF_012273415.1	MF6_003686	False
GCF_012273415.1	MF6_003843	True
GCF_012273415.1	MF6_004284_Cterm	False
GCF_012273415.1	MF6_004285	False
GCF_012273415.1	MF6_004947	True
GCF_012273415.1	MF6_006318	True
GCF_012689525.1	MF6_001079	False
GCF_012689525.1	MF6_002734	False
GCF_012689525.1	MF6_003184	False
GCF_012689525.1	MF6_003684	False
GCF_012689525.1	MF6_003684_Cterm	False
GCF_012689525.1	MF6_003686	False
GCF_012689525.1	MF6_003843	False
GCF_012689525.1	MF6_004284	False
GCF_012689525.1	MF6_004284_Cterm	False
GCF_012689525.1	MF6_004285	False
GCF_012689525.1	MF6_004947	False
GCF_012689525.1	MF6_006318	False
GCF_012974245.1	MF6_001079	False
GCF_012974245.1	MF6_002734	True
GCF_012974245.1	MF6_003184	False
GCF_012974245.1	MF6_003684	False
GCF_012974245.1	MF6_003684_Cterm	False
GCF_012974245.1	MF6_003686	False
GCF_012974245.1	MF6_003843	False
GCF_012974245.1	MF6_004284	False
GCF_012974245.1	MF6_004284_Cterm	False
GCF_012974245.1	MF6_004285	False
GCF_012974245.1	MF6_004947	False
GCF_012974245.1	MF6_006318	True
GCF_013122645.1	MF6_001079	False
GCF_013122645.1	MF6_002734	True
GCF_013122645.1	MF6_003184	False
GCF_013122645.1	MF6_003684	False
GCF_013122645.1	MF6_003684_Cterm	False
GCF_013122645.1	MF6_003686	False
GCF_013122645.1	MF6_003843	False
GCF_013122645.1	MF6_004284	False
GCF_013122645.1	MF6_004284_Cterm	False
GCF_013122645.1	MF6_004285	False
GCF_013122645.1	MF6_004947	False
GCF_013122645.1	MF6_006318	True
GCF_013307145.1	MF6_001079	False
GCF_013307145.1	MF6_002734	True
GCF_013307145.1	MF6_003184	True
GCF_013307145.1	MF6_003684	False
GCF_013307145.1	MF6_003684_Cterm	False
GCF_013307145.1	MF6_003686	False
GCF_013307145.1	MF6_003843	False
GCF_013307145.1	MF6_004284	False
GCF_013307145.1	MF6_004284_Cterm	False
GCF_013307145.1	MF6_004285	False
GCF_013307145.1	MF6_004947	False
GCF_013307145.1	MF6_006318	True
GCF_013307165.1	MF6_001079	False
GCF_013307165.1	MF6_002734	True
GCF_013307165.1	MF6_003184	False
GCF_013307165.1	MF6_003684	False
GCF_013307165.1	MF6_003684_Cterm	False
GCF_013307165.1	MF6_003686	False
GCF_013307165.1	MF6_003843	False
GCF_013307165.1	MF6_004284	False
GCF_013307165.1	MF6_004284_Cterm	False
GCF_013307165.1	MF6_004285	False
GCF_013307165.1	MF6_004947	False
GCF_013307165.1	MF6_006318	True
GCF_013349105.1	MF6_001079	False
GCF_013349105.1	MF6_002734	True
GCF_013349105.1	MF6_003184	False
GCF_013349105.1	MF6_003684_Cterm	False
GCF_013349105.1	MF6_003686	False
GCF_013349105.1	MF6_003843	True
GCF_013349105.1	MF6_004284_Cterm	False
GCF_013349105.1	MF6_004285	False
GCF_013349105.1	MF6_004947	True
GCF_013349105.1	MF6_006318	True
GCF_013378095.1	MF6_001079	False
GCF_013378095.1	MF6_002734	False
GCF_013378095.1	MF6_003184	False
GCF_013378095.1	MF6_003684	False
GCF_013378095.1	MF6_003684_Cterm	False
GCF_013378095.1	MF6_003686	False
GCF_013378095.1	MF6_003843	False
GCF_013378095.1	MF6_004284	False
GCF_013378095.1	MF6_004284_Cterm	False
GCF_013378095.1	MF6_004285	False
GCF_013378095.1	MF6_004947	False
GCF_013378095.1	MF6_006318	False
GCF_013390345.1	MF6_001079	False
GCF_013390345.1	MF6_002734	False
GCF_013390345.1	MF6_003184	False
GCF_013390345.1	MF6_003684_Cterm	False
GCF_013390345.1	MF6_003686	False
GCF_013390345.1	MF6_003843	False
GCF_013390345.1	MF6_004284_Cterm	False
GCF_013390345.1	MF6_004285	False
GCF_013390345.1	MF6_004947	False
GCF_013390345.1	MF6_006318	True
GCF_013426895.1	MF6_001079	False
GCF_013426895.1	MF6_002734	False
GCF_013426895.1	MF6_003184	False
GCF_013426895.1	MF6_003684	False
GCF_013426895.1	MF6_003684_Cterm	False
GCF_013426895.1	MF6_003686	False
GCF_013426895.1	MF6_003843	False
GCF_013426895.1	MF6_004284	False
GCF_013426895.1	MF6_004284_Cterm	False
GCF_013426895.1	MF6_004285	False
GCF_013426895.1	MF6_004947	False
GCF_013426895.1	MF6_006318	False
GCF_013426915.1	MF6_001079	False
GCF_013426915.1	MF6_002734	False
GCF_013426915.1	MF6_003184	False
GCF_013426915.1	MF6_003684	False
GCF_013426915.1	MF6_003684_Cterm	False
GCF_013426915.1	MF6_003686	False
GCF_013426915.1	MF6_003843	False
GCF_013426915.1	MF6_004284	False
GCF_013426915.1	MF6_004284_Cterm	False
GCF_013426915.1	MF6_004285	False
GCF_013426915.1	MF6_004947	False
GCF_013426915.1	MF6_006318	False
GCF_013822785.1	MF6_001079	False
GCF_013822785.1	MF6_002734	True
GCF_013822785.1	MF6_003184	False
GCF_013822785.1	MF6_003684	False
GCF_013822785.1	MF6_003684_Cterm	False
GCF_013822785.1	MF6_003686	False
GCF_013822785.1	MF6_003843	False
GCF_013822785.1	MF6_004284	False
GCF_013822785.1	MF6_004284_Cterm	False
GCF_013822785.1	MF6_004285	False
GCF_013822785.1	MF6_004947	False
GCF_013822785.1	MF6_006318	True
GCF_014171495.1	MF6_001079	False
GCF_014171495.1	MF6_002734	False
GCF_014171495.1	MF6_003184	False
GCF_014171495.1	MF6_003684	False
GCF_014171495.1	MF6_003684_Cterm	False
GCF_014171495.1	MF6_003686	False
GCF_014171495.1	MF6_003843	False
GCF_014171495.1	MF6_004284	False
GCF_014171495.1	MF6_004284_Cterm	False
GCF_014171495.1	MF6_004285	False
GCF_014171495.1	MF6_004947	False
GCF_014171495.1	MF6_006318	False
GCF_014211915.1	MF6_001079	False
GCF_014211915.1	MF6_002734	True
GCF_014211915.1	MF6_003184	False
GCF_014211915.1	MF6_003684	False
GCF_014211915.1	MF6_003684_Cterm	False
GCF_014211915.1	MF6_003686	False
GCF_014211915.1	MF6_003843	True
GCF_014211915.1	MF6_004284	False
GCF_014211915.1	MF6_004284_Cterm	False
GCF_014211915.1	MF6_004285	False
GCF_014211915.1	MF6_004947	True
GCF_014211915.1	MF6_006318	True
GCF_014263355.1	MF6_001079	False
GCF_014263355.1	MF6_002734	True
GCF_014263355.1	MF6_003184	True
GCF_014263355.1	MF6_003684	False
GCF_014263355.1	MF6_003684_Cterm	False
GCF_014263355.1	MF6_003686	False
GCF_014263355.1	MF6_003843	False
GCF_014263355.1	MF6_004284	False
GCF_014263355.1	MF6_004284_Cterm	False
GCF_014263355.1	MF6_004285	False
GCF_014263355.1	MF6_004947	True
GCF_014263355.1	MF6_006318	True
GCF_014357995.1	MF6_001079	False
GCF_014357995.1	MF6_002734	True
GCF_014357995.1	MF6_003184	False
GCF_014357995.1	MF6_003684	False
GCF_014357995.1	MF6_003684_Cterm	False
GCF_014357995.1	MF6_003686	False
GCF_014357995.1	MF6_003843	True
GCF_014357995.1	MF6_004284	False
GCF_014357995.1	MF6_004284_Cterm	False
GCF_014357995.1	MF6_004285	False
GCF_014357995.1	MF6_004947	True
GCF_014357995.1	MF6_006318	True
GCF_014854795.1	MF6_001079	False
GCF_014854795.1	MF6_002734	True
GCF_014854795.1	MF6_003184	False
GCF_014854795.1	MF6_003684	False
GCF_014854795.1	MF6_003684_Cterm	False
GCF_014854795.1	MF6_003686	False
GCF_014854795.1	MF6_003843	True
GCF_014854795.1	MF6_004284	False
GCF_014854795.1	MF6_004284_Cterm	False
GCF_014854795.1	MF6_004285	False
GCF_014854795.1	MF6_004947	True
GCF_014854795.1	MF6_006318	True
GCF_016026055.1	MF6_001079	False
GCF_016026055.1	MF6_002734	True
GCF_016026055.1	MF6_003184	False
GCF_016026055.1	MF6_003684	False
GCF_016026055.1	MF6_003684_Cterm	False
GCF_016026055.1	MF6_003686	False
GCF_016026055.1	MF6_003843	False
GCF_016026055.1	MF6_004284	False
GCF_016026055.1	MF6_004284_Cterm	False
GCF_016026055.1	MF6_004285	False
GCF_016026055.1	MF6_004947	False
GCF_016026055.1	MF6_006318	True
GCF_016027435.1	MF6_001079	False
GCF_016027435.1	MF6_002734	True
GCF_016027435.1	MF6_003184	False
GCF_016027435.1	MF6_003684	False
GCF_016027435.1	MF6_003684_Cterm	False
GCF_016027435.1	MF6_003686	False
GCF_016027435.1	MF6_003843	True
GCF_016027435.1	MF6_004284	False
GCF_016027435.1	MF6_004284_Cterm	False
GCF_016027435.1	MF6_004285	False
GCF_016027435.1	MF6_004947	True
GCF_016027435.1	MF6_006318	True
GCF_016027455.1	MF6_001079	False
GCF_016027455.1	MF6_002734	True
GCF_016027455.1	MF6_003184	False
GCF_016027455.1	MF6_003684	False
GCF_016027455.1	MF6_003684_Cterm	False
GCF_016027455.1	MF6_003686	False
GCF_016027455.1	MF6_003843	True
GCF_016027455.1	MF6_004284	False
GCF_016027455.1	MF6_004284_Cterm	False
GCF_016027455.1	MF6_004285	False
GCF_016027455.1	MF6_004947	True
GCF_016027455.1	MF6_006318	True
GCF_016127755.1	MF6_001079	False
GCF_016127755.1	MF6_002734	True
GCF_016127755.1	MF6_003184	False
GCF_016127755.1	MF6_003684	False
GCF_016127755.1	MF6_003684_Cterm	False
GCF_016127755.1	MF6_003686	False
GCF_016127755.1	MF6_003843	True
GCF_016127755.1	MF6_004284	False
GCF_016127755.1	MF6_004284_Cterm	False
GCF_016127755.1	MF6_004285	False
GCF_016127755.1	MF6_004947	True
GCF_016127755.1	MF6_006318	True
GCF_016128195.1	MF6_001079	False
GCF_016128195.1	MF6_002734	False
GCF_016128195.1	MF6_003184	False
GCF_016128195.1	MF6_003684	False
GCF_016128195.1	MF6_003684_Cterm	False
GCF_016128195.1	MF6_003686	False
GCF_016128195.1	MF6_003843	False
GCF_016128195.1	MF6_004284	False
GCF_016128195.1	MF6_004284_Cterm	False
GCF_016128195.1	MF6_004285	False
GCF_016128195.1	MF6_004947	False
GCF_016128195.1	MF6_006318	True
GCF_016458785.1	MF6_001079	False
GCF_016458785.1	MF6_002734	True
GCF_016458785.1	MF6_003184	False
GCF_016458785.1	MF6_003684	False
GCF_016458785.1	MF6_003684_Cterm	False
GCF_016458785.1	MF6_003686	False
GCF_016458785.1	MF6_003843	True
GCF_016458785.1	MF6_004284	False
GCF_016458785.1	MF6_004284_Cterm	False
GCF_016458785.1	MF6_004285	False
GCF_016458785.1	MF6_004947	True
GCF_016458785.1	MF6_006318	True
GCF_016458805.1	MF6_001079	False
GCF_016458805.1	MF6_002734	True
GCF_016458805.1	MF6_003184	False
GCF_016458805.1	MF6_003684	False
GCF_016458805.1	MF6_003684_Cterm	False
GCF_016458805.1	MF6_003686	False
GCF_016458805.1	MF6_003843	False
GCF_016458805.1	MF6_004284	False
GCF_016458805.1	MF6_004284_Cterm	False
GCF_016458805.1	MF6_004285	False
GCF_016458805.1	MF6_004947	False
GCF_016458805.1	MF6_006318	True
GCF_016598875.1	MF6_001079	False
GCF_016598875.1	MF6_002734	True
GCF_016598875.1	MF6_003184	False
GCF_016598875.1	MF6_003684	False
GCF_016598875.1	MF6_003684_Cterm	False
GCF_016598875.1	MF6_003686	False
GCF_016598875.1	MF6_003843	False
GCF_016598875.1	MF6_004284	False
GCF_016598875.1	MF6_004284_Cterm	False
GCF_016598875.1	MF6_004285	False
GCF_016598875.1	MF6_004947	False
GCF_016598875.1	MF6_006318	True
GCF_016698705.1	MF6_001079	False
GCF_016698705.1	MF6_002734	True
GCF_016698705.1	MF6_003184	True
GCF_016698705.1	MF6_003684	False
GCF_016698705.1	MF6_003684_Cterm	False
GCF_016698705.1	MF6_003686	False
GCF_016698705.1	MF6_003843	False
GCF_016698705.1	MF6_004284	False
GCF_016698705.1	MF6_004284_Cterm	False
GCF_016698705.1	MF6_004285	False
GCF_016698705.1	MF6_004947	True
GCF_016698705.1	MF6_006318	True
GCF_016774495.1	MF6_001079	False
GCF_016774495.1	MF6_002734	True
GCF_016774495.1	MF6_003184	False
GCF_016774495.1	MF6_003684	False
GCF_016774495.1	MF6_003684_Cterm	False
GCF_016774495.1	MF6_003686	False
GCF_016774495.1	MF6_003843	True
GCF_016774495.1	MF6_004284	False
GCF_016774495.1	MF6_004284_Cterm	False
GCF_016774495.1	MF6_004285	False
GCF_016774495.1	MF6_004947	True
GCF_016774495.1	MF6_006318	True
GCF_016864355.1	MF6_001079	False
GCF_016864355.1	MF6_002734	True
GCF_016864355.1	MF6_003184	False
GCF_016864355.1	MF6_003684	False
GCF_016864355.1	MF6_003684_Cterm	False
GCF_016864355.1	MF6_003686	False
GCF_016864355.1	MF6_003843	True
GCF_016864355.1	MF6_004284	False
GCF_016864355.1	MF6_004284_Cterm	False
GCF_016864355.1	MF6_004285	False
GCF_016864355.1	MF6_004947	True
GCF_016864355.1	MF6_006318	True
GCF_016889205.1	MF6_001079	False
GCF_016889205.1	MF6_002734	True
GCF_016889205.1	MF6_003184	False
GCF_016889205.1	MF6_003684	False
GCF_016889205.1	MF6_003684_Cterm	False
GCF_016889205.1	MF6_003686	False
GCF_016889205.1	MF6_003843	False
GCF_016889205.1	MF6_004284	False
GCF_016889205.1	MF6_004284_Cterm	False
GCF_016889205.1	MF6_004285	False
GCF_016889205.1	MF6_004947	False
GCF_016889205.1	MF6_006318	True
GCF_016899425.1	MF6_001079	True
GCF_016899425.1	MF6_002734	True
GCF_016899425.1	MF6_003184	True
GCF_016899425.1	MF6_003684	True
GCF_016899425.1	MF6_003684_Cterm	True
GCF_016899425.1	MF6_003686	True
GCF_016899425.1	MF6_003843	True
GCF_016899425.1	MF6_004284	True
GCF_016899425.1	MF6_004284_Cterm	True
GCF_016899425.1	MF6_004285	True
GCF_016899425.1	MF6_004947	True
GCF_016899425.1	MF6_006318	True
GCF_016899445.1	MF6_001079	False
GCF_016899445.1	MF6_002734	True
GCF_016899445.1	MF6_003184	False
GCF_016899445.1	MF6_003684	False
GCF_016899445.1	MF6_003684_Cterm	False
GCF_016899445.1	MF6_003686	False
GCF_016899445.1	MF6_003843	True
GCF_016899445.1	MF6_004284	False
GCF_016899445.1	MF6_004284_Cterm	False
GCF_016899445.1	MF6_004285	False
GCF_016899445.1	MF6_004947	True
GCF_016899445.1	MF6_006318	True
GCF_017165175.1	MF6_001079	False
GCF_017165175.1	MF6_002734	True
GCF_017165175.1	MF6_003184	False
GCF_017165175.1	MF6_003684	False
GCF_017165175.1	MF6_003684_Cterm	False
GCF_017165175.1	MF6_003686	False
GCF_017165175.1	MF6_003843	False
GCF_017165175.1	MF6_004284	False
GCF_017165175.1	MF6_004284_Cterm	False
GCF_017165175.1	MF6_004285	False
GCF_017165175.1	MF6_004947	False
GCF_017165175.1	MF6_006318	True
GCF_017165195.1	MF6_001079	False
GCF_017165195.1	MF6_002734	True
GCF_017165195.1	MF6_003184	False
GCF_017165195.1	MF6_003684	False
GCF_017165195.1	MF6_003684_Cterm	False
GCF_017165195.1	MF6_003686	False
GCF_017165195.1	MF6_003843	False
GCF_017165195.1	MF6_004284	False
GCF_017165195.1	MF6_004284_Cterm	False
GCF_017165195.1	MF6_004285	False
GCF_017165195.1	MF6_004947	False
GCF_017165195.1	MF6_006318	True
GCF_017165475.1	MF6_001079	False
GCF_017165475.1	MF6_002734	True
GCF_017165475.1	MF6_003184	False
GCF_017165475.1	MF6_003684	False
GCF_017165475.1	MF6_003684_Cterm	False
GCF_017165475.1	MF6_003686	False
GCF_017165475.1	MF6_003843	False
GCF_017165475.1	MF6_004284	False
GCF_017165475.1	MF6_004284_Cterm	False
GCF_017165475.1	MF6_004285	False
GCF_017165475.1	MF6_004947	False
GCF_017165475.1	MF6_006318	True
GCF_017165495.1	MF6_001079	False
GCF_017165495.1	MF6_002734	True
GCF_017165495.1	MF6_003184	False
GCF_017165495.1	MF6_003684	False
GCF_017165495.1	MF6_003684_Cterm	False
GCF_017165495.1	MF6_003686	False
GCF_017165495.1	MF6_003843	False
GCF_017165495.1	MF6_004284	False
GCF_017165495.1	MF6_004284_Cterm	False
GCF_017165495.1	MF6_004285	False
GCF_017165495.1	MF6_004947	False
GCF_017165495.1	MF6_006318	True
GCF_017165515.1	MF6_001079	False
GCF_017165515.1	MF6_002734	True
GCF_017165515.1	MF6_003184	False
GCF_017165515.1	MF6_003684	False
GCF_017165515.1	MF6_003684_Cterm	False
GCF_017165515.1	MF6_003686	False
GCF_017165515.1	MF6_003843	False
GCF_017165515.1	MF6_004284	False
GCF_017165515.1	MF6_004284_Cterm	False
GCF_017165515.1	MF6_004285	False
GCF_017165515.1	MF6_004947	False
GCF_017165515.1	MF6_006318	True
GCF_017165535.1	MF6_001079	False
GCF_017165535.1	MF6_002734	True
GCF_017165535.1	MF6_003184	False
GCF_017165535.1	MF6_003684	False
GCF_017165535.1	MF6_003684_Cterm	False
GCF_017165535.1	MF6_003686	False
GCF_017165535.1	MF6_003843	False
GCF_017165535.1	MF6_004284	False
GCF_017165535.1	MF6_004284_Cterm	False
GCF_017165535.1	MF6_004285	False
GCF_017165535.1	MF6_004947	False
GCF_017165535.1	MF6_006318	True
GCF_017165555.1	MF6_001079	False
GCF_017165555.1	MF6_002734	True
GCF_017165555.1	MF6_003184	False
GCF_017165555.1	MF6_003684	False
GCF_017165555.1	MF6_003684_Cterm	False
GCF_017165555.1	MF6_003686	False
GCF_017165555.1	MF6_003843	False
GCF_017165555.1	MF6_004284	False
GCF_017165555.1	MF6_004284_Cterm	False
GCF_017165555.1	MF6_004285	False
GCF_017165555.1	MF6_004947	False
GCF_017165555.1	MF6_006318	True
GCF_017220215.1	MF6_001079	False
GCF_017220215.1	MF6_002734	False
GCF_017220215.1	MF6_003184	False
GCF_017220215.1	MF6_003684	False
GCF_017220215.1	MF6_003684_Cterm	False
GCF_017220215.1	MF6_003686	False
GCF_017220215.1	MF6_003843	False
GCF_017220215.1	MF6_004284	False
GCF_017220215.1	MF6_004284_Cterm	False
GCF_017220215.1	MF6_004285	False
GCF_017220215.1	MF6_004947	False
GCF_017220215.1	MF6_006318	False
GCF_017301875.1	MF6_001079	False
GCF_017301875.1	MF6_002734	True
GCF_017301875.1	MF6_003184	False
GCF_017301875.1	MF6_003684_Cterm	False
GCF_017301875.1	MF6_003686	False
GCF_017301875.1	MF6_003843	False
GCF_017301875.1	MF6_004284_Cterm	False
GCF_017301875.1	MF6_004285	False
GCF_017301875.1	MF6_004947	False
GCF_017301875.1	MF6_006318	True
GCF_017301895.1	MF6_001079	False
GCF_017301895.1	MF6_002734	True
GCF_017301895.1	MF6_003184	False
GCF_017301895.1	MF6_003684_Cterm	False
GCF_017301895.1	MF6_003686	False
GCF_017301895.1	MF6_003843	False
GCF_017301895.1	MF6_004284_Cterm	False
GCF_017301895.1	MF6_004285	False
GCF_017301895.1	MF6_004947	False
GCF_017301895.1	MF6_006318	True
GCF_017301905.1	MF6_001079	False
GCF_017301905.1	MF6_002734	True
GCF_017301905.1	MF6_003184	False
GCF_017301905.1	MF6_003684_Cterm	False
GCF_017301905.1	MF6_003686	False
GCF_017301905.1	MF6_003843	False
GCF_017301905.1	MF6_004284_Cterm	False
GCF_017301905.1	MF6_004285	False
GCF_017301905.1	MF6_004947	False
GCF_017301905.1	MF6_006318	True
GCF_017378155.1	MF6_001079	False
GCF_017378155.1	MF6_002734	True
GCF_017378155.1	MF6_003184	False
GCF_017378155.1	MF6_003684	False
GCF_017378155.1	MF6_003684_Cterm	False
GCF_017378155.1	MF6_003686	False
GCF_017378155.1	MF6_003843	True
GCF_017378155.1	MF6_004284	False
GCF_017378155.1	MF6_004284_Cterm	False
GCF_017378155.1	MF6_004285	False
GCF_017378155.1	MF6_004947	True
GCF_017378155.1	MF6_006318	True
GCF_017378195.1	MF6_001079	False
GCF_017378195.1	MF6_002734	True
GCF_017378195.1	MF6_003184	False
GCF_017378195.1	MF6_003684	False
GCF_017378195.1	MF6_003684_Cterm	False
GCF_017378195.1	MF6_003686	False
GCF_017378195.1	MF6_003843	True
GCF_017378195.1	MF6_004284	False
GCF_017378195.1	MF6_004284_Cterm	False
GCF_017378195.1	MF6_004285	False
GCF_017378195.1	MF6_004947	True
GCF_017378195.1	MF6_006318	True
GCF_017378235.1	MF6_001079	False
GCF_017378235.1	MF6_002734	True
GCF_017378235.1	MF6_003184	False
GCF_017378235.1	MF6_003684	False
GCF_017378235.1	MF6_003684_Cterm	False
GCF_017378235.1	MF6_003686	False
GCF_017378235.1	MF6_003843	True
GCF_017378235.1	MF6_004284	False
GCF_017378235.1	MF6_004284_Cterm	False
GCF_017378235.1	MF6_004285	False
GCF_017378235.1	MF6_004947	True
GCF_017378235.1	MF6_006318	True
GCF_017378275.1	MF6_001079	False
GCF_017378275.1	MF6_002734	True
GCF_017378275.1	MF6_003184	False
GCF_017378275.1	MF6_003684	False
GCF_017378275.1	MF6_003684_Cterm	False
GCF_017378275.1	MF6_003686	False
GCF_017378275.1	MF6_003843	True
GCF_017378275.1	MF6_004284	False
GCF_017378275.1	MF6_004284_Cterm	False
GCF_017378275.1	MF6_004285	False
GCF_017378275.1	MF6_004947	True
GCF_017378275.1	MF6_006318	True
GCF_017378315.2	MF6_001079	False
GCF_017378315.2	MF6_002734	True
GCF_017378315.2	MF6_003184	False
GCF_017378315.2	MF6_003684	False
GCF_017378315.2	MF6_003684_Cterm	False
GCF_017378315.2	MF6_003686	False
GCF_017378315.2	MF6_003843	True
GCF_017378315.2	MF6_004284	False
GCF_017378315.2	MF6_004284_Cterm	False
GCF_017378315.2	MF6_004285	False
GCF_017378315.2	MF6_004947	True
GCF_017378315.2	MF6_006318	True
GCF_017378355.1	MF6_001079	False
GCF_017378355.1	MF6_002734	True
GCF_017378355.1	MF6_003184	False
GCF_017378355.1	MF6_003684	False
GCF_017378355.1	MF6_003684_Cterm	False
GCF_017378355.1	MF6_003686	False
GCF_017378355.1	MF6_003843	True
GCF_017378355.1	MF6_004284	False
GCF_017378355.1	MF6_004284_Cterm	False
GCF_017378355.1	MF6_004285	False
GCF_017378355.1	MF6_004947	True
GCF_017378355.1	MF6_006318	True
GCF_017378435.1	MF6_001079	False
GCF_017378435.1	MF6_002734	True
GCF_017378435.1	MF6_003184	False
GCF_017378435.1	MF6_003684	False
GCF_017378435.1	MF6_003684_Cterm	False
GCF_017378435.1	MF6_003686	False
GCF_017378435.1	MF6_003843	True
GCF_017378435.1	MF6_004284	False
GCF_017378435.1	MF6_004284_Cterm	False
GCF_017378435.1	MF6_004285	False
GCF_017378435.1	MF6_004947	True
GCF_017378435.1	MF6_006318	True
GCF_017514945.1	MF6_001079	False
GCF_017514945.1	MF6_002734	True
GCF_017514945.1	MF6_003184	False
GCF_017514945.1	MF6_003684	False
GCF_017514945.1	MF6_003684_Cterm	False
GCF_017514945.1	MF6_003686	False
GCF_017514945.1	MF6_003843	False
GCF_017514945.1	MF6_004284	False
GCF_017514945.1	MF6_004284_Cterm	False
GCF_017514945.1	MF6_004285	False
GCF_017514945.1	MF6_004947	False
GCF_017514945.1	MF6_006318	True
GCF_017742755.1	MF6_001079	False
GCF_017742755.1	MF6_002734	True
GCF_017742755.1	MF6_003184	True
GCF_017742755.1	MF6_003684_Cterm	False
GCF_017742755.1	MF6_003686	False
GCF_017742755.1	MF6_003843	False
GCF_017742755.1	MF6_004284_Cterm	False
GCF_017742755.1	MF6_004285	False
GCF_017742755.1	MF6_004947	False
GCF_017742755.1	MF6_006318	True
GCF_017815595.1	MF6_001079	False
GCF_017815595.1	MF6_002734	True
GCF_017815595.1	MF6_003184	False
GCF_017815595.1	MF6_003684	False
GCF_017815595.1	MF6_003684_Cterm	False
GCF_017815595.1	MF6_003686	False
GCF_017815595.1	MF6_003843	False
GCF_017815595.1	MF6_004284	False
GCF_017815595.1	MF6_004284_Cterm	False
GCF_017815595.1	MF6_004285	False
GCF_017815595.1	MF6_004947	False
GCF_017815595.1	MF6_006318	True
GCF_017815615.1	MF6_001079	False
GCF_017815615.1	MF6_002734	True
GCF_017815615.1	MF6_003184	False
GCF_017815615.1	MF6_003684	False
GCF_017815615.1	MF6_003684_Cterm	False
GCF_017815615.1	MF6_003686	False
GCF_017815615.1	MF6_003843	False
GCF_017815615.1	MF6_004284	False
GCF_017815615.1	MF6_004284_Cterm	False
GCF_017815615.1	MF6_004285	False
GCF_017815615.1	MF6_004947	False
GCF_017815615.1	MF6_006318	True
GCF_017858835.1	MF6_001079	False
GCF_017858835.1	MF6_002734	True
GCF_017858835.1	MF6_003184	False
GCF_017858835.1	MF6_003684	False
GCF_017858835.1	MF6_003684_Cterm	False
GCF_017858835.1	MF6_003686	False
GCF_017858835.1	MF6_003843	False
GCF_017858835.1	MF6_004284	False
GCF_017858835.1	MF6_004284_Cterm	False
GCF_017858835.1	MF6_004285	False
GCF_017858835.1	MF6_004947	False
GCF_017858835.1	MF6_006318	True
GCF_018223765.1	MF6_001079	False
GCF_018223765.1	MF6_002734	True
GCF_018223765.1	MF6_003184	False
GCF_018223765.1	MF6_003684	False
GCF_018223765.1	MF6_003684_Cterm	False
GCF_018223765.1	MF6_003686	False
GCF_018223765.1	MF6_003843	True
GCF_018223765.1	MF6_004284	False
GCF_018223765.1	MF6_004284_Cterm	False
GCF_018223765.1	MF6_004285	False
GCF_018223765.1	MF6_004947	True
GCF_018223765.1	MF6_006318	True
GCF_018223785.1	MF6_001079	False
GCF_018223785.1	MF6_002734	True
GCF_018223785.1	MF6_003184	False
GCF_018223785.1	MF6_003684	False
GCF_018223785.1	MF6_003684_Cterm	False
GCF_018223785.1	MF6_003686	False
GCF_018223785.1	MF6_003843	True
GCF_018223785.1	MF6_004284	False
GCF_018223785.1	MF6_004284_Cterm	False
GCF_018223785.1	MF6_004285	False
GCF_018223785.1	MF6_004947	True
GCF_018223785.1	MF6_006318	True
GCF_018223805.1	MF6_001079	False
GCF_018223805.1	MF6_002734	True
GCF_018223805.1	MF6_003184	False
GCF_018223805.1	MF6_003684	False
GCF_018223805.1	MF6_003684_Cterm	False
GCF_018223805.1	MF6_003686	False
GCF_018223805.1	MF6_003843	True
GCF_018223805.1	MF6_004284	False
GCF_018223805.1	MF6_004284_Cterm	False
GCF_018223805.1	MF6_004285	False
GCF_018223805.1	MF6_004947	True
GCF_018223805.1	MF6_006318	True
GCF_018228345.1	MF6_001079	False
GCF_018228345.1	MF6_002734	True
GCF_018228345.1	MF6_003184	False
GCF_018228345.1	MF6_003684	False
GCF_018228345.1	MF6_003684_Cterm	False
GCF_018228345.1	MF6_003686	False
GCF_018228345.1	MF6_003843	True
GCF_018228345.1	MF6_004284	False
GCF_018228345.1	MF6_004284_Cterm	False
GCF_018228345.1	MF6_004285	False
GCF_018228345.1	MF6_004947	True
GCF_018228345.1	MF6_006318	True
GCF_018228385.1	MF6_001079	False
GCF_018228385.1	MF6_002734	True
GCF_018228385.1	MF6_003184	False
GCF_018228385.1	MF6_003684	False
GCF_018228385.1	MF6_003684_Cterm	False
GCF_018228385.1	MF6_003686	False
GCF_018228385.1	MF6_003843	True
GCF_018228385.1	MF6_004284	False
GCF_018228385.1	MF6_004284_Cterm	False
GCF_018228385.1	MF6_004285	False
GCF_018228385.1	MF6_004947	True
GCF_018228385.1	MF6_006318	True
GCF_018228525.1	MF6_001079	False
GCF_018228525.1	MF6_002734	True
GCF_018228525.1	MF6_003184	False
GCF_018228525.1	MF6_003684	False
GCF_018228525.1	MF6_003684_Cterm	False
GCF_018228525.1	MF6_003686	False
GCF_018228525.1	MF6_003843	True
GCF_018228525.1	MF6_004284	False
GCF_018228525.1	MF6_004284_Cterm	False
GCF_018228525.1	MF6_004285	False
GCF_018228525.1	MF6_004947	True
GCF_018228525.1	MF6_006318	True
GCF_018228545.1	MF6_001079	False
GCF_018228545.1	MF6_002734	True
GCF_018228545.1	MF6_003184	False
GCF_018228545.1	MF6_003684	False
GCF_018228545.1	MF6_003684_Cterm	False
GCF_018228545.1	MF6_003686	False
GCF_018228545.1	MF6_003843	True
GCF_018228545.1	MF6_004284	False
GCF_018228545.1	MF6_004284_Cterm	False
GCF_018228545.1	MF6_004285	False
GCF_018228545.1	MF6_004947	True
GCF_018228545.1	MF6_006318	True
GCF_018228565.1	MF6_001079	False
GCF_018228565.1	MF6_002734	True
GCF_018228565.1	MF6_003184	False
GCF_018228565.1	MF6_003684	False
GCF_018228565.1	MF6_003684_Cterm	False
GCF_018228565.1	MF6_003686	False
GCF_018228565.1	MF6_003843	True
GCF_018228565.1	MF6_004284	False
GCF_018228565.1	MF6_004284_Cterm	False
GCF_018228565.1	MF6_004285	False
GCF_018228565.1	MF6_004947	True
GCF_018228565.1	MF6_006318	True
GCF_018228585.1	MF6_001079	False
GCF_018228585.1	MF6_002734	True
GCF_018228585.1	MF6_003184	False
GCF_018228585.1	MF6_003684	False
GCF_018228585.1	MF6_003684_Cterm	False
GCF_018228585.1	MF6_003686	False
GCF_018228585.1	MF6_003843	True
GCF_018228585.1	MF6_004284	False
GCF_018228585.1	MF6_004284_Cterm	False
GCF_018228585.1	MF6_004285	False
GCF_018228585.1	MF6_004947	True
GCF_018228585.1	MF6_006318	True
GCF_018228605.1	MF6_001079	False
GCF_018228605.1	MF6_002734	True
GCF_018228605.1	MF6_003184	False
GCF_018228605.1	MF6_003684	False
GCF_018228605.1	MF6_003684_Cterm	False
GCF_018228605.1	MF6_003686	False
GCF_018228605.1	MF6_003843	True
GCF_018228605.1	MF6_004284	False
GCF_018228605.1	MF6_004284_Cterm	False
GCF_018228605.1	MF6_004285	False
GCF_018228605.1	MF6_004947	True
GCF_018228605.1	MF6_006318	True
GCF_018228625.1	MF6_001079	False
GCF_018228625.1	MF6_002734	True
GCF_018228625.1	MF6_003184	False
GCF_018228625.1	MF6_003684	False
GCF_018228625.1	MF6_003684_Cterm	False
GCF_018228625.1	MF6_003686	False
GCF_018228625.1	MF6_003843	True
GCF_018228625.1	MF6_004284	False
GCF_018228625.1	MF6_004284_Cterm	False
GCF_018228625.1	MF6_004285	False
GCF_018228625.1	MF6_004947	True
GCF_018228625.1	MF6_006318	True
GCF_018274335.1	MF6_001079	False
GCF_018274335.1	MF6_002734	True
GCF_018274335.1	MF6_003184	False
GCF_018274335.1	MF6_003684_Cterm	False
GCF_018274335.1	MF6_003686	False
GCF_018274335.1	MF6_003843	True
GCF_018274335.1	MF6_004284_Cterm	False
GCF_018274335.1	MF6_004285	False
GCF_018274335.1	MF6_004947	True
GCF_018274335.1	MF6_006318	True
GCF_018408855.1	MF6_001079	False
GCF_018408855.1	MF6_002734	False
GCF_018408855.1	MF6_003184	False
GCF_018408855.1	MF6_003684	False
GCF_018408855.1	MF6_003684_Cterm	False
GCF_018408855.1	MF6_003686	False
GCF_018408855.1	MF6_003843	False
GCF_018408855.1	MF6_004284	False
GCF_018408855.1	MF6_004284_Cterm	False
GCF_018408855.1	MF6_004285	False
GCF_018408855.1	MF6_004947	False
GCF_018408855.1	MF6_006318	False
GCF_018417535.1	MF6_001079	False
GCF_018417535.1	MF6_002734	True
GCF_018417535.1	MF6_003184	False
GCF_018417535.1	MF6_003684	False
GCF_018417535.1	MF6_003684_Cterm	False
GCF_018417535.1	MF6_003686	False
GCF_018417535.1	MF6_003843	True
GCF_018417535.1	MF6_004284	False
GCF_018417535.1	MF6_004284_Cterm	False
GCF_018417535.1	MF6_004285	False
GCF_018417535.1	MF6_004947	True
GCF_018417535.1	MF6_006318	True
GCF_018417615.1	MF6_001079	True
GCF_018417615.1	MF6_002734	True
GCF_018417615.1	MF6_003184	True
GCF_018417615.1	MF6_003684_Cterm	True
GCF_018417615.1	MF6_003686	True
GCF_018417615.1	MF6_003843	True
GCF_018417615.1	MF6_004284_Cterm	True
GCF_018417615.1	MF6_004285	True
GCF_018417615.1	MF6_004947	True
GCF_018417615.1	MF6_006318	True
GCF_018771365.1	MF6_001079	False
GCF_018771365.1	MF6_002734	True
GCF_018771365.1	MF6_003184	False
GCF_018771365.1	MF6_003684	False
GCF_018771365.1	MF6_003684_Cterm	False
GCF_018771365.1	MF6_003686	False
GCF_018771365.1	MF6_003843	True
GCF_018771365.1	MF6_004284	False
GCF_018771365.1	MF6_004284_Cterm	False
GCF_018771365.1	MF6_004285	False
GCF_018771365.1	MF6_004947	True
GCF_018771365.1	MF6_006318	True
GCF_019428685.1	MF6_001079	False
GCF_019428685.1	MF6_002734	False
GCF_019428685.1	MF6_003184	False
GCF_019428685.1	MF6_003684	False
GCF_019428685.1	MF6_003684_Cterm	False
GCF_019428685.1	MF6_003686	False
GCF_019428685.1	MF6_003843	False
GCF_019428685.1	MF6_004284	False
GCF_019428685.1	MF6_004284_Cterm	False
GCF_019428685.1	MF6_004285	False
GCF_019428685.1	MF6_004947	False
GCF_019428685.1	MF6_006318	False
GCF_019843765.1	MF6_001079	False
GCF_019843765.1	MF6_002734	True
GCF_019843765.1	MF6_003184	False
GCF_019843765.1	MF6_003684_Cterm	False
GCF_019843765.1	MF6_003686	False
GCF_019843765.1	MF6_003843	True
GCF_019843765.1	MF6_004284_Cterm	False
GCF_019843765.1	MF6_004285	False
GCF_019843765.1	MF6_004947	True
GCF_019843765.1	MF6_006318	True
GCF_019915365.1	MF6_001079	False
GCF_019915365.1	MF6_002734	True
GCF_019915365.1	MF6_003184	False
GCF_019915365.1	MF6_003684	False
GCF_019915365.1	MF6_003684_Cterm	False
GCF_019915365.1	MF6_003686	False
GCF_019915365.1	MF6_003843	True
GCF_019915365.1	MF6_004284	False
GCF_019915365.1	MF6_004284_Cterm	False
GCF_019915365.1	MF6_004285	False
GCF_019915365.1	MF6_004947	True
GCF_019915365.1	MF6_006318	False
GCF_019930785.1	MF6_001079	False
GCF_019930785.1	MF6_002734	True
GCF_019930785.1	MF6_003184	False
GCF_019930785.1	MF6_003684	False
GCF_019930785.1	MF6_003684_Cterm	False
GCF_019930785.1	MF6_003686	False
GCF_019930785.1	MF6_003843	False
GCF_019930785.1	MF6_004284	False
GCF_019930785.1	MF6_004284_Cterm	False
GCF_019930785.1	MF6_004285	False
GCF_019930785.1	MF6_004947	False
GCF_019930785.1	MF6_006318	True
GCF_020099355.1	MF6_001079	False
GCF_020099355.1	MF6_002734	True
GCF_020099355.1	MF6_003184	True
GCF_020099355.1	MF6_003684	False
GCF_020099355.1	MF6_003684_Cterm	False
GCF_020099355.1	MF6_003686	False
GCF_020099355.1	MF6_003843	False
GCF_020099355.1	MF6_004284	True
GCF_020099355.1	MF6_004284_Cterm	False
GCF_020099355.1	MF6_004285	False
GCF_020099355.1	MF6_004947	False
GCF_020099355.1	MF6_006318	True
GCF_020544345.1	MF6_001079	False
GCF_020544345.1	MF6_002734	False
GCF_020544345.1	MF6_003184	False
GCF_020544345.1	MF6_003684	False
GCF_020544345.1	MF6_003684_Cterm	False
GCF_020544345.1	MF6_003686	False
GCF_020544345.1	MF6_003843	False
GCF_020544345.1	MF6_004284	False
GCF_020544345.1	MF6_004284_Cterm	False
GCF_020544345.1	MF6_004285	False
GCF_020544345.1	MF6_004947	False
GCF_020544345.1	MF6_006318	False
GCF_020736245.1	MF6_001079	False
GCF_020736245.1	MF6_002734	True
GCF_020736245.1	MF6_003184	False
GCF_020736245.1	MF6_003684	False
GCF_020736245.1	MF6_003684_Cterm	False
GCF_020736245.1	MF6_003686	False
GCF_020736245.1	MF6_003843	False
GCF_020736245.1	MF6_004284	False
GCF_020736245.1	MF6_004284_Cterm	False
GCF_020736245.1	MF6_004285	False
GCF_020736245.1	MF6_004947	False
GCF_020736245.1	MF6_006318	True
GCF_020809565.1	MF6_001079	False
GCF_020809565.1	MF6_002734	True
GCF_020809565.1	MF6_003184	False
GCF_020809565.1	MF6_003684_Cterm	False
GCF_020809565.1	MF6_003686	False
GCF_020809565.1	MF6_003843	False
GCF_020809565.1	MF6_004284_Cterm	False
GCF_020809565.1	MF6_004285	False
GCF_020809565.1	MF6_004947	False
GCF_020809565.1	MF6_006318	True
GCF_020843905.1	MF6_001079	False
GCF_020843905.1	MF6_002734	True
GCF_020843905.1	MF6_003184	False
GCF_020843905.1	MF6_003684	False
GCF_020843905.1	MF6_003684_Cterm	False
GCF_020843905.1	MF6_003686	False
GCF_020843905.1	MF6_003843	True
GCF_020843905.1	MF6_004284	False
GCF_020843905.1	MF6_004284_Cterm	False
GCF_020843905.1	MF6_004285	False
GCF_020843905.1	MF6_004947	True
GCF_020843905.1	MF6_006318	True
GCF_020843925.1	MF6_001079	False
GCF_020843925.1	MF6_002734	True
GCF_020843925.1	MF6_003184	False
GCF_020843925.1	MF6_003684	False
GCF_020843925.1	MF6_003684_Cterm	False
GCF_020843925.1	MF6_003686	False
GCF_020843925.1	MF6_003843	True
GCF_020843925.1	MF6_004284	False
GCF_020843925.1	MF6_004284_Cterm	False
GCF_020843925.1	MF6_004285	False
GCF_020843925.1	MF6_004947	True
GCF_020843925.1	MF6_006318	True
GCF_020843945.1	MF6_001079	False
GCF_020843945.1	MF6_002734	True
GCF_020843945.1	MF6_003184	True
GCF_020843945.1	MF6_003684	False
GCF_020843945.1	MF6_003684_Cterm	False
GCF_020843945.1	MF6_003686	False
GCF_020843945.1	MF6_003843	False
GCF_020843945.1	MF6_004284	False
GCF_020843945.1	MF6_004284_Cterm	False
GCF_020843945.1	MF6_004285	False
GCF_020843945.1	MF6_004947	True
GCF_020843945.1	MF6_006318	True
GCF_020843965.1	MF6_001079	False
GCF_020843965.1	MF6_002734	True
GCF_020843965.1	MF6_003184	True
GCF_020843965.1	MF6_003684	False
GCF_020843965.1	MF6_003684_Cterm	False
GCF_020843965.1	MF6_003686	False
GCF_020843965.1	MF6_003843	False
GCF_020843965.1	MF6_004284	False
GCF_020843965.1	MF6_004284_Cterm	False
GCF_020843965.1	MF6_004285	False
GCF_020843965.1	MF6_004947	True
GCF_020843965.1	MF6_006318	True
GCF_020843985.1	MF6_001079	False
GCF_020843985.1	MF6_002734	True
GCF_020843985.1	MF6_003184	True
GCF_020843985.1	MF6_003684	False
GCF_020843985.1	MF6_003684_Cterm	False
GCF_020843985.1	MF6_003686	False
GCF_020843985.1	MF6_003843	True
GCF_020843985.1	MF6_004284	True
GCF_020843985.1	MF6_004284_Cterm	False
GCF_020843985.1	MF6_004285	False
GCF_020843985.1	MF6_004947	True
GCF_020843985.1	MF6_006318	True
GCF_020885575.1	MF6_001079	False
GCF_020885575.1	MF6_002734	False
GCF_020885575.1	MF6_003184	False
GCF_020885575.1	MF6_003684	False
GCF_020885575.1	MF6_003684_Cterm	False
GCF_020885575.1	MF6_003686	False
GCF_020885575.1	MF6_003843	False
GCF_020885575.1	MF6_004284	False
GCF_020885575.1	MF6_004284_Cterm	False
GCF_020885575.1	MF6_004285	False
GCF_020885575.1	MF6_004947	False
GCF_020885575.1	MF6_006318	False
GCF_021344035.2	MF6_001079	False
GCF_021344035.2	MF6_002734	True
GCF_021344035.2	MF6_003184	False
GCF_021344035.2	MF6_003684	False
GCF_021344035.2	MF6_003684_Cterm	False
GCF_021344035.2	MF6_003686	False
GCF_021344035.2	MF6_003843	True
GCF_021344035.2	MF6_004284	False
GCF_021344035.2	MF6_004284_Cterm	False
GCF_021344035.2	MF6_004285	False
GCF_021344035.2	MF6_004947	True
GCF_021344035.2	MF6_006318	True
GCF_021484945.1	MF6_001079	False
GCF_021484945.1	MF6_002734	True
GCF_021484945.1	MF6_003184	False
GCF_021484945.1	MF6_003684	False
GCF_021484945.1	MF6_003684_Cterm	False
GCF_021484945.1	MF6_003686	False
GCF_021484945.1	MF6_003843	True
GCF_021484945.1	MF6_004284	False
GCF_021484945.1	MF6_004284_Cterm	False
GCF_021484945.1	MF6_004285	False
GCF_021484945.1	MF6_004947	True
GCF_021484945.1	MF6_006318	True
GCF_021535065.1	MF6_001079	False
GCF_021535065.1	MF6_002734	True
GCF_021535065.1	MF6_003184	False
GCF_021535065.1	MF6_003684	False
GCF_021535065.1	MF6_003684_Cterm	False
GCF_021535065.1	MF6_003686	False
GCF_021535065.1	MF6_003843	True
GCF_021535065.1	MF6_004284	False
GCF_021535065.1	MF6_004284_Cterm	False
GCF_021535065.1	MF6_004285	False
GCF_021535065.1	MF6_004947	True
GCF_021535065.1	MF6_006318	True
GCF_021899435.1	MF6_001079	False
GCF_021899435.1	MF6_002734	True
GCF_021899435.1	MF6_003184	False
GCF_021899435.1	MF6_003684	False
GCF_021899435.1	MF6_003684_Cterm	False
GCF_021899435.1	MF6_003686	False
GCF_021899435.1	MF6_003843	True
GCF_021899435.1	MF6_004284	False
GCF_021899435.1	MF6_004284_Cterm	False
GCF_021899435.1	MF6_004285	False
GCF_021899435.1	MF6_004947	True
GCF_021899435.1	MF6_006318	True
GCF_022213445.1	MF6_001079	False
GCF_022213445.1	MF6_002734	True
GCF_022213445.1	MF6_003184	False
GCF_022213445.1	MF6_003684	False
GCF_022213445.1	MF6_003684_Cterm	False
GCF_022213445.1	MF6_003686	False
GCF_022213445.1	MF6_003843	False
GCF_022213445.1	MF6_004284	False
GCF_022213445.1	MF6_004284_Cterm	False
GCF_022213445.1	MF6_004285	False
GCF_022213445.1	MF6_004947	False
GCF_022213445.1	MF6_006318	True
GCF_022533485.1	MF6_001079	False
GCF_022533485.1	MF6_002734	True
GCF_022533485.1	MF6_003184	False
GCF_022533485.1	MF6_003684	False
GCF_022533485.1	MF6_003684_Cterm	False
GCF_022533485.1	MF6_003686	False
GCF_022533485.1	MF6_003843	True
GCF_022533485.1	MF6_004284	False
GCF_022533485.1	MF6_004284_Cterm	False
GCF_022533485.1	MF6_004285	False
GCF_022533485.1	MF6_004947	True
GCF_022533485.1	MF6_006318	True
GCF_022809715.1	MF6_001079	False
GCF_022809715.1	MF6_002734	True
GCF_022809715.1	MF6_003184	False
GCF_022809715.1	MF6_003684	False
GCF_022809715.1	MF6_003684_Cterm	False
GCF_022809715.1	MF6_003686	False
GCF_022809715.1	MF6_003843	True
GCF_022809715.1	MF6_004284	False
GCF_022809715.1	MF6_004284_Cterm	False
GCF_022809715.1	MF6_004285	False
GCF_022809715.1	MF6_004947	True
GCF_022809715.1	MF6_006318	True
GCF_022870505.1	MF6_001079	False
GCF_022870505.1	MF6_002734	True
GCF_022870505.1	MF6_003184	False
GCF_022870505.1	MF6_003684_Cterm	False
GCF_022870505.1	MF6_003686	False
GCF_022870505.1	MF6_003843	False
GCF_022870505.1	MF6_004284_Cterm	False
GCF_022870505.1	MF6_004285	False
GCF_022870505.1	MF6_004947	False
GCF_022870505.1	MF6_006318	True
GCF_022878925.1	MF6_001079	False
GCF_022878925.1	MF6_002734	False
GCF_022878925.1	MF6_003184	False
GCF_022878925.1	MF6_003684_Cterm	False
GCF_022878925.1	MF6_003686	False
GCF_022878925.1	MF6_003843	False
GCF_022878925.1	MF6_004284_Cterm	False
GCF_022878925.1	MF6_004285	False
GCF_022878925.1	MF6_004947	False
GCF_022878925.1	MF6_006318	False
GCF_022879555.1	MF6_001079	False
GCF_022879555.1	MF6_002734	False
GCF_022879555.1	MF6_003184	True
GCF_022879555.1	MF6_003684_Cterm	False
GCF_022879555.1	MF6_003686	False
GCF_022879555.1	MF6_003843	False
GCF_022879555.1	MF6_004284_Cterm	False
GCF_022879555.1	MF6_004285	False
GCF_022879555.1	MF6_004947	False
GCF_022879555.1	MF6_006318	False
GCF_022879575.1	MF6_001079	False
GCF_022879575.1	MF6_002734	False
GCF_022879575.1	MF6_003184	False
GCF_022879575.1	MF6_003684	False
GCF_022879575.1	MF6_003684_Cterm	False
GCF_022879575.1	MF6_003686	False
GCF_022879575.1	MF6_003843	False
GCF_022879575.1	MF6_004284	False
GCF_022879575.1	MF6_004284_Cterm	False
GCF_022879575.1	MF6_004285	False
GCF_022879575.1	MF6_004947	False
GCF_022879575.1	MF6_006318	False
GCF_022879595.1	MF6_001079	False
GCF_022879595.1	MF6_002734	False
GCF_022879595.1	MF6_003184	False
GCF_022879595.1	MF6_003684	False
GCF_022879595.1	MF6_003684_Cterm	False
GCF_022879595.1	MF6_003686	False
GCF_022879595.1	MF6_003843	False
GCF_022879595.1	MF6_004284	False
GCF_022879595.1	MF6_004284_Cterm	False
GCF_022879595.1	MF6_004285	False
GCF_022879595.1	MF6_004947	False
GCF_022879595.1	MF6_006318	False
GCF_022879615.1	MF6_001079	False
GCF_022879615.1	MF6_002734	False
GCF_022879615.1	MF6_003184	False
GCF_022879615.1	MF6_003684	False
GCF_022879615.1	MF6_003684_Cterm	False
GCF_022879615.1	MF6_003686	False
GCF_022879615.1	MF6_003843	False
GCF_022879615.1	MF6_004284	False
GCF_022879615.1	MF6_004284_Cterm	False
GCF_022879615.1	MF6_004285	False
GCF_022879615.1	MF6_004947	False
GCF_022879615.1	MF6_006318	False
GCF_022879815.1	MF6_001079	False
GCF_022879815.1	MF6_002734	False
GCF_022879815.1	MF6_003184	False
GCF_022879815.1	MF6_003684	False
GCF_022879815.1	MF6_003684_Cterm	False
GCF_022879815.1	MF6_003686	False
GCF_022879815.1	MF6_003843	False
GCF_022879815.1	MF6_004284	False
GCF_022879815.1	MF6_004284_Cterm	False
GCF_022879815.1	MF6_004285	False
GCF_022879815.1	MF6_004947	False
GCF_022879815.1	MF6_006318	False
GCF_023053515.1	MF6_001079	False
GCF_023053515.1	MF6_002734	True
GCF_023053515.1	MF6_003184	False
GCF_023053515.1	MF6_003684	False
GCF_023053515.1	MF6_003684_Cterm	False
GCF_023053515.1	MF6_003686	False
GCF_023053515.1	MF6_003843	True
GCF_023053515.1	MF6_004284	False
GCF_023053515.1	MF6_004284_Cterm	False
GCF_023053515.1	MF6_004285	False
GCF_023053515.1	MF6_004947	True
GCF_023053515.1	MF6_006318	True
GCF_023169865.1	MF6_001079	False
GCF_023169865.1	MF6_002734	False
GCF_023169865.1	MF6_003184	False
GCF_023169865.1	MF6_003684	False
GCF_023169865.1	MF6_003684_Cterm	False
GCF_023169865.1	MF6_003686	False
GCF_023169865.1	MF6_003843	False
GCF_023169865.1	MF6_004284	False
GCF_023169865.1	MF6_004284_Cterm	False
GCF_023169865.1	MF6_004285	False
GCF_023169865.1	MF6_004947	False
GCF_023169865.1	MF6_006318	False
GCF_023170545.1	MF6_001079	False
GCF_023170545.1	MF6_002734	False
GCF_023170545.1	MF6_003184	False
GCF_023170545.1	MF6_003684	False
GCF_023170545.1	MF6_003684_Cterm	False
GCF_023170545.1	MF6_003686	False
GCF_023170545.1	MF6_003843	False
GCF_023170545.1	MF6_004284	False
GCF_023170545.1	MF6_004284_Cterm	False
GCF_023170545.1	MF6_004285	False
GCF_023170545.1	MF6_004947	False
GCF_023170545.1	MF6_006318	False
GCF_023373625.1	MF6_001079	False
GCF_023373625.1	MF6_002734	True
GCF_023373625.1	MF6_003184	False
GCF_023373625.1	MF6_003684	False
GCF_023373625.1	MF6_003684_Cterm	False
GCF_023373625.1	MF6_003686	False
GCF_023373625.1	MF6_003843	False
GCF_023373625.1	MF6_004284	False
GCF_023373625.1	MF6_004284_Cterm	False
GCF_023373625.1	MF6_004285	False
GCF_023373625.1	MF6_004947	False
GCF_023373625.1	MF6_006318	True
GCF_023373645.1	MF6_001079	False
GCF_023373645.1	MF6_002734	True
GCF_023373645.1	MF6_003184	False
GCF_023373645.1	MF6_003684	False
GCF_023373645.1	MF6_003684_Cterm	False
GCF_023373645.1	MF6_003686	False
GCF_023373645.1	MF6_003843	False
GCF_023373645.1	MF6_004284	False
GCF_023373645.1	MF6_004284_Cterm	False
GCF_023373645.1	MF6_004285	False
GCF_023373645.1	MF6_004947	False
GCF_023373645.1	MF6_006318	True
GCF_023373665.1	MF6_001079	False
GCF_023373665.1	MF6_002734	True
GCF_023373665.1	MF6_003184	False
GCF_023373665.1	MF6_003684	False
GCF_023373665.1	MF6_003684_Cterm	False
GCF_023373665.1	MF6_003686	False
GCF_023373665.1	MF6_003843	False
GCF_023373665.1	MF6_004284	False
GCF_023373665.1	MF6_004284_Cterm	False
GCF_023373665.1	MF6_004285	False
GCF_023373665.1	MF6_004947	False
GCF_023373665.1	MF6_006318	True
GCF_023373685.1	MF6_001079	False
GCF_023373685.1	MF6_002734	True
GCF_023373685.1	MF6_003184	False
GCF_023373685.1	MF6_003684	False
GCF_023373685.1	MF6_003684_Cterm	False
GCF_023373685.1	MF6_003686	False
GCF_023373685.1	MF6_003843	False
GCF_023373685.1	MF6_004284	False
GCF_023373685.1	MF6_004284_Cterm	False
GCF_023373685.1	MF6_004285	False
GCF_023373685.1	MF6_004947	False
GCF_023373685.1	MF6_006318	True
GCF_023373705.1	MF6_001079	False
GCF_023373705.1	MF6_002734	True
GCF_023373705.1	MF6_003184	False
GCF_023373705.1	MF6_003684_Cterm	False
GCF_023373705.1	MF6_003686	False
GCF_023373705.1	MF6_003843	False
GCF_023373705.1	MF6_004284_Cterm	False
GCF_023373705.1	MF6_004285	False
GCF_023373705.1	MF6_004947	False
GCF_023373705.1	MF6_006318	True
GCF_023373725.1	MF6_001079	False
GCF_023373725.1	MF6_002734	True
GCF_023373725.1	MF6_003184	False
GCF_023373725.1	MF6_003684	False
GCF_023373725.1	MF6_003684_Cterm	False
GCF_023373725.1	MF6_003686	False
GCF_023373725.1	MF6_003843	False
GCF_023373725.1	MF6_004284	False
GCF_023373725.1	MF6_004284_Cterm	False
GCF_023373725.1	MF6_004285	False
GCF_023373725.1	MF6_004947	False
GCF_023373725.1	MF6_006318	True
GCF_023374315.1	MF6_001079	False
GCF_023374315.1	MF6_002734	True
GCF_023374315.1	MF6_003184	False
GCF_023374315.1	MF6_003684	False
GCF_023374315.1	MF6_003684_Cterm	False
GCF_023374315.1	MF6_003686	False
GCF_023374315.1	MF6_003843	False
GCF_023374315.1	MF6_004284	False
GCF_023374315.1	MF6_004284_Cterm	False
GCF_023374315.1	MF6_004285	False
GCF_023374315.1	MF6_004947	False
GCF_023374315.1	MF6_006318	True
GCF_023374335.1	MF6_001079	False
GCF_023374335.1	MF6_002734	True
GCF_023374335.1	MF6_003184	False
GCF_023374335.1	MF6_003684	False
GCF_023374335.1	MF6_003684_Cterm	False
GCF_023374335.1	MF6_003686	False
GCF_023374335.1	MF6_003843	True
GCF_023374335.1	MF6_004284	False
GCF_023374335.1	MF6_004284_Cterm	False
GCF_023374335.1	MF6_004285	False
GCF_023374335.1	MF6_004947	True
GCF_023374335.1	MF6_006318	True
GCF_023374355.1	MF6_001079	False
GCF_023374355.1	MF6_002734	True
GCF_023374355.1	MF6_003184	False
GCF_023374355.1	MF6_003684	False
GCF_023374355.1	MF6_003684_Cterm	False
GCF_023374355.1	MF6_003686	False
GCF_023374355.1	MF6_003843	False
GCF_023374355.1	MF6_004284	False
GCF_023374355.1	MF6_004284_Cterm	False
GCF_023374355.1	MF6_004285	False
GCF_023374355.1	MF6_004947	False
GCF_023374355.1	MF6_006318	True
GCF_023374375.1	MF6_001079	False
GCF_023374375.1	MF6_002734	True
GCF_023374375.1	MF6_003184	False
GCF_023374375.1	MF6_003684	False
GCF_023374375.1	MF6_003684_Cterm	False
GCF_023374375.1	MF6_003686	False
GCF_023374375.1	MF6_003843	False
GCF_023374375.1	MF6_004284	False
GCF_023374375.1	MF6_004284_Cterm	False
GCF_023374375.1	MF6_004285	False
GCF_023374375.1	MF6_004947	False
GCF_023374375.1	MF6_006318	True
GCF_023374395.1	MF6_001079	False
GCF_023374395.1	MF6_002734	True
GCF_023374395.1	MF6_003184	False
GCF_023374395.1	MF6_003684	False
GCF_023374395.1	MF6_003684_Cterm	False
GCF_023374395.1	MF6_003686	False
GCF_023374395.1	MF6_003843	False
GCF_023374395.1	MF6_004284	False
GCF_023374395.1	MF6_004284_Cterm	False
GCF_023374395.1	MF6_004285	False
GCF_023374395.1	MF6_004947	False
GCF_023374395.1	MF6_006318	True
GCF_023374415.1	MF6_001079	False
GCF_023374415.1	MF6_002734	True
GCF_023374415.1	MF6_003184	False
GCF_023374415.1	MF6_003684	False
GCF_023374415.1	MF6_003684_Cterm	False
GCF_023374415.1	MF6_003686	False
GCF_023374415.1	MF6_003843	False
GCF_023374415.1	MF6_004284	False
GCF_023374415.1	MF6_004284_Cterm	False
GCF_023374415.1	MF6_004285	False
GCF_023374415.1	MF6_004947	False
GCF_023374415.1	MF6_006318	True
GCF_023374435.1	MF6_001079	False
GCF_023374435.1	MF6_002734	True
GCF_023374435.1	MF6_003184	False
GCF_023374435.1	MF6_003684	False
GCF_023374435.1	MF6_003684_Cterm	False
GCF_023374435.1	MF6_003686	False
GCF_023374435.1	MF6_003843	False
GCF_023374435.1	MF6_004284	False
GCF_023374435.1	MF6_004284_Cterm	False
GCF_023374435.1	MF6_004285	False
GCF_023374435.1	MF6_004947	False
GCF_023374435.1	MF6_006318	True
GCF_023374455.1	MF6_001079	False
GCF_023374455.1	MF6_002734	True
GCF_023374455.1	MF6_003184	False
GCF_023374455.1	MF6_003684	False
GCF_023374455.1	MF6_003684_Cterm	False
GCF_023374455.1	MF6_003686	False
GCF_023374455.1	MF6_003843	False
GCF_023374455.1	MF6_004284	False
GCF_023374455.1	MF6_004284_Cterm	False
GCF_023374455.1	MF6_004285	False
GCF_023374455.1	MF6_004947	False
GCF_023374455.1	MF6_006318	True
GCF_023374475.1	MF6_001079	False
GCF_023374475.1	MF6_002734	True
GCF_023374475.1	MF6_003184	False
GCF_023374475.1	MF6_003684	False
GCF_023374475.1	MF6_003684_Cterm	False
GCF_023374475.1	MF6_003686	False
GCF_023374475.1	MF6_003843	True
GCF_023374475.1	MF6_004284	False
GCF_023374475.1	MF6_004284_Cterm	False
GCF_023374475.1	MF6_004285	False
GCF_023374475.1	MF6_004947	True
GCF_023374475.1	MF6_006318	True
GCF_023374495.1	MF6_001079	False
GCF_023374495.1	MF6_002734	True
GCF_023374495.1	MF6_003184	False
GCF_023374495.1	MF6_003684	False
GCF_023374495.1	MF6_003684_Cterm	False
GCF_023374495.1	MF6_003686	False
GCF_023374495.1	MF6_003843	False
GCF_023374495.1	MF6_004284	False
GCF_023374495.1	MF6_004284_Cterm	False
GCF_023374495.1	MF6_004285	False
GCF_023374495.1	MF6_004947	False
GCF_023374495.1	MF6_006318	True
GCF_023374515.1	MF6_001079	False
GCF_023374515.1	MF6_002734	True
GCF_023374515.1	MF6_003184	False
GCF_023374515.1	MF6_003684	False
GCF_023374515.1	MF6_003684_Cterm	False
GCF_023374515.1	MF6_003686	False
GCF_023374515.1	MF6_003843	False
GCF_023374515.1	MF6_004284	False
GCF_023374515.1	MF6_004284_Cterm	False
GCF_023374515.1	MF6_004285	False
GCF_023374515.1	MF6_004947	False
GCF_023374515.1	MF6_006318	True
GCF_023374535.1	MF6_001079	False
GCF_023374535.1	MF6_002734	True
GCF_023374535.1	MF6_003184	False
GCF_023374535.1	MF6_003684	False
GCF_023374535.1	MF6_003684_Cterm	False
GCF_023374535.1	MF6_003686	False
GCF_023374535.1	MF6_003843	False
GCF_023374535.1	MF6_004284	False
GCF_023374535.1	MF6_004284_Cterm	False
GCF_023374535.1	MF6_004285	False
GCF_023374535.1	MF6_004947	False
GCF_023374535.1	MF6_006318	True
GCF_023374555.1	MF6_001079	False
GCF_023374555.1	MF6_002734	True
GCF_023374555.1	MF6_003184	False
GCF_023374555.1	MF6_003684_Cterm	False
GCF_023374555.1	MF6_003686	False
GCF_023374555.1	MF6_003843	False
GCF_023374555.1	MF6_004284_Cterm	False
GCF_023374555.1	MF6_004285	False
GCF_023374555.1	MF6_004947	False
GCF_023374555.1	MF6_006318	True
GCF_023374575.1	MF6_001079	False
GCF_023374575.1	MF6_002734	True
GCF_023374575.1	MF6_003184	False
GCF_023374575.1	MF6_003684	False
GCF_023374575.1	MF6_003684_Cterm	False
GCF_023374575.1	MF6_003686	False
GCF_023374575.1	MF6_003843	False
GCF_023374575.1	MF6_004284	False
GCF_023374575.1	MF6_004284_Cterm	False
GCF_023374575.1	MF6_004285	False
GCF_023374575.1	MF6_004947	False
GCF_023374575.1	MF6_006318	True
GCF_023374595.1	MF6_001079	False
GCF_023374595.1	MF6_002734	True
GCF_023374595.1	MF6_003184	False
GCF_023374595.1	MF6_003684	False
GCF_023374595.1	MF6_003684_Cterm	False
GCF_023374595.1	MF6_003686	False
GCF_023374595.1	MF6_003843	False
GCF_023374595.1	MF6_004284	False
GCF_023374595.1	MF6_004284_Cterm	False
GCF_023374595.1	MF6_004285	False
GCF_023374595.1	MF6_004947	False
GCF_023374595.1	MF6_006318	True
GCF_023374615.1	MF6_001079	False
GCF_023374615.1	MF6_002734	True
GCF_023374615.1	MF6_003184	False
GCF_023374615.1	MF6_003684	False
GCF_023374615.1	MF6_003684_Cterm	False
GCF_023374615.1	MF6_003686	False
GCF_023374615.1	MF6_003843	False
GCF_023374615.1	MF6_004284	False
GCF_023374615.1	MF6_004284_Cterm	False
GCF_023374615.1	MF6_004285	False
GCF_023374615.1	MF6_004947	False
GCF_023374615.1	MF6_006318	True
GCF_023374635.1	MF6_001079	False
GCF_023374635.1	MF6_002734	True
GCF_023374635.1	MF6_003184	False
GCF_023374635.1	MF6_003684	False
GCF_023374635.1	MF6_003684_Cterm	False
GCF_023374635.1	MF6_003686	False
GCF_023374635.1	MF6_003843	False
GCF_023374635.1	MF6_004284	False
GCF_023374635.1	MF6_004284_Cterm	False
GCF_023374635.1	MF6_004285	False
GCF_023374635.1	MF6_004947	False
GCF_023374635.1	MF6_006318	True
GCF_023374655.1	MF6_001079	False
GCF_023374655.1	MF6_002734	True
GCF_023374655.1	MF6_003184	False
GCF_023374655.1	MF6_003684	False
GCF_023374655.1	MF6_003684_Cterm	False
GCF_023374655.1	MF6_003686	False
GCF_023374655.1	MF6_003843	False
GCF_023374655.1	MF6_004284	False
GCF_023374655.1	MF6_004284_Cterm	False
GCF_023374655.1	MF6_004285	False
GCF_023374655.1	MF6_004947	False
GCF_023374655.1	MF6_006318	True
GCF_023374675.1	MF6_001079	False
GCF_023374675.1	MF6_002734	True
GCF_023374675.1	MF6_003184	False
GCF_023374675.1	MF6_003684	False
GCF_023374675.1	MF6_003684_Cterm	False
GCF_023374675.1	MF6_003686	False
GCF_023374675.1	MF6_003843	True
GCF_023374675.1	MF6_004284	False
GCF_023374675.1	MF6_004284_Cterm	False
GCF_023374675.1	MF6_004285	False
GCF_023374675.1	MF6_004947	True
GCF_023374675.1	MF6_006318	True
GCF_023374695.1	MF6_001079	False
GCF_023374695.1	MF6_002734	True
GCF_023374695.1	MF6_003184	False
GCF_023374695.1	MF6_003684	False
GCF_023374695.1	MF6_003684_Cterm	False
GCF_023374695.1	MF6_003686	False
GCF_023374695.1	MF6_003843	False
GCF_023374695.1	MF6_004284	False
GCF_023374695.1	MF6_004284_Cterm	False
GCF_023374695.1	MF6_004285	False
GCF_023374695.1	MF6_004947	False
GCF_023374695.1	MF6_006318	True
GCF_023374715.1	MF6_001079	False
GCF_023374715.1	MF6_002734	True
GCF_023374715.1	MF6_003184	False
GCF_023374715.1	MF6_003684	False
GCF_023374715.1	MF6_003684_Cterm	False
GCF_023374715.1	MF6_003686	False
GCF_023374715.1	MF6_003843	True
GCF_023374715.1	MF6_004284	False
GCF_023374715.1	MF6_004284_Cterm	False
GCF_023374715.1	MF6_004285	False
GCF_023374715.1	MF6_004947	True
GCF_023374715.1	MF6_006318	True
GCF_023374735.1	MF6_001079	False
GCF_023374735.1	MF6_002734	True
GCF_023374735.1	MF6_003184	False
GCF_023374735.1	MF6_003684	False
GCF_023374735.1	MF6_003684_Cterm	False
GCF_023374735.1	MF6_003686	False
GCF_023374735.1	MF6_003843	False
GCF_023374735.1	MF6_004284	False
GCF_023374735.1	MF6_004284_Cterm	False
GCF_023374735.1	MF6_004285	False
GCF_023374735.1	MF6_004947	False
GCF_023374735.1	MF6_006318	True
GCF_023374755.1	MF6_001079	False
GCF_023374755.1	MF6_002734	True
GCF_023374755.1	MF6_003184	False
GCF_023374755.1	MF6_003684	False
GCF_023374755.1	MF6_003684_Cterm	False
GCF_023374755.1	MF6_003686	False
GCF_023374755.1	MF6_003843	False
GCF_023374755.1	MF6_004284	False
GCF_023374755.1	MF6_004284_Cterm	False
GCF_023374755.1	MF6_004285	False
GCF_023374755.1	MF6_004947	False
GCF_023374755.1	MF6_006318	True
GCF_023374775.1	MF6_001079	False
GCF_023374775.1	MF6_002734	True
GCF_023374775.1	MF6_003184	False
GCF_023374775.1	MF6_003684	False
GCF_023374775.1	MF6_003684_Cterm	False
GCF_023374775.1	MF6_003686	False
GCF_023374775.1	MF6_003843	False
GCF_023374775.1	MF6_004284	False
GCF_023374775.1	MF6_004284_Cterm	False
GCF_023374775.1	MF6_004285	False
GCF_023374775.1	MF6_004947	False
GCF_023374775.1	MF6_006318	True
GCF_023374795.1	MF6_001079	False
GCF_023374795.1	MF6_002734	True
GCF_023374795.1	MF6_003184	False
GCF_023374795.1	MF6_003684	False
GCF_023374795.1	MF6_003684_Cterm	False
GCF_023374795.1	MF6_003686	False
GCF_023374795.1	MF6_003843	False
GCF_023374795.1	MF6_004284	False
GCF_023374795.1	MF6_004284_Cterm	False
GCF_023374795.1	MF6_004285	False
GCF_023374795.1	MF6_004947	False
GCF_023374795.1	MF6_006318	True
GCF_023374815.1	MF6_001079	False
GCF_023374815.1	MF6_002734	True
GCF_023374815.1	MF6_003184	False
GCF_023374815.1	MF6_003684	False
GCF_023374815.1	MF6_003684_Cterm	False
GCF_023374815.1	MF6_003686	False
GCF_023374815.1	MF6_003843	False
GCF_023374815.1	MF6_004284	False
GCF_023374815.1	MF6_004284_Cterm	False
GCF_023374815.1	MF6_004285	False
GCF_023374815.1	MF6_004947	False
GCF_023374815.1	MF6_006318	True
GCF_023374835.1	MF6_001079	False
GCF_023374835.1	MF6_002734	True
GCF_023374835.1	MF6_003184	False
GCF_023374835.1	MF6_003684	False
GCF_023374835.1	MF6_003684_Cterm	False
GCF_023374835.1	MF6_003686	False
GCF_023374835.1	MF6_003843	True
GCF_023374835.1	MF6_004284	False
GCF_023374835.1	MF6_004284_Cterm	False
GCF_023374835.1	MF6_004285	False
GCF_023374835.1	MF6_004947	True
GCF_023374835.1	MF6_006318	True
GCF_023374855.1	MF6_001079	False
GCF_023374855.1	MF6_002734	True
GCF_023374855.1	MF6_003184	False
GCF_023374855.1	MF6_003684	False
GCF_023374855.1	MF6_003684_Cterm	False
GCF_023374855.1	MF6_003686	False
GCF_023374855.1	MF6_003843	True
GCF_023374855.1	MF6_004284	False
GCF_023374855.1	MF6_004284_Cterm	False
GCF_023374855.1	MF6_004285	False
GCF_023374855.1	MF6_004947	True
GCF_023374855.1	MF6_006318	True
GCF_023374875.1	MF6_001079	False
GCF_023374875.1	MF6_002734	True
GCF_023374875.1	MF6_003184	False
GCF_023374875.1	MF6_003684	False
GCF_023374875.1	MF6_003684_Cterm	False
GCF_023374875.1	MF6_003686	False
GCF_023374875.1	MF6_003843	False
GCF_023374875.1	MF6_004284	False
GCF_023374875.1	MF6_004284_Cterm	False
GCF_023374875.1	MF6_004285	False
GCF_023374875.1	MF6_004947	False
GCF_023374875.1	MF6_006318	True
GCF_023374895.1	MF6_001079	False
GCF_023374895.1	MF6_002734	True
GCF_023374895.1	MF6_003184	False
GCF_023374895.1	MF6_003684	False
GCF_023374895.1	MF6_003684_Cterm	False
GCF_023374895.1	MF6_003686	False
GCF_023374895.1	MF6_003843	False
GCF_023374895.1	MF6_004284	False
GCF_023374895.1	MF6_004284_Cterm	False
GCF_023374895.1	MF6_004285	False
GCF_023374895.1	MF6_004947	False
GCF_023374895.1	MF6_006318	True
GCF_023383415.1	MF6_001079	False
GCF_023383415.1	MF6_002734	True
GCF_023383415.1	MF6_003184	False
GCF_023383415.1	MF6_003684_Cterm	False
GCF_023383415.1	MF6_003686	False
GCF_023383415.1	MF6_003843	False
GCF_023383415.1	MF6_004284_Cterm	False
GCF_023383415.1	MF6_004285	False
GCF_023383415.1	MF6_004947	False
GCF_023383415.1	MF6_006318	True
GCF_023383425.1	MF6_001079	False
GCF_023383425.1	MF6_002734	True
GCF_023383425.1	MF6_003184	False
GCF_023383425.1	MF6_003684_Cterm	False
GCF_023383425.1	MF6_003686	False
GCF_023383425.1	MF6_003843	False
GCF_023383425.1	MF6_004284_Cterm	False
GCF_023383425.1	MF6_004285	False
GCF_023383425.1	MF6_004947	False
GCF_023383425.1	MF6_006318	True
GCF_023383465.1	MF6_001079	False
GCF_023383465.1	MF6_002734	True
GCF_023383465.1	MF6_003184	False
GCF_023383465.1	MF6_003684_Cterm	False
GCF_023383465.1	MF6_003686	False
GCF_023383465.1	MF6_003843	False
GCF_023383465.1	MF6_004284_Cterm	False
GCF_023383465.1	MF6_004285	False
GCF_023383465.1	MF6_004947	False
GCF_023383465.1	MF6_006318	True
GCF_023383485.1	MF6_001079	False
GCF_023383485.1	MF6_002734	True
GCF_023383485.1	MF6_003184	False
GCF_023383485.1	MF6_003684_Cterm	False
GCF_023383485.1	MF6_003686	False
GCF_023383485.1	MF6_003843	False
GCF_023383485.1	MF6_004284_Cterm	False
GCF_023383485.1	MF6_004285	False
GCF_023383485.1	MF6_004947	False
GCF_023383485.1	MF6_006318	True
GCF_023383515.1	MF6_001079	False
GCF_023383515.1	MF6_002734	True
GCF_023383515.1	MF6_003184	False
GCF_023383515.1	MF6_003684_Cterm	False
GCF_023383515.1	MF6_003686	False
GCF_023383515.1	MF6_003843	False
GCF_023383515.1	MF6_004284_Cterm	False
GCF_023383515.1	MF6_004285	False
GCF_023383515.1	MF6_004947	False
GCF_023383515.1	MF6_006318	True
GCF_023658595.1	MF6_001079	False
GCF_023658595.1	MF6_002734	True
GCF_023658595.1	MF6_003184	True
GCF_023658595.1	MF6_003684	False
GCF_023658595.1	MF6_003684_Cterm	False
GCF_023658595.1	MF6_003686	False
GCF_023658595.1	MF6_003843	False
GCF_023658595.1	MF6_004284	False
GCF_023658595.1	MF6_004284_Cterm	False
GCF_023658595.1	MF6_004285	False
GCF_023658595.1	MF6_004947	True
GCF_023658595.1	MF6_006318	True
GCF_023704255.1	MF6_001079	False
GCF_023704255.1	MF6_002734	True
GCF_023704255.1	MF6_003184	False
GCF_023704255.1	MF6_003684_Cterm	False
GCF_023704255.1	MF6_003686	False
GCF_023704255.1	MF6_003843	True
GCF_023704255.1	MF6_004284_Cterm	False
GCF_023704255.1	MF6_004285	False
GCF_023704255.1	MF6_004947	True
GCF_023704255.1	MF6_006318	True
GCF_023895935.1	MF6_001079	False
GCF_023895935.1	MF6_002734	True
GCF_023895935.1	MF6_003184	False
GCF_023895935.1	MF6_003684_Cterm	False
GCF_023895935.1	MF6_003686	False
GCF_023895935.1	MF6_003843	False
GCF_023895935.1	MF6_004284_Cterm	False
GCF_023895935.1	MF6_004285	False
GCF_023895935.1	MF6_004947	False
GCF_023895935.1	MF6_006318	True
GCF_023895995.1	MF6_001079	False
GCF_023895995.1	MF6_002734	True
GCF_023895995.1	MF6_003184	False
GCF_023895995.1	MF6_003684_Cterm	False
GCF_023895995.1	MF6_003686	False
GCF_023895995.1	MF6_003843	False
GCF_023895995.1	MF6_004284_Cterm	False
GCF_023895995.1	MF6_004285	False
GCF_023895995.1	MF6_004947	False
GCF_023895995.1	MF6_006318	True
GCF_023896015.1	MF6_001079	False
GCF_023896015.1	MF6_002734	True
GCF_023896015.1	MF6_003184	False
GCF_023896015.1	MF6_003684_Cterm	False
GCF_023896015.1	MF6_003686	False
GCF_023896015.1	MF6_003843	False
GCF_023896015.1	MF6_004284_Cterm	False
GCF_023896015.1	MF6_004285	False
GCF_023896015.1	MF6_004947	False
GCF_023896015.1	MF6_006318	True
GCF_023896025.1	MF6_001079	False
GCF_023896025.1	MF6_002734	True
GCF_023896025.1	MF6_003184	False
GCF_023896025.1	MF6_003684_Cterm	False
GCF_023896025.1	MF6_003686	False
GCF_023896025.1	MF6_003843	False
GCF_023896025.1	MF6_004284_Cterm	False
GCF_023896025.1	MF6_004285	False
GCF_023896025.1	MF6_004947	False
GCF_023896025.1	MF6_006318	True
GCF_023896055.1	MF6_001079	False
GCF_023896055.1	MF6_002734	True
GCF_023896055.1	MF6_003184	False
GCF_023896055.1	MF6_003684_Cterm	False
GCF_023896055.1	MF6_003686	False
GCF_023896055.1	MF6_003843	False
GCF_023896055.1	MF6_004284_Cterm	False
GCF_023896055.1	MF6_004285	False
GCF_023896055.1	MF6_004947	False
GCF_023896055.1	MF6_006318	True
GCF_023896075.1	MF6_001079	False
GCF_023896075.1	MF6_002734	True
GCF_023896075.1	MF6_003184	False
GCF_023896075.1	MF6_003684_Cterm	False
GCF_023896075.1	MF6_003686	False
GCF_023896075.1	MF6_003843	False
GCF_023896075.1	MF6_004284_Cterm	False
GCF_023896075.1	MF6_004285	False
GCF_023896075.1	MF6_004947	False
GCF_023896075.1	MF6_006318	True
GCF_023896095.1	MF6_001079	False
GCF_023896095.1	MF6_002734	True
GCF_023896095.1	MF6_003184	False
GCF_023896095.1	MF6_003684_Cterm	False
GCF_023896095.1	MF6_003686	False
GCF_023896095.1	MF6_003843	False
GCF_023896095.1	MF6_004284_Cterm	False
GCF_023896095.1	MF6_004285	False
GCF_023896095.1	MF6_004947	False
GCF_023896095.1	MF6_006318	True
GCF_023896115.1	MF6_001079	False
GCF_023896115.1	MF6_002734	True
GCF_023896115.1	MF6_003184	False
GCF_023896115.1	MF6_003684_Cterm	False
GCF_023896115.1	MF6_003686	False
GCF_023896115.1	MF6_003843	False
GCF_023896115.1	MF6_004284_Cterm	False
GCF_023896115.1	MF6_004285	False
GCF_023896115.1	MF6_004947	False
GCF_023896115.1	MF6_006318	True
GCF_023896135.1	MF6_001079	False
GCF_023896135.1	MF6_002734	True
GCF_023896135.1	MF6_003184	False
GCF_023896135.1	MF6_003684_Cterm	False
GCF_023896135.1	MF6_003686	False
GCF_023896135.1	MF6_003843	False
GCF_023896135.1	MF6_004284_Cterm	False
GCF_023896135.1	MF6_004285	False
GCF_023896135.1	MF6_004947	False
GCF_023896135.1	MF6_006318	True
GCF_023896155.1	MF6_001079	False
GCF_023896155.1	MF6_002734	True
GCF_023896155.1	MF6_003184	False
GCF_023896155.1	MF6_003684_Cterm	False
GCF_023896155.1	MF6_003686	False
GCF_023896155.1	MF6_003843	False
GCF_023896155.1	MF6_004284_Cterm	False
GCF_023896155.1	MF6_004285	False
GCF_023896155.1	MF6_004947	False
GCF_023896155.1	MF6_006318	True
GCF_023896175.1	MF6_001079	False
GCF_023896175.1	MF6_002734	True
GCF_023896175.1	MF6_003184	False
GCF_023896175.1	MF6_003684_Cterm	False
GCF_023896175.1	MF6_003686	False
GCF_023896175.1	MF6_003843	False
GCF_023896175.1	MF6_004284_Cterm	False
GCF_023896175.1	MF6_004285	False
GCF_023896175.1	MF6_004947	False
GCF_023896175.1	MF6_006318	True
GCF_023896195.1	MF6_001079	False
GCF_023896195.1	MF6_002734	True
GCF_023896195.1	MF6_003184	False
GCF_023896195.1	MF6_003684_Cterm	False
GCF_023896195.1	MF6_003686	False
GCF_023896195.1	MF6_003843	False
GCF_023896195.1	MF6_004284_Cterm	False
GCF_023896195.1	MF6_004285	False
GCF_023896195.1	MF6_004947	False
GCF_023896195.1	MF6_006318	True
GCF_023896215.1	MF6_001079	False
GCF_023896215.1	MF6_002734	True
GCF_023896215.1	MF6_003184	False
GCF_023896215.1	MF6_003684_Cterm	False
GCF_023896215.1	MF6_003686	False
GCF_023896215.1	MF6_003843	True
GCF_023896215.1	MF6_004284_Cterm	False
GCF_023896215.1	MF6_004285	False
GCF_023896215.1	MF6_004947	True
GCF_023896215.1	MF6_006318	True
GCF_023896235.1	MF6_001079	False
GCF_023896235.1	MF6_002734	True
GCF_023896235.1	MF6_003184	False
GCF_023896235.1	MF6_003684_Cterm	False
GCF_023896235.1	MF6_003686	False
GCF_023896235.1	MF6_003843	False
GCF_023896235.1	MF6_004284_Cterm	False
GCF_023896235.1	MF6_004285	False
GCF_023896235.1	MF6_004947	False
GCF_023896235.1	MF6_006318	True
GCF_023896255.1	MF6_001079	False
GCF_023896255.1	MF6_002734	True
GCF_023896255.1	MF6_003184	False
GCF_023896255.1	MF6_003684_Cterm	False
GCF_023896255.1	MF6_003686	False
GCF_023896255.1	MF6_003843	False
GCF_023896255.1	MF6_004284_Cterm	False
GCF_023896255.1	MF6_004285	False
GCF_023896255.1	MF6_004947	False
GCF_023896255.1	MF6_006318	True
GCF_023896295.1	MF6_001079	False
GCF_023896295.1	MF6_002734	True
GCF_023896295.1	MF6_003184	False
GCF_023896295.1	MF6_003684_Cterm	False
GCF_023896295.1	MF6_003686	False
GCF_023896295.1	MF6_003843	False
GCF_023896295.1	MF6_004284_Cterm	False
GCF_023896295.1	MF6_004285	False
GCF_023896295.1	MF6_004947	False
GCF_023896295.1	MF6_006318	True
GCF_023896315.1	MF6_001079	False
GCF_023896315.1	MF6_002734	True
GCF_023896315.1	MF6_003184	False
GCF_023896315.1	MF6_003684_Cterm	False
GCF_023896315.1	MF6_003686	False
GCF_023896315.1	MF6_003843	True
GCF_023896315.1	MF6_004284_Cterm	False
GCF_023896315.1	MF6_004285	False
GCF_023896315.1	MF6_004947	True
GCF_023896315.1	MF6_006318	True
GCF_023896835.1	MF6_001079	False
GCF_023896835.1	MF6_002734	True
GCF_023896835.1	MF6_003184	False
GCF_023896835.1	MF6_003684_Cterm	False
GCF_023896835.1	MF6_003686	False
GCF_023896835.1	MF6_003843	False
GCF_023896835.1	MF6_004284_Cterm	False
GCF_023896835.1	MF6_004285	False
GCF_023896835.1	MF6_004947	False
GCF_023896835.1	MF6_006318	True
GCF_023896855.1	MF6_001079	False
GCF_023896855.1	MF6_002734	True
GCF_023896855.1	MF6_003184	False
GCF_023896855.1	MF6_003684_Cterm	False
GCF_023896855.1	MF6_003686	False
GCF_023896855.1	MF6_003843	False
GCF_023896855.1	MF6_004284_Cterm	False
GCF_023896855.1	MF6_004285	False
GCF_023896855.1	MF6_004947	False
GCF_023896855.1	MF6_006318	True
GCF_023924265.1	MF6_001079	False
GCF_023924265.1	MF6_002734	True
GCF_023924265.1	MF6_003184	False
GCF_023924265.1	MF6_003684_Cterm	False
GCF_023924265.1	MF6_003686	False
GCF_023924265.1	MF6_003843	False
GCF_023924265.1	MF6_004284_Cterm	False
GCF_023924265.1	MF6_004285	False
GCF_023924265.1	MF6_004947	False
GCF_023924265.1	MF6_006318	True
GCF_023924285.1	MF6_001079	False
GCF_023924285.1	MF6_002734	True
GCF_023924285.1	MF6_003184	False
GCF_023924285.1	MF6_003684_Cterm	False
GCF_023924285.1	MF6_003686	False
GCF_023924285.1	MF6_003843	False
GCF_023924285.1	MF6_004284_Cterm	False
GCF_023924285.1	MF6_004285	False
GCF_023924285.1	MF6_004947	False
GCF_023924285.1	MF6_006318	True
GCF_023924305.1	MF6_001079	False
GCF_023924305.1	MF6_002734	True
GCF_023924305.1	MF6_003184	False
GCF_023924305.1	MF6_003684_Cterm	False
GCF_023924305.1	MF6_003686	False
GCF_023924305.1	MF6_003843	False
GCF_023924305.1	MF6_004284_Cterm	False
GCF_023924305.1	MF6_004285	False
GCF_023924305.1	MF6_004947	False
GCF_023924305.1	MF6_006318	True
GCF_024022955.1	MF6_001079	False
GCF_024022955.1	MF6_002734	True
GCF_024022955.1	MF6_003184	False
GCF_024022955.1	MF6_003684	False
GCF_024022955.1	MF6_003684_Cterm	False
GCF_024022955.1	MF6_003686	False
GCF_024022955.1	MF6_003843	False
GCF_024022955.1	MF6_004284	False
GCF_024022955.1	MF6_004284_Cterm	False
GCF_024022955.1	MF6_004285	False
GCF_024022955.1	MF6_004947	False
GCF_024022955.1	MF6_006318	True
GCF_024072595.1	MF6_001079	False
GCF_024072595.1	MF6_002734	False
GCF_024072595.1	MF6_003184	False
GCF_024072595.1	MF6_003684	False
GCF_024072595.1	MF6_003684_Cterm	False
GCF_024072595.1	MF6_003686	False
GCF_024072595.1	MF6_003843	False
GCF_024072595.1	MF6_004284	False
GCF_024072595.1	MF6_004284_Cterm	False
GCF_024072595.1	MF6_004285	False
GCF_024072595.1	MF6_004947	False
GCF_024072595.1	MF6_006318	True
GCF_024072715.1	MF6_001079	False
GCF_024072715.1	MF6_002734	False
GCF_024072715.1	MF6_003184	False
GCF_024072715.1	MF6_003684	False
GCF_024072715.1	MF6_003684_Cterm	False
GCF_024072715.1	MF6_003686	False
GCF_024072715.1	MF6_003843	False
GCF_024072715.1	MF6_004284	False
GCF_024072715.1	MF6_004284_Cterm	False
GCF_024072715.1	MF6_004285	False
GCF_024072715.1	MF6_004947	False
GCF_024072715.1	MF6_006318	True
GCF_024123895.1	MF6_001079	False
GCF_024123895.1	MF6_002734	False
GCF_024123895.1	MF6_003184	False
GCF_024123895.1	MF6_003684	False
GCF_024123895.1	MF6_003684_Cterm	False
GCF_024123895.1	MF6_003686	False
GCF_024123895.1	MF6_003843	False
GCF_024123895.1	MF6_004284	False
GCF_024123895.1	MF6_004284_Cterm	False
GCF_024123895.1	MF6_004285	False
GCF_024123895.1	MF6_004947	False
GCF_024123895.1	MF6_006318	True
GCF_024381035.2	MF6_001079	False
GCF_024381035.2	MF6_002734	True
GCF_024381035.2	MF6_003184	False
GCF_024381035.2	MF6_003684	False
GCF_024381035.2	MF6_003684_Cterm	False
GCF_024381035.2	MF6_003686	False
GCF_024381035.2	MF6_003843	True
GCF_024381035.2	MF6_004284	False
GCF_024381035.2	MF6_004284_Cterm	False
GCF_024381035.2	MF6_004285	False
GCF_024381035.2	MF6_004947	True
GCF_024381035.2	MF6_006318	True
GCF_024600575.1	MF6_001079	False
GCF_024600575.1	MF6_002734	True
GCF_024600575.1	MF6_003184	False
GCF_024600575.1	MF6_003684	False
GCF_024600575.1	MF6_003684_Cterm	False
GCF_024600575.1	MF6_003686	False
GCF_024600575.1	MF6_003843	True
GCF_024600575.1	MF6_004284	False
GCF_024600575.1	MF6_004284_Cterm	False
GCF_024600575.1	MF6_004285	False
GCF_024600575.1	MF6_004947	True
GCF_024600575.1	MF6_006318	True
GCF_024661975.1	MF6_001079	False
GCF_024661975.1	MF6_002734	True
GCF_024661975.1	MF6_003184	False
GCF_024661975.1	MF6_003684	False
GCF_024661975.1	MF6_003684_Cterm	False
GCF_024661975.1	MF6_003686	False
GCF_024661975.1	MF6_003843	True
GCF_024661975.1	MF6_004284	False
GCF_024661975.1	MF6_004284_Cterm	False
GCF_024661975.1	MF6_004285	False
GCF_024661975.1	MF6_004947	True
GCF_024661975.1	MF6_006318	True
GCF_024662395.1	MF6_001079	False
GCF_024662395.1	MF6_002734	True
GCF_024662395.1	MF6_003184	False
GCF_024662395.1	MF6_003684	False
GCF_024662395.1	MF6_003684_Cterm	False
GCF_024662395.1	MF6_003686	False
GCF_024662395.1	MF6_003843	False
GCF_024662395.1	MF6_004284	False
GCF_024662395.1	MF6_004284_Cterm	False
GCF_024662395.1	MF6_004285	False
GCF_024662395.1	MF6_004947	False
GCF_024662395.1	MF6_006318	True
GCF_024662415.1	MF6_001079	False
GCF_024662415.1	MF6_002734	True
GCF_024662415.1	MF6_003184	False
GCF_024662415.1	MF6_003684	False
GCF_024662415.1	MF6_003684_Cterm	False
GCF_024662415.1	MF6_003686	False
GCF_024662415.1	MF6_003843	False
GCF_024662415.1	MF6_004284	False
GCF_024662415.1	MF6_004284_Cterm	False
GCF_024662415.1	MF6_004285	False
GCF_024662415.1	MF6_004947	False
GCF_024662415.1	MF6_006318	True
GCF_024662435.1	MF6_001079	False
GCF_024662435.1	MF6_002734	True
GCF_024662435.1	MF6_003184	False
GCF_024662435.1	MF6_003684	False
GCF_024662435.1	MF6_003684_Cterm	False
GCF_024662435.1	MF6_003686	False
GCF_024662435.1	MF6_003843	False
GCF_024662435.1	MF6_004284	False
GCF_024662435.1	MF6_004284_Cterm	False
GCF_024662435.1	MF6_004285	False
GCF_024662435.1	MF6_004947	False
GCF_024662435.1	MF6_006318	True
GCF_024662455.1	MF6_001079	False
GCF_024662455.1	MF6_002734	True
GCF_024662455.1	MF6_003184	False
GCF_024662455.1	MF6_003684	False
GCF_024662455.1	MF6_003684_Cterm	False
GCF_024662455.1	MF6_003686	False
GCF_024662455.1	MF6_003843	False
GCF_024662455.1	MF6_004284	False
GCF_024662455.1	MF6_004284_Cterm	False
GCF_024662455.1	MF6_004285	False
GCF_024662455.1	MF6_004947	False
GCF_024662455.1	MF6_006318	True
GCF_024662475.1	MF6_001079	False
GCF_024662475.1	MF6_002734	True
GCF_024662475.1	MF6_003184	False
GCF_024662475.1	MF6_003684	False
GCF_024662475.1	MF6_003684_Cterm	False
GCF_024662475.1	MF6_003686	False
GCF_024662475.1	MF6_003843	False
GCF_024662475.1	MF6_004284	False
GCF_024662475.1	MF6_004284_Cterm	False
GCF_024662475.1	MF6_004285	False
GCF_024662475.1	MF6_004947	False
GCF_024662475.1	MF6_006318	True
GCF_024662615.1	MF6_001079	False
GCF_024662615.1	MF6_002734	True
GCF_024662615.1	MF6_003184	False
GCF_024662615.1	MF6_003684	False
GCF_024662615.1	MF6_003684_Cterm	False
GCF_024662615.1	MF6_003686	False
GCF_024662615.1	MF6_003843	False
GCF_024662615.1	MF6_004284	False
GCF_024662615.1	MF6_004284_Cterm	False
GCF_024662615.1	MF6_004285	False
GCF_024662615.1	MF6_004947	False
GCF_024662615.1	MF6_006318	True
GCF_024662735.1	MF6_001079	False
GCF_024662735.1	MF6_002734	True
GCF_024662735.1	MF6_003184	False
GCF_024662735.1	MF6_003684	False
GCF_024662735.1	MF6_003684_Cterm	False
GCF_024662735.1	MF6_003686	False
GCF_024662735.1	MF6_003843	False
GCF_024662735.1	MF6_004284	False
GCF_024662735.1	MF6_004284_Cterm	False
GCF_024662735.1	MF6_004285	False
GCF_024662735.1	MF6_004947	False
GCF_024662735.1	MF6_006318	True
GCF_024662895.1	MF6_001079	False
GCF_024662895.1	MF6_002734	True
GCF_024662895.1	MF6_003184	False
GCF_024662895.1	MF6_003684	False
GCF_024662895.1	MF6_003684_Cterm	False
GCF_024662895.1	MF6_003686	False
GCF_024662895.1	MF6_003843	False
GCF_024662895.1	MF6_004284	False
GCF_024662895.1	MF6_004284_Cterm	False
GCF_024662895.1	MF6_004285	False
GCF_024662895.1	MF6_004947	False
GCF_024662895.1	MF6_006318	True
GCF_024663015.1	MF6_001079	False
GCF_024663015.1	MF6_002734	True
GCF_024663015.1	MF6_003184	False
GCF_024663015.1	MF6_003684	False
GCF_024663015.1	MF6_003684_Cterm	False
GCF_024663015.1	MF6_003686	False
GCF_024663015.1	MF6_003843	False
GCF_024663015.1	MF6_004284	False
GCF_024663015.1	MF6_004284_Cterm	False
GCF_024663015.1	MF6_004285	False
GCF_024663015.1	MF6_004947	False
GCF_024663015.1	MF6_006318	True
GCF_024663135.1	MF6_001079	False
GCF_024663135.1	MF6_002734	True
GCF_024663135.1	MF6_003184	False
GCF_024663135.1	MF6_003684	False
GCF_024663135.1	MF6_003684_Cterm	False
GCF_024663135.1	MF6_003686	False
GCF_024663135.1	MF6_003843	False
GCF_024663135.1	MF6_004284	False
GCF_024663135.1	MF6_004284_Cterm	False
GCF_024663135.1	MF6_004285	False
GCF_024663135.1	MF6_004947	False
GCF_024663135.1	MF6_006318	True
GCF_024663255.1	MF6_001079	False
GCF_024663255.1	MF6_002734	True
GCF_024663255.1	MF6_003184	False
GCF_024663255.1	MF6_003684	False
GCF_024663255.1	MF6_003684_Cterm	False
GCF_024663255.1	MF6_003686	False
GCF_024663255.1	MF6_003843	False
GCF_024663255.1	MF6_004284	False
GCF_024663255.1	MF6_004284_Cterm	False
GCF_024663255.1	MF6_004285	False
GCF_024663255.1	MF6_004947	False
GCF_024663255.1	MF6_006318	True
GCF_024663375.1	MF6_001079	False
GCF_024663375.1	MF6_002734	True
GCF_024663375.1	MF6_003184	False
GCF_024663375.1	MF6_003684	False
GCF_024663375.1	MF6_003684_Cterm	False
GCF_024663375.1	MF6_003686	False
GCF_024663375.1	MF6_003843	False
GCF_024663375.1	MF6_004284	False
GCF_024663375.1	MF6_004284_Cterm	False
GCF_024663375.1	MF6_004285	False
GCF_024663375.1	MF6_004947	False
GCF_024663375.1	MF6_006318	True
GCF_024663615.1	MF6_001079	False
GCF_024663615.1	MF6_002734	True
GCF_024663615.1	MF6_003184	False
GCF_024663615.1	MF6_003684	False
GCF_024663615.1	MF6_003684_Cterm	False
GCF_024663615.1	MF6_003686	False
GCF_024663615.1	MF6_003843	False
GCF_024663615.1	MF6_004284	False
GCF_024663615.1	MF6_004284_Cterm	False
GCF_024663615.1	MF6_004285	False
GCF_024663615.1	MF6_004947	False
GCF_024663615.1	MF6_006318	True
GCF_024663775.1	MF6_001079	False
GCF_024663775.1	MF6_002734	True
GCF_024663775.1	MF6_003184	False
GCF_024663775.1	MF6_003684	False
GCF_024663775.1	MF6_003684_Cterm	False
GCF_024663775.1	MF6_003686	False
GCF_024663775.1	MF6_003843	False
GCF_024663775.1	MF6_004284	False
GCF_024663775.1	MF6_004284_Cterm	False
GCF_024663775.1	MF6_004285	False
GCF_024663775.1	MF6_004947	False
GCF_024663775.1	MF6_006318	True
GCF_024663895.1	MF6_001079	False
GCF_024663895.1	MF6_002734	True
GCF_024663895.1	MF6_003184	False
GCF_024663895.1	MF6_003684	False
GCF_024663895.1	MF6_003684_Cterm	False
GCF_024663895.1	MF6_003686	False
GCF_024663895.1	MF6_003843	False
GCF_024663895.1	MF6_004284	False
GCF_024663895.1	MF6_004284_Cterm	False
GCF_024663895.1	MF6_004285	False
GCF_024663895.1	MF6_004947	False
GCF_024663895.1	MF6_006318	True
GCF_024663975.1	MF6_001079	False
GCF_024663975.1	MF6_002734	True
GCF_024663975.1	MF6_003184	False
GCF_024663975.1	MF6_003684	False
GCF_024663975.1	MF6_003684_Cterm	False
GCF_024663975.1	MF6_003686	False
GCF_024663975.1	MF6_003843	False
GCF_024663975.1	MF6_004284	False
GCF_024663975.1	MF6_004284_Cterm	False
GCF_024663975.1	MF6_004285	False
GCF_024663975.1	MF6_004947	False
GCF_024663975.1	MF6_006318	True
GCF_024663995.1	MF6_001079	False
GCF_024663995.1	MF6_002734	True
GCF_024663995.1	MF6_003184	False
GCF_024663995.1	MF6_003684	False
GCF_024663995.1	MF6_003684_Cterm	False
GCF_024663995.1	MF6_003686	False
GCF_024663995.1	MF6_003843	False
GCF_024663995.1	MF6_004284	False
GCF_024663995.1	MF6_004284_Cterm	False
GCF_024663995.1	MF6_004285	False
GCF_024663995.1	MF6_004947	False
GCF_024663995.1	MF6_006318	True
GCF_024664015.1	MF6_001079	False
GCF_024664015.1	MF6_002734	True
GCF_024664015.1	MF6_003184	False
GCF_024664015.1	MF6_003684	False
GCF_024664015.1	MF6_003684_Cterm	False
GCF_024664015.1	MF6_003686	False
GCF_024664015.1	MF6_003843	False
GCF_024664015.1	MF6_004284	False
GCF_024664015.1	MF6_004284_Cterm	False
GCF_024664015.1	MF6_004285	False
GCF_024664015.1	MF6_004947	False
GCF_024664015.1	MF6_006318	True
GCF_024664035.1	MF6_001079	False
GCF_024664035.1	MF6_002734	True
GCF_024664035.1	MF6_003184	False
GCF_024664035.1	MF6_003684	False
GCF_024664035.1	MF6_003684_Cterm	False
GCF_024664035.1	MF6_003686	False
GCF_024664035.1	MF6_003843	False
GCF_024664035.1	MF6_004284	False
GCF_024664035.1	MF6_004284_Cterm	False
GCF_024664035.1	MF6_004285	False
GCF_024664035.1	MF6_004947	False
GCF_024664035.1	MF6_006318	True
GCF_024664055.1	MF6_001079	False
GCF_024664055.1	MF6_002734	True
GCF_024664055.1	MF6_003184	False
GCF_024664055.1	MF6_003684	False
GCF_024664055.1	MF6_003684_Cterm	False
GCF_024664055.1	MF6_003686	False
GCF_024664055.1	MF6_003843	False
GCF_024664055.1	MF6_004284	False
GCF_024664055.1	MF6_004284_Cterm	False
GCF_024664055.1	MF6_004285	False
GCF_024664055.1	MF6_004947	False
GCF_024664055.1	MF6_006318	True
GCF_024664075.1	MF6_001079	False
GCF_024664075.1	MF6_002734	True
GCF_024664075.1	MF6_003184	False
GCF_024664075.1	MF6_003684	False
GCF_024664075.1	MF6_003684_Cterm	False
GCF_024664075.1	MF6_003686	False
GCF_024664075.1	MF6_003843	False
GCF_024664075.1	MF6_004284	False
GCF_024664075.1	MF6_004284_Cterm	False
GCF_024664075.1	MF6_004285	False
GCF_024664075.1	MF6_004947	False
GCF_024664075.1	MF6_006318	True
GCF_024664095.1	MF6_001079	False
GCF_024664095.1	MF6_002734	True
GCF_024664095.1	MF6_003184	False
GCF_024664095.1	MF6_003684	False
GCF_024664095.1	MF6_003684_Cterm	False
GCF_024664095.1	MF6_003686	False
GCF_024664095.1	MF6_003843	False
GCF_024664095.1	MF6_004284	False
GCF_024664095.1	MF6_004284_Cterm	False
GCF_024664095.1	MF6_004285	False
GCF_024664095.1	MF6_004947	False
GCF_024664095.1	MF6_006318	True
GCF_024664115.1	MF6_001079	False
GCF_024664115.1	MF6_002734	True
GCF_024664115.1	MF6_003184	False
GCF_024664115.1	MF6_003684	False
GCF_024664115.1	MF6_003684_Cterm	False
GCF_024664115.1	MF6_003686	False
GCF_024664115.1	MF6_003843	False
GCF_024664115.1	MF6_004284	False
GCF_024664115.1	MF6_004284_Cterm	False
GCF_024664115.1	MF6_004285	False
GCF_024664115.1	MF6_004947	False
GCF_024664115.1	MF6_006318	True
GCF_024664135.1	MF6_001079	False
GCF_024664135.1	MF6_002734	True
GCF_024664135.1	MF6_003184	False
GCF_024664135.1	MF6_003684	False
GCF_024664135.1	MF6_003684_Cterm	False
GCF_024664135.1	MF6_003686	False
GCF_024664135.1	MF6_003843	False
GCF_024664135.1	MF6_004284	False
GCF_024664135.1	MF6_004284_Cterm	False
GCF_024664135.1	MF6_004285	False
GCF_024664135.1	MF6_004947	False
GCF_024664135.1	MF6_006318	True
GCF_024664155.1	MF6_001079	False
GCF_024664155.1	MF6_002734	True
GCF_024664155.1	MF6_003184	False
GCF_024664155.1	MF6_003684	False
GCF_024664155.1	MF6_003684_Cterm	False
GCF_024664155.1	MF6_003686	False
GCF_024664155.1	MF6_003843	False
GCF_024664155.1	MF6_004284	False
GCF_024664155.1	MF6_004284_Cterm	False
GCF_024664155.1	MF6_004285	False
GCF_024664155.1	MF6_004947	False
GCF_024664155.1	MF6_006318	True
GCF_024664175.1	MF6_001079	False
GCF_024664175.1	MF6_002734	True
GCF_024664175.1	MF6_003184	False
GCF_024664175.1	MF6_003684	False
GCF_024664175.1	MF6_003684_Cterm	False
GCF_024664175.1	MF6_003686	False
GCF_024664175.1	MF6_003843	False
GCF_024664175.1	MF6_004284	False
GCF_024664175.1	MF6_004284_Cterm	False
GCF_024664175.1	MF6_004285	False
GCF_024664175.1	MF6_004947	False
GCF_024664175.1	MF6_006318	True
GCF_024664195.1	MF6_001079	False
GCF_024664195.1	MF6_002734	True
GCF_024664195.1	MF6_003184	False
GCF_024664195.1	MF6_003684	False
GCF_024664195.1	MF6_003684_Cterm	False
GCF_024664195.1	MF6_003686	False
GCF_024664195.1	MF6_003843	False
GCF_024664195.1	MF6_004284	False
GCF_024664195.1	MF6_004284_Cterm	False
GCF_024664195.1	MF6_004285	False
GCF_024664195.1	MF6_004947	False
GCF_024664195.1	MF6_006318	True
GCF_024664215.1	MF6_001079	False
GCF_024664215.1	MF6_002734	True
GCF_024664215.1	MF6_003184	False
GCF_024664215.1	MF6_003684	False
GCF_024664215.1	MF6_003684_Cterm	False
GCF_024664215.1	MF6_003686	False
GCF_024664215.1	MF6_003843	False
GCF_024664215.1	MF6_004284	False
GCF_024664215.1	MF6_004284_Cterm	False
GCF_024664215.1	MF6_004285	False
GCF_024664215.1	MF6_004947	False
GCF_024664215.1	MF6_006318	True
GCF_024664235.1	MF6_001079	False
GCF_024664235.1	MF6_002734	True
GCF_024664235.1	MF6_003184	False
GCF_024664235.1	MF6_003684	False
GCF_024664235.1	MF6_003684_Cterm	False
GCF_024664235.1	MF6_003686	False
GCF_024664235.1	MF6_003843	False
GCF_024664235.1	MF6_004284	False
GCF_024664235.1	MF6_004284_Cterm	False
GCF_024664235.1	MF6_004285	False
GCF_024664235.1	MF6_004947	False
GCF_024664235.1	MF6_006318	True
GCF_024664255.1	MF6_001079	False
GCF_024664255.1	MF6_002734	True
GCF_024664255.1	MF6_003184	False
GCF_024664255.1	MF6_003684	False
GCF_024664255.1	MF6_003684_Cterm	False
GCF_024664255.1	MF6_003686	False
GCF_024664255.1	MF6_003843	False
GCF_024664255.1	MF6_004284	False
GCF_024664255.1	MF6_004284_Cterm	False
GCF_024664255.1	MF6_004285	False
GCF_024664255.1	MF6_004947	False
GCF_024664255.1	MF6_006318	True
GCF_024664275.1	MF6_001079	False
GCF_024664275.1	MF6_002734	True
GCF_024664275.1	MF6_003184	False
GCF_024664275.1	MF6_003684	False
GCF_024664275.1	MF6_003684_Cterm	False
GCF_024664275.1	MF6_003686	False
GCF_024664275.1	MF6_003843	False
GCF_024664275.1	MF6_004284	False
GCF_024664275.1	MF6_004284_Cterm	False
GCF_024664275.1	MF6_004285	False
GCF_024664275.1	MF6_004947	False
GCF_024664275.1	MF6_006318	True
GCF_024730645.1	MF6_001079	False
GCF_024730645.1	MF6_002734	True
GCF_024730645.1	MF6_003184	False
GCF_024730645.1	MF6_003684	False
GCF_024730645.1	MF6_003684_Cterm	False
GCF_024730645.1	MF6_003686	False
GCF_024730645.1	MF6_003843	True
GCF_024730645.1	MF6_004284	False
GCF_024730645.1	MF6_004284_Cterm	False
GCF_024730645.1	MF6_004285	False
GCF_024730645.1	MF6_004947	True
GCF_024730645.1	MF6_006318	True
GCF_024732225.1	MF6_001079	False
GCF_024732225.1	MF6_002734	True
GCF_024732225.1	MF6_003184	False
GCF_024732225.1	MF6_003684	False
GCF_024732225.1	MF6_003684_Cterm	False
GCF_024732225.1	MF6_003686	False
GCF_024732225.1	MF6_003843	True
GCF_024732225.1	MF6_004284	False
GCF_024732225.1	MF6_004284_Cterm	False
GCF_024732225.1	MF6_004285	False
GCF_024732225.1	MF6_004947	True
GCF_024732225.1	MF6_006318	True
GCF_024760585.1	MF6_001079	False
GCF_024760585.1	MF6_002734	True
GCF_024760585.1	MF6_003184	False
GCF_024760585.1	MF6_003684	False
GCF_024760585.1	MF6_003684_Cterm	False
GCF_024760585.1	MF6_003686	False
GCF_024760585.1	MF6_003843	False
GCF_024760585.1	MF6_004284	False
GCF_024760585.1	MF6_004284_Cterm	False
GCF_024760585.1	MF6_004285	False
GCF_024760585.1	MF6_004947	False
GCF_024760585.1	MF6_006318	True
GCF_024760605.1	MF6_001079	False
GCF_024760605.1	MF6_002734	True
GCF_024760605.1	MF6_003184	False
GCF_024760605.1	MF6_003684	False
GCF_024760605.1	MF6_003684_Cterm	False
GCF_024760605.1	MF6_003686	False
GCF_024760605.1	MF6_003843	False
GCF_024760605.1	MF6_004284	False
GCF_024760605.1	MF6_004284_Cterm	False
GCF_024760605.1	MF6_004285	False
GCF_024760605.1	MF6_004947	False
GCF_024760605.1	MF6_006318	True
GCF_024760625.1	MF6_001079	False
GCF_024760625.1	MF6_002734	True
GCF_024760625.1	MF6_003184	False
GCF_024760625.1	MF6_003684	False
GCF_024760625.1	MF6_003684_Cterm	False
GCF_024760625.1	MF6_003686	False
GCF_024760625.1	MF6_003843	False
GCF_024760625.1	MF6_004284	False
GCF_024760625.1	MF6_004284_Cterm	False
GCF_024760625.1	MF6_004285	False
GCF_024760625.1	MF6_004947	False
GCF_024760625.1	MF6_006318	True
GCF_024760645.1	MF6_001079	False
GCF_024760645.1	MF6_002734	True
GCF_024760645.1	MF6_003184	False
GCF_024760645.1	MF6_003684	False
GCF_024760645.1	MF6_003684_Cterm	False
GCF_024760645.1	MF6_003686	False
GCF_024760645.1	MF6_003843	False
GCF_024760645.1	MF6_004284	False
GCF_024760645.1	MF6_004284_Cterm	False
GCF_024760645.1	MF6_004285	False
GCF_024760645.1	MF6_004947	False
GCF_024760645.1	MF6_006318	True
GCF_025244785.1	MF6_001079	False
GCF_025244785.1	MF6_002734	True
GCF_025244785.1	MF6_003184	True
GCF_025244785.1	MF6_003684	False
GCF_025244785.1	MF6_003684_Cterm	False
GCF_025244785.1	MF6_003686	False
GCF_025244785.1	MF6_003843	False
GCF_025244785.1	MF6_004284	False
GCF_025244785.1	MF6_004284_Cterm	False
GCF_025244785.1	MF6_004285	False
GCF_025244785.1	MF6_004947	True
GCF_025244785.1	MF6_006318	True
GCF_025560745.1	MF6_001079	False
GCF_025560745.1	MF6_002734	True
GCF_025560745.1	MF6_003184	True
GCF_025560745.1	MF6_003684	False
GCF_025560745.1	MF6_003684_Cterm	False
GCF_025560745.1	MF6_003686	False
GCF_025560745.1	MF6_003843	True
GCF_025560745.1	MF6_004284	False
GCF_025560745.1	MF6_004284_Cterm	False
GCF_025560745.1	MF6_004285	False
GCF_025560745.1	MF6_004947	True
GCF_025560745.1	MF6_006318	True
GCF_025643495.1	MF6_001079	False
GCF_025643495.1	MF6_002734	True
GCF_025643495.1	MF6_003184	False
GCF_025643495.1	MF6_003684	False
GCF_025643495.1	MF6_003684_Cterm	False
GCF_025643495.1	MF6_003686	False
GCF_025643495.1	MF6_003843	False
GCF_025643495.1	MF6_004284	False
GCF_025643495.1	MF6_004284_Cterm	False
GCF_025643495.1	MF6_004285	False
GCF_025643495.1	MF6_004947	False
GCF_025643495.1	MF6_006318	True
GCF_025643515.1	MF6_001079	False
GCF_025643515.1	MF6_002734	True
GCF_025643515.1	MF6_003184	False
GCF_025643515.1	MF6_003684	False
GCF_025643515.1	MF6_003684_Cterm	False
GCF_025643515.1	MF6_003686	False
GCF_025643515.1	MF6_003843	True
GCF_025643515.1	MF6_004284	False
GCF_025643515.1	MF6_004284_Cterm	False
GCF_025643515.1	MF6_004285	False
GCF_025643515.1	MF6_004947	True
GCF_025643515.1	MF6_006318	True
GCF_025643535.1	MF6_001079	False
GCF_025643535.1	MF6_002734	True
GCF_025643535.1	MF6_003184	False
GCF_025643535.1	MF6_003684_Cterm	False
GCF_025643535.1	MF6_003686	False
GCF_025643535.1	MF6_003843	True
GCF_025643535.1	MF6_004284_Cterm	False
GCF_025643535.1	MF6_004285	False
GCF_025643535.1	MF6_004947	True
GCF_025643535.1	MF6_006318	True
GCF_025643555.1	MF6_001079	False
GCF_025643555.1	MF6_002734	True
GCF_025643555.1	MF6_003184	False
GCF_025643555.1	MF6_003684	False
GCF_025643555.1	MF6_003684_Cterm	False
GCF_025643555.1	MF6_003686	False
GCF_025643555.1	MF6_003843	False
GCF_025643555.1	MF6_004284	False
GCF_025643555.1	MF6_004284_Cterm	False
GCF_025643555.1	MF6_004285	False
GCF_025643555.1	MF6_004947	False
GCF_025643555.1	MF6_006318	True
GCF_025643575.1	MF6_001079	False
GCF_025643575.1	MF6_002734	True
GCF_025643575.1	MF6_003184	False
GCF_025643575.1	MF6_003684	False
GCF_025643575.1	MF6_003684_Cterm	False
GCF_025643575.1	MF6_003686	False
GCF_025643575.1	MF6_003843	True
GCF_025643575.1	MF6_004284	False
GCF_025643575.1	MF6_004284_Cterm	False
GCF_025643575.1	MF6_004285	False
GCF_025643575.1	MF6_004947	True
GCF_025643575.1	MF6_006318	True
GCF_026314965.1	MF6_001079	False
GCF_026314965.1	MF6_002734	True
GCF_026314965.1	MF6_003184	False
GCF_026314965.1	MF6_003684_Cterm	False
GCF_026314965.1	MF6_003686	False
GCF_026314965.1	MF6_003843	True
GCF_026314965.1	MF6_004284_Cterm	False
GCF_026314965.1	MF6_004285	False
GCF_026314965.1	MF6_004947	True
GCF_026314965.1	MF6_006318	True
GCF_026314985.1	MF6_001079	False
GCF_026314985.1	MF6_002734	True
GCF_026314985.1	MF6_003184	False
GCF_026314985.1	MF6_003684_Cterm	False
GCF_026314985.1	MF6_003686	False
GCF_026314985.1	MF6_003843	True
GCF_026314985.1	MF6_004284_Cterm	False
GCF_026314985.1	MF6_004285	False
GCF_026314985.1	MF6_004947	True
GCF_026314985.1	MF6_006318	True
GCF_026315005.1	MF6_001079	False
GCF_026315005.1	MF6_002734	True
GCF_026315005.1	MF6_003184	False
GCF_026315005.1	MF6_003684	False
GCF_026315005.1	MF6_003684_Cterm	False
GCF_026315005.1	MF6_003686	False
GCF_026315005.1	MF6_003843	False
GCF_026315005.1	MF6_004284	False
GCF_026315005.1	MF6_004284_Cterm	False
GCF_026315005.1	MF6_004285	False
GCF_026315005.1	MF6_004947	True
GCF_026315005.1	MF6_006318	True
GCF_026315025.1	MF6_001079	False
GCF_026315025.1	MF6_002734	True
GCF_026315025.1	MF6_003184	False
GCF_026315025.1	MF6_003684	False
GCF_026315025.1	MF6_003684_Cterm	False
GCF_026315025.1	MF6_003686	False
GCF_026315025.1	MF6_003843	True
GCF_026315025.1	MF6_004284	False
GCF_026315025.1	MF6_004284_Cterm	False
GCF_026315025.1	MF6_004285	False
GCF_026315025.1	MF6_004947	True
GCF_026315025.1	MF6_006318	True
GCF_026315045.1	MF6_001079	False
GCF_026315045.1	MF6_002734	True
GCF_026315045.1	MF6_003184	False
GCF_026315045.1	MF6_003684	False
GCF_026315045.1	MF6_003684_Cterm	False
GCF_026315045.1	MF6_003686	False
GCF_026315045.1	MF6_003843	True
GCF_026315045.1	MF6_004284	False
GCF_026315045.1	MF6_004284_Cterm	False
GCF_026315045.1	MF6_004285	False
GCF_026315045.1	MF6_004947	True
GCF_026315045.1	MF6_006318	True
GCF_026651625.1	MF6_001079	False
GCF_026651625.1	MF6_002734	True
GCF_026651625.1	MF6_003184	True
GCF_026651625.1	MF6_003684	False
GCF_026651625.1	MF6_003684_Cterm	False
GCF_026651625.1	MF6_003686	False
GCF_026651625.1	MF6_003843	False
GCF_026651625.1	MF6_004284	False
GCF_026651625.1	MF6_004284_Cterm	False
GCF_026651625.1	MF6_004285	False
GCF_026651625.1	MF6_004947	True
GCF_026651625.1	MF6_006318	True
GCF_026651975.1	MF6_001079	False
GCF_026651975.1	MF6_002734	True
GCF_026651975.1	MF6_003184	False
GCF_026651975.1	MF6_003684	False
GCF_026651975.1	MF6_003684_Cterm	False
GCF_026651975.1	MF6_003686	False
GCF_026651975.1	MF6_003843	False
GCF_026651975.1	MF6_004284	False
GCF_026651975.1	MF6_004284_Cterm	False
GCF_026651975.1	MF6_004285	False
GCF_026651975.1	MF6_004947	False
GCF_026651975.1	MF6_006318	True
GCF_026651995.1	MF6_001079	False
GCF_026651995.1	MF6_002734	True
GCF_026651995.1	MF6_003184	False
GCF_026651995.1	MF6_003684	False
GCF_026651995.1	MF6_003684_Cterm	False
GCF_026651995.1	MF6_003686	False
GCF_026651995.1	MF6_003843	False
GCF_026651995.1	MF6_004284	False
GCF_026651995.1	MF6_004284_Cterm	False
GCF_026651995.1	MF6_004285	False
GCF_026651995.1	MF6_004947	False
GCF_026651995.1	MF6_006318	True
GCF_026652015.1	MF6_001079	False
GCF_026652015.1	MF6_002734	True
GCF_026652015.1	MF6_003184	False
GCF_026652015.1	MF6_003684	False
GCF_026652015.1	MF6_003684_Cterm	False
GCF_026652015.1	MF6_003686	False
GCF_026652015.1	MF6_003843	False
GCF_026652015.1	MF6_004284	False
GCF_026652015.1	MF6_004284_Cterm	False
GCF_026652015.1	MF6_004285	False
GCF_026652015.1	MF6_004947	False
GCF_026652015.1	MF6_006318	True
GCF_026683795.2	MF6_001079	False
GCF_026683795.2	MF6_002734	True
GCF_026683795.2	MF6_003184	False
GCF_026683795.2	MF6_003684_Cterm	False
GCF_026683795.2	MF6_003686	False
GCF_026683795.2	MF6_003843	True
GCF_026683795.2	MF6_004284_Cterm	False
GCF_026683795.2	MF6_004285	False
GCF_026683795.2	MF6_004947	True
GCF_026683795.2	MF6_006318	True
GCF_026683835.2	MF6_001079	False
GCF_026683835.2	MF6_002734	True
GCF_026683835.2	MF6_003184	False
GCF_026683835.2	MF6_003684	False
GCF_026683835.2	MF6_003684_Cterm	False
GCF_026683835.2	MF6_003686	False
GCF_026683835.2	MF6_003843	True
GCF_026683835.2	MF6_004284	False
GCF_026683835.2	MF6_004284_Cterm	False
GCF_026683835.2	MF6_004285	False
GCF_026683835.2	MF6_004947	True
GCF_026683835.2	MF6_006318	True
GCF_026683855.2	MF6_001079	False
GCF_026683855.2	MF6_002734	True
GCF_026683855.2	MF6_003184	False
GCF_026683855.2	MF6_003684	False
GCF_026683855.2	MF6_003684_Cterm	False
GCF_026683855.2	MF6_003686	False
GCF_026683855.2	MF6_003843	True
GCF_026683855.2	MF6_004284	False
GCF_026683855.2	MF6_004284_Cterm	False
GCF_026683855.2	MF6_004285	False
GCF_026683855.2	MF6_004947	True
GCF_026683855.2	MF6_006318	True
GCF_026683875.2	MF6_001079	False
GCF_026683875.2	MF6_002734	True
GCF_026683875.2	MF6_003184	False
GCF_026683875.2	MF6_003684	False
GCF_026683875.2	MF6_003684_Cterm	False
GCF_026683875.2	MF6_003686	False
GCF_026683875.2	MF6_003843	True
GCF_026683875.2	MF6_004284	False
GCF_026683875.2	MF6_004284_Cterm	False
GCF_026683875.2	MF6_004285	False
GCF_026683875.2	MF6_004947	True
GCF_026683875.2	MF6_006318	True
GCF_026958255.1	MF6_001079	False
GCF_026958255.1	MF6_002734	True
GCF_026958255.1	MF6_003184	False
GCF_026958255.1	MF6_003684	False
GCF_026958255.1	MF6_003684_Cterm	False
GCF_026958255.1	MF6_003686	False
GCF_026958255.1	MF6_003843	True
GCF_026958255.1	MF6_004284	False
GCF_026958255.1	MF6_004284_Cterm	False
GCF_026958255.1	MF6_004285	False
GCF_026958255.1	MF6_004947	True
GCF_026958255.1	MF6_006318	True
GCF_028201395.1	MF6_001079	False
GCF_028201395.1	MF6_002734	True
GCF_028201395.1	MF6_003184	False
GCF_028201395.1	MF6_003684	False
GCF_028201395.1	MF6_003684_Cterm	False
GCF_028201395.1	MF6_003686	False
GCF_028201395.1	MF6_003843	True
GCF_028201395.1	MF6_004284	False
GCF_028201395.1	MF6_004284_Cterm	False
GCF_028201395.1	MF6_004285	False
GCF_028201395.1	MF6_004947	True
GCF_028201395.1	MF6_006318	True
GCF_028462305.2	MF6_001079	False
GCF_028462305.2	MF6_002734	True
GCF_028462305.2	MF6_003184	False
GCF_028462305.2	MF6_003684	False
GCF_028462305.2	MF6_003684_Cterm	False
GCF_028462305.2	MF6_003686	False
GCF_028462305.2	MF6_003843	True
GCF_028462305.2	MF6_004284	False
GCF_028462305.2	MF6_004284_Cterm	False
GCF_028462305.2	MF6_004285	False
GCF_028462305.2	MF6_004947	True
GCF_028462305.2	MF6_006318	True
GCF_028462345.2	MF6_001079	False
GCF_028462345.2	MF6_002734	True
GCF_028462345.2	MF6_003184	False
GCF_028462345.2	MF6_003684_Cterm	False
GCF_028462345.2	MF6_003686	False
GCF_028462345.2	MF6_003843	True
GCF_028462345.2	MF6_004284_Cterm	False
GCF_028462345.2	MF6_004285	False
GCF_028462345.2	MF6_004947	True
GCF_028462345.2	MF6_006318	True
GCF_028473685.1	MF6_001079	False
GCF_028473685.1	MF6_002734	False
GCF_028473685.1	MF6_003184	False
GCF_028473685.1	MF6_003684	False
GCF_028473685.1	MF6_003684_Cterm	False
GCF_028473685.1	MF6_003686	False
GCF_028473685.1	MF6_003843	False
GCF_028473685.1	MF6_004284	False
GCF_028473685.1	MF6_004284_Cterm	False
GCF_028473685.1	MF6_004285	False
GCF_028473685.1	MF6_004947	False
GCF_028473685.1	MF6_006318	True
GCF_028657905.1	MF6_001079	False
GCF_028657905.1	MF6_002734	True
GCF_028657905.1	MF6_003184	False
GCF_028657905.1	MF6_003684	False
GCF_028657905.1	MF6_003684_Cterm	False
GCF_028657905.1	MF6_003686	False
GCF_028657905.1	MF6_003843	True
GCF_028657905.1	MF6_004284	False
GCF_028657905.1	MF6_004284_Cterm	False
GCF_028657905.1	MF6_004285	False
GCF_028657905.1	MF6_004947	True
GCF_028657905.1	MF6_006318	True
GCF_029536165.1	MF6_001079	False
GCF_029536165.1	MF6_002734	True
GCF_029536165.1	MF6_003184	False
GCF_029536165.1	MF6_003684	False
GCF_029536165.1	MF6_003684_Cterm	False
GCF_029536165.1	MF6_003686	False
GCF_029536165.1	MF6_003843	False
GCF_029536165.1	MF6_004284	False
GCF_029536165.1	MF6_004284_Cterm	False
GCF_029536165.1	MF6_004285	False
GCF_029536165.1	MF6_004947	False
GCF_029536165.1	MF6_006318	True
GCF_029590335.1	MF6_001079	False
GCF_029590335.1	MF6_002734	True
GCF_029590335.1	MF6_003184	False
GCF_029590335.1	MF6_003684	False
GCF_029590335.1	MF6_003684_Cterm	False
GCF_029590335.1	MF6_003686	False
GCF_029590335.1	MF6_003843	True
GCF_029590335.1	MF6_004284	False
GCF_029590335.1	MF6_004284_Cterm	False
GCF_029590335.1	MF6_004285	False
GCF_029590335.1	MF6_004947	True
GCF_029590335.1	MF6_006318	True
GCF_029633645.1	MF6_001079	False
GCF_029633645.1	MF6_002734	True
GCF_029633645.1	MF6_003184	False
GCF_029633645.1	MF6_003684	False
GCF_029633645.1	MF6_003684_Cterm	False
GCF_029633645.1	MF6_003686	False
GCF_029633645.1	MF6_003843	True
GCF_029633645.1	MF6_004284	False
GCF_029633645.1	MF6_004284_Cterm	False
GCF_029633645.1	MF6_004285	False
GCF_029633645.1	MF6_004947	True
GCF_029633645.1	MF6_006318	True
GCF_029633805.1	MF6_001079	False
GCF_029633805.1	MF6_002734	True
GCF_029633805.1	MF6_003184	False
GCF_029633805.1	MF6_003684	False
GCF_029633805.1	MF6_003684_Cterm	False
GCF_029633805.1	MF6_003686	False
GCF_029633805.1	MF6_003843	True
GCF_029633805.1	MF6_004284	False
GCF_029633805.1	MF6_004284_Cterm	False
GCF_029633805.1	MF6_004285	False
GCF_029633805.1	MF6_004947	True
GCF_029633805.1	MF6_006318	True
GCF_029633825.1	MF6_001079	False
GCF_029633825.1	MF6_002734	True
GCF_029633825.1	MF6_003184	False
GCF_029633825.1	MF6_003684	False
GCF_029633825.1	MF6_003684_Cterm	False
GCF_029633825.1	MF6_003686	False
GCF_029633825.1	MF6_003843	True
GCF_029633825.1	MF6_004284	False
GCF_029633825.1	MF6_004284_Cterm	False
GCF_029633825.1	MF6_004285	False
GCF_029633825.1	MF6_004947	True
GCF_029633825.1	MF6_006318	True
GCF_029910195.1	MF6_001079	False
GCF_029910195.1	MF6_002734	True
GCF_029910195.1	MF6_003184	False
GCF_029910195.1	MF6_003684	False
GCF_029910195.1	MF6_003684_Cterm	False
GCF_029910195.1	MF6_003686	False
GCF_029910195.1	MF6_003843	True
GCF_029910195.1	MF6_004284	False
GCF_029910195.1	MF6_004284_Cterm	False
GCF_029910195.1	MF6_004285	False
GCF_029910195.1	MF6_004947	True
GCF_029910195.1	MF6_006318	True
GCF_029910215.1	MF6_001079	False
GCF_029910215.1	MF6_002734	False
GCF_029910215.1	MF6_003184	False
GCF_029910215.1	MF6_003684	False
GCF_029910215.1	MF6_003684_Cterm	False
GCF_029910215.1	MF6_003686	False
GCF_029910215.1	MF6_003843	False
GCF_029910215.1	MF6_004284	False
GCF_029910215.1	MF6_004284_Cterm	False
GCF_029910215.1	MF6_004285	False
GCF_029910215.1	MF6_004947	False
GCF_029910215.1	MF6_006318	True
GCF_029962485.1	MF6_001079	False
GCF_029962485.1	MF6_002734	True
GCF_029962485.1	MF6_003184	True
GCF_029962485.1	MF6_003684	False
GCF_029962485.1	MF6_003684_Cterm	False
GCF_029962485.1	MF6_003686	False
GCF_029962485.1	MF6_003843	True
GCF_029962485.1	MF6_004284	False
GCF_029962485.1	MF6_004284_Cterm	False
GCF_029962485.1	MF6_004285	False
GCF_029962485.1	MF6_004947	True
GCF_029962485.1	MF6_006318	True
GCF_030064565.1	MF6_001079	False
GCF_030064565.1	MF6_002734	True
GCF_030064565.1	MF6_003184	False
GCF_030064565.1	MF6_003684_Cterm	False
GCF_030064565.1	MF6_003686	False
GCF_030064565.1	MF6_003843	False
GCF_030064565.1	MF6_004284_Cterm	False
GCF_030064565.1	MF6_004285	False
GCF_030064565.1	MF6_004947	False
GCF_030064565.1	MF6_006318	True
GCF_030078435.1	MF6_001079	False
GCF_030078435.1	MF6_002734	True
GCF_030078435.1	MF6_003184	True
GCF_030078435.1	MF6_003684	False
GCF_030078435.1	MF6_003684_Cterm	False
GCF_030078435.1	MF6_003686	False
GCF_030078435.1	MF6_003843	False
GCF_030078435.1	MF6_004284	False
GCF_030078435.1	MF6_004284_Cterm	False
GCF_030078435.1	MF6_004285	False
GCF_030078435.1	MF6_004947	False
GCF_030078435.1	MF6_006318	True
GCF_030297195.1	MF6_001079	False
GCF_030297195.1	MF6_002734	True
GCF_030297195.1	MF6_003184	False
GCF_030297195.1	MF6_003684	False
GCF_030297195.1	MF6_003684_Cterm	False
GCF_030297195.1	MF6_003686	False
GCF_030297195.1	MF6_003843	True
GCF_030297195.1	MF6_004284	False
GCF_030297195.1	MF6_004284_Cterm	False
GCF_030297195.1	MF6_004285	False
GCF_030297195.1	MF6_004947	True
GCF_030297195.1	MF6_006318	True
GCF_030297215.1	MF6_001079	False
GCF_030297215.1	MF6_002734	True
GCF_030297215.1	MF6_003184	False
GCF_030297215.1	MF6_003684	False
GCF_030297215.1	MF6_003684_Cterm	False
GCF_030297215.1	MF6_003686	False
GCF_030297215.1	MF6_003843	True
GCF_030297215.1	MF6_004284	False
GCF_030297215.1	MF6_004284_Cterm	False
GCF_030297215.1	MF6_004285	False
GCF_030297215.1	MF6_004947	True
GCF_030297215.1	MF6_006318	True
GCF_030297235.1	MF6_001079	False
GCF_030297235.1	MF6_002734	True
GCF_030297235.1	MF6_003184	False
GCF_030297235.1	MF6_003684	False
GCF_030297235.1	MF6_003684_Cterm	False
GCF_030297235.1	MF6_003686	False
GCF_030297235.1	MF6_003843	True
GCF_030297235.1	MF6_004284	False
GCF_030297235.1	MF6_004284_Cterm	False
GCF_030297235.1	MF6_004285	False
GCF_030297235.1	MF6_004947	True
GCF_030297235.1	MF6_006318	True
GCF_030297255.1	MF6_001079	False
GCF_030297255.1	MF6_002734	True
GCF_030297255.1	MF6_003184	False
GCF_030297255.1	MF6_003684	False
GCF_030297255.1	MF6_003684_Cterm	False
GCF_030297255.1	MF6_003686	False
GCF_030297255.1	MF6_003843	True
GCF_030297255.1	MF6_004284	False
GCF_030297255.1	MF6_004284_Cterm	False
GCF_030297255.1	MF6_004285	False
GCF_030297255.1	MF6_004947	True
GCF_030297255.1	MF6_006318	True
GCF_030297275.1	MF6_001079	False
GCF_030297275.1	MF6_002734	True
GCF_030297275.1	MF6_003184	False
GCF_030297275.1	MF6_003684	False
GCF_030297275.1	MF6_003684_Cterm	False
GCF_030297275.1	MF6_003686	False
GCF_030297275.1	MF6_003843	True
GCF_030297275.1	MF6_004284	False
GCF_030297275.1	MF6_004284_Cterm	False
GCF_030297275.1	MF6_004285	False
GCF_030297275.1	MF6_004947	True
GCF_030297275.1	MF6_006318	True
GCF_030297295.1	MF6_001079	False
GCF_030297295.1	MF6_002734	True
GCF_030297295.1	MF6_003184	False
GCF_030297295.1	MF6_003684	False
GCF_030297295.1	MF6_003684_Cterm	False
GCF_030297295.1	MF6_003686	False
GCF_030297295.1	MF6_003843	True
GCF_030297295.1	MF6_004284	False
GCF_030297295.1	MF6_004284_Cterm	False
GCF_030297295.1	MF6_004285	False
GCF_030297295.1	MF6_004947	True
GCF_030297295.1	MF6_006318	True
GCF_030297315.1	MF6_001079	False
GCF_030297315.1	MF6_002734	True
GCF_030297315.1	MF6_003184	False
GCF_030297315.1	MF6_003684	False
GCF_030297315.1	MF6_003684_Cterm	False
GCF_030297315.1	MF6_003686	False
GCF_030297315.1	MF6_003843	True
GCF_030297315.1	MF6_004284	False
GCF_030297315.1	MF6_004284_Cterm	False
GCF_030297315.1	MF6_004285	False
GCF_030297315.1	MF6_004947	True
GCF_030297315.1	MF6_006318	True
GCF_030297335.1	MF6_001079	False
GCF_030297335.1	MF6_002734	True
GCF_030297335.1	MF6_003184	False
GCF_030297335.1	MF6_003684	False
GCF_030297335.1	MF6_003684_Cterm	False
GCF_030297335.1	MF6_003686	False
GCF_030297335.1	MF6_003843	True
GCF_030297335.1	MF6_004284	False
GCF_030297335.1	MF6_004284_Cterm	False
GCF_030297335.1	MF6_004285	False
GCF_030297335.1	MF6_004947	True
GCF_030297335.1	MF6_006318	True
GCF_030297355.1	MF6_001079	False
GCF_030297355.1	MF6_002734	True
GCF_030297355.1	MF6_003184	False
GCF_030297355.1	MF6_003684	False
GCF_030297355.1	MF6_003684_Cterm	False
GCF_030297355.1	MF6_003686	False
GCF_030297355.1	MF6_003843	True
GCF_030297355.1	MF6_004284	False
GCF_030297355.1	MF6_004284_Cterm	False
GCF_030297355.1	MF6_004285	False
GCF_030297355.1	MF6_004947	True
GCF_030297355.1	MF6_006318	True
GCF_030316055.1	MF6_001079	False
GCF_030316055.1	MF6_002734	True
GCF_030316055.1	MF6_003184	False
GCF_030316055.1	MF6_003684	False
GCF_030316055.1	MF6_003684_Cterm	False
GCF_030316055.1	MF6_003686	False
GCF_030316055.1	MF6_003843	False
GCF_030316055.1	MF6_004284	False
GCF_030316055.1	MF6_004284_Cterm	False
GCF_030316055.1	MF6_004285	False
GCF_030316055.1	MF6_004947	False
GCF_030316055.1	MF6_006318	False
GCF_030316075.1	MF6_001079	False
GCF_030316075.1	MF6_002734	True
GCF_030316075.1	MF6_003184	False
GCF_030316075.1	MF6_003684	False
GCF_030316075.1	MF6_003684_Cterm	False
GCF_030316075.1	MF6_003686	False
GCF_030316075.1	MF6_003843	False
GCF_030316075.1	MF6_004284	False
GCF_030316075.1	MF6_004284_Cterm	False
GCF_030316075.1	MF6_004285	False
GCF_030316075.1	MF6_004947	False
GCF_030316075.1	MF6_006318	False
GCF_030374675.1	MF6_001079	False
GCF_030374675.1	MF6_002734	True
GCF_030374675.1	MF6_003184	False
GCF_030374675.1	MF6_003684	True
GCF_030374675.1	MF6_003684_Cterm	True
GCF_030374675.1	MF6_003686	True
GCF_030374675.1	MF6_003843	True
GCF_030374675.1	MF6_004284	False
GCF_030374675.1	MF6_004284_Cterm	False
GCF_030374675.1	MF6_004285	False
GCF_030374675.1	MF6_004947	True
GCF_030374675.1	MF6_006318	True
GCF_030412785.1	MF6_001079	False
GCF_030412785.1	MF6_002734	False
GCF_030412785.1	MF6_003184	False
GCF_030412785.1	MF6_003684	False
GCF_030412785.1	MF6_003684_Cterm	False
GCF_030412785.1	MF6_003686	False
GCF_030412785.1	MF6_003843	False
GCF_030412785.1	MF6_004284	False
GCF_030412785.1	MF6_004284_Cterm	False
GCF_030412785.1	MF6_004285	False
GCF_030412785.1	MF6_004947	False
GCF_030412785.1	MF6_006318	False
GCF_030505635.1	MF6_001079	False
GCF_030505635.1	MF6_002734	True
GCF_030505635.1	MF6_003184	False
GCF_030505635.1	MF6_003684	False
GCF_030505635.1	MF6_003684_Cterm	False
GCF_030505635.1	MF6_003686	False
GCF_030505635.1	MF6_003843	False
GCF_030505635.1	MF6_004284	False
GCF_030505635.1	MF6_004284_Cterm	False
GCF_030505635.1	MF6_004285	False
GCF_030505635.1	MF6_004947	False
GCF_030505635.1	MF6_006318	True
GCF_030644525.1	MF6_001079	False
GCF_030644525.1	MF6_002734	True
GCF_030644525.1	MF6_003184	False
GCF_030644525.1	MF6_003684	False
GCF_030644525.1	MF6_003684_Cterm	False
GCF_030644525.1	MF6_003686	False
GCF_030644525.1	MF6_003843	False
GCF_030644525.1	MF6_004284	False
GCF_030644525.1	MF6_004284_Cterm	False
GCF_030644525.1	MF6_004285	False
GCF_030644525.1	MF6_004947	False
GCF_030644525.1	MF6_006318	True
GCF_030848725.1	MF6_001079	False
GCF_030848725.1	MF6_002734	True
GCF_030848725.1	MF6_003184	False
GCF_030848725.1	MF6_003684	False
GCF_030848725.1	MF6_003684_Cterm	False
GCF_030848725.1	MF6_003686	False
GCF_030848725.1	MF6_003843	False
GCF_030848725.1	MF6_004284	False
GCF_030848725.1	MF6_004284_Cterm	False
GCF_030848725.1	MF6_004285	False
GCF_030848725.1	MF6_004947	False
GCF_030848725.1	MF6_006318	True
GCF_031356765.1	MF6_001079	False
GCF_031356765.1	MF6_002734	False
GCF_031356765.1	MF6_003184	False
GCF_031356765.1	MF6_003684	False
GCF_031356765.1	MF6_003684_Cterm	False
GCF_031356765.1	MF6_003686	False
GCF_031356765.1	MF6_003843	False
GCF_031356765.1	MF6_004284	False
GCF_031356765.1	MF6_004284_Cterm	False
GCF_031356765.1	MF6_004285	False
GCF_031356765.1	MF6_004947	False
GCF_031356765.1	MF6_006318	False
GCF_031585635.1	MF6_001079	False
GCF_031585635.1	MF6_002734	False
GCF_031585635.1	MF6_003184	False
GCF_031585635.1	MF6_003684	False
GCF_031585635.1	MF6_003684_Cterm	False
GCF_031585635.1	MF6_003686	False
GCF_031585635.1	MF6_003843	False
GCF_031585635.1	MF6_004284	False
GCF_031585635.1	MF6_004284_Cterm	False
GCF_031585635.1	MF6_004285	False
GCF_031585635.1	MF6_004947	False
GCF_031585635.1	MF6_006318	False
GCF_032806925.1	MF6_001079	False
GCF_032806925.1	MF6_002734	False
GCF_032806925.1	MF6_003184	False
GCF_032806925.1	MF6_003684	False
GCF_032806925.1	MF6_003684_Cterm	False
GCF_032806925.1	MF6_003686	False
GCF_032806925.1	MF6_003843	False
GCF_032806925.1	MF6_004284	False
GCF_032806925.1	MF6_004284_Cterm	False
GCF_032806925.1	MF6_004285	False
GCF_032806925.1	MF6_004947	False
GCF_032806925.1	MF6_006318	False
GCF_033391855.2	MF6_001079	False
GCF_033391855.2	MF6_002734	False
GCF_033391855.2	MF6_003184	False
GCF_033391855.2	MF6_003684	False
GCF_033391855.2	MF6_003684_Cterm	False
GCF_033391855.2	MF6_003686	False
GCF_033391855.2	MF6_003843	False
GCF_033391855.2	MF6_004284	False
GCF_033391855.2	MF6_004284_Cterm	False
GCF_033391855.2	MF6_004285	False
GCF_033391855.2	MF6_004947	False
GCF_033391855.2	MF6_006318	False
GCF_033675275.1	MF6_001079	False
GCF_033675275.1	MF6_002734	True
GCF_033675275.1	MF6_003184	False
GCF_033675275.1	MF6_003684	False
GCF_033675275.1	MF6_003684_Cterm	False
GCF_033675275.1	MF6_003686	False
GCF_033675275.1	MF6_003843	True
GCF_033675275.1	MF6_004284	False
GCF_033675275.1	MF6_004284_Cterm	False
GCF_033675275.1	MF6_004285	False
GCF_033675275.1	MF6_004947	True
GCF_033675275.1	MF6_006318	True
GCF_033675305.1	MF6_001079	False
GCF_033675305.1	MF6_002734	True
GCF_033675305.1	MF6_003184	False
GCF_033675305.1	MF6_003684	False
GCF_033675305.1	MF6_003684_Cterm	False
GCF_033675305.1	MF6_003686	False
GCF_033675305.1	MF6_003843	True
GCF_033675305.1	MF6_004284	False
GCF_033675305.1	MF6_004284_Cterm	False
GCF_033675305.1	MF6_004285	False
GCF_033675305.1	MF6_004947	True
GCF_033675305.1	MF6_006318	True
GCF_033675325.1	MF6_001079	False
GCF_033675325.1	MF6_002734	True
GCF_033675325.1	MF6_003184	False
GCF_033675325.1	MF6_003684	False
GCF_033675325.1	MF6_003684_Cterm	False
GCF_033675325.1	MF6_003686	False
GCF_033675325.1	MF6_003843	True
GCF_033675325.1	MF6_004284	False
GCF_033675325.1	MF6_004284_Cterm	False
GCF_033675325.1	MF6_004285	False
GCF_033675325.1	MF6_004947	True
GCF_033675325.1	MF6_006318	True
GCF_033675345.1	MF6_001079	False
GCF_033675345.1	MF6_002734	True
GCF_033675345.1	MF6_003184	False
GCF_033675345.1	MF6_003684_Cterm	False
GCF_033675345.1	MF6_003686	False
GCF_033675345.1	MF6_003843	True
GCF_033675345.1	MF6_004284_Cterm	False
GCF_033675345.1	MF6_004285	False
GCF_033675345.1	MF6_004947	True
GCF_033675345.1	MF6_006318	True
GCF_033870355.1	MF6_001079	False
GCF_033870355.1	MF6_002734	True
GCF_033870355.1	MF6_003184	False
GCF_033870355.1	MF6_003684	False
GCF_033870355.1	MF6_003684_Cterm	False
GCF_033870355.1	MF6_003686	False
GCF_033870355.1	MF6_003843	True
GCF_033870355.1	MF6_004284	False
GCF_033870355.1	MF6_004284_Cterm	False
GCF_033870355.1	MF6_004285	False
GCF_033870355.1	MF6_004947	True
GCF_033870355.1	MF6_006318	True
GCF_033870375.1	MF6_001079	False
GCF_033870375.1	MF6_002734	True
GCF_033870375.1	MF6_003184	False
GCF_033870375.1	MF6_003684	False
GCF_033870375.1	MF6_003684_Cterm	False
GCF_033870375.1	MF6_003686	False
GCF_033870375.1	MF6_003843	True
GCF_033870375.1	MF6_004284	False
GCF_033870375.1	MF6_004284_Cterm	False
GCF_033870375.1	MF6_004285	False
GCF_033870375.1	MF6_004947	True
GCF_033870375.1	MF6_006318	True
GCF_033870395.1	MF6_001079	False
GCF_033870395.1	MF6_002734	True
GCF_033870395.1	MF6_003184	False
GCF_033870395.1	MF6_003684	False
GCF_033870395.1	MF6_003684_Cterm	False
GCF_033870395.1	MF6_003686	False
GCF_033870395.1	MF6_003843	True
GCF_033870395.1	MF6_004284	False
GCF_033870395.1	MF6_004284_Cterm	False
GCF_033870395.1	MF6_004285	False
GCF_033870395.1	MF6_004947	True
GCF_033870395.1	MF6_006318	True
GCF_033956065.1	MF6_001079	False
GCF_033956065.1	MF6_002734	True
GCF_033956065.1	MF6_003184	False
GCF_033956065.1	MF6_003684	False
GCF_033956065.1	MF6_003684_Cterm	False
GCF_033956065.1	MF6_003686	False
GCF_033956065.1	MF6_003843	True
GCF_033956065.1	MF6_004284	False
GCF_033956065.1	MF6_004284_Cterm	False
GCF_033956065.1	MF6_004285	False
GCF_033956065.1	MF6_004947	True
GCF_033956065.1	MF6_006318	True
GCF_034047095.1	MF6_001079	False
GCF_034047095.1	MF6_002734	False
GCF_034047095.1	MF6_003184	False
GCF_034047095.1	MF6_003684	False
GCF_034047095.1	MF6_003684_Cterm	False
GCF_034047095.1	MF6_003686	False
GCF_034047095.1	MF6_003843	False
GCF_034047095.1	MF6_004284	False
GCF_034047095.1	MF6_004284_Cterm	False
GCF_034047095.1	MF6_004285	False
GCF_034047095.1	MF6_004947	False
GCF_034047095.1	MF6_006318	False
GCF_034424375.1	MF6_001079	False
GCF_034424375.1	MF6_002734	True
GCF_034424375.1	MF6_003184	False
GCF_034424375.1	MF6_003684	False
GCF_034424375.1	MF6_003684_Cterm	False
GCF_034424375.1	MF6_003686	False
GCF_034424375.1	MF6_003843	False
GCF_034424375.1	MF6_004284	False
GCF_034424375.1	MF6_004284_Cterm	False
GCF_034424375.1	MF6_004285	False
GCF_034424375.1	MF6_004947	False
GCF_034424375.1	MF6_006318	True
GCF_034424545.1	MF6_001079	False
GCF_034424545.1	MF6_002734	False
GCF_034424545.1	MF6_003184	True
GCF_034424545.1	MF6_003684	False
GCF_034424545.1	MF6_003684_Cterm	False
GCF_034424545.1	MF6_003686	False
GCF_034424545.1	MF6_003843	False
GCF_034424545.1	MF6_004284	False
GCF_034424545.1	MF6_004284_Cterm	False
GCF_034424545.1	MF6_004285	False
GCF_034424545.1	MF6_004947	False
GCF_034424545.1	MF6_006318	True
GCF_035621555.1	MF6_001079	False
GCF_035621555.1	MF6_002734	True
GCF_035621555.1	MF6_003184	False
GCF_035621555.1	MF6_003684	False
GCF_035621555.1	MF6_003684_Cterm	False
GCF_035621555.1	MF6_003686	False
GCF_035621555.1	MF6_003843	True
GCF_035621555.1	MF6_004284	False
GCF_035621555.1	MF6_004284_Cterm	False
GCF_035621555.1	MF6_004285	False
GCF_035621555.1	MF6_004947	True
GCF_035621555.1	MF6_006318	True
GCF_036352035.1	MF6_001079	False
GCF_036352035.1	MF6_002734	True
GCF_036352035.1	MF6_003184	False
GCF_036352035.1	MF6_003684	False
GCF_036352035.1	MF6_003684_Cterm	False
GCF_036352035.1	MF6_003686	False
GCF_036352035.1	MF6_003843	False
GCF_036352035.1	MF6_004284	False
GCF_036352035.1	MF6_004284_Cterm	False
GCF_036352035.1	MF6_004285	False
GCF_036352035.1	MF6_004947	False
GCF_036352035.1	MF6_006318	True
GCF_036362805.1	MF6_001079	False
GCF_036362805.1	MF6_002734	True
GCF_036362805.1	MF6_003184	False
GCF_036362805.1	MF6_003684	False
GCF_036362805.1	MF6_003684_Cterm	False
GCF_036362805.1	MF6_003686	False
GCF_036362805.1	MF6_003843	False
GCF_036362805.1	MF6_004284	False
GCF_036362805.1	MF6_004284_Cterm	False
GCF_036362805.1	MF6_004285	False
GCF_036362805.1	MF6_004947	False
GCF_036362805.1	MF6_006318	True
GCF_036837415.1	MF6_001079	False
GCF_036837415.1	MF6_002734	True
GCF_036837415.1	MF6_003184	True
GCF_036837415.1	MF6_003684	False
GCF_036837415.1	MF6_003684_Cterm	False
GCF_036837415.1	MF6_003686	False
GCF_036837415.1	MF6_003843	False
GCF_036837415.1	MF6_004284	False
GCF_036837415.1	MF6_004284_Cterm	False
GCF_036837415.1	MF6_004285	False
GCF_036837415.1	MF6_004947	True
GCF_036837415.1	MF6_006318	True
GCF_036839165.1	MF6_001079	False
GCF_036839165.1	MF6_002734	True
GCF_036839165.1	MF6_003184	True
GCF_036839165.1	MF6_003684	False
GCF_036839165.1	MF6_003684_Cterm	False
GCF_036839165.1	MF6_003686	False
GCF_036839165.1	MF6_003843	False
GCF_036839165.1	MF6_004284	False
GCF_036839165.1	MF6_004284_Cterm	False
GCF_036839165.1	MF6_004285	False
GCF_036839165.1	MF6_004947	True
GCF_036839165.1	MF6_006318	True
GCF_037055255.1	MF6_001079	False
GCF_037055255.1	MF6_002734	True
GCF_037055255.1	MF6_003184	False
GCF_037055255.1	MF6_003684	False
GCF_037055255.1	MF6_003684_Cterm	False
GCF_037055255.1	MF6_003686	False
GCF_037055255.1	MF6_003843	True
GCF_037055255.1	MF6_004284	False
GCF_037055255.1	MF6_004284_Cterm	False
GCF_037055255.1	MF6_004285	False
GCF_037055255.1	MF6_004947	True
GCF_037055255.1	MF6_006318	True
GCF_037101255.1	MF6_001079	False
GCF_037101255.1	MF6_002734	False
GCF_037101255.1	MF6_003184	False
GCF_037101255.1	MF6_003684	False
GCF_037101255.1	MF6_003684_Cterm	False
GCF_037101255.1	MF6_003686	False
GCF_037101255.1	MF6_003843	False
GCF_037101255.1	MF6_004284	False
GCF_037101255.1	MF6_004284_Cterm	False
GCF_037101255.1	MF6_004285	False
GCF_037101255.1	MF6_004947	False
GCF_037101255.1	MF6_006318	False
GCF_037101275.1	MF6_001079	False
GCF_037101275.1	MF6_002734	True
GCF_037101275.1	MF6_003184	False
GCF_037101275.1	MF6_003684	False
GCF_037101275.1	MF6_003684_Cterm	False
GCF_037101275.1	MF6_003686	False
GCF_037101275.1	MF6_003843	True
GCF_037101275.1	MF6_004284	False
GCF_037101275.1	MF6_004284_Cterm	False
GCF_037101275.1	MF6_004285	False
GCF_037101275.1	MF6_004947	True
GCF_037101275.1	MF6_006318	True
GCF_037477895.1	MF6_001079	False
GCF_037477895.1	MF6_002734	False
GCF_037477895.1	MF6_003184	False
GCF_037477895.1	MF6_003684	False
GCF_037477895.1	MF6_003684_Cterm	False
GCF_037477895.1	MF6_003686	False
GCF_037477895.1	MF6_003843	False
GCF_037477895.1	MF6_004284	False
GCF_037477895.1	MF6_004284_Cterm	False
GCF_037477895.1	MF6_004285	False
GCF_037477895.1	MF6_004947	False
GCF_037477895.1	MF6_006318	False
GCF_037477905.1	MF6_001079	False
GCF_037477905.1	MF6_002734	False
GCF_037477905.1	MF6_003184	False
GCF_037477905.1	MF6_003684	False
GCF_037477905.1	MF6_003684_Cterm	False
GCF_037477905.1	MF6_003686	False
GCF_037477905.1	MF6_003843	False
GCF_037477905.1	MF6_004284	False
GCF_037477905.1	MF6_004284_Cterm	False
GCF_037477905.1	MF6_004285	False
GCF_037477905.1	MF6_004947	False
GCF_037477905.1	MF6_006318	False
GCF_037478035.1	MF6_001079	False
GCF_037478035.1	MF6_002734	False
GCF_037478035.1	MF6_003184	False
GCF_037478035.1	MF6_003684	False
GCF_037478035.1	MF6_003684_Cterm	False
GCF_037478035.1	MF6_003686	False
GCF_037478035.1	MF6_003843	False
GCF_037478035.1	MF6_004284	False
GCF_037478035.1	MF6_004284_Cterm	False
GCF_037478035.1	MF6_004285	False
GCF_037478035.1	MF6_004947	False
GCF_037478035.1	MF6_006318	False
GCF_037478045.1	MF6_001079	False
GCF_037478045.1	MF6_002734	False
GCF_037478045.1	MF6_003184	False
GCF_037478045.1	MF6_003684	False
GCF_037478045.1	MF6_003684_Cterm	False
GCF_037478045.1	MF6_003686	False
GCF_037478045.1	MF6_003843	False
GCF_037478045.1	MF6_004284	False
GCF_037478045.1	MF6_004284_Cterm	False
GCF_037478045.1	MF6_004285	False
GCF_037478045.1	MF6_004947	False
GCF_037478045.1	MF6_006318	False
GCF_037478055.1	MF6_001079	False
GCF_037478055.1	MF6_002734	False
GCF_037478055.1	MF6_003184	False
GCF_037478055.1	MF6_003684	False
GCF_037478055.1	MF6_003684_Cterm	False
GCF_037478055.1	MF6_003686	False
GCF_037478055.1	MF6_003843	False
GCF_037478055.1	MF6_004284	False
GCF_037478055.1	MF6_004284_Cterm	False
GCF_037478055.1	MF6_004285	False
GCF_037478055.1	MF6_004947	False
GCF_037478055.1	MF6_006318	False
GCF_037478065.1	MF6_001079	False
GCF_037478065.1	MF6_002734	False
GCF_037478065.1	MF6_003184	False
GCF_037478065.1	MF6_003684	False
GCF_037478065.1	MF6_003684_Cterm	False
GCF_037478065.1	MF6_003686	False
GCF_037478065.1	MF6_003843	False
GCF_037478065.1	MF6_004284	False
GCF_037478065.1	MF6_004284_Cterm	False
GCF_037478065.1	MF6_004285	False
GCF_037478065.1	MF6_004947	False
GCF_037478065.1	MF6_006318	False
GCF_037478075.1	MF6_001079	False
GCF_037478075.1	MF6_002734	False
GCF_037478075.1	MF6_003184	False
GCF_037478075.1	MF6_003684	False
GCF_037478075.1	MF6_003684_Cterm	False
GCF_037478075.1	MF6_003686	False
GCF_037478075.1	MF6_003843	False
GCF_037478075.1	MF6_004284	False
GCF_037478075.1	MF6_004284_Cterm	False
GCF_037478075.1	MF6_004285	False
GCF_037478075.1	MF6_004947	False
GCF_037478075.1	MF6_006318	False
GCF_037478085.1	MF6_001079	False
GCF_037478085.1	MF6_002734	False
GCF_037478085.1	MF6_003184	False
GCF_037478085.1	MF6_003684	False
GCF_037478085.1	MF6_003684_Cterm	False
GCF_037478085.1	MF6_003686	False
GCF_037478085.1	MF6_003843	False
GCF_037478085.1	MF6_004284	False
GCF_037478085.1	MF6_004284_Cterm	False
GCF_037478085.1	MF6_004285	False
GCF_037478085.1	MF6_004947	False
GCF_037478085.1	MF6_006318	False
GCF_038050405.1	MF6_001079	False
GCF_038050405.1	MF6_002734	False
GCF_038050405.1	MF6_003184	False
GCF_038050405.1	MF6_003684	False
GCF_038050405.1	MF6_003684_Cterm	False
GCF_038050405.1	MF6_003686	False
GCF_038050405.1	MF6_003843	False
GCF_038050405.1	MF6_004284	False
GCF_038050405.1	MF6_004284_Cterm	False
GCF_038050405.1	MF6_004285	False
GCF_038050405.1	MF6_004947	False
GCF_038050405.1	MF6_006318	True
GCF_038447715.1	MF6_001079	False
GCF_038447715.1	MF6_002734	True
GCF_038447715.1	MF6_003184	False
GCF_038447715.1	MF6_003684_Cterm	False
GCF_038447715.1	MF6_003686	False
GCF_038447715.1	MF6_003843	True
GCF_038447715.1	MF6_004284_Cterm	False
GCF_038447715.1	MF6_004285	False
GCF_038447715.1	MF6_004947	True
GCF_038447715.1	MF6_006318	True
GCF_038447785.1	MF6_001079	False
GCF_038447785.1	MF6_002734	True
GCF_038447785.1	MF6_003184	False
GCF_038447785.1	MF6_003684_Cterm	False
GCF_038447785.1	MF6_003686	False
GCF_038447785.1	MF6_003843	True
GCF_038447785.1	MF6_004284_Cterm	False
GCF_038447785.1	MF6_004285	False
GCF_038447785.1	MF6_004947	True
GCF_038447785.1	MF6_006318	True
GCF_038448065.1	MF6_001079	False
GCF_038448065.1	MF6_002734	True
GCF_038448065.1	MF6_003184	False
GCF_038448065.1	MF6_003684_Cterm	False
GCF_038448065.1	MF6_003686	False
GCF_038448065.1	MF6_003843	True
GCF_038448065.1	MF6_004284_Cterm	False
GCF_038448065.1	MF6_004285	False
GCF_038448065.1	MF6_004947	True
GCF_038448065.1	MF6_006318	True
GCF_038448955.1	MF6_001079	False
GCF_038448955.1	MF6_002734	True
GCF_038448955.1	MF6_003184	False
GCF_038448955.1	MF6_003684_Cterm	False
GCF_038448955.1	MF6_003686	False
GCF_038448955.1	MF6_003843	True
GCF_038448955.1	MF6_004284_Cterm	False
GCF_038448955.1	MF6_004285	False
GCF_038448955.1	MF6_004947	True
GCF_038448955.1	MF6_006318	True
GCF_038452255.1	MF6_001079	False
GCF_038452255.1	MF6_002734	True
GCF_038452255.1	MF6_003184	False
GCF_038452255.1	MF6_003684	False
GCF_038452255.1	MF6_003684_Cterm	False
GCF_038452255.1	MF6_003686	False
GCF_038452255.1	MF6_003843	True
GCF_038452255.1	MF6_004284	False
GCF_038452255.1	MF6_004284_Cterm	False
GCF_038452255.1	MF6_004285	False
GCF_038452255.1	MF6_004947	True
GCF_038452255.1	MF6_006318	True
GCF_038723655.1	MF6_001079	False
GCF_038723655.1	MF6_002734	True
GCF_038723655.1	MF6_003184	False
GCF_038723655.1	MF6_003684	False
GCF_038723655.1	MF6_003684_Cterm	False
GCF_038723655.1	MF6_003686	False
GCF_038723655.1	MF6_003843	True
GCF_038723655.1	MF6_004284	False
GCF_038723655.1	MF6_004284_Cterm	False
GCF_038723655.1	MF6_004285	False
GCF_038723655.1	MF6_004947	True
GCF_038723655.1	MF6_006318	True
GCF_038782865.1	MF6_001079	False
GCF_038782865.1	MF6_002734	True
GCF_038782865.1	MF6_003184	False
GCF_038782865.1	MF6_003684	False
GCF_038782865.1	MF6_003684_Cterm	False
GCF_038782865.1	MF6_003686	False
GCF_038782865.1	MF6_003843	True
GCF_038782865.1	MF6_004284	False
GCF_038782865.1	MF6_004284_Cterm	False
GCF_038782865.1	MF6_004285	False
GCF_038782865.1	MF6_004947	True
GCF_038782865.1	MF6_006318	True
GCF_038983115.1	MF6_001079	False
GCF_038983115.1	MF6_002734	True
GCF_038983115.1	MF6_003184	False
GCF_038983115.1	MF6_003684	False
GCF_038983115.1	MF6_003684_Cterm	False
GCF_038983115.1	MF6_003686	False
GCF_038983115.1	MF6_003843	True
GCF_038983115.1	MF6_004284	False
GCF_038983115.1	MF6_004284_Cterm	False
GCF_038983115.1	MF6_004285	False
GCF_038983115.1	MF6_004947	True
GCF_038983115.1	MF6_006318	True
GCF_038983225.1	MF6_001079	False
GCF_038983225.1	MF6_002734	True
GCF_038983225.1	MF6_003184	False
GCF_038983225.1	MF6_003684	False
GCF_038983225.1	MF6_003684_Cterm	False
GCF_038983225.1	MF6_003686	False
GCF_038983225.1	MF6_003843	True
GCF_038983225.1	MF6_004284	False
GCF_038983225.1	MF6_004284_Cterm	False
GCF_038983225.1	MF6_004285	False
GCF_038983225.1	MF6_004947	True
GCF_038983225.1	MF6_006318	True
GCF_039621805.1	MF6_001079	False
GCF_039621805.1	MF6_002734	False
GCF_039621805.1	MF6_003184	False
GCF_039621805.1	MF6_003684	False
GCF_039621805.1	MF6_003684_Cterm	False
GCF_039621805.1	MF6_003686	False
GCF_039621805.1	MF6_003843	False
GCF_039621805.1	MF6_004284	False
GCF_039621805.1	MF6_004284_Cterm	False
GCF_039621805.1	MF6_004285	False
GCF_039621805.1	MF6_004947	False
GCF_039621805.1	MF6_006318	False
GCF_039728355.1	MF6_001079	False
GCF_039728355.1	MF6_002734	True
GCF_039728355.1	MF6_003184	False
GCF_039728355.1	MF6_003684	False
GCF_039728355.1	MF6_003684_Cterm	False
GCF_039728355.1	MF6_003686	False
GCF_039728355.1	MF6_003843	True
GCF_039728355.1	MF6_004284	False
GCF_039728355.1	MF6_004284_Cterm	False
GCF_039728355.1	MF6_004285	False
GCF_039728355.1	MF6_004947	True
GCF_039728355.1	MF6_006318	True
GCF_039848545.1	MF6_001079	False
GCF_039848545.1	MF6_002734	True
GCF_039848545.1	MF6_003184	False
GCF_039848545.1	MF6_003684	False
GCF_039848545.1	MF6_003684_Cterm	False
GCF_039848545.1	MF6_003686	False
GCF_039848545.1	MF6_003843	True
GCF_039848545.1	MF6_004284	False
GCF_039848545.1	MF6_004284_Cterm	False
GCF_039848545.1	MF6_004285	False
GCF_039848545.1	MF6_004947	True
GCF_039848545.1	MF6_006318	True
GCF_039852015.1	MF6_001079	False
GCF_039852015.1	MF6_002734	False
GCF_039852015.1	MF6_003184	False
GCF_039852015.1	MF6_003684	False
GCF_039852015.1	MF6_003684_Cterm	False
GCF_039852015.1	MF6_003686	False
GCF_039852015.1	MF6_003843	False
GCF_039852015.1	MF6_004284	False
GCF_039852015.1	MF6_004284_Cterm	False
GCF_039852015.1	MF6_004285	False
GCF_039852015.1	MF6_004947	False
GCF_039852015.1	MF6_006318	False
GCF_040148685.1	MF6_001079	False
GCF_040148685.1	MF6_002734	True
GCF_040148685.1	MF6_003184	False
GCF_040148685.1	MF6_003684_Cterm	False
GCF_040148685.1	MF6_003686	False
GCF_040148685.1	MF6_003843	False
GCF_040148685.1	MF6_004284_Cterm	False
GCF_040148685.1	MF6_004285	False
GCF_040148685.1	MF6_004947	False
GCF_040148685.1	MF6_006318	True
GCF_040215475.1	MF6_001079	False
GCF_040215475.1	MF6_002734	True
GCF_040215475.1	MF6_003184	False
GCF_040215475.1	MF6_003684	False
GCF_040215475.1	MF6_003684_Cterm	False
GCF_040215475.1	MF6_003686	False
GCF_040215475.1	MF6_003843	True
GCF_040215475.1	MF6_004284	False
GCF_040215475.1	MF6_004284_Cterm	False
GCF_040215475.1	MF6_004285	False
GCF_040215475.1	MF6_004947	True
GCF_040215475.1	MF6_006318	True
GCF_040314805.1	MF6_001079	False
GCF_040314805.1	MF6_002734	False
GCF_040314805.1	MF6_003184	True
GCF_040314805.1	MF6_003684	False
GCF_040314805.1	MF6_003684_Cterm	False
GCF_040314805.1	MF6_003686	False
GCF_040314805.1	MF6_003843	False
GCF_040314805.1	MF6_004284	False
GCF_040314805.1	MF6_004284_Cterm	False
GCF_040314805.1	MF6_004285	False
GCF_040314805.1	MF6_004947	False
GCF_040314805.1	MF6_006318	True
GCF_040361905.1	MF6_001079	False
GCF_040361905.1	MF6_002734	False
GCF_040361905.1	MF6_003184	False
GCF_040361905.1	MF6_003684	False
GCF_040361905.1	MF6_003684_Cterm	False
GCF_040361905.1	MF6_003686	False
GCF_040361905.1	MF6_003843	False
GCF_040361905.1	MF6_004284	False
GCF_040361905.1	MF6_004284_Cterm	False
GCF_040361905.1	MF6_004285	False
GCF_040361905.1	MF6_004947	False
GCF_040361905.1	MF6_006318	False
GCF_040735455.1	MF6_001079	False
GCF_040735455.1	MF6_002734	True
GCF_040735455.1	MF6_003184	False
GCF_040735455.1	MF6_003684	True
GCF_040735455.1	MF6_003684_Cterm	True
GCF_040735455.1	MF6_003686	True
GCF_040735455.1	MF6_003843	True
GCF_040735455.1	MF6_004284	False
GCF_040735455.1	MF6_004284_Cterm	False
GCF_040735455.1	MF6_004285	False
GCF_040735455.1	MF6_004947	True
GCF_040735455.1	MF6_006318	True
GCF_040761425.1	MF6_001079	False
GCF_040761425.1	MF6_002734	True
GCF_040761425.1	MF6_003184	False
GCF_040761425.1	MF6_003684	False
GCF_040761425.1	MF6_003684_Cterm	False
GCF_040761425.1	MF6_003686	False
GCF_040761425.1	MF6_003843	True
GCF_040761425.1	MF6_004284	False
GCF_040761425.1	MF6_004284_Cterm	False
GCF_040761425.1	MF6_004285	False
GCF_040761425.1	MF6_004947	True
GCF_040761425.1	MF6_006318	True
GCF_041070875.1	MF6_001079	False
GCF_041070875.1	MF6_002734	True
GCF_041070875.1	MF6_003184	False
GCF_041070875.1	MF6_003684	False
GCF_041070875.1	MF6_003684_Cterm	False
GCF_041070875.1	MF6_003686	False
GCF_041070875.1	MF6_003843	True
GCF_041070875.1	MF6_004284	False
GCF_041070875.1	MF6_004284_Cterm	False
GCF_041070875.1	MF6_004285	False
GCF_041070875.1	MF6_004947	True
GCF_041070875.1	MF6_006318	True
GCF_041205585.2	MF6_001079	False
GCF_041205585.2	MF6_002734	True
GCF_041205585.2	MF6_003184	False
GCF_041205585.2	MF6_003684	False
GCF_041205585.2	MF6_003684_Cterm	False
GCF_041205585.2	MF6_003686	False
GCF_041205585.2	MF6_003843	True
GCF_041205585.2	MF6_004284	False
GCF_041205585.2	MF6_004284_Cterm	False
GCF_041205585.2	MF6_004285	False
GCF_041205585.2	MF6_004947	True
GCF_041205585.2	MF6_006318	True
GCF_042604585.1	MF6_001079	False
GCF_042604585.1	MF6_002734	True
GCF_042604585.1	MF6_003184	True
GCF_042604585.1	MF6_003684	False
GCF_042604585.1	MF6_003684_Cterm	False
GCF_042604585.1	MF6_003686	False
GCF_042604585.1	MF6_003843	False
GCF_042604585.1	MF6_004284	False
GCF_042604585.1	MF6_004284_Cterm	False
GCF_042604585.1	MF6_004285	False
GCF_042604585.1	MF6_004947	True
GCF_042604585.1	MF6_006318	True
GCF_042604595.1	MF6_001079	False
GCF_042604595.1	MF6_002734	True
GCF_042604595.1	MF6_003184	True
GCF_042604595.1	MF6_003684	False
GCF_042604595.1	MF6_003684_Cterm	False
GCF_042604595.1	MF6_003686	False
GCF_042604595.1	MF6_003843	False
GCF_042604595.1	MF6_004284	False
GCF_042604595.1	MF6_004284_Cterm	False
GCF_042604595.1	MF6_004285	False
GCF_042604595.1	MF6_004947	True
GCF_042604595.1	MF6_006318	True
GCF_043193125.1	MF6_001079	False
GCF_043193125.1	MF6_002734	True
GCF_043193125.1	MF6_003184	False
GCF_043193125.1	MF6_003684	False
GCF_043193125.1	MF6_003684_Cterm	False
GCF_043193125.1	MF6_003686	False
GCF_043193125.1	MF6_003843	True
GCF_043193125.1	MF6_004284	False
GCF_043193125.1	MF6_004284_Cterm	False
GCF_043193125.1	MF6_004285	False
GCF_043193125.1	MF6_004947	True
GCF_043193125.1	MF6_006318	True
GCF_044057485.1	MF6_001079	False
GCF_044057485.1	MF6_002734	True
GCF_044057485.1	MF6_003184	False
GCF_044057485.1	MF6_003684	False
GCF_044057485.1	MF6_003684_Cterm	False
GCF_044057485.1	MF6_003686	False
GCF_044057485.1	MF6_003843	True
GCF_044057485.1	MF6_004284	False
GCF_044057485.1	MF6_004284_Cterm	False
GCF_044057485.1	MF6_004285	False
GCF_044057485.1	MF6_004947	True
GCF_044057485.1	MF6_006318	True
GCF_044501195.1	MF6_001079	False
GCF_044501195.1	MF6_002734	True
GCF_044501195.1	MF6_003184	False
GCF_044501195.1	MF6_003684	False
GCF_044501195.1	MF6_003684_Cterm	False
GCF_044501195.1	MF6_003686	False
GCF_044501195.1	MF6_003843	False
GCF_044501195.1	MF6_004284	False
GCF_044501195.1	MF6_004284_Cterm	False
GCF_044501195.1	MF6_004285	False
GCF_044501195.1	MF6_004947	False
GCF_044501195.1	MF6_006318	True
GCF_045345775.1	MF6_001079	False
GCF_045345775.1	MF6_002734	True
GCF_045345775.1	MF6_003184	False
GCF_045345775.1	MF6_003684	True
GCF_045345775.1	MF6_003684_Cterm	True
GCF_045345775.1	MF6_003686	True
GCF_045345775.1	MF6_003843	True
GCF_045345775.1	MF6_004284	False
GCF_045345775.1	MF6_004284_Cterm	False
GCF_045345775.1	MF6_004285	False
GCF_045345775.1	MF6_004947	True
GCF_045345775.1	MF6_006318	True
GCF_045348565.1	MF6_001079	False
GCF_045348565.1	MF6_002734	False
GCF_045348565.1	MF6_003184	False
GCF_045348565.1	MF6_003684	False
GCF_045348565.1	MF6_003684_Cterm	False
GCF_045348565.1	MF6_003686	False
GCF_045348565.1	MF6_003843	False
GCF_045348565.1	MF6_004284	False
GCF_045348565.1	MF6_004284_Cterm	False
GCF_045348565.1	MF6_004285	False
GCF_045348565.1	MF6_004947	False
GCF_045348565.1	MF6_006318	True
GCF_045862465.1	MF6_001079	False
GCF_045862465.1	MF6_002734	True
GCF_045862465.1	MF6_003184	True
GCF_045862465.1	MF6_003684	False
GCF_045862465.1	MF6_003684_Cterm	False
GCF_045862465.1	MF6_003686	False
GCF_045862465.1	MF6_003843	False
GCF_045862465.1	MF6_004284	False
GCF_045862465.1	MF6_004284_Cterm	False
GCF_045862465.1	MF6_004285	False
GCF_045862465.1	MF6_004947	True
GCF_045862465.1	MF6_006318	True
GCF_045925845.1	MF6_001079	False
GCF_045925845.1	MF6_002734	True
GCF_045925845.1	MF6_003184	False
GCF_045925845.1	MF6_003684	False
GCF_045925845.1	MF6_003684_Cterm	False
GCF_045925845.1	MF6_003686	False
GCF_045925845.1	MF6_003843	True
GCF_045925845.1	MF6_004284	False
GCF_045925845.1	MF6_004284_Cterm	False
GCF_045925845.1	MF6_004285	False
GCF_045925845.1	MF6_004947	True
GCF_045925845.1	MF6_006318	True
GCF_046773525.1	MF6_001079	False
GCF_046773525.1	MF6_002734	True
GCF_046773525.1	MF6_003184	False
GCF_046773525.1	MF6_003684	False
GCF_046773525.1	MF6_003684_Cterm	False
GCF_046773525.1	MF6_003686	False
GCF_046773525.1	MF6_003843	True
GCF_046773525.1	MF6_004284	False
GCF_046773525.1	MF6_004284_Cterm	False
GCF_046773525.1	MF6_004285	False
GCF_046773525.1	MF6_004947	True
GCF_046773525.1	MF6_006318	True
GCF_047127275.1	MF6_001079	False
GCF_047127275.1	MF6_002734	True
GCF_047127275.1	MF6_003184	False
GCF_047127275.1	MF6_003684	False
GCF_047127275.1	MF6_003684_Cterm	False
GCF_047127275.1	MF6_003686	False
GCF_047127275.1	MF6_003843	True
GCF_047127275.1	MF6_004284	False
GCF_047127275.1	MF6_004284_Cterm	False
GCF_047127275.1	MF6_004285	False
GCF_047127275.1	MF6_004947	True
GCF_047127275.1	MF6_006318	True
GCF_047325075.1	MF6_001079	False
GCF_047325075.1	MF6_002734	False
GCF_047325075.1	MF6_003184	False
GCF_047325075.1	MF6_003684	False
GCF_047325075.1	MF6_003684_Cterm	False
GCF_047325075.1	MF6_003686	False
GCF_047325075.1	MF6_003843	False
GCF_047325075.1	MF6_004284	False
GCF_047325075.1	MF6_004284_Cterm	False
GCF_047325075.1	MF6_004285	False
GCF_047325075.1	MF6_004947	False
GCF_047325075.1	MF6_006318	False
GCF_047497155.1	MF6_001079	False
GCF_047497155.1	MF6_002734	True
GCF_047497155.1	MF6_003184	False
GCF_047497155.1	MF6_003684	False
GCF_047497155.1	MF6_003684_Cterm	False
GCF_047497155.1	MF6_003686	False
GCF_047497155.1	MF6_003843	False
GCF_047497155.1	MF6_004284	False
GCF_047497155.1	MF6_004284_Cterm	False
GCF_047497155.1	MF6_004285	False
GCF_047497155.1	MF6_004947	False
GCF_047497155.1	MF6_006318	True
GCF_047497165.1	MF6_001079	False
GCF_047497165.1	MF6_002734	True
GCF_047497165.1	MF6_003184	False
GCF_047497165.1	MF6_003684	False
GCF_047497165.1	MF6_003684_Cterm	False
GCF_047497165.1	MF6_003686	False
GCF_047497165.1	MF6_003843	False
GCF_047497165.1	MF6_004284	False
GCF_047497165.1	MF6_004284_Cterm	False
GCF_047497165.1	MF6_004285	False
GCF_047497165.1	MF6_004947	False
GCF_047497165.1	MF6_006318	True
GCF_047902435.1	MF6_001079	False
GCF_047902435.1	MF6_002734	True
GCF_047902435.1	MF6_003184	False
GCF_047902435.1	MF6_003684	False
GCF_047902435.1	MF6_003684_Cterm	False
GCF_047902435.1	MF6_003686	False
GCF_047902435.1	MF6_003843	True
GCF_047902435.1	MF6_004284	False
GCF_047902435.1	MF6_004284_Cterm	False
GCF_047902435.1	MF6_004285	False
GCF_047902435.1	MF6_004947	True
GCF_047902435.1	MF6_006318	True
GCF_048565175.1	MF6_001079	False
GCF_048565175.1	MF6_002734	True
GCF_048565175.1	MF6_003184	True
GCF_048565175.1	MF6_003684	False
GCF_048565175.1	MF6_003684_Cterm	False
GCF_048565175.1	MF6_003686	False
GCF_048565175.1	MF6_003843	False
GCF_048565175.1	MF6_004284	False
GCF_048565175.1	MF6_004284_Cterm	False
GCF_048565175.1	MF6_004285	False
GCF_048565175.1	MF6_004947	True
GCF_048565175.1	MF6_006318	True
GCF_048565265.1	MF6_001079	False
GCF_048565265.1	MF6_002734	True
GCF_048565265.1	MF6_003184	False
GCF_048565265.1	MF6_003684	False
GCF_048565265.1	MF6_003684_Cterm	False
GCF_048565265.1	MF6_003686	False
GCF_048565265.1	MF6_003843	True
GCF_048565265.1	MF6_004284	False
GCF_048565265.1	MF6_004284_Cterm	False
GCF_048565265.1	MF6_004285	False
GCF_048565265.1	MF6_004947	True
GCF_048565265.1	MF6_006318	True
GCF_048627025.1	MF6_001079	False
GCF_048627025.1	MF6_002734	True
GCF_048627025.1	MF6_003184	False
GCF_048627025.1	MF6_003684	False
GCF_048627025.1	MF6_003684_Cterm	False
GCF_048627025.1	MF6_003686	False
GCF_048627025.1	MF6_003843	True
GCF_048627025.1	MF6_004284	False
GCF_048627025.1	MF6_004284_Cterm	False
GCF_048627025.1	MF6_004285	False
GCF_048627025.1	MF6_004947	True
GCF_048627025.1	MF6_006318	True
GCF_048688115.1	MF6_001079	False
GCF_048688115.1	MF6_002734	True
GCF_048688115.1	MF6_003184	False
GCF_048688115.1	MF6_003684	False
GCF_048688115.1	MF6_003684_Cterm	False
GCF_048688115.1	MF6_003686	False
GCF_048688115.1	MF6_003843	True
GCF_048688115.1	MF6_004284	False
GCF_048688115.1	MF6_004284_Cterm	False
GCF_048688115.1	MF6_004285	False
GCF_048688115.1	MF6_004947	True
GCF_048688115.1	MF6_006318	True
GCF_048914405.1	MF6_001079	False
GCF_048914405.1	MF6_002734	True
GCF_048914405.1	MF6_003184	False
GCF_048914405.1	MF6_003684_Cterm	False
GCF_048914405.1	MF6_003686	False
GCF_048914405.1	MF6_003843	True
GCF_048914405.1	MF6_004284_Cterm	False
GCF_048914405.1	MF6_004285	False
GCF_048914405.1	MF6_004947	True
GCF_048914405.1	MF6_006318	True
GCF_048917655.1	MF6_001079	False
GCF_048917655.1	MF6_002734	True
GCF_048917655.1	MF6_003184	True
GCF_048917655.1	MF6_003684	False
GCF_048917655.1	MF6_003684_Cterm	False
GCF_048917655.1	MF6_003686	False
GCF_048917655.1	MF6_003843	False
GCF_048917655.1	MF6_004284	False
GCF_048917655.1	MF6_004284_Cterm	False
GCF_048917655.1	MF6_004285	False
GCF_048917655.1	MF6_004947	True
GCF_048917655.1	MF6_006318	True
GCF_048917665.1	MF6_001079	False
GCF_048917665.1	MF6_002734	True
GCF_048917665.1	MF6_003184	True
GCF_048917665.1	MF6_003684	False
GCF_048917665.1	MF6_003684_Cterm	False
GCF_048917665.1	MF6_003686	False
GCF_048917665.1	MF6_003843	False
GCF_048917665.1	MF6_004284	False
GCF_048917665.1	MF6_004284_Cterm	False
GCF_048917665.1	MF6_004285	False
GCF_048917665.1	MF6_004947	False
GCF_048917665.1	MF6_006318	True
GCF_048917685.1	MF6_001079	False
GCF_048917685.1	MF6_002734	True
GCF_048917685.1	MF6_003184	True
GCF_048917685.1	MF6_003684	False
GCF_048917685.1	MF6_003684_Cterm	False
GCF_048917685.1	MF6_003686	False
GCF_048917685.1	MF6_003843	False
GCF_048917685.1	MF6_004284	False
GCF_048917685.1	MF6_004284_Cterm	False
GCF_048917685.1	MF6_004285	False
GCF_048917685.1	MF6_004947	True
GCF_048917685.1	MF6_006318	True
GCF_049177125.1	MF6_001079	False
GCF_049177125.1	MF6_002734	False
GCF_049177125.1	MF6_003184	False
GCF_049177125.1	MF6_003684	False
GCF_049177125.1	MF6_003684_Cterm	False
GCF_049177125.1	MF6_003686	False
GCF_049177125.1	MF6_003843	False
GCF_049177125.1	MF6_004284	False
GCF_049177125.1	MF6_004284_Cterm	False
GCF_049177125.1	MF6_004285	False
GCF_049177125.1	MF6_004947	False
GCF_049177125.1	MF6_006318	False
GCF_049487195.1	MF6_001079	False
GCF_049487195.1	MF6_002734	True
GCF_049487195.1	MF6_003184	False
GCF_049487195.1	MF6_003684	False
GCF_049487195.1	MF6_003684_Cterm	False
GCF_049487195.1	MF6_003686	False
GCF_049487195.1	MF6_003843	True
GCF_049487195.1	MF6_004284	False
GCF_049487195.1	MF6_004284_Cterm	False
GCF_049487195.1	MF6_004285	False
GCF_049487195.1	MF6_004947	True
GCF_049487195.1	MF6_006318	True
GCF_049913365.1	MF6_001079	False
GCF_049913365.1	MF6_002734	True
GCF_049913365.1	MF6_003184	False
GCF_049913365.1	MF6_003684	False
GCF_049913365.1	MF6_003684_Cterm	False
GCF_049913365.1	MF6_003686	False
GCF_049913365.1	MF6_003843	True
GCF_049913365.1	MF6_004284	False
GCF_049913365.1	MF6_004284_Cterm	False
GCF_049913365.1	MF6_004285	False
GCF_049913365.1	MF6_004947	True
GCF_049913365.1	MF6_006318	True
GCF_049942845.1	MF6_001079	False
GCF_049942845.1	MF6_002734	True
GCF_049942845.1	MF6_003184	False
GCF_049942845.1	MF6_003684	False
GCF_049942845.1	MF6_003684_Cterm	False
GCF_049942845.1	MF6_003686	False
GCF_049942845.1	MF6_003843	True
GCF_049942845.1	MF6_004284	False
GCF_049942845.1	MF6_004284_Cterm	False
GCF_049942845.1	MF6_004285	False
GCF_049942845.1	MF6_004947	True
GCF_049942845.1	MF6_006318	True
GCF_050320195.1	MF6_001079	False
GCF_050320195.1	MF6_002734	True
GCF_050320195.1	MF6_003184	False
GCF_050320195.1	MF6_003684	False
GCF_050320195.1	MF6_003684_Cterm	False
GCF_050320195.1	MF6_003686	False
GCF_050320195.1	MF6_003843	True
GCF_050320195.1	MF6_004284	False
GCF_050320195.1	MF6_004284_Cterm	False
GCF_050320195.1	MF6_004285	False
GCF_050320195.1	MF6_004947	True
GCF_050320195.1	MF6_006318	True
GCF_050430075.1	MF6_001079	False
GCF_050430075.1	MF6_002734	False
GCF_050430075.1	MF6_003184	False
GCF_050430075.1	MF6_003684	False
GCF_050430075.1	MF6_003684_Cterm	False
GCF_050430075.1	MF6_003686	False
GCF_050430075.1	MF6_003843	False
GCF_050430075.1	MF6_004284	False
GCF_050430075.1	MF6_004284_Cterm	False
GCF_050430075.1	MF6_004285	False
GCF_050430075.1	MF6_004947	False
GCF_050430075.1	MF6_006318	False
GCF_050500075.1	MF6_001079	False
GCF_050500075.1	MF6_002734	False
GCF_050500075.1	MF6_003184	False
GCF_050500075.1	MF6_003684	False
GCF_050500075.1	MF6_003684_Cterm	False
GCF_050500075.1	MF6_003686	False
GCF_050500075.1	MF6_003843	False
GCF_050500075.1	MF6_004284	False
GCF_050500075.1	MF6_004284_Cterm	False
GCF_050500075.1	MF6_004285	False
GCF_050500075.1	MF6_004947	False
GCF_050500075.1	MF6_006318	False
GCF_050613125.1	MF6_001079	False
GCF_050613125.1	MF6_002734	True
GCF_050613125.1	MF6_003184	True
GCF_050613125.1	MF6_003684	False
GCF_050613125.1	MF6_003684_Cterm	False
GCF_050613125.1	MF6_003686	False
GCF_050613125.1	MF6_003843	False
GCF_050613125.1	MF6_004284	False
GCF_050613125.1	MF6_004284_Cterm	False
GCF_050613125.1	MF6_004285	False
GCF_050613125.1	MF6_004947	True
GCF_050613125.1	MF6_006318	True
GCF_050613135.1	MF6_001079	False
GCF_050613135.1	MF6_002734	True
GCF_050613135.1	MF6_003184	False
GCF_050613135.1	MF6_003684	False
GCF_050613135.1	MF6_003684_Cterm	False
GCF_050613135.1	MF6_003686	False
GCF_050613135.1	MF6_003843	True
GCF_050613135.1	MF6_004284	False
GCF_050613135.1	MF6_004284_Cterm	False
GCF_050613135.1	MF6_004285	False
GCF_050613135.1	MF6_004947	True
GCF_050613135.1	MF6_006318	True
GCF_050627075.1	MF6_001079	False
GCF_050627075.1	MF6_002734	False
GCF_050627075.1	MF6_003184	False
GCF_050627075.1	MF6_003684	False
GCF_050627075.1	MF6_003684_Cterm	False
GCF_050627075.1	MF6_003686	False
GCF_050627075.1	MF6_003843	False
GCF_050627075.1	MF6_004284	False
GCF_050627075.1	MF6_004284_Cterm	False
GCF_050627075.1	MF6_004285	False
GCF_050627075.1	MF6_004947	False
GCF_050627075.1	MF6_006318	True
GCF_050627395.1	MF6_001079	False
GCF_050627395.1	MF6_002734	False
GCF_050627395.1	MF6_003184	False
GCF_050627395.1	MF6_003684	False
GCF_050627395.1	MF6_003684_Cterm	False
GCF_050627395.1	MF6_003686	False
GCF_050627395.1	MF6_003843	False
GCF_050627395.1	MF6_004284	False
GCF_050627395.1	MF6_004284_Cterm	False
GCF_050627395.1	MF6_004285	False
GCF_050627395.1	MF6_004947	False
GCF_050627395.1	MF6_006318	True
GCF_050632305.1	MF6_001079	False
GCF_050632305.1	MF6_002734	True
GCF_050632305.1	MF6_003184	False
GCF_050632305.1	MF6_003684	False
GCF_050632305.1	MF6_003684_Cterm	False
GCF_050632305.1	MF6_003686	False
GCF_050632305.1	MF6_003843	True
GCF_050632305.1	MF6_004284	False
GCF_050632305.1	MF6_004284_Cterm	False
GCF_050632305.1	MF6_004285	False
GCF_050632305.1	MF6_004947	True
GCF_050632305.1	MF6_006318	True
GCF_050632315.1	MF6_001079	False
GCF_050632315.1	MF6_002734	True
GCF_050632315.1	MF6_003184	False
GCF_050632315.1	MF6_003684	False
GCF_050632315.1	MF6_003684_Cterm	False
GCF_050632315.1	MF6_003686	False
GCF_050632315.1	MF6_003843	True
GCF_050632315.1	MF6_004284	False
GCF_050632315.1	MF6_004284_Cterm	False
GCF_050632315.1	MF6_004285	False
GCF_050632315.1	MF6_004947	True
GCF_050632315.1	MF6_006318	True
GCF_050632325.1	MF6_001079	False
GCF_050632325.1	MF6_002734	True
GCF_050632325.1	MF6_003184	False
GCF_050632325.1	MF6_003684	False
GCF_050632325.1	MF6_003684_Cterm	False
GCF_050632325.1	MF6_003686	False
GCF_050632325.1	MF6_003843	True
GCF_050632325.1	MF6_004284	False
GCF_050632325.1	MF6_004284_Cterm	False
GCF_050632325.1	MF6_004285	False
GCF_050632325.1	MF6_004947	True
GCF_050632325.1	MF6_006318	True
GCF_050632335.1	MF6_001079	False
GCF_050632335.1	MF6_002734	True
GCF_050632335.1	MF6_003184	False
GCF_050632335.1	MF6_003684	False
GCF_050632335.1	MF6_003684_Cterm	False
GCF_050632335.1	MF6_003686	False
GCF_050632335.1	MF6_003843	True
GCF_050632335.1	MF6_004284	False
GCF_050632335.1	MF6_004284_Cterm	False
GCF_050632335.1	MF6_004285	False
GCF_050632335.1	MF6_004947	True
GCF_050632335.1	MF6_006318	True
GCF_050632345.1	MF6_001079	False
GCF_050632345.1	MF6_002734	True
GCF_050632345.1	MF6_003184	False
GCF_050632345.1	MF6_003684	False
GCF_050632345.1	MF6_003684_Cterm	False
GCF_050632345.1	MF6_003686	False
GCF_050632345.1	MF6_003843	True
GCF_050632345.1	MF6_004284	False
GCF_050632345.1	MF6_004284_Cterm	False
GCF_050632345.1	MF6_004285	False
GCF_050632345.1	MF6_004947	True
GCF_050632345.1	MF6_006318	True
GCF_050632355.1	MF6_001079	False
GCF_050632355.1	MF6_002734	True
GCF_050632355.1	MF6_003184	True
GCF_050632355.1	MF6_003684	False
GCF_050632355.1	MF6_003684_Cterm	False
GCF_050632355.1	MF6_003686	False
GCF_050632355.1	MF6_003843	True
GCF_050632355.1	MF6_004284	False
GCF_050632355.1	MF6_004284_Cterm	False
GCF_050632355.1	MF6_004285	False
GCF_050632355.1	MF6_004947	True
GCF_050632355.1	MF6_006318	True
GCF_050813845.1	MF6_001079	False
GCF_050813845.1	MF6_002734	True
GCF_050813845.1	MF6_003184	False
GCF_050813845.1	MF6_003684	False
GCF_050813845.1	MF6_003684_Cterm	False
GCF_050813845.1	MF6_003686	False
GCF_050813845.1	MF6_003843	True
GCF_050813845.1	MF6_004284	False
GCF_050813845.1	MF6_004284_Cterm	False
GCF_050813845.1	MF6_004285	False
GCF_050813845.1	MF6_004947	True
GCF_050813845.1	MF6_006318	True
GCF_050858985.1	MF6_001079	False
GCF_050858985.1	MF6_002734	False
GCF_050858985.1	MF6_003184	False
GCF_050858985.1	MF6_003684	False
GCF_050858985.1	MF6_003684_Cterm	False
GCF_050858985.1	MF6_003686	False
GCF_050858985.1	MF6_003843	False
GCF_050858985.1	MF6_004284	False
GCF_050858985.1	MF6_004284_Cterm	False
GCF_050858985.1	MF6_004285	False
GCF_050858985.1	MF6_004947	False
GCF_050858985.1	MF6_006318	False
GCF_050920555.1	MF6_001079	False
GCF_050920555.1	MF6_002734	True
GCF_050920555.1	MF6_003184	True
GCF_050920555.1	MF6_003684	False
GCF_050920555.1	MF6_003684_Cterm	False
GCF_050920555.1	MF6_003686	False
GCF_050920555.1	MF6_003843	False
GCF_050920555.1	MF6_004284	False
GCF_050920555.1	MF6_004284_Cterm	False
GCF_050920555.1	MF6_004285	False
GCF_050920555.1	MF6_004947	True
GCF_050920555.1	MF6_006318	True
GCF_050955445.1	MF6_001079	False
GCF_050955445.1	MF6_002734	False
GCF_050955445.1	MF6_003184	False
GCF_050955445.1	MF6_003684	False
GCF_050955445.1	MF6_003684_Cterm	False
GCF_050955445.1	MF6_003686	False
GCF_050955445.1	MF6_003843	False
GCF_050955445.1	MF6_004284	False
GCF_050955445.1	MF6_004284_Cterm	False
GCF_050955445.1	MF6_004285	False
GCF_050955445.1	MF6_004947	False
GCF_050955445.1	MF6_006318	False
GCF_050990585.1	MF6_001079	False
GCF_050990585.1	MF6_002734	False
GCF_050990585.1	MF6_003184	False
GCF_050990585.1	MF6_003684	False
GCF_050990585.1	MF6_003684_Cterm	False
GCF_050990585.1	MF6_003686	False
GCF_050990585.1	MF6_003843	False
GCF_050990585.1	MF6_004284	False
GCF_050990585.1	MF6_004284_Cterm	False
GCF_050990585.1	MF6_004285	False
GCF_050990585.1	MF6_004947	False
GCF_050990585.1	MF6_006318	False
GCF_050990595.1	MF6_001079	False
GCF_050990595.1	MF6_002734	False
GCF_050990595.1	MF6_003184	False
GCF_050990595.1	MF6_003684	False
GCF_050990595.1	MF6_003684_Cterm	False
GCF_050990595.1	MF6_003686	False
GCF_050990595.1	MF6_003843	False
GCF_050990595.1	MF6_004284	False
GCF_050990595.1	MF6_004284_Cterm	False
GCF_050990595.1	MF6_004285	False
GCF_050990595.1	MF6_004947	False
GCF_050990595.1	MF6_006318	False
GCF_051027425.1	MF6_001079	False
GCF_051027425.1	MF6_002734	False
GCF_051027425.1	MF6_003184	False
GCF_051027425.1	MF6_003684	False
GCF_051027425.1	MF6_003684_Cterm	False
GCF_051027425.1	MF6_003686	False
GCF_051027425.1	MF6_003843	False
GCF_051027425.1	MF6_004284	False
GCF_051027425.1	MF6_004284_Cterm	False
GCF_051027425.1	MF6_004285	False
GCF_051027425.1	MF6_004947	False
GCF_051027425.1	MF6_006318	True
GCF_051124805.1	MF6_001079	False
GCF_051124805.1	MF6_002734	False
GCF_051124805.1	MF6_003184	False
GCF_051124805.1	MF6_003684	False
GCF_051124805.1	MF6_003684_Cterm	False
GCF_051124805.1	MF6_003686	False
GCF_051124805.1	MF6_003843	False
GCF_051124805.1	MF6_004284	False
GCF_051124805.1	MF6_004284_Cterm	False
GCF_051124805.1	MF6_004285	False
GCF_051124805.1	MF6_004947	False
GCF_051124805.1	MF6_006318	True
GCF_051125205.1	MF6_001079	False
GCF_051125205.1	MF6_002734	False
GCF_051125205.1	MF6_003184	False
GCF_051125205.1	MF6_003684	False
GCF_051125205.1	MF6_003684_Cterm	False
GCF_051125205.1	MF6_003686	False
GCF_051125205.1	MF6_003843	False
GCF_051125205.1	MF6_004284	False
GCF_051125205.1	MF6_004284_Cterm	False
GCF_051125205.1	MF6_004285	False
GCF_051125205.1	MF6_004947	False
GCF_051125205.1	MF6_006318	True
GCF_051125215.1	MF6_001079	False
GCF_051125215.1	MF6_002734	False
GCF_051125215.1	MF6_003184	False
GCF_051125215.1	MF6_003684	False
GCF_051125215.1	MF6_003684_Cterm	False
GCF_051125215.1	MF6_003686	False
GCF_051125215.1	MF6_003843	False
GCF_051125215.1	MF6_004284	False
GCF_051125215.1	MF6_004284_Cterm	False
GCF_051125215.1	MF6_004285	False
GCF_051125215.1	MF6_004947	False
GCF_051125215.1	MF6_006318	False
GCF_051125545.1	MF6_001079	False
GCF_051125545.1	MF6_002734	False
GCF_051125545.1	MF6_003184	False
GCF_051125545.1	MF6_003684	False
GCF_051125545.1	MF6_003684_Cterm	False
GCF_051125545.1	MF6_003686	False
GCF_051125545.1	MF6_003843	False
GCF_051125545.1	MF6_004284	False
GCF_051125545.1	MF6_004284_Cterm	False
GCF_051125545.1	MF6_004285	False
GCF_051125545.1	MF6_004947	False
GCF_051125545.1	MF6_006318	True
GCF_051355645.1	MF6_001079	False
GCF_051355645.1	MF6_002734	True
GCF_051355645.1	MF6_003184	False
GCF_051355645.1	MF6_003684	False
GCF_051355645.1	MF6_003684_Cterm	False
GCF_051355645.1	MF6_003686	False
GCF_051355645.1	MF6_003843	True
GCF_051355645.1	MF6_004284	False
GCF_051355645.1	MF6_004284_Cterm	False
GCF_051355645.1	MF6_004285	False
GCF_051355645.1	MF6_004947	True
GCF_051355645.1	MF6_006318	True
GCF_051560065.1	MF6_001079	False
GCF_051560065.1	MF6_002734	True
GCF_051560065.1	MF6_003184	False
GCF_051560065.1	MF6_003684	False
GCF_051560065.1	MF6_003684_Cterm	False
GCF_051560065.1	MF6_003686	False
GCF_051560065.1	MF6_003843	True
GCF_051560065.1	MF6_004284	False
GCF_051560065.1	MF6_004284_Cterm	False
GCF_051560065.1	MF6_004285	False
GCF_051560065.1	MF6_004947	True
GCF_051560065.1	MF6_006318	True
GCF_051560085.1	MF6_001079	False
GCF_051560085.1	MF6_002734	True
GCF_051560085.1	MF6_003184	False
GCF_051560085.1	MF6_003684	False
GCF_051560085.1	MF6_003684_Cterm	False
GCF_051560085.1	MF6_003686	False
GCF_051560085.1	MF6_003843	True
GCF_051560085.1	MF6_004284	False
GCF_051560085.1	MF6_004284_Cterm	False
GCF_051560085.1	MF6_004285	False
GCF_051560085.1	MF6_004947	True
GCF_051560085.1	MF6_006318	True
GCF_051560105.1	MF6_001079	False
GCF_051560105.1	MF6_002734	True
GCF_051560105.1	MF6_003184	False
GCF_051560105.1	MF6_003684	False
GCF_051560105.1	MF6_003684_Cterm	False
GCF_051560105.1	MF6_003686	False
GCF_051560105.1	MF6_003843	True
GCF_051560105.1	MF6_004284	False
GCF_051560105.1	MF6_004284_Cterm	False
GCF_051560105.1	MF6_004285	False
GCF_051560105.1	MF6_004947	True
GCF_051560105.1	MF6_006318	True
GCF_051560125.1	MF6_001079	False
GCF_051560125.1	MF6_002734	True
GCF_051560125.1	MF6_003184	False
GCF_051560125.1	MF6_003684	False
GCF_051560125.1	MF6_003684_Cterm	False
GCF_051560125.1	MF6_003686	False
GCF_051560125.1	MF6_003843	True
GCF_051560125.1	MF6_004284	False
GCF_051560125.1	MF6_004284_Cterm	False
GCF_051560125.1	MF6_004285	False
GCF_051560125.1	MF6_004947	True
GCF_051560125.1	MF6_006318	True
GCF_051560145.1	MF6_001079	False
GCF_051560145.1	MF6_002734	True
GCF_051560145.1	MF6_003184	False
GCF_051560145.1	MF6_003684	False
GCF_051560145.1	MF6_003684_Cterm	False
GCF_051560145.1	MF6_003686	False
GCF_051560145.1	MF6_003843	True
GCF_051560145.1	MF6_004284	False
GCF_051560145.1	MF6_004284_Cterm	False
GCF_051560145.1	MF6_004285	False
GCF_051560145.1	MF6_004947	True
GCF_051560145.1	MF6_006318	True
GCF_051615025.1	MF6_001079	False
GCF_051615025.1	MF6_002734	False
GCF_051615025.1	MF6_003184	False
GCF_051615025.1	MF6_003684	False
GCF_051615025.1	MF6_003684_Cterm	False
GCF_051615025.1	MF6_003686	False
GCF_051615025.1	MF6_003843	False
GCF_051615025.1	MF6_004284	False
GCF_051615025.1	MF6_004284_Cterm	False
GCF_051615025.1	MF6_004285	False
GCF_051615025.1	MF6_004947	False
GCF_051615025.1	MF6_006318	False
GCF_052146275.1	MF6_001079	False
GCF_052146275.1	MF6_002734	True
GCF_052146275.1	MF6_003184	False
GCF_052146275.1	MF6_003684_Cterm	False
GCF_052146275.1	MF6_003686	False
GCF_052146275.1	MF6_003843	True
GCF_052146275.1	MF6_004284_Cterm	False
GCF_052146275.1	MF6_004285	False
GCF_052146275.1	MF6_004947	True
GCF_052146275.1	MF6_006318	True
GCF_052222725.1	MF6_001079	False
GCF_052222725.1	MF6_002734	True
GCF_052222725.1	MF6_003184	True
GCF_052222725.1	MF6_003684	False
GCF_052222725.1	MF6_003684_Cterm	False
GCF_052222725.1	MF6_003686	False
GCF_052222725.1	MF6_003843	False
GCF_052222725.1	MF6_004284	False
GCF_052222725.1	MF6_004284_Cterm	False
GCF_052222725.1	MF6_004285	False
GCF_052222725.1	MF6_004947	True
GCF_052222725.1	MF6_006318	True
GCF_052854005.1	MF6_001079	False
GCF_052854005.1	MF6_002734	True
GCF_052854005.1	MF6_003184	False
GCF_052854005.1	MF6_003684	False
GCF_052854005.1	MF6_003684_Cterm	False
GCF_052854005.1	MF6_003686	False
GCF_052854005.1	MF6_003843	True
GCF_052854005.1	MF6_004284	False
GCF_052854005.1	MF6_004284_Cterm	False
GCF_052854005.1	MF6_004285	False
GCF_052854005.1	MF6_004947	True
GCF_052854005.1	MF6_006318	True
GCF_052854015.1	MF6_001079	False
GCF_052854015.1	MF6_002734	True
GCF_052854015.1	MF6_003184	False
GCF_052854015.1	MF6_003684	False
GCF_052854015.1	MF6_003684_Cterm	False
GCF_052854015.1	MF6_003686	False
GCF_052854015.1	MF6_003843	True
GCF_052854015.1	MF6_004284	False
GCF_052854015.1	MF6_004284_Cterm	False
GCF_052854015.1	MF6_004285	False
GCF_052854015.1	MF6_004947	True
GCF_052854015.1	MF6_006318	True
GCF_052854305.1	MF6_001079	False
GCF_052854305.1	MF6_002734	True
GCF_052854305.1	MF6_003184	False
GCF_052854305.1	MF6_003684	False
GCF_052854305.1	MF6_003684_Cterm	False
GCF_052854305.1	MF6_003686	False
GCF_052854305.1	MF6_003843	True
GCF_052854305.1	MF6_004284	False
GCF_052854305.1	MF6_004284_Cterm	False
GCF_052854305.1	MF6_004285	False
GCF_052854305.1	MF6_004947	True
GCF_052854305.1	MF6_006318	True
GCF_052854315.1	MF6_001079	False
GCF_052854315.1	MF6_002734	True
GCF_052854315.1	MF6_003184	False
GCF_052854315.1	MF6_003684	False
GCF_052854315.1	MF6_003684_Cterm	False
GCF_052854315.1	MF6_003686	False
GCF_052854315.1	MF6_003843	True
GCF_052854315.1	MF6_004284	False
GCF_052854315.1	MF6_004284_Cterm	False
GCF_052854315.1	MF6_004285	False
GCF_052854315.1	MF6_004947	True
GCF_052854315.1	MF6_006318	True
GCF_052854605.1	MF6_001079	False
GCF_052854605.1	MF6_002734	True
GCF_052854605.1	MF6_003184	False
GCF_052854605.1	MF6_003684	False
GCF_052854605.1	MF6_003684_Cterm	False
GCF_052854605.1	MF6_003686	False
GCF_052854605.1	MF6_003843	True
GCF_052854605.1	MF6_004284	False
GCF_052854605.1	MF6_004284_Cterm	False
GCF_052854605.1	MF6_004285	False
GCF_052854605.1	MF6_004947	True
GCF_052854605.1	MF6_006318	True
GCF_052854615.1	MF6_001079	False
GCF_052854615.1	MF6_002734	True
GCF_052854615.1	MF6_003184	False
GCF_052854615.1	MF6_003684	False
GCF_052854615.1	MF6_003684_Cterm	False
GCF_052854615.1	MF6_003686	False
GCF_052854615.1	MF6_003843	True
GCF_052854615.1	MF6_004284	False
GCF_052854615.1	MF6_004284_Cterm	False
GCF_052854615.1	MF6_004285	False
GCF_052854615.1	MF6_004947	True
GCF_052854615.1	MF6_006318	True
GCF_052854885.1	MF6_001079	False
GCF_052854885.1	MF6_002734	True
GCF_052854885.1	MF6_003184	False
GCF_052854885.1	MF6_003684	False
GCF_052854885.1	MF6_003684_Cterm	False
GCF_052854885.1	MF6_003686	False
GCF_052854885.1	MF6_003843	True
GCF_052854885.1	MF6_004284	False
GCF_052854885.1	MF6_004284_Cterm	False
GCF_052854885.1	MF6_004285	False
GCF_052854885.1	MF6_004947	True
GCF_052854885.1	MF6_006318	True
GCF_052854895.1	MF6_001079	False
GCF_052854895.1	MF6_002734	True
GCF_052854895.1	MF6_003184	False
GCF_052854895.1	MF6_003684	False
GCF_052854895.1	MF6_003684_Cterm	False
GCF_052854895.1	MF6_003686	False
GCF_052854895.1	MF6_003843	True
GCF_052854895.1	MF6_004284	False
GCF_052854895.1	MF6_004284_Cterm	False
GCF_052854895.1	MF6_004285	False
GCF_052854895.1	MF6_004947	True
GCF_052854895.1	MF6_006318	True
GCF_052855305.1	MF6_001079	False
GCF_052855305.1	MF6_002734	True
GCF_052855305.1	MF6_003184	False
GCF_052855305.1	MF6_003684	False
GCF_052855305.1	MF6_003684_Cterm	False
GCF_052855305.1	MF6_003686	False
GCF_052855305.1	MF6_003843	True
GCF_052855305.1	MF6_004284	False
GCF_052855305.1	MF6_004284_Cterm	False
GCF_052855305.1	MF6_004285	False
GCF_052855305.1	MF6_004947	True
GCF_052855305.1	MF6_006318	True
GCF_052855315.1	MF6_001079	False
GCF_052855315.1	MF6_002734	True
GCF_052855315.1	MF6_003184	False
GCF_052855315.1	MF6_003684	False
GCF_052855315.1	MF6_003684_Cterm	False
GCF_052855315.1	MF6_003686	False
GCF_052855315.1	MF6_003843	True
GCF_052855315.1	MF6_004284	False
GCF_052855315.1	MF6_004284_Cterm	False
GCF_052855315.1	MF6_004285	False
GCF_052855315.1	MF6_004947	True
GCF_052855315.1	MF6_006318	True
GCF_052855605.1	MF6_001079	False
GCF_052855605.1	MF6_002734	True
GCF_052855605.1	MF6_003184	False
GCF_052855605.1	MF6_003684	False
GCF_052855605.1	MF6_003684_Cterm	False
GCF_052855605.1	MF6_003686	False
GCF_052855605.1	MF6_003843	True
GCF_052855605.1	MF6_004284	False
GCF_052855605.1	MF6_004284_Cterm	False
GCF_052855605.1	MF6_004285	False
GCF_052855605.1	MF6_004947	True
GCF_052855605.1	MF6_006318	True
GCF_052855615.1	MF6_001079	False
GCF_052855615.1	MF6_002734	True
GCF_052855615.1	MF6_003184	False
GCF_052855615.1	MF6_003684	False
GCF_052855615.1	MF6_003684_Cterm	False
GCF_052855615.1	MF6_003686	False
GCF_052855615.1	MF6_003843	True
GCF_052855615.1	MF6_004284	False
GCF_052855615.1	MF6_004284_Cterm	False
GCF_052855615.1	MF6_004285	False
GCF_052855615.1	MF6_004947	True
GCF_052855615.1	MF6_006318	True
GCF_052855985.1	MF6_001079	False
GCF_052855985.1	MF6_002734	True
GCF_052855985.1	MF6_003184	False
GCF_052855985.1	MF6_003684	False
GCF_052855985.1	MF6_003684_Cterm	False
GCF_052855985.1	MF6_003686	False
GCF_052855985.1	MF6_003843	True
GCF_052855985.1	MF6_004284	False
GCF_052855985.1	MF6_004284_Cterm	False
GCF_052855985.1	MF6_004285	False
GCF_052855985.1	MF6_004947	True
GCF_052855985.1	MF6_006318	True
GCF_052856205.1	MF6_001079	False
GCF_052856205.1	MF6_002734	True
GCF_052856205.1	MF6_003184	False
GCF_052856205.1	MF6_003684	False
GCF_052856205.1	MF6_003684_Cterm	False
GCF_052856205.1	MF6_003686	False
GCF_052856205.1	MF6_003843	True
GCF_052856205.1	MF6_004284	False
GCF_052856205.1	MF6_004284_Cterm	False
GCF_052856205.1	MF6_004285	False
GCF_052856205.1	MF6_004947	True
GCF_052856205.1	MF6_006318	True
GCF_052857015.1	MF6_001079	False
GCF_052857015.1	MF6_002734	True
GCF_052857015.1	MF6_003184	False
GCF_052857015.1	MF6_003684	False
GCF_052857015.1	MF6_003684_Cterm	False
GCF_052857015.1	MF6_003686	False
GCF_052857015.1	MF6_003843	True
GCF_052857015.1	MF6_004284	False
GCF_052857015.1	MF6_004284_Cterm	False
GCF_052857015.1	MF6_004285	False
GCF_052857015.1	MF6_004947	True
GCF_052857015.1	MF6_006318	True
GCF_052857225.1	MF6_001079	False
GCF_052857225.1	MF6_002734	True
GCF_052857225.1	MF6_003184	False
GCF_052857225.1	MF6_003684	False
GCF_052857225.1	MF6_003684_Cterm	False
GCF_052857225.1	MF6_003686	False
GCF_052857225.1	MF6_003843	True
GCF_052857225.1	MF6_004284	False
GCF_052857225.1	MF6_004284_Cterm	False
GCF_052857225.1	MF6_004285	False
GCF_052857225.1	MF6_004947	True
GCF_052857225.1	MF6_006318	True
GCF_052857935.1	MF6_001079	False
GCF_052857935.1	MF6_002734	True
GCF_052857935.1	MF6_003184	False
GCF_052857935.1	MF6_003684	False
GCF_052857935.1	MF6_003684_Cterm	False
GCF_052857935.1	MF6_003686	False
GCF_052857935.1	MF6_003843	True
GCF_052857935.1	MF6_004284	False
GCF_052857935.1	MF6_004284_Cterm	False
GCF_052857935.1	MF6_004285	False
GCF_052857935.1	MF6_004947	True
GCF_052857935.1	MF6_006318	True
GCF_052858145.1	MF6_001079	False
GCF_052858145.1	MF6_002734	True
GCF_052858145.1	MF6_003184	False
GCF_052858145.1	MF6_003684	False
GCF_052858145.1	MF6_003684_Cterm	False
GCF_052858145.1	MF6_003686	False
GCF_052858145.1	MF6_003843	True
GCF_052858145.1	MF6_004284	False
GCF_052858145.1	MF6_004284_Cterm	False
GCF_052858145.1	MF6_004285	False
GCF_052858145.1	MF6_004947	True
GCF_052858145.1	MF6_006318	True
GCF_052858685.1	MF6_001079	False
GCF_052858685.1	MF6_002734	True
GCF_052858685.1	MF6_003184	False
GCF_052858685.1	MF6_003684	False
GCF_052858685.1	MF6_003684_Cterm	False
GCF_052858685.1	MF6_003686	False
GCF_052858685.1	MF6_003843	True
GCF_052858685.1	MF6_004284	False
GCF_052858685.1	MF6_004284_Cterm	False
GCF_052858685.1	MF6_004285	False
GCF_052858685.1	MF6_004947	True
GCF_052858685.1	MF6_006318	True
GCF_052858755.1	MF6_001079	False
GCF_052858755.1	MF6_002734	True
GCF_052858755.1	MF6_003184	False
GCF_052858755.1	MF6_003684	False
GCF_052858755.1	MF6_003684_Cterm	False
GCF_052858755.1	MF6_003686	False
GCF_052858755.1	MF6_003843	True
GCF_052858755.1	MF6_004284	False
GCF_052858755.1	MF6_004284_Cterm	False
GCF_052858755.1	MF6_004285	False
GCF_052858755.1	MF6_004947	True
GCF_052858755.1	MF6_006318	True
GCF_053038975.1	MF6_001079	False
GCF_053038975.1	MF6_002734	True
GCF_053038975.1	MF6_003184	True
GCF_053038975.1	MF6_003684	True
GCF_053038975.1	MF6_003684_Cterm	True
GCF_053038975.1	MF6_003686	True
GCF_053038975.1	MF6_003843	True
GCF_053038975.1	MF6_004284	False
GCF_053038975.1	MF6_004284_Cterm	False
GCF_053038975.1	MF6_004285	False
GCF_053038975.1	MF6_004947	True
GCF_053038975.1	MF6_006318	True
GCF_053153985.1	MF6_001079	False
GCF_053153985.1	MF6_002734	True
GCF_053153985.1	MF6_003184	False
GCF_053153985.1	MF6_003684	False
GCF_053153985.1	MF6_003684_Cterm	False
GCF_053153985.1	MF6_003686	False
GCF_053153985.1	MF6_003843	False
GCF_053153985.1	MF6_004284	False
GCF_053153985.1	MF6_004284_Cterm	False
GCF_053153985.1	MF6_004285	False
GCF_053153985.1	MF6_004947	False
GCF_053153985.1	MF6_006318	True
GCF_053209605.1	MF6_001079	False
GCF_053209605.1	MF6_002734	True
GCF_053209605.1	MF6_003184	True
GCF_053209605.1	MF6_003684	True
GCF_053209605.1	MF6_003684_Cterm	True
GCF_053209605.1	MF6_003686	True
GCF_053209605.1	MF6_003843	True
GCF_053209605.1	MF6_004284	False
GCF_053209605.1	MF6_004284_Cterm	False
GCF_053209605.1	MF6_004285	False
GCF_053209605.1	MF6_004947	True
GCF_053209605.1	MF6_006318	True
GCF_053348855.1	MF6_001079	False
GCF_053348855.1	MF6_002734	True
GCF_053348855.1	MF6_003184	False
GCF_053348855.1	MF6_003684	False
GCF_053348855.1	MF6_003684_Cterm	False
GCF_053348855.1	MF6_003686	False
GCF_053348855.1	MF6_003843	True
GCF_053348855.1	MF6_004284	False
GCF_053348855.1	MF6_004284_Cterm	False
GCF_053348855.1	MF6_004285	False
GCF_053348855.1	MF6_004947	True
GCF_053348855.1	MF6_006318	True
GCF_053470105.1	MF6_001079	False
GCF_053470105.1	MF6_002734	True
GCF_053470105.1	MF6_003184	True
GCF_053470105.1	MF6_003684	False
GCF_053470105.1	MF6_003684_Cterm	False
GCF_053470105.1	MF6_003686	False
GCF_053470105.1	MF6_003843	False
GCF_053470105.1	MF6_004284	False
GCF_053470105.1	MF6_004284_Cterm	False
GCF_053470105.1	MF6_004285	False
GCF_053470105.1	MF6_004947	True
GCF_053470105.1	MF6_006318	True
GCF_053470145.1	MF6_001079	False
GCF_053470145.1	MF6_002734	True
GCF_053470145.1	MF6_003184	True
GCF_053470145.1	MF6_003684	False
GCF_053470145.1	MF6_003684_Cterm	False
GCF_053470145.1	MF6_003686	False
GCF_053470145.1	MF6_003843	False
GCF_053470145.1	MF6_004284	False
GCF_053470145.1	MF6_004284_Cterm	False
GCF_053470145.1	MF6_004285	False
GCF_053470145.1	MF6_004947	True
GCF_053470145.1	MF6_006318	True
GCF_053760385.1	MF6_001079	False
GCF_053760385.1	MF6_002734	False
GCF_053760385.1	MF6_003184	False
GCF_053760385.1	MF6_003684	False
GCF_053760385.1	MF6_003684_Cterm	False
GCF_053760385.1	MF6_003686	False
GCF_053760385.1	MF6_003843	False
GCF_053760385.1	MF6_004284	False
GCF_053760385.1	MF6_004284_Cterm	False
GCF_053760385.1	MF6_004285	False
GCF_053760385.1	MF6_004947	False
GCF_053760385.1	MF6_006318	False
GCF_054073385.1	MF6_001079	False
GCF_054073385.1	MF6_002734	True
GCF_054073385.1	MF6_003184	False
GCF_054073385.1	MF6_003684	False
GCF_054073385.1	MF6_003684_Cterm	False
GCF_054073385.1	MF6_003686	False
GCF_054073385.1	MF6_003843	True
GCF_054073385.1	MF6_004284	False
GCF_054073385.1	MF6_004284_Cterm	False
GCF_054073385.1	MF6_004285	False
GCF_054073385.1	MF6_004947	True
GCF_054073385.1	MF6_006318	True
GCF_054073395.1	MF6_001079	False
GCF_054073395.1	MF6_002734	True
GCF_054073395.1	MF6_003184	False
GCF_054073395.1	MF6_003684	False
GCF_054073395.1	MF6_003684_Cterm	False
GCF_054073395.1	MF6_003686	False
GCF_054073395.1	MF6_003843	True
GCF_054073395.1	MF6_004284	False
GCF_054073395.1	MF6_004284_Cterm	False
GCF_054073395.1	MF6_004285	False
GCF_054073395.1	MF6_004947	True
GCF_054073395.1	MF6_006318	True
GCF_054166125.1	MF6_001079	False
GCF_054166125.1	MF6_002734	False
GCF_054166125.1	MF6_003184	False
GCF_054166125.1	MF6_003684	False
GCF_054166125.1	MF6_003684_Cterm	False
GCF_054166125.1	MF6_003686	False
GCF_054166125.1	MF6_003843	False
GCF_054166125.1	MF6_004284	False
GCF_054166125.1	MF6_004284_Cterm	False
GCF_054166125.1	MF6_004285	False
GCF_054166125.1	MF6_004947	False
GCF_054166125.1	MF6_006318	False
GCF_054166145.1	MF6_001079	False
GCF_054166145.1	MF6_002734	False
GCF_054166145.1	MF6_003184	False
GCF_054166145.1	MF6_003684	False
GCF_054166145.1	MF6_003684_Cterm	False
GCF_054166145.1	MF6_003686	False
GCF_054166145.1	MF6_003843	False
GCF_054166145.1	MF6_004284	False
GCF_054166145.1	MF6_004284_Cterm	False
GCF_054166145.1	MF6_004285	False
GCF_054166145.1	MF6_004947	False
GCF_054166145.1	MF6_006318	False
GCF_054166155.1	MF6_001079	False
GCF_054166155.1	MF6_002734	False
GCF_054166155.1	MF6_003184	False
GCF_054166155.1	MF6_003684	False
GCF_054166155.1	MF6_003684_Cterm	False
GCF_054166155.1	MF6_003686	False
GCF_054166155.1	MF6_003843	False
GCF_054166155.1	MF6_004284	False
GCF_054166155.1	MF6_004284_Cterm	False
GCF_054166155.1	MF6_004285	False
GCF_054166155.1	MF6_004947	False
GCF_054166155.1	MF6_006318	False
GCF_054166185.1	MF6_001079	False
GCF_054166185.1	MF6_002734	True
GCF_054166185.1	MF6_003184	True
GCF_054166185.1	MF6_003684	False
GCF_054166185.1	MF6_003684_Cterm	False
GCF_054166185.1	MF6_003686	False
GCF_054166185.1	MF6_003843	True
GCF_054166185.1	MF6_004284	False
GCF_054166185.1	MF6_004284_Cterm	False
GCF_054166185.1	MF6_004285	False
GCF_054166185.1	MF6_004947	True
GCF_054166185.1	MF6_006318	True
GCF_054166195.1	MF6_001079	False
GCF_054166195.1	MF6_002734	False
GCF_054166195.1	MF6_003184	False
GCF_054166195.1	MF6_003684	False
GCF_054166195.1	MF6_003684_Cterm	False
GCF_054166195.1	MF6_003686	False
GCF_054166195.1	MF6_003843	False
GCF_054166195.1	MF6_004284	False
GCF_054166195.1	MF6_004284_Cterm	False
GCF_054166195.1	MF6_004285	False
GCF_054166195.1	MF6_004947	False
GCF_054166195.1	MF6_006318	False
GCF_054166225.1	MF6_001079	False
GCF_054166225.1	MF6_002734	False
GCF_054166225.1	MF6_003184	False
GCF_054166225.1	MF6_003684	False
GCF_054166225.1	MF6_003684_Cterm	False
GCF_054166225.1	MF6_003686	False
GCF_054166225.1	MF6_003843	False
GCF_054166225.1	MF6_004284	False
GCF_054166225.1	MF6_004284_Cterm	False
GCF_054166225.1	MF6_004285	False
GCF_054166225.1	MF6_004947	False
GCF_054166225.1	MF6_006318	False
GCF_054166245.1	MF6_001079	False
GCF_054166245.1	MF6_002734	False
GCF_054166245.1	MF6_003184	False
GCF_054166245.1	MF6_003684	False
GCF_054166245.1	MF6_003684_Cterm	False
GCF_054166245.1	MF6_003686	False
GCF_054166245.1	MF6_003843	False
GCF_054166245.1	MF6_004284	False
GCF_054166245.1	MF6_004284_Cterm	False
GCF_054166245.1	MF6_004285	False
GCF_054166245.1	MF6_004947	False
GCF_054166245.1	MF6_006318	False
GCF_054166265.1	MF6_001079	False
GCF_054166265.1	MF6_002734	False
GCF_054166265.1	MF6_003184	False
GCF_054166265.1	MF6_003684	False
GCF_054166265.1	MF6_003684_Cterm	False
GCF_054166265.1	MF6_003686	False
GCF_054166265.1	MF6_003843	False
GCF_054166265.1	MF6_004284	False
GCF_054166265.1	MF6_004284_Cterm	False
GCF_054166265.1	MF6_004285	False
GCF_054166265.1	MF6_004947	False
GCF_054166265.1	MF6_006318	False
GCF_054187845.1	MF6_001079	False
GCF_054187845.1	MF6_002734	True
GCF_054187845.1	MF6_003184	True
GCF_054187845.1	MF6_003684	False
GCF_054187845.1	MF6_003684_Cterm	False
GCF_054187845.1	MF6_003686	False
GCF_054187845.1	MF6_003843	False
GCF_054187845.1	MF6_004284	False
GCF_054187845.1	MF6_004284_Cterm	False
GCF_054187845.1	MF6_004285	False
GCF_054187845.1	MF6_004947	True
GCF_054187845.1	MF6_006318	True
GCF_054558305.1	MF6_001079	False
GCF_054558305.1	MF6_002734	True
GCF_054558305.1	MF6_003184	False
GCF_054558305.1	MF6_003684	False
GCF_054558305.1	MF6_003684_Cterm	False
GCF_054558305.1	MF6_003686	False
GCF_054558305.1	MF6_003843	True
GCF_054558305.1	MF6_004284	False
GCF_054558305.1	MF6_004284_Cterm	False
GCF_054558305.1	MF6_004285	False
GCF_054558305.1	MF6_004947	True
GCF_054558305.1	MF6_006318	True
GCF_054955335.1	MF6_001079	False
GCF_054955335.1	MF6_002734	True
GCF_054955335.1	MF6_003184	False
GCF_054955335.1	MF6_003684	False
GCF_054955335.1	MF6_003684_Cterm	False
GCF_054955335.1	MF6_003686	False
GCF_054955335.1	MF6_003843	False
GCF_054955335.1	MF6_004284	False
GCF_054955335.1	MF6_004284_Cterm	False
GCF_054955335.1	MF6_004285	False
GCF_054955335.1	MF6_004947	True
GCF_054955335.1	MF6_006318	True
GCF_055386035.1	MF6_001079	False
GCF_055386035.1	MF6_002734	True
GCF_055386035.1	MF6_003184	True
GCF_055386035.1	MF6_003684	False
GCF_055386035.1	MF6_003684_Cterm	False
GCF_055386035.1	MF6_003686	False
GCF_055386035.1	MF6_003843	False
GCF_055386035.1	MF6_004284	False
GCF_055386035.1	MF6_004284_Cterm	False
GCF_055386035.1	MF6_004285	False
GCF_055386035.1	MF6_004947	True
GCF_055386035.1	MF6_006318	True
GCF_055387925.1	MF6_001079	False
GCF_055387925.1	MF6_002734	True
GCF_055387925.1	MF6_003184	False
GCF_055387925.1	MF6_003684	False
GCF_055387925.1	MF6_003684_Cterm	False
GCF_055387925.1	MF6_003686	False
GCF_055387925.1	MF6_003843	True
GCF_055387925.1	MF6_004284	False
GCF_055387925.1	MF6_004284_Cterm	False
GCF_055387925.1	MF6_004285	False
GCF_055387925.1	MF6_004947	True
GCF_055387925.1	MF6_006318	True
GCF_055391905.1	MF6_001079	False
GCF_055391905.1	MF6_002734	False
GCF_055391905.1	MF6_003184	False
GCF_055391905.1	MF6_003684	False
GCF_055391905.1	MF6_003684_Cterm	False
GCF_055391905.1	MF6_003686	False
GCF_055391905.1	MF6_003843	False
GCF_055391905.1	MF6_004284	False
GCF_055391905.1	MF6_004284_Cterm	False
GCF_055391905.1	MF6_004285	False
GCF_055391905.1	MF6_004947	False
GCF_055391905.1	MF6_006318	False
GCF_055397325.1	MF6_001079	False
GCF_055397325.1	MF6_002734	False
GCF_055397325.1	MF6_003184	False
GCF_055397325.1	MF6_003684	False
GCF_055397325.1	MF6_003684_Cterm	False
GCF_055397325.1	MF6_003686	False
GCF_055397325.1	MF6_003843	False
GCF_055397325.1	MF6_004284	False
GCF_055397325.1	MF6_004284_Cterm	False
GCF_055397325.1	MF6_004285	False
GCF_055397325.1	MF6_004947	False
GCF_055397325.1	MF6_006318	False
GCF_055397665.1	MF6_001079	False
GCF_055397665.1	MF6_002734	True
GCF_055397665.1	MF6_003184	False
GCF_055397665.1	MF6_003684	False
GCF_055397665.1	MF6_003684_Cterm	False
GCF_055397665.1	MF6_003686	False
GCF_055397665.1	MF6_003843	True
GCF_055397665.1	MF6_004284	False
GCF_055397665.1	MF6_004284_Cterm	False
GCF_055397665.1	MF6_004285	False
GCF_055397665.1	MF6_004947	True
GCF_055397665.1	MF6_006318	True
GCF_055397955.1	MF6_001079	False
GCF_055397955.1	MF6_002734	True
GCF_055397955.1	MF6_003184	True
GCF_055397955.1	MF6_003684	False
GCF_055397955.1	MF6_003684_Cterm	False
GCF_055397955.1	MF6_003686	False
GCF_055397955.1	MF6_003843	False
GCF_055397955.1	MF6_004284	False
GCF_055397955.1	MF6_004284_Cterm	False
GCF_055397955.1	MF6_004285	False
GCF_055397955.1	MF6_004947	True
GCF_055397955.1	MF6_006318	True
GCF_055810255.1	MF6_001079	False
GCF_055810255.1	MF6_002734	True
GCF_055810255.1	MF6_003184	False
GCF_055810255.1	MF6_003684	False
GCF_055810255.1	MF6_003684_Cterm	False
GCF_055810255.1	MF6_003686	False
GCF_055810255.1	MF6_003843	True
GCF_055810255.1	MF6_004284	False
GCF_055810255.1	MF6_004284_Cterm	False
GCF_055810255.1	MF6_004285	False
GCF_055810255.1	MF6_004947	True
GCF_055810255.1	MF6_006318	True
GCF_056270685.1	MF6_001079	False
GCF_056270685.1	MF6_002734	False
GCF_056270685.1	MF6_003184	False
GCF_056270685.1	MF6_003684	False
GCF_056270685.1	MF6_003684_Cterm	False
GCF_056270685.1	MF6_003686	False
GCF_056270685.1	MF6_003843	False
GCF_056270685.1	MF6_004284	False
GCF_056270685.1	MF6_004284_Cterm	False
GCF_056270685.1	MF6_004285	False
GCF_056270685.1	MF6_004947	False
GCF_056270685.1	MF6_006318	False
GCF_056591095.1	MF6_001079	False
GCF_056591095.1	MF6_002734	False
GCF_056591095.1	MF6_003184	True
GCF_056591095.1	MF6_003684	False
GCF_056591095.1	MF6_003684_Cterm	False
GCF_056591095.1	MF6_003686	False
GCF_056591095.1	MF6_003843	False
GCF_056591095.1	MF6_004284	False
GCF_056591095.1	MF6_004284_Cterm	False
GCF_056591095.1	MF6_004285	False
GCF_056591095.1	MF6_004947	False
GCF_056591095.1	MF6_006318	False
GCF_056640905.1	MF6_001079	False
GCF_056640905.1	MF6_002734	True
GCF_056640905.1	MF6_003184	False
GCF_056640905.1	MF6_003684	False
GCF_056640905.1	MF6_003684_Cterm	False
GCF_056640905.1	MF6_003686	False
GCF_056640905.1	MF6_003843	True
GCF_056640905.1	MF6_004284	False
GCF_056640905.1	MF6_004284_Cterm	False
GCF_056640905.1	MF6_004285	False
GCF_056640905.1	MF6_004947	True
GCF_056640905.1	MF6_006318	True
GCF_056783395.1	MF6_001079	False
GCF_056783395.1	MF6_002734	True
GCF_056783395.1	MF6_003184	False
GCF_056783395.1	MF6_003684	False
GCF_056783395.1	MF6_003684_Cterm	False
GCF_056783395.1	MF6_003686	False
GCF_056783395.1	MF6_003843	True
GCF_056783395.1	MF6_004284	False
GCF_056783395.1	MF6_004284_Cterm	False
GCF_056783395.1	MF6_004285	False
GCF_056783395.1	MF6_004947	True
GCF_056783395.1	MF6_006318	True
GCF_056847505.1	MF6_001079	False
GCF_056847505.1	MF6_002734	False
GCF_056847505.1	MF6_003184	False
GCF_056847505.1	MF6_003684	False
GCF_056847505.1	MF6_003684_Cterm	False
GCF_056847505.1	MF6_003686	False
GCF_056847505.1	MF6_003843	False
GCF_056847505.1	MF6_004284	False
GCF_056847505.1	MF6_004284_Cterm	False
GCF_056847505.1	MF6_004285	False
GCF_056847505.1	MF6_004947	False
GCF_056847505.1	MF6_006318	False
GCF_056867595.1	MF6_001079	False
GCF_056867595.1	MF6_002734	False
GCF_056867595.1	MF6_003184	False
GCF_056867595.1	MF6_003684	False
GCF_056867595.1	MF6_003684_Cterm	False
GCF_056867595.1	MF6_003686	False
GCF_056867595.1	MF6_003843	False
GCF_056867595.1	MF6_004284	False
GCF_056867595.1	MF6_004284_Cterm	False
GCF_056867595.1	MF6_004285	False
GCF_056867595.1	MF6_004947	False
GCF_056867595.1	MF6_006318	False
GCF_056868365.1	MF6_001079	False
GCF_056868365.1	MF6_002734	False
GCF_056868365.1	MF6_003184	False
GCF_056868365.1	MF6_003684	False
GCF_056868365.1	MF6_003684_Cterm	False
GCF_056868365.1	MF6_003686	False
GCF_056868365.1	MF6_003843	False
GCF_056868365.1	MF6_004284	False
GCF_056868365.1	MF6_004284_Cterm	False
GCF_056868365.1	MF6_004285	False
GCF_056868365.1	MF6_004947	False
GCF_056868365.1	MF6_006318	False
GCF_056868375.1	MF6_001079	False
GCF_056868375.1	MF6_002734	False
GCF_056868375.1	MF6_003184	False
GCF_056868375.1	MF6_003684	False
GCF_056868375.1	MF6_003684_Cterm	False
GCF_056868375.1	MF6_003686	False
GCF_056868375.1	MF6_003843	False
GCF_056868375.1	MF6_004284	False
GCF_056868375.1	MF6_004284_Cterm	False
GCF_056868375.1	MF6_004285	False
GCF_056868375.1	MF6_004947	False
GCF_056868375.1	MF6_006318	False
GCF_056880615.1	MF6_001079	False
GCF_056880615.1	MF6_002734	False
GCF_056880615.1	MF6_003184	False
GCF_056880615.1	MF6_003684	False
GCF_056880615.1	MF6_003684_Cterm	False
GCF_056880615.1	MF6_003686	False
GCF_056880615.1	MF6_003843	False
GCF_056880615.1	MF6_004284	False
GCF_056880615.1	MF6_004284_Cterm	False
GCF_056880615.1	MF6_004285	False
GCF_056880615.1	MF6_004947	False
GCF_056880615.1	MF6_006318	False
GCF_057005415.2	MF6_001079	False
GCF_057005415.2	MF6_002734	True
GCF_057005415.2	MF6_003184	False
GCF_057005415.2	MF6_003684	False
GCF_057005415.2	MF6_003684_Cterm	False
GCF_057005415.2	MF6_003686	False
GCF_057005415.2	MF6_003843	True
GCF_057005415.2	MF6_004284	False
GCF_057005415.2	MF6_004284_Cterm	False
GCF_057005415.2	MF6_004285	False
GCF_057005415.2	MF6_004947	True
GCF_057005415.2	MF6_006318	True
GCF_057369595.1	MF6_001079	False
GCF_057369595.1	MF6_002734	True
GCF_057369595.1	MF6_003184	False
GCF_057369595.1	MF6_003684	False
GCF_057369595.1	MF6_003684_Cterm	False
GCF_057369595.1	MF6_003686	False
GCF_057369595.1	MF6_003843	True
GCF_057369595.1	MF6_004284	False
GCF_057369595.1	MF6_004284_Cterm	False
GCF_057369595.1	MF6_004285	False
GCF_057369595.1	MF6_004947	True
GCF_057369595.1	MF6_006318	True
GCF_057439935.1	MF6_001079	False
GCF_057439935.1	MF6_002734	True
GCF_057439935.1	MF6_003184	False
GCF_057439935.1	MF6_003684	False
GCF_057439935.1	MF6_003684_Cterm	False
GCF_057439935.1	MF6_003686	False
GCF_057439935.1	MF6_003843	True
GCF_057439935.1	MF6_004284	False
GCF_057439935.1	MF6_004284_Cterm	False
GCF_057439935.1	MF6_004285	False
GCF_057439935.1	MF6_004947	True
GCF_057439935.1	MF6_006318	True
GCF_057587595.1	MF6_001079	False
GCF_057587595.1	MF6_002734	False
GCF_057587595.1	MF6_003184	False
GCF_057587595.1	MF6_003684	False
GCF_057587595.1	MF6_003684_Cterm	False
GCF_057587595.1	MF6_003686	False
GCF_057587595.1	MF6_003843	False
GCF_057587595.1	MF6_004284	False
GCF_057587595.1	MF6_004284_Cterm	False
GCF_057587595.1	MF6_004285	False
GCF_057587595.1	MF6_004947	False
GCF_057587595.1	MF6_006318	False
GCF_057612605.2	MF6_001079	False
GCF_057612605.2	MF6_002734	False
GCF_057612605.2	MF6_003184	False
GCF_057612605.2	MF6_003684	False
GCF_057612605.2	MF6_003684_Cterm	False
GCF_057612605.2	MF6_003686	False
GCF_057612605.2	MF6_003843	False
GCF_057612605.2	MF6_004284	False
GCF_057612605.2	MF6_004284_Cterm	False
GCF_057612605.2	MF6_004285	False
GCF_057612605.2	MF6_004947	False
GCF_057612605.2	MF6_006318	True
GCF_057748135.1	MF6_001079	False
GCF_057748135.1	MF6_002734	False
GCF_057748135.1	MF6_003184	False
GCF_057748135.1	MF6_003684	False
GCF_057748135.1	MF6_003684_Cterm	False
GCF_057748135.1	MF6_003686	False
GCF_057748135.1	MF6_003843	False
GCF_057748135.1	MF6_004284	False
GCF_057748135.1	MF6_004284_Cterm	False
GCF_057748135.1	MF6_004285	False
GCF_057748135.1	MF6_004947	False
GCF_057748135.1	MF6_006318	False
GCF_058448765.1	MF6_001079	False
GCF_058448765.1	MF6_002734	True
GCF_058448765.1	MF6_003184	True
GCF_058448765.1	MF6_003684	False
GCF_058448765.1	MF6_003684_Cterm	False
GCF_058448765.1	MF6_003686	False
GCF_058448765.1	MF6_003843	False
GCF_058448765.1	MF6_004284	False
GCF_058448765.1	MF6_004284_Cterm	False
GCF_058448765.1	MF6_004285	False
GCF_058448765.1	MF6_004947	True
GCF_058448765.1	MF6_006318	True
GCF_059089405.1	MF6_001079	False
GCF_059089405.1	MF6_002734	True
GCF_059089405.1	MF6_003184	False
GCF_059089405.1	MF6_003684	False
GCF_059089405.1	MF6_003684_Cterm	False
GCF_059089405.1	MF6_003686	False
GCF_059089405.1	MF6_003843	True
GCF_059089405.1	MF6_004284	False
GCF_059089405.1	MF6_004284_Cterm	False
GCF_059089405.1	MF6_004285	False
GCF_059089405.1	MF6_004947	True
GCF_059089405.1	MF6_006318	True
GCF_059622985.1	MF6_001079	False
GCF_059622985.1	MF6_002734	False
GCF_059622985.1	MF6_003184	False
GCF_059622985.1	MF6_003684	False
GCF_059622985.1	MF6_003684_Cterm	False
GCF_059622985.1	MF6_003686	False
GCF_059622985.1	MF6_003843	False
GCF_059622985.1	MF6_004284	False
GCF_059622985.1	MF6_004284_Cterm	False
GCF_059622985.1	MF6_004285	False
GCF_059622985.1	MF6_004947	False
GCF_059622985.1	MF6_006318	True
GCF_900240005.1	MF6_001079	False
GCF_900240005.1	MF6_002734	True
GCF_900240005.1	MF6_003184	False
GCF_900240005.1	MF6_003684_Cterm	False
GCF_900240005.1	MF6_003686	False
GCF_900240005.1	MF6_003843	True
GCF_900240005.1	MF6_004284_Cterm	False
GCF_900240005.1	MF6_004285	False
GCF_900240005.1	MF6_004947	True
GCF_900240005.1	MF6_006318	True
GCF_902141795.1	MF6_001079	False
GCF_902141795.1	MF6_002734	True
GCF_902141795.1	MF6_003184	False
GCF_902141795.1	MF6_003684	False
GCF_902141795.1	MF6_003684_Cterm	False
GCF_902141795.1	MF6_003686	False
GCF_902141795.1	MF6_003843	True
GCF_902141795.1	MF6_004284	False
GCF_902141795.1	MF6_004284_Cterm	False
GCF_902141795.1	MF6_004285	False
GCF_902141795.1	MF6_004947	True
GCF_902141795.1	MF6_006318	True
GCF_902141815.1	MF6_001079	False
GCF_902141815.1	MF6_002734	True
GCF_902141815.1	MF6_003184	False
GCF_902141815.1	MF6_003684	False
GCF_902141815.1	MF6_003684_Cterm	False
GCF_902141815.1	MF6_003686	False
GCF_902141815.1	MF6_003843	True
GCF_902141815.1	MF6_004284	False
GCF_902141815.1	MF6_004284_Cterm	False
GCF_902141815.1	MF6_004285	False
GCF_902141815.1	MF6_004947	True
GCF_902141815.1	MF6_006318	True
GCF_902141835.1	MF6_001079	False
GCF_902141835.1	MF6_002734	True
GCF_902141835.1	MF6_003184	False
GCF_902141835.1	MF6_003684	False
GCF_902141835.1	MF6_003684_Cterm	False
GCF_902141835.1	MF6_003686	False
GCF_902141835.1	MF6_003843	True
GCF_902141835.1	MF6_004284	False
GCF_902141835.1	MF6_004284_Cterm	False
GCF_902141835.1	MF6_004285	False
GCF_902141835.1	MF6_004947	True
GCF_902141835.1	MF6_006318	True
GCF_902459535.1	MF6_001079	False
GCF_902459535.1	MF6_002734	False
GCF_902459535.1	MF6_003184	False
GCF_902459535.1	MF6_003684	False
GCF_902459535.1	MF6_003684_Cterm	False
GCF_902459535.1	MF6_003686	False
GCF_902459535.1	MF6_003843	False
GCF_902459535.1	MF6_004284	False
GCF_902459535.1	MF6_004284_Cterm	False
GCF_902459535.1	MF6_004285	False
GCF_902459535.1	MF6_004947	False
GCF_902459535.1	MF6_006318	False
GCF_904865725.1	MF6_001079	False
GCF_904865725.1	MF6_002734	True
GCF_904865725.1	MF6_003184	False
GCF_904865725.1	MF6_003684	False
GCF_904865725.1	MF6_003684_Cterm	False
GCF_904865725.1	MF6_003686	False
GCF_904865725.1	MF6_003843	True
GCF_904865725.1	MF6_004284	False
GCF_904865725.1	MF6_004284_Cterm	False
GCF_904865725.1	MF6_004285	False
GCF_904865725.1	MF6_004947	True
GCF_904865725.1	MF6_006318	True
GCF_905400155.1	MF6_001079	True
GCF_905400155.1	MF6_002734	True
GCF_905400155.1	MF6_003184	True
GCF_905400155.1	MF6_003684_Cterm	True
GCF_905400155.1	MF6_003686	True
GCF_905400155.1	MF6_003843	True
GCF_905400155.1	MF6_004284_Cterm	True
GCF_905400155.1	MF6_004285	True
GCF_905400155.1	MF6_004947	True
GCF_905400155.1	MF6_006318	True
GCF_905400185.1	MF6_001079	True
GCF_905400185.1	MF6_002734	True
GCF_905400185.1	MF6_003184	True
GCF_905400185.1	MF6_003684	True
GCF_905400185.1	MF6_003684_Cterm	True
GCF_905400185.1	MF6_003686	True
GCF_905400185.1	MF6_003843	True
GCF_905400185.1	MF6_004284	True
GCF_905400185.1	MF6_004284_Cterm	True
GCF_905400185.1	MF6_004285	True
GCF_905400185.1	MF6_004947	True
GCF_905400185.1	MF6_006318	True
GCF_905400195.1	MF6_001079	True
GCF_905400195.1	MF6_002734	True
GCF_905400195.1	MF6_003184	True
GCF_905400195.1	MF6_003684_Cterm	True
GCF_905400195.1	MF6_003686	True
GCF_905400195.1	MF6_003843	True
GCF_905400195.1	MF6_004284_Cterm	True
GCF_905400195.1	MF6_004285	True
GCF_905400195.1	MF6_004947	True
GCF_905400195.1	MF6_006318	True
GCF_905400215.1	MF6_001079	True
GCF_905400215.1	MF6_002734	True
GCF_905400215.1	MF6_003184	True
GCF_905400215.1	MF6_003684_Cterm	False
GCF_905400215.1	MF6_003686	True
GCF_905400215.1	MF6_003843	True
GCF_905400215.1	MF6_004284_Cterm	True
GCF_905400215.1	MF6_004285	True
GCF_905400215.1	MF6_004947	True
GCF_905400215.1	MF6_006318	True
GCF_905400225.1	MF6_001079	True
GCF_905400225.1	MF6_002734	True
GCF_905400225.1	MF6_003184	True
GCF_905400225.1	MF6_003684_Cterm	True
GCF_905400225.1	MF6_003686	True
GCF_905400225.1	MF6_003843	True
GCF_905400225.1	MF6_004284_Cterm	True
GCF_905400225.1	MF6_004285	True
GCF_905400225.1	MF6_004947	True
GCF_905400225.1	MF6_006318	True
GCF_905400235.1	MF6_001079	True
GCF_905400235.1	MF6_002734	True
GCF_905400235.1	MF6_003184	True
GCF_905400235.1	MF6_003684_Cterm	True
GCF_905400235.1	MF6_003686	True
GCF_905400235.1	MF6_003843	True
GCF_905400235.1	MF6_004284_Cterm	True
GCF_905400235.1	MF6_004285	True
GCF_905400235.1	MF6_004947	True
GCF_905400235.1	MF6_006318	True
GCF_905400265.1	MF6_001079	True
GCF_905400265.1	MF6_002734	True
GCF_905400265.1	MF6_003184	True
GCF_905400265.1	MF6_003684_Cterm	True
GCF_905400265.1	MF6_003686	True
GCF_905400265.1	MF6_003843	True
GCF_905400265.1	MF6_004284_Cterm	True
GCF_905400265.1	MF6_004285	True
GCF_905400265.1	MF6_004947	True
GCF_905400265.1	MF6_006318	True
GCF_905400275.1	MF6_001079	True
GCF_905400275.1	MF6_002734	True
GCF_905400275.1	MF6_003184	True
GCF_905400275.1	MF6_003684_Cterm	True
GCF_905400275.1	MF6_003686	True
GCF_905400275.1	MF6_003843	True
GCF_905400275.1	MF6_004284_Cterm	True
GCF_905400275.1	MF6_004285	True
GCF_905400275.1	MF6_004947	True
GCF_905400275.1	MF6_006318	True
GCF_905400285.1	MF6_001079	True
GCF_905400285.1	MF6_002734	True
GCF_905400285.1	MF6_003184	True
GCF_905400285.1	MF6_003684_Cterm	True
GCF_905400285.1	MF6_003686	True
GCF_905400285.1	MF6_003843	True
GCF_905400285.1	MF6_004284_Cterm	True
GCF_905400285.1	MF6_004285	True
GCF_905400285.1	MF6_004947	True
GCF_905400285.1	MF6_006318	True
GCF_905400295.1	MF6_001079	True
GCF_905400295.1	MF6_002734	True
GCF_905400295.1	MF6_003184	True
GCF_905400295.1	MF6_003684_Cterm	True
GCF_905400295.1	MF6_003686	True
GCF_905400295.1	MF6_003843	True
GCF_905400295.1	MF6_004284_Cterm	True
GCF_905400295.1	MF6_004285	True
GCF_905400295.1	MF6_004947	True
GCF_905400295.1	MF6_006318	True
GCF_905400305.1	MF6_001079	True
GCF_905400305.1	MF6_002734	True
GCF_905400305.1	MF6_003184	True
GCF_905400305.1	MF6_003684_Cterm	True
GCF_905400305.1	MF6_003686	True
GCF_905400305.1	MF6_003843	True
GCF_905400305.1	MF6_004284_Cterm	True
GCF_905400305.1	MF6_004285	True
GCF_905400305.1	MF6_004947	True
GCF_905400305.1	MF6_006318	True
GCF_905400315.1	MF6_001079	True
GCF_905400315.1	MF6_002734	True
GCF_905400315.1	MF6_003184	True
GCF_905400315.1	MF6_003684_Cterm	True
GCF_905400315.1	MF6_003686	True
GCF_905400315.1	MF6_003843	True
GCF_905400315.1	MF6_004284_Cterm	True
GCF_905400315.1	MF6_004285	True
GCF_905400315.1	MF6_004947	True
GCF_905400315.1	MF6_006318	True
GCF_905400325.1	MF6_001079	True
GCF_905400325.1	MF6_002734	True
GCF_905400325.1	MF6_003184	True
GCF_905400325.1	MF6_003684_Cterm	True
GCF_905400325.1	MF6_003686	True
GCF_905400325.1	MF6_003843	True
GCF_905400325.1	MF6_004284_Cterm	True
GCF_905400325.1	MF6_004285	True
GCF_905400325.1	MF6_004947	True
GCF_905400325.1	MF6_006318	True
GCF_905400335.1	MF6_001079	True
GCF_905400335.1	MF6_002734	True
GCF_905400335.1	MF6_003184	True
GCF_905400335.1	MF6_003684_Cterm	True
GCF_905400335.1	MF6_003686	True
GCF_905400335.1	MF6_003843	True
GCF_905400335.1	MF6_004284_Cterm	True
GCF_905400335.1	MF6_004285	True
GCF_905400335.1	MF6_004947	True
GCF_905400335.1	MF6_006318	True
GCF_905400345.1	MF6_001079	True
GCF_905400345.1	MF6_002734	True
GCF_905400345.1	MF6_003184	True
GCF_905400345.1	MF6_003684_Cterm	True
GCF_905400345.1	MF6_003686	True
GCF_905400345.1	MF6_003843	True
GCF_905400345.1	MF6_004284_Cterm	True
GCF_905400345.1	MF6_004285	True
GCF_905400345.1	MF6_004947	True
GCF_905400345.1	MF6_006318	True
GCF_905400355.1	MF6_001079	True
GCF_905400355.1	MF6_002734	True
GCF_905400355.1	MF6_003184	True
GCF_905400355.1	MF6_003684_Cterm	True
GCF_905400355.1	MF6_003686	True
GCF_905400355.1	MF6_003843	True
GCF_905400355.1	MF6_004284_Cterm	True
GCF_905400355.1	MF6_004285	True
GCF_905400355.1	MF6_004947	True
GCF_905400355.1	MF6_006318	True
GCF_905400365.1	MF6_001079	True
GCF_905400365.1	MF6_002734	True
GCF_905400365.1	MF6_003184	True
GCF_905400365.1	MF6_003684_Cterm	True
GCF_905400365.1	MF6_003686	True
GCF_905400365.1	MF6_003843	True
GCF_905400365.1	MF6_004284_Cterm	True
GCF_905400365.1	MF6_004285	True
GCF_905400365.1	MF6_004947	True
GCF_905400365.1	MF6_006318	True
GCF_905400375.1	MF6_001079	True
GCF_905400375.1	MF6_002734	True
GCF_905400375.1	MF6_003184	True
GCF_905400375.1	MF6_003684_Cterm	True
GCF_905400375.1	MF6_003686	True
GCF_905400375.1	MF6_003843	True
GCF_905400375.1	MF6_004284_Cterm	True
GCF_905400375.1	MF6_004285	True
GCF_905400375.1	MF6_004947	True
GCF_905400375.1	MF6_006318	True
GCF_905400385.1	MF6_001079	True
GCF_905400385.1	MF6_002734	True
GCF_905400385.1	MF6_003184	True
GCF_905400385.1	MF6_003684_Cterm	True
GCF_905400385.1	MF6_003686	True
GCF_905400385.1	MF6_003843	True
GCF_905400385.1	MF6_004284_Cterm	True
GCF_905400385.1	MF6_004285	True
GCF_905400385.1	MF6_004947	True
GCF_905400385.1	MF6_006318	True
GCF_905400395.1	MF6_001079	True
GCF_905400395.1	MF6_002734	True
GCF_905400395.1	MF6_003184	True
GCF_905400395.1	MF6_003684_Cterm	True
GCF_905400395.1	MF6_003686	True
GCF_905400395.1	MF6_003843	True
GCF_905400395.1	MF6_004284_Cterm	True
GCF_905400395.1	MF6_004285	True
GCF_905400395.1	MF6_004947	True
GCF_905400395.1	MF6_006318	True
GCF_905400405.1	MF6_001079	True
GCF_905400405.1	MF6_002734	True
GCF_905400405.1	MF6_003184	True
GCF_905400405.1	MF6_003684_Cterm	True
GCF_905400405.1	MF6_003686	True
GCF_905400405.1	MF6_003843	True
GCF_905400405.1	MF6_004284_Cterm	True
GCF_905400405.1	MF6_004285	True
GCF_905400405.1	MF6_004947	True
GCF_905400405.1	MF6_006318	True
GCF_905400415.1	MF6_001079	True
GCF_905400415.1	MF6_002734	True
GCF_905400415.1	MF6_003184	True
GCF_905400415.1	MF6_003684_Cterm	True
GCF_905400415.1	MF6_003686	True
GCF_905400415.1	MF6_003843	True
GCF_905400415.1	MF6_004284_Cterm	True
GCF_905400415.1	MF6_004285	True
GCF_905400415.1	MF6_004947	True
GCF_905400415.1	MF6_006318	True
GCF_905400425.1	MF6_001079	True
GCF_905400425.1	MF6_002734	True
GCF_905400425.1	MF6_003184	True
GCF_905400425.1	MF6_003684_Cterm	True
GCF_905400425.1	MF6_003686	True
GCF_905400425.1	MF6_003843	True
GCF_905400425.1	MF6_004284_Cterm	True
GCF_905400425.1	MF6_004285	True
GCF_905400425.1	MF6_004947	True
GCF_905400425.1	MF6_006318	True
GCF_905400435.1	MF6_001079	True
GCF_905400435.1	MF6_002734	True
GCF_905400435.1	MF6_003184	True
GCF_905400435.1	MF6_003684_Cterm	True
GCF_905400435.1	MF6_003686	True
GCF_905400435.1	MF6_003843	True
GCF_905400435.1	MF6_004284_Cterm	True
GCF_905400435.1	MF6_004285	True
GCF_905400435.1	MF6_004947	True
GCF_905400435.1	MF6_006318	True
GCF_905400445.1	MF6_001079	True
GCF_905400445.1	MF6_002734	True
GCF_905400445.1	MF6_003184	True
GCF_905400445.1	MF6_003684_Cterm	True
GCF_905400445.1	MF6_003686	True
GCF_905400445.1	MF6_003843	True
GCF_905400445.1	MF6_004284_Cterm	True
GCF_905400445.1	MF6_004285	True
GCF_905400445.1	MF6_004947	True
GCF_905400445.1	MF6_006318	True
GCF_905400455.1	MF6_001079	True
GCF_905400455.1	MF6_002734	True
GCF_905400455.1	MF6_003184	True
GCF_905400455.1	MF6_003684_Cterm	True
GCF_905400455.1	MF6_003686	True
GCF_905400455.1	MF6_003843	True
GCF_905400455.1	MF6_004284_Cterm	True
GCF_905400455.1	MF6_004285	True
GCF_905400455.1	MF6_004947	True
GCF_905400455.1	MF6_006318	True
GCF_905400465.1	MF6_001079	True
GCF_905400465.1	MF6_002734	True
GCF_905400465.1	MF6_003184	True
GCF_905400465.1	MF6_003684_Cterm	True
GCF_905400465.1	MF6_003686	True
GCF_905400465.1	MF6_003843	True
GCF_905400465.1	MF6_004284_Cterm	True
GCF_905400465.1	MF6_004285	True
GCF_905400465.1	MF6_004947	True
GCF_905400465.1	MF6_006318	True
GCF_905400475.1	MF6_001079	True
GCF_905400475.1	MF6_002734	True
GCF_905400475.1	MF6_003184	True
GCF_905400475.1	MF6_003684_Cterm	True
GCF_905400475.1	MF6_003686	True
GCF_905400475.1	MF6_003843	True
GCF_905400475.1	MF6_004284_Cterm	True
GCF_905400475.1	MF6_004285	True
GCF_905400475.1	MF6_004947	True
GCF_905400475.1	MF6_006318	True
GCF_905400485.1	MF6_001079	True
GCF_905400485.1	MF6_002734	True
GCF_905400485.1	MF6_003184	True
GCF_905400485.1	MF6_003684_Cterm	True
GCF_905400485.1	MF6_003686	True
GCF_905400485.1	MF6_003843	True
GCF_905400485.1	MF6_004284_Cterm	True
GCF_905400485.1	MF6_004285	True
GCF_905400485.1	MF6_004947	True
GCF_905400485.1	MF6_006318	True
GCF_905400495.1	MF6_001079	True
GCF_905400495.1	MF6_002734	True
GCF_905400495.1	MF6_003184	True
GCF_905400495.1	MF6_003684_Cterm	True
GCF_905400495.1	MF6_003686	True
GCF_905400495.1	MF6_003843	True
GCF_905400495.1	MF6_004284_Cterm	True
GCF_905400495.1	MF6_004285	True
GCF_905400495.1	MF6_004947	True
GCF_905400495.1	MF6_006318	True
GCF_905400505.1	MF6_001079	True
GCF_905400505.1	MF6_002734	True
GCF_905400505.1	MF6_003184	True
GCF_905400505.1	MF6_003684_Cterm	True
GCF_905400505.1	MF6_003686	True
GCF_905400505.1	MF6_003843	True
GCF_905400505.1	MF6_004284_Cterm	True
GCF_905400505.1	MF6_004285	True
GCF_905400505.1	MF6_004947	True
GCF_905400505.1	MF6_006318	True
GCF_905400515.1	MF6_001079	True
GCF_905400515.1	MF6_002734	True
GCF_905400515.1	MF6_003184	True
GCF_905400515.1	MF6_003684_Cterm	True
GCF_905400515.1	MF6_003686	True
GCF_905400515.1	MF6_003843	True
GCF_905400515.1	MF6_004284_Cterm	True
GCF_905400515.1	MF6_004285	True
GCF_905400515.1	MF6_004947	True
GCF_905400515.1	MF6_006318	True
GCF_905400525.1	MF6_001079	True
GCF_905400525.1	MF6_002734	True
GCF_905400525.1	MF6_003184	True
GCF_905400525.1	MF6_003684_Cterm	True
GCF_905400525.1	MF6_003686	True
GCF_905400525.1	MF6_003843	True
GCF_905400525.1	MF6_004284_Cterm	True
GCF_905400525.1	MF6_004285	True
GCF_905400525.1	MF6_004947	True
GCF_905400525.1	MF6_006318	True
GCF_905400535.1	MF6_001079	True
GCF_905400535.1	MF6_002734	True
GCF_905400535.1	MF6_003184	True
GCF_905400535.1	MF6_003684_Cterm	True
GCF_905400535.1	MF6_003686	True
GCF_905400535.1	MF6_003843	True
GCF_905400535.1	MF6_004284_Cterm	True
GCF_905400535.1	MF6_004285	True
GCF_905400535.1	MF6_004947	True
GCF_905400535.1	MF6_006318	True
GCF_905400545.1	MF6_001079	True
GCF_905400545.1	MF6_002734	True
GCF_905400545.1	MF6_003184	True
GCF_905400545.1	MF6_003684_Cterm	True
GCF_905400545.1	MF6_003686	True
GCF_905400545.1	MF6_003843	True
GCF_905400545.1	MF6_004284_Cterm	True
GCF_905400545.1	MF6_004285	True
GCF_905400545.1	MF6_004947	True
GCF_905400545.1	MF6_006318	True
GCF_905400555.1	MF6_001079	True
GCF_905400555.1	MF6_002734	True
GCF_905400555.1	MF6_003184	True
GCF_905400555.1	MF6_003684_Cterm	True
GCF_905400555.1	MF6_003686	True
GCF_905400555.1	MF6_003843	True
GCF_905400555.1	MF6_004284_Cterm	True
GCF_905400555.1	MF6_004285	True
GCF_905400555.1	MF6_004947	True
GCF_905400555.1	MF6_006318	True
GCF_905400565.1	MF6_001079	True
GCF_905400565.1	MF6_002734	True
GCF_905400565.1	MF6_003184	True
GCF_905400565.1	MF6_003684_Cterm	True
GCF_905400565.1	MF6_003686	True
GCF_905400565.1	MF6_003843	True
GCF_905400565.1	MF6_004284_Cterm	True
GCF_905400565.1	MF6_004285	True
GCF_905400565.1	MF6_004947	True
GCF_905400565.1	MF6_006318	True
GCF_905400575.1	MF6_001079	True
GCF_905400575.1	MF6_002734	True
GCF_905400575.1	MF6_003184	True
GCF_905400575.1	MF6_003684_Cterm	True
GCF_905400575.1	MF6_003686	True
GCF_905400575.1	MF6_003843	True
GCF_905400575.1	MF6_004284_Cterm	True
GCF_905400575.1	MF6_004285	True
GCF_905400575.1	MF6_004947	True
GCF_905400575.1	MF6_006318	True
GCF_939576165.1	MF6_001079	False
GCF_939576165.1	MF6_002734	True
GCF_939576165.1	MF6_003184	False
GCF_939576165.1	MF6_003684	False
GCF_939576165.1	MF6_003684_Cterm	False
GCF_939576165.1	MF6_003686	False
GCF_939576165.1	MF6_003843	True
GCF_939576165.1	MF6_004284	False
GCF_939576165.1	MF6_004284_Cterm	False
GCF_939576165.1	MF6_004285	False
GCF_939576165.1	MF6_004947	True
GCF_939576165.1	MF6_006318	True
GCF_964026365.1	MF6_001079	False
GCF_964026365.1	MF6_002734	False
GCF_964026365.1	MF6_003184	False
GCF_964026365.1	MF6_003684	False
GCF_964026365.1	MF6_003684_Cterm	False
GCF_964026365.1	MF6_003686	False
GCF_964026365.1	MF6_003843	False
GCF_964026365.1	MF6_004284	False
GCF_964026365.1	MF6_004284_Cterm	False
GCF_964026365.1	MF6_004285	False
GCF_964026365.1	MF6_004947	False
GCF_964026365.1	MF6_006318	False
GCF_964261745.1	MF6_001079	False
GCF_964261745.1	MF6_002734	False
GCF_964261745.1	MF6_003184	False
GCF_964261745.1	MF6_003684	False
GCF_964261745.1	MF6_003684_Cterm	False
GCF_964261745.1	MF6_003686	False
GCF_964261745.1	MF6_003843	False
GCF_964261745.1	MF6_004284	False
GCF_964261745.1	MF6_004284_Cterm	False
GCF_964261745.1	MF6_004285	False
GCF_964261745.1	MF6_004947	False
GCF_964261745.1	MF6_006318	False
GCF_964264985.1	MF6_001079	False
GCF_964264985.1	MF6_002734	True
GCF_964264985.1	MF6_003184	False
GCF_964264985.1	MF6_003684	False
GCF_964264985.1	MF6_003684_Cterm	False
GCF_964264985.1	MF6_003686	False
GCF_964264985.1	MF6_003843	True
GCF_964264985.1	MF6_004284	False
GCF_964264985.1	MF6_004284_Cterm	False
GCF_964264985.1	MF6_004285	False
GCF_964264985.1	MF6_004947	True
GCF_964264985.1	MF6_006318	True
GCF_964264995.1	MF6_001079	False
GCF_964264995.1	MF6_002734	True
GCF_964264995.1	MF6_003184	False
GCF_964264995.1	MF6_003684	False
GCF_964264995.1	MF6_003684_Cterm	False
GCF_964264995.1	MF6_003686	False
GCF_964264995.1	MF6_003843	True
GCF_964264995.1	MF6_004284	False
GCF_964264995.1	MF6_004284_Cterm	False
GCF_964264995.1	MF6_004285	False
GCF_964264995.1	MF6_004947	True
GCF_964264995.1	MF6_006318	True
GCF_964265005.1	MF6_001079	False
GCF_964265005.1	MF6_002734	True
GCF_964265005.1	MF6_003184	False
GCF_964265005.1	MF6_003684	False
GCF_964265005.1	MF6_003684_Cterm	False
GCF_964265005.1	MF6_003686	False
GCF_964265005.1	MF6_003843	True
GCF_964265005.1	MF6_004284	False
GCF_964265005.1	MF6_004284_Cterm	False
GCF_964265005.1	MF6_004285	False
GCF_964265005.1	MF6_004947	True
GCF_964265005.1	MF6_006318	True
GCF_964265015.1	MF6_001079	False
GCF_964265015.1	MF6_002734	True
GCF_964265015.1	MF6_003184	False
GCF_964265015.1	MF6_003684	False
GCF_964265015.1	MF6_003684_Cterm	False
GCF_964265015.1	MF6_003686	False
GCF_964265015.1	MF6_003843	True
GCF_964265015.1	MF6_004284	False
GCF_964265015.1	MF6_004284_Cterm	False
GCF_964265015.1	MF6_004285	False
GCF_964265015.1	MF6_004947	True
GCF_964265015.1	MF6_006318	True
GCF_964265025.1	MF6_001079	False
GCF_964265025.1	MF6_002734	True
GCF_964265025.1	MF6_003184	True
GCF_964265025.1	MF6_003684	False
GCF_964265025.1	MF6_003684_Cterm	False
GCF_964265025.1	MF6_003686	False
GCF_964265025.1	MF6_003843	True
GCF_964265025.1	MF6_004284	False
GCF_964265025.1	MF6_004284_Cterm	False
GCF_964265025.1	MF6_004285	False
GCF_964265025.1	MF6_004947	True
GCF_964265025.1	MF6_006318	True
GCF_965118125.1	MF6_001079	False
GCF_965118125.1	MF6_002734	False
GCF_965118125.1	MF6_003184	False
GCF_965118125.1	MF6_003684_Cterm	False
GCF_965118125.1	MF6_003686	False
GCF_965118125.1	MF6_003843	False
GCF_965118125.1	MF6_004284_Cterm	False
GCF_965118125.1	MF6_004285	False
GCF_965118125.1	MF6_004947	False
GCF_965118125.1	MF6_006318	False
GCF_965118185.1	MF6_001079	False
GCF_965118185.1	MF6_002734	True
GCF_965118185.1	MF6_003184	True
GCF_965118185.1	MF6_003684	False
GCF_965118185.1	MF6_003684_Cterm	False
GCF_965118185.1	MF6_003686	False
GCF_965118185.1	MF6_003843	False
GCF_965118185.1	MF6_004284	False
GCF_965118185.1	MF6_004284_Cterm	False
GCF_965118185.1	MF6_004285	False
GCF_965118185.1	MF6_004947	False
GCF_965118185.1	MF6_006318	True
GCF_965199385.1	MF6_001079	False
GCF_965199385.1	MF6_002734	True
GCF_965199385.1	MF6_003184	False
GCF_965199385.1	MF6_003684	False
GCF_965199385.1	MF6_003684_Cterm	False
GCF_965199385.1	MF6_003686	False
GCF_965199385.1	MF6_003843	True
GCF_965199385.1	MF6_004284	False
GCF_965199385.1	MF6_004284_Cterm	False
GCF_965199385.1	MF6_004285	False
GCF_965199385.1	MF6_004947	True
GCF_965199385.1	MF6_006318	True
GCF_965199395.1	MF6_001079	False
GCF_965199395.1	MF6_002734	True
GCF_965199395.1	MF6_003184	False
GCF_965199395.1	MF6_003684	False
GCF_965199395.1	MF6_003684_Cterm	False
GCF_965199395.1	MF6_003686	False
GCF_965199395.1	MF6_003843	True
GCF_965199395.1	MF6_004284	False
GCF_965199395.1	MF6_004284_Cterm	False
GCF_965199395.1	MF6_004285	False
GCF_965199395.1	MF6_004947	True
GCF_965199395.1	MF6_006318	True
GCF_965199405.1	MF6_001079	False
GCF_965199405.1	MF6_002734	True
GCF_965199405.1	MF6_003184	False
GCF_965199405.1	MF6_003684	False
GCF_965199405.1	MF6_003684_Cterm	False
GCF_965199405.1	MF6_003686	False
GCF_965199405.1	MF6_003843	True
GCF_965199405.1	MF6_004284	False
GCF_965199405.1	MF6_004284_Cterm	False
GCF_965199405.1	MF6_004285	False
GCF_965199405.1	MF6_004947	True
GCF_965199405.1	MF6_006318	True
GCF_965199425.1	MF6_001079	False
GCF_965199425.1	MF6_002734	True
GCF_965199425.1	MF6_003184	False
GCF_965199425.1	MF6_003684	False
GCF_965199425.1	MF6_003684_Cterm	False
GCF_965199425.1	MF6_003686	False
GCF_965199425.1	MF6_003843	True
GCF_965199425.1	MF6_004284	False
GCF_965199425.1	MF6_004284_Cterm	False
GCF_965199425.1	MF6_004285	False
GCF_965199425.1	MF6_004947	True
GCF_965199425.1	MF6_006318	True
GCF_965199435.1	MF6_001079	False
GCF_965199435.1	MF6_002734	True
GCF_965199435.1	MF6_003184	False
GCF_965199435.1	MF6_003684	False
GCF_965199435.1	MF6_003684_Cterm	False
GCF_965199435.1	MF6_003686	False
GCF_965199435.1	MF6_003843	True
GCF_965199435.1	MF6_004284	False
GCF_965199435.1	MF6_004284_Cterm	False
GCF_965199435.1	MF6_004285	False
GCF_965199435.1	MF6_004947	True
GCF_965199435.1	MF6_006318	True
GCF_965199445.1	MF6_001079	False
GCF_965199445.1	MF6_002734	True
GCF_965199445.1	MF6_003184	False
GCF_965199445.1	MF6_003684	False
GCF_965199445.1	MF6_003684_Cterm	False
GCF_965199445.1	MF6_003686	False
GCF_965199445.1	MF6_003843	True
GCF_965199445.1	MF6_004284	False
GCF_965199445.1	MF6_004284_Cterm	False
GCF_965199445.1	MF6_004285	False
GCF_965199445.1	MF6_004947	True
GCF_965199445.1	MF6_006318	True
GCF_965199455.1	MF6_001079	False
GCF_965199455.1	MF6_002734	True
GCF_965199455.1	MF6_003184	False
GCF_965199455.1	MF6_003684	False
GCF_965199455.1	MF6_003684_Cterm	False
GCF_965199455.1	MF6_003686	False
GCF_965199455.1	MF6_003843	True
GCF_965199455.1	MF6_004284	False
GCF_965199455.1	MF6_004284_Cterm	False
GCF_965199455.1	MF6_004285	False
GCF_965199455.1	MF6_004947	True
GCF_965199455.1	MF6_006318	True
GCF_965199515.1	MF6_001079	False
GCF_965199515.1	MF6_002734	True
GCF_965199515.1	MF6_003184	False
GCF_965199515.1	MF6_003684	False
GCF_965199515.1	MF6_003684_Cterm	False
GCF_965199515.1	MF6_003686	False
GCF_965199515.1	MF6_003843	True
GCF_965199515.1	MF6_004284	False
GCF_965199515.1	MF6_004284_Cterm	False
GCF_965199515.1	MF6_004285	False
GCF_965199515.1	MF6_004947	True
GCF_965199515.1	MF6_006318	True
GCF_965199545.1	MF6_001079	False
GCF_965199545.1	MF6_002734	True
GCF_965199545.1	MF6_003184	False
GCF_965199545.1	MF6_003684	False
GCF_965199545.1	MF6_003684_Cterm	False
GCF_965199545.1	MF6_003686	False
GCF_965199545.1	MF6_003843	True
GCF_965199545.1	MF6_004284	False
GCF_965199545.1	MF6_004284_Cterm	False
GCF_965199545.1	MF6_004285	False
GCF_965199545.1	MF6_004947	True
GCF_965199545.1	MF6_006318	True
GCF_965199625.1	MF6_001079	False
GCF_965199625.1	MF6_002734	True
GCF_965199625.1	MF6_003184	False
GCF_965199625.1	MF6_003684	False
GCF_965199625.1	MF6_003684_Cterm	False
GCF_965199625.1	MF6_003686	False
GCF_965199625.1	MF6_003843	True
GCF_965199625.1	MF6_004284	False
GCF_965199625.1	MF6_004284_Cterm	False
GCF_965199625.1	MF6_004285	False
GCF_965199625.1	MF6_004947	True
GCF_965199625.1	MF6_006318	True
GCF_965199835.1	MF6_001079	False
GCF_965199835.1	MF6_002734	True
GCF_965199835.1	MF6_003184	False
GCF_965199835.1	MF6_003684	False
GCF_965199835.1	MF6_003684_Cterm	False
GCF_965199835.1	MF6_003686	False
GCF_965199835.1	MF6_003843	True
GCF_965199835.1	MF6_004284	False
GCF_965199835.1	MF6_004284_Cterm	False
GCF_965199835.1	MF6_004285	False
GCF_965199835.1	MF6_004947	True
GCF_965199835.1	MF6_006318	True
GCF_965199925.1	MF6_001079	False
GCF_965199925.1	MF6_002734	True
GCF_965199925.1	MF6_003184	False
GCF_965199925.1	MF6_003684	False
GCF_965199925.1	MF6_003684_Cterm	False
GCF_965199925.1	MF6_003686	False
GCF_965199925.1	MF6_003843	True
GCF_965199925.1	MF6_004284	False
GCF_965199925.1	MF6_004284_Cterm	False
GCF_965199925.1	MF6_004285	False
GCF_965199925.1	MF6_004947	True
GCF_965199925.1	MF6_006318	True
GCF_965201125.1	MF6_001079	False
GCF_965201125.1	MF6_002734	True
GCF_965201125.1	MF6_003184	False
GCF_965201125.1	MF6_003684	False
GCF_965201125.1	MF6_003684_Cterm	False
GCF_965201125.1	MF6_003686	False
GCF_965201125.1	MF6_003843	True
GCF_965201125.1	MF6_004284	False
GCF_965201125.1	MF6_004284_Cterm	False
GCF_965201125.1	MF6_004285	False
GCF_965201125.1	MF6_004947	True
GCF_965201125.1	MF6_006318	True
GCF_965202565.1	MF6_001079	False
GCF_965202565.1	MF6_002734	True
GCF_965202565.1	MF6_003184	False
GCF_965202565.1	MF6_003684	False
GCF_965202565.1	MF6_003684_Cterm	False
GCF_965202565.1	MF6_003686	False
GCF_965202565.1	MF6_003843	True
GCF_965202565.1	MF6_004284	False
GCF_965202565.1	MF6_004284_Cterm	False
GCF_965202565.1	MF6_004285	False
GCF_965202565.1	MF6_004947	True
GCF_965202565.1	MF6_006318	True
GCF_965211575.1	MF6_001079	False
GCF_965211575.1	MF6_002734	True
GCF_965211575.1	MF6_003184	False
GCF_965211575.1	MF6_003684	False
GCF_965211575.1	MF6_003684_Cterm	False
GCF_965211575.1	MF6_003686	False
GCF_965211575.1	MF6_003843	True
GCF_965211575.1	MF6_004284	False
GCF_965211575.1	MF6_004284_Cterm	False
GCF_965211575.1	MF6_004285	False
GCF_965211575.1	MF6_004947	True
GCF_965211575.1	MF6_006318	True
GCF_965211595.1	MF6_001079	False
GCF_965211595.1	MF6_002734	True
GCF_965211595.1	MF6_003184	False
GCF_965211595.1	MF6_003684	False
GCF_965211595.1	MF6_003684_Cterm	False
GCF_965211595.1	MF6_003686	False
GCF_965211595.1	MF6_003843	True
GCF_965211595.1	MF6_004284	False
GCF_965211595.1	MF6_004284_Cterm	False
GCF_965211595.1	MF6_004285	False
GCF_965211595.1	MF6_004947	True
GCF_965211595.1	MF6_006318	True
GCF_980295165.1	MF6_001079	False
GCF_980295165.1	MF6_002734	True
GCF_980295165.1	MF6_003184	False
GCF_980295165.1	MF6_003684	False
GCF_980295165.1	MF6_003684_Cterm	False
GCF_980295165.1	MF6_003686	False
GCF_980295165.1	MF6_003843	True
GCF_980295165.1	MF6_004284	False
GCF_980295165.1	MF6_004284_Cterm	False
GCF_980295165.1	MF6_004285	False
GCF_980295165.1	MF6_004947	True
GCF_980295165.1	MF6_006318	True
GCF_980300355.1	MF6_001079	False
GCF_980300355.1	MF6_002734	True
GCF_980300355.1	MF6_003184	False
GCF_980300355.1	MF6_003684	False
GCF_980300355.1	MF6_003684_Cterm	False
GCF_980300355.1	MF6_003686	False
GCF_980300355.1	MF6_003843	True
GCF_980300355.1	MF6_004284	False
GCF_980300355.1	MF6_004284_Cterm	False
GCF_980300355.1	MF6_004285	False
GCF_980300355.1	MF6_004947	True
GCF_980300355.1	MF6_006318	True
GCF_980300905.1	MF6_001079	False
GCF_980300905.1	MF6_002734	True
GCF_980300905.1	MF6_003184	True
GCF_980300905.1	MF6_003684	False
GCF_980300905.1	MF6_003684_Cterm	False
GCF_980300905.1	MF6_003686	False
GCF_980300905.1	MF6_003843	True
GCF_980300905.1	MF6_004284	False
GCF_980300905.1	MF6_004284_Cterm	False
GCF_980300905.1	MF6_004285	False
GCF_980300905.1	MF6_004947	True
GCF_980300905.1	MF6_006318	True
GCF_980300945.1	MF6_001079	False
GCF_980300945.1	MF6_002734	True
GCF_980300945.1	MF6_003184	True
GCF_980300945.1	MF6_003684	False
GCF_980300945.1	MF6_003684_Cterm	False
GCF_980300945.1	MF6_003686	False
GCF_980300945.1	MF6_003843	True
GCF_980300945.1	MF6_004284	False
GCF_980300945.1	MF6_004284_Cterm	False
GCF_980300945.1	MF6_004285	False
GCF_980300945.1	MF6_004947	True
GCF_980300945.1	MF6_006318	True
GCF_980300965.1	MF6_001079	False
GCF_980300965.1	MF6_002734	True
GCF_980300965.1	MF6_003184	False
GCF_980300965.1	MF6_003684	False
GCF_980300965.1	MF6_003684_Cterm	False
GCF_980300965.1	MF6_003686	False
GCF_980300965.1	MF6_003843	True
GCF_980300965.1	MF6_004284	False
GCF_980300965.1	MF6_004284_Cterm	False
GCF_980300965.1	MF6_004285	False
GCF_980300965.1	MF6_004947	True
GCF_980300965.1	MF6_006318	True
GCF_984667665.1	MF6_001079	False
GCF_984667665.1	MF6_002734	True
GCF_984667665.1	MF6_003184	False
GCF_984667665.1	MF6_003684	False
GCF_984667665.1	MF6_003684_Cterm	False
GCF_984667665.1	MF6_003686	False
GCF_984667665.1	MF6_003843	True
GCF_984667665.1	MF6_004284	False
GCF_984667665.1	MF6_004284_Cterm	False
GCF_984667665.1	MF6_004285	False
GCF_984667665.1	MF6_004947	True
GCF_984667665.1	MF6_006318	True
GCF_984667675.1	MF6_001079	False
GCF_984667675.1	MF6_002734	True
GCF_984667675.1	MF6_003184	False
GCF_984667675.1	MF6_003684	False
GCF_984667675.1	MF6_003684_Cterm	False
GCF_984667675.1	MF6_003686	False
GCF_984667675.1	MF6_003843	True
GCF_984667675.1	MF6_004284	False
GCF_984667675.1	MF6_004284_Cterm	False
GCF_984667675.1	MF6_004285	False
GCF_984667675.1	MF6_004947	True
GCF_984667675.1	MF6_006318	True
GCF_984667725.1	MF6_001079	False
GCF_984667725.1	MF6_002734	True
GCF_984667725.1	MF6_003184	False
GCF_984667725.1	MF6_003684	False
GCF_984667725.1	MF6_003684_Cterm	False
GCF_984667725.1	MF6_003686	False
GCF_984667725.1	MF6_003843	True
GCF_984667725.1	MF6_004284	False
GCF_984667725.1	MF6_004284_Cterm	False
GCF_984667725.1	MF6_004285	False
GCF_984667725.1	MF6_004947	True
GCF_984667725.1	MF6_006318	True
GCF_984667835.1	MF6_001079	False
GCF_984667835.1	MF6_002734	True
GCF_984667835.1	MF6_003184	False
GCF_984667835.1	MF6_003684	False
GCF_984667835.1	MF6_003684_Cterm	False
GCF_984667835.1	MF6_003686	False
GCF_984667835.1	MF6_003843	True
GCF_984667835.1	MF6_004284	False
GCF_984667835.1	MF6_004284_Cterm	False
GCF_984667835.1	MF6_004285	False
GCF_984667835.1	MF6_004947	True
GCF_984667835.1	MF6_006318	True
GCF_984667895.1	MF6_001079	False
GCF_984667895.1	MF6_002734	True
GCF_984667895.1	MF6_003184	False
GCF_984667895.1	MF6_003684	False
GCF_984667895.1	MF6_003684_Cterm	False
GCF_984667895.1	MF6_003686	False
GCF_984667895.1	MF6_003843	True
GCF_984667895.1	MF6_004284	False
GCF_984667895.1	MF6_004284_Cterm	False
GCF_984667895.1	MF6_004285	False
GCF_984667895.1	MF6_004947	True
GCF_984667895.1	MF6_006318	True
GCF_984667945.1	MF6_001079	False
GCF_984667945.1	MF6_002734	True
GCF_984667945.1	MF6_003184	False
GCF_984667945.1	MF6_003684	False
GCF_984667945.1	MF6_003684_Cterm	False
GCF_984667945.1	MF6_003686	False
GCF_984667945.1	MF6_003843	True
GCF_984667945.1	MF6_004284	False
GCF_984667945.1	MF6_004284_Cterm	False
GCF_984667945.1	MF6_004285	False
GCF_984667945.1	MF6_004947	True
GCF_984667945.1	MF6_006318	True
GCF_984667955.1	MF6_001079	False
GCF_984667955.1	MF6_002734	True
GCF_984667955.1	MF6_003184	False
GCF_984667955.1	MF6_003684	False
GCF_984667955.1	MF6_003684_Cterm	False
GCF_984667955.1	MF6_003686	False
GCF_984667955.1	MF6_003843	False
GCF_984667955.1	MF6_004284	False
GCF_984667955.1	MF6_004284_Cterm	False
GCF_984667955.1	MF6_004285	False
GCF_984667955.1	MF6_004947	True
GCF_984667955.1	MF6_006318	True
GCF_984667975.1	MF6_001079	False
GCF_984667975.1	MF6_002734	True
GCF_984667975.1	MF6_003184	False
GCF_984667975.1	MF6_003684	False
GCF_984667975.1	MF6_003684_Cterm	False
GCF_984667975.1	MF6_003686	False
GCF_984667975.1	MF6_003843	True
GCF_984667975.1	MF6_004284	False
GCF_984667975.1	MF6_004284_Cterm	False
GCF_984667975.1	MF6_004285	False
GCF_984667975.1	MF6_004947	True
GCF_984667975.1	MF6_006318	True
GCF_984668005.1	MF6_001079	False
GCF_984668005.1	MF6_002734	True
GCF_984668005.1	MF6_003184	False
GCF_984668005.1	MF6_003684	False
GCF_984668005.1	MF6_003684_Cterm	False
GCF_984668005.1	MF6_003686	False
GCF_984668005.1	MF6_003843	True
GCF_984668005.1	MF6_004284	False
GCF_984668005.1	MF6_004284_Cterm	False
GCF_984668005.1	MF6_004285	False
GCF_984668005.1	MF6_004947	True
GCF_984668005.1	MF6_006318	True
GCF_984668195.1	MF6_001079	False
GCF_984668195.1	MF6_002734	True
GCF_984668195.1	MF6_003184	False
GCF_984668195.1	MF6_003684	False
GCF_984668195.1	MF6_003684_Cterm	False
GCF_984668195.1	MF6_003686	False
GCF_984668195.1	MF6_003843	True
GCF_984668195.1	MF6_004284	False
GCF_984668195.1	MF6_004284_Cterm	False
GCF_984668195.1	MF6_004285	False
GCF_984668195.1	MF6_004947	True
GCF_984668195.1	MF6_006318	True
GCF_984668265.1	MF6_001079	False
GCF_984668265.1	MF6_002734	True
GCF_984668265.1	MF6_003184	False
GCF_984668265.1	MF6_003684	False
GCF_984668265.1	MF6_003684_Cterm	False
GCF_984668265.1	MF6_003686	False
GCF_984668265.1	MF6_003843	True
GCF_984668265.1	MF6_004284	False
GCF_984668265.1	MF6_004284_Cterm	False
GCF_984668265.1	MF6_004285	False
GCF_984668265.1	MF6_004947	True
GCF_984668265.1	MF6_006318	True
GCF_984668355.1	MF6_001079	False
GCF_984668355.1	MF6_002734	True
GCF_984668355.1	MF6_003184	False
GCF_984668355.1	MF6_003684	False
GCF_984668355.1	MF6_003684_Cterm	False
GCF_984668355.1	MF6_003686	False
GCF_984668355.1	MF6_003843	True
GCF_984668355.1	MF6_004284	False
GCF_984668355.1	MF6_004284_Cterm	False
GCF_984668355.1	MF6_004285	False
GCF_984668355.1	MF6_004947	True
GCF_984668355.1	MF6_006318	True
GCF_984668395.1	MF6_001079	False
GCF_984668395.1	MF6_002734	True
GCF_984668395.1	MF6_003184	False
GCF_984668395.1	MF6_003684	False
GCF_984668395.1	MF6_003684_Cterm	False
GCF_984668395.1	MF6_003686	False
GCF_984668395.1	MF6_003843	True
GCF_984668395.1	MF6_004284	False
GCF_984668395.1	MF6_004284_Cterm	False
GCF_984668395.1	MF6_004285	False
GCF_984668395.1	MF6_004947	True
GCF_984668395.1	MF6_006318	True
GCF_984668525.1	MF6_001079	False
GCF_984668525.1	MF6_002734	True
GCF_984668525.1	MF6_003184	True
GCF_984668525.1	MF6_003684	False
GCF_984668525.1	MF6_003684_Cterm	False
GCF_984668525.1	MF6_003686	False
GCF_984668525.1	MF6_003843	True
GCF_984668525.1	MF6_004284	False
GCF_984668525.1	MF6_004284_Cterm	False
GCF_984668525.1	MF6_004285	False
GCF_984668525.1	MF6_004947	True
GCF_984668525.1	MF6_006318	True
GCF_984669265.1	MF6_001079	False
GCF_984669265.1	MF6_002734	True
GCF_984669265.1	MF6_003184	False
GCF_984669265.1	MF6_003684	False
GCF_984669265.1	MF6_003684_Cterm	False
GCF_984669265.1	MF6_003686	False
GCF_984669265.1	MF6_003843	True
GCF_984669265.1	MF6_004284	False
GCF_984669265.1	MF6_004284_Cterm	False
GCF_984669265.1	MF6_004285	False
GCF_984669265.1	MF6_004947	True
GCF_984669265.1	MF6_006318	True
GCF_984669325.1	MF6_001079	False
GCF_984669325.1	MF6_002734	True
GCF_984669325.1	MF6_003184	False
GCF_984669325.1	MF6_003684	False
GCF_984669325.1	MF6_003684_Cterm	False
GCF_984669325.1	MF6_003686	False
GCF_984669325.1	MF6_003843	False
GCF_984669325.1	MF6_004284	False
GCF_984669325.1	MF6_004284_Cterm	False
GCF_984669325.1	MF6_004285	False
GCF_984669325.1	MF6_004947	True
GCF_984669325.1	MF6_006318	True
GCF_984669335.1	MF6_001079	False
GCF_984669335.1	MF6_002734	True
GCF_984669335.1	MF6_003184	False
GCF_984669335.1	MF6_003684	False
GCF_984669335.1	MF6_003684_Cterm	False
GCF_984669335.1	MF6_003686	False
GCF_984669335.1	MF6_003843	True
GCF_984669335.1	MF6_004284	False
GCF_984669335.1	MF6_004284_Cterm	False
GCF_984669335.1	MF6_004285	False
GCF_984669335.1	MF6_004947	True
GCF_984669335.1	MF6_006318	True
GCF_984669415.1	MF6_001079	False
GCF_984669415.1	MF6_002734	True
GCF_984669415.1	MF6_003184	False
GCF_984669415.1	MF6_003684	False
GCF_984669415.1	MF6_003684_Cterm	False
GCF_984669415.1	MF6_003686	False
GCF_984669415.1	MF6_003843	True
GCF_984669415.1	MF6_004284	False
GCF_984669415.1	MF6_004284_Cterm	False
GCF_984669415.1	MF6_004285	False
GCF_984669415.1	MF6_004947	True
GCF_984669415.1	MF6_006318	True
GCF_984669565.1	MF6_001079	False
GCF_984669565.1	MF6_002734	True
GCF_984669565.1	MF6_003184	False
GCF_984669565.1	MF6_003684	False
GCF_984669565.1	MF6_003684_Cterm	False
GCF_984669565.1	MF6_003686	False
GCF_984669565.1	MF6_003843	True
GCF_984669565.1	MF6_004284	False
GCF_984669565.1	MF6_004284_Cterm	False
GCF_984669565.1	MF6_004285	False
GCF_984669565.1	MF6_004947	True
GCF_984669565.1	MF6_006318	True
GCF_984669585.1	MF6_001079	False
GCF_984669585.1	MF6_002734	True
GCF_984669585.1	MF6_003184	False
GCF_984669585.1	MF6_003684	False
GCF_984669585.1	MF6_003684_Cterm	False
GCF_984669585.1	MF6_003686	False
GCF_984669585.1	MF6_003843	True
GCF_984669585.1	MF6_004284	False
GCF_984669585.1	MF6_004284_Cterm	False
GCF_984669585.1	MF6_004285	False
GCF_984669585.1	MF6_004947	True
GCF_984669585.1	MF6_006318	True
GCF_984669685.1	MF6_001079	False
GCF_984669685.1	MF6_002734	True
GCF_984669685.1	MF6_003184	False
GCF_984669685.1	MF6_003684	False
GCF_984669685.1	MF6_003684_Cterm	False
GCF_984669685.1	MF6_003686	False
GCF_984669685.1	MF6_003843	True
GCF_984669685.1	MF6_004284	False
GCF_984669685.1	MF6_004284_Cterm	False
GCF_984669685.1	MF6_004285	False
GCF_984669685.1	MF6_004947	True
GCF_984669685.1	MF6_006318	True
GCF_984669705.1	MF6_001079	False
GCF_984669705.1	MF6_002734	True
GCF_984669705.1	MF6_003184	False
GCF_984669705.1	MF6_003684	False
GCF_984669705.1	MF6_003684_Cterm	False
GCF_984669705.1	MF6_003686	False
GCF_984669705.1	MF6_003843	True
GCF_984669705.1	MF6_004284	False
GCF_984669705.1	MF6_004284_Cterm	False
GCF_984669705.1	MF6_004285	False
GCF_984669705.1	MF6_004947	True
GCF_984669705.1	MF6_006318	True
GCF_984671675.1	MF6_001079	False
GCF_984671675.1	MF6_002734	True
GCF_984671675.1	MF6_003184	False
GCF_984671675.1	MF6_003684	False
GCF_984671675.1	MF6_003684_Cterm	False
GCF_984671675.1	MF6_003686	False
GCF_984671675.1	MF6_003843	False
GCF_984671675.1	MF6_004284	False
GCF_984671675.1	MF6_004284_Cterm	False
GCF_984671675.1	MF6_004285	False
GCF_984671675.1	MF6_004947	True
GCF_984671675.1	MF6_006318	True
GCF_984671695.1	MF6_001079	False
GCF_984671695.1	MF6_002734	True
GCF_984671695.1	MF6_003184	False
GCF_984671695.1	MF6_003684	False
GCF_984671695.1	MF6_003684_Cterm	False
GCF_984671695.1	MF6_003686	False
GCF_984671695.1	MF6_003843	False
GCF_984671695.1	MF6_004284	False
GCF_984671695.1	MF6_004284_Cterm	False
GCF_984671695.1	MF6_004285	False
GCF_984671695.1	MF6_004947	True
GCF_984671695.1	MF6_006318	True
MF6	MF6_001079	True
MF6	MF6_002734	True
MF6	MF6_003184	True
MF6	MF6_003684	True
MF6	MF6_003684_Cterm	True
MF6	MF6_003686	True
MF6	MF6_003843	True
MF6	MF6_004284	True
MF6	MF6_004284_Cterm	True
MF6	MF6_004285	True
MF6	MF6_004947	True
MF6	MF6_006318	True
MF7	MF6_001079	True
MF7	MF6_002734	True
MF7	MF6_003184	True
MF7	MF6_003684	True
MF7	MF6_003684_Cterm	True
MF7	MF6_003686	True
MF7	MF6_003843	True
MF7	MF6_004284	True
MF7	MF6_004284_Cterm	True
MF7	MF6_004285	True
MF7	MF6_004947	True
MF7	MF6_006318	True
